timestamp,cpu_total_pct,mem_used_mb,mem_total_mb,pg_active,pg_idle,pg_cache_hit_ratio,pg_tps_delta,target_pid_cpu_pct,target_pid_mem_mb
2026-05-23T09:43:51,0.9,2555,7941,0,1,99.99,1,0.0,82.6
2026-05-23T09:43:56,9.3,2666,7941,0,2,99.99,7,6.2,158.1
2026-05-23T09:44:01,3.9,1491,7941,0,3,99.99,3,0.4,159.8
2026-05-23T09:44:07,5.6,1455,7941,0,3,99.99,8,3.6,159.2
2026-05-23T09:44:12,3.9,1438,7941,0,3,99.99,4,2.4,160.5
2026-05-23T09:44:17,6.3,1468,7941,0,8,99.99,10,4.0,160.2
2026-05-23T09:44:22,5.9,1456,7941,0,8,99.99,10,4.2,160.6
2026-05-23T09:44:28,8.0,1444,7941,0,8,99.99,15,5.7,163.0
2026-05-23T09:44:33,7.3,1447,7941,0,8,99.99,7,5.5,164.2
2026-05-23T09:44:38,9.0,1449,7941,0,8,99.99,16,7.0,165.7
2026-05-23T09:44:43,7.3,1458,7941,0,8,99.99,10,5.7,166.7
2026-05-23T09:44:49,7.6,1452,7941,0,8,99.99,17,5.5,167.6
2026-05-23T09:44:54,11.2,1454,7941,0,8,99.99,18,9.7,169.4
2026-05-23T09:44:59,8.0,1455,7941,0,8,99.99,12,5.9,170.7
2026-05-23T09:45:04,13.5,1450,7941,0,8,99.99,15,12.6,170.7
2026-05-23T09:45:10,14.5,1456,7941,0,8,99.99,12,12.8,171.4
2026-05-23T09:45:15,9.3,1462,7941,0,8,99.99,23,7.0,176.0
2026-05-23T09:45:20,10.7,1471,7941,0,10,99.99,15,8.6,178.3
2026-05-23T09:45:26,13.9,1466,7941,0,8,99.99,21,12.0,177.8
2026-05-23T09:45:31,11.2,1463,7941,0,8,99.99,10,9.7,177.9
2026-05-23T09:45:36,14.1,1459,7941,1,7,99.99,27,12.1,177.9
2026-05-23T09:45:41,14.9,1467,7941,0,8,99.99,22,12.8,178.4
2026-05-23T09:45:47,14.3,1459,7941,0,8,99.99,27,12.0,183.1
2026-05-23T09:45:52,17.6,1452,7941,0,8,99.99,16,16.0,188.5
2026-05-23T09:45:57,16.2,1451,7941,0,8,99.99,33,14.6,191.0
2026-05-23T09:46:02,20.4,1458,7941,0,8,99.99,21,19.0,191.1
2026-05-23T09:46:08,16.8,1461,7941,0,8,99.99,30,14.8,191.3
2026-05-23T09:46:13,19.8,1467,7941,0,8,99.99,26,18.1,192.9
2026-05-23T09:46:18,17.4,1458,7941,0,8,99.99,29,15.5,193.7
2026-05-23T09:46:23,17.3,1459,7941,0,8,99.99,19,15.7,190.1
2026-05-23T09:46:29,20.9,1467,7941,0,8,99.99,35,18.9,194.9
2026-05-23T09:46:34,21.8,1468,7941,0,9,99.99,29,19.9,195.0
2026-05-23T09:46:39,20.2,1474,7941,0,9,99.99,31,18.4,195.1
2026-05-23T09:46:44,22.1,1462,7941,0,8,99.99,33,20.1,195.1
2026-05-23T09:46:50,25.5,1471,7941,0,10,99.99,31,23.5,196.4
2026-05-23T09:46:55,20.7,1469,7941,0,10,99.99,33,18.8,196.7
2026-05-23T09:47:00,22.9,1470,7941,0,10,99.99,30,21.3,196.7
2026-05-23T09:47:05,19.1,1458,7941,0,8,99.99,33,16.8,196.8
2026-05-23T09:47:11,33.0,1460,7941,0,9,99.99,33,31.5,196.8
2026-05-23T09:47:16,23.6,1455,7941,0,8,99.99,43,21.6,196.9
2026-05-23T09:47:21,26.8,1462,7941,0,9,99.99,36,24.7,196.9
2026-05-23T09:47:26,25.8,1472,7941,1,8,99.99,44,23.8,198.3
2026-05-23T09:47:32,25.0,1472,7941,0,9,99.99,28,23.0,198.3
2026-05-23T09:47:37,28.7,1466,7941,0,8,99.99,46,27.0,198.4
2026-05-23T09:47:42,26.4,1476,7941,0,10,99.99,35,24.6,198.4
2026-05-23T09:47:47,30.0,1473,7941,0,10,99.99,53,28.0,198.4
2026-05-23T09:47:53,29.3,1469,7941,0,10,99.99,44,27.0,198.6
2026-05-23T09:47:58,32.3,1471,7941,0,10,99.99,41,30.4,198.6
2026-05-23T09:48:03,31.2,1482,7941,0,10,99.99,48,29.6,198.6
2026-05-23T09:48:08,32.4,1480,7941,0,9,99.99,54,30.9,198.6
2026-05-23T09:48:14,30.3,1471,7941,0,10,99.99,49,28.4,198.7
2026-05-23T09:48:19,30.5,1476,7941,0,10,99.99,46,28.6,199.2
2026-05-23T09:48:24,34.6,1474,7941,0,10,99.99,49,32.8,199.2
2026-05-23T09:48:29,31.6,1471,7941,0,9,99.99,44,29.8,199.2
2026-05-23T09:48:35,32.2,1463,7941,0,9,99.99,55,29.8,199.3
2026-05-23T09:48:40,40.5,1468,7941,0,11,99.99,51,39.1,199.4
2026-05-23T09:48:45,30.8,1476,7941,0,11,99.99,56,28.3,199.4
2026-05-23T09:48:50,32.4,1468,7941,0,10,99.99,55,30.8,199.4
2026-05-23T09:48:56,37.4,1466,7941,0,9,99.99,45,35.6,199.5
2026-05-23T09:49:01,31.2,1354,7941,0,11,99.99,50,29.4,199.5
2026-05-23T09:49:06,34.2,1345,7941,0,11,99.99,57,31.8,199.5
2026-05-23T09:49:11,37.2,1336,7941,0,8,99.99,44,35.7,199.6
2026-05-23T09:49:17,36.7,1349,7941,0,10,99.99,47,34.7,199.6
2026-05-23T09:49:22,36.0,1346,7941,0,10,99.99,61,33.9,199.6
2026-05-23T09:49:27,31.3,1346,7941,0,10,99.99,54,29.2,199.7
2026-05-23T09:49:32,30.4,1346,7941,0,10,99.99,43,28.6,199.8
2026-05-23T09:49:37,41.0,1342,7941,0,9,99.99,61,39.6,199.8
2026-05-23T09:49:43,33.6,1348,7941,0,10,99.99,56,31.6,199.8
2026-05-23T09:49:48,43.9,1343,7941,0,10,99.99,59,42.5,200.1
2026-05-23T09:49:53,33.6,1351,7941,0,10,99.99,42,32.1,200.3
2026-05-23T09:49:58,25.9,1341,7941,0,9,99.99,45,23.6,200.3
2026-05-23T09:50:04,42.8,1352,7941,0,9,99.99,57,43.5,200.3
2026-05-23T09:50:09,36.1,1346,7941,0,9,99.99,45,33.6,200.8
2026-05-23T09:50:14,35.5,1355,7941,0,9,99.99,53,33.4,200.8
2026-05-23T09:50:20,37.0,1354,7941,1,10,99.99,56,34.7,200.8
2026-05-23T09:50:25,36.9,1351,7941,0,11,99.99,59,35.0,200.8
2026-05-23T09:50:30,32.7,1342,7941,0,9,99.99,44,30.6,200.9
2026-05-23T09:50:35,37.2,1347,7941,1,8,99.99,69,35.5,201.0
2026-05-23T09:50:41,42.1,1355,7941,0,11,99.99,54,40.2,201.0
2026-05-23T09:50:46,35.1,1353,7941,0,11,99.99,57,33.1,201.0
2026-05-23T09:50:51,32.9,1344,7941,0,9,99.99,51,31.6,201.1
2026-05-23T09:50:56,37.3,1345,7941,0,10,99.99,58,35.5,201.1
2026-05-23T09:51:02,32.5,1339,7941,0,9,99.99,51,30.6,201.2
2026-05-23T09:51:07,38.8,1353,7941,0,10,99.99,57,36.8,201.2
2026-05-23T09:51:12,36.8,1349,7941,0,9,99.99,61,34.9,201.3
2026-05-23T09:51:17,37.4,1346,7941,0,10,99.99,55,35.3,201.3
2026-05-23T09:51:23,32.5,1350,7941,0,10,99.99,56,30.4,201.4
2026-05-23T09:51:28,42.7,1345,7941,0,9,99.99,60,40.8,201.4
2026-05-23T09:51:33,33.0,1345,7941,0,9,99.99,51,31.2,201.5
2026-05-23T09:51:38,34.2,1346,7941,0,10,99.99,62,31.7,201.6
2026-05-23T09:51:44,36.5,1349,7941,0,10,99.99,54,35.1,201.7
2026-05-23T09:51:49,31.8,1341,7941,0,9,99.99,63,29.6,201.7
2026-05-23T09:51:54,37.0,1343,7941,0,10,99.99,42,35.1,201.7
2026-05-23T09:51:59,34.3,1346,7941,1,9,99.99,58,32.6,201.7
2026-05-23T09:52:04,34.9,1347,7941,0,9,99.99,51,32.9,202.6
2026-05-23T09:52:10,33.1,1340,7941,0,9,99.99,49,31.2,202.6
2026-05-23T09:52:15,36.4,1338,7941,0,8,99.99,59,34.4,202.7
2026-05-23T09:52:20,35.0,1343,7941,0,8,99.99,58,33.3,202.7
2026-05-23T09:52:25,38.1,1345,7941,0,9,99.99,56,36.1,202.7
2026-05-23T09:52:31,35.2,1352,7941,0,11,99.99,53,33.1,202.7
2026-05-23T09:52:36,40.9,1359,7941,0,11,99.99,65,39.5,202.8
2026-05-23T09:52:41,30.8,1361,7941,0,11,99.99,53,28.8,202.8
2026-05-23T09:52:47,41.0,1348,7941,0,11,99.99,54,39.4,202.8
2026-05-23T09:52:52,34.7,1355,7941,0,11,99.99,61,33.0,202.8
2026-05-23T09:52:57,37.2,1345,7941,0,9,99.99,64,35.4,202.8
2026-05-23T09:53:02,32.8,1354,7941,0,9,99.99,51,30.6,202.8
2026-05-23T09:53:07,33.9,1348,7941,0,9,99.99,55,32.0,202.8
2026-05-23T09:53:13,36.3,1348,7941,0,9,99.99,43,34.9,202.8
2026-05-23T09:53:18,32.0,1347,7941,0,9,99.99,45,30.3,202.8
2026-05-23T09:53:23,34.3,1348,7941,0,9,99.99,62,32.6,202.8
2026-05-23T09:53:28,35.6,1348,7941,0,10,99.99,56,33.9,202.8
2026-05-23T09:53:34,32.7,1350,7941,0,10,99.99,56,30.9,202.9
2026-05-23T09:53:39,34.4,1347,7941,0,8,99.99,56,32.7,202.9
2026-05-23T09:53:44,40.2,1346,7941,0,9,99.99,61,38.3,203.0
2026-05-23T09:53:49,37.9,1360,7941,0,11,99.99,49,36.2,203.0
2026-05-23T09:53:55,30.8,1352,7941,0,11,99.99,68,28.7,203.1
2026-05-23T09:54:00,41.1,1359,7941,0,11,99.99,54,39.6,203.1
2026-05-23T09:54:05,38.5,1344,7941,0,9,99.99,58,36.1,203.2
2026-05-23T09:54:11,37.1,1352,7941,0,9,99.99,58,35.7,203.2
2026-05-23T09:54:16,34.6,1354,7941,0,10,99.99,65,32.5,205.4
2026-05-23T09:54:21,33.2,1353,7941,0,10,99.99,42,31.4,205.4
2026-05-23T09:54:26,38.6,1343,7941,1,8,99.99,58,36.9,205.4
2026-05-23T09:54:32,29.0,1349,7941,0,10,99.99,47,26.9,205.4
2026-05-23T09:54:37,40.1,1358,7941,0,10,99.99,62,38.6,205.4
2026-05-23T09:54:42,29.3,1357,7941,0,9,99.99,47,27.5,205.5
2026-05-23T09:54:47,32.1,1353,7941,0,9,99.99,44,30.0,205.5
2026-05-23T09:54:53,36.3,1356,7941,0,11,99.99,49,34.9,205.6
2026-05-23T09:54:58,31.3,1362,7941,0,11,99.99,60,29.0,205.7
2026-05-23T09:55:03,40.3,1353,7941,0,10,99.99,46,38.9,205.7
2026-05-23T09:55:08,40.3,1353,7941,0,10,99.99,57,38.5,205.7
2026-05-23T09:55:14,36.0,1346,7941,0,9,99.99,62,34.2,205.7
2026-05-23T09:55:19,37.8,1354,7941,0,9,99.99,64,35.3,205.7
2026-05-23T09:55:24,36.5,1344,7941,0,9,99.99,54,34.6,205.7
2026-05-23T09:55:29,36.8,1357,7941,0,9,99.99,48,35.2,205.7
2026-05-23T09:55:35,35.9,1349,7941,0,9,99.99,61,33.9,205.7
2026-05-23T09:55:40,33.9,1357,7941,0,9,99.99,52,32.2,205.7
2026-05-23T09:55:45,29.8,1355,7941,0,9,99.99,62,27.3,205.7
2026-05-23T09:55:50,41.5,1352,7941,0,9,99.99,55,39.7,205.7
2026-05-23T09:55:56,38.4,1350,7941,0,8,99.99,53,36.6,205.7
2026-05-23T09:56:01,32.2,1358,7941,0,10,99.99,49,30.1,205.7
2026-05-23T09:56:06,41.2,1355,7941,0,11,99.99,63,39.5,205.7
2026-05-23T09:56:11,38.6,1356,7941,0,11,99.99,51,37.0,205.7
2026-05-23T09:56:17,36.7,1353,7941,0,10,99.99,58,35.2,205.7
2026-05-23T09:56:22,36.1,1355,7941,0,10,99.99,55,34.5,205.7
2026-05-23T09:56:27,39.3,1354,7941,0,9,99.99,54,37.6,205.7
2026-05-23T09:56:32,31.5,1354,7941,0,9,99.99,57,29.6,205.8
2026-05-23T09:56:38,36.8,1351,7941,0,9,99.99,55,34.8,205.8
2026-05-23T09:56:43,34.2,1351,7941,1,8,99.99,49,32.3,205.9
2026-05-23T09:56:48,33.2,1359,7941,0,9,99.99,54,31.2,205.9
2026-05-23T09:56:53,46.4,1357,7941,0,9,99.99,60,45.5,205.9
2026-05-23T09:56:59,31.6,1348,7941,0,9,99.99,47,29.6,205.9
2026-05-23T09:57:04,44.3,1347,7941,0,8,99.99,73,43.5,205.9
2026-05-23T09:57:09,35.6,1352,7941,0,9,99.99,46,33.6,205.9
2026-05-23T09:57:14,33.6,1354,7941,0,10,99.99,52,31.5,205.9
2026-05-23T09:57:20,39.7,1355,7941,0,10,99.99,62,37.5,205.9
2026-05-23T09:57:25,35.6,1355,7941,0,9,99.99,64,34.4,205.9
2026-05-23T09:57:30,35.1,1367,7941,0,11,99.99,41,33.9,205.9
2026-05-23T09:57:35,28.0,1355,7941,0,11,99.99,56,25.8,205.9
2026-05-23T09:57:41,39.6,1358,7941,0,10,99.99,46,38.0,205.9
2026-05-23T09:57:46,35.8,1358,7941,1,9,99.99,63,34.0,205.9
2026-05-23T09:57:51,34.2,1356,7941,0,9,99.99,45,33.0,205.9
2026-05-23T09:57:57,34.8,1366,7941,0,11,99.99,59,32.9,206.0
2026-05-23T09:58:02,40.3,1359,7941,0,11,99.99,58,38.4,206.0
2026-05-23T09:58:07,32.6,1353,7941,0,11,99.99,61,30.9,206.0
2026-05-23T09:58:12,41.0,1359,7941,0,11,99.99,49,39.6,206.0
2026-05-23T09:58:17,36.4,1354,7941,0,11,99.99,61,34.9,206.0
2026-05-23T09:58:23,36.3,1361,7941,0,10,99.99,57,34.8,206.0
2026-05-23T09:58:28,33.2,1350,7941,0,9,99.99,60,31.1,206.1
2026-05-23T09:58:33,39.9,1351,7941,0,10,99.99,47,38.2,206.1
2026-05-23T09:58:38,29.9,1352,7941,0,10,99.99,50,27.9,206.1
2026-05-23T09:58:44,41.8,1356,7941,0,10,99.99,62,40.5,206.2
2026-05-23T09:58:49,37.1,1345,7941,0,9,99.99,61,35.2,206.2
2026-05-23T09:58:54,37.5,1349,7941,0,9,99.99,56,35.9,206.2
2026-05-23T09:58:59,38.1,1354,7941,0,11,99.99,55,36.6,206.4
2026-05-23T09:59:05,36.5,1355,7941,0,11,99.99,54,34.5,206.4
2026-05-23T09:59:10,34.9,1354,7941,0,10,99.99,59,33.3,206.4
2026-05-23T09:59:15,36.8,1352,7941,0,10,99.99,57,34.6,206.4
2026-05-23T09:59:20,35.2,1347,7941,0,9,99.99,50,33.7,206.4
2026-05-23T09:59:26,34.9,1345,7941,0,8,99.99,57,32.9,206.4
2026-05-23T09:59:31,35.6,1349,7941,0,10,99.99,45,34.2,206.4
2026-05-23T09:59:36,26.7,1357,7941,0,10,99.99,50,24.5,206.4
2026-05-23T09:59:41,44.0,1355,7941,0,10,99.99,61,43.0,206.4
2026-05-23T09:59:47,35.2,1351,7941,0,10,99.99,57,33.5,206.4
2026-05-23T09:59:52,37.4,1347,7941,0,9,99.99,63,35.5,206.4
2026-05-23T09:59:57,33.6,1355,7941,0,9,99.99,54,31.9,206.4
2026-05-23T10:00:02,39.3,1359,7941,0,9,99.99,60,42.6,206.4
2026-05-23T10:00:08,55.0,1350,7941,1,8,99.99,54,62.3,206.4
2026-05-23T10:00:14,37.3,1356,7941,0,9,99.99,52,35.9,206.4
2026-05-23T10:00:19,36.4,1355,7941,0,9,99.99,53,34.2,206.7
2026-05-23T10:00:24,39.9,1353,7941,0,9,99.99,72,38.0,207.0
2026-05-23T10:00:30,32.1,1362,7941,0,9,99.99,38,30.5,207.0
2026-05-23T10:00:35,32.9,1353,7941,0,8,99.99,53,30.7,207.0
2026-05-23T10:00:40,29.9,1365,7941,1,11,99.99,48,28.1,207.0
2026-05-23T10:00:45,44.6,1367,7941,0,11,99.99,67,42.6,207.0
2026-05-23T10:00:51,33.8,1356,7941,0,8,99.99,50,32.4,207.0
2026-05-23T10:00:56,34.8,1353,7941,0,10,99.99,62,32.8,207.0
2026-05-23T10:01:01,36.4,1356,7941,0,9,99.99,49,34.5,207.0
2026-05-23T10:01:06,39.4,1354,7941,0,8,99.99,62,38.0,207.0
2026-05-23T10:01:12,33.3,1356,7941,0,8,99.99,42,31.6,207.0
2026-05-23T10:01:17,34.6,1358,7941,0,8,99.99,57,32.6,207.0
2026-05-23T10:01:22,31.2,1363,7941,0,8,99.99,47,29.2,207.1
2026-05-23T10:01:27,34.0,1359,7941,0,9,99.99,52,32.4,207.1
2026-05-23T10:01:32,37.2,1362,7941,0,9,99.99,45,35.9,207.1
2026-05-23T10:01:38,35.7,1352,7941,0,9,99.99,59,33.8,207.1
2026-05-23T10:01:43,39.0,1356,7941,0,9,99.99,59,37.4,207.1
2026-05-23T10:01:48,34.9,1352,7941,0,8,99.99,53,33.1,207.1
2026-05-23T10:01:53,35.1,1354,7941,0,8,99.99,59,33.7,207.1
2026-05-23T10:01:59,31.2,1359,7941,0,8,99.99,53,29.3,209.8
2026-05-23T10:02:04,35.2,1365,7941,0,9,99.99,56,33.5,209.8
2026-05-23T10:02:09,33.6,1358,7941,0,9,99.99,47,31.9,209.8
2026-05-23T10:02:14,39.1,1363,7941,0,8,99.99,54,37.5,209.9
2026-05-23T10:02:20,32.4,1365,7941,0,8,99.99,49,30.6,209.9
2026-05-23T10:02:25,33.9,1359,7941,0,9,99.99,54,32.2,209.9
2026-05-23T10:02:30,35.2,1359,7941,0,9,99.99,68,33.3,209.9
2026-05-23T10:02:35,36.0,1358,7941,0,9,99.99,47,34.8,209.9
2026-05-23T10:02:40,38.8,1377,7941,0,10,99.99,56,37.0,209.9
2026-05-23T10:02:46,37.6,1370,7941,0,10,99.99,67,35.4,209.9
2026-05-23T10:02:51,34.2,1353,7941,0,9,99.99,56,32.9,209.9
2026-05-23T10:02:56,30.1,1361,7941,0,9,99.99,55,27.8,209.9
2026-05-23T10:03:01,38.5,1367,7941,0,9,99.99,50,36.9,209.9
2026-05-23T10:03:07,33.0,1358,7941,1,8,99.99,56,31.3,210.0
2026-05-23T10:03:12,38.8,1361,7941,0,9,99.99,50,37.1,210.0
2026-05-23T10:03:17,31.2,1359,7941,0,9,99.99,57,29.5,210.0
2026-05-23T10:03:23,40.3,1357,7941,0,11,99.99,49,38.5,210.0
2026-05-23T10:03:28,32.2,1362,7941,0,11,99.99,69,30.0,210.0
2026-05-23T10:03:33,37.6,1351,7941,0,9,99.99,53,35.6,210.0
2026-05-23T10:03:38,39.9,1351,7941,0,9,99.99,55,38.9,210.0
2026-05-23T10:03:43,32.1,1356,7941,0,9,99.99,56,30.0,210.0
2026-05-23T10:03:49,41.2,1366,7941,0,11,99.99,53,39.2,210.0
2026-05-23T10:03:54,33.3,1370,7941,0,11,99.99,60,31.3,210.0
2026-05-23T10:03:59,35.1,1359,7941,0,9,99.99,62,33.3,210.0
2026-05-23T10:04:04,39.0,1353,7941,0,9,99.99,65,36.4,210.0
2026-05-23T10:04:10,34.5,1355,7941,0,8,99.99,45,33.2,210.0
2026-05-23T10:04:15,32.6,1350,7941,0,8,99.99,63,30.4,210.0
2026-05-23T10:04:20,35.9,1355,7941,0,8,99.99,48,34.6,210.0
2026-05-23T10:04:25,30.6,1356,7941,0,9,99.99,46,28.6,210.0
2026-05-23T10:04:31,33.2,1356,7941,0,9,99.99,53,31.1,210.0
2026-05-23T10:04:36,34.4,1352,7941,0,8,99.99,58,32.6,210.0
2026-05-23T10:04:41,40.7,1424,7941,1,9,99.99,54,34.6,210.0
2026-05-23T10:04:47,39.1,1390,7941,0,9,99.99,54,34.9,210.0
2026-05-23T10:04:52,35.2,1363,7941,0,9,99.99,50,33.8,210.0
2026-05-23T10:04:57,30.7,1370,7941,0,9,99.99,55,28.5,210.0
2026-05-23T10:05:02,41.2,1360,7941,1,8,99.99,61,40.5,210.0
2026-05-23T10:05:08,43.7,1359,7941,0,10,99.99,55,43.8,210.0
2026-05-23T10:05:13,35.6,1357,7941,0,9,99.99,55,33.4,210.0
2026-05-23T10:05:18,41.8,1356,7941,0,11,99.99,62,39.9,210.0
2026-05-23T10:05:24,38.0,1361,7941,0,11,99.99,56,36.0,210.0
2026-05-23T10:05:29,35.8,1360,7941,0,11,99.99,58,33.7,210.0
2026-05-23T10:05:34,35.0,1357,7941,0,8,99.99,63,32.8,210.0
2026-05-23T10:05:39,41.8,1355,7941,0,10,99.99,51,40.2,210.0
2026-05-23T10:05:45,35.3,1357,7941,0,10,99.99,65,33.0,210.0
2026-05-23T10:05:50,33.3,1353,7941,1,8,99.99,47,31.9,210.0
2026-05-23T10:05:55,42.3,1354,7941,0,8,99.99,67,40.8,210.0
2026-05-23T10:06:01,46.3,1356,7941,0,11,99.99,56,44.8,210.0
2026-05-23T10:06:06,37.8,1358,7941,1,10,99.99,62,35.1,210.0
2026-05-23T10:06:11,41.2,1355,7941,0,10,99.99,52,39.2,210.0
2026-05-23T10:06:16,36.9,1353,7941,0,9,99.99,63,34.5,210.0
2026-05-23T10:06:22,34.2,1354,7941,0,9,99.99,51,31.8,210.0
2026-05-23T10:06:27,31.6,1356,7941,0,9,99.99,42,29.3,210.0
2026-05-23T10:06:32,37.3,1356,7941,0,9,99.99,55,35.1,210.0
2026-05-23T10:06:38,39.6,1357,7941,0,11,99.99,72,36.9,210.0
2026-05-23T10:06:43,31.2,1359,7941,0,10,99.99,41,28.3,210.0
2026-05-23T10:06:48,40.6,1352,7941,0,10,99.99,65,38.6,210.0
2026-05-23T10:06:53,37.3,1355,7941,1,9,99.99,46,35.5,210.0
2026-05-23T10:06:59,37.6,1354,7941,0,10,99.99,67,35.6,210.0
2026-05-23T10:07:04,39.2,1354,7941,0,10,99.99,54,37.1,210.0
2026-05-23T10:07:09,41.9,1355,7941,0,10,99.99,51,40.8,210.0
2026-05-23T10:07:15,35.7,1358,7941,0,11,99.99,67,33.1,210.0
2026-05-23T10:07:20,38.0,1357,7941,0,11,99.99,51,35.5,210.0
2026-05-23T10:07:25,36.7,1356,7941,0,10,99.99,53,34.4,210.0
2026-05-23T10:07:31,32.7,1351,7941,0,9,99.99,52,30.4,210.0
2026-05-23T10:07:36,41.8,1362,7941,0,10,99.99,57,39.2,210.0
2026-05-23T10:07:41,37.8,1355,7941,0,10,99.99,49,36.1,210.0
2026-05-23T10:07:46,36.2,1358,7941,1,9,99.99,61,34.0,210.0
2026-05-23T10:07:52,36.5,1357,7941,0,10,99.99,50,34.5,210.1
2026-05-23T10:07:57,41.5,1358,7941,0,11,99.99,70,38.6,210.1
2026-05-23T10:08:02,40.6,1359,7941,0,10,99.99,61,38.5,210.1
2026-05-23T10:08:07,35.5,1354,7941,0,10,99.99,56,33.0,210.1
2026-05-23T10:08:13,35.0,1361,7941,0,10,99.99,48,32.6,210.1
2026-05-23T10:08:18,41.9,1354,7941,0,10,99.99,65,39.6,210.1
2026-05-23T10:08:23,40.4,1356,7941,0,9,99.99,51,38.1,210.1
2026-05-23T10:08:28,36.0,1351,7941,0,9,99.99,61,33.8,210.1
2026-05-23T10:08:34,41.6,1369,7941,0,12,99.99,61,38.9,210.1
2026-05-23T10:08:39,38.9,1361,7941,0,11,99.99,63,36.5,210.1
2026-05-23T10:08:44,42.6,1351,7941,0,9,99.99,60,40.1,210.1
2026-05-23T10:08:50,28.8,1358,7941,0,9,99.99,45,26.5,210.1
2026-05-23T10:08:55,35.9,1351,7941,0,9,99.99,57,33.4,210.1
2026-05-23T10:09:00,37.4,1359,7941,0,9,99.99,53,35.8,210.1
2026-05-23T10:09:05,49.1,1363,7941,0,11,99.99,57,47.4,210.1
2026-05-23T10:09:11,39.5,1362,7941,0,11,99.99,71,37.0,210.1
2026-05-23T10:09:16,34.6,1352,7941,0,10,99.99,64,31.9,210.1
2026-05-23T10:09:21,42.4,1358,7941,0,9,99.99,53,40.5,210.1
2026-05-23T10:09:26,36.3,1352,7941,0,10,99.99,55,33.7,210.1
2026-05-23T10:09:32,38.6,1357,7941,0,11,99.99,52,36.2,210.1
2026-05-23T10:09:37,34.0,1362,7941,0,11,99.99,61,32.1,210.1
2026-05-23T10:09:42,43.9,1353,7941,0,8,99.99,57,42.5,210.1
2026-05-23T10:09:48,33.0,1356,7941,0,8,99.99,46,30.9,210.1
2026-05-23T10:09:53,42.3,1367,7941,0,10,99.99,57,40.5,210.1
2026-05-23T10:09:58,37.4,1356,7941,0,10,99.99,58,35.6,210.1
2026-05-23T10:10:03,41.4,1362,7941,0,9,99.99,46,43.0,210.1
2026-05-23T10:10:09,41.5,1376,7941,0,11,99.99,60,39.6,210.1
2026-05-23T10:10:14,45.4,1366,7941,0,11,99.99,63,43.1,210.1
2026-05-23T10:10:19,35.7,1368,7941,0,11,99.99,50,33.5,210.1
2026-05-23T10:10:25,41.3,1367,7941,0,11,99.99,64,39.3,210.1
2026-05-23T10:10:30,33.0,1370,7941,0,11,99.99,53,30.9,210.1
2026-05-23T10:10:35,41.0,1359,7941,0,9,99.99,54,39.1,210.1
2026-05-23T10:10:40,36.3,1370,7941,0,9,99.99,43,34.5,210.1
2026-05-23T10:10:46,39.8,1362,7941,0,11,99.99,63,37.2,210.1
2026-05-23T10:10:51,41.5,1365,7941,0,11,99.99,57,40.1,210.1
2026-05-23T10:10:56,37.9,1358,7941,0,9,99.99,55,35.9,210.1
2026-05-23T10:11:02,41.2,1363,7941,0,9,99.99,64,38.9,210.1
2026-05-23T10:11:07,38.8,1355,7941,0,9,99.99,67,37.6,210.1
2026-05-23T10:11:12,41.5,1359,7941,0,9,99.99,53,39.8,210.1
2026-05-23T10:11:18,44.8,1368,7941,0,9,99.99,62,42.5,210.2
2026-05-23T10:11:23,37.2,1366,7941,0,9,99.99,60,35.0,210.2
2026-05-23T10:11:28,34.7,1359,7941,0,9,99.99,56,32.5,210.2
2026-05-23T10:11:33,41.0,1368,7941,0,10,99.99,60,39.1,210.2
2026-05-23T10:11:39,40.1,1355,7941,0,8,99.99,53,38.0,210.2
2026-05-23T10:11:44,35.5,1358,7941,0,9,99.99,68,32.9,210.2
2026-05-23T10:11:49,42.0,1367,7941,0,11,99.99,49,40.6,210.2
2026-05-23T10:11:55,38.5,1369,7941,0,11,99.99,63,36.6,210.2
2026-05-23T10:12:00,36.4,1367,7941,0,10,99.99,50,34.2,210.2
2026-05-23T10:12:05,42.8,1371,7941,0,10,99.99,55,42.9,210.2
2026-05-23T10:12:11,42.5,1378,7941,0,11,99.99,51,40.6,210.2
2026-05-23T10:12:16,27.9,1374,7941,0,11,99.99,47,25.8,210.2
2026-05-23T10:12:21,37.5,1360,7941,0,9,99.99,51,35.7,210.2
2026-05-23T10:12:26,40.6,1358,7941,0,9,99.99,73,38.2,210.2
2026-05-23T10:12:32,37.5,1362,7941,0,9,99.99,54,35.9,210.2
2026-05-23T10:12:37,36.3,1358,7941,0,8,99.99,64,34.2,210.2
2026-05-23T10:12:42,44.1,1368,7941,0,8,99.99,49,42.7,211.5
2026-05-23T10:12:47,29.9,1365,7941,0,9,99.99,55,27.7,211.5
2026-05-23T10:12:53,37.9,1369,7941,0,11,99.99,54,36.2,211.5
2026-05-23T10:12:58,45.7,1371,7941,0,11,99.99,66,44.1,211.5
2026-05-23T10:13:03,34.8,1371,7941,0,10,99.99,55,32.7,211.5
2026-05-23T10:13:08,33.3,1371,7941,0,10,99.99,69,31.2,211.5
2026-05-23T10:13:14,36.3,1379,7941,0,10,99.99,46,34.4,211.6
2026-05-23T10:13:19,36.9,1357,7941,0,8,99.99,65,35.0,211.6
2026-05-23T10:13:24,35.5,1365,7941,0,11,99.99,61,33.1,211.6
2026-05-23T10:13:29,40.8,1372,7941,0,11,99.99,46,39.4,211.6
2026-05-23T10:13:35,41.1,1362,7941,0,9,99.99,69,39.1,211.6
2026-05-23T10:13:40,28.8,1368,7941,0,9,99.99,53,26.9,211.6
2026-05-23T10:13:45,41.7,1362,7941,0,9,99.99,61,39.9,211.6
2026-05-23T10:13:50,41.2,1366,7941,0,9,99.99,64,38.4,211.6
2026-05-23T10:13:55,44.3,1368,7941,0,9,99.99,69,42.4,211.6
2026-05-23T10:14:01,27.4,1369,7941,0,9,99.99,47,25.7,211.6
2026-05-23T10:14:06,36.2,1369,7941,0,9,99.99,68,34.2,211.6
2026-05-23T10:14:11,29.4,1375,7941,0,8,99.99,43,27.8,211.6
2026-05-23T10:14:16,41.5,1374,7941,1,7,99.99,60,40.0,211.7
2026-05-23T10:14:22,32.6,1377,7941,0,10,99.99,46,30.4,211.7
2026-05-23T10:14:27,38.1,1364,7941,0,9,99.99,57,36.2,211.7
2026-05-23T10:14:32,38.2,1380,7941,0,11,99.99,65,36.9,211.7
2026-05-23T10:14:38,38.8,1382,7941,0,11,99.99,56,37.1,211.7
2026-05-23T10:14:43,32.3,1376,7941,0,9,99.99,50,30.3,211.7
2026-05-23T10:14:48,32.3,1373,7941,0,8,99.99,53,30.4,211.7
2026-05-23T10:14:53,35.2,1385,7941,0,11,99.99,42,33.2,211.7
2026-05-23T10:14:59,31.2,1377,7941,0,11,99.99,49,29.3,211.7
2026-05-23T10:15:04,42.2,1371,7941,1,8,99.99,56,42.8,211.7
2026-05-23T10:15:09,38.1,1375,7941,0,10,99.99,53,35.6,211.7
2026-05-23T10:15:14,34.8,1369,7941,0,10,99.99,54,32.9,211.7
2026-05-23T10:15:20,40.5,1364,7941,0,9,99.99,59,38.5,211.7
2026-05-23T10:15:25,37.2,1364,7941,0,9,99.99,56,35.3,211.7
2026-05-23T10:15:30,35.5,1362,7941,0,11,99.99,45,33.9,211.7
2026-05-23T10:15:35,32.9,1360,7941,0,9,99.99,51,31.1,211.7
2026-05-23T10:15:41,36.1,1367,7941,1,10,99.99,65,33.8,211.7
2026-05-23T10:15:46,36.3,1370,7941,0,11,99.99,49,34.5,211.7
2026-05-23T10:15:51,31.4,1370,7941,0,11,99.99,55,29.9,211.7
2026-05-23T10:15:57,40.6,1370,7941,0,11,99.99,60,39.2,211.7
2026-05-23T10:16:02,33.1,1380,7941,0,11,99.99,43,31.5,211.7
2026-05-23T10:16:07,34.1,1372,7941,0,9,99.99,55,32.0,211.7
2026-05-23T10:16:12,34.7,1372,7941,0,11,99.99,51,33.0,211.7
2026-05-23T10:16:17,34.1,1371,7941,0,11,99.99,53,32.0,211.7
2026-05-23T10:16:23,35.4,1367,7941,0,11,99.99,51,33.6,211.7
2026-05-23T10:16:28,34.1,1369,7941,0,9,99.99,54,32.2,211.7
2026-05-23T10:16:33,34.3,1357,7941,0,9,99.99,56,32.2,211.7
2026-05-23T10:16:38,39.1,1359,7941,0,9,99.99,67,37.2,211.7
2026-05-23T10:16:44,38.3,1369,7941,0,10,99.99,47,36.1,211.7
2026-05-23T10:16:49,37.9,1367,7941,0,10,99.99,57,36.2,211.7
2026-05-23T10:16:54,32.1,1365,7941,0,9,99.99,60,29.9,211.7
2026-05-23T10:16:59,41.5,1362,7941,0,9,99.99,62,40.2,211.7
2026-05-23T10:17:05,35.9,1362,7941,0,9,99.99,60,33.6,211.7
2026-05-23T10:17:10,33.4,1372,7941,0,9,99.99,45,31.5,211.7
2026-05-23T10:17:15,32.2,1375,7941,0,11,99.99,56,30.1,211.7
2026-05-23T10:17:20,44.6,1381,7941,0,11,99.99,67,42.8,211.7
2026-05-23T10:17:26,35.2,1369,7941,0,9,99.99,64,33.0,211.7
2026-05-23T10:17:31,36.1,1366,7941,0,9,99.99,46,34.6,211.7
2026-05-23T10:17:36,41.3,1370,7941,0,11,99.99,66,39.1,211.7
2026-05-23T10:17:41,37.9,1373,7941,0,11,99.99,52,35.9,211.7
2026-05-23T10:17:47,32.2,1362,7941,0,9,99.99,56,29.8,211.7
2026-05-23T10:17:52,38.0,1362,7941,0,9,99.99,52,35.8,211.7
2026-05-23T10:17:57,38.8,1366,7941,0,9,99.99,65,37.0,211.7
2026-05-23T10:18:02,36.0,1370,7941,0,10,99.99,45,33.8,211.7
2026-05-23T10:18:08,35.1,1365,7941,0,10,99.99,63,33.0,211.7
2026-05-23T10:18:13,36.8,1367,7941,0,10,99.99,45,35.0,211.7
2026-05-23T10:18:18,39.1,1371,7941,0,9,99.99,66,37.3,212.0
2026-05-23T10:18:23,27.5,1377,7941,0,10,99.99,43,25.3,212.1
2026-05-23T10:18:29,44.8,1380,7941,1,9,99.99,63,43.1,212.1
2026-05-23T10:18:34,35.1,1370,7941,0,10,99.99,61,32.8,212.1
2026-05-23T10:18:39,38.6,1367,7941,1,8,99.99,58,36.9,212.1
2026-05-23T10:18:44,35.0,1371,7941,1,8,99.99,57,32.8,212.1
2026-05-23T10:18:50,40.5,1367,7941,0,9,99.99,58,39.6,212.1
2026-05-23T10:18:55,34.1,1353,7941,0,9,99.99,60,32.0,212.1
2026-05-23T10:19:00,40.9,1362,7941,1,9,99.99,53,39.1,212.1
2026-05-23T10:19:06,40.3,1367,7941,0,10,99.99,59,38.0,212.1
2026-05-23T10:19:11,34.2,1356,7941,0,8,99.99,50,32.2,212.1
2026-05-23T10:19:16,34.5,1365,7941,0,11,99.99,58,32.0,212.1
2026-05-23T10:19:21,35.5,1358,7941,0,8,99.99,49,33.5,212.1
2026-05-23T10:19:27,38.3,1364,7941,0,10,99.99,61,35.8,212.1
2026-05-23T10:19:32,32.1,1362,7941,0,10,99.99,47,30.0,212.1
2026-05-23T10:19:37,38.8,1358,7941,1,8,99.99,52,37.4,212.1
2026-05-23T10:19:42,38.7,1364,7941,0,9,99.99,63,37.0,212.1
2026-05-23T10:19:48,38.3,1356,7941,0,9,99.99,57,35.8,212.1
2026-05-23T10:19:53,33.8,1361,7941,0,10,99.99,58,31.4,212.1
2026-05-23T10:19:58,35.4,1362,7941,0,10,99.99,54,33.4,212.1
2026-05-23T10:20:04,46.7,1356,7941,0,9,99.99,62,44.6,212.1
2026-05-23T10:20:09,40.9,1363,7941,0,11,99.99,53,38.6,212.1
2026-05-23T10:20:14,33.6,1368,7941,0,11,99.99,56,31.0,212.1
2026-05-23T10:20:20,36.1,1360,7941,0,9,99.99,53,33.9,212.1
2026-05-23T10:20:25,38.7,1353,7941,0,8,99.99,61,37.3,212.1
2026-05-23T10:20:30,40.8,1361,7941,0,9,99.99,48,38.7,212.1
2026-05-23T10:20:35,28.2,1357,7941,0,9,99.99,52,26.1,212.1
2026-05-23T10:20:41,42.2,1367,7941,0,11,99.99,60,39.6,212.1
2026-05-23T10:20:46,37.6,1364,7941,0,11,99.99,63,35.0,212.1
2026-05-23T10:20:51,37.4,1360,7941,0,10,99.99,51,35.7,212.1
2026-05-23T10:20:57,46.1,1349,7941,0,8,99.99,72,44.5,212.1
2026-05-23T10:21:02,35.9,1363,7941,0,9,99.99,48,33.3,212.1
2026-05-23T10:21:07,37.2,1364,7941,0,9,99.99,51,35.3,212.1
2026-05-23T10:21:12,32.5,1360,7941,0,11,99.99,49,30.1,212.1
2026-05-23T10:21:18,43.6,1366,7941,0,11,99.99,60,41.3,212.1
2026-05-23T10:21:23,37.2,1372,7941,0,11,99.99,58,34.9,212.1
2026-05-23T10:21:28,33.6,1353,7941,0,8,99.99,59,30.9,212.1
2026-05-23T10:21:33,39.3,1360,7941,0,9,99.99,58,37.0,212.1
2026-05-23T10:21:39,34.2,1355,7941,0,9,99.99,45,31.9,212.1
2026-05-23T10:21:44,39.7,1359,7941,1,8,99.99,65,37.4,212.1
2026-05-23T10:21:49,38.3,1358,7941,0,9,99.99,49,36.4,212.1
2026-05-23T10:21:54,38.2,1353,7941,0,8,99.99,65,36.3,212.1
2026-05-23T10:22:00,34.8,1363,7941,0,9,99.99,54,32.6,212.1
2026-05-23T10:22:05,42.6,1367,7941,0,10,99.99,60,40.2,212.1
2026-05-23T10:22:10,36.3,1362,7941,0,9,99.99,57,34.1,212.1
2026-05-23T10:22:16,43.8,1355,7941,0,9,99.99,55,41.7,212.1
2026-05-23T10:22:21,34.3,1366,7941,0,11,99.99,65,32.6,212.1
2026-05-23T10:22:26,36.3,1360,7941,0,11,99.99,56,33.7,212.1
2026-05-23T10:22:31,32.7,1350,7941,1,7,99.99,43,30.8,212.1
2026-05-23T10:22:37,39.5,1360,7941,0,11,99.99,53,37.0,212.1
2026-05-23T10:22:42,37.0,1366,7941,0,11,99.99,57,34.8,212.1
2026-05-23T10:22:47,33.0,1363,7941,0,11,99.99,42,30.0,212.1
2026-05-23T10:22:52,35.0,1367,7941,0,11,99.99,59,33.1,212.1
2026-05-23T10:22:58,37.3,1351,7941,0,8,99.99,61,34.9,212.1
2026-05-23T10:23:03,36.4,1353,7941,0,8,99.99,44,34.4,212.1
2026-05-23T10:23:08,40.1,1361,7941,0,10,99.99,56,38.1,212.1
2026-05-23T10:23:14,33.3,1366,7941,0,10,99.99,50,31.4,212.1
2026-05-23T10:23:19,38.0,1355,7941,0,10,99.99,75,35.2,212.1
2026-05-23T10:23:24,29.3,1364,7941,0,10,99.99,46,26.4,212.1
2026-05-23T10:23:29,33.9,1368,7941,0,10,99.99,55,32.1,212.1
2026-05-23T10:23:35,39.5,1358,7941,0,10,99.99,66,36.9,212.1
2026-05-23T10:23:40,33.9,1369,7941,0,10,99.99,54,32.1,212.1
2026-05-23T10:23:45,37.5,1360,7941,0,11,99.99,49,36.2,212.2
2026-05-23T10:23:50,31.7,1362,7941,0,11,99.99,62,29.3,212.2
2026-05-23T10:23:56,41.4,1368,7941,0,10,99.99,61,39.4,212.2
2026-05-23T10:24:01,35.7,1365,7941,3,6,99.99,54,34.2,212.3
2026-05-23T10:24:06,40.7,1361,7941,0,10,99.99,57,39.0,212.3
2026-05-23T10:24:12,33.5,1365,7941,0,10,99.99,54,31.7,212.3
2026-05-23T10:24:17,39.9,1361,7941,0,10,99.99,63,37.8,212.3
2026-05-23T10:24:22,33.5,1361,7941,0,9,99.99,52,32.3,212.3
2026-05-23T10:24:27,38.6,1357,7941,2,7,99.99,63,36.4,212.3
2026-05-23T10:24:32,36.2,1365,7941,0,10,99.99,49,34.0,212.3
2026-05-23T10:24:38,34.3,1368,7941,0,10,99.99,50,32.8,212.3
2026-05-23T10:24:43,41.5,1388,7941,0,10,99.99,60,34.1,212.3
2026-05-23T10:24:48,34.6,1367,7941,0,11,99.99,56,31.9,212.3
2026-05-23T10:24:53,34.7,1372,7941,0,9,99.99,54,33.0,212.3
2026-05-23T10:24:59,34.5,1361,7941,0,10,99.99,67,32.2,212.3
2026-05-23T10:25:04,43.0,1361,7941,0,10,99.99,56,42.1,212.3
2026-05-23T10:25:09,34.3,1361,7941,0,11,99.99,47,32.5,212.3
2026-05-23T10:25:14,37.3,1369,7941,0,9,99.99,54,35.1,212.3
2026-05-23T10:25:20,28.6,1360,7941,0,9,99.99,59,26.3,212.3
2026-05-23T10:25:25,42.9,1355,7941,1,7,99.99,63,41.6,212.3
2026-05-23T10:25:30,36.9,1356,7941,0,9,99.99,52,35.1,212.3
2026-05-23T10:25:35,34.6,1360,7941,0,11,99.99,63,32.4,212.3
2026-05-23T10:25:41,36.4,1368,7941,0,11,99.99,49,34.7,212.3
2026-05-23T10:25:46,37.3,1364,7941,0,10,99.99,56,35.5,212.3
2026-05-23T10:25:51,37.0,1371,7941,0,10,99.99,50,35.5,212.3
2026-05-23T10:25:56,34.8,1357,7941,0,9,99.99,57,33.1,212.3
2026-05-23T10:26:02,33.7,1366,7941,0,9,99.99,53,31.8,212.3
2026-05-23T10:26:07,35.9,1366,7941,0,9,99.99,62,33.9,212.3
2026-05-23T10:26:12,37.2,1373,7941,0,11,99.99,56,35.4,212.3
2026-05-23T10:26:17,35.7,1363,7941,0,11,99.99,44,33.9,212.3
2026-05-23T10:26:23,27.9,1353,7941,0,9,99.99,52,26.1,212.3
2026-05-23T10:26:28,42.4,1364,7941,0,10,99.99,58,40.5,212.3
2026-05-23T10:26:33,34.2,1359,7941,0,9,99.99,56,32.3,212.3
2026-05-23T10:26:38,40.1,1359,7941,0,9,99.99,53,38.4,212.3
2026-05-23T10:26:44,30.0,1360,7941,0,9,99.99,51,27.9,212.3
2026-05-23T10:26:49,35.6,1361,7941,1,8,99.99,56,33.9,212.3
2026-05-23T10:26:54,38.1,1355,7941,0,9,99.99,59,36.2,212.3
2026-05-23T10:26:59,36.7,1358,7941,0,9,99.99,47,35.3,212.3
2026-05-23T10:27:05,33.8,1362,7941,0,9,99.99,58,32.3,212.3
2026-05-23T10:27:10,33.5,1362,7941,0,10,99.99,43,31.6,212.3
2026-05-23T10:27:15,36.7,1362,7941,0,10,99.99,65,34.9,212.4
2026-05-23T10:27:20,34.3,1351,7941,0,9,99.99,48,32.5,212.4
2026-05-23T10:27:26,38.7,1361,7941,0,11,99.99,56,37.0,212.4
2026-05-23T10:27:31,33.2,1364,7941,0,9,99.99,51,31.8,212.4
2026-05-23T10:27:36,36.0,1365,7941,0,9,99.99,60,34.2,212.4
2026-05-23T10:27:42,36.1,1371,7941,0,9,99.99,56,33.9,212.4
2026-05-23T10:27:47,33.9,1359,7941,0,9,99.99,53,32.0,212.4
2026-05-23T10:27:52,33.4,1360,7941,0,9,99.99,48,31.6,212.4
2026-05-23T10:27:57,34.6,1364,7941,0,10,99.99,63,32.7,212.4
2026-05-23T10:28:02,42.1,1366,7941,0,10,99.99,61,40.4,212.4
2026-05-23T10:28:08,30.7,1353,7941,0,9,99.99,56,28.9,212.4
2026-05-23T10:28:13,40.2,1361,7941,0,9,99.99,49,39.1,212.4
2026-05-23T10:28:18,33.3,1356,7941,0,8,99.99,54,31.2,212.4
2026-05-23T10:28:24,37.2,1362,7941,0,8,99.99,50,35.7,212.4
2026-05-23T10:28:29,38.1,1361,7941,0,11,99.99,57,35.9,212.4
2026-05-23T10:28:34,36.0,1365,7941,0,11,99.99,64,33.8,212.4
2026-05-23T10:28:39,37.2,1367,7941,0,10,99.99,46,35.7,212.4
2026-05-23T10:28:45,29.3,1360,7941,0,9,99.99,51,27.3,212.4
2026-05-23T10:28:50,41.2,1353,7941,0,9,99.99,54,39.0,212.4
2026-05-23T10:28:55,36.8,1362,7941,0,9,99.99,69,34.5,212.4
2026-05-23T10:29:00,35.7,1358,7941,0,9,99.99,49,33.8,212.4
2026-05-23T10:29:06,46.6,1365,7941,0,9,99.99,67,45.9,212.4
2026-05-23T10:29:11,36.6,1361,7941,0,11,99.99,47,34.2,212.4
2026-05-23T10:29:16,41.7,1360,7941,0,11,99.99,58,39.4,212.4
2026-05-23T10:29:22,40.3,1355,7941,0,9,99.99,58,37.9,212.4
2026-05-23T10:29:27,40.8,1355,7941,0,9,99.99,68,38.8,212.4
2026-05-23T10:29:32,32.8,1361,7941,0,9,99.99,54,30.9,212.4
2026-05-23T10:29:37,44.9,1358,7941,0,9,99.99,58,42.1,212.4
2026-05-23T10:29:43,38.4,1368,7941,0,9,99.99,57,36.9,212.4
2026-05-23T10:29:48,37.7,1361,7941,0,10,99.99,60,35.2,212.4
2026-05-23T10:29:53,43.9,1357,7941,0,10,99.99,68,42.2,212.4
2026-05-23T10:29:59,36.6,1359,7941,0,10,99.99,54,34.8,212.4
2026-05-23T10:30:04,45.9,1349,7941,0,8,99.99,54,46.3,212.4
2026-05-23T10:30:09,38.3,1351,7941,0,9,99.99,43,36.8,212.4
2026-05-23T10:30:15,40.3,1350,7941,0,8,99.99,56,37.8,212.4
2026-05-23T10:30:20,35.6,1364,7941,0,11,99.99,45,33.7,212.4
2026-05-23T10:30:25,43.0,1361,7941,0,11,99.99,64,41.8,212.4
2026-05-23T10:30:31,37.2,1354,7941,0,9,99.99,55,35.9,212.4
2026-05-23T10:30:36,40.3,1358,7941,0,11,99.99,71,37.1,212.4
2026-05-23T10:30:41,40.3,1375,7941,0,11,99.99,49,38.0,212.4
2026-05-23T10:30:46,34.4,1357,7941,0,10,99.99,66,32.0,212.4
2026-05-23T10:30:52,38.3,1356,7941,0,8,99.99,51,36.8,212.4
2026-05-23T10:30:57,39.0,1354,7941,0,8,99.99,64,37.1,212.4
2026-05-23T10:31:02,31.9,1360,7941,0,9,99.99,51,29.5,212.4
2026-05-23T10:31:08,35.6,1363,7941,0,10,99.99,52,33.9,212.4
2026-05-23T10:31:13,43.0,1362,7941,0,9,99.99,51,42.1,212.4
2026-05-23T10:31:18,31.7,1363,7941,1,8,99.99,60,29.4,212.4
2026-05-23T10:31:23,41.8,1362,7941,1,10,99.99,59,40.0,212.4
2026-05-23T10:31:29,36.3,1368,7941,0,11,99.99,59,34.0,212.4
2026-05-23T10:31:34,38.1,1364,7941,0,9,99.99,58,35.9,212.4
2026-05-23T10:31:39,36.5,1372,7941,0,9,99.99,53,34.8,212.4
2026-05-23T10:31:44,40.0,1362,7941,0,10,99.99,56,37.6,212.4
2026-05-23T10:31:50,35.2,1360,7941,0,10,99.99,62,33.6,212.4
2026-05-23T10:31:55,36.5,1360,7941,1,9,99.99,59,34.4,212.4
2026-05-23T10:32:00,36.8,1372,7941,0,10,99.99,53,34.7,212.4
2026-05-23T10:32:06,42.3,1353,7941,0,9,99.99,59,40.5,212.4
2026-05-23T10:32:11,35.3,1357,7941,0,9,99.99,55,33.6,212.4
2026-05-23T10:32:16,34.1,1365,7941,0,10,99.99,54,32.2,212.4
2026-05-23T10:32:21,44.0,1362,7941,0,10,99.99,56,42.4,212.4
2026-05-23T10:32:27,33.7,1357,7941,0,9,99.99,60,31.4,212.4
2026-05-23T10:32:32,35.1,1357,7941,0,9,99.99,41,33.0,212.4
2026-05-23T10:32:37,37.8,1359,7941,0,9,99.99,55,36.0,212.4
2026-05-23T10:32:42,35.8,1367,7941,0,9,99.99,59,33.7,212.4
2026-05-23T10:32:48,37.5,1357,7941,0,9,99.99,64,35.6,212.4
2026-05-23T10:32:53,39.2,1361,7941,0,10,99.99,54,37.5,212.7
2026-05-23T10:32:58,36.4,1362,7941,0,10,99.99,48,34.8,212.7
2026-05-23T10:33:04,39.6,1352,7941,0,9,99.99,51,37.3,212.7
2026-05-23T10:33:09,36.6,1360,7941,0,9,99.99,49,34.4,212.7
2026-05-23T10:33:14,37.3,1359,7941,0,9,99.99,56,35.2,212.7
2026-05-23T10:33:19,33.5,1360,7941,0,9,99.99,52,31.9,212.7
2026-05-23T10:33:25,37.8,1356,7941,0,9,99.99,54,35.2,212.7
2026-05-23T10:33:30,34.3,1359,7941,0,9,99.99,60,32.6,212.7
2026-05-23T10:33:35,43.0,1358,7941,0,11,99.99,50,40.5,212.7
2026-05-23T10:33:40,31.6,1359,7941,1,10,99.99,55,29.8,212.7
2026-05-23T10:33:46,39.5,1361,7941,0,9,99.99,64,36.9,212.7
2026-05-23T10:33:51,42.7,1356,7941,0,8,99.99,53,41.3,212.7
2026-05-23T10:33:56,34.5,1356,7941,0,9,99.99,51,31.8,212.7
2026-05-23T10:34:02,32.1,1362,7941,0,9,99.99,50,30.3,212.7
2026-05-23T10:34:07,37.2,1359,7941,0,9,99.99,57,36.4,212.7
2026-05-23T10:34:12,40.0,1360,7941,0,9,99.99,55,38.9,212.7
2026-05-23T10:34:17,34.4,1363,7941,0,11,99.99,58,31.9,212.7
2026-05-23T10:34:23,37.1,1362,7941,0,10,99.99,47,35.3,212.7
2026-05-23T10:34:28,31.0,1366,7941,0,10,99.99,53,28.7,212.7
2026-05-23T10:34:33,35.9,1368,7941,0,10,99.99,45,34.4,212.7
2026-05-23T10:34:38,34.0,1357,7941,0,10,99.99,58,32.1,212.7
2026-05-23T10:34:44,35.8,1357,7941,0,9,99.99,54,33.9,212.7
2026-05-23T10:34:49,32.8,1351,7941,0,8,99.99,56,31.1,212.7
2026-05-23T10:34:54,32.5,1374,7941,0,9,99.99,54,30.2,212.7
2026-05-23T10:34:59,37.1,1372,7941,0,9,99.99,45,35.9,212.7
2026-05-23T10:35:05,45.1,1367,7941,0,11,99.99,65,45.1,212.7
2026-05-23T10:35:10,36.5,1369,7941,0,11,99.99,56,34.5,212.7
2026-05-23T10:35:15,32.9,1351,7941,0,8,99.99,63,30.6,212.7
2026-05-23T10:35:20,41.2,1360,7941,0,9,99.99,50,39.4,212.7
2026-05-23T10:35:25,36.1,1358,7941,0,9,99.99,51,34.2,212.7
2026-05-23T10:35:31,35.5,1355,7941,0,8,99.99,48,34.0,212.7
2026-05-23T10:35:36,30.3,1352,7941,0,8,99.99,52,28.4,212.7
2026-05-23T10:35:41,37.4,1358,7941,0,9,99.99,52,35.2,212.7
2026-05-23T10:35:46,36.1,1360,7941,0,9,99.99,55,34.3,212.7
2026-05-23T10:35:52,37.4,1367,7941,0,9,99.99,51,35.7,212.7
2026-05-23T10:35:57,31.0,1362,7941,0,9,99.99,60,28.8,212.7
2026-05-23T10:36:02,43.2,1365,7941,0,9,99.99,57,41.6,212.7
2026-05-23T10:36:07,36.9,1358,7941,0,9,99.99,67,34.8,212.7
2026-05-23T10:36:13,39.2,1367,7941,0,11,99.99,47,37.4,212.7
2026-05-23T10:36:18,38.2,1365,7941,0,11,99.99,58,36.5,212.7
2026-05-23T10:36:23,38.3,1361,7941,1,8,99.99,55,36.6,212.7
2026-05-23T10:36:28,31.0,1359,7941,0,9,99.99,56,28.7,212.7
2026-05-23T10:36:33,38.6,1368,7941,0,9,99.99,42,36.8,212.7
2026-05-23T10:36:39,38.3,1365,7941,0,9,99.99,64,36.8,212.7
2026-05-23T10:36:44,34.7,1370,7941,0,10,99.99,68,32.0,212.7
2026-05-23T10:36:49,37.3,1375,7941,0,11,99.99,60,35.4,212.7
2026-05-23T10:36:54,39.0,1367,7941,0,11,99.99,61,37.2,212.7
2026-05-23T10:37:00,38.0,1373,7941,0,11,99.99,50,36.4,212.7
2026-05-23T10:37:05,37.8,1368,7941,0,11,99.99,72,35.5,212.7
2026-05-23T10:37:10,34.5,1372,7941,0,11,99.99,47,32.9,212.7
2026-05-23T10:37:15,33.1,1365,7941,0,11,99.99,55,30.6,212.7
2026-05-23T10:37:21,35.2,1367,7941,0,11,99.99,48,33.2,212.7
2026-05-23T10:37:26,36.1,1355,7941,0,9,99.99,48,34.7,212.7
2026-05-23T10:37:31,32.9,1357,7941,0,9,99.99,47,30.9,212.7
2026-05-23T10:37:36,35.5,1367,7941,0,9,99.99,62,33.5,212.7
2026-05-23T10:37:42,37.5,1361,7941,0,9,99.99,58,36.2,212.8
2026-05-23T10:37:47,35.9,1358,7941,0,9,99.99,47,34.2,212.8
2026-05-23T10:37:52,31.3,1360,7941,0,9,99.99,56,29.1,212.8
2026-05-23T10:37:57,41.1,1358,7941,0,9,99.99,64,39.3,212.8
2026-05-23T10:38:03,36.1,1359,7941,0,9,99.99,43,34.2,212.8
2026-05-23T10:38:08,32.2,1355,7941,0,8,99.99,60,30.4,212.8
2026-05-23T10:38:13,37.5,1358,7941,0,10,99.99,51,36.2,212.8
2026-05-23T10:38:18,38.5,1368,7941,0,11,99.99,58,36.1,212.8
2026-05-23T10:38:24,32.9,1370,7941,0,11,99.99,49,31.1,212.8
2026-05-23T10:38:29,34.1,1363,7941,0,9,99.99,61,31.9,212.8
2026-05-23T10:38:34,39.1,1361,7941,0,9,99.99,57,37.1,212.8
2026-05-23T10:38:39,37.7,1354,7941,0,8,99.99,58,36.5,212.8
2026-05-23T10:38:45,31.6,1353,7941,0,8,99.99,51,28.8,212.8
2026-05-23T10:38:50,36.8,1358,7941,0,11,99.99,56,35.2,212.8
2026-05-23T10:38:55,42.0,1366,7941,0,11,99.99,55,40.3,212.8
2026-05-23T10:39:01,37.6,1363,7941,0,9,99.99,58,35.6,212.8
2026-05-23T10:39:06,46.2,1358,7941,1,8,99.99,59,46.1,212.8
2026-05-23T10:39:11,36.0,1361,7941,0,9,99.99,49,34.6,212.8
2026-05-23T10:39:17,37.8,1357,7941,0,9,99.99,67,35.4,212.8
2026-05-23T10:39:22,40.4,1366,7941,0,11,99.99,51,38.2,212.8
2026-05-23T10:39:27,37.3,1359,7941,0,11,99.99,63,34.9,212.9
2026-05-23T10:39:32,41.0,1361,7941,0,9,99.99,64,38.9,212.9
2026-05-23T10:39:38,43.9,1366,7941,0,11,99.99,66,41.8,212.9
2026-05-23T10:39:43,32.0,1369,7941,0,11,99.99,50,29.4,212.9
2026-05-23T10:39:48,37.9,1356,7941,0,8,99.99,55,35.9,212.9
2026-05-23T10:39:53,34.2,1363,7941,0,9,99.99,54,32.2,212.9
2026-05-23T10:39:59,35.7,1358,7941,0,9,99.99,65,33.8,212.9
2026-05-23T10:40:04,39.9,1363,7941,0,11,99.99,49,38.6,212.9
2026-05-23T10:40:09,35.9,1366,7941,0,11,99.99,52,34.5,213.0
2026-05-23T10:40:15,37.5,1356,7941,0,10,99.99,49,35.3,213.0
2026-05-23T10:40:20,38.2,1363,7941,0,10,99.99,58,36.4,213.0
2026-05-23T10:40:25,38.5,1355,7941,0,9,99.99,59,36.6,213.0
2026-05-23T10:40:30,30.1,1353,7941,0,8,99.99,44,28.0,213.0
2026-05-23T10:40:36,32.7,1365,7941,0,9,99.99,55,30.4,213.0
2026-05-23T10:40:41,33.2,1363,7941,0,9,99.99,58,31.2,213.0
2026-05-23T10:40:46,38.0,1355,7941,2,7,99.99,48,36.2,213.0
2026-05-23T10:40:51,35.5,1363,7941,0,9,99.99,50,33.9,213.0
2026-05-23T10:40:57,34.3,1360,7941,0,9,99.99,58,32.6,213.0
2026-05-23T10:41:02,35.7,1361,7941,0,9,99.99,46,33.6,213.0
2026-05-23T10:41:07,39.8,1362,7941,0,11,99.99,61,38.0,213.0
2026-05-23T10:41:12,33.2,1364,7941,0,11,99.99,47,31.6,213.0
2026-05-23T10:41:18,45.5,1363,7941,0,11,99.99,56,43.5,213.0
2026-05-23T10:41:23,32.2,1366,7941,0,11,99.99,61,29.4,213.0
2026-05-23T10:41:28,36.3,1351,7941,0,8,99.99,61,34.2,213.1
2026-05-23T10:41:33,41.4,1363,7941,0,9,99.99,52,39.8,213.1
2026-05-23T10:41:39,38.5,1361,7941,0,11,99.99,60,36.3,213.1
2026-05-23T10:41:44,40.1,1366,7941,0,11,99.99,58,38.3,213.1
2026-05-23T10:41:49,37.1,1366,7941,0,10,99.99,56,35.5,213.1
2026-05-23T10:41:54,31.0,1364,7941,0,11,99.99,50,28.9,213.1
2026-05-23T10:42:00,29.0,1372,7941,0,11,99.99,42,27.4,213.1
2026-05-23T10:42:05,33.8,1359,7941,0,9,99.99,57,31.8,213.1
2026-05-23T10:42:10,44.3,1364,7941,0,9,99.99,54,43.0,213.0
2026-05-23T10:42:15,30.8,1364,7941,0,9,99.99,59,28.8,213.0
2026-05-23T10:42:21,35.5,1368,7941,0,9,99.99,54,33.7,213.0
2026-05-23T10:42:26,42.6,1369,7941,0,10,99.99,65,40.7,213.0
2026-05-23T10:42:31,36.5,1370,7941,0,10,99.99,58,35.1,213.0
2026-05-23T10:42:37,34.1,1359,7941,0,9,99.99,65,31.9,213.0
2026-05-23T10:42:42,34.6,1370,7941,0,11,99.99,52,32.5,213.0
2026-05-23T10:42:47,37.4,1366,7941,0,11,99.99,49,35.8,213.0
2026-05-23T10:42:52,34.6,1367,7941,0,10,99.99,56,32.9,213.0
2026-05-23T10:42:58,35.2,1361,7941,0,9,99.99,56,33.1,213.0
2026-05-23T10:43:03,34.3,1368,7941,0,9,99.99,55,32.3,213.0
2026-05-23T10:43:08,41.7,1362,7941,0,10,99.99,61,39.9,213.0
2026-05-23T10:43:13,32.2,1369,7941,0,10,99.99,57,30.4,213.1
2026-05-23T10:43:18,34.8,1374,7941,0,10,99.99,48,32.8,213.1
2026-05-23T10:43:24,43.0,1366,7941,0,10,99.99,69,41.2,213.1
2026-05-23T10:43:29,31.5,1360,7941,0,9,99.99,54,29.3,213.1
2026-05-23T10:43:34,40.7,1366,7941,0,9,99.99,67,39.1,213.1
2026-05-23T10:43:39,41.3,1357,7941,0,9,99.99,60,39.7,213.1
2026-05-23T10:43:45,40.5,1365,7941,0,9,99.99,62,38.3,213.1
2026-05-23T10:43:50,34.9,1364,7941,1,10,99.99,57,33.0,213.1
2026-05-23T10:43:55,32.2,1368,7941,0,11,99.99,59,30.0,213.1
2026-05-23T10:44:00,40.4,1374,7941,0,10,99.99,50,38.9,213.1
2026-05-23T10:44:06,34.9,1376,7941,0,9,99.99,51,32.9,213.1
2026-05-23T10:44:11,39.7,1366,7941,0,11,99.99,55,37.9,213.1
2026-05-23T10:44:16,27.6,1369,7941,0,11,99.99,47,25.2,213.1
2026-05-23T10:44:21,35.9,1370,7941,0,10,99.99,53,34.1,213.1
2026-05-23T10:44:27,41.5,1362,7941,0,11,99.99,49,38.9,213.1
2026-05-23T10:44:32,37.4,1369,7941,0,11,99.99,50,35.8,213.1
2026-05-23T10:44:37,38.6,1358,7941,1,10,99.99,74,36.2,213.1
2026-05-23T10:44:42,32.1,1367,7941,0,11,99.99,44,29.8,213.1
2026-05-23T10:44:48,38.2,1369,7941,0,11,99.99,65,36.2,213.1
2026-05-23T10:44:53,35.0,1366,7941,0,10,99.99,45,33.3,213.1
2026-05-23T10:44:58,39.9,1363,7941,1,7,99.99,65,37.8,213.1
2026-05-23T10:45:04,48.8,1363,7941,0,9,99.99,60,49.1,213.1
2026-05-23T10:45:09,35.4,1361,7941,0,10,99.99,47,33.1,213.1
2026-05-23T10:45:14,38.4,1359,7941,2,8,99.99,59,36.4,213.1
2026-05-23T10:45:19,36.4,1364,7941,0,11,99.99,51,34.6,213.2
2026-05-23T10:45:25,36.0,1369,7941,0,11,99.99,51,33.7,213.4
2026-05-23T10:45:30,38.1,1357,7941,0,9,99.99,57,36.1,213.4
2026-05-23T10:45:35,33.7,1360,7941,0,9,99.99,51,31.4,213.4
2026-05-23T10:45:40,29.5,1353,7941,0,8,99.99,37,27.7,213.4
2026-05-23T10:45:46,41.7,1368,7941,0,9,99.99,59,33.2,213.4
2026-05-23T10:45:51,42.0,1360,7941,0,9,99.99,45,40.2,213.4
2026-05-23T10:45:56,31.5,1357,7941,0,9,99.99,53,29.6,213.4
2026-05-23T10:46:02,41.6,1362,7941,0,10,99.99,50,39.6,213.4
2026-05-23T10:46:07,41.7,1365,7941,0,11,99.99,72,40.0,213.4
2026-05-23T10:46:12,34.9,1365,7941,0,11,99.99,47,32.6,213.4
2026-05-23T10:46:17,38.8,1353,7941,0,10,99.99,60,37.0,213.4
2026-05-23T10:46:23,38.2,1365,7941,0,10,99.99,58,36.2,213.4
2026-05-23T10:46:28,41.3,1361,7941,0,9,99.99,59,39.1,213.4
2026-05-23T10:46:33,38.4,1358,7941,0,9,99.99,57,36.4,213.5
2026-05-23T10:46:38,39.9,1363,7941,0,9,99.99,62,38.5,213.6
2026-05-23T10:46:44,33.4,1367,7941,0,9,99.99,59,30.6,213.6
2026-05-23T10:46:49,42.7,1356,7941,0,9,99.99,51,41.0,213.6
2026-05-23T10:46:54,34.7,1358,7941,0,9,99.99,60,32.3,213.6
2026-05-23T10:46:59,38.7,1357,7941,0,9,99.99,47,37.4,213.6
2026-05-23T10:47:05,39.8,1367,7941,0,11,99.99,60,37.0,213.6
2026-05-23T10:47:10,31.1,1364,7941,0,11,99.99,49,28.9,213.6
2026-05-23T10:47:15,39.9,1360,7941,0,10,99.99,58,38.0,213.6
2026-05-23T10:47:21,31.5,1362,7941,0,10,99.99,48,29.0,213.6
2026-05-23T10:47:26,44.3,1366,7941,0,10,99.99,73,42.3,213.6
2026-05-23T10:47:31,38.9,1363,7941,0,10,99.99,50,37.2,213.6
2026-05-23T10:47:36,40.7,1363,7941,0,10,99.99,63,38.6,213.6
2026-05-23T10:47:42,36.2,1368,7941,0,11,99.99,55,33.8,213.6
2026-05-23T10:47:47,41.8,1355,7941,0,9,99.99,59,40.2,213.6
2026-05-23T10:47:52,38.3,1361,7941,0,9,99.99,52,36.6,213.6
2026-05-23T10:47:58,34.7,1358,7941,0,9,99.99,66,32.7,213.6
2026-05-23T10:48:03,38.2,1362,7941,0,10,99.99,42,36.2,213.6
2026-05-23T10:48:08,35.5,1361,7941,0,10,99.99,65,33.4,213.6
2026-05-23T10:48:13,37.3,1369,7941,0,11,99.99,49,35.2,213.6
2026-05-23T10:48:19,38.2,1371,7941,0,11,99.99,58,35.6,213.6
2026-05-23T10:48:24,36.0,1361,7941,0,10,99.99,56,33.7,213.6
2026-05-23T10:48:29,39.9,1361,7941,0,10,99.99,55,38.3,213.6
2026-05-23T10:48:35,36.4,1355,7941,0,9,99.99,54,34.3,213.6
2026-05-23T10:48:40,31.4,1356,7941,0,9,99.99,38,29.4,213.6
2026-05-23T10:48:45,36.2,1367,7941,1,9,99.99,61,34.1,213.6
2026-05-23T10:48:50,37.9,1364,7941,0,10,99.99,53,36.8,213.6
2026-05-23T10:48:56,39.2,1366,7941,0,10,99.99,65,36.9,213.6
2026-05-23T10:49:01,33.0,1359,7941,0,10,99.99,43,30.7,213.6
2026-05-23T10:49:06,40.9,1355,7941,0,9,99.99,61,39.9,213.6
2026-05-23T10:49:12,34.0,1357,7941,0,9,99.99,58,31.9,213.6
2026-05-23T10:49:17,33.7,1357,7941,0,9,99.99,53,32.0,213.6
2026-05-23T10:49:22,36.6,1364,7941,0,10,99.99,47,34.2,213.6
2026-05-23T10:49:27,36.5,1365,7941,0,10,99.99,57,34.0,213.6
2026-05-23T10:49:33,39.4,1361,7941,0,11,99.99,54,37.5,213.6
2026-05-23T10:49:38,40.7,1360,7941,0,11,99.99,53,38.8,213.6
2026-05-23T10:49:43,32.2,1352,7941,0,9,99.99,61,30.3,213.6
2026-05-23T10:49:48,39.0,1365,7941,0,9,99.99,60,37.4,213.6
2026-05-23T10:49:54,31.7,1358,7941,1,8,99.99,48,30.0,213.6
2026-05-23T10:49:59,33.6,1365,7941,0,9,99.99,46,31.4,213.6
2026-05-23T10:50:04,43.4,1359,7941,0,9,99.99,62,43.1,213.8
2026-05-23T10:50:09,41.7,1365,7941,1,9,99.99,52,40.8,213.8
2026-05-23T10:50:15,45.2,1366,7941,1,8,99.99,63,42.7,213.8
2026-05-23T10:50:20,39.3,1368,7941,0,10,99.99,59,37.0,213.8
2026-05-23T10:50:25,33.7,1366,7941,0,11,99.99,61,31.2,213.8
2026-05-23T10:50:31,40.0,1374,7941,0,11,99.99,55,38.6,213.8
2026-05-23T10:50:36,36.5,1366,7941,0,10,99.99,49,34.4,213.8
2026-05-23T10:50:41,38.1,1376,7941,0,9,99.99,60,35.8,213.8
2026-05-23T10:50:46,36.6,1375,7941,0,9,99.99,72,34.2,213.8
2026-05-23T10:50:51,34.2,1370,7941,0,9,99.99,48,32.8,213.8
2026-05-23T10:50:57,35.6,1362,7941,0,9,99.99,61,33.6,213.8
2026-05-23T10:51:02,35.9,1370,7941,1,10,99.99,45,34.1,213.8
2026-05-23T10:51:07,37.4,1379,7941,0,11,99.99,47,35.5,213.8
2026-05-23T10:51:13,34.7,1371,7941,0,9,99.99,51,32.9,213.8
2026-05-23T10:51:18,32.0,1367,7941,0,9,99.99,55,29.9,213.8
2026-05-23T10:51:23,36.5,1367,7941,0,8,99.99,55,34.2,213.8
2026-05-23T10:51:28,34.8,1362,7941,0,8,99.99,47,33.1,213.8
2026-05-23T10:51:33,34.5,1374,7941,0,9,99.99,57,32.5,213.8
2026-05-23T10:51:39,36.6,1377,7941,0,9,99.99,59,34.5,213.8
2026-05-23T10:51:44,32.6,1372,7941,0,9,99.99,53,30.9,213.8
2026-05-23T10:51:49,33.3,1373,7941,0,9,99.99,49,31.3,213.8
2026-05-23T10:51:54,39.7,1364,7941,0,8,99.99,57,38.1,213.8
2026-05-23T10:52:00,30.6,1367,7941,0,9,99.99,49,28.5,213.8
2026-05-23T10:52:05,41.3,1371,7941,0,10,99.99,69,39.2,213.8
2026-05-23T10:52:10,36.0,1371,7941,0,10,99.99,48,34.2,213.8
2026-05-23T10:52:15,34.3,1375,7941,0,10,99.99,62,32.5,213.8
2026-05-23T10:52:21,39.7,1377,7941,0,10,99.99,50,38.2,213.8
2026-05-23T10:52:26,36.4,1368,7941,0,9,99.99,63,34.4,213.8
2026-05-23T10:52:31,34.6,1375,7941,0,11,99.99,47,32.6,213.8
2026-05-23T10:52:36,39.4,1378,7941,0,11,99.99,68,38.0,213.8
2026-05-23T10:52:42,23.0,1373,7941,0,9,99.99,41,20.8,213.8
2026-05-23T10:52:47,40.6,1373,7941,0,11,99.99,63,38.8,213.8
2026-05-23T10:52:52,33.6,1376,7941,0,11,99.99,48,31.9,213.8
2026-05-23T10:52:57,35.4,1366,7941,0,9,99.99,59,33.6,213.8
2026-05-23T10:53:02,34.7,1370,7941,0,11,99.99,49,32.4,213.8
2026-05-23T10:53:08,34.6,1370,7941,0,11,99.99,59,32.5,213.8
2026-05-23T10:53:13,36.4,1363,7941,0,9,99.99,53,35.0,213.8
2026-05-23T10:53:18,30.2,1365,7941,0,9,99.99,57,28.2,213.8
2026-05-23T10:53:23,40.4,1372,7941,0,11,99.99,51,38.1,213.8
2026-05-23T10:53:29,34.6,1374,7941,0,11,99.99,58,32.5,213.8
2026-05-23T10:53:34,36.8,1359,7941,0,8,99.99,56,34.8,213.8
2026-05-23T10:53:39,33.7,1366,7941,0,10,99.99,47,31.9,213.8
2026-05-23T10:53:44,34.7,1379,7941,0,10,99.99,58,32.4,213.8
2026-05-23T10:53:50,37.0,1371,7941,0,11,99.99,55,35.1,213.8
2026-05-23T10:53:55,33.7,1372,7941,0,11,99.99,61,31.2,213.8
2026-05-23T10:54:00,43.6,1369,7941,0,9,99.99,65,42.2,213.8
2026-05-23T10:54:05,37.0,1376,7941,0,9,99.99,55,35.1,213.8
2026-05-23T10:54:11,30.6,1370,7941,0,8,99.99,52,28.6,213.8
2026-05-23T10:54:16,42.4,1375,7941,0,10,99.99,46,40.2,213.8
2026-05-23T10:54:21,26.9,1376,7941,0,10,99.99,56,24.9,213.8
2026-05-23T10:54:26,37.1,1373,7941,0,9,99.99,61,35.1,213.8
2026-05-23T10:54:32,32.1,1375,7941,0,9,99.99,52,30.1,213.8
2026-05-23T10:54:37,36.8,1367,7941,0,9,99.99,63,34.6,213.8
2026-05-23T10:54:42,44.8,1384,7941,0,11,99.99,57,43.1,213.8
2026-05-23T10:54:47,33.4,1387,7941,0,11,99.99,52,31.2,213.8
2026-05-23T10:54:52,29.3,1378,7941,0,10,99.99,58,27.1,213.8
2026-05-23T10:54:58,39.0,1374,7941,0,10,99.99,52,37.1,213.8
2026-05-23T10:55:03,41.3,1373,7941,0,9,99.99,49,42.8,213.8
2026-05-23T10:55:08,31.6,1368,7941,0,9,99.99,46,29.3,213.9
2026-05-23T10:55:14,34.9,1374,7941,0,8,99.99,52,33.4,213.9
2026-05-23T10:55:19,33.7,1373,7941,0,9,99.99,59,31.8,213.9
2026-05-23T10:55:24,36.5,1370,7941,0,10,99.99,64,33.7,213.9
2026-05-23T10:55:29,34.8,1371,7941,0,11,99.99,45,33.3,213.9
2026-05-23T10:55:35,38.3,1367,7941,0,10,99.99,59,36.5,213.9
2026-05-23T10:55:40,34.7,1359,7941,0,8,99.99,35,33.1,213.9
2026-05-23T10:55:45,33.1,1360,7941,1,7,99.99,56,31.2,213.9
2026-05-23T10:55:50,42.5,1361,7941,0,11,99.99,58,41.4,213.9
2026-05-23T10:55:56,33.6,1364,7941,0,11,99.99,54,31.8,213.9
2026-05-23T10:56:01,36.2,1364,7941,0,9,99.99,49,34.2,213.9
2026-05-23T10:56:06,29.9,1360,7941,0,9,99.99,56,28.0,213.9
2026-05-23T10:56:11,45.7,1363,7941,0,10,99.99,42,44.5,213.9
2026-05-23T10:56:17,33.0,1366,7941,0,10,99.99,77,30.8,213.9
2026-05-23T10:56:22,35.5,1354,7941,0,9,99.99,49,33.8,213.9
2026-05-23T10:56:27,33.2,1364,7941,0,9,99.99,59,31.3,213.9
2026-05-23T10:56:32,42.2,1376,7941,0,11,99.99,58,40.8,213.9
2026-05-23T10:56:38,30.6,1385,7941,0,11,99.99,57,28.5,213.9
2026-05-23T10:56:43,39.3,1392,7941,0,11,99.99,62,37.5,213.9
2026-05-23T10:56:48,38.5,1388,7941,0,11,99.99,63,36.9,213.9
2026-05-23T10:56:53,37.0,1390,7941,0,11,99.99,60,35.2,213.9
2026-05-23T10:56:59,31.6,1386,7941,0,11,99.99,52,29.6,213.9
2026-05-23T10:57:04,39.8,1371,7941,0,8,99.99,53,37.9,213.9
2026-05-23T10:57:09,36.0,1384,7941,0,10,99.99,51,34.1,213.9
2026-05-23T10:57:14,34.6,1385,7941,0,10,99.99,59,32.4,213.9
2026-05-23T10:57:19,34.2,1386,7941,0,10,99.99,47,32.2,213.9
2026-05-23T10:57:25,37.3,1386,7941,0,10,99.99,65,35.0,213.9
2026-05-23T10:57:30,34.2,1387,7941,0,11,99.99,47,33.0,213.9
2026-05-23T10:57:35,37.6,1391,7941,0,11,99.99,60,35.5,213.9
2026-05-23T10:57:40,34.3,1385,7941,0,9,99.99,49,32.5,213.9
2026-05-23T10:57:46,33.0,1378,7941,0,9,99.99,55,30.5,213.9
2026-05-23T10:57:51,40.3,1378,7941,0,9,99.99,58,38.6,213.9
2026-05-23T10:57:56,32.8,1378,7941,0,11,99.99,62,30.3,213.9
2026-05-23T10:58:01,39.0,1386,7941,0,11,99.99,60,37.6,213.9
2026-05-23T10:58:07,39.0,1385,7941,0,11,99.99,58,37.0,213.9
2026-05-23T10:58:12,34.6,1385,7941,0,11,99.99,46,33.4,213.9
2026-05-23T10:58:17,33.3,1376,7941,0,9,99.99,50,31.0,213.9
2026-05-23T10:58:22,35.2,1386,7941,0,9,99.99,54,33.7,213.9
2026-05-23T10:58:28,36.4,1374,7941,0,9,99.99,58,33.9,213.9
2026-05-23T10:58:33,31.3,1382,7941,0,9,99.99,57,29.5,214.0
2026-05-23T10:58:38,45.8,1384,7941,0,11,99.99,60,44.3,214.0
2026-05-23T10:58:43,28.7,1393,7941,0,11,99.99,50,26.1,214.0
2026-05-23T10:58:49,32.8,1386,7941,0,11,99.99,50,30.8,214.0
2026-05-23T10:58:54,32.6,1390,7941,0,11,99.99,49,31.4,214.1
2026-05-23T10:58:59,34.5,1392,7941,0,10,99.99,55,32.5,214.1
2026-05-23T10:59:04,40.9,1383,7941,0,9,99.99,52,39.0,214.1
2026-05-23T10:59:10,40.1,1386,7941,0,10,99.99,65,37.9,214.1
2026-05-23T10:59:15,34.3,1383,7941,0,10,99.99,56,32.0,214.1
2026-05-23T10:59:20,37.5,1384,7941,0,9,99.99,47,35.6,214.1
2026-05-23T10:59:25,37.6,1381,7941,0,9,99.99,54,34.9,214.1
2026-05-23T10:59:31,34.7,1380,7941,0,9,99.99,51,33.0,214.1
2026-05-23T10:59:36,44.4,1373,7941,0,9,99.99,58,42.5,214.1
2026-05-23T10:59:41,37.3,1364,7941,0,8,99.99,71,35.4,214.1
2026-05-23T10:59:47,39.1,1372,7941,0,9,99.99,64,36.8,214.1
2026-05-23T10:59:52,41.6,1370,7941,0,9,99.99,43,39.9,214.1
2026-05-23T10:59:57,31.0,1372,7941,0,11,99.99,67,28.8,214.1
2026-05-23T11:00:02,40.8,1382,7941,0,11,99.99,51,40.2,214.1
2026-05-23T11:00:08,53.1,1438,7941,0,11,99.99,58,58.8,214.1
2026-05-23T11:00:14,52.5,1429,7941,0,11,99.99,61,52.6,214.1
2026-05-23T11:00:19,34.5,1421,7941,0,11,99.99,59,32.2,214.1
2026-05-23T11:00:24,39.0,1416,7941,0,9,99.99,46,36.5,214.1
2026-05-23T11:00:30,29.8,1416,7941,0,9,99.99,46,27.3,214.1
2026-05-23T11:00:35,38.7,1403,7941,0,9,99.99,64,36.2,214.1
2026-05-23T11:00:40,41.3,1390,7941,0,9,99.99,53,39.9,214.1
2026-05-23T11:00:46,31.2,1395,7941,0,11,99.99,51,28.5,214.1
2026-05-23T11:00:51,32.0,1402,7941,0,11,99.99,46,29.8,214.1
2026-05-23T11:00:56,42.5,1389,7941,0,9,99.99,58,40.9,214.1
2026-05-23T11:01:01,32.1,1395,7941,0,10,99.99,54,29.8,214.1
2026-05-23T11:01:07,37.5,1400,7941,0,10,99.99,56,35.5,214.1
2026-05-23T11:01:12,42.1,1400,7941,0,10,99.99,57,39.8,214.1
2026-05-23T11:01:17,31.5,1390,7941,0,10,99.99,56,29.1,214.1
2026-05-23T11:01:22,38.1,1396,7941,0,9,99.99,58,35.6,214.1
2026-05-23T11:01:28,36.2,1394,7941,0,9,99.99,50,34.2,214.1
2026-05-23T11:01:33,38.7,1396,7941,0,11,99.99,60,36.6,214.1
2026-05-23T11:01:38,40.0,1394,7941,0,11,99.99,52,38.2,214.1
2026-05-23T11:01:43,36.7,1390,7941,0,9,99.99,67,34.7,214.1
2026-05-23T11:01:49,40.0,1381,7941,0,9,99.99,74,38.0,214.1
2026-05-23T11:01:54,36.8,1378,7941,0,9,99.99,48,35.3,214.0
2026-05-23T11:01:59,30.9,1390,7941,0,11,99.99,48,28.6,214.0
2026-05-23T11:02:04,33.9,1393,7941,1,10,99.99,59,31.9,214.0
2026-05-23T11:02:10,37.6,1385,7941,0,10,99.99,44,36.2,214.0
2026-05-23T11:02:15,43.1,1389,7941,0,10,99.99,62,41.6,214.0
2026-05-23T11:02:20,37.4,1390,7941,0,11,99.99,54,35.4,214.0
2026-05-23T11:02:26,36.7,1386,7941,0,11,99.99,59,34.0,214.0
2026-05-23T11:02:31,38.8,1391,7941,0,10,99.99,56,37.2,214.0
2026-05-23T11:02:36,39.0,1381,7941,0,10,99.99,60,36.5,214.0
2026-05-23T11:02:41,38.8,1386,7941,0,9,99.99,61,36.1,214.0
2026-05-23T11:02:47,34.9,1360,7941,0,9,99.99,52,32.9,214.0
2026-05-23T11:02:52,34.0,1360,7941,0,9,99.99,55,32.0,214.0
2026-05-23T11:02:57,39.2,1364,7941,0,9,99.99,54,37.0,214.0
2026-05-23T11:03:02,36.5,1361,7941,0,10,99.99,47,34.2,214.0
2026-05-23T11:03:08,37.6,1368,7941,0,10,99.99,62,35.4,214.0
2026-05-23T11:03:13,39.8,1368,7941,0,10,99.99,59,38.0,214.0
2026-05-23T11:03:18,39.4,1370,7941,0,10,99.99,58,36.9,214.0
2026-05-23T11:03:23,37.8,1371,7941,0,10,99.99,57,35.2,214.0
2026-05-23T11:03:29,37.6,1355,7941,0,8,99.99,57,35.6,214.0
2026-05-23T11:03:34,38.2,1359,7941,0,9,99.99,56,36.2,214.0
2026-05-23T11:03:39,33.2,1362,7941,0,9,99.99,52,31.5,214.0
2026-05-23T11:03:45,33.5,1355,7941,0,9,99.99,54,30.6,214.0
2026-05-23T11:03:50,41.0,1367,7941,0,9,99.99,52,38.9,214.0
2026-05-23T11:03:55,38.0,1367,7941,0,10,99.99,48,36.5,214.0
2026-05-23T11:04:00,37.8,1367,7941,0,9,99.99,56,35.2,214.0
2026-05-23T11:04:06,38.1,1353,7941,0,9,99.99,64,35.6,214.0
2026-05-23T11:04:11,43.1,1361,7941,0,9,99.99,49,41.1,214.0
2026-05-23T11:04:16,35.8,1364,7941,0,9,99.99,62,33.7,214.0
2026-05-23T11:04:22,38.8,1363,7941,0,11,99.99,40,36.8,214.0
2026-05-23T11:04:27,29.6,1368,7941,0,11,99.99,59,27.3,214.0
2026-05-23T11:04:32,39.1,1370,7941,0,9,99.99,49,37.2,214.0
2026-05-23T11:04:37,36.7,1365,7941,0,9,99.99,59,34.7,214.0
2026-05-23T11:04:43,38.4,1362,7941,0,9,99.99,59,36.4,214.0
2026-05-23T11:04:48,40.0,1359,7941,0,9,99.99,64,37.9,214.0
2026-05-23T11:04:53,34.6,1363,7941,0,10,99.99,48,32.4,214.0
2026-05-23T11:04:58,31.6,1365,7941,0,10,99.99,44,29.8,214.0
2026-05-23T11:05:04,34.7,1366,7941,0,11,99.99,58,33.2,214.0
2026-05-23T11:05:09,36.6,1365,7941,0,11,99.99,44,34.7,214.0
2026-05-23T11:05:14,33.0,1353,7941,0,9,99.99,51,31.0,214.0
2026-05-23T11:05:19,35.9,1369,7941,0,9,99.99,49,33.9,214.0
2026-05-23T11:05:25,36.4,1360,7941,0,8,99.99,70,34.0,214.0
2026-05-23T11:05:30,33.0,1363,7941,0,9,99.99,45,31.0,214.0
2026-05-23T11:05:35,40.4,1364,7941,0,9,99.99,54,38.4,214.0
2026-05-23T11:05:41,36.8,1356,7941,0,9,99.99,57,34.6,214.0
2026-05-23T11:05:46,35.2,1354,7941,0,9,99.99,54,33.1,214.0
2026-05-23T11:05:51,41.4,1364,7941,0,9,99.99,58,39.8,214.0
2026-05-23T11:05:56,36.5,1358,7941,1,8,99.99,61,34.4,214.0
2026-05-23T11:06:02,39.0,1355,7941,0,8,99.99,59,36.9,214.0
2026-05-23T11:06:07,41.1,1362,7941,0,10,99.99,57,39.4,214.0
2026-05-23T11:06:12,32.3,1366,7941,0,10,99.99,58,31.1,214.0
2026-05-23T11:06:18,36.8,1356,7941,1,8,99.99,48,34.8,214.0
2026-05-23T11:06:23,40.0,1357,7941,0,10,99.99,64,38.0,214.0
2026-05-23T11:06:28,37.2,1359,7941,0,10,99.99,61,35.2,214.0
2026-05-23T11:06:33,33.3,1365,7941,0,11,99.99,41,31.0,214.0
2026-05-23T11:06:39,34.6,1371,7941,0,11,99.99,57,32.4,214.0
2026-05-23T11:06:44,43.7,1369,7941,0,9,99.99,55,35.4,214.0
2026-05-23T11:06:49,27.6,1373,7941,0,9,99.99,37,25.6,214.0
2026-05-23T11:06:55,37.7,1366,7941,0,10,99.99,63,35.8,214.0
2026-05-23T11:07:00,39.8,1365,7941,0,10,99.99,48,38.3,214.0
2026-05-23T11:07:05,36.1,1360,7941,0,10,99.99,62,34.1,214.0
2026-05-23T11:07:10,38.9,1364,7941,0,10,99.99,70,36.6,214.0
2026-05-23T11:07:16,38.3,1360,7941,0,8,99.99,53,36.3,214.0
2026-05-23T11:07:21,34.7,1361,7941,0,8,99.99,50,32.5,214.0
2026-05-23T11:07:26,39.8,1359,7941,0,9,99.99,62,37.0,214.0
2026-05-23T11:07:31,43.8,1359,7941,0,9,99.99,57,42.1,214.0
2026-05-23T11:07:37,37.5,1363,7941,0,11,99.99,57,35.7,214.0
2026-05-23T11:07:42,38.8,1363,7941,0,11,99.99,55,36.4,214.0
2026-05-23T11:07:47,34.3,1358,7941,0,9,99.99,61,32.1,214.0
2026-05-23T11:07:53,36.8,1357,7941,1,7,99.99,51,34.8,214.0
2026-05-23T11:07:58,35.6,1356,7941,0,9,99.99,46,33.7,214.0
2026-05-23T11:08:03,42.3,1360,7941,0,9,99.99,50,40.2,214.0
2026-05-23T11:08:08,32.9,1364,7941,0,9,99.99,56,30.6,214.0
2026-05-23T11:08:14,33.1,1370,7941,0,9,99.99,42,31.4,214.0
2026-05-23T11:08:19,39.2,1366,7941,0,9,99.99,57,37.2,214.1
2026-05-23T11:08:24,35.8,1358,7941,0,9,99.99,52,33.5,214.1
2026-05-23T11:08:29,38.6,1359,7941,1,8,99.99,64,37.0,214.1
2026-05-23T11:08:35,32.6,1361,7941,1,8,99.99,47,29.8,214.1
2026-05-23T11:08:40,39.7,1357,7941,0,9,99.99,52,38.2,214.1
2026-05-23T11:08:45,38.3,1358,7941,0,9,99.99,54,36.3,214.1
2026-05-23T11:08:50,36.0,1360,7941,0,10,99.99,58,34.2,214.1
2026-05-23T11:08:56,35.7,1368,7941,0,10,99.99,54,33.7,214.1
2026-05-23T11:09:01,36.3,1365,7941,0,9,99.99,52,35.1,214.1
2026-05-23T11:09:07,42.1,1373,7941,1,10,99.99,63,43.0,214.1
2026-05-23T11:09:12,43.1,1365,7941,0,11,99.99,56,41.0,214.1
2026-05-23T11:09:17,41.5,1369,7941,0,11,99.99,65,39.4,214.1
2026-05-23T11:09:23,33.2,1370,7941,0,11,99.99,55,30.9,214.1
2026-05-23T11:09:28,36.7,1354,7941,0,9,99.99,61,34.4,214.1
2026-05-23T11:09:33,37.5,1357,7941,0,10,99.99,49,35.6,214.1
2026-05-23T11:09:38,36.6,1360,7941,0,10,99.99,45,34.2,214.1
2026-05-23T11:09:44,36.5,1356,7941,0,9,99.99,70,34.6,214.1
2026-05-23T11:09:49,40.3,1354,7941,0,9,99.99,51,38.0,214.1
2026-05-23T11:09:54,38.0,1350,7941,0,9,99.99,67,35.7,214.1
2026-05-23T11:09:59,36.2,1355,7941,0,10,99.99,62,33.8,214.1
2026-05-23T11:10:05,54.3,1362,7941,0,11,99.99,62,54.0,214.1
2026-05-23T11:10:10,37.9,1359,7941,0,11,99.99,62,35.9,214.1
2026-05-23T11:10:15,43.3,1352,7941,0,10,99.99,56,40.8,214.1
2026-05-23T11:10:21,37.0,1352,7941,0,10,99.99,56,35.4,214.1
2026-05-23T11:10:26,37.4,1370,7941,0,9,99.99,43,35.2,214.1
2026-05-23T11:10:31,39.9,1351,7941,0,9,99.99,55,38.6,214.1
2026-05-23T11:10:37,35.7,1353,7941,0,9,99.99,62,33.2,214.1
2026-05-23T11:10:42,36.2,1356,7941,0,9,99.99,47,34.5,214.1
2026-05-23T11:10:47,37.4,1351,7941,0,9,99.99,63,35.2,214.1
2026-05-23T11:10:53,42.3,1364,7941,0,10,99.99,55,40.5,214.1
2026-05-23T11:10:58,35.4,1361,7941,0,10,99.99,62,33.1,214.1
2026-05-23T11:11:03,39.9,1361,7941,0,11,99.99,53,37.5,214.1
2026-05-23T11:11:09,40.9,1356,7941,0,11,99.99,46,39.1,214.1
2026-05-23T11:11:14,36.1,1352,7941,0,9,99.99,67,33.9,214.1
2026-05-23T11:11:19,41.2,1355,7941,0,9,99.99,52,39.6,214.1
2026-05-23T11:11:24,42.0,1350,7941,0,9,99.99,61,39.6,214.1
2026-05-23T11:11:30,36.4,1355,7941,0,9,99.99,43,34.4,214.1
2026-05-23T11:11:35,35.0,1356,7941,0,10,99.99,50,32.6,214.1
2026-05-23T11:11:40,35.9,1351,7941,0,9,99.99,51,34.4,214.1
2026-05-23T11:11:45,40.0,1355,7941,0,10,99.99,54,37.0,214.1
2026-05-23T11:11:51,36.3,1356,7941,0,10,99.99,56,34.8,214.1
2026-05-23T11:11:56,39.3,1355,7941,0,11,99.99,63,37.7,214.1
2026-05-23T11:12:01,35.1,1359,7941,1,10,99.99,46,32.5,214.1
2026-05-23T11:12:07,36.4,1363,7941,0,11,99.99,66,34.4,214.1
2026-05-23T11:12:12,34.3,1363,7941,0,11,99.99,51,31.9,214.1
2026-05-23T11:12:17,42.6,1356,7941,0,11,99.99,51,40.6,214.1
2026-05-23T11:12:22,33.7,1362,7941,0,11,99.99,54,31.4,214.1
2026-05-23T11:12:28,30.4,1357,7941,0,11,99.99,46,27.8,214.1
2026-05-23T11:12:33,39.4,1355,7941,0,10,99.99,52,37.4,214.1
2026-05-23T11:12:38,34.9,1353,7941,0,10,99.99,53,32.4,214.1
2026-05-23T11:12:43,40.4,1360,7941,0,11,99.99,57,36.7,214.1
2026-05-23T11:12:49,33.0,1359,7941,0,10,99.99,48,30.9,214.1
2026-05-23T11:12:54,37.0,1348,7941,0,8,99.99,63,34.6,214.1
2026-05-23T11:12:59,40.9,1350,7941,0,9,99.99,57,38.7,214.1
2026-05-23T11:13:04,42.6,1353,7941,0,11,99.99,64,40.1,214.1
2026-05-23T11:13:10,40.3,1354,7941,0,11,99.99,60,38.3,214.1
2026-05-23T11:13:15,35.9,1361,7941,0,11,99.99,59,33.2,214.1
2026-05-23T11:13:20,33.2,1359,7941,0,11,99.99,48,30.8,214.1
2026-05-23T11:13:25,38.7,1350,7941,0,10,99.99,72,36.0,214.1
2026-05-23T11:13:31,36.9,1355,7941,0,10,99.99,48,34.8,214.1
2026-05-23T11:13:36,35.3,1357,7941,0,9,99.99,60,32.6,214.1
2026-05-23T11:13:41,41.6,1358,7941,0,9,99.99,53,39.9,214.1
2026-05-23T11:13:46,40.3,1356,7941,0,8,99.99,66,38.0,214.1
2026-05-23T11:13:52,33.8,1352,7941,0,10,99.99,52,31.2,214.1
2026-05-23T11:13:57,29.9,1357,7941,0,10,99.99,53,27.4,214.1
2026-05-23T11:14:02,30.8,1354,7941,0,9,99.99,45,28.0,214.1
2026-05-23T11:14:07,42.4,1356,7941,0,11,99.99,68,39.6,214.1
2026-05-23T11:14:13,37.0,1357,7941,0,11,99.99,51,35.1,214.1
2026-05-23T11:14:18,31.1,1348,7941,1,8,99.99,48,28.8,214.1
2026-05-23T11:14:23,36.7,1351,7941,0,9,99.99,53,34.5,214.1
2026-05-23T11:14:28,36.2,1354,7941,0,9,99.99,52,33.9,214.1
2026-05-23T11:14:34,35.4,1353,7941,0,9,99.99,50,32.9,214.1
2026-05-23T11:14:39,31.7,1359,7941,0,10,99.99,54,29.3,214.1
2026-05-23T11:14:44,39.6,1353,7941,0,10,99.99,48,37.4,214.1
2026-05-23T11:14:49,33.4,1350,7941,0,9,99.99,54,31.6,214.1
2026-05-23T11:14:55,34.3,1356,7941,0,11,99.99,57,31.6,214.1
2026-05-23T11:15:00,37.4,1359,7941,0,11,99.99,49,35.5,214.1
2026-05-23T11:15:05,48.5,1352,7941,0,10,99.99,64,45.3,214.1
2026-05-23T11:15:10,30.5,1355,7941,0,10,99.99,54,27.8,214.1
2026-05-23T11:15:16,34.2,1351,7941,0,10,99.99,54,31.9,214.1
2026-05-23T11:15:21,32.6,1351,7941,0,9,99.99,49,31.1,214.1
2026-05-23T11:15:26,36.0,1352,7941,1,10,99.99,51,33.6,214.1
2026-05-23T11:15:31,37.4,1362,7941,0,11,99.99,55,35.6,214.1
2026-05-23T11:15:37,31.2,1355,7941,0,9,99.99,55,29.1,214.1
2026-05-23T11:15:42,35.8,1354,7941,0,11,99.99,49,33.7,214.1
2026-05-23T11:15:47,37.4,1356,7941,0,11,99.99,59,35.6,214.1
2026-05-23T11:15:52,32.8,1370,7941,0,10,99.99,55,30.9,214.1
2026-05-23T11:15:58,38.2,1359,7941,0,11,99.99,56,35.9,214.1
2026-05-23T11:16:03,37.9,1366,7941,0,11,99.99,61,36.0,214.1
2026-05-23T11:16:08,38.5,1343,7941,0,8,99.99,51,36.6,214.1
2026-05-23T11:16:13,31.5,1354,7941,0,9,99.99,53,29.5,214.1
2026-05-23T11:16:19,35.0,1354,7941,0,9,99.99,51,33.1,214.1
2026-05-23T11:16:24,29.3,1355,7941,0,9,99.99,37,27.2,214.1
2026-05-23T11:16:29,37.8,1353,7941,0,9,99.99,58,35.9,214.1
2026-05-23T11:16:34,37.1,1352,7941,0,9,99.99,54,34.9,214.1
2026-05-23T11:16:39,34.2,1355,7941,0,10,99.99,51,32.4,214.1
2026-05-23T11:16:45,37.3,1368,7941,0,10,99.99,62,34.9,214.1
2026-05-23T11:16:50,29.0,1351,7941,0,8,99.99,46,27.0,214.1
2026-05-23T11:16:55,39.2,1357,7941,0,11,99.99,44,37.1,214.1
2026-05-23T11:17:00,34.8,1351,7941,0,9,99.99,59,33.0,214.1
2026-05-23T11:17:06,35.6,1350,7941,0,9,99.99,62,33.0,214.1
2026-05-23T11:17:11,35.8,1360,7941,0,11,99.99,48,34.2,214.1
2026-05-23T11:17:16,40.5,1367,7941,0,11,99.99,51,39.0,214.1
2026-05-23T11:17:22,35.9,1359,7941,0,10,99.99,55,33.9,214.1
2026-05-23T11:17:27,34.0,1363,7941,0,11,99.99,58,31.6,214.1
2026-05-23T11:17:32,36.1,1362,7941,0,11,99.99,48,34.3,214.1
2026-05-23T11:17:37,31.2,1368,7941,0,11,99.99,52,29.2,214.1
2026-05-23T11:17:42,35.1,1371,7941,0,11,99.99,50,33.5,214.1
2026-05-23T11:17:48,37.8,1356,7941,0,10,99.99,64,35.9,214.2
2026-05-23T11:17:53,35.9,1359,7941,0,10,99.99,45,34.2,214.2
2026-05-23T11:17:58,32.9,1358,7941,0,10,99.99,55,30.9,214.2
2026-05-23T11:18:03,39.0,1362,7941,0,10,99.99,52,37.0,214.2
2026-05-23T11:18:09,35.4,1360,7941,0,10,99.99,53,33.7,214.2
2026-05-23T11:18:14,37.2,1355,7941,0,10,99.99,58,35.1,214.2
2026-05-23T11:18:19,34.7,1360,7941,0,10,99.99,50,33.2,214.2
2026-05-23T11:18:24,34.6,1359,7941,0,10,99.99,64,32.1,214.2
2026-05-23T11:18:30,40.2,1358,7941,0,10,99.99,59,38.8,214.2
2026-05-23T11:18:35,35.3,1356,7941,0,10,99.99,46,32.9,214.2
2026-05-23T11:18:40,29.7,1358,7941,0,10,99.99,54,27.7,214.2
2026-05-23T11:18:45,37.8,1352,7941,0,9,99.99,62,36.0,214.2
2026-05-23T11:18:51,36.2,1353,7941,0,9,99.99,55,34.4,214.2
2026-05-23T11:18:56,36.9,1350,7941,0,8,99.99,61,35.1,214.2
2026-05-23T11:19:01,33.4,1360,7941,0,9,99.99,52,31.6,214.2
2026-05-23T11:19:07,40.7,1350,7941,0,9,99.99,59,38.9,214.2
2026-05-23T11:19:12,37.4,1359,7941,0,9,99.99,52,35.6,214.2
2026-05-23T11:19:17,43.0,1351,7941,0,9,99.99,67,41.5,214.2
2026-05-23T11:19:22,38.4,1364,7941,0,11,99.99,57,36.1,214.2
2026-05-23T11:19:27,35.5,1372,7941,1,10,99.99,61,33.2,214.2
2026-05-23T11:19:33,33.6,1363,7941,0,10,99.99,47,31.6,214.2
2026-05-23T11:19:38,36.2,1352,7941,0,10,99.99,62,34.4,214.2
2026-05-23T11:19:43,39.6,1369,7941,0,11,99.99,53,38.4,214.2
2026-05-23T11:19:48,34.3,1364,7941,0,11,99.99,61,31.9,214.2
2026-05-23T11:19:54,39.7,1360,7941,0,10,99.99,53,37.9,214.2
2026-05-23T11:19:59,33.5,1371,7941,0,10,99.99,50,31.5,214.2
2026-05-23T11:20:04,41.3,1362,7941,0,9,99.99,53,42.6,214.2
2026-05-23T11:20:09,35.7,1362,7941,0,9,99.99,59,33.1,214.2
2026-05-23T11:20:15,39.9,1357,7941,0,8,99.99,62,37.6,214.2
2026-05-23T11:20:20,34.8,1367,7941,0,9,99.99,38,32.6,214.2
2026-05-23T11:20:25,32.4,1360,7941,0,9,99.99,52,30.1,214.2
2026-05-23T11:20:31,38.8,1363,7941,0,9,99.99,64,37.0,214.2
2026-05-23T11:20:36,35.9,1357,7941,0,9,99.99,55,33.7,214.2
2026-05-23T11:20:41,36.7,1358,7941,0,10,99.99,59,35.0,214.2
2026-05-23T11:20:46,38.0,1359,7941,0,10,99.99,52,35.8,214.2
2026-05-23T11:20:52,35.6,1356,7941,0,8,99.99,57,34.0,214.2
2026-05-23T11:20:57,33.4,1356,7941,0,8,99.99,50,31.3,214.2
2026-05-23T11:21:02,34.8,1356,7941,0,9,99.99,33,33.9,214.2
2026-05-23T11:21:07,34.3,1354,7941,0,10,99.99,56,31.9,214.2
2026-05-23T11:21:13,34.1,1356,7941,0,10,99.99,54,32.2,214.2
2026-05-23T11:21:18,36.5,1359,7941,0,10,99.99,56,34.4,214.2
2026-05-23T11:21:23,37.3,1362,7941,0,10,99.99,50,35.0,214.2
2026-05-23T11:21:28,36.5,1356,7941,1,8,99.99,64,34.4,214.2
2026-05-23T11:21:33,36.7,1360,7941,0,11,99.99,54,34.5,214.2
2026-05-23T11:21:39,33.6,1366,7941,0,11,99.99,61,31.6,214.2
2026-05-23T11:21:44,41.1,1387,7941,0,10,99.99,63,38.6,214.2
2026-05-23T11:21:49,37.3,1364,7941,2,7,99.99,59,35.6,214.2
2026-05-23T11:21:54,38.0,1363,7941,0,11,99.99,62,35.7,214.2
2026-05-23T11:22:00,35.8,1363,7941,0,11,99.99,60,33.9,214.2
2026-05-23T11:22:05,41.2,1370,7941,0,11,99.99,75,39.1,214.2
2026-05-23T11:22:10,38.0,1373,7941,0,11,99.99,50,36.5,214.2
2026-05-23T11:22:16,33.0,1366,7941,0,11,99.99,49,30.8,214.2
2026-05-23T11:22:21,35.1,1357,7941,0,8,99.99,51,33.1,214.2
2026-05-23T11:22:26,33.2,1354,7941,0,8,99.99,44,30.7,214.2
2026-05-23T11:22:31,32.7,1358,7941,0,10,99.99,52,30.7,214.2
2026-05-23T11:22:36,35.7,1354,7941,0,10,99.99,61,33.0,214.2
2026-05-23T11:22:42,40.3,1361,7941,0,11,99.99,63,38.8,214.2
2026-05-23T11:22:47,31.9,1365,7941,0,11,99.99,45,29.6,214.2
2026-05-23T11:22:52,35.1,1369,7941,0,11,99.99,49,33.1,214.2
2026-05-23T11:22:57,36.3,1363,7941,0,11,99.99,58,34.5,214.2
2026-05-23T11:23:03,42.4,1360,7941,0,10,99.99,57,40.1,214.2
2026-05-23T11:23:08,38.9,1365,7941,0,10,99.99,68,36.8,214.2
2026-05-23T11:23:13,36.9,1369,7941,0,10,99.99,43,35.4,214.2
2026-05-23T11:23:18,30.4,1355,7941,0,8,99.99,70,27.9,214.2
2026-05-23T11:23:24,31.2,1359,7941,0,9,99.99,47,29.5,214.2
2026-05-23T11:23:29,38.2,1355,7941,0,9,99.99,48,36.3,214.2
2026-05-23T11:23:34,41.7,1368,7941,0,10,99.99,67,39.9,214.2
2026-05-23T11:23:39,37.7,1365,7941,0,10,99.99,46,36.1,214.2
2026-05-23T11:23:45,35.7,1355,7941,0,9,99.99,54,33.4,214.2
2026-05-23T11:23:50,38.2,1360,7941,0,9,99.99,57,36.5,214.2
2026-05-23T11:23:55,36.3,1360,7941,0,9,99.99,55,33.9,214.2
2026-05-23T11:24:01,38.0,1357,7941,1,9,99.99,63,35.6,214.2
2026-05-23T11:24:06,44.8,1358,7941,0,10,99.99,57,43.5,214.2
2026-05-23T11:24:11,37.0,1360,7941,0,10,99.99,47,34.9,214.2
2026-05-23T11:24:16,40.0,1363,7941,0,9,99.99,60,37.8,214.2
2026-05-23T11:24:22,37.2,1367,7941,0,9,99.99,52,35.6,214.2
2026-05-23T11:24:27,36.1,1368,7941,0,10,99.99,61,33.8,214.2
2026-05-23T11:24:32,35.2,1364,7941,0,8,99.99,38,33.4,214.2
2026-05-23T11:24:37,37.3,1364,7941,1,8,99.99,65,35.2,214.2
2026-05-23T11:24:43,39.9,1361,7941,0,9,99.99,61,37.7,214.2
2026-05-23T11:24:48,37.5,1352,7941,0,9,99.99,52,35.8,214.2
2026-05-23T11:24:53,35.6,1357,7941,0,9,99.99,54,33.7,214.2
2026-05-23T11:24:59,39.9,1367,7941,0,11,99.99,67,37.6,214.2
2026-05-23T11:25:04,43.9,1369,7941,0,11,99.99,52,43.0,214.2
2026-05-23T11:25:09,35.7,1357,7941,0,10,99.99,55,33.2,214.2
2026-05-23T11:25:14,32.0,1360,7941,0,9,99.99,50,29.5,214.2
2026-05-23T11:25:20,36.1,1349,7941,0,9,99.99,43,34.4,214.2
2026-05-23T11:25:25,36.2,1356,7941,0,10,99.99,58,33.5,214.2
2026-05-23T11:25:30,39.7,1357,7941,0,10,99.99,55,37.6,214.2
2026-05-23T11:25:35,40.1,1357,7941,0,10,99.99,62,38.0,214.2
2026-05-23T11:25:41,33.4,1359,7941,0,10,99.99,49,31.9,214.2
2026-05-23T11:25:46,36.3,1364,7941,0,10,99.99,55,33.8,214.2
2026-05-23T11:25:51,34.5,1362,7941,0,10,99.99,48,32.7,214.2
2026-05-23T11:25:56,33.8,1357,7941,0,9,99.99,57,31.6,214.2
2026-05-23T11:26:02,41.1,1363,7941,0,11,99.99,45,39.3,214.2
2026-05-23T11:26:07,36.4,1367,7941,0,11,99.99,65,34.1,214.2
2026-05-23T11:26:12,34.8,1368,7941,0,11,99.99,48,32.6,214.2
2026-05-23T11:26:17,40.2,1361,7941,0,11,99.99,64,38.4,214.2
2026-05-23T11:26:23,38.3,1358,7941,0,9,99.99,53,36.2,214.2
2026-05-23T11:26:28,36.2,1353,7941,0,9,99.99,54,33.8,214.2
2026-05-23T11:26:33,34.9,1352,7941,0,8,99.99,46,32.9,214.2
2026-05-23T11:26:39,38.6,1356,7941,0,8,99.99,53,37.0,214.2
2026-05-23T11:26:44,39.8,1374,7941,0,11,99.99,52,36.8,214.2
2026-05-23T11:26:49,33.9,1376,7941,0,10,99.99,55,31.4,214.2
2026-05-23T11:26:54,33.2,1365,7941,0,11,99.99,62,30.9,214.2
2026-05-23T11:27:00,39.6,1357,7941,0,11,99.99,50,37.9,214.2
2026-05-23T11:27:05,33.7,1356,7941,0,9,99.99,52,31.1,214.2
2026-05-23T11:27:10,38.0,1355,7941,0,9,99.99,57,36.3,214.2
2026-05-23T11:27:15,33.2,1352,7941,0,8,99.99,48,31.1,214.2
2026-05-23T11:27:21,32.2,1358,7941,0,11,99.99,49,29.9,214.2
2026-05-23T11:27:26,36.1,1366,7941,0,11,99.99,58,33.8,214.2
2026-05-23T11:27:31,37.1,1364,7941,0,9,99.99,49,35.3,214.2
2026-05-23T11:27:36,35.9,1368,7941,0,9,99.99,56,33.8,214.2
2026-05-23T11:27:42,33.8,1366,7941,0,9,99.99,52,31.9,214.2
2026-05-23T11:27:47,36.2,1374,7941,0,11,99.99,62,33.7,214.2
2026-05-23T11:27:52,39.4,1367,7941,0,10,99.99,50,38.1,214.2
2026-05-23T11:27:58,41.1,1359,7941,0,9,99.99,68,38.6,214.2
2026-05-23T11:28:03,37.9,1355,7941,0,8,99.99,52,35.9,214.2
2026-05-23T11:28:08,33.1,1363,7941,0,11,99.99,47,30.5,214.2
2026-05-23T11:28:13,35.3,1366,7941,0,11,99.99,47,33.5,214.2
2026-05-23T11:28:19,41.5,1363,7941,0,11,99.99,54,39.2,214.2
2026-05-23T11:28:24,32.8,1350,7941,0,8,99.99,58,30.4,214.2
2026-05-23T11:28:29,35.2,1356,7941,0,10,99.99,52,32.9,214.2
2026-05-23T11:28:34,32.7,1362,7941,0,10,99.99,56,30.1,214.2
2026-05-23T11:28:40,41.8,1366,7941,0,10,99.99,56,40.0,214.2
2026-05-23T11:28:45,41.9,1360,7941,0,11,99.99,65,38.9,214.2
2026-05-23T11:28:50,38.4,1363,7941,0,11,99.99,57,36.5,214.2
2026-05-23T11:28:56,36.3,1356,7941,0,9,99.99,54,33.8,214.2
2026-05-23T11:29:01,37.9,1349,7941,0,8,99.99,49,36.4,214.2
2026-05-23T11:29:06,32.6,1356,7941,0,8,99.99,50,30.9,214.2
2026-05-23T11:29:12,33.9,1347,7941,0,8,99.99,43,31.9,214.2
2026-05-23T11:29:17,38.5,1354,7941,1,9,99.99,58,36.2,214.2
2026-05-23T11:29:22,39.4,1358,7941,0,10,99.99,52,37.3,214.2
2026-05-23T11:29:27,35.7,1353,7941,1,8,99.99,47,32.7,214.2
2026-05-23T11:29:33,34.9,1351,7941,0,9,99.99,49,33.4,214.2
2026-05-23T11:29:38,41.5,1354,7941,0,10,99.99,56,39.7,214.2
2026-05-23T11:29:43,43.8,1429,7941,0,11,99.99,54,36.5,214.2
2026-05-23T11:29:49,34.9,1383,7941,0,10,99.99,61,32.6,214.2
2026-05-23T11:29:54,28.1,1360,7941,0,9,99.99,48,25.4,214.2
2026-05-23T11:29:59,36.9,1361,7941,0,9,99.99,65,35.0,214.2
2026-05-23T11:30:04,58.8,1362,7941,0,11,99.99,59,61.5,214.2
2026-05-23T11:30:10,39.2,1365,7941,0,11,99.99,47,37.4,214.2
2026-05-23T11:30:15,33.7,1350,7941,0,9,99.99,60,31.0,214.2
2026-05-23T11:30:21,40.7,1357,7941,1,8,99.99,47,38.1,214.2
2026-05-23T11:30:26,38.6,1363,7941,0,9,99.99,55,36.5,214.2
2026-05-23T11:30:31,35.7,1362,7941,0,9,99.99,59,33.9,214.2
2026-05-23T11:30:36,36.7,1356,7941,0,9,99.99,54,34.3,214.2
2026-05-23T11:30:42,32.7,1360,7941,0,9,99.99,40,31.2,214.2
2026-05-23T11:30:47,40.5,1362,7941,0,9,99.99,65,38.8,214.2
2026-05-23T11:30:52,37.0,1370,7941,0,11,99.99,68,34.7,214.2
2026-05-23T11:30:58,39.5,1368,7941,0,11,99.99,52,37.5,214.2
2026-05-23T11:31:03,37.9,1363,7941,0,9,99.99,52,35.9,214.2
2026-05-23T11:31:08,34.6,1360,7941,0,9,99.99,59,32.2,214.2
2026-05-23T11:31:13,33.4,1373,7941,0,9,99.99,51,31.5,214.2
2026-05-23T11:31:19,36.5,1367,7941,0,9,99.99,51,34.5,214.2
2026-05-23T11:31:24,37.3,1365,7941,0,9,99.99,60,35.4,214.2
2026-05-23T11:31:29,34.1,1368,7941,0,9,99.99,60,32.1,214.2
2026-05-23T11:31:34,39.9,1364,7941,0,9,99.99,57,37.6,214.2
2026-05-23T11:31:40,30.6,1364,7941,0,9,99.99,47,28.7,214.4
2026-05-23T11:31:45,37.6,1357,7941,0,9,99.99,47,35.4,214.4
2026-05-23T11:31:50,28.5,1364,7941,0,10,99.99,53,26.0,214.4
2026-05-23T11:31:56,40.9,1372,7941,0,10,99.99,59,39.5,214.4
2026-05-23T11:32:01,40.8,1360,7941,0,9,99.99,59,39.1,214.4
2026-05-23T11:32:06,32.1,1361,7941,0,9,99.99,46,29.3,214.4
2026-05-23T11:32:11,31.5,1363,7941,0,9,99.99,51,30.0,214.4
2026-05-23T11:32:17,37.9,1368,7941,0,11,99.99,54,35.7,214.4
2026-05-23T11:32:22,36.1,1365,7941,0,11,99.99,59,34.0,214.4
2026-05-23T11:32:27,34.7,1368,7941,0,11,99.99,53,32.9,214.4
2026-05-23T11:32:32,35.4,1359,7941,0,9,99.99,52,33.5,214.4
2026-05-23T11:32:38,36.7,1366,7941,0,10,99.99,58,34.3,214.4
2026-05-23T11:32:43,40.2,1378,7941,0,10,99.99,47,37.5,214.4
2026-05-23T11:32:48,35.2,1370,7941,0,9,99.99,59,33.4,214.4
2026-05-23T11:32:53,31.3,1364,7941,0,9,99.99,40,29.3,214.4
2026-05-23T11:32:59,36.8,1350,7941,0,8,99.99,63,35.0,214.4
2026-05-23T11:33:04,34.4,1361,7941,0,8,99.99,44,32.6,214.4
2026-05-23T11:33:09,31.4,1358,7941,0,8,99.99,49,29.3,214.4
2026-05-23T11:33:14,38.9,1352,7941,0,8,99.99,67,37.2,214.4
2026-05-23T11:33:20,37.2,1362,7941,0,11,99.99,51,35.2,214.4
2026-05-23T11:33:25,40.8,1358,7941,0,11,99.99,59,38.4,214.5
2026-05-23T11:33:30,29.8,1356,7941,0,10,99.99,45,27.4,214.5
2026-05-23T11:33:35,41.7,1357,7941,0,10,99.99,69,39.7,214.5
2026-05-23T11:33:40,33.7,1351,7941,0,10,99.99,49,31.6,214.5
2026-05-23T11:33:46,39.7,1348,7941,0,9,99.99,69,37.4,214.5
2026-05-23T11:33:51,37.4,1357,7941,0,9,99.99,41,36.2,214.5
2026-05-23T11:33:56,28.9,1363,7941,0,9,99.99,57,26.6,214.5
2026-05-23T11:34:01,35.2,1350,7941,0,8,99.99,43,33.6,214.5
2026-05-23T11:34:07,40.5,1352,7941,0,8,99.99,53,38.6,214.5
2026-05-23T11:34:12,34.6,1351,7941,1,8,99.99,59,32.6,214.5
2026-05-23T11:34:17,36.4,1359,7941,0,11,99.99,55,34.2,214.5
2026-05-23T11:34:22,33.3,1359,7941,0,11,99.99,48,31.4,214.5
2026-05-23T11:34:28,32.6,1365,7941,0,11,99.99,64,30.3,214.5
2026-05-23T11:34:33,36.9,1363,7941,2,9,99.99,53,35.4,214.5
2026-05-23T11:34:38,34.8,1364,7941,0,11,99.99,48,33.4,214.5
2026-05-23T11:34:44,36.7,1357,7941,0,9,99.99,53,34.2,214.5
2026-05-23T11:34:49,36.4,1359,7941,0,9,99.99,61,34.2,214.5
2026-05-23T11:34:54,32.8,1356,7941,0,8,99.99,57,31.2,214.5
2026-05-23T11:34:59,35.2,1358,7941,0,11,99.99,51,33.2,214.5
2026-05-23T11:35:04,42.9,1359,7941,0,11,99.99,68,40.0,214.5
2026-05-23T11:35:10,37.0,1361,7941,0,11,99.99,56,35.0,214.5
2026-05-23T11:35:15,26.7,1351,7941,0,9,99.99,45,24.6,214.5
2026-05-23T11:35:20,39.9,1359,7941,0,9,99.99,51,38.6,214.5
2026-05-23T11:35:25,37.7,1362,7941,0,9,99.99,67,34.5,214.5
2026-05-23T11:35:31,33.1,1362,7941,0,9,99.99,41,31.3,214.5
2026-05-23T11:35:36,36.3,1357,7941,0,11,99.99,64,34.0,214.5
2026-05-23T11:35:41,37.6,1362,7941,0,11,99.99,53,36.3,214.5
2026-05-23T11:35:46,38.1,1359,7941,0,11,99.99,55,36.2,214.4
2026-05-23T11:35:52,33.3,1350,7941,0,9,99.99,61,30.9,214.4
2026-05-23T11:35:57,35.3,1351,7941,0,9,99.99,55,33.1,214.4
2026-05-23T11:36:02,37.3,1354,7941,0,10,99.99,50,35.0,214.4
2026-05-23T11:36:07,40.1,1360,7941,0,10,99.99,61,38.0,214.5
2026-05-23T11:36:13,29.4,1364,7941,0,10,99.99,46,27.7,214.5
2026-05-23T11:36:18,38.5,1355,7941,0,10,99.99,57,37.0,214.5
2026-05-23T11:36:23,38.4,1356,7941,0,9,99.99,59,36.6,214.5
2026-05-23T11:36:28,39.7,1358,7941,0,9,99.99,58,37.2,214.5
2026-05-23T11:36:34,36.5,1358,7941,0,9,99.99,47,34.9,214.5
2026-05-23T11:36:39,38.3,1353,7941,0,9,99.99,72,36.2,214.5
2026-05-23T11:36:44,37.0,1358,7941,0,11,99.99,57,34.4,214.5
2026-05-23T11:36:49,38.6,1362,7941,0,11,99.99,62,36.9,214.5
2026-05-23T11:36:55,41.1,1355,7941,0,9,99.99,64,39.4,214.5
2026-05-23T11:37:00,33.9,1350,7941,0,9,99.99,54,32.4,214.5
2026-05-23T11:37:05,35.9,1361,7941,0,10,99.99,51,33.9,214.5
2026-05-23T11:37:11,40.0,1357,7941,0,10,99.99,64,39.9,214.5
2026-05-23T11:37:16,34.6,1361,7941,0,11,99.99,57,31.6,214.5
2026-05-23T11:37:21,37.7,1366,7941,0,11,99.99,62,35.9,214.5
2026-05-23T11:37:26,33.1,1358,7941,0,9,99.99,52,30.4,214.5
2026-05-23T11:37:32,39.9,1358,7941,0,10,99.99,54,38.6,214.5
2026-05-23T11:37:37,32.3,1360,7941,0,11,99.99,67,30.1,214.5
2026-05-23T11:37:42,38.7,1360,7941,0,11,99.99,50,37.0,214.5
2026-05-23T11:37:47,37.9,1361,7941,0,10,99.99,72,35.9,214.5
2026-05-23T11:37:53,32.9,1361,7941,0,10,99.99,48,30.9,214.5
2026-05-23T11:37:58,32.1,1369,7941,0,10,99.99,54,30.0,214.5
2026-05-23T11:38:03,36.8,1363,7941,0,8,99.99,56,34.9,214.5
2026-05-23T11:38:08,40.2,1361,7941,0,10,99.99,53,38.9,214.5
2026-05-23T11:38:13,36.2,1361,7941,0,11,99.99,56,34.2,214.5
2026-05-23T11:38:19,36.2,1369,7941,0,11,99.99,62,34.1,214.5
2026-05-23T11:38:24,36.4,1373,7941,0,11,99.99,57,34.7,214.5
2026-05-23T11:38:29,34.9,1372,7941,0,11,99.99,48,33.0,214.5
2026-05-23T11:38:34,30.5,1359,7941,0,10,99.99,61,27.7,214.5
2026-05-23T11:38:40,32.0,1353,7941,1,9,99.99,48,30.2,214.5
2026-05-23T11:38:45,31.9,1361,7941,0,8,99.99,47,29.4,214.5
2026-05-23T11:38:50,39.6,1366,7941,0,10,99.99,43,38.3,214.5
2026-05-23T11:38:55,31.9,1361,7941,0,10,99.99,64,29.5,214.5
2026-05-23T11:39:00,38.1,1358,7941,0,10,99.99,50,36.8,214.5
2026-05-23T11:39:06,42.7,1353,7941,0,9,99.99,57,40.2,214.5
2026-05-23T11:39:11,37.2,1356,7941,1,8,99.99,56,35.0,214.5
2026-05-23T11:39:16,35.0,1357,7941,1,8,99.99,64,32.8,214.5
2026-05-23T11:39:22,42.3,1357,7941,0,8,99.99,46,41.0,214.5
2026-05-23T11:39:27,35.0,1357,7941,0,9,99.99,59,32.5,214.5
2026-05-23T11:39:32,34.1,1359,7941,0,9,99.99,48,31.9,214.5
2026-05-23T11:39:37,32.9,1367,7941,1,8,99.99,58,29.6,214.5
2026-05-23T11:39:43,37.5,1369,7941,0,11,99.99,58,35.4,214.5
2026-05-23T11:39:48,40.7,1366,7941,0,11,99.99,61,38.8,214.5
2026-05-23T11:39:53,30.9,1359,7941,0,9,99.99,56,29.1,214.5
2026-05-23T11:39:58,42.0,1370,7941,0,9,99.99,70,40.4,214.5
2026-05-23T11:40:03,41.9,1367,7941,0,9,99.99,49,40.8,214.5
2026-05-23T11:40:09,38.2,1364,7941,0,9,99.99,47,36.2,214.5
2026-05-23T11:40:14,37.5,1361,7941,0,9,99.99,65,35.2,214.5
2026-05-23T11:40:19,36.7,1366,7941,0,11,99.99,55,34.4,214.5
2026-05-23T11:40:25,35.8,1373,7941,0,11,99.99,55,33.4,214.5
2026-05-23T11:40:30,32.4,1356,7941,0,9,99.99,49,30.7,214.5
2026-05-23T11:40:35,39.6,1355,7941,0,9,99.99,60,37.5,214.5
2026-05-23T11:40:40,33.2,1361,7941,0,10,99.99,45,31.2,214.5
2026-05-23T11:40:46,29.4,1367,7941,0,10,99.99,65,27.3,214.5
2026-05-23T11:40:51,39.6,1373,7941,0,11,99.99,49,38.0,214.5
2026-05-23T11:40:56,33.8,1372,7941,0,10,99.99,51,31.9,214.5
2026-05-23T11:41:01,36.1,1369,7941,0,10,99.99,51,34.4,214.5
2026-05-23T11:41:07,37.3,1366,7941,0,10,99.99,55,35.3,214.5
2026-05-23T11:41:12,35.9,1372,7941,0,10,99.99,50,34.0,214.5
2026-05-23T11:41:17,32.7,1364,7941,0,10,99.99,58,31.1,214.5
2026-05-23T11:41:22,36.6,1364,7941,0,10,99.99,47,35.3,214.5
2026-05-23T11:41:28,41.5,1373,7941,0,10,99.99,65,39.4,214.5
2026-05-23T11:41:33,35.6,1373,7941,0,10,99.99,49,33.6,214.5
2026-05-23T11:41:38,33.7,1368,7941,0,10,99.99,61,31.8,214.5
2026-05-23T11:41:43,36.5,1368,7941,0,9,99.99,55,33.3,214.5
2026-05-23T11:41:48,39.2,1365,7941,0,11,99.99,55,37.1,214.5
2026-05-23T11:41:54,32.0,1369,7941,0,11,99.99,54,30.1,214.5
2026-05-23T11:41:59,36.9,1363,7941,0,10,99.99,62,35.5,214.5
2026-05-23T11:42:04,40.7,1359,7941,0,10,99.99,54,38.9,214.5
2026-05-23T11:42:09,38.8,1371,7941,0,11,99.99,62,37.2,214.5
2026-05-23T11:42:15,39.2,1362,7941,0,11,99.99,65,37.3,214.5
2026-05-23T11:42:20,29.2,1365,7941,0,10,99.99,46,27.6,214.5
2026-05-23T11:42:25,36.6,1365,7941,0,10,99.99,63,35.2,214.5
2026-05-23T11:42:30,27.3,1362,7941,0,9,99.99,40,25.3,214.5
2026-05-23T11:42:36,38.2,1360,7941,0,10,99.99,53,36.4,214.5
2026-05-23T11:42:41,33.5,1368,7941,0,10,99.99,46,31.9,214.5
2026-05-23T11:42:46,36.9,1365,7941,0,10,99.99,69,34.4,214.5
2026-05-23T11:42:51,36.3,1366,7941,0,10,99.99,52,35.0,214.5
2026-05-23T11:42:57,39.7,1365,7941,0,10,99.99,68,37.3,214.5
2026-05-23T11:43:02,36.8,1364,7941,0,10,99.99,56,34.9,214.5
2026-05-23T11:43:07,34.9,1359,7941,0,9,99.99,58,33.1,214.5
2026-05-23T11:43:12,37.3,1363,7941,0,10,99.99,56,35.5,214.5
2026-05-23T11:43:18,33.6,1359,7941,0,9,99.99,58,31.2,214.5
2026-05-23T11:43:23,36.9,1377,7941,0,9,99.99,51,35.2,214.5
2026-05-23T11:43:28,34.3,1375,7941,0,9,99.99,49,32.1,214.5
2026-05-23T11:43:33,31.7,1365,7941,0,8,99.99,49,30.0,214.5
2026-05-23T11:43:39,36.7,1362,7941,0,9,99.99,57,34.6,214.5
2026-05-23T11:43:44,37.5,1364,7941,0,10,99.99,59,35.8,214.5
2026-05-23T11:43:49,34.9,1367,7941,0,10,99.99,49,33.1,214.5
2026-05-23T11:43:54,40.8,1367,7941,0,10,99.99,57,39.1,214.5
2026-05-23T11:44:00,36.2,1363,7941,0,9,99.99,45,34.6,214.5
2026-05-23T11:44:05,37.0,1362,7941,0,9,99.99,61,34.9,214.5
2026-05-23T11:44:10,36.0,1367,7941,1,8,99.99,50,34.1,214.5
2026-05-23T11:44:15,37.1,1362,7941,0,9,99.99,55,34.9,214.5
2026-05-23T11:44:21,40.2,1365,7941,0,9,99.99,56,38.5,214.5
2026-05-23T11:44:26,31.2,1359,7941,1,8,99.99,49,29.1,214.5
2026-05-23T11:44:31,35.7,1367,7941,3,6,99.99,54,33.9,214.5
2026-05-23T11:44:36,37.3,1374,7941,0,10,99.99,57,34.8,214.5
2026-05-23T11:44:42,33.8,1369,7941,0,10,99.99,38,32.2,214.5
2026-05-23T11:44:47,40.0,1375,7941,0,10,99.99,65,36.4,214.5
2026-05-23T11:44:52,35.2,1371,7941,0,10,99.99,62,33.1,214.5
2026-05-23T11:44:57,38.8,1368,7941,0,10,99.99,57,36.9,214.6
2026-05-23T11:45:03,48.9,1366,7941,0,11,99.99,53,49.0,214.6
2026-05-23T11:45:08,31.9,1367,7941,1,9,99.99,57,29.9,214.6
2026-05-23T11:45:14,35.5,1365,7941,0,10,99.99,50,34.0,214.6
2026-05-23T11:45:19,40.3,1362,7941,0,9,99.99,60,39.2,214.6
2026-05-23T11:45:24,41.5,1357,7941,0,9,99.99,65,39.4,214.6
2026-05-23T11:45:29,33.3,1354,7941,0,9,99.99,51,31.2,214.6
2026-05-23T11:45:35,39.2,1352,7941,0,9,99.99,50,37.2,214.6
2026-05-23T11:45:40,38.7,1353,7941,0,9,99.99,58,37.0,214.6
2026-05-23T11:45:45,36.9,1354,7941,0,9,99.99,52,34.5,214.6
2026-05-23T11:45:50,41.5,1360,7941,0,9,99.99,62,39.9,214.6
2026-05-23T11:45:56,30.1,1349,7941,0,9,99.99,53,27.8,214.6
2026-05-23T11:46:01,42.5,1359,7941,0,11,99.99,59,40.2,214.6
2026-05-23T11:46:06,38.8,1368,7941,0,11,99.99,61,36.8,214.6
2026-05-23T11:46:12,37.3,1354,7941,0,8,99.99,54,35.2,214.6
2026-05-23T11:46:17,38.6,1356,7941,0,9,99.99,63,36.7,214.6
2026-05-23T11:46:22,32.8,1361,7941,1,8,99.99,48,30.8,214.6
2026-05-23T11:46:28,38.8,1359,7941,0,8,99.99,61,37.6,214.6
2026-05-23T11:46:33,44.7,1362,7941,0,9,99.99,60,43.1,214.6
2026-05-23T11:46:38,28.6,1367,7941,0,11,99.99,54,25.9,214.6
2026-05-23T11:46:43,36.5,1368,7941,0,11,99.99,51,34.6,214.6
2026-05-23T11:46:49,40.7,1356,7941,0,9,99.99,53,38.5,214.6
2026-05-23T11:46:54,35.0,1354,7941,0,10,99.99,73,32.6,214.6
2026-05-23T11:46:59,41.7,1362,7941,0,10,99.99,57,40.0,214.6
2026-05-23T11:47:04,39.7,1364,7941,0,10,99.99,58,37.5,214.6
2026-05-23T11:47:10,34.3,1352,7941,0,10,99.99,60,32.0,214.6
2026-05-23T11:47:15,39.2,1355,7941,0,10,99.99,48,37.2,214.6
2026-05-23T11:47:20,37.0,1358,7941,0,10,99.99,55,34.8,214.6
2026-05-23T11:47:26,34.8,1354,7941,0,10,99.99,55,32.4,214.6
2026-05-23T11:47:31,35.7,1359,7941,0,9,99.99,56,33.8,214.6
2026-05-23T11:47:36,39.1,1345,7941,0,8,99.99,61,37.4,214.6
2026-05-23T11:47:41,41.7,1350,7941,0,9,99.99,66,40.5,214.6
2026-05-23T11:47:47,36.0,1359,7941,0,11,99.99,49,33.2,214.6
2026-05-23T11:47:52,35.5,1365,7941,0,11,99.99,52,33.7,214.6
2026-05-23T11:47:57,38.1,1360,7941,0,10,99.99,57,36.0,214.6
2026-05-23T11:48:03,51.9,1365,7941,0,11,99.99,63,50.8,214.8
2026-05-23T11:48:08,37.1,1361,7941,0,11,99.99,62,34.4,214.8
2026-05-23T11:48:13,43.1,1348,7941,0,9,99.99,67,41.7,214.8
2026-05-23T11:48:18,34.5,1355,7941,0,9,99.99,54,32.1,214.8
2026-05-23T11:48:24,40.3,1362,7941,1,9,99.99,59,38.9,214.8
2026-05-23T11:48:29,39.1,1354,7941,0,10,99.99,56,36.7,214.8
2026-05-23T11:48:34,38.3,1358,7941,0,10,99.99,63,36.0,214.8
2026-05-23T11:48:40,40.6,1348,7941,0,9,99.99,57,39.0,214.8
2026-05-23T11:48:45,38.1,1357,7941,0,9,99.99,51,35.4,214.8
2026-05-23T11:48:50,32.2,1352,7941,0,8,99.99,45,30.5,214.8
2026-05-23T11:48:55,36.5,1354,7941,0,8,99.99,58,34.2,214.8
2026-05-23T11:49:01,34.6,1352,7941,0,8,99.99,51,33.2,214.8
2026-05-23T11:49:06,39.9,1359,7941,0,10,99.99,47,37.5,215.0
2026-05-23T11:49:11,34.0,1357,7941,0,10,99.99,55,32.0,215.0
2026-05-23T11:49:16,43.0,1359,7941,0,11,99.99,65,40.8,215.0
2026-05-23T11:49:22,32.7,1364,7941,0,11,99.99,43,30.8,215.0
2026-05-23T11:49:27,33.0,1349,7941,0,9,99.99,59,30.3,215.0
2026-05-23T11:49:32,41.7,1362,7941,0,11,99.99,63,39.5,215.0
2026-05-23T11:49:37,39.2,1358,7941,0,11,99.99,55,37.3,215.0
2026-05-23T11:49:43,37.2,1351,7941,0,9,99.99,61,35.0,215.0
2026-05-23T11:49:48,34.0,1354,7941,0,9,99.99,61,31.3,215.0
2026-05-23T11:49:53,38.9,1356,7941,0,10,99.99,36,37.4,215.0
2026-05-23T11:49:58,34.2,1357,7941,0,10,99.99,52,31.9,215.0
2026-05-23T11:50:04,40.4,1358,7941,0,10,99.99,62,41.6,215.0
2026-05-23T11:50:09,44.5,1362,7941,0,11,99.99,52,42.1,215.0
2026-05-23T11:50:15,38.7,1359,7941,0,11,99.99,63,36.5,215.0
2026-05-23T11:50:20,43.4,1357,7941,0,11,99.99,59,40.8,215.0
2026-05-23T11:50:25,38.5,1361,7941,0,11,99.99,62,36.2,215.0
2026-05-23T11:50:30,31.5,1365,7941,0,11,99.99,46,29.1,215.0
2026-05-23T11:50:36,40.8,1355,7941,0,10,99.99,61,38.7,215.0
2026-05-23T11:50:41,34.8,1357,7941,0,10,99.99,46,33.0,215.0
2026-05-23T11:50:46,40.4,1361,7941,0,8,99.99,55,37.3,215.0
2026-05-23T11:50:51,35.2,1369,7941,0,10,99.99,63,33.2,215.0
2026-05-23T11:50:57,42.2,1364,7941,0,10,99.99,61,40.2,215.0
2026-05-23T11:51:02,41.2,1356,7941,0,10,99.99,54,39.4,215.0
2026-05-23T11:51:07,36.4,1361,7941,0,10,99.99,57,33.9,215.0
2026-05-23T11:51:13,31.4,1362,7941,1,8,99.99,45,29.6,215.0
2026-05-23T11:51:18,38.5,1348,7941,0,9,99.99,56,36.6,215.0
2026-05-23T11:51:23,34.6,1350,7941,0,9,99.99,50,32.8,215.0
2026-05-23T11:51:28,39.5,1356,7941,0,9,99.99,64,36.7,215.0
2026-05-23T11:51:34,37.6,1352,7941,0,9,99.99,55,35.4,215.0
2026-05-23T11:51:39,40.4,1357,7941,0,11,99.99,60,38.0,215.0
2026-05-23T11:51:44,38.1,1355,7941,0,11,99.99,65,36.0,215.0
2026-05-23T11:51:49,38.4,1361,7941,0,11,99.99,57,36.4,215.0
2026-05-23T11:51:55,40.9,1353,7941,0,9,99.99,63,38.9,215.0
2026-05-23T11:52:00,32.1,1355,7941,0,9,99.99,53,30.1,215.0
2026-05-23T11:52:05,42.1,1352,7941,0,9,99.99,54,40.4,215.0
2026-05-23T11:52:10,35.9,1352,7941,0,8,99.99,49,34.0,215.0
2026-05-23T11:52:16,31.4,1354,7941,0,9,99.99,60,28.9,215.0
2026-05-23T11:52:21,38.3,1354,7941,0,9,99.99,48,36.4,215.0
2026-05-23T11:52:26,32.9,1346,7941,0,8,99.99,57,30.7,215.0
2026-05-23T11:52:31,38.2,1353,7941,0,9,99.99,52,36.4,215.0
2026-05-23T11:52:37,37.8,1362,7941,0,10,99.99,65,35.9,215.0
2026-05-23T11:52:42,40.9,1358,7941,0,9,99.99,61,39.6,215.0
2026-05-23T11:52:47,37.2,1362,7941,0,11,99.99,53,34.9,215.0
2026-05-23T11:52:53,37.5,1364,7941,0,11,99.99,65,35.8,215.0
2026-05-23T11:52:58,35.2,1349,7941,0,9,99.99,53,32.8,215.0
2026-05-23T11:53:03,35.9,1360,7941,0,9,99.99,60,33.6,215.0
2026-05-23T11:53:08,37.9,1355,7941,0,9,99.99,57,36.4,215.0
2026-05-23T11:53:13,36.7,1362,7941,0,11,99.99,52,34.6,215.0
2026-05-23T11:53:19,36.1,1361,7941,0,11,99.99,59,33.9,215.0
2026-05-23T11:53:24,36.4,1353,7941,0,8,99.99,63,34.5,215.0
2026-05-23T11:53:29,35.7,1359,7941,0,9,99.99,51,33.2,215.0
2026-05-23T11:53:34,38.1,1366,7941,0,9,99.99,55,36.0,215.0
2026-05-23T11:53:40,37.4,1362,7941,0,11,99.99,61,35.2,215.0
2026-05-23T11:53:45,36.2,1362,7941,0,11,99.99,68,33.9,215.0
2026-05-23T11:53:50,39.8,1356,7941,0,11,99.99,53,37.9,215.0
2026-05-23T11:53:55,43.4,1359,7941,0,11,99.99,69,41.5,215.0
2026-05-23T11:54:01,39.3,1358,7941,0,11,99.99,54,37.6,215.0
2026-05-23T11:54:06,33.4,1361,7941,0,9,99.99,60,30.9,215.0
2026-05-23T11:54:11,37.7,1365,7941,0,9,99.99,50,36.1,215.0
2026-05-23T11:54:16,39.2,1356,7941,0,10,99.99,64,37.6,215.0
2026-05-23T11:54:22,35.9,1364,7941,0,10,99.99,48,34.0,215.0
2026-05-23T11:54:27,41.6,1363,7941,0,11,99.99,71,39.2,215.0
2026-05-23T11:54:32,37.2,1366,7941,0,11,99.99,62,35.4,215.0
2026-05-23T11:54:37,39.3,1366,7941,0,9,99.99,52,37.5,215.0
2026-05-23T11:54:43,35.9,1370,7941,0,11,99.99,59,34.2,215.0
2026-05-23T11:54:48,34.0,1367,7941,0,11,99.99,60,31.6,215.1
2026-05-23T11:54:53,31.8,1351,7941,0,9,99.99,41,30.4,215.1
2026-05-23T11:54:58,35.9,1354,7941,1,9,99.99,60,34.4,215.1
2026-05-23T11:55:03,49.0,1358,7941,0,11,99.99,54,48.8,215.1
2026-05-23T11:55:09,32.1,1355,7941,0,11,99.99,58,29.7,215.1
2026-05-23T11:55:14,30.8,1353,7941,0,10,99.99,53,28.9,215.1
2026-05-23T11:55:19,37.9,1359,7941,0,9,99.99,53,36.1,215.1
2026-05-23T11:55:24,36.6,1358,7941,0,9,99.99,56,34.2,215.1
2026-05-23T11:55:30,35.5,1354,7941,0,9,99.99,57,34.1,215.3
2026-05-23T11:55:35,34.6,1354,7941,0,9,99.99,63,32.3,215.3
2026-05-23T11:55:40,36.1,1358,7941,0,9,99.99,47,34.4,215.3
2026-05-23T11:55:45,37.1,1364,7941,0,8,99.99,60,30.2,215.3
2026-05-23T11:55:51,30.1,1367,7941,0,9,99.99,45,28.3,215.3
2026-05-23T11:55:56,36.4,1356,7941,0,9,99.99,51,34.8,215.3
2026-05-23T11:56:01,31.7,1360,7941,0,9,99.99,48,30.9,215.3
2026-05-23T11:56:06,37.2,1362,7941,0,11,99.99,50,35.1,215.3
2026-05-23T11:56:12,36.9,1360,7941,0,9,99.99,57,35.1,215.3
2026-05-23T11:56:17,36.9,1361,7941,0,10,99.99,54,34.9,215.3
2026-05-23T11:56:22,36.5,1355,7941,0,10,99.99,58,35.0,215.3
2026-05-23T11:56:27,35.2,1364,7941,0,11,99.99,61,33.1,215.3
2026-05-23T11:56:33,36.4,1353,7941,0,9,99.99,52,34.4,215.3
2026-05-23T11:56:38,32.4,1351,7941,0,9,99.99,59,30.1,215.3
2026-05-23T11:56:43,33.7,1357,7941,0,10,99.99,42,31.9,215.3
2026-05-23T11:56:48,33.5,1358,7941,0,10,99.99,48,31.8,215.3
2026-05-23T11:56:54,40.1,1357,7941,0,9,99.99,60,39.1,215.3
2026-05-23T11:56:59,33.4,1360,7941,0,9,99.99,59,31.2,215.3
2026-05-23T11:57:04,34.6,1347,7941,0,8,99.99,62,32.1,215.3
2026-05-23T11:57:09,32.4,1363,7941,0,8,99.99,54,30.9,215.3
2026-05-23T11:57:14,43.4,1356,7941,0,9,99.99,56,41.9,215.3
2026-05-23T11:57:20,35.7,1362,7941,0,11,99.99,62,33.6,215.3
2026-05-23T11:57:25,32.2,1363,7941,0,11,99.99,53,29.6,215.3
2026-05-23T11:57:30,35.4,1350,7941,0,9,99.99,49,33.6,215.3
2026-05-23T11:57:35,35.2,1360,7941,0,11,99.99,65,33.1,215.3
2026-05-23T11:57:41,38.6,1356,7941,0,11,99.99,58,36.8,215.3
2026-05-23T11:57:46,36.8,1357,7941,0,9,99.99,62,33.9,215.3
2026-05-23T11:57:51,33.5,1364,7941,1,10,99.99,56,31.6,215.3
2026-05-23T11:57:56,36.0,1366,7941,0,9,99.99,52,33.8,215.3
2026-05-23T11:58:02,34.5,1356,7941,0,9,99.99,45,32.4,215.3
2026-05-23T11:58:07,37.6,1357,7941,0,9,99.99,66,35.9,215.3
2026-05-23T11:58:12,31.4,1354,7941,0,11,99.99,42,29.5,215.3
2026-05-23T11:58:17,32.4,1358,7941,0,11,99.99,57,30.1,215.3
2026-05-23T11:58:23,37.6,1350,7941,0,10,99.99,65,36.0,215.3
2026-05-23T11:58:28,36.7,1354,7941,0,10,99.99,56,34.6,215.3
2026-05-23T11:58:33,38.9,1354,7941,0,8,99.99,47,37.8,215.3
2026-05-23T11:58:38,40.9,1363,7941,0,10,99.99,66,39.1,215.3
2026-05-23T11:58:44,32.6,1368,7941,0,10,99.99,53,30.5,215.3
2026-05-23T11:58:49,42.4,1360,7941,0,10,99.99,64,40.5,215.3
2026-05-23T11:58:54,40.8,1358,7941,0,10,99.99,65,38.9,215.3
2026-05-23T11:58:59,36.7,1358,7941,0,10,99.99,68,34.9,215.3
2026-05-23T11:59:05,34.3,1361,7941,0,10,99.99,51,32.0,215.3
2026-05-23T11:59:10,43.3,1354,7941,0,8,99.99,47,42.1,215.3
2026-05-23T11:59:15,36.3,1357,7941,0,9,99.99,71,33.9,215.3
2026-05-23T11:59:20,37.0,1354,7941,0,9,99.99,61,35.4,215.3
2026-05-23T11:59:25,32.2,1356,7941,0,9,99.99,49,29.8,215.3
2026-05-23T11:59:31,38.3,1359,7941,0,9,99.99,50,36.6,215.3
2026-05-23T11:59:36,33.6,1357,7941,0,10,99.99,54,31.2,215.3
2026-05-23T11:59:41,31.5,1364,7941,0,10,99.99,43,29.4,215.3
2026-05-23T11:59:47,40.8,1356,7941,0,9,99.99,65,38.5,215.3
2026-05-23T11:59:52,36.5,1360,7941,0,10,99.99,62,34.3,215.3
2026-05-23T11:59:57,36.0,1365,7941,0,11,99.99,51,33.7,215.3
2026-05-23T12:00:02,41.3,1361,7941,0,9,99.99,56,41.9,215.3
2026-05-23T12:00:08,63.6,1364,7941,0,11,99.99,59,72.5,215.5
2026-05-23T12:00:14,38.8,1365,7941,0,11,99.99,46,37.5,215.5
2026-05-23T12:00:19,47.1,1356,7941,1,9,99.99,64,44.5,215.5
2026-05-23T12:00:24,44.1,1353,7941,0,9,99.99,67,41.7,215.5
2026-05-23T12:00:30,45.1,1360,7941,0,9,99.99,56,43.1,215.5
2026-05-23T12:00:35,35.8,1358,7941,0,9,99.99,38,34.2,215.5
2026-05-23T12:00:40,42.9,1358,7941,0,9,99.99,55,41.0,215.5
2026-05-23T12:00:46,39.0,1371,7941,0,11,99.99,68,35.5,215.5
2026-05-23T12:00:51,34.5,1367,7941,0,11,99.99,54,32.4,215.5
2026-05-23T12:00:56,47.7,1363,7941,0,11,99.99,65,45.9,215.5
2026-05-23T12:01:02,39.0,1356,7941,0,8,99.99,55,37.0,215.5
2026-05-23T12:01:07,33.6,1360,7941,0,10,99.99,58,31.5,215.5
2026-05-23T12:01:12,39.8,1360,7941,0,11,99.99,60,38.0,215.5
2026-05-23T12:01:18,40.0,1357,7941,0,11,99.99,61,37.6,215.5
2026-05-23T12:01:23,38.1,1357,7941,0,10,99.99,58,36.0,215.5
2026-05-23T12:01:28,34.0,1357,7941,0,10,99.99,58,31.1,215.5
2026-05-23T12:01:33,30.4,1346,7941,1,7,99.99,38,28.4,215.5
2026-05-23T12:01:39,36.7,1351,7941,0,8,99.99,54,35.0,215.5
2026-05-23T12:01:44,45.1,1355,7941,0,9,99.99,64,43.2,215.5
2026-05-23T12:01:49,40.0,1359,7941,0,9,99.99,53,38.4,215.5
2026-05-23T12:01:54,39.5,1358,7941,0,11,99.99,74,36.5,215.5
2026-05-23T12:02:00,32.4,1367,7941,0,11,99.99,53,30.4,215.5
2026-05-23T12:02:05,45.7,1350,7941,0,9,99.99,60,44.2,215.5
2026-05-23T12:02:10,29.1,1357,7941,0,9,99.99,48,26.9,215.5
2026-05-23T12:02:16,38.9,1357,7941,0,8,99.99,54,36.4,215.5
2026-05-23T12:02:21,37.3,1355,7941,0,10,99.99,51,34.9,215.5
2026-05-23T12:02:26,34.5,1358,7941,0,9,99.99,59,32.1,215.5
2026-05-23T12:02:31,38.0,1356,7941,0,9,99.99,43,36.1,215.5
2026-05-23T12:02:37,34.5,1359,7941,0,9,99.99,63,32.1,215.5
2026-05-23T12:02:42,40.2,1358,7941,0,9,99.99,51,38.6,215.5
2026-05-23T12:02:47,40.4,1359,7941,0,11,99.99,62,37.9,215.5
2026-05-23T12:02:53,32.8,1364,7941,0,11,99.99,49,31.1,215.5
2026-05-23T12:02:58,32.2,1353,7941,0,9,99.99,50,30.0,215.5
2026-05-23T12:03:03,45.4,1366,7941,0,11,99.99,50,44.0,215.5
2026-05-23T12:03:08,38.3,1356,7941,0,11,99.99,70,35.3,215.5
2026-05-23T12:03:14,40.3,1360,7941,0,11,99.99,63,38.2,215.5
2026-05-23T12:03:19,33.4,1358,7941,0,10,99.99,53,31.2,215.5
2026-05-23T12:03:24,39.3,1354,7941,0,10,99.99,50,37.2,215.5
2026-05-23T12:03:29,35.7,1362,7941,0,10,99.99,60,33.4,215.5
2026-05-23T12:03:35,31.6,1366,7941,0,11,99.99,51,28.8,215.5
2026-05-23T12:03:40,37.7,1357,7941,0,11,99.99,54,35.5,215.5
2026-05-23T12:03:45,35.8,1353,7941,0,9,99.99,56,33.7,215.5
2026-05-23T12:03:50,39.6,1362,7941,0,9,99.99,51,38.0,215.5
2026-05-23T12:03:56,32.1,1358,7941,0,11,99.99,59,29.3,215.8
2026-05-23T12:04:01,41.2,1365,7941,0,11,99.99,56,39.1,215.8
2026-05-23T12:04:06,40.9,1367,7941,1,10,99.99,69,38.2,215.8
2026-05-23T12:04:12,39.7,1364,7941,0,11,99.99,48,37.5,215.8
2026-05-23T12:04:17,37.4,1352,7941,0,9,99.99,70,35.0,215.8
2026-05-23T12:04:22,33.9,1356,7941,0,9,99.99,47,31.4,215.8
2026-05-23T12:04:27,32.3,1358,7941,0,9,99.99,62,29.7,215.8
2026-05-23T12:04:33,45.9,1358,7941,0,9,99.99,50,44.3,215.8
2026-05-23T12:04:38,36.0,1363,7941,0,9,99.99,57,33.7,215.8
2026-05-23T12:04:43,38.9,1373,7941,0,10,99.99,48,36.4,215.8
2026-05-23T12:04:48,40.0,1358,7941,0,9,99.99,56,37.5,215.8
2026-05-23T12:04:54,36.5,1356,7941,0,9,99.99,58,34.5,215.8
2026-05-23T12:04:59,33.1,1355,7941,0,9,99.99,60,30.9,215.8
2026-05-23T12:05:04,38.6,1363,7941,0,9,99.99,53,36.8,215.8
2026-05-23T12:05:09,43.2,1355,7941,0,9,99.99,52,41.5,215.8
2026-05-23T12:05:15,32.6,1355,7941,0,10,99.99,57,30.1,215.8
2026-05-23T12:05:20,33.4,1363,7941,3,7,99.99,49,31.6,215.8
2026-05-23T12:05:25,40.7,1368,7941,0,11,99.99,62,38.0,215.8
2026-05-23T12:05:30,37.5,1364,7941,0,11,99.99,52,35.7,215.8
2026-05-23T12:05:36,36.0,1356,7941,0,8,99.99,59,32.8,215.8
2026-05-23T12:05:41,35.6,1355,7941,0,9,99.99,45,34.2,215.8
2026-05-23T12:05:46,28.7,1358,7941,0,9,99.99,53,25.9,215.8
2026-05-23T12:05:52,42.6,1356,7941,0,10,99.99,59,41.4,215.8
2026-05-23T12:05:57,35.6,1358,7941,0,11,99.99,52,33.1,215.8
2026-05-23T12:06:02,41.9,1362,7941,0,11,99.99,49,40.0,215.8
2026-05-23T12:06:07,34.1,1359,7941,0,9,99.99,60,31.6,215.8
2026-05-23T12:06:13,38.4,1359,7941,2,6,99.99,50,37.4,215.8
2026-05-23T12:06:18,33.2,1359,7941,1,10,99.99,53,30.0,215.8
2026-05-23T12:06:23,39.1,1366,7941,0,11,99.99,51,36.9,215.8
2026-05-23T12:06:29,33.1,1358,7941,1,10,99.99,48,30.8,215.8
2026-05-23T12:06:34,36.7,1361,7941,0,11,99.99,65,33.8,215.8
2026-05-23T12:06:39,40.3,1358,7941,0,11,99.99,53,38.9,215.8
2026-05-23T12:06:45,39.5,1363,7941,0,11,99.99,57,36.9,215.8
2026-05-23T12:06:50,37.6,1355,7941,0,10,99.99,59,35.4,215.8
2026-05-23T12:06:55,35.2,1353,7941,0,10,99.99,56,32.7,215.8
2026-05-23T12:07:00,39.9,1358,7941,0,10,99.99,51,39.0,215.8
2026-05-23T12:07:06,38.3,1366,7941,0,11,99.99,74,36.2,215.8
2026-05-23T12:07:11,44.4,1369,7941,0,11,99.99,53,42.8,215.8
2026-05-23T12:07:16,31.3,1366,7941,0,11,99.99,58,28.8,215.8
2026-05-23T12:07:21,37.1,1357,7941,0,9,99.99,59,35.2,215.8
2026-05-23T12:07:27,34.2,1357,7941,0,9,99.99,48,31.8,215.8
2026-05-23T12:07:32,35.2,1356,7941,0,9,99.99,60,33.5,215.8
2026-05-23T12:07:37,33.0,1358,7941,1,10,99.99,54,30.9,215.8
2026-05-23T12:07:42,35.9,1363,7941,0,11,99.99,50,33.8,215.8
2026-05-23T12:07:48,43.4,1359,7941,0,9,99.99,67,40.9,215.8
2026-05-23T12:07:53,32.6,1358,7941,0,9,99.99,43,31.1,215.8
2026-05-23T12:07:58,34.0,1359,7941,0,9,99.99,52,31.8,215.8
2026-05-23T12:08:03,39.2,1363,7941,0,9,99.99,56,37.4,215.8
2026-05-23T12:08:09,31.9,1361,7941,0,9,99.99,67,29.6,215.8
2026-05-23T12:08:14,41.2,1356,7941,0,9,99.99,55,39.5,215.8
2026-05-23T12:08:19,36.1,1360,7941,0,9,99.99,48,34.6,215.8
2026-05-23T12:08:24,37.6,1355,7941,0,9,99.99,58,34.8,215.8
2026-05-23T12:08:30,37.2,1357,7941,0,10,99.99,64,35.2,215.8
2026-05-23T12:08:35,30.7,1361,7941,0,10,99.99,48,28.6,215.8
2026-05-23T12:08:40,41.3,1363,7941,0,11,99.99,56,39.5,215.8
2026-05-23T12:08:45,38.0,1359,7941,0,11,99.99,72,35.9,215.8
2026-05-23T12:08:51,42.1,1365,7941,0,11,99.99,60,40.8,215.8
2026-05-23T12:08:56,28.2,1356,7941,0,9,99.99,54,25.8,215.8
2026-05-23T12:09:01,42.6,1352,7941,0,9,99.99,57,40.4,215.8
2026-05-23T12:09:07,46.7,1359,7941,0,11,99.99,56,45.1,215.8
2026-05-23T12:09:12,34.2,1354,7941,0,10,99.99,56,32.5,215.8
2026-05-23T12:09:17,36.7,1355,7941,1,8,99.99,54,34.9,215.8
2026-05-23T12:09:22,37.0,1359,7941,0,9,99.99,44,35.4,215.8
2026-05-23T12:09:28,34.1,1362,7941,0,9,99.99,56,31.4,215.8
2026-05-23T12:09:33,37.9,1356,7941,0,8,99.99,55,35.8,215.8
2026-05-23T12:09:38,33.2,1359,7941,1,8,99.99,46,31.1,215.8
2026-05-23T12:09:43,30.4,1359,7941,0,9,99.99,55,28.6,215.8
2026-05-23T12:09:49,31.5,1356,7941,0,9,99.99,60,28.9,215.8
2026-05-23T12:09:54,44.3,1361,7941,0,10,99.99,56,42.9,215.8
2026-05-23T12:09:59,32.3,1360,7941,0,11,99.99,57,30.1,215.8
2026-05-23T12:10:04,45.5,1367,7941,0,11,99.99,59,45.5,215.8
2026-05-23T12:10:10,41.4,1365,7941,0,10,99.99,47,40.5,215.8
2026-05-23T12:10:15,37.2,1363,7941,0,11,99.99,52,34.2,215.8
2026-05-23T12:10:20,36.9,1367,7941,0,11,99.99,58,34.6,215.8
2026-05-23T12:10:26,41.5,1366,7941,0,11,99.99,53,39.6,215.8
2026-05-23T12:10:31,38.0,1356,7941,0,9,99.99,57,36.4,215.8
2026-05-23T12:10:36,33.3,1352,7941,0,9,99.99,60,31.2,215.8
2026-05-23T12:10:41,33.9,1359,7941,0,9,99.99,46,32.1,215.8
2026-05-23T12:10:47,40.0,1360,7941,0,9,99.99,77,37.9,215.8
2026-05-23T12:10:52,36.9,1354,7941,0,9,99.99,52,35.4,215.8
2026-05-23T12:10:57,39.1,1360,7941,0,9,99.99,58,36.6,215.8
2026-05-23T12:11:02,38.5,1361,7941,0,9,99.99,52,36.5,215.8
2026-05-23T12:11:08,35.4,1356,7941,0,8,99.99,58,32.8,215.8
2026-05-23T12:11:13,37.8,1355,7941,0,9,99.99,54,36.0,215.8
2026-05-23T12:11:18,38.9,1361,7941,0,9,99.99,70,36.8,215.8
2026-05-23T12:11:23,37.7,1362,7941,0,10,99.99,49,35.5,215.8
2026-05-23T12:11:29,32.5,1360,7941,0,8,99.99,57,30.4,215.8
2026-05-23T12:11:34,44.4,1364,7941,0,11,99.99,60,42.4,215.8
2026-05-23T12:11:39,33.8,1367,7941,0,11,99.99,46,31.9,215.8
2026-05-23T12:11:44,36.9,1368,7941,0,11,99.99,55,34.6,215.8
2026-05-23T12:11:50,31.6,1365,7941,0,11,99.99,52,29.3,215.8
2026-05-23T12:11:55,36.3,1355,7941,0,9,99.99,52,34.4,215.8
2026-05-23T12:12:00,34.3,1356,7941,0,9,99.99,52,32.2,215.8
2026-05-23T12:12:05,42.9,1367,7941,0,11,99.99,60,40.8,215.8
2026-05-23T12:12:11,35.3,1370,7941,0,11,99.99,49,32.9,215.8
2026-05-23T12:12:16,37.7,1352,7941,0,9,99.99,58,35.8,215.8
2026-05-23T12:12:21,38.3,1365,7941,1,10,99.99,65,36.4,215.8
2026-05-23T12:12:26,34.2,1362,7941,0,11,99.99,53,32.2,215.8
2026-05-23T12:12:32,37.8,1358,7941,0,10,99.99,50,35.9,215.8
2026-05-23T12:12:37,29.2,1357,7941,0,10,99.99,52,27.0,215.8
2026-05-23T12:12:42,41.5,1349,7941,0,9,99.99,64,39.6,215.8
2026-05-23T12:12:47,32.8,1364,7941,1,8,99.99,47,30.2,215.8
2026-05-23T12:12:52,40.3,1363,7941,0,11,99.99,60,38.6,215.8
2026-05-23T12:12:58,36.7,1359,7941,0,11,99.99,57,34.8,215.8
2026-05-23T12:13:03,36.6,1356,7941,0,9,99.99,48,34.4,215.8
2026-05-23T12:13:08,33.1,1354,7941,0,9,99.99,59,30.9,215.8
2026-05-23T12:13:13,32.7,1356,7941,0,9,99.99,39,31.1,215.8
2026-05-23T12:13:19,37.2,1353,7941,0,8,99.99,72,35.2,215.8
2026-05-23T12:13:24,35.0,1359,7941,0,9,99.99,59,33.0,215.8
2026-05-23T12:13:29,36.7,1361,7941,0,10,99.99,56,34.2,215.8
2026-05-23T12:13:34,35.8,1356,7941,0,10,99.99,57,33.9,215.8
2026-05-23T12:13:40,37.5,1364,7941,0,11,99.99,52,36.1,215.8
2026-05-23T12:13:45,33.2,1363,7941,0,11,99.99,53,30.9,215.8
2026-05-23T12:13:50,37.6,1358,7941,0,9,99.99,61,35.5,215.8
2026-05-23T12:13:55,33.9,1346,7941,0,8,99.99,61,32.2,215.8
2026-05-23T12:14:00,37.5,1359,7941,0,10,99.99,45,35.8,215.8
2026-05-23T12:14:06,41.0,1364,7941,1,10,99.99,73,38.6,215.8
2026-05-23T12:14:11,35.5,1368,7941,0,11,99.99,55,33.6,215.8
2026-05-23T12:14:16,35.5,1347,7941,0,8,99.99,53,33.2,215.8
2026-05-23T12:14:21,36.7,1354,7941,0,9,99.99,62,34.8,215.8
2026-05-23T12:14:27,34.7,1357,7941,0,11,99.99,46,32.1,215.8
2026-05-23T12:14:32,33.4,1361,7941,0,11,99.99,42,31.4,215.8
2026-05-23T12:14:37,40.7,1356,7941,0,9,99.99,68,38.9,215.8
2026-05-23T12:14:42,33.8,1356,7941,0,9,99.99,50,32.0,215.8
2026-05-23T12:14:47,33.3,1359,7941,0,10,99.99,58,31.4,215.8
2026-05-23T12:14:53,40.3,1362,7941,1,9,99.99,51,39.0,215.8
2026-05-23T12:14:58,29.2,1356,7941,0,9,99.99,55,27.2,215.8
2026-05-23T12:15:03,40.8,1362,7941,0,10,99.99,37,38.4,215.8
2026-05-23T12:15:09,38.5,1353,7941,0,8,99.99,58,36.3,215.8
2026-05-23T12:15:14,33.6,1356,7941,0,9,99.99,50,31.7,215.8
2026-05-23T12:15:19,34.4,1369,7941,0,11,99.99,53,32.0,215.8
2026-05-23T12:15:24,32.5,1367,7941,1,10,99.99,58,30.3,215.8
2026-05-23T12:15:29,33.6,1356,7941,0,9,99.99,46,31.1,215.8
2026-05-23T12:15:35,36.9,1351,7941,1,7,99.99,64,35.1,215.8
2026-05-23T12:15:40,34.8,1355,7941,0,8,99.99,50,32.9,215.8
2026-05-23T12:15:45,37.7,1355,7941,0,8,99.99,56,35.8,215.8
2026-05-23T12:15:50,32.9,1359,7941,0,9,99.99,53,31.1,215.8
2026-05-23T12:15:56,36.9,1354,7941,0,9,99.99,66,34.7,215.8
2026-05-23T12:16:01,34.7,1356,7941,0,9,99.99,50,32.8,215.8
2026-05-23T12:16:06,36.6,1356,7941,0,9,99.99,53,34.9,215.8
2026-05-23T12:16:11,43.0,1362,7941,0,10,99.99,60,41.3,215.8
2026-05-23T12:16:17,32.3,1355,7941,0,10,99.99,59,30.0,215.8
2026-05-23T12:16:22,33.8,1355,7941,0,9,99.99,51,32.1,215.8
2026-05-23T12:16:27,36.0,1366,7941,0,11,99.99,48,34.1,215.8
2026-05-23T12:16:32,32.8,1367,7941,0,11,99.99,51,30.6,215.8
2026-05-23T12:16:38,31.0,1355,7941,0,9,99.99,54,28.8,215.8
2026-05-23T12:16:43,38.0,1354,7941,2,6,99.99,58,36.0,215.8
2026-05-23T12:16:48,33.2,1354,7941,0,9,99.99,43,31.4,215.8
2026-05-23T12:16:53,31.8,1359,7941,0,9,99.99,55,29.8,215.8
2026-05-23T12:16:58,44.2,1359,7941,0,9,99.99,58,42.8,215.8
2026-05-23T12:17:04,31.5,1363,7941,0,9,99.99,57,29.2,215.8
2026-05-23T12:17:09,38.6,1365,7941,0,11,99.99,47,36.9,215.8
2026-05-23T12:17:14,34.0,1360,7941,0,11,99.99,61,31.5,215.8
2026-05-23T12:17:19,28.4,1364,7941,0,11,99.99,50,26.4,215.8
2026-05-23T12:17:25,38.3,1363,7941,0,10,99.99,52,36.4,215.8
2026-05-23T12:17:30,34.7,1361,7941,0,9,99.99,47,32.8,215.8
2026-05-23T12:17:35,37.8,1357,7941,0,9,99.99,69,35.8,215.8
2026-05-23T12:17:40,37.5,1350,7941,1,7,99.99,48,35.4,215.8
2026-05-23T12:17:46,38.6,1359,7941,0,9,99.99,64,36.0,215.8
2026-05-23T12:17:51,34.1,1357,7941,0,9,99.99,66,31.9,215.8
2026-05-23T12:17:56,33.3,1361,7941,0,9,99.99,54,30.9,215.8
2026-05-23T12:18:01,45.7,1361,7941,0,9,99.99,65,45.0,215.8
2026-05-23T12:18:07,38.7,1361,7941,0,11,99.99,52,37.1,215.8
2026-05-23T12:18:12,34.7,1357,7941,0,9,99.99,58,32.6,215.8
2026-05-23T12:18:17,31.2,1368,7941,0,11,99.99,55,28.7,215.8
2026-05-23T12:18:23,36.9,1376,7941,0,11,99.99,53,34.9,215.8
2026-05-23T12:18:28,38.4,1356,7941,0,9,99.99,61,36.5,215.8
2026-05-23T12:18:33,37.6,1357,7941,0,9,99.99,48,35.2,215.8
2026-05-23T12:18:38,33.8,1363,7941,0,9,99.99,58,31.4,215.8
2026-05-23T12:18:43,40.7,1432,7941,1,11,99.99,43,34.7,215.8
2026-05-23T12:18:49,38.8,1376,7941,0,11,99.99,59,35.9,215.8
2026-05-23T12:18:54,37.4,1363,7941,0,9,99.99,64,35.1,215.8
2026-05-23T12:18:59,36.1,1364,7941,0,11,99.99,53,34.4,215.8
2026-05-23T12:19:04,37.3,1366,7941,0,11,99.99,54,34.4,215.8
2026-05-23T12:19:10,34.7,1359,7941,0,9,99.99,53,32.9,215.8
2026-05-23T12:19:15,40.4,1361,7941,0,9,99.99,51,38.5,215.8
2026-05-23T12:19:20,33.0,1368,7941,0,9,99.99,60,30.9,215.8
2026-05-23T12:19:25,35.9,1369,7941,0,11,99.99,51,33.7,215.8
2026-05-23T12:19:31,33.1,1367,7941,0,11,99.99,56,31.0,215.8
2026-05-23T12:19:36,41.7,1362,7941,0,10,99.99,55,40.2,215.8
2026-05-23T12:19:41,35.0,1367,7941,0,9,99.99,52,32.9,215.8
2026-05-23T12:19:46,31.9,1360,7941,0,8,99.99,55,29.4,215.8
2026-05-23T12:19:52,37.1,1364,7941,0,9,99.99,50,35.3,215.8
2026-05-23T12:19:57,40.1,1358,7941,0,10,99.99,69,38.1,215.8
2026-05-23T12:20:02,41.7,1365,7941,0,11,99.99,52,42.6,215.8
2026-05-23T12:20:08,36.5,1367,7941,0,11,99.99,56,34.6,215.8
2026-05-23T12:20:13,42.4,1361,7941,0,10,99.99,52,40.8,215.8
2026-05-23T12:20:18,36.9,1366,7941,0,10,99.99,57,34.6,215.8
2026-05-23T12:20:23,30.1,1361,7941,0,9,99.99,43,28.1,215.8
2026-05-23T12:20:29,34.3,1350,7941,0,8,99.99,53,32.3,215.8
2026-05-23T12:20:34,40.8,1360,7941,0,10,99.99,57,39.1,215.8
2026-05-23T12:20:39,33.2,1358,7941,0,10,99.99,62,30.6,215.8
2026-05-23T12:20:45,40.5,1378,7941,0,10,99.99,58,37.5,215.8
2026-05-23T12:20:50,37.0,1374,7941,0,10,99.99,49,35.4,215.8
2026-05-23T12:20:55,35.1,1364,7941,0,10,99.99,50,33.5,215.8
2026-05-23T12:21:00,31.3,1365,7941,2,8,99.99,64,28.7,215.8
2026-05-23T12:21:06,42.5,1357,7941,0,9,99.99,55,40.8,215.8
2026-05-23T12:21:11,35.2,1354,7941,0,9,99.99,44,33.6,215.8
2026-05-23T12:21:16,32.1,1355,7941,0,9,99.99,66,29.6,215.8
2026-05-23T12:21:21,30.0,1358,7941,0,9,99.99,51,27.9,215.8
2026-05-23T12:21:27,43.5,1361,7941,0,9,99.99,57,41.5,215.8
2026-05-23T12:21:32,30.2,1362,7941,0,9,99.99,45,28.3,215.8
2026-05-23T12:21:37,37.3,1358,7941,0,10,99.99,62,35.7,215.8
2026-05-23T12:21:42,35.6,1363,7941,2,8,99.99,60,33.6,215.8
2026-05-23T12:21:48,38.2,1359,7941,0,9,99.99,59,36.0,215.8
2026-05-23T12:21:53,37.2,1360,7941,0,11,99.99,45,35.4,215.8
2026-05-23T12:21:58,34.0,1361,7941,0,11,99.99,61,31.6,215.8
2026-05-23T12:22:03,36.9,1355,7941,0,9,99.99,49,35.3,215.8
2026-05-23T12:22:08,37.6,1356,7941,0,8,99.99,64,35.3,215.8
2026-05-23T12:22:14,34.8,1360,7941,0,9,99.99,53,32.9,215.8
2026-05-23T12:22:19,39.5,1361,7941,0,9,99.99,64,37.4,215.8
2026-05-23T12:22:24,33.4,1355,7941,0,8,99.99,48,31.7,215.8
2026-05-23T12:22:30,32.0,1352,7941,0,8,99.99,44,30.2,215.8
2026-05-23T12:22:35,46.7,1368,7941,0,11,99.99,65,45.6,215.8
2026-05-23T12:22:40,38.3,1368,7941,0,11,99.99,65,36.0,215.8
2026-05-23T12:22:45,43.9,1370,7941,0,11,99.99,59,33.5,215.8
2026-05-23T12:22:51,52.4,1370,7941,0,11,99.99,60,40.0,215.8
2026-05-23T12:22:56,44.8,1369,7941,0,11,99.99,51,30.6,215.8
2026-05-23T12:23:01,51.4,1364,7941,1,10,99.99,74,37.5,215.8
2026-05-23T12:23:07,54.1,1368,7941,0,11,99.99,66,39.8,215.8
2026-05-23T12:23:12,46.2,1370,7941,0,11,99.99,50,33.0,215.8
2026-05-23T12:23:17,47.3,1366,7941,0,11,99.99,56,33.8,215.8
2026-05-23T12:23:22,53.1,1366,7941,0,11,99.99,71,40.1,215.8
2026-05-23T12:23:28,41.5,1355,7941,0,10,99.99,49,32.2,215.9
2026-05-23T12:23:33,33.1,1357,7941,0,9,99.99,59,31.6,215.9
2026-05-23T12:23:38,40.0,1361,7941,0,9,99.99,53,38.0,215.9
2026-05-23T12:23:43,36.0,1361,7941,0,10,99.99,53,33.8,215.9
2026-05-23T12:23:49,36.6,1369,7941,0,10,99.99,58,34.1,215.9
2026-05-23T12:23:54,33.6,1357,7941,0,9,99.99,63,30.9,215.9
2026-05-23T12:23:59,46.3,1357,7941,0,9,99.99,66,44.4,215.9
2026-05-23T12:24:04,36.0,1353,7941,0,9,99.99,52,33.5,215.9
2026-05-23T12:24:10,40.3,1357,7941,0,9,99.99,56,39.1,215.9
2026-05-23T12:24:15,38.4,1369,7941,0,9,99.99,52,36.4,215.9
2026-05-23T12:24:20,33.8,1357,7941,0,9,99.99,53,31.9,215.9
2026-05-23T12:24:26,33.5,1360,7941,0,9,99.99,53,30.9,215.9
2026-05-23T12:24:31,45.1,1358,7941,0,11,99.99,64,42.9,215.9
2026-05-23T12:24:36,37.8,1358,7941,0,11,99.99,66,35.9,215.9
2026-05-23T12:24:41,34.9,1356,7941,0,9,99.99,49,32.9,215.9
2026-05-23T12:24:47,39.1,1360,7941,0,9,99.99,57,37.2,215.9
2026-05-23T12:24:52,38.1,1367,7941,0,9,99.99,59,36.4,215.9
2026-05-23T12:24:57,38.3,1354,7941,0,9,99.99,53,36.6,215.9
2026-05-23T12:25:03,40.2,1365,7941,0,9,99.99,58,39.1,215.9
2026-05-23T12:25:08,47.3,1365,7941,0,11,99.99,69,45.1,215.9
2026-05-23T12:25:13,37.1,1367,7941,0,11,99.99,44,35.1,215.9
2026-05-23T12:25:19,38.6,1360,7941,0,11,99.99,66,36.1,215.9
2026-05-23T12:25:24,37.3,1364,7941,0,11,99.99,66,35.2,215.9
2026-05-23T12:25:29,38.6,1363,7941,0,10,99.99,51,35.9,215.9
2026-05-23T12:25:34,36.8,1358,7941,0,9,99.99,67,34.1,215.9
2026-05-23T12:25:40,33.8,1357,7941,0,9,99.99,48,32.0,215.9
2026-05-23T12:25:45,37.2,1358,7941,0,11,99.99,55,34.9,215.9
2026-05-23T12:25:50,42.7,1368,7941,0,11,99.99,50,40.8,215.9
2026-05-23T12:25:55,39.7,1360,7941,0,9,99.99,60,37.6,215.9
2026-05-23T12:26:01,34.1,1365,7941,0,11,99.99,50,31.7,215.9
2026-05-23T12:26:06,40.2,1368,7941,0,11,99.99,66,38.2,215.9
2026-05-23T12:26:11,41.7,1361,7941,0,9,99.99,47,39.8,215.9
2026-05-23T12:26:17,40.8,1354,7941,0,9,99.99,68,39.0,215.9
2026-05-23T12:26:22,36.6,1358,7941,0,9,99.99,51,34.4,215.9
2026-05-23T12:26:27,38.0,1365,7941,0,11,99.99,68,35.6,215.9
2026-05-23T12:26:32,42.5,1370,7941,0,11,99.99,47,40.1,215.9
2026-05-23T12:26:38,38.9,1357,7941,0,8,99.99,73,36.2,215.9
2026-05-23T12:26:43,41.4,1364,7941,0,11,99.99,45,39.5,215.9
2026-05-23T12:26:48,39.5,1364,7941,0,11,99.99,67,37.0,215.9
2026-05-23T12:26:54,33.0,1357,7941,0,8,99.99,45,30.8,215.9
2026-05-23T12:26:59,41.2,1350,7941,0,8,99.99,62,39.4,215.9
2026-05-23T12:27:04,34.0,1362,7941,0,10,99.99,51,31.1,215.9
2026-05-23T12:27:09,39.2,1363,7941,0,10,99.99,55,37.5,215.9
2026-05-23T12:27:15,30.6,1366,7941,0,10,99.99,60,28.1,215.9
2026-05-23T12:27:20,35.7,1370,7941,0,9,99.99,45,33.9,215.9
2026-05-23T12:27:25,41.0,1357,7941,0,8,99.99,52,39.4,215.9
2026-05-23T12:27:31,40.5,1354,7941,0,8,99.99,50,38.1,215.9
2026-05-23T12:27:36,35.0,1377,7941,0,10,99.99,67,32.3,215.9
2026-05-23T12:27:41,39.8,1371,7941,0,10,99.99,53,37.9,215.9
2026-05-23T12:27:46,38.2,1361,7941,0,9,99.99,64,35.4,215.9
2026-05-23T12:27:52,41.3,1360,7941,0,9,99.99,53,39.7,215.9
2026-05-23T12:27:57,37.7,1362,7941,0,9,99.99,56,35.2,215.9
2026-05-23T12:28:02,38.7,1363,7941,0,9,99.99,47,36.8,215.9
2026-05-23T12:28:08,36.7,1368,7941,0,9,99.99,55,34.5,215.9
2026-05-23T12:28:13,41.6,1363,7941,0,10,99.99,61,39.7,215.9
2026-05-23T12:28:18,41.4,1364,7941,0,11,99.99,60,39.4,215.9
2026-05-23T12:28:24,34.9,1370,7941,0,11,99.99,55,32.8,215.9
2026-05-23T12:28:29,41.8,1371,7941,1,10,99.99,51,39.1,215.9
2026-05-23T12:28:34,41.2,1366,7941,0,9,99.99,64,39.4,215.9
2026-05-23T12:28:39,39.3,1369,7941,0,10,99.99,52,36.8,215.9
2026-05-23T12:28:45,36.2,1377,7941,1,9,99.99,59,33.4,215.9
2026-05-23T12:28:50,36.6,1367,7941,0,9,99.99,54,34.6,215.9
2026-05-23T12:28:55,41.0,1367,7941,0,11,99.99,52,38.9,215.9
2026-05-23T12:29:01,35.2,1368,7941,0,11,99.99,57,33.2,215.9
2026-05-23T12:29:06,41.2,1357,7941,0,9,99.99,57,39.1,215.9
2026-05-23T12:29:11,35.5,1352,7941,0,9,99.99,49,34.0,215.9
2026-05-23T12:29:16,36.9,1352,7941,0,9,99.99,57,34.2,215.9
2026-05-23T12:29:22,37.6,1365,7941,0,9,99.99,53,35.6,215.9
2026-05-23T12:29:27,39.2,1367,7941,0,9,99.99,61,36.9,215.9
2026-05-23T12:29:32,44.1,1360,7941,0,11,99.99,44,42.6,215.9
2026-05-23T12:29:38,37.7,1358,7941,0,11,99.99,66,34.8,215.9
2026-05-23T12:29:43,38.9,1365,7941,0,11,99.99,47,37.0,215.9
2026-05-23T12:29:48,38.7,1353,7941,1,8,99.99,65,36.2,215.9
2026-05-23T12:29:53,39.8,1360,7941,0,10,99.99,55,37.6,215.9
2026-05-23T12:29:59,33.2,1360,7941,0,9,99.99,54,31.1,215.9
2026-05-23T12:30:04,54.4,1357,7941,0,9,99.99,60,56.4,215.9
2026-05-23T12:30:10,37.7,1359,7941,0,11,99.99,50,35.2,215.9
2026-05-23T12:30:15,50.0,1365,7941,1,10,99.99,74,47.6,215.9
2026-05-23T12:30:20,38.5,1368,7941,0,11,99.99,51,36.1,215.9
2026-05-23T12:30:25,40.0,1361,7941,0,11,99.99,64,37.4,215.9
2026-05-23T12:30:31,41.6,1370,7941,0,11,99.99,64,40.0,215.9
2026-05-23T12:30:36,39.1,1366,7941,0,11,99.99,53,35.9,215.9
2026-05-23T12:30:41,38.4,1371,7941,0,11,99.99,47,36.4,215.9
2026-05-23T12:30:47,38.1,1361,7941,0,9,99.99,66,35.9,215.9
2026-05-23T12:30:52,35.0,1360,7941,0,10,99.99,45,33.2,215.9
2026-05-23T12:30:57,36.5,1366,7941,0,11,99.99,52,34.3,215.9
2026-05-23T12:31:02,36.1,1370,7941,0,11,99.99,58,33.5,215.9
2026-05-23T12:31:08,39.8,1349,7941,0,8,99.99,64,37.8,215.9
2026-05-23T12:31:13,43.2,1360,7941,0,9,99.99,51,41.2,215.9
2026-05-23T12:31:18,36.9,1361,7941,0,11,99.99,71,34.4,215.9
2026-05-23T12:31:24,42.3,1370,7941,0,11,99.99,51,40.7,215.9
2026-05-23T12:31:29,41.8,1363,7941,0,10,99.99,52,39.2,215.9
2026-05-23T12:31:34,38.5,1360,7941,0,10,99.99,76,36.0,215.9
2026-05-23T12:31:39,36.5,1365,7941,0,10,99.99,50,34.6,215.9
2026-05-23T12:31:45,39.5,1352,7941,0,9,99.99,61,37.0,215.9
2026-05-23T12:31:50,42.6,1357,7941,0,9,99.99,60,40.8,215.9
2026-05-23T12:31:55,40.6,1362,7941,0,11,99.99,54,38.7,215.9
2026-05-23T12:32:00,41.4,1360,7941,0,11,99.99,54,39.4,215.9
2026-05-23T12:32:06,37.7,1356,7941,0,9,99.99,63,35.3,215.9
2026-05-23T12:32:11,31.5,1354,7941,0,9,99.99,51,29.0,215.9
2026-05-23T12:32:16,37.5,1362,7941,0,9,99.99,55,35.4,215.9
2026-05-23T12:32:22,40.8,1363,7941,0,9,99.99,64,39.1,215.9
2026-05-23T12:32:27,39.2,1360,7941,0,8,99.99,58,36.8,215.9
2026-05-23T12:32:32,36.8,1361,7941,0,9,99.99,52,35.0,215.9
2026-05-23T12:32:37,33.4,1359,7941,0,9,99.99,54,30.6,215.9
2026-05-23T12:32:43,35.3,1363,7941,0,10,99.99,42,33.4,215.9
2026-05-23T12:32:48,38.7,1357,7941,0,9,99.99,58,36.9,215.9
2026-05-23T12:32:53,32.2,1358,7941,0,8,99.99,47,30.9,215.9
2026-05-23T12:32:58,36.6,1353,7941,0,8,99.99,51,34.5,215.9
2026-05-23T12:33:04,36.6,1362,7941,0,11,99.99,48,34.4,215.9
2026-05-23T12:33:09,33.9,1361,7941,0,11,99.99,67,31.4,215.9
2026-05-23T12:33:14,37.7,1352,7941,0,11,99.99,56,36.1,215.9
2026-05-23T12:33:19,36.3,1361,7941,1,10,99.99,53,34.5,215.9
2026-05-23T12:33:25,32.1,1362,7941,0,11,99.99,46,29.8,215.9
2026-05-23T12:33:30,38.5,1371,7941,0,11,99.99,65,36.5,215.9
2026-05-23T12:33:35,38.4,1364,7941,0,10,99.99,61,35.7,215.9
2026-05-23T12:33:40,37.8,1365,7941,0,10,99.99,56,36.1,215.9
2026-05-23T12:33:46,36.8,1362,7941,0,9,99.99,55,34.4,215.9
2026-05-23T12:33:51,36.1,1356,7941,0,9,99.99,45,34.3,215.9
2026-05-23T12:33:56,35.6,1359,7941,0,9,99.99,66,33.5,215.9
2026-05-23T12:34:01,38.2,1352,7941,0,8,99.99,53,36.1,215.9
2026-05-23T12:34:07,39.1,1362,7941,0,11,99.99,59,36.5,215.9
2026-05-23T12:34:12,41.0,1364,7941,0,11,99.99,59,39.7,215.9
2026-05-23T12:34:17,37.9,1363,7941,0,10,99.99,70,35.5,215.9
2026-05-23T12:34:22,33.5,1353,7941,0,9,99.99,53,31.5,215.9
2026-05-23T12:34:28,37.1,1356,7941,0,9,99.99,64,35.3,215.9
2026-05-23T12:34:33,35.9,1363,7941,0,9,99.99,51,33.8,216.1
2026-05-23T12:34:38,36.6,1355,7941,0,8,99.99,47,34.9,216.1
2026-05-23T12:34:43,29.4,1361,7941,0,8,99.99,58,27.4,216.1
2026-05-23T12:34:49,39.5,1357,7941,0,9,99.99,63,37.5,216.1
2026-05-23T12:34:54,39.7,1362,7941,0,10,99.99,65,37.3,216.1
2026-05-23T12:34:59,34.8,1362,7941,0,10,99.99,59,33.1,216.1
2026-05-23T12:35:04,47.1,1365,7941,0,11,99.99,54,45.1,216.1
2026-05-23T12:35:10,36.2,1371,7941,0,11,99.99,58,34.4,216.1
2026-05-23T12:35:15,34.8,1356,7941,0,9,99.99,55,32.8,216.1
2026-05-23T12:35:20,36.6,1358,7941,0,9,99.99,51,35.2,216.1
2026-05-23T12:35:25,37.1,1362,7941,2,8,99.99,65,34.8,216.1
2026-05-23T12:35:31,35.2,1365,7941,0,10,99.99,67,32.6,216.1
2026-05-23T12:35:36,39.6,1364,7941,0,11,99.99,52,37.2,216.1
2026-05-23T12:35:41,33.4,1365,7941,0,10,99.99,57,31.9,216.1
2026-05-23T12:35:46,39.0,1357,7941,0,10,99.99,64,36.8,216.1
2026-05-23T12:35:51,36.9,1356,7941,0,10,99.99,58,35.0,216.1
2026-05-23T12:35:57,35.9,1354,7941,0,9,99.99,67,33.8,216.1
2026-05-23T12:36:02,36.7,1361,7941,0,9,99.99,44,35.3,216.1
2026-05-23T12:36:07,39.9,1362,7941,0,8,99.99,59,37.9,216.1
2026-05-23T12:36:12,30.4,1365,7941,0,11,99.99,41,28.6,216.1
2026-05-23T12:36:18,33.9,1365,7941,0,11,99.99,59,31.4,216.1
2026-05-23T12:36:23,35.9,1357,7941,0,9,99.99,55,34.2,216.1
2026-05-23T12:36:28,32.7,1364,7941,0,8,99.99,51,30.5,216.1
2026-05-23T12:36:33,39.2,1361,7941,0,9,99.99,54,37.0,216.1
2026-05-23T12:36:38,34.0,1368,7941,0,9,99.99,56,32.2,216.1
2026-05-23T12:36:44,48.9,1371,7941,0,11,99.99,59,45.6,216.1
2026-05-23T12:36:49,39.2,1369,7941,0,11,99.99,53,36.9,216.1
2026-05-23T12:36:55,36.6,1356,7941,0,9,99.99,50,34.4,216.1
2026-05-23T12:37:00,38.4,1359,7941,0,9,99.99,51,36.6,216.1
2026-05-23T12:37:05,32.4,1363,7941,0,9,99.99,64,30.1,216.1
2026-05-23T12:37:10,33.2,1356,7941,0,8,99.99,41,31.3,216.1
2026-05-23T12:37:16,36.1,1372,7941,0,9,99.99,57,33.4,216.1
2026-05-23T12:37:21,39.9,1378,7941,0,11,99.99,56,37.6,216.1
2026-05-23T12:37:26,38.9,1369,7941,0,11,99.99,67,37.0,216.1
2026-05-23T12:37:31,38.5,1355,7941,0,9,99.99,49,36.9,216.1
2026-05-23T12:37:37,34.1,1353,7941,0,8,99.99,68,31.6,216.1
2026-05-23T12:37:42,35.9,1357,7941,0,8,99.99,45,34.2,216.1
2026-05-23T12:37:47,39.6,1362,7941,0,11,99.99,67,36.2,216.1
2026-05-23T12:37:52,31.9,1369,7941,0,11,99.99,50,29.9,216.1
2026-05-23T12:37:58,45.3,1363,7941,1,9,99.99,67,43.5,216.1
2026-05-23T12:38:03,38.2,1363,7941,0,11,99.99,67,35.6,216.1
2026-05-23T12:38:08,33.4,1372,7941,0,11,99.99,50,31.3,216.1
2026-05-23T12:38:13,42.7,1355,7941,0,9,99.99,53,41.0,216.1
2026-05-23T12:38:19,29.1,1362,7941,0,9,99.99,57,26.6,216.1
2026-05-23T12:38:24,41.4,1365,7941,0,9,99.99,62,40.0,216.1
2026-05-23T12:38:29,43.2,1364,7941,1,8,99.99,71,41.1,216.1
2026-05-23T12:38:34,32.0,1367,7941,0,11,99.99,57,29.5,216.1
2026-05-23T12:38:40,38.1,1377,7941,0,11,99.99,54,35.9,216.1
2026-05-23T12:38:45,39.7,1380,7941,0,11,99.99,64,37.8,216.1
2026-05-23T12:38:50,30.7,1361,7941,0,9,99.99,38,28.4,216.1
2026-05-23T12:38:55,39.5,1361,7941,0,9,99.99,57,37.2,216.1
2026-05-23T12:39:01,36.2,1359,7941,1,9,99.99,51,34.4,216.1
2026-05-23T12:39:06,46.0,1367,7941,0,11,99.99,62,45.5,216.1
2026-05-23T12:39:11,34.2,1372,7941,0,11,99.99,43,32.1,216.1
2026-05-23T12:39:17,40.7,1369,7941,0,9,99.99,53,38.2,216.1
2026-05-23T12:39:22,32.7,1359,7941,0,9,99.99,60,30.2,216.1
2026-05-23T12:39:27,37.5,1353,7941,0,9,99.99,51,34.8,216.1
2026-05-23T12:39:32,31.3,1357,7941,0,9,99.99,48,29.4,216.1
2026-05-23T12:39:38,37.5,1363,7941,0,11,99.99,63,35.3,216.1
2026-05-23T12:39:43,37.1,1368,7941,0,11,99.99,39,35.3,216.1
2026-05-23T12:39:48,34.4,1354,7941,0,9,99.99,61,32.0,216.1
2026-05-23T12:39:53,40.2,1356,7941,0,9,99.99,50,38.5,216.1
2026-05-23T12:39:59,34.8,1365,7941,0,9,99.99,58,32.4,216.1
2026-05-23T12:40:04,39.5,1367,7941,0,11,99.99,55,38.9,216.1
2026-05-23T12:40:09,38.0,1369,7941,0,11,99.99,52,36.2,216.1
2026-05-23T12:40:15,45.2,1355,7941,0,10,99.99,49,43.3,216.1
2026-05-23T12:40:20,37.9,1362,7941,0,10,99.99,52,35.4,216.1
2026-05-23T12:40:25,36.7,1359,7941,0,9,99.99,58,34.4,216.1
2026-05-23T12:40:31,40.8,1358,7941,0,8,99.99,60,38.9,216.1
2026-05-23T12:40:36,40.2,1354,7941,0,9,99.99,60,37.9,216.1
2026-05-23T12:40:41,36.2,1353,7941,0,9,99.99,43,34.8,216.1
2026-05-23T12:40:47,39.4,1363,7941,0,9,99.99,68,37.1,216.1
2026-05-23T12:40:52,34.8,1363,7941,0,10,99.99,49,33.2,216.1
2026-05-23T12:40:57,35.0,1373,7941,0,10,99.99,57,32.8,216.1
2026-05-23T12:41:03,34.5,1359,7941,0,10,99.99,41,32.5,216.1
2026-05-23T12:41:08,38.4,1353,7941,0,9,99.99,67,36.2,216.1
2026-05-23T12:41:13,38.1,1364,7941,0,9,99.99,42,36.5,216.1
2026-05-23T12:41:18,39.0,1355,7941,0,9,99.99,54,37.0,216.1
2026-05-23T12:41:24,40.7,1366,7941,0,9,99.99,77,38.1,216.1
2026-05-23T12:41:29,42.0,1355,7941,0,9,99.99,61,39.9,216.1
2026-05-23T12:41:34,40.7,1353,7941,0,9,99.99,71,38.7,216.1
2026-05-23T12:41:39,37.9,1357,7941,0,9,99.99,42,36.1,216.1
2026-05-23T12:41:45,33.2,1362,7941,0,9,99.99,48,30.4,216.1
2026-05-23T12:41:50,39.0,1361,7941,0,9,99.99,65,36.7,216.1
2026-05-23T12:41:55,32.3,1359,7941,0,9,99.99,42,30.3,216.1
2026-05-23T12:42:00,37.6,1350,7941,0,8,99.99,55,36.0,216.1
2026-05-23T12:42:06,37.9,1360,7941,0,8,99.99,53,35.2,216.1
2026-05-23T12:42:11,33.3,1357,7941,0,8,99.99,46,31.3,216.1
2026-05-23T12:42:16,33.7,1357,7941,0,9,99.99,43,31.3,216.1
2026-05-23T12:42:21,30.0,1365,7941,0,9,99.99,41,27.7,216.1
2026-05-23T12:42:27,41.7,1355,7941,0,9,99.99,60,39.5,216.1
2026-05-23T12:42:32,39.5,1359,7941,0,9,99.99,53,37.8,216.1
2026-05-23T12:42:37,34.3,1354,7941,0,9,99.99,54,31.9,216.1
2026-05-23T12:42:42,35.9,1362,7941,0,9,99.99,69,33.9,216.1
2026-05-23T12:42:48,39.1,1365,7941,0,9,99.99,56,36.1,216.1
2026-05-23T12:42:53,27.4,1361,7941,0,9,99.99,39,25.3,216.1
2026-05-23T12:42:58,36.9,1367,7941,0,10,99.99,57,34.8,216.1
2026-05-23T12:43:03,36.8,1359,7941,0,9,99.99,51,35.4,216.1
2026-05-23T12:43:09,41.0,1358,7941,0,10,99.99,61,38.5,216.1
2026-05-23T12:43:14,37.7,1361,7941,0,10,99.99,62,36.0,216.1
2026-05-23T12:43:19,40.1,1362,7941,0,10,99.99,57,39.0,216.1
2026-05-23T12:43:25,39.4,1362,7941,0,10,99.99,59,37.1,216.1
2026-05-23T12:43:30,41.6,1358,7941,0,9,99.99,58,39.5,216.1
2026-05-23T12:43:35,31.8,1358,7941,0,9,99.99,54,29.0,216.1
2026-05-23T12:43:40,34.7,1367,7941,0,11,99.99,55,32.6,216.1
2026-05-23T12:43:46,45.6,1375,7941,1,9,99.99,63,38.0,216.1
2026-05-23T12:43:51,39.1,1366,7941,0,10,99.99,57,37.2,216.1
2026-05-23T12:43:56,37.6,1360,7941,0,9,99.99,58,35.4,216.1
2026-05-23T12:44:02,30.9,1363,7941,0,9,99.99,50,29.0,216.1
2026-05-23T12:44:07,41.4,1360,7941,0,9,99.99,52,39.9,216.1
2026-05-23T12:44:12,37.1,1363,7941,0,9,99.99,49,35.0,216.1
2026-05-23T12:44:17,40.2,1369,7941,0,10,99.99,66,37.7,216.1
2026-05-23T12:44:23,33.3,1375,7941,0,10,99.99,54,30.2,216.1
2026-05-23T12:44:28,43.4,1365,7941,0,10,99.99,65,41.9,216.1
2026-05-23T12:44:33,38.8,1363,7941,0,9,99.99,53,37.0,216.1
2026-05-23T12:44:38,30.9,1368,7941,0,11,99.99,66,28.4,216.1
2026-05-23T12:44:44,40.5,1373,7941,0,11,99.99,56,38.8,216.1
2026-05-23T12:44:49,38.3,1365,7941,0,9,99.99,65,35.9,216.1
2026-05-23T12:44:54,29.8,1356,7941,0,8,99.99,57,27.5,216.1
2026-05-23T12:44:59,37.7,1352,7941,0,8,99.99,50,35.9,216.1
2026-05-23T12:45:05,47.2,1358,7941,1,8,99.99,59,48.3,216.1
2026-05-23T12:45:10,43.4,1359,7941,0,9,99.99,61,41.5,216.1
2026-05-23T12:45:15,43.0,1360,7941,0,10,99.99,67,40.8,216.1
2026-05-23T12:45:20,40.1,1374,7941,0,10,99.99,73,38.1,216.1
2026-05-23T12:45:26,37.8,1365,7941,0,10,99.99,64,35.2,216.1
2026-05-23T12:45:31,35.3,1369,7941,0,10,99.99,54,33.0,216.1
2026-05-23T12:45:36,41.8,1369,7941,0,10,99.99,67,39.7,216.1
2026-05-23T12:45:41,33.6,1361,7941,0,9,99.99,53,31.7,216.1
2026-05-23T12:45:47,36.7,1368,7941,0,11,99.99,65,34.4,216.1
2026-05-23T12:45:52,39.5,1367,7941,1,10,99.99,57,37.6,216.1
2026-05-23T12:45:57,36.1,1353,7941,0,9,99.99,58,34.2,216.1
2026-05-23T12:46:02,33.7,1357,7941,0,9,99.99,49,31.1,216.1
2026-05-23T12:46:08,36.1,1359,7941,0,9,99.99,67,34.1,216.1
2026-05-23T12:46:13,37.5,1365,7941,0,9,99.99,46,35.8,216.1
2026-05-23T12:46:18,33.8,1365,7941,1,8,99.99,63,31.6,216.1
2026-05-23T12:46:23,34.1,1361,7941,0,10,99.99,47,32.0,216.1
2026-05-23T12:46:28,31.9,1362,7941,0,10,99.99,48,29.8,216.1
2026-05-23T12:46:34,36.1,1363,7941,0,9,99.99,56,34.1,216.1
2026-05-23T12:46:39,24.8,1361,7941,0,9,99.99,49,22.2,216.1
2026-05-23T12:46:44,40.2,1368,7941,0,9,99.99,54,37.8,216.1
2026-05-23T12:46:49,35.2,1365,7941,0,9,99.99,53,33.2,216.1
2026-05-23T12:46:55,37.3,1353,7941,0,9,99.99,65,35.4,216.1
2026-05-23T12:47:00,31.1,1352,7941,0,8,99.99,33,29.5,216.1
2026-05-23T12:47:05,37.9,1360,7941,0,9,99.99,64,35.2,216.1
2026-05-23T12:47:11,39.7,1363,7941,0,9,99.99,54,37.6,216.1
2026-05-23T12:47:16,35.1,1361,7941,0,9,99.99,51,33.0,216.1
2026-05-23T12:47:21,33.8,1359,7941,0,8,99.99,54,32.1,216.1
2026-05-23T12:47:26,32.7,1353,7941,0,8,99.99,53,30.1,216.1
2026-05-23T12:47:32,35.3,1360,7941,0,9,99.99,51,33.0,216.1
2026-05-23T12:47:37,36.9,1358,7941,0,10,99.99,54,34.7,216.1
2026-05-23T12:47:42,33.9,1364,7941,0,10,99.99,43,32.2,216.1
2026-05-23T12:47:47,32.5,1359,7941,0,9,99.99,63,30.1,216.1
2026-05-23T12:47:52,38.8,1356,7941,0,9,99.99,46,36.8,216.1
2026-05-23T12:47:58,32.9,1358,7941,0,9,99.99,55,30.6,216.1
2026-05-23T12:48:03,37.1,1363,7941,0,9,99.99,58,35.0,216.1
2026-05-23T12:48:08,38.3,1359,7941,0,9,99.99,62,35.9,216.1
2026-05-23T12:48:14,33.4,1366,7941,0,10,99.99,57,31.7,216.1
2026-05-23T12:48:19,37.5,1363,7941,0,10,99.99,56,35.5,216.1
2026-05-23T12:48:24,34.3,1363,7941,0,10,99.99,45,32.3,216.2
2026-05-23T12:48:29,35.8,1359,7941,0,9,99.99,61,33.7,216.2
2026-05-23T12:48:34,36.6,1361,7941,0,10,99.99,59,34.4,216.2
2026-05-23T12:48:40,33.3,1365,7941,0,10,99.99,46,31.3,216.2
2026-05-23T12:48:45,38.7,1361,7941,0,9,99.99,66,36.2,216.2
2026-05-23T12:48:50,30.3,1363,7941,0,9,99.99,40,28.5,216.2
2026-05-23T12:48:55,33.7,1358,7941,0,10,99.99,52,31.6,216.2
2026-05-23T12:49:01,34.3,1361,7941,0,11,99.99,50,32.6,216.2
2026-05-23T12:49:06,42.6,1364,7941,0,11,99.99,68,40.2,216.2
2026-05-23T12:49:11,30.0,1368,7941,0,11,99.99,45,28.1,216.2
2026-05-23T12:49:16,40.0,1370,7941,0,9,99.99,59,36.3,216.2
2026-05-23T12:49:22,36.7,1358,7941,0,8,99.99,54,35.1,216.2
2026-05-23T12:49:27,37.8,1362,7941,0,10,99.99,56,34.9,216.2
2026-05-23T12:49:32,28.1,1368,7941,0,10,99.99,44,25.9,216.2
2026-05-23T12:49:37,39.2,1362,7941,0,9,99.99,56,37.4,216.2
2026-05-23T12:49:43,40.7,1360,7941,0,9,99.99,59,38.9,216.2
2026-05-23T12:49:48,38.1,1372,7941,1,9,99.99,67,35.5,216.2
2026-05-23T12:49:53,34.3,1370,7941,0,11,99.99,47,32.4,216.2
2026-05-23T12:49:58,39.8,1363,7941,0,9,99.99,56,38.2,216.2
2026-05-23T12:50:04,39.1,1371,7941,0,10,99.99,63,38.9,216.2
2026-05-23T12:50:09,44.6,1369,7941,0,10,99.99,47,43.0,216.2
2026-05-23T12:50:14,38.1,1369,7941,0,10,99.99,65,35.1,216.2
2026-05-23T12:50:20,41.2,1367,7941,0,9,99.99,53,38.9,216.2
2026-05-23T12:50:25,36.7,1371,7941,0,9,99.99,58,34.8,216.2
2026-05-23T12:50:30,38.4,1367,7941,0,9,99.99,67,36.2,216.2
2026-05-23T12:50:35,41.8,1361,7941,0,9,99.99,67,39.6,216.2
2026-05-23T12:50:41,33.8,1372,7941,0,10,99.99,54,31.9,216.2
2026-05-23T12:50:46,37.7,1371,7941,0,11,99.99,56,35.2,216.2
2026-05-23T12:50:51,37.8,1370,7941,0,11,99.99,53,36.1,216.2
2026-05-23T12:50:56,39.3,1366,7941,1,9,99.99,77,37.2,216.2
2026-05-23T12:51:01,33.0,1367,7941,0,10,99.99,43,31.4,216.2
2026-05-23T12:51:07,34.2,1364,7941,0,9,99.99,53,31.6,216.2
2026-05-23T12:51:12,38.9,1361,7941,0,8,99.99,63,37.2,216.2
2026-05-23T12:51:17,32.8,1361,7941,0,8,99.99,51,30.5,216.2
2026-05-23T12:51:22,34.1,1366,7941,0,8,99.99,48,32.7,216.2
2026-05-23T12:51:28,37.9,1366,7941,0,9,99.99,62,35.6,216.2
2026-05-23T12:51:33,37.9,1369,7941,0,9,99.99,46,36.2,216.2
2026-05-23T12:51:38,39.9,1363,7941,0,9,99.99,73,38.0,216.2
2026-05-23T12:51:43,30.0,1368,7941,0,9,99.99,45,28.1,216.2
2026-05-23T12:51:49,38.1,1375,7941,0,11,99.99,61,36.0,216.2
2026-05-23T12:51:54,34.9,1380,7941,0,11,99.99,64,33.1,216.2
2026-05-23T12:51:59,39.5,1371,7941,0,10,99.99,50,38.0,216.2
2026-05-23T12:52:04,33.3,1371,7941,0,10,99.99,59,31.0,216.2
2026-05-23T12:52:10,35.7,1368,7941,0,9,99.99,50,34.0,216.2
2026-05-23T12:52:15,32.2,1364,7941,1,8,99.99,48,30.2,216.2
2026-05-23T12:52:20,33.1,1364,7941,0,9,99.99,43,31.4,216.2
2026-05-23T12:52:25,35.8,1365,7941,1,9,99.99,68,33.7,216.2
2026-05-23T12:52:30,40.0,1364,7941,0,10,99.99,57,38.4,216.2
2026-05-23T12:52:36,39.9,1371,7941,0,10,99.99,60,38.1,216.2
2026-05-23T12:52:41,35.4,1360,7941,0,8,99.99,50,33.5,216.2
2026-05-23T12:52:46,36.3,1369,7941,0,9,99.99,65,34.2,216.2
2026-05-23T12:52:51,34.6,1366,7941,1,8,99.99,38,33.1,216.2
2026-05-23T12:52:57,36.5,1371,7941,0,11,99.99,65,34.7,216.2
2026-05-23T12:53:02,34.8,1376,7941,0,11,99.99,40,32.8,216.2
2026-05-23T12:53:07,31.4,1363,7941,0,9,99.99,51,29.2,216.2
2026-05-23T12:53:12,38.7,1370,7941,0,11,99.99,65,36.6,216.2
2026-05-23T12:53:17,36.6,1371,7941,0,11,99.99,55,34.5,216.2
2026-05-23T12:53:23,35.5,1367,7941,0,10,99.99,47,33.6,216.2
2026-05-23T12:53:28,34.4,1372,7941,0,10,99.99,60,32.4,216.2
2026-05-23T12:53:33,39.7,1368,7941,0,9,99.99,44,38.0,216.2
2026-05-23T12:53:38,37.5,1368,7941,0,10,99.99,69,35.4,216.2
2026-05-23T12:53:44,33.4,1375,7941,0,11,99.99,46,31.5,216.2
2026-05-23T12:53:49,34.1,1371,7941,0,11,99.99,54,32.0,216.2
2026-05-23T12:53:54,34.3,1361,7941,0,9,99.99,57,32.1,216.2
2026-05-23T12:53:59,34.5,1365,7941,0,9,99.99,50,32.8,216.2
2026-05-23T12:54:04,34.6,1373,7941,0,11,99.99,57,32.2,216.2
2026-05-23T12:54:10,36.9,1375,7941,0,11,99.99,47,34.8,216.2
2026-05-23T12:54:15,35.2,1365,7941,0,9,99.99,60,33.3,216.2
2026-05-23T12:54:20,34.4,1360,7941,0,10,99.99,47,32.3,216.2
2026-05-23T12:54:25,36.7,1365,7941,0,11,99.99,63,34.5,216.2
2026-05-23T12:54:31,35.9,1371,7941,0,11,99.99,48,34.1,216.2
2026-05-23T12:54:36,38.2,1368,7941,0,10,99.99,65,36.4,216.2
2026-05-23T12:54:41,32.5,1369,7941,0,10,99.99,55,30.5,216.2
2026-05-23T12:54:46,39.9,1368,7941,0,10,99.99,72,37.5,216.2
2026-05-23T12:54:52,42.9,1369,7941,0,10,99.99,52,41.6,216.2
2026-05-23T12:54:57,35.5,1364,7941,0,10,99.99,57,33.4,216.2
2026-05-23T12:55:02,38.1,1368,7941,0,11,99.99,64,37.5,216.2
2026-05-23T12:55:08,31.0,1373,7941,0,11,99.99,58,28.2,216.2
2026-05-23T12:55:13,39.6,1361,7941,0,9,99.99,41,37.9,216.2
2026-05-23T12:55:18,35.6,1365,7941,0,9,99.99,70,33.5,216.2
2026-05-23T12:55:23,37.1,1366,7941,0,11,99.99,46,35.5,216.2
2026-05-23T12:55:29,35.5,1365,7941,0,11,99.99,60,33.1,216.2
2026-05-23T12:55:34,36.5,1361,7941,0,9,99.99,66,34.4,216.2
2026-05-23T12:55:39,39.8,1361,7941,0,9,99.99,62,38.0,216.2
2026-05-23T12:55:44,34.8,1350,7941,0,8,99.99,56,32.9,216.2
2026-05-23T12:55:50,37.3,1354,7941,0,8,99.99,51,35.5,216.2
2026-05-23T12:55:55,31.9,1352,7941,0,8,99.99,55,29.6,216.2
2026-05-23T12:56:00,35.9,1362,7941,0,11,99.99,61,34.3,216.2
2026-05-23T12:56:05,33.9,1362,7941,0,11,99.99,43,31.4,216.2
2026-05-23T12:56:11,39.5,1371,7941,0,11,99.99,64,37.4,216.2
2026-05-23T12:56:16,31.1,1369,7941,0,11,99.99,54,28.6,216.2
2026-05-23T12:56:21,36.4,1367,7941,0,9,99.99,58,34.4,216.2
2026-05-23T12:56:26,38.4,1361,7941,0,9,99.99,53,36.6,216.2
2026-05-23T12:56:31,37.9,1368,7941,0,11,99.99,54,36.0,216.2
2026-05-23T12:56:37,42.5,1363,7941,0,11,99.99,68,40.2,216.2
2026-05-23T12:56:42,33.9,1361,7941,0,11,99.99,60,31.4,216.2
2026-05-23T12:56:47,42.3,1378,7941,0,11,99.99,69,39.5,216.2
2026-05-23T12:56:52,37.5,1360,7941,0,10,99.99,53,35.6,216.2
2026-05-23T12:56:58,34.2,1361,7941,0,9,99.99,59,31.8,216.2
2026-05-23T12:57:03,34.9,1367,7941,0,11,99.99,54,32.8,216.2
2026-05-23T12:57:08,37.5,1367,7941,1,10,99.99,60,35.4,216.2
2026-05-23T12:57:13,40.4,1370,7941,0,11,99.99,63,38.6,216.2
2026-05-23T12:57:19,39.6,1366,7941,1,10,99.99,52,37.5,216.2
2026-05-23T12:57:24,36.1,1367,7941,0,11,99.99,61,34.0,216.2
2026-05-23T12:57:29,33.7,1370,7941,0,11,99.99,47,31.2,216.2
2026-05-23T12:57:34,35.9,1364,7941,0,11,99.99,64,33.7,216.2
2026-05-23T12:57:40,32.0,1367,7941,0,11,99.99,51,30.1,216.2
2026-05-23T12:57:45,39.5,1370,7941,0,11,99.99,52,37.2,216.2
2026-05-23T12:57:50,35.3,1366,7941,0,10,99.99,59,33.3,216.2
2026-05-23T12:57:56,28.2,1370,7941,0,10,99.99,54,26.0,216.2
2026-05-23T12:58:01,40.3,1361,7941,0,10,99.99,53,38.6,216.2
2026-05-23T12:58:06,31.1,1361,7941,0,9,99.99,53,28.2,216.2
2026-05-23T12:58:11,42.2,1362,7941,0,9,99.99,47,40.6,216.2
2026-05-23T12:58:17,41.9,1366,7941,0,10,99.99,66,39.8,216.2
2026-05-23T12:58:22,33.1,1365,7941,0,10,99.99,55,30.6,216.2
2026-05-23T12:58:27,35.6,1373,7941,0,11,99.99,53,33.7,216.2
2026-05-23T12:58:32,37.6,1367,7941,0,11,99.99,53,36.1,216.2
2026-05-23T12:58:38,35.7,1369,7941,0,11,99.99,53,33.2,216.2
2026-05-23T12:58:43,31.9,1364,7941,0,9,99.99,56,29.8,216.2
2026-05-23T12:58:48,38.4,1363,7941,0,9,99.99,53,36.4,216.2
2026-05-23T12:58:53,39.8,1358,7941,0,8,99.99,56,37.9,216.2
2026-05-23T12:58:59,33.7,1356,7941,0,8,99.99,50,31.6,216.2
2026-05-23T12:59:04,33.9,1362,7941,0,10,99.99,54,31.4,216.2
2026-05-23T12:59:09,34.4,1371,7941,0,11,99.99,54,31.8,216.2
2026-05-23T12:59:14,40.2,1370,7941,0,11,99.99,65,38.5,216.2
2026-05-23T12:59:20,37.5,1365,7941,0,10,99.99,51,34.9,216.2
2026-05-23T12:59:25,38.1,1367,7941,0,10,99.99,61,35.8,216.2
2026-05-23T12:59:30,36.7,1359,7941,0,9,99.99,55,34.6,216.2
2026-05-23T12:59:35,38.2,1373,7941,0,9,99.99,57,35.9,216.2
2026-05-23T12:59:41,34.9,1377,7941,0,9,99.99,56,33.1,216.2
2026-05-23T12:59:46,37.1,1362,7941,0,9,99.99,56,34.4,216.2
2026-05-23T12:59:51,38.8,1365,7941,1,8,99.99,45,37.1,216.2
2026-05-23T12:59:57,35.2,1366,7941,0,8,99.99,58,33.0,216.2
2026-05-23T13:00:02,35.8,1360,7941,1,10,99.99,57,34.4,216.2
2026-05-23T13:00:08,61.9,1411,7941,0,11,99.99,53,66.0,216.2
2026-05-23T13:00:13,37.4,1405,7941,0,10,99.99,52,35.1,216.2
2026-05-23T13:00:18,43.1,1399,7941,0,10,99.99,55,40.5,216.2
2026-05-23T13:00:24,39.9,1396,7941,1,10,99.99,59,37.9,216.2
2026-05-23T13:00:29,43.4,1397,7941,0,10,99.99,45,40.8,216.2
2026-05-23T13:00:34,33.9,1393,7941,0,10,99.99,57,32.1,216.2
2026-05-23T13:00:40,37.5,1406,7941,0,9,99.99,54,35.1,216.2
2026-05-23T13:00:45,40.2,1388,7941,0,9,99.99,63,37.6,216.2
2026-05-23T13:00:50,34.7,1397,7941,0,8,99.99,52,32.9,216.2
2026-05-23T13:00:55,38.4,1395,7941,0,10,99.99,49,35.9,216.2
2026-05-23T13:01:01,39.1,1396,7941,0,10,99.99,54,37.6,216.2
2026-05-23T13:01:06,35.0,1405,7941,0,10,99.99,62,32.1,216.2
2026-05-23T13:01:11,41.9,1391,7941,0,9,99.99,59,40.4,216.2
2026-05-23T13:01:17,31.9,1394,7941,0,9,99.99,52,29.2,216.2
2026-05-23T13:01:22,38.4,1400,7941,0,9,99.99,61,36.6,216.2
2026-05-23T13:01:27,37.3,1405,7941,0,11,99.99,56,34.9,216.2
2026-05-23T13:01:32,38.6,1417,7941,0,11,99.99,49,36.9,216.2
2026-05-23T13:01:38,30.2,1390,7941,0,9,99.99,62,27.7,216.2
2026-05-23T13:01:43,40.0,1395,7941,0,9,99.99,48,38.0,216.2
2026-05-23T13:01:48,33.5,1394,7941,0,8,99.99,71,31.6,216.2
2026-05-23T13:01:53,40.3,1404,7941,0,11,99.99,56,37.9,216.2
2026-05-23T13:01:59,37.3,1402,7941,0,11,99.99,51,35.1,216.2
2026-05-23T13:02:04,35.3,1397,7941,0,9,99.99,65,33.0,216.2
2026-05-23T13:02:09,42.2,1396,7941,0,9,99.99,52,40.0,216.2
2026-05-23T13:02:14,34.9,1397,7941,0,9,99.99,63,32.5,216.2
2026-05-23T13:02:20,39.4,1409,7941,0,11,99.99,43,37.5,216.2
2026-05-23T13:02:25,32.8,1406,7941,0,11,99.99,58,30.4,216.2
2026-05-23T13:02:30,32.2,1391,7941,0,8,99.99,34,30.2,216.2
2026-05-23T13:02:35,36.6,1398,7941,0,10,99.99,61,34.2,216.2
2026-05-23T13:02:41,33.1,1406,7941,0,10,99.99,47,31.1,216.2
2026-05-23T13:02:46,43.8,1396,7941,1,8,99.99,65,41.9,216.2
2026-05-23T13:02:51,33.6,1403,7941,0,10,99.99,58,31.6,216.2
2026-05-23T13:02:56,38.7,1404,7941,2,9,99.99,60,36.3,216.2
2026-05-23T13:03:02,30.1,1401,7941,0,10,99.99,56,27.8,216.2
2026-05-23T13:03:07,45.8,1404,7941,0,10,99.99,62,45.1,216.2
2026-05-23T13:03:12,35.8,1408,7941,0,10,99.99,40,33.9,216.2
2026-05-23T13:03:18,34.5,1411,7941,0,10,99.99,63,32.2,216.2
2026-05-23T13:03:23,34.8,1404,7941,0,9,99.99,55,32.6,216.2
2026-05-23T13:03:28,38.3,1400,7941,0,10,99.99,57,36.1,216.2
2026-05-23T13:03:33,41.5,1405,7941,0,10,99.99,53,39.5,216.2
2026-05-23T13:03:39,36.7,1408,7941,0,11,99.99,54,34.5,216.2
2026-05-23T13:03:44,37.4,1409,7941,0,11,99.99,64,34.4,216.2
2026-05-23T13:03:49,37.8,1395,7941,1,9,99.99,58,35.8,216.2
2026-05-23T13:03:54,32.2,1399,7941,0,10,99.99,58,29.4,216.2
2026-05-23T13:04:00,34.4,1402,7941,1,10,99.99,48,32.3,216.2
2026-05-23T13:04:05,37.1,1384,7941,0,11,99.99,60,35.1,216.2
2026-05-23T13:04:10,37.5,1354,7941,0,8,99.99,49,35.3,216.2
2026-05-23T13:04:16,39.3,1362,7941,0,9,99.99,58,37.1,216.2
2026-05-23T13:04:21,34.5,1354,7941,0,10,99.99,60,32.5,216.2
2026-05-23T13:04:26,43.5,1358,7941,0,10,99.99,51,41.0,216.2
2026-05-23T13:04:31,33.7,1357,7941,0,9,99.99,71,31.6,216.2
2026-05-23T13:04:37,40.9,1363,7941,0,11,99.99,61,38.6,216.2
2026-05-23T13:04:42,37.5,1361,7941,0,9,99.99,54,35.0,216.2
2026-05-23T13:04:47,38.3,1359,7941,0,9,99.99,64,36.2,216.2
2026-05-23T13:04:52,34.3,1359,7941,0,9,99.99,53,32.1,216.2
2026-05-23T13:04:58,40.1,1362,7941,0,11,99.99,54,38.0,216.2
2026-05-23T13:05:03,34.0,1366,7941,0,11,99.99,50,34.0,216.2
2026-05-23T13:05:08,44.3,1357,7941,0,9,99.99,65,42.0,216.2
2026-05-23T13:05:14,38.6,1358,7941,0,9,99.99,56,36.5,216.2
2026-05-23T13:05:19,34.3,1361,7941,0,9,99.99,57,32.1,216.2
2026-05-23T13:05:24,33.0,1360,7941,0,9,99.99,64,30.2,216.2
2026-05-23T13:05:29,38.7,1363,7941,0,9,99.99,49,36.5,216.2
2026-05-23T13:05:35,33.0,1365,7941,0,11,99.99,58,30.2,216.2
2026-05-23T13:05:40,38.4,1354,7941,0,8,99.99,56,36.6,216.2
2026-05-23T13:05:45,36.4,1362,7941,0,10,99.99,49,33.7,216.2
2026-05-23T13:05:50,38.6,1370,7941,0,10,99.99,58,36.6,216.2
2026-05-23T13:05:56,39.1,1371,7941,0,11,99.99,54,37.4,216.2
2026-05-23T13:06:01,35.8,1369,7941,0,11,99.99,66,34.4,216.2
2026-05-23T13:06:07,43.9,1366,7941,0,11,99.99,68,42.4,216.2
2026-05-23T13:06:12,35.1,1370,7941,0,11,99.99,53,32.8,216.2
2026-05-23T13:06:17,44.8,1361,7941,0,11,99.99,57,43.1,216.2
2026-05-23T13:06:22,42.3,1372,7941,0,11,99.99,69,41.2,216.2
2026-05-23T13:06:28,42.0,1357,7941,0,9,99.99,65,40.2,216.2
2026-05-23T13:06:33,33.7,1357,7941,1,8,99.99,61,31.1,216.2
2026-05-23T13:06:38,41.0,1366,7941,0,11,99.99,48,38.8,216.2
2026-05-23T13:06:44,43.0,1388,7941,0,11,99.99,50,40.2,216.2
2026-05-23T13:06:49,38.0,1368,7941,0,10,99.99,81,35.4,216.2
2026-05-23T13:06:54,40.1,1374,7941,0,10,99.99,60,38.1,216.2
2026-05-23T13:06:59,38.1,1366,7941,0,11,99.99,51,36.4,216.2
2026-05-23T13:07:05,40.3,1371,7941,0,11,99.99,63,37.8,216.2
2026-05-23T13:07:10,32.2,1362,7941,0,10,99.99,48,29.9,216.2
2026-05-23T13:07:15,43.3,1369,7941,0,9,99.99,55,41.2,216.2
2026-05-23T13:07:21,38.8,1363,7941,0,10,99.99,46,36.8,216.2
2026-05-23T13:07:26,40.6,1363,7941,0,10,99.99,54,38.4,216.2
2026-05-23T13:07:31,32.3,1359,7941,0,9,99.99,51,29.8,216.2
2026-05-23T13:07:36,37.6,1362,7941,0,10,99.99,66,34.6,216.2
2026-05-23T13:07:41,30.4,1364,7941,0,10,99.99,36,28.6,216.2
2026-05-23T13:07:47,36.4,1362,7941,0,9,99.99,59,33.6,216.2
2026-05-23T13:07:52,37.1,1368,7941,0,10,99.99,46,35.1,216.2
2026-05-23T13:07:57,37.5,1359,7941,1,9,99.99,71,34.8,216.2
2026-05-23T13:08:03,41.0,1366,7941,0,9,99.99,50,39.1,216.2
2026-05-23T13:08:08,35.8,1359,7941,0,9,99.99,50,33.0,216.2
2026-05-23T13:08:13,33.4,1352,7941,0,8,99.99,41,31.5,216.2
2026-05-23T13:08:18,29.8,1359,7941,0,9,99.99,59,27.1,216.2
2026-05-23T13:08:24,38.6,1355,7941,0,9,99.99,51,37.4,216.2
2026-05-23T13:08:29,38.9,1364,7941,0,9,99.99,60,36.3,216.2
2026-05-23T13:08:34,38.2,1361,7941,0,9,99.99,62,35.9,216.2
2026-05-23T13:08:40,43.2,1363,7941,0,10,99.99,52,41.3,216.2
2026-05-23T13:08:45,38.7,1396,7941,0,11,99.99,54,30.2,216.2
2026-05-23T13:08:50,33.0,1365,7941,0,9,99.99,51,30.8,216.2
2026-05-23T13:08:55,44.1,1361,7941,0,9,99.99,65,42.4,216.2
2026-05-23T13:09:01,41.0,1360,7941,2,8,99.99,56,39.0,216.2
2026-05-23T13:09:06,41.8,1364,7941,0,10,99.99,55,39.9,216.2
2026-05-23T13:09:11,38.9,1364,7941,0,11,99.99,48,36.6,216.2
2026-05-23T13:09:17,40.2,1367,7941,0,11,99.99,62,38.1,216.2
2026-05-23T13:09:22,29.9,1355,7941,0,9,99.99,52,27.5,216.2
2026-05-23T13:09:27,39.5,1367,7941,0,11,99.99,57,36.8,216.2
2026-05-23T13:09:33,36.3,1360,7941,2,7,99.99,56,34.1,216.2
2026-05-23T13:09:38,37.6,1358,7941,0,9,99.99,68,35.4,216.2
2026-05-23T13:09:43,36.4,1363,7941,0,9,99.99,49,34.0,216.2
2026-05-23T13:09:48,36.4,1358,7941,0,8,99.99,60,34.1,216.2
2026-05-23T13:09:54,40.3,1365,7941,0,11,99.99,50,38.1,216.2
2026-05-23T13:09:59,34.7,1367,7941,0,11,99.99,51,32.5,216.2
2026-05-23T13:10:04,37.4,1367,7941,2,9,99.99,72,36.9,216.2
2026-05-23T13:10:09,40.7,1374,7941,0,11,99.99,59,37.9,216.2
2026-05-23T13:10:15,40.7,1358,7941,0,9,99.99,55,38.4,216.2
2026-05-23T13:10:20,44.8,1361,7941,0,9,99.99,53,43.0,216.2
2026-05-23T13:10:25,40.9,1356,7941,0,9,99.99,70,38.3,216.2
2026-05-23T13:10:31,40.8,1357,7941,0,9,99.99,60,38.4,216.2
2026-05-23T13:10:36,33.7,1358,7941,0,9,99.99,45,30.9,216.2
2026-05-23T13:10:41,38.8,1355,7941,0,9,99.99,55,36.6,216.3
2026-05-23T13:10:47,33.4,1359,7941,0,9,99.99,61,30.0,216.3
2026-05-23T13:10:52,34.0,1369,7941,0,9,99.99,49,32.3,216.3
2026-05-23T13:10:57,36.6,1357,7941,0,9,99.99,59,34.6,216.3
2026-05-23T13:11:02,41.7,1354,7941,1,8,99.99,43,40.4,216.3
2026-05-23T13:11:08,36.3,1360,7941,0,10,99.99,58,33.3,216.3
2026-05-23T13:11:13,35.9,1372,7941,0,10,99.99,58,33.5,216.3
2026-05-23T13:11:18,35.5,1364,7941,1,8,99.99,61,32.6,216.3
2026-05-23T13:11:24,37.3,1363,7941,0,9,99.99,53,35.4,216.3
2026-05-23T13:11:29,35.4,1364,7941,0,10,99.99,53,32.1,216.3
2026-05-23T13:11:34,39.8,1361,7941,0,10,99.99,69,37.2,216.3
2026-05-23T13:11:39,35.5,1359,7941,0,10,99.99,43,33.5,216.3
2026-05-23T13:11:45,33.1,1368,7941,0,10,99.99,54,30.9,216.3
2026-05-23T13:11:50,38.8,1364,7941,0,11,99.99,61,36.9,216.3
2026-05-23T13:11:55,37.3,1364,7941,0,11,99.99,45,35.1,216.3
2026-05-23T13:12:00,32.7,1365,7941,0,10,99.99,61,30.6,216.3
2026-05-23T13:12:06,41.0,1359,7941,0,10,99.99,62,37.7,216.3
2026-05-23T13:12:11,41.7,1365,7941,0,9,99.99,63,39.5,216.3
2026-05-23T13:12:16,36.2,1361,7941,0,9,99.99,59,33.8,216.3
2026-05-23T13:12:21,34.2,1362,7941,0,9,99.99,47,32.1,216.3
2026-05-23T13:12:27,33.8,1361,7941,0,9,99.99,52,31.2,216.3
2026-05-23T13:12:32,36.6,1359,7941,0,9,99.99,56,34.2,216.3
2026-05-23T13:12:37,37.4,1361,7941,0,9,99.99,62,35.4,216.3
2026-05-23T13:12:42,36.3,1367,7941,0,9,99.99,57,33.8,216.3
2026-05-23T13:12:48,40.7,1355,7941,0,8,99.99,55,38.6,216.3
2026-05-23T13:12:53,32.9,1366,7941,3,6,99.99,57,30.5,216.3
2026-05-23T13:12:58,39.5,1364,7941,0,9,99.99,59,37.5,216.3
2026-05-23T13:13:03,41.4,1374,7941,0,11,99.99,58,39.0,216.3
2026-05-23T13:13:09,39.0,1370,7941,0,11,99.99,58,36.6,216.3
2026-05-23T13:13:14,34.3,1365,7941,0,11,99.99,69,31.6,216.3
2026-05-23T13:13:19,44.9,1369,7941,0,10,99.99,55,43.1,216.3
2026-05-23T13:13:24,36.6,1369,7941,1,10,99.99,72,33.6,216.3
2026-05-23T13:13:30,41.5,1365,7941,0,11,99.99,58,39.1,216.3
2026-05-23T13:13:35,27.7,1370,7941,0,11,99.99,53,25.1,216.3
2026-05-23T13:13:40,38.9,1362,7941,0,10,99.99,45,37.0,216.3
2026-05-23T13:13:45,34.9,1363,7941,0,10,99.99,60,32.5,216.3
2026-05-23T13:13:51,33.0,1368,7941,0,10,99.99,44,30.9,216.3
2026-05-23T13:13:56,40.5,1358,7941,0,8,99.99,59,38.3,216.3
2026-05-23T13:14:01,34.9,1363,7941,0,8,99.99,50,33.1,216.3
2026-05-23T13:14:06,34.0,1364,7941,0,9,99.99,53,31.4,216.3
2026-05-23T13:14:12,36.0,1370,7941,0,9,99.99,53,33.8,216.3
2026-05-23T13:14:17,32.7,1356,7941,2,7,99.99,51,30.3,216.3
2026-05-23T13:14:22,38.9,1355,7941,0,9,99.99,57,36.5,216.3
2026-05-23T13:14:27,33.0,1358,7941,1,8,99.99,63,30.9,216.3
2026-05-23T13:14:33,37.2,1360,7941,0,10,99.99,52,35.0,216.3
2026-05-23T13:14:38,35.7,1366,7941,0,10,99.99,48,33.7,216.3
2026-05-23T13:14:43,37.7,1357,7941,0,9,99.99,60,35.5,216.4
2026-05-23T13:14:48,35.7,1361,7941,0,10,99.99,59,33.2,216.4
2026-05-23T13:14:54,34.6,1368,7941,0,10,99.99,47,32.6,216.4
2026-05-23T13:14:59,43.6,1356,7941,0,9,99.99,63,41.6,216.4
2026-05-23T13:15:04,46.3,1365,7941,0,11,99.99,61,43.9,216.4
2026-05-23T13:15:09,40.7,1359,7941,0,9,99.99,66,38.3,216.4
2026-05-23T13:15:15,31.5,1361,7941,0,10,99.99,38,29.2,216.4
2026-05-23T13:15:20,38.3,1367,7941,0,10,99.99,60,36.4,216.4
2026-05-23T13:15:25,31.7,1360,7941,0,9,99.99,59,28.8,216.4
2026-05-23T13:15:30,39.4,1355,7941,0,8,99.99,54,37.2,216.4
2026-05-23T13:15:35,36.9,1357,7941,1,8,99.99,62,34.2,216.4
2026-05-23T13:15:41,35.1,1362,7941,0,9,99.99,51,33.4,216.4
2026-05-23T13:15:46,32.4,1358,7941,0,9,99.99,54,29.8,216.4
2026-05-23T13:15:51,33.6,1363,7941,0,9,99.99,48,31.4,216.4
2026-05-23T13:15:56,34.8,1359,7941,0,9,99.99,50,32.5,216.4
2026-05-23T13:16:02,38.5,1367,7941,0,11,99.99,65,36.0,216.4
2026-05-23T13:16:07,39.8,1367,7941,0,11,99.99,53,37.3,216.4
2026-05-23T13:16:12,39.7,1361,7941,0,10,99.99,57,37.6,216.4
2026-05-23T13:16:17,34.5,1362,7941,0,10,99.99,61,31.9,216.4
2026-05-23T13:16:22,34.5,1367,7941,0,10,99.99,58,32.6,216.4
2026-05-23T13:16:28,35.0,1363,7941,0,9,99.99,62,32.6,216.4
2026-05-23T13:16:33,44.0,1362,7941,2,8,99.99,57,42.4,216.4
2026-05-23T13:16:38,35.8,1363,7941,0,10,99.99,67,33.4,216.4
2026-05-23T13:16:43,35.6,1366,7941,0,10,99.99,45,33.4,216.4
2026-05-23T13:16:49,37.1,1360,7941,0,9,99.99,67,35.1,216.4
2026-05-23T13:16:54,36.9,1361,7941,0,8,99.99,43,34.5,216.4
2026-05-23T13:16:59,35.0,1360,7941,0,8,99.99,52,32.8,216.4
2026-05-23T13:17:04,35.0,1364,7941,0,9,99.99,69,31.9,216.4
2026-05-23T13:17:09,36.1,1365,7941,0,10,99.99,47,34.2,216.4
2026-05-23T13:17:15,37.0,1363,7941,0,10,99.99,52,34.5,216.4
2026-05-23T13:17:20,36.9,1357,7941,0,8,99.99,52,34.9,216.4
2026-05-23T13:17:25,27.3,1359,7941,0,8,99.99,49,24.8,216.4
2026-05-23T13:17:30,35.4,1358,7941,0,8,99.99,44,33.4,216.4
2026-05-23T13:17:36,34.1,1358,7941,0,9,99.99,54,31.8,216.4
2026-05-23T13:17:41,43.3,1362,7941,0,9,99.99,62,40.8,216.4
2026-05-23T13:17:46,42.2,1368,7941,0,11,99.99,62,37.0,216.4
2026-05-23T13:17:51,40.2,1369,7941,0,11,99.99,58,37.8,216.4
2026-05-23T13:17:57,41.6,1368,7941,0,11,99.99,51,39.2,216.4
2026-05-23T13:18:02,36.2,1365,7941,0,9,99.99,63,34.1,216.4
2026-05-23T13:18:07,38.4,1365,7941,0,11,99.99,58,35.2,216.3
2026-05-23T13:18:13,38.3,1373,7941,0,11,99.99,56,36.0,216.3
2026-05-23T13:18:18,40.2,1362,7941,0,10,99.99,69,37.4,216.3
2026-05-23T13:18:23,36.8,1367,7941,0,10,99.99,58,34.8,216.3
2026-05-23T13:18:28,43.7,1366,7941,0,10,99.99,63,41.3,216.3
2026-05-23T13:18:34,31.6,1368,7941,0,11,99.99,54,28.9,216.3
2026-05-23T13:18:39,41.4,1373,7941,0,11,99.99,49,39.4,216.3
2026-05-23T13:18:44,35.2,1365,7941,0,9,99.99,60,32.2,216.3
2026-05-23T13:18:49,39.8,1363,7941,0,9,99.99,59,38.1,216.3
2026-05-23T13:18:55,36.5,1367,7941,0,9,99.99,58,34.2,216.3
2026-05-23T13:19:00,38.1,1365,7941,0,10,99.99,49,36.3,216.3
2026-05-23T13:19:05,43.8,1363,7941,0,10,99.99,63,42.2,216.3
2026-05-23T13:19:11,32.8,1362,7941,0,9,99.99,51,30.4,216.3
2026-05-23T13:19:16,42.9,1369,7941,0,9,99.99,63,40.8,216.3
2026-05-23T13:19:21,37.3,1375,7941,0,11,99.99,48,35.4,216.3
2026-05-23T13:19:26,36.7,1376,7941,0,11,99.99,64,34.4,216.3
2026-05-23T13:19:32,43.5,1361,7941,0,9,99.99,48,40.8,216.3
2026-05-23T13:19:37,37.9,1364,7941,0,11,99.99,62,35.4,216.3
2026-05-23T13:19:42,40.0,1369,7941,0,11,99.99,64,37.5,216.3
2026-05-23T13:19:48,37.1,1368,7941,0,9,99.99,62,34.7,216.3
2026-05-23T13:19:53,41.4,1364,7941,0,9,99.99,52,39.4,216.3
2026-05-23T13:19:58,38.2,1368,7941,1,10,99.99,59,36.1,216.3
2026-05-23T13:20:04,44.3,1361,7941,0,10,99.99,59,44.8,216.3
2026-05-23T13:20:09,42.9,1367,7941,0,10,99.99,40,41.0,216.4
2026-05-23T13:20:14,34.4,1358,7941,0,9,99.99,53,32.2,216.4
2026-05-23T13:20:20,43.4,1364,7941,1,8,99.99,55,41.1,216.4
2026-05-23T13:20:25,36.8,1360,7941,0,9,99.99,59,34.8,216.4
2026-05-23T13:20:30,37.0,1366,7941,1,9,99.99,47,34.8,216.4
2026-05-23T13:20:35,35.7,1364,7941,0,10,99.99,59,33.2,216.4
2026-05-23T13:20:41,38.4,1366,7941,1,9,99.99,47,36.4,216.4
2026-05-23T13:20:46,38.3,1367,7941,1,9,99.99,68,35.4,216.4
2026-05-23T13:20:51,38.3,1371,7941,1,9,99.99,57,36.5,216.4
2026-05-23T13:20:57,41.9,1365,7941,0,9,99.99,65,39.8,216.4
2026-05-23T13:21:02,37.1,1363,7941,0,9,99.99,50,35.6,216.4
2026-05-23T13:21:07,41.3,1367,7941,1,10,99.99,49,39.8,216.4
2026-05-23T13:21:13,32.9,1373,7941,0,11,99.99,59,30.3,216.4
2026-05-23T13:21:18,37.9,1359,7941,0,9,99.99,61,35.5,216.4
2026-05-23T13:21:23,37.8,1366,7941,1,8,99.99,45,35.9,216.4
2026-05-23T13:21:28,37.2,1370,7941,0,8,99.99,67,34.9,216.4
2026-05-23T13:21:34,43.5,1360,7941,0,9,99.99,51,41.2,216.4
2026-05-23T13:21:39,35.7,1362,7941,0,8,99.99,64,33.4,216.4
2026-05-23T13:21:44,41.0,1364,7941,0,11,99.99,62,38.5,216.4
2026-05-23T13:21:49,36.0,1377,7941,0,11,99.99,49,34.1,216.4
2026-05-23T13:21:55,38.0,1380,7941,0,11,99.99,51,33.8,216.4
2026-05-23T13:22:00,38.2,1383,7941,0,11,99.99,62,36.2,216.4
2026-05-23T13:22:05,44.3,1380,7941,0,11,99.99,51,42.0,216.4
2026-05-23T13:22:10,33.1,1378,7941,0,11,99.99,63,31.1,216.4
2026-05-23T13:22:16,38.0,1374,7941,0,11,99.99,60,35.8,216.4
2026-05-23T13:22:21,41.5,1383,7941,0,11,99.99,55,40.2,216.4
2026-05-23T13:22:26,37.0,1366,7941,0,9,99.99,59,34.6,216.4
2026-05-23T13:22:32,35.4,1372,7941,0,9,99.99,48,33.1,216.4
2026-05-23T13:22:37,36.4,1372,7941,0,11,99.99,55,34.4,216.4
2026-05-23T13:22:42,39.9,1376,7941,0,11,99.99,55,37.8,216.4
2026-05-23T13:22:47,30.1,1371,7941,0,9,99.99,70,27.4,216.4
2026-05-23T13:22:53,32.7,1377,7941,0,9,99.99,42,30.9,216.4
2026-05-23T13:22:58,39.2,1366,7941,0,8,99.99,63,37.0,216.4
2026-05-23T13:23:03,42.8,1377,7941,0,11,99.99,50,40.5,216.4
2026-05-23T13:23:09,36.6,1371,7941,0,10,99.99,67,34.0,216.4
2026-05-23T13:23:14,32.3,1376,7941,0,10,99.99,58,30.2,216.4
2026-05-23T13:23:19,41.8,1378,7941,0,10,99.99,58,39.6,216.4
2026-05-23T13:23:24,34.4,1376,7941,0,10,99.99,52,32.1,216.4
2026-05-23T13:23:30,36.1,1368,7941,1,8,99.99,52,33.7,216.4
2026-05-23T13:23:35,45.9,1371,7941,0,11,99.99,70,43.8,216.4
2026-05-23T13:23:40,35.9,1377,7941,0,10,99.99,52,33.6,216.4
2026-05-23T13:23:45,34.8,1372,7941,0,9,99.99,61,32.4,216.4
2026-05-23T13:23:51,34.9,1373,7941,1,8,99.99,44,33.3,216.4
2026-05-23T13:23:56,37.7,1376,7941,0,11,99.99,54,35.1,216.4
2026-05-23T13:24:01,40.8,1378,7941,0,11,99.99,61,39.4,216.4
2026-05-23T13:24:07,42.8,1369,7941,0,11,99.99,56,41.5,216.4
2026-05-23T13:24:12,35.6,1373,7941,0,11,99.99,49,33.6,216.4
2026-05-23T13:24:17,37.4,1374,7941,0,9,99.99,64,34.8,216.4
2026-05-23T13:24:22,42.6,1373,7941,0,11,99.99,63,40.7,216.4
2026-05-23T13:24:28,41.8,1375,7941,0,11,99.99,66,39.2,216.4
2026-05-23T13:24:33,37.1,1379,7941,0,11,99.99,42,34.9,216.4
2026-05-23T13:24:38,33.2,1370,7941,1,8,99.99,63,30.3,216.4
2026-05-23T13:24:44,36.5,1373,7941,1,9,99.99,55,34.5,216.4
2026-05-23T13:24:49,45.2,1369,7941,0,9,99.99,55,42.8,216.4
2026-05-23T13:24:54,35.9,1366,7941,0,9,99.99,63,33.2,216.4
2026-05-23T13:24:59,34.2,1367,7941,0,9,99.99,52,32.8,216.4
2026-05-23T13:25:05,48.0,1367,7941,0,9,99.99,56,48.1,216.4
2026-05-23T13:25:10,39.5,1366,7941,0,8,99.99,58,38.1,216.4
2026-05-23T13:25:15,32.0,1372,7941,0,10,99.99,61,28.9,216.4
2026-05-23T13:25:20,43.1,1380,7941,0,11,99.99,60,41.4,216.4
2026-05-23T13:25:26,34.3,1381,7941,0,11,99.99,53,32.9,216.4
2026-05-23T13:25:31,36.8,1367,7941,0,9,99.99,53,34.9,216.4
2026-05-23T13:25:36,41.5,1367,7941,0,10,99.99,57,39.5,216.4
2026-05-23T13:25:41,35.1,1370,7941,0,10,99.99,56,32.9,216.4
2026-05-23T13:25:47,36.8,1366,7941,0,9,99.99,73,34.4,216.4
2026-05-23T13:25:52,37.9,1370,7941,0,9,99.99,51,35.8,216.4
2026-05-23T13:25:57,34.7,1369,7941,0,9,99.99,53,33.1,216.4
2026-05-23T13:26:02,30.3,1372,7941,0,11,99.99,50,27.5,216.4
2026-05-23T13:26:08,41.5,1377,7941,0,11,99.99,59,39.8,216.4
2026-05-23T13:26:13,41.6,1363,7941,0,8,99.99,58,39.4,216.4
2026-05-23T13:26:18,31.1,1369,7941,0,10,99.99,49,28.5,216.4
2026-05-23T13:26:23,35.8,1376,7941,0,10,99.99,48,34.1,216.4
2026-05-23T13:26:29,36.2,1364,7941,0,9,99.99,60,34.0,216.4
2026-05-23T13:26:34,29.2,1360,7941,0,8,99.99,50,26.8,216.4
2026-05-23T13:26:39,35.5,1369,7941,0,9,99.99,40,33.8,216.4
2026-05-23T13:26:44,32.0,1373,7941,0,8,99.99,71,29.3,216.4
2026-05-23T13:26:50,35.0,1374,7941,1,7,99.99,40,33.4,216.4
2026-05-23T13:26:55,38.4,1366,7941,0,8,99.99,61,36.3,216.4
2026-05-23T13:27:00,38.3,1362,7941,0,9,99.99,56,36.0,216.4
2026-05-23T13:27:05,35.8,1358,7941,0,10,99.99,57,33.0,216.4
2026-05-23T13:27:11,34.5,1368,7941,0,10,99.99,48,32.6,216.4
2026-05-23T13:27:16,37.6,1358,7941,0,8,99.99,53,35.6,216.4
2026-05-23T13:27:21,32.7,1370,7941,0,11,99.99,47,30.9,216.4
2026-05-23T13:27:26,39.3,1368,7941,0,11,99.99,62,37.1,216.4
2026-05-23T13:27:31,32.7,1364,7941,0,11,99.99,54,30.6,216.4
2026-05-23T13:27:37,36.9,1362,7941,0,9,99.99,58,34.6,216.4
2026-05-23T13:27:42,36.9,1365,7941,0,8,99.99,47,35.4,216.4
2026-05-23T13:27:47,32.2,1367,7941,0,11,99.99,58,29.6,216.4
2026-05-23T13:27:52,36.7,1371,7941,0,11,99.99,54,34.9,216.4
2026-05-23T13:27:58,33.6,1365,7941,0,11,99.99,51,31.4,216.4
2026-05-23T13:28:03,41.2,1366,7941,0,11,99.99,65,39.2,216.4
2026-05-23T13:28:08,31.6,1371,7941,0,10,99.99,54,29.1,216.4
2026-05-23T13:28:13,34.7,1362,7941,0,9,99.99,52,32.9,216.4
2026-05-23T13:28:19,39.2,1363,7941,0,11,99.99,54,37.1,216.4
2026-05-23T13:28:24,33.8,1367,7941,1,11,99.99,54,32.0,216.4
2026-05-23T13:28:29,39.2,1369,7941,0,11,99.99,62,37.1,216.4
2026-05-23T13:28:34,34.6,1369,7941,0,11,99.99,61,32.6,216.4
2026-05-23T13:28:39,31.8,1359,7941,0,9,99.99,47,29.5,216.4
2026-05-23T13:28:45,41.8,1370,7941,0,9,99.99,64,39.0,216.4
2026-05-23T13:28:50,36.5,1361,7941,0,10,99.99,44,34.4,216.4
2026-05-23T13:28:55,35.7,1371,7941,0,10,99.99,64,33.7,216.4
2026-05-23T13:29:00,36.4,1369,7941,0,10,99.99,63,34.3,216.4
2026-05-23T13:29:06,40.8,1359,7941,0,9,99.99,51,38.9,216.4
2026-05-23T13:29:11,41.6,1365,7941,0,11,99.99,63,38.1,216.4
2026-05-23T13:29:16,46.2,1366,7941,1,10,99.99,61,44.2,216.4
2026-05-23T13:29:22,38.1,1362,7941,1,8,99.99,52,35.9,216.4
2026-05-23T13:29:27,38.0,1359,7941,0,9,99.99,60,35.8,216.3
2026-05-23T13:29:32,36.3,1368,7941,0,11,99.99,55,33.5,216.3
2026-05-23T13:29:37,35.6,1370,7941,0,11,99.99,61,33.1,216.4
2026-05-23T13:29:43,34.4,1372,7941,0,11,99.99,43,32.6,216.4
2026-05-23T13:29:48,43.4,1369,7941,0,11,99.99,60,41.1,216.4
2026-05-23T13:29:53,26.7,1380,7941,0,11,99.99,59,24.3,216.4
2026-05-23T13:29:58,35.9,1361,7941,0,9,99.99,50,33.9,216.4
2026-05-23T13:30:04,45.9,1364,7941,0,11,99.99,55,45.6,216.4
2026-05-23T13:30:09,43.4,1370,7941,1,10,99.99,51,41.9,216.4
2026-05-23T13:30:14,40.0,1363,7941,0,9,99.99,56,37.4,216.4
2026-05-23T13:30:20,34.3,1358,7941,0,9,99.99,61,31.9,216.4
2026-05-23T13:30:25,45.2,1364,7941,0,11,99.99,49,43.0,216.4
2026-05-23T13:30:30,37.2,1364,7941,0,11,99.99,64,35.4,216.4
2026-05-23T13:30:36,39.3,1365,7941,0,11,99.99,69,36.7,216.4
2026-05-23T13:30:41,33.0,1367,7941,0,11,99.99,49,30.7,216.4
2026-05-23T13:30:46,35.1,1361,7941,0,9,99.99,57,33.0,216.4
2026-05-23T13:30:51,38.3,1367,7941,0,9,99.99,57,36.9,216.6
2026-05-23T13:30:57,35.0,1364,7941,0,9,99.99,49,32.8,218.9
2026-05-23T13:31:02,32.9,1368,7941,0,9,99.99,64,30.6,218.9
2026-05-23T13:31:07,38.7,1378,7941,0,11,99.99,53,36.4,218.9
2026-05-23T13:31:12,36.8,1376,7941,0,11,99.99,50,34.8,218.9
2026-05-23T13:31:18,38.2,1362,7941,0,9,99.99,73,36.0,218.9
2026-05-23T13:31:23,35.5,1369,7941,0,9,99.99,53,33.4,218.9
2026-05-23T13:31:28,37.8,1375,7941,0,10,99.99,62,35.8,218.9
2026-05-23T13:31:34,39.7,1370,7941,0,10,99.99,56,37.2,218.9
2026-05-23T13:31:39,42.0,1365,7941,0,9,99.99,58,40.2,219.0
2026-05-23T13:31:44,38.4,1364,7941,0,9,99.99,66,36.5,219.0
2026-05-23T13:31:49,34.9,1369,7941,0,11,99.99,52,31.9,219.0
2026-05-23T13:31:55,39.7,1375,7941,1,10,99.99,57,37.8,219.0
2026-05-23T13:32:00,37.1,1379,7941,0,10,99.99,53,34.8,219.0
2026-05-23T13:32:05,34.6,1372,7941,0,10,99.99,58,32.2,219.1
2026-05-23T13:32:10,39.8,1371,7941,0,10,99.99,55,38.2,219.1
2026-05-23T13:32:16,38.8,1357,7941,0,8,99.99,64,36.0,219.1
2026-05-23T13:32:21,39.1,1360,7941,0,8,99.99,53,37.0,219.1
2026-05-23T13:32:26,29.4,1370,7941,0,9,99.99,55,27.0,219.1
2026-05-23T13:32:32,31.3,1368,7941,0,9,99.99,40,28.9,219.1
2026-05-23T13:32:37,46.0,1366,7941,0,9,99.99,64,44.3,219.1
2026-05-23T13:32:42,38.0,1367,7941,0,9,99.99,66,36.0,219.1
2026-05-23T13:32:47,38.0,1364,7941,0,9,99.99,62,35.4,219.1
2026-05-23T13:32:53,35.8,1365,7941,1,8,99.99,60,33.9,219.1
2026-05-23T13:32:58,40.9,1362,7941,0,10,99.99,71,38.5,219.1
2026-05-23T13:33:03,46.6,1360,7941,0,9,99.99,49,45.2,219.1
2026-05-23T13:33:08,40.0,1361,7941,0,9,99.99,69,37.1,219.1
2026-05-23T13:33:14,31.5,1364,7941,1,9,99.99,54,29.0,219.1
2026-05-23T13:33:19,38.7,1372,7941,0,11,99.99,60,36.4,219.1
2026-05-23T13:33:24,39.5,1376,7941,0,11,99.99,52,37.4,219.1
2026-05-23T13:33:29,37.0,1363,7941,0,10,99.99,59,33.8,219.1
2026-05-23T13:33:35,35.8,1372,7941,0,10,99.99,68,33.8,219.2
2026-05-23T13:33:40,39.7,1370,7941,0,10,99.99,53,37.8,219.2
2026-05-23T13:33:45,35.5,1370,7941,0,11,99.99,55,33.0,219.2
2026-05-23T13:33:50,35.9,1371,7941,0,11,99.99,45,34.1,219.2
2026-05-23T13:33:56,34.0,1364,7941,0,9,99.99,63,31.2,219.2
2026-05-23T13:34:01,36.3,1364,7941,0,9,99.99,57,34.3,219.2
2026-05-23T13:34:06,45.8,1369,7941,0,10,99.99,74,43.6,219.2
2026-05-23T13:34:11,38.0,1372,7941,0,10,99.99,47,35.5,219.2
2026-05-23T13:34:17,24.2,1367,7941,0,9,99.99,45,21.2,219.2
2026-05-23T13:34:22,35.8,1366,7941,0,9,99.99,54,33.5,219.2
2026-05-23T13:34:27,36.3,1369,7941,0,9,99.99,61,33.9,219.2
2026-05-23T13:34:33,43.2,1363,7941,0,9,99.99,58,41.9,219.2
2026-05-23T13:34:38,33.5,1362,7941,0,9,99.99,56,31.2,219.2
2026-05-23T13:34:43,38.0,1365,7941,0,9,99.99,59,35.9,219.2
2026-05-23T13:34:48,33.0,1364,7941,0,9,99.99,52,30.5,219.2
2026-05-23T13:34:54,40.4,1359,7941,0,8,99.99,64,38.5,219.2
2026-05-23T13:34:59,37.8,1377,7941,0,10,99.99,50,35.3,219.2
2026-05-23T13:35:04,41.2,1369,7941,0,11,99.99,58,39.8,219.2
2026-05-23T13:35:09,34.8,1373,7941,0,11,99.99,47,32.3,219.2
2026-05-23T13:35:15,34.5,1374,7941,0,11,99.99,62,32.1,219.2
2026-05-23T13:35:20,43.0,1380,7941,0,11,99.99,58,40.6,219.2
2026-05-23T13:35:25,39.4,1367,7941,0,9,99.99,66,37.1,219.2
2026-05-23T13:35:31,37.7,1368,7941,0,9,99.99,54,35.0,219.2
2026-05-23T13:35:36,41.2,1365,7941,0,9,99.99,57,39.2,219.2
2026-05-23T13:35:41,31.4,1366,7941,0,9,99.99,48,29.3,219.2
2026-05-23T13:35:46,42.6,1386,7941,0,8,99.99,61,33.9,219.2
2026-05-23T13:35:52,34.3,1376,7941,0,9,99.99,44,32.1,219.2
2026-05-23T13:35:57,35.5,1371,7941,0,9,99.99,63,33.5,219.2
2026-05-23T13:36:02,38.8,1370,7941,0,9,99.99,54,36.5,219.2
2026-05-23T13:36:07,36.0,1361,7941,0,9,99.99,43,33.5,219.2
2026-05-23T13:36:13,37.3,1373,7941,0,11,99.99,58,34.8,219.2
2026-05-23T13:36:18,33.8,1377,7941,0,11,99.99,60,31.2,219.2
2026-05-23T13:36:23,32.0,1369,7941,0,10,99.99,53,29.8,219.2
2026-05-23T13:36:28,38.8,1363,7941,0,10,99.99,49,37.0,219.2
2026-05-23T13:36:34,42.5,1358,7941,0,8,99.99,67,40.7,219.2
2026-05-23T13:36:39,34.3,1365,7941,0,10,99.99,55,32.0,219.2
2026-05-23T13:36:44,38.3,1364,7941,0,10,99.99,56,36.1,219.2
2026-05-23T13:36:50,35.3,1372,7941,0,10,99.99,52,33.0,219.2
2026-05-23T13:36:55,36.3,1367,7941,0,9,99.99,51,34.2,219.2
2026-05-23T13:37:00,39.2,1370,7941,0,10,99.99,52,37.0,219.2
2026-05-23T13:37:05,41.2,1369,7941,0,9,99.99,71,38.1,219.2
2026-05-23T13:37:11,37.1,1371,7941,0,11,99.99,52,34.8,219.2
2026-05-23T13:37:16,32.3,1366,7941,0,11,99.99,51,29.8,219.2
2026-05-23T13:37:21,38.6,1361,7941,0,9,99.99,55,37.1,219.2
2026-05-23T13:37:26,36.5,1370,7941,0,11,99.99,62,34.0,219.2
2026-05-23T13:37:32,37.5,1375,7941,0,11,99.99,50,34.9,219.2
2026-05-23T13:37:37,38.6,1360,7941,0,9,99.99,57,36.6,219.2
2026-05-23T13:37:42,40.2,1368,7941,0,11,99.99,58,38.6,219.2
2026-05-23T13:37:47,40.5,1374,7941,0,11,99.99,56,38.5,219.2
2026-05-23T13:37:53,35.5,1358,7941,0,8,99.99,69,33.0,219.2
2026-05-23T13:37:58,34.4,1365,7941,0,9,99.99,50,31.6,219.2
2026-05-23T13:38:03,37.5,1371,7941,0,9,99.99,50,35.7,219.2
2026-05-23T13:38:09,40.0,1360,7941,0,9,99.99,71,37.6,219.2
2026-05-23T13:38:14,38.5,1359,7941,0,8,99.99,55,36.6,219.2
2026-05-23T13:38:19,37.4,1363,7941,0,10,99.99,44,34.9,219.2
2026-05-23T13:38:24,7.7,1372,7941,0,10,99.99,17,5.5,219.2
2026-05-23T13:38:30,1.8,1372,7941,0,10,99.99,9,0.1,219.2
2026-05-23T13:38:35,2.5,1330,7941,0,1,99.99,8,0.1,219.2
2026-05-23T13:38:40,3.9,1314,7941,0,9,99.99,2,1.7,176.3
2026-05-23T13:38:45,32.9,1320,7941,0,9,99.99,48,30.2,182.4
2026-05-23T13:38:51,27.8,1325,7941,0,8,99.99,37,26.1,186.0
2026-05-23T13:38:56,24.6,1344,7941,0,10,99.99,33,22.2,190.1
2026-05-23T13:39:01,26.3,1330,7941,0,9,99.99,40,25.4,190.2
2026-05-23T13:39:07,46.6,1343,7941,0,11,99.99,50,45.7,199.7
2026-05-23T13:39:12,35.4,1356,7941,0,11,99.99,53,33.2,203.9
2026-05-23T13:39:17,38.5,1349,7941,1,8,99.99,64,35.9,205.3
2026-05-23T13:39:22,37.8,1347,7941,0,9,99.99,43,36.0,206.9
2026-05-23T13:39:28,38.5,1350,7941,0,9,99.99,57,35.8,206.9
2026-05-23T13:39:33,39.2,1354,7941,0,10,99.99,56,36.9,206.9
2026-05-23T13:39:38,39.5,1354,7941,2,9,99.99,62,36.4,207.5
2026-05-23T13:39:43,35.6,1352,7941,0,9,99.99,54,34.3,208.1
2026-05-23T13:39:49,39.2,1351,7941,0,9,99.99,60,36.8,208.1
2026-05-23T13:39:54,31.9,1357,7941,0,10,99.99,54,29.7,208.6
2026-05-23T13:39:59,41.4,1362,7941,0,10,99.99,67,39.4,208.9
2026-05-23T13:40:04,44.0,1361,7941,0,11,99.99,59,42.5,208.9
2026-05-23T13:40:10,35.2,1363,7941,0,11,99.99,48,32.6,208.9
2026-05-23T13:40:15,38.8,1361,7941,0,11,99.99,58,36.9,209.0
2026-05-23T13:40:20,37.2,1349,7941,0,9,99.99,42,34.9,209.0
2026-05-23T13:40:26,42.0,1357,7941,0,9,99.99,72,39.7,209.0
2026-05-23T13:40:31,35.2,1358,7941,0,9,99.99,55,33.2,209.1
2026-05-23T13:40:36,38.7,1359,7941,0,9,99.99,54,36.1,209.1
2026-05-23T13:40:41,31.5,1358,7941,0,10,99.99,57,29.5,209.4
2026-05-23T13:40:47,40.2,1374,7941,0,10,99.99,52,38.4,209.4
2026-05-23T13:40:52,40.5,1365,7941,0,9,99.99,55,38.4,209.4
2026-05-23T13:40:57,30.2,1361,7941,0,10,99.99,55,28.0,209.6
2026-05-23T13:41:02,34.9,1361,7941,0,10,99.99,54,32.2,210.1
2026-05-23T13:41:08,37.9,1367,7941,0,11,99.99,61,35.1,210.1
2026-05-23T13:41:13,39.3,1360,7941,0,10,99.99,47,38.4,210.1
2026-05-23T13:41:18,35.2,1365,7941,0,9,99.99,63,32.9,210.1
2026-05-23T13:41:23,37.1,1357,7941,0,9,99.99,57,34.6,210.1
2026-05-23T13:41:29,35.1,1349,7941,0,8,99.99,63,32.8,210.1
2026-05-23T13:41:34,39.8,1353,7941,0,8,99.99,59,37.6,210.3
2026-05-23T13:41:39,35.8,1361,7941,1,8,99.99,50,33.9,210.7
2026-05-23T13:41:44,40.0,1363,7941,0,10,99.99,59,37.7,210.7
2026-05-23T13:41:50,32.0,1362,7941,0,10,99.99,56,30.1,210.9
2026-05-23T13:41:55,33.5,1359,7941,0,11,99.99,53,31.1,211.0
2026-05-23T13:42:00,37.3,1353,7941,0,9,99.99,55,35.5,211.0
2026-05-23T13:42:05,39.0,1364,7941,0,10,99.99,62,36.7,211.0
2026-05-23T13:42:11,34.7,1362,7941,0,10,99.99,48,32.8,211.0
2026-05-23T13:42:16,37.9,1358,7941,0,10,99.99,63,35.8,211.0
2026-05-23T13:42:21,32.8,1365,7941,0,10,99.99,46,30.9,211.5
2026-05-23T13:42:26,39.6,1361,7941,0,10,99.99,60,37.7,211.5
2026-05-23T13:42:32,32.5,1361,7941,0,9,99.99,50,30.3,211.5
2026-05-23T13:42:37,35.8,1365,7941,0,9,99.99,58,34.0,211.5
2026-05-23T13:42:42,39.8,1354,7941,0,9,99.99,56,38.1,211.7
2026-05-23T13:42:47,30.5,1353,7941,0,9,99.99,56,28.4,211.8
2026-05-23T13:42:53,40.2,1363,7941,0,11,99.99,59,38.6,211.8
2026-05-23T13:42:58,41.0,1368,7941,1,10,99.99,59,39.5,211.8
2026-05-23T13:43:03,32.3,1358,7941,0,9,99.99,56,29.8,211.8
2026-05-23T13:43:08,33.7,1358,7941,0,9,99.99,56,31.3,211.8
2026-05-23T13:43:14,35.5,1362,7941,0,9,99.99,50,33.5,211.8
2026-05-23T13:43:19,43.2,1357,7941,0,11,99.99,64,41.4,211.8
2026-05-23T13:43:24,37.5,1361,7941,0,11,99.99,62,35.9,211.8
2026-05-23T13:43:29,34.0,1361,7941,0,10,99.99,53,32.2,211.8
2026-05-23T13:43:35,36.4,1360,7941,0,10,99.99,58,34.0,211.8
2026-05-23T13:43:40,38.6,1360,7941,0,9,99.99,49,36.6,212.2
2026-05-23T13:43:45,34.7,1362,7941,0,9,99.99,57,32.6,212.2
2026-05-23T13:43:50,32.1,1359,7941,0,9,99.99,46,29.8,212.2
2026-05-23T13:43:55,34.9,1358,7941,1,8,99.99,71,32.5,212.2
2026-05-23T13:44:01,37.8,1364,7941,0,9,99.99,48,36.1,212.3
2026-05-23T13:44:06,38.4,1360,7941,1,8,99.99,62,35.9,212.3
2026-05-23T13:44:11,36.5,1354,7941,0,9,99.99,54,34.6,212.3
2026-05-23T13:44:16,38.7,1352,7941,0,8,99.99,60,36.6,212.3
2026-05-23T13:44:22,40.5,1358,7941,0,9,99.99,58,39.6,212.3
2026-05-23T13:44:27,30.5,1362,7941,0,9,99.99,48,27.6,212.3
2026-05-23T13:44:32,30.8,1359,7941,0,10,99.99,53,29.1,212.3
2026-05-23T13:44:38,39.0,1359,7941,0,10,99.99,62,37.9,212.3
2026-05-23T13:44:43,35.8,1358,7941,0,9,99.99,48,34.1,212.3
2026-05-23T13:44:48,33.2,1355,7941,0,9,99.99,54,30.6,212.3
2026-05-23T13:44:53,37.6,1361,7941,0,9,99.99,53,35.9,212.3
2026-05-23T13:44:59,31.1,1355,7941,0,9,99.99,48,28.7,212.3
2026-05-23T13:45:04,38.8,1360,7941,0,9,99.99,57,38.7,212.3
2026-05-23T13:45:09,39.4,1361,7941,0,10,99.99,49,36.9,212.3
2026-05-23T13:45:14,38.7,1358,7941,0,10,99.99,61,36.8,212.3
2026-05-23T13:45:20,32.1,1360,7941,0,9,99.99,55,30.0,212.3
2026-05-23T13:45:25,35.8,1352,7941,0,9,99.99,58,33.6,212.4
2026-05-23T13:45:30,36.1,1367,7941,0,10,99.99,39,33.5,212.4
2026-05-23T13:45:35,30.9,1364,7941,0,10,99.99,49,29.1,212.4
2026-05-23T13:45:41,31.9,1364,7941,0,10,99.99,59,29.9,212.4
2026-05-23T13:45:46,37.0,1356,7941,0,10,99.99,58,35.0,212.4
2026-05-23T13:45:51,36.6,1359,7941,1,8,99.99,58,34.3,212.4
2026-05-23T13:45:56,32.7,1364,7941,0,9,99.99,46,30.7,212.4
2026-05-23T13:46:01,33.5,1364,7941,0,9,99.99,58,31.1,212.4
2026-05-23T13:46:07,43.3,1362,7941,0,9,99.99,56,41.5,212.4
2026-05-23T13:46:12,34.0,1362,7941,0,10,99.99,47,31.8,212.4
2026-05-23T13:46:17,36.3,1370,7941,0,10,99.99,61,34.0,212.4
2026-05-23T13:46:22,38.3,1366,7941,0,10,99.99,52,36.7,212.4
2026-05-23T13:46:28,36.0,1356,7941,0,9,99.99,57,33.2,212.4
2026-05-23T13:46:33,33.8,1354,7941,0,9,99.99,54,31.9,212.4
2026-05-23T13:46:38,37.7,1358,7941,0,9,99.99,57,35.5,212.4
2026-05-23T13:46:43,31.2,1357,7941,0,10,99.99,50,29.2,212.4
2026-05-23T13:46:48,36.2,1364,7941,0,10,99.99,62,34.2,212.4
2026-05-23T13:46:54,32.2,1358,7941,0,10,99.99,51,30.4,212.4
2026-05-23T13:46:59,38.0,1365,7941,0,10,99.99,58,35.6,212.5
2026-05-23T13:47:04,35.5,1362,7941,0,10,99.99,51,33.6,212.5
2026-05-23T13:47:09,34.8,1366,7941,0,11,99.99,60,32.1,212.5
2026-05-23T13:47:15,35.5,1368,7941,0,11,99.99,48,34.6,212.5
2026-05-23T13:47:20,36.8,1359,7941,0,9,99.99,59,34.7,212.5
2026-05-23T13:47:25,40.3,1362,7941,0,9,99.99,58,38.3,212.5
2026-05-23T13:47:30,28.2,1363,7941,0,11,99.99,44,25.8,212.5
2026-05-23T13:47:35,31.5,1352,7941,0,8,99.99,48,29.6,212.5
2026-05-23T13:47:41,36.1,1362,7941,0,8,99.99,49,34.7,212.5
2026-05-23T13:47:46,41.4,1361,7941,0,8,99.99,59,39.4,212.5
2026-05-23T13:47:51,33.7,1360,7941,0,8,99.99,42,31.8,212.5
2026-05-23T13:47:56,34.5,1367,7941,0,9,99.99,52,32.5,212.5
2026-05-23T13:48:02,37.5,1368,7941,0,10,99.99,53,35.3,212.5
2026-05-23T13:48:07,33.6,1356,7941,0,10,99.99,48,31.7,212.5
2026-05-23T13:48:12,36.8,1357,7941,0,9,99.99,46,35.0,212.5
2026-05-23T13:48:17,33.8,1357,7941,0,9,99.99,62,31.6,212.5
2026-05-23T13:48:23,35.5,1361,7941,0,10,99.99,53,33.8,212.5
2026-05-23T13:48:28,32.1,1365,7941,0,11,99.99,55,29.6,212.5
2026-05-23T13:48:33,29.7,1368,7941,0,11,99.99,40,27.8,212.5
2026-05-23T13:48:38,38.9,1351,7941,0,9,99.99,57,36.6,212.5
2026-05-23T13:48:43,46.3,1357,7941,0,11,99.99,67,44.6,212.5
2026-05-23T13:48:49,35.9,1370,7941,0,11,99.99,65,33.6,212.5
2026-05-23T13:48:54,36.6,1357,7941,0,10,99.99,68,34.2,212.5
2026-05-23T13:48:59,35.5,1357,7941,0,10,99.99,54,33.2,212.5
2026-05-23T13:49:04,34.5,1349,7941,0,8,99.99,59,32.1,212.5
2026-05-23T13:49:10,39.3,1356,7941,0,9,99.99,48,37.4,212.5
2026-05-23T13:49:15,35.1,1355,7941,0,9,99.99,65,32.9,212.5
2026-05-23T13:49:20,36.6,1360,7941,0,11,99.99,61,34.3,212.5
2026-05-23T13:49:25,37.4,1365,7941,0,11,99.99,54,35.2,212.6
2026-05-23T13:49:30,29.1,1352,7941,0,9,99.99,41,26.7,212.6
2026-05-23T13:49:36,37.0,1354,7941,0,9,99.99,46,35.4,212.6
2026-05-23T13:49:41,27.0,1353,7941,0,8,99.99,45,25.0,212.6
2026-05-23T13:49:46,34.4,1362,7941,1,10,99.99,57,32.3,212.6
2026-05-23T13:49:52,27.4,1361,7941,0,11,99.99,37,25.2,212.6
2026-05-23T13:49:57,30.6,1353,7941,0,9,99.99,52,28.8,212.6
2026-05-23T13:50:02,36.1,1361,7941,0,11,99.99,58,34.8,212.6
2026-05-23T13:50:08,30.2,1365,7941,0,11,99.99,49,27.6,212.6
2026-05-23T13:50:13,31.9,1365,7941,0,11,99.99,43,30.2,212.6
2026-05-23T13:50:18,26.5,1355,7941,0,9,99.99,41,23.8,212.6
2026-05-23T13:50:23,26.6,1355,7941,0,8,99.99,38,24.8,212.6
2026-05-23T13:50:29,27.4,1355,7941,0,9,99.99,40,24.9,212.6
2026-05-23T13:50:34,27.3,1362,7941,0,10,99.99,43,25.6,212.6
2026-05-23T13:50:39,21.0,1363,7941,0,9,99.99,33,18.8,212.6
2026-05-23T13:50:44,24.9,1358,7941,0,9,99.99,38,22.9,212.6
2026-05-23T13:50:49,27.0,1360,7941,0,9,99.99,38,25.2,212.6
2026-05-23T13:50:55,25.8,1361,7941,0,9,99.99,42,23.7,212.6
2026-05-23T13:51:00,23.1,1362,7941,0,10,99.99,40,21.4,212.6
2026-05-23T13:51:05,23.1,1367,7941,0,10,99.99,37,20.4,212.6
2026-05-23T13:51:10,16.6,1362,7941,0,10,99.99,27,14.5,212.6
2026-05-23T13:51:16,24.0,1361,7941,0,10,99.99,35,22.1,212.6
2026-05-23T13:51:21,19.0,1359,7941,0,9,99.99,25,17.2,212.6
2026-05-23T13:51:26,22.2,1331,7941,0,9,99.99,28,19.9,179.0
2026-05-23T13:51:31,17.3,1336,7941,0,9,99.99,27,15.0,183.7
2026-05-23T13:51:37,17.0,1335,7941,0,9,99.99,33,14.7,185.0
2026-05-23T13:51:42,22.4,1340,7941,0,9,99.99,23,20.8,190.5
2026-05-23T13:51:47,18.6,1343,7941,0,9,99.99,37,16.2,190.8
2026-05-23T13:51:52,18.1,1335,7941,0,9,99.99,28,16.3,190.9
2026-05-23T13:51:58,18.1,1330,7941,0,8,99.99,27,16.3,191.9
2026-05-23T13:52:03,16.0,1336,7941,0,8,99.99,21,14.1,198.3
2026-05-23T13:52:08,16.8,1352,7941,0,9,99.99,29,14.3,204.7
2026-05-23T13:52:13,14.0,1349,7941,0,9,99.99,22,12.0,204.8
2026-05-23T13:52:19,16.0,1347,7941,0,9,99.99,25,14.0,204.8
2026-05-23T13:52:24,13.9,1344,7941,0,8,99.99,27,11.8,205.0
2026-05-23T13:52:29,16.7,1355,7941,0,8,99.99,21,15.2,205.5
2026-05-23T13:52:34,11.6,1349,7941,0,8,99.99,22,9.3,206.2
2026-05-23T13:52:40,10.3,1357,7941,0,10,99.99,15,8.3,206.9
2026-05-23T13:52:45,13.7,1346,7941,0,8,99.99,24,11.8,207.1
2026-05-23T13:52:50,10.2,1356,7941,0,8,99.99,20,8.2,208.0
2026-05-23T13:52:55,11.4,1354,7941,0,8,99.99,19,9.5,208.8
2026-05-23T13:53:01,6.9,1354,7941,0,8,99.99,11,5.3,208.9
2026-05-23T13:53:06,8.8,1349,7941,0,8,99.99,15,6.8,208.9
2026-05-23T13:53:11,9.6,1357,7941,0,8,99.99,12,8.0,208.9
2026-05-23T13:53:16,8.3,1349,7941,0,8,99.99,16,6.5,208.9
2026-05-23T13:53:21,7.0,1354,7941,0,8,99.99,8,5.5,209.1
2026-05-23T13:53:27,4.7,1350,7941,0,8,99.99,15,2.8,209.1
2026-05-23T13:53:32,7.2,1354,7941,0,8,99.99,5,5.2,209.1
2026-05-23T13:53:37,2.3,1356,7941,0,8,99.99,12,0.2,209.1
2026-05-23T13:53:42,4.6,1350,7941,0,8,99.99,4,3.1,209.1
2026-05-23T13:53:48,4.5,1340,7941,0,8,99.99,10,2.3,209.1
2026-05-23T13:53:53,1.8,1345,7941,0,8,99.99,2,0.1,209.1
2026-05-23T13:53:58,2.0,1325,7941,0,3,99.99,8,0.2,209.1
2026-05-23T13:54:03,1.7,1334,7941,0,2,99.99,1,0.1,209.1
2026-05-23T13:54:09,2.1,1321,7941,0,1,99.99,6,0.1,209.1
2026-05-23T13:54:14,2.0,1332,7941,0,1,99.99,6,0.1,209.1
2026-05-23T13:54:19,1.6,1327,7941,0,1,99.99,1,0.1,209.1
2026-05-23T13:54:24,1.9,1321,7941,0,1,99.99,6,0.1,209.1
2026-05-23T13:54:30,2.0,1331,7941,0,1,99.99,1,0.1,209.1
2026-05-23T13:54:35,1.9,1330,7941,0,1,99.99,6,0.1,209.1
2026-05-23T13:54:40,1.7,1326,7941,0,1,99.99,1,0.1,209.1
2026-05-23T13:54:45,2.2,1335,7941,0,1,99.99,7,0.1,209.1
2026-05-23T13:54:51,1.8,1326,7941,0,1,99.99,1,0.1,209.1
2026-05-23T13:54:56,1.8,1328,7941,0,1,99.99,6,0.1,209.1
2026-05-23T13:55:01,1.5,1333,7941,0,1,99.99,1,0.1,209.1
2026-05-23T13:55:07,2.8,1327,7941,0,1,99.99,6,0.1,209.1
2026-05-23T13:55:12,1.8,1329,7941,0,1,99.99,1,0.1,209.1
2026-05-23T13:55:17,4.5,1359,7941,0,1,99.99,6,0.1,209.1
2026-05-23T13:55:22,1.7,1347,7941,0,1,99.99,1,0.1,209.1
2026-05-23T13:55:28,2.2,1333,7941,0,1,99.99,6,0.1,209.1
