timestamp,cpu_total_pct,mem_used_mb,mem_total_mb,pg_active,pg_idle,pg_cache_hit_ratio,pg_tps_delta,target_pid_cpu_pct,target_pid_mem_mb
2026-05-23T05:31:06,7.1,1379,7941,0,2,99.99,7,5.6,154.0
2026-05-23T05:31:11,1.6,1348,7941,0,3,99.99,2,0.4,155.5
2026-05-23T05:31:16,5.1,1296,7941,0,3,99.99,9,3.4,118.2
2026-05-23T05:31:21,3.1,1291,7941,0,8,99.99,4,1.7,118.9
2026-05-23T05:31:27,4.7,1286,7941,0,8,99.99,10,2.7,119.1
2026-05-23T05:31:32,5.8,1288,7941,0,8,99.99,10,4.0,119.2
2026-05-23T05:31:37,6.1,1310,7941,0,8,99.99,12,4.5,119.3
2026-05-23T05:31:42,5.5,1299,7941,0,8,99.99,10,4.0,119.7
2026-05-23T05:31:48,7.5,1294,7941,0,8,99.99,13,5.7,120.8
2026-05-23T05:31:53,7.8,1294,7941,0,8,99.99,11,6.2,121.0
2026-05-23T05:31:58,9.7,1292,7941,0,8,99.99,16,8.3,123.3
2026-05-23T05:32:03,6.9,1296,7941,0,8,99.99,12,5.2,123.7
2026-05-23T05:32:08,8.6,1296,7941,0,8,99.99,19,6.9,125.3
2026-05-23T05:32:14,9.8,1302,7941,0,8,99.99,19,8.1,125.9
2026-05-23T05:32:19,12.2,1302,7941,0,8,99.99,17,10.2,127.6
2026-05-23T05:32:24,12.9,1310,7941,0,8,99.99,21,11.2,128.5
2026-05-23T05:32:29,8.3,1305,7941,0,8,99.99,18,6.8,130.0
2026-05-23T05:32:35,13.6,1306,7941,0,8,99.99,19,11.9,130.3
2026-05-23T05:32:40,13.6,1305,7941,0,8,99.99,22,11.8,130.4
2026-05-23T05:32:45,14.3,1310,7941,0,9,99.99,28,12.3,130.7
2026-05-23T05:32:50,14.6,1314,7941,0,9,99.99,22,13.0,135.5
2026-05-23T05:32:55,14.9,1317,7941,0,8,99.99,33,12.9,137.7
2026-05-23T05:33:01,15.1,1311,7941,0,8,99.99,29,13.6,137.7
2026-05-23T05:33:06,23.2,1290,7941,0,9,99.99,33,20.8,137.2
2026-05-23T05:33:11,14.4,1285,7941,0,9,99.99,27,12.6,137.3
2026-05-23T05:33:16,20.3,1274,7941,0,9,99.99,42,18.4,137.5
2026-05-23T05:33:22,15.1,1277,7941,0,10,99.99,26,13.2,137.5
2026-05-23T05:33:27,20.5,1277,7941,0,10,99.99,32,18.9,141.8
2026-05-23T05:33:32,19.6,1297,7941,0,9,99.99,31,18.1,148.1
2026-05-23T05:33:37,20.8,1291,7941,0,9,99.99,38,18.5,154.3
2026-05-23T05:33:43,23.3,1291,7941,1,7,99.99,33,21.9,154.3
2026-05-23T05:33:48,17.9,1294,7941,0,8,99.99,36,16.2,154.4
2026-05-23T05:33:53,23.3,1293,7941,0,8,99.99,39,21.8,154.5
2026-05-23T05:33:58,20.3,1289,7941,0,8,99.99,40,18.4,156.0
2026-05-23T05:34:03,22.9,1295,7941,0,9,99.99,32,21.1,156.4
2026-05-23T05:34:09,27.6,1294,7941,0,9,99.99,48,25.9,157.0
2026-05-23T05:34:14,22.5,1296,7941,0,9,99.99,51,20.4,158.6
2026-05-23T05:34:19,27.8,1298,7941,0,8,99.99,44,26.4,159.3
2026-05-23T05:34:24,23.6,1298,7941,0,9,99.99,45,21.6,155.4
2026-05-23T05:34:30,23.0,1296,7941,0,9,99.99,38,21.1,155.4
2026-05-23T05:34:35,23.6,1300,7941,1,9,99.99,52,21.4,155.4
2026-05-23T05:34:40,26.1,1306,7941,0,11,99.99,45,24.1,155.5
2026-05-23T05:34:45,29.9,1300,7941,0,11,99.99,48,28.1,155.5
2026-05-23T05:34:50,23.8,1293,7941,0,8,99.99,46,21.9,155.5
2026-05-23T05:34:56,30.3,1290,7941,0,8,99.99,54,28.5,155.6
2026-05-23T05:35:01,24.4,1294,7941,0,8,99.99,50,22.6,155.8
2026-05-23T05:35:07,39.5,1294,7941,0,10,99.99,56,41.1,156.6
2026-05-23T05:35:12,33.3,1297,7941,0,10,99.99,49,31.8,156.7
2026-05-23T05:35:17,28.2,1293,7941,0,8,99.99,61,25.9,157.0
2026-05-23T05:35:22,26.5,1293,7941,0,8,99.99,47,24.7,157.2
2026-05-23T05:35:28,32.7,1290,7941,0,9,99.99,54,30.9,157.3
2026-05-23T05:35:33,25.2,1294,7941,0,9,99.99,51,23.4,157.3
2026-05-23T05:35:38,35.4,1297,7941,0,8,99.99,62,33.8,157.3
2026-05-23T05:35:43,31.4,1300,7941,0,8,99.99,50,29.6,157.3
2026-05-23T05:35:49,35.9,1295,7941,0,11,99.99,66,33.7,157.3
2026-05-23T05:35:54,34.6,1296,7941,0,11,99.99,73,32.8,157.6
2026-05-23T05:35:59,38.7,1295,7941,0,10,99.99,54,37.4,157.7
2026-05-23T05:36:04,38.1,1294,7941,0,10,99.99,81,34.8,157.8
2026-05-23T05:36:10,43.0,1302,7941,0,10,99.99,67,41.8,158.5
2026-05-23T05:36:15,29.1,1312,7941,0,9,99.99,66,27.0,158.6
2026-05-23T05:36:20,35.7,1317,7941,0,10,99.99,62,33.5,158.6
2026-05-23T05:36:25,33.9,1306,7941,0,10,99.99,65,31.8,158.6
2026-05-23T05:36:31,35.6,1310,7941,0,10,99.99,63,34.6,158.8
2026-05-23T05:36:36,41.9,1306,7941,1,9,99.99,75,40.2,158.8
2026-05-23T05:36:41,34.6,1309,7941,0,10,99.99,64,33.2,158.9
2026-05-23T05:36:46,33.7,1300,7941,0,8,99.99,56,31.2,158.9
2026-05-23T05:36:52,34.7,1303,7941,0,9,99.99,76,33.1,158.9
2026-05-23T05:36:57,37.6,1303,7941,0,11,99.99,67,35.5,158.9
2026-05-23T05:37:02,41.2,1306,7941,0,11,99.99,67,39.5,159.0
2026-05-23T05:37:07,35.0,1296,7941,0,9,99.99,71,32.7,159.1
2026-05-23T05:37:13,36.2,1304,7941,0,9,99.99,66,34.4,159.3
2026-05-23T05:37:18,31.6,1307,7941,0,9,99.99,59,29.6,159.4
2026-05-23T05:37:23,36.7,1300,7941,0,9,99.99,53,35.0,159.4
2026-05-23T05:37:28,32.2,1299,7941,0,10,99.99,67,30.6,159.4
2026-05-23T05:37:33,34.9,1309,7941,0,10,99.99,66,33.1,159.4
2026-05-23T05:37:39,38.4,1309,7941,0,11,99.99,59,36.1,159.4
2026-05-23T05:37:44,40.6,1313,7941,0,11,99.99,70,38.6,159.4
2026-05-23T05:37:49,30.5,1313,7941,0,11,99.99,67,28.6,159.9
2026-05-23T05:37:54,36.2,1317,7941,0,11,99.99,75,34.4,159.9
2026-05-23T05:38:00,33.2,1308,7941,1,9,99.99,48,31.7,160.0
2026-05-23T05:38:05,37.8,1299,7941,0,9,99.99,83,35.2,160.0
2026-05-23T05:38:10,35.1,1306,7941,0,9,99.99,54,33.7,160.0
2026-05-23T05:38:15,36.1,1309,7941,0,9,99.99,67,33.4,160.0
2026-05-23T05:38:21,35.9,1313,7941,0,11,99.99,57,34.3,160.0
2026-05-23T05:38:26,39.5,1308,7941,0,11,99.99,73,37.2,160.0
2026-05-23T05:38:31,36.0,1301,7941,0,10,99.99,76,34.2,160.1
2026-05-23T05:38:36,36.3,1308,7941,0,10,99.99,66,33.6,160.1
2026-05-23T05:38:42,39.1,1301,7941,0,8,99.99,64,37.4,160.1
2026-05-23T05:38:47,35.5,1298,7941,0,9,99.99,70,33.1,160.1
2026-05-23T05:38:52,34.5,1310,7941,0,9,99.99,42,33.0,160.2
2026-05-23T05:38:57,27.5,1309,7941,0,9,99.99,71,25.3,160.2
2026-05-23T05:39:03,45.2,1309,7941,0,10,99.99,55,47.1,160.2
2026-05-23T05:39:08,37.6,1310,7941,0,10,99.99,59,35.8,160.2
2026-05-23T05:39:13,34.4,1306,7941,0,10,99.99,65,32.6,160.2
2026-05-23T05:39:19,37.0,1309,7941,0,10,99.99,63,36.4,160.2
2026-05-23T05:39:24,40.4,1302,7941,1,9,99.99,64,38.0,160.2
2026-05-23T05:39:29,35.3,1304,7941,0,10,99.99,64,33.6,160.2
2026-05-23T05:39:34,33.6,1303,7941,0,9,99.99,71,31.2,160.2
2026-05-23T05:39:40,41.1,1307,7941,0,9,99.99,68,39.4,160.3
2026-05-23T05:39:45,36.7,1308,7941,0,9,99.99,68,34.4,160.3
2026-05-23T05:39:50,33.3,1300,7941,0,8,99.99,52,31.6,160.4
2026-05-23T05:39:55,36.7,1305,7941,0,10,99.99,69,34.6,160.4
2026-05-23T05:40:01,31.3,1303,7941,0,10,99.99,60,30.4,160.4
2026-05-23T05:40:06,60.8,1304,7941,0,11,99.99,72,64.7,160.4
2026-05-23T05:40:12,36.2,1311,7941,0,11,99.99,59,34.2,160.5
2026-05-23T05:40:17,38.6,1314,7941,0,11,99.99,74,35.8,160.5
2026-05-23T05:40:22,38.2,1313,7941,0,11,99.99,56,36.4,160.5
2026-05-23T05:40:28,39.4,1309,7941,0,11,99.99,67,37.4,160.5
2026-05-23T05:40:33,36.0,1312,7941,0,10,99.99,70,34.0,160.5
2026-05-23T05:40:38,39.9,1310,7941,0,9,99.99,68,37.6,160.5
2026-05-23T05:40:43,40.5,1311,7941,0,9,99.99,64,39.2,160.5
2026-05-23T05:40:49,33.1,1307,7941,0,9,99.99,65,30.6,160.5
2026-05-23T05:40:54,39.7,1303,7941,0,9,99.99,79,37.6,160.5
2026-05-23T05:40:59,37.9,1306,7941,0,9,99.99,67,36.2,160.5
2026-05-23T05:41:04,39.9,1310,7941,0,9,99.99,68,37.0,160.5
2026-05-23T05:41:10,36.5,1300,7941,0,9,99.99,52,34.6,160.5
2026-05-23T05:41:15,39.4,1305,7941,0,11,99.99,68,37.2,160.5
2026-05-23T05:41:20,34.2,1305,7941,0,11,99.99,63,32.5,160.5
2026-05-23T05:41:25,40.6,1301,7941,0,10,99.99,68,38.6,160.5
2026-05-23T05:41:31,30.6,1301,7941,0,9,99.99,57,29.1,160.5
2026-05-23T05:41:36,35.9,1297,7941,0,8,99.99,75,33.6,160.5
2026-05-23T05:41:41,36.0,1305,7941,0,10,99.99,59,34.2,160.5
2026-05-23T05:41:46,36.8,1311,7941,0,10,99.99,64,34.7,160.5
2026-05-23T05:41:52,34.4,1304,7941,0,9,99.99,73,32.0,160.6
2026-05-23T05:41:57,31.9,1302,7941,0,10,99.99,66,29.5,160.6
2026-05-23T05:42:02,45.3,1303,7941,0,9,99.99,65,44.3,160.6
2026-05-23T05:42:07,38.8,1301,7941,0,9,99.99,66,36.5,160.7
2026-05-23T05:42:13,35.0,1306,7941,0,9,99.99,63,33.2,160.7
2026-05-23T05:42:18,38.8,1299,7941,0,8,99.99,74,36.5,160.7
2026-05-23T05:42:23,30.6,1294,7941,0,8,99.99,61,28.4,160.7
2026-05-23T05:42:28,38.5,1302,7941,0,11,99.99,52,36.9,160.7
2026-05-23T05:42:34,34.4,1308,7941,0,11,99.99,76,32.6,160.7
2026-05-23T05:42:39,41.7,1303,7941,0,10,99.99,58,39.4,160.7
2026-05-23T05:42:44,34.7,1299,7941,1,7,99.99,73,32.6,160.7
2026-05-23T05:42:49,41.2,1294,7941,0,9,99.99,61,39.4,160.7
2026-05-23T05:42:55,32.9,1303,7941,0,9,99.99,65,30.8,160.7
2026-05-23T05:43:00,34.4,1293,7941,0,8,99.99,61,32.7,160.7
2026-05-23T05:43:05,37.0,1297,7941,0,9,99.99,60,34.9,160.7
2026-05-23T05:43:10,40.5,1306,7941,0,10,99.99,63,38.5,160.7
2026-05-23T05:43:16,33.2,1308,7941,0,9,99.99,74,30.7,160.7
2026-05-23T05:43:21,32.8,1303,7941,0,9,99.99,64,30.9,160.7
2026-05-23T05:43:26,36.0,1302,7941,0,9,99.99,63,33.9,160.7
2026-05-23T05:43:31,37.4,1307,7941,0,9,99.99,65,35.8,160.7
2026-05-23T05:43:37,42.2,1308,7941,0,10,99.99,81,40.2,161.2
2026-05-23T05:43:42,40.9,1305,7941,0,10,99.99,72,39.1,161.2
2026-05-23T05:43:47,33.0,1298,7941,0,9,99.99,63,30.8,161.2
2026-05-23T05:43:53,34.1,1303,7941,0,9,99.99,56,32.0,161.2
2026-05-23T05:43:58,33.1,1299,7941,0,9,99.99,60,31.1,161.2
2026-05-23T05:44:03,30.1,1297,7941,0,8,99.99,63,27.9,161.2
2026-05-23T05:44:08,37.0,1301,7941,0,9,99.99,73,35.0,161.2
2026-05-23T05:44:13,43.6,1307,7941,0,11,99.99,63,42.2,161.2
2026-05-23T05:44:19,36.4,1307,7941,0,11,99.99,79,34.2,161.2
2026-05-23T05:44:24,34.9,1312,7941,0,8,99.99,72,32.9,161.2
2026-05-23T05:44:29,31.0,1301,7941,0,8,99.99,50,29.4,161.2
2026-05-23T05:44:34,38.6,1300,7941,0,9,99.99,85,36.1,161.2
2026-05-23T05:44:40,38.3,1302,7941,0,9,99.99,60,36.8,161.2
2026-05-23T05:44:45,35.2,1298,7941,0,9,99.99,72,32.8,161.2
2026-05-23T05:44:50,38.1,1301,7941,0,9,99.99,65,36.9,161.2
2026-05-23T05:44:55,35.5,1303,7941,0,9,99.99,64,33.2,161.2
2026-05-23T05:45:01,28.5,1300,7941,0,9,99.99,57,26.8,161.2
2026-05-23T05:45:06,43.2,1301,7941,0,10,99.99,57,42.9,161.2
2026-05-23T05:45:11,32.2,1304,7941,1,8,99.99,64,30.3,161.2
2026-05-23T05:45:16,40.0,1309,7941,0,11,99.99,67,38.0,161.3
2026-05-23T05:45:22,37.6,1307,7941,0,11,99.99,68,35.9,161.3
2026-05-23T05:45:27,39.3,1302,7941,0,10,99.99,71,37.5,161.3
2026-05-23T05:45:32,35.2,1312,7941,0,10,99.99,56,33.6,161.3
2026-05-23T05:45:37,37.2,1308,7941,0,9,99.99,80,35.1,161.3
2026-05-23T05:45:43,37.4,1306,7941,0,9,99.99,52,35.9,161.3
2026-05-23T05:45:48,35.9,1305,7941,0,9,99.99,65,33.9,161.3
2026-05-23T05:45:53,34.0,1304,7941,0,9,99.99,66,32.8,161.3
2026-05-23T05:45:58,40.4,1310,7941,0,11,99.99,64,38.1,161.3
2026-05-23T05:46:04,32.9,1310,7941,0,11,99.99,68,31.1,161.3
2026-05-23T05:46:09,36.4,1298,7941,0,10,99.99,69,34.2,161.3
2026-05-23T05:46:14,32.1,1301,7941,0,10,99.99,67,29.9,161.4
2026-05-23T05:46:19,38.0,1300,7941,0,9,99.99,66,36.9,161.4
2026-05-23T05:46:24,35.0,1299,7941,0,10,99.99,52,33.0,161.4
2026-05-23T05:46:30,36.9,1304,7941,0,11,99.99,69,35.0,161.4
2026-05-23T05:46:35,36.7,1305,7941,1,10,99.99,62,34.6,161.4
2026-05-23T05:46:40,36.8,1300,7941,0,9,99.99,75,34.9,161.4
2026-05-23T05:46:45,33.6,1298,7941,0,9,99.99,53,31.6,161.4
2026-05-23T05:46:51,32.9,1303,7941,0,9,99.99,60,31.4,161.4
2026-05-23T05:46:56,35.3,1299,7941,0,9,99.99,72,33.6,161.4
2026-05-23T05:47:01,34.8,1298,7941,0,10,99.99,58,33.1,161.6
2026-05-23T05:47:06,39.3,1291,7941,0,9,99.99,62,37.0,161.6
2026-05-23T05:47:12,35.3,1300,7941,0,9,99.99,70,33.5,161.6
2026-05-23T05:47:17,37.8,1302,7941,0,9,99.99,68,35.6,161.6
2026-05-23T05:47:22,37.7,1303,7941,0,9,99.99,63,35.9,161.6
2026-05-23T05:47:27,36.3,1295,7941,0,9,99.99,73,34.5,161.6
2026-05-23T05:47:32,33.9,1301,7941,1,8,99.99,63,32.0,161.6
2026-05-23T05:47:38,39.3,1300,7941,0,10,99.99,69,37.5,161.7
2026-05-23T05:47:43,32.8,1297,7941,0,9,99.99,66,30.7,161.7
2026-05-23T05:47:48,36.9,1292,7941,0,9,99.99,73,34.6,161.7
2026-05-23T05:47:53,37.8,1302,7941,0,11,99.99,74,35.8,161.7
2026-05-23T05:47:59,43.3,1310,7941,0,11,99.99,71,41.9,161.7
2026-05-23T05:48:04,35.6,1297,7941,0,10,99.99,66,33.1,161.7
2026-05-23T05:48:09,33.5,1293,7941,0,9,99.99,71,31.8,161.7
2026-05-23T05:48:14,35.0,1310,7941,0,11,99.99,64,32.9,161.9
2026-05-23T05:48:20,34.1,1313,7941,0,11,99.99,71,32.6,161.9
2026-05-23T05:48:25,39.4,1302,7941,0,10,99.99,72,36.9,161.9
2026-05-23T05:48:30,33.4,1302,7941,0,10,99.99,48,31.9,161.9
2026-05-23T05:48:35,37.7,1293,7941,0,9,99.99,82,35.9,161.9
2026-05-23T05:48:40,26.0,1289,7941,0,9,99.99,54,24.3,161.9
2026-05-23T05:48:46,41.4,1289,7941,0,9,99.99,75,40.6,161.9
2026-05-23T05:48:51,35.5,1292,7941,0,10,99.99,64,34.0,161.9
2026-05-23T05:48:56,36.6,1297,7941,0,10,99.99,61,34.7,161.9
2026-05-23T05:49:01,32.7,1294,7941,0,10,99.99,64,30.6,161.9
2026-05-23T05:49:07,38.4,1305,7941,0,10,99.99,60,36.1,161.9
2026-05-23T05:49:12,31.4,1303,7941,0,10,99.99,70,29.3,161.9
2026-05-23T05:49:17,33.2,1298,7941,0,10,99.99,68,31.4,161.9
2026-05-23T05:49:22,33.7,1294,7941,0,9,99.99,59,31.8,161.9
2026-05-23T05:49:28,36.3,1290,7941,0,9,99.99,70,34.5,161.9
2026-05-23T05:49:33,30.4,1299,7941,0,10,99.99,51,28.8,162.0
2026-05-23T05:49:38,41.2,1299,7941,0,10,99.99,72,39.6,162.0
2026-05-23T05:49:43,33.7,1295,7941,0,9,99.99,67,31.6,162.0
2026-05-23T05:49:48,29.3,1293,7941,0,9,99.99,65,27.4,162.0
2026-05-23T05:49:54,40.1,1289,7941,0,9,99.99,66,38.5,162.0
2026-05-23T05:49:59,35.9,1293,7941,0,9,99.99,71,34.1,162.0
2026-05-23T05:50:04,44.3,1297,7941,1,8,99.99,68,42.3,162.0
2026-05-23T05:50:09,36.7,1298,7941,0,9,99.99,68,34.8,162.0
2026-05-23T05:50:15,38.9,1295,7941,0,9,99.99,68,36.8,162.0
2026-05-23T05:50:20,37.0,1297,7941,1,8,99.99,54,36.0,162.0
2026-05-23T05:50:25,38.4,1291,7941,0,9,99.99,77,36.5,162.0
2026-05-23T05:50:30,39.6,1299,7941,0,11,99.99,65,37.8,162.0
2026-05-23T05:50:36,31.6,1299,7941,0,11,99.99,75,29.3,162.0
2026-05-23T05:50:41,36.3,1294,7941,0,10,99.99,56,34.6,162.0
2026-05-23T05:50:46,40.4,1298,7941,0,10,99.99,69,38.9,162.0
2026-05-23T05:50:51,32.3,1292,7941,0,9,99.99,56,30.5,162.0
2026-05-23T05:50:57,39.4,1297,7941,0,10,99.99,77,37.5,162.0
2026-05-23T05:51:02,35.1,1302,7941,0,10,99.99,62,33.1,162.0
2026-05-23T05:51:07,30.3,1297,7941,0,10,99.99,56,27.8,162.0
2026-05-23T05:51:12,43.7,1297,7941,0,10,99.99,68,42.5,162.0
2026-05-23T05:51:18,31.7,1298,7941,0,10,99.99,57,29.5,162.0
2026-05-23T05:51:23,28.6,1293,7941,0,10,99.99,62,26.6,162.0
2026-05-23T05:51:28,37.6,1308,7941,0,10,99.99,71,36.1,162.0
2026-05-23T05:51:33,31.1,1302,7941,0,9,99.99,55,29.5,162.0
2026-05-23T05:51:38,44.8,1300,7941,0,9,99.99,61,43.4,162.0
2026-05-23T05:51:44,28.8,1305,7941,0,9,99.99,64,27.1,162.0
2026-05-23T05:51:49,38.4,1293,7941,0,9,99.99,73,36.4,162.0
2026-05-23T05:51:54,32.0,1295,7941,0,9,99.99,68,30.0,162.0
2026-05-23T05:51:59,38.5,1289,7941,0,8,99.99,61,36.8,162.0
2026-05-23T05:52:05,34.6,1301,7941,0,8,99.99,77,32.6,162.0
2026-05-23T05:52:10,35.8,1293,7941,0,8,99.99,55,34.2,162.0
2026-05-23T05:52:15,37.0,1300,7941,0,9,99.99,74,35.2,162.0
2026-05-23T05:52:20,36.8,1295,7941,0,9,99.99,52,35.5,162.0
2026-05-23T05:52:25,36.4,1291,7941,0,9,99.99,70,34.3,162.0
2026-05-23T05:52:31,31.2,1292,7941,0,9,99.99,58,29.8,162.0
2026-05-23T05:52:36,39.1,1327,7941,1,10,99.99,75,36.6,162.0
2026-05-23T05:52:41,32.4,1339,7941,0,10,99.99,57,25.7,162.0
2026-05-23T05:52:46,36.7,1300,7941,0,8,99.99,68,34.6,162.0
2026-05-23T05:52:52,33.9,1301,7941,0,8,99.99,61,32.4,162.0
2026-05-23T05:52:57,35.2,1292,7941,0,8,99.99,64,32.9,162.0
2026-05-23T05:53:02,36.5,1291,7941,0,9,99.99,59,35.5,162.0
2026-05-23T05:53:07,40.0,1295,7941,0,11,99.99,65,39.1,162.0
2026-05-23T05:53:13,30.9,1299,7941,0,11,99.99,59,28.5,162.0
2026-05-23T05:53:18,35.9,1299,7941,0,9,99.99,70,34.2,162.0
2026-05-23T05:53:23,37.9,1298,7941,0,9,99.99,80,36.2,162.1
2026-05-23T05:53:28,40.4,1299,7941,0,9,99.99,84,38.5,162.1
2026-05-23T05:53:33,40.5,1299,7941,0,9,99.99,60,38.8,162.1
2026-05-23T05:53:39,31.8,1303,7941,0,9,99.99,56,30.0,162.1
2026-05-23T05:53:44,34.6,1304,7941,0,9,99.99,66,32.5,162.1
2026-05-23T05:53:49,34.9,1301,7941,0,9,99.99,53,33.3,162.1
2026-05-23T05:53:54,35.3,1301,7941,0,8,99.99,78,33.2,162.1
2026-05-23T05:54:00,31.7,1301,7941,0,8,99.99,54,29.7,162.1
2026-05-23T05:54:05,41.9,1304,7941,0,11,99.99,79,39.3,162.1
2026-05-23T05:54:10,38.4,1308,7941,0,11,99.99,63,36.6,162.1
2026-05-23T05:54:15,35.0,1307,7941,0,10,99.99,73,33.1,162.1
2026-05-23T05:54:21,36.0,1306,7941,0,9,99.99,68,33.8,162.1
2026-05-23T05:54:26,38.0,1298,7941,0,9,99.99,72,35.9,162.1
2026-05-23T05:54:31,33.2,1295,7941,0,9,99.99,55,31.4,162.1
2026-05-23T05:54:36,38.1,1295,7941,0,9,99.99,71,36.4,162.1
2026-05-23T05:54:41,32.6,1304,7941,0,9,99.99,46,30.6,162.1
2026-05-23T05:54:47,34.7,1304,7941,0,10,99.99,76,32.9,162.1
2026-05-23T05:54:52,40.9,1307,7941,0,10,99.99,66,39.1,162.1
2026-05-23T05:54:57,37.7,1306,7941,0,9,99.99,71,35.9,162.1
2026-05-23T05:55:02,38.3,1300,7941,0,9,99.99,74,37.4,162.1
2026-05-23T05:55:08,40.2,1302,7941,0,9,99.99,60,38.3,162.1
2026-05-23T05:55:13,32.4,1306,7941,0,10,99.99,71,30.7,162.1
2026-05-23T05:55:18,41.0,1302,7941,1,9,99.99,61,39.0,162.1
2026-05-23T05:55:24,29.0,1301,7941,0,10,99.99,50,27.2,162.1
2026-05-23T05:55:29,31.0,1300,7941,0,8,99.99,76,29.1,162.1
2026-05-23T05:55:34,42.2,1304,7941,0,10,99.99,69,40.0,162.1
2026-05-23T05:55:39,36.8,1303,7941,2,8,99.99,64,35.2,162.1
2026-05-23T05:55:44,35.2,1305,7941,0,11,99.99,59,33.2,162.1
2026-05-23T05:55:50,31.3,1309,7941,0,11,99.99,66,29.0,162.1
2026-05-23T05:55:55,33.8,1305,7941,0,9,99.99,69,32.2,162.1
2026-05-23T05:56:00,33.5,1300,7941,0,9,99.99,56,31.4,162.1
2026-05-23T05:56:05,34.0,1297,7941,0,9,99.99,74,31.9,162.1
2026-05-23T05:56:11,37.5,1303,7941,1,8,99.99,58,35.8,162.1
2026-05-23T05:56:16,38.4,1304,7941,0,9,99.99,63,36.4,162.1
2026-05-23T05:56:21,36.3,1304,7941,0,8,99.99,66,34.8,162.1
2026-05-23T05:56:26,34.8,1304,7941,0,9,99.99,73,32.2,162.1
2026-05-23T05:56:32,39.8,1302,7941,0,9,99.99,62,37.9,162.1
2026-05-23T05:56:37,42.1,1306,7941,1,8,99.99,68,39.6,162.1
2026-05-23T05:56:42,40.6,1309,7941,0,9,99.99,76,38.3,162.1
2026-05-23T05:56:47,33.7,1305,7941,0,9,99.99,75,31.5,162.1
2026-05-23T05:56:53,35.8,1303,7941,0,9,99.99,47,33.8,162.1
2026-05-23T05:56:58,36.8,1305,7941,0,9,99.99,72,34.4,162.1
2026-05-23T05:57:03,36.2,1307,7941,0,9,99.99,64,34.4,162.1
2026-05-23T05:57:08,40.0,1305,7941,0,9,99.99,65,37.5,162.1
2026-05-23T05:57:14,32.9,1299,7941,0,9,99.99,70,30.8,162.1
2026-05-23T05:57:19,37.6,1299,7941,0,10,99.99,70,34.9,162.1
2026-05-23T05:57:24,34.9,1297,7941,0,10,99.99,60,33.0,162.1
2026-05-23T05:57:29,38.5,1293,7941,0,9,99.99,70,36.4,162.1
2026-05-23T05:57:35,32.9,1298,7941,0,9,99.99,69,30.7,162.1
2026-05-23T05:57:40,33.1,1306,7941,0,11,99.99,58,31.1,162.1
2026-05-23T05:57:45,44.1,1298,7941,0,11,99.99,76,42.4,162.1
2026-05-23T05:57:50,33.5,1299,7941,0,8,99.99,57,31.6,162.1
2026-05-23T05:57:56,39.5,1299,7941,0,9,99.99,74,37.5,162.1
2026-05-23T05:58:01,40.5,1302,7941,0,9,99.99,74,38.9,162.1
2026-05-23T05:58:06,38.8,1302,7941,0,10,99.99,61,36.1,162.1
2026-05-23T05:58:11,34.0,1300,7941,0,9,99.99,67,31.9,162.1
2026-05-23T05:58:17,39.1,1300,7941,0,9,99.99,72,37.0,162.1
2026-05-23T05:58:22,36.5,1303,7941,0,9,99.99,50,34.7,162.1
2026-05-23T05:58:27,41.4,1299,7941,0,11,99.99,87,39.0,162.1
2026-05-23T05:58:32,37.8,1295,7941,0,11,99.99,70,36.8,162.1
2026-05-23T05:58:38,37.2,1301,7941,0,10,99.99,62,35.0,162.1
2026-05-23T05:58:43,36.6,1297,7941,0,10,99.99,70,34.4,162.1
2026-05-23T05:58:48,36.7,1300,7941,1,9,99.99,71,34.8,162.1
2026-05-23T05:58:54,40.9,1299,7941,0,9,99.99,65,39.1,162.1
2026-05-23T05:58:59,31.1,1290,7941,0,8,99.99,59,28.7,162.1
2026-05-23T05:59:04,38.2,1289,7941,0,9,99.99,65,35.6,162.1
2026-05-23T05:59:09,37.1,1292,7941,0,9,99.99,66,35.2,163.2
2026-05-23T05:59:15,33.0,1301,7941,0,9,99.99,60,31.1,163.2
2026-05-23T05:59:20,38.4,1302,7941,0,9,99.99,62,36.4,163.2
2026-05-23T05:59:25,34.9,1295,7941,0,9,99.99,75,32.6,163.2
2026-05-23T05:59:31,44.9,1291,7941,0,9,99.99,69,43.0,163.2
2026-05-23T05:59:36,37.6,1295,7941,0,10,99.99,79,35.4,163.2
2026-05-23T05:59:41,43.8,1302,7941,0,11,99.99,67,42.4,163.2
2026-05-23T05:59:47,43.0,1300,7941,0,9,99.99,72,41.0,163.2
2026-05-23T05:59:52,36.3,1297,7941,0,9,99.99,76,34.0,163.2
2026-05-23T05:59:57,36.0,1297,7941,0,9,99.99,69,33.8,163.2
2026-05-23T06:00:02,34.8,1293,7941,2,9,99.99,68,34.4,163.2
2026-05-23T06:00:08,68.0,1296,7941,0,11,99.99,75,77.8,163.2
2026-05-23T06:00:14,31.0,1300,7941,0,10,99.99,55,28.1,163.2
2026-05-23T06:00:19,44.1,1296,7941,0,10,99.99,64,42.1,163.2
2026-05-23T06:00:25,38.4,1300,7941,0,9,99.99,66,36.0,163.2
2026-05-23T06:00:30,38.5,1301,7941,0,9,99.99,57,37.0,163.2
2026-05-23T06:00:35,33.1,1291,7941,0,9,99.99,70,30.6,163.2
2026-05-23T06:00:40,36.1,1295,7941,0,8,99.99,62,34.0,163.2
2026-05-23T06:00:46,36.0,1297,7941,0,9,99.99,62,33.5,163.2
2026-05-23T06:00:51,42.3,1297,7941,1,8,99.99,85,40.4,163.2
2026-05-23T06:00:56,42.1,1295,7941,0,9,99.99,72,39.9,163.2
2026-05-23T06:01:02,33.2,1296,7941,0,9,99.99,71,31.4,163.2
2026-05-23T06:01:07,38.1,1293,7941,0,9,99.99,66,35.0,163.2
2026-05-23T06:01:12,37.0,1298,7941,0,9,99.99,54,35.8,163.2
2026-05-23T06:01:17,32.2,1297,7941,0,10,99.99,63,29.1,163.2
2026-05-23T06:01:23,37.5,1309,7941,0,9,99.99,71,35.6,163.2
2026-05-23T06:01:28,39.8,1294,7941,0,10,99.99,77,37.5,163.2
2026-05-23T06:01:33,40.3,1301,7941,1,9,99.99,59,38.6,163.2
2026-05-23T06:01:38,31.9,1298,7941,0,9,99.99,69,29.3,163.2
2026-05-23T06:01:44,39.2,1297,7941,0,9,99.99,62,37.6,163.2
2026-05-23T06:01:49,37.4,1297,7941,0,9,99.99,78,35.0,163.2
2026-05-23T06:01:54,44.4,1294,7941,0,9,99.99,78,42.0,163.2
2026-05-23T06:01:59,36.6,1302,7941,0,9,99.99,71,34.9,163.2
2026-05-23T06:02:05,39.4,1298,7941,0,10,99.99,59,36.8,163.2
2026-05-23T06:02:10,41.5,1304,7941,0,10,99.99,69,39.6,163.2
2026-05-23T06:02:15,38.7,1295,7941,0,9,99.99,66,36.0,163.2
2026-05-23T06:02:20,38.4,1299,7941,0,9,99.99,65,36.8,163.2
2026-05-23T06:02:26,39.9,1298,7941,0,9,99.99,64,37.4,163.3
2026-05-23T06:02:31,38.0,1301,7941,0,11,99.99,68,35.9,163.3
2026-05-23T06:02:36,40.1,1309,7941,0,11,99.99,75,37.9,163.3
2026-05-23T06:02:42,38.1,1297,7941,0,9,99.99,61,35.9,163.3
2026-05-23T06:02:47,35.9,1303,7941,0,9,99.99,73,33.6,163.3
2026-05-23T06:02:52,45.8,1299,7941,0,11,99.99,70,43.5,163.3
2026-05-23T06:02:57,33.2,1300,7941,0,11,99.99,58,31.2,163.3
2026-05-23T06:03:03,38.4,1296,7941,0,9,99.99,67,36.3,163.3
2026-05-23T06:03:08,42.9,1297,7941,0,9,99.99,66,40.7,163.3
2026-05-23T06:03:13,39.4,1300,7941,0,10,99.99,79,36.9,163.3
2026-05-23T06:03:18,30.4,1305,7941,0,11,99.99,54,28.0,163.3
2026-05-23T06:03:24,35.8,1302,7941,1,11,99.99,62,33.7,163.3
2026-05-23T06:03:29,40.9,1297,7941,0,9,99.99,72,39.2,163.3
2026-05-23T06:03:34,36.2,1296,7941,0,11,99.99,72,33.8,163.3
2026-05-23T06:03:40,32.7,1304,7941,0,11,99.99,56,30.8,163.3
2026-05-23T06:03:45,38.4,1294,7941,0,9,99.99,64,36.5,163.3
2026-05-23T06:03:50,34.0,1294,7941,0,9,99.99,59,31.6,163.3
2026-05-23T06:03:55,39.2,1296,7941,1,8,99.99,74,37.1,163.3
2026-05-23T06:04:01,38.4,1300,7941,0,9,99.99,53,36.6,163.3
2026-05-23T06:04:06,38.3,1300,7941,0,11,99.99,75,35.0,163.3
2026-05-23T06:04:11,37.8,1306,7941,0,11,99.99,71,36.0,163.3
2026-05-23T06:04:16,36.7,1293,7941,0,9,99.99,69,34.8,163.3
2026-05-23T06:04:22,38.2,1300,7941,0,10,99.99,76,36.0,163.3
2026-05-23T06:04:27,61.2,1587,7941,0,10,99.99,70,36.1,163.3
2026-05-23T06:04:32,69.8,2060,7941,0,9,99.99,52,34.6,163.3
2026-05-23T06:04:37,46.9,2056,7941,0,9,99.99,72,29.4,163.3
2026-05-23T06:04:43,37.7,2043,7941,0,9,99.99,68,34.8,163.3
2026-05-23T06:04:48,42.1,2121,7941,0,9,99.99,66,34.8,163.3
2026-05-23T06:04:53,88.0,2556,7941,0,9,99.99,78,41.2,163.3
2026-05-23T06:04:59,64.4,2718,7941,0,9,99.99,69,34.8,163.3
2026-05-23T06:05:04,60.6,2940,7941,1,9,99.99,62,39.9,163.3
2026-05-23T06:05:09,36.6,2943,7941,0,10,99.99,77,34.2,163.3
2026-05-23T06:05:15,31.9,2941,7941,0,9,99.99,53,28.1,163.3
2026-05-23T06:05:20,42.5,2753,7941,0,9,99.99,63,39.2,163.3
2026-05-23T06:05:25,43.5,2724,7941,0,10,99.99,55,32.9,163.3
2026-05-23T06:05:30,46.6,2937,7941,0,10,99.99,66,29.8,163.3
2026-05-23T06:05:36,34.0,2960,7941,0,9,99.99,70,30.9,163.3
2026-05-23T06:05:41,40.5,2972,7941,2,7,99.99,68,34.0,163.3
2026-05-23T06:05:46,56.3,2837,7941,0,10,99.99,61,34.6,163.3
2026-05-23T06:05:52,39.0,2928,7941,0,10,99.99,62,31.6,163.3
2026-05-23T06:05:57,28.2,2917,7941,0,8,99.99,54,26.0,163.3
2026-05-23T06:06:02,39.9,2924,7941,0,8,99.99,64,36.3,163.3
2026-05-23T06:06:07,44.1,2829,7941,0,9,99.99,66,27.7,163.3
2026-05-23T06:06:13,63.5,3097,7941,0,9,99.99,60,37.8,163.3
2026-05-23T06:06:18,37.5,3092,7941,0,10,99.99,68,35.2,163.3
2026-05-23T06:06:23,42.4,3042,7941,0,10,99.99,53,32.8,163.3
2026-05-23T06:06:28,39.8,2995,7941,0,10,99.99,70,34.2,163.3
2026-05-23T06:06:34,36.1,2986,7941,0,10,99.99,78,34.0,163.3
2026-05-23T06:06:39,46.3,2805,7941,2,7,99.99,68,33.9,163.3
2026-05-23T06:06:44,36.3,2692,7941,0,9,99.99,68,32.1,163.3
2026-05-23T06:06:49,41.3,2694,7941,1,8,99.99,55,38.4,163.3
2026-05-23T06:06:55,57.3,2747,7941,0,9,99.99,64,30.4,163.3
2026-05-23T06:07:00,50.0,2971,7941,0,11,99.99,77,39.9,163.3
2026-05-23T06:07:05,45.2,2974,7941,0,11,99.99,77,37.8,163.3
2026-05-23T06:07:10,59.2,3039,7941,0,9,99.99,52,35.9,163.3
2026-05-23T06:07:16,35.1,2971,7941,0,9,99.99,73,31.1,163.3
2026-05-23T06:07:21,42.1,2962,7941,1,8,99.99,63,38.0,163.3
2026-05-23T06:07:26,48.1,2888,7941,0,9,99.99,71,30.1,163.3
2026-05-23T06:07:32,50.2,2878,7941,0,9,99.99,60,40.5,163.3
2026-05-23T06:07:37,35.2,2876,7941,0,9,99.99,68,28.7,163.3
2026-05-23T06:07:42,34.4,2867,7941,0,7,99.99,54,29.8,163.3
2026-05-23T06:07:47,57.3,2874,7941,0,9,99.99,70,38.3,163.3
2026-05-23T06:07:53,50.6,2897,7941,0,8,99.99,66,36.4,163.3
2026-05-23T06:07:58,62.4,3088,7941,0,9,99.99,72,41.8,163.3
2026-05-23T06:08:03,34.2,3074,7941,0,9,99.99,68,31.6,163.3
2026-05-23T06:08:09,42.5,3072,7941,0,9,99.99,77,39.8,163.3
2026-05-23T06:08:14,36.7,2888,7941,0,10,99.99,71,34.4,163.3
2026-05-23T06:08:19,33.4,2890,7941,1,8,99.99,67,30.6,163.3
2026-05-23T06:08:24,38.1,2890,7941,0,9,99.99,63,35.7,163.3
2026-05-23T06:08:29,33.2,2889,7941,0,9,99.99,55,31.2,163.3
2026-05-23T06:08:35,45.1,2730,7941,0,11,99.99,67,33.1,163.3
2026-05-23T06:08:40,40.2,2732,7941,0,11,99.99,52,35.9,163.3
2026-05-23T06:08:45,40.0,2726,7941,0,9,99.99,66,35.5,163.3
2026-05-23T06:08:50,29.7,2728,7941,0,9,99.99,71,27.4,163.3
2026-05-23T06:08:56,40.7,2733,7941,0,9,99.99,76,37.5,163.3
2026-05-23T06:09:01,66.1,2820,7941,0,9,99.99,61,42.5,163.3
2026-05-23T06:09:07,64.8,2987,7941,0,10,99.99,77,45.4,163.3
2026-05-23T06:09:12,41.8,2992,7941,1,9,99.99,66,35.9,163.3
2026-05-23T06:09:18,43.4,2998,7941,0,11,99.99,81,40.4,163.3
2026-05-23T06:09:23,34.9,2798,7941,0,11,99.99,66,31.9,163.3
2026-05-23T06:09:28,43.8,2801,7941,0,10,99.99,82,37.6,163.3
2026-05-23T06:09:33,62.2,2969,7941,0,10,99.99,58,38.9,163.3
2026-05-23T06:09:39,36.6,2912,7941,0,9,99.99,75,31.2,163.3
2026-05-23T06:09:44,34.6,2901,7941,0,9,99.99,54,32.0,163.3
2026-05-23T06:09:49,33.6,2787,7941,1,9,99.99,59,30.7,163.3
2026-05-23T06:09:54,46.2,2790,7941,1,8,99.99,72,41.0,163.3
2026-05-23T06:10:00,38.4,2779,7941,0,9,99.99,67,34.2,163.3
2026-05-23T06:10:05,52.4,2797,7941,0,11,99.99,72,44.5,163.3
2026-05-23T06:10:10,49.2,2926,7941,0,11,99.99,69,37.6,163.3
2026-05-23T06:10:15,64.4,2951,7941,0,10,99.99,70,35.1,163.3
2026-05-23T06:10:21,36.2,2950,7941,0,9,99.99,46,31.0,163.3
2026-05-23T06:10:26,40.3,2830,7941,0,9,99.99,70,35.2,163.3
2026-05-23T06:10:31,37.6,2835,7941,0,10,99.99,74,35.3,163.3
2026-05-23T06:10:37,39.0,2838,7941,0,11,99.99,70,35.0,163.3
2026-05-23T06:10:42,59.6,2992,7941,0,11,99.99,58,29.3,163.3
2026-05-23T06:10:47,45.7,2987,7941,0,9,99.99,66,36.3,163.3
2026-05-23T06:10:52,51.2,3089,7941,0,9,99.99,55,32.9,163.3
2026-05-23T06:10:58,31.6,3092,7941,0,9,99.99,65,28.3,163.3
2026-05-23T06:11:03,42.6,2904,7941,0,9,99.99,74,38.3,163.3
2026-05-23T06:11:08,36.6,2897,7941,0,9,99.99,67,32.8,163.3
2026-05-23T06:11:13,33.1,2901,7941,0,8,99.99,61,30.2,163.3
2026-05-23T06:11:19,54.9,3066,7941,0,8,99.99,68,41.7,163.3
2026-05-23T06:11:24,42.8,3180,7941,0,8,99.99,68,30.8,163.3
2026-05-23T06:11:29,39.1,3186,7941,0,11,99.99,76,34.8,163.3
2026-05-23T06:11:35,38.7,2992,7941,0,11,99.99,67,33.5,163.3
2026-05-23T06:11:40,39.8,2994,7941,0,11,99.99,66,38.5,163.3
2026-05-23T06:11:45,39.9,2995,7941,0,11,99.99,67,36.0,163.3
2026-05-23T06:11:50,64.4,3263,7941,0,11,99.99,60,32.2,163.3
2026-05-23T06:11:56,42.3,3227,7941,0,9,99.99,68,29.6,163.4
2026-05-23T06:12:01,66.1,3227,7941,0,9,99.99,70,37.9,163.4
2026-05-23T06:12:06,57.3,3227,7941,0,9,99.99,51,30.8,163.4
2026-05-23T06:12:12,36.6,3229,7941,1,10,99.99,71,34.4,163.4
2026-05-23T06:12:17,40.1,3174,7941,0,9,99.99,64,36.9,163.4
2026-05-23T06:12:22,31.3,3062,7941,0,9,99.99,61,28.5,163.4
2026-05-23T06:12:27,35.9,3067,7941,0,9,99.99,73,33.7,163.4
2026-05-23T06:12:33,40.0,3062,7941,0,9,99.99,69,37.8,163.4
2026-05-23T06:12:38,46.1,3069,7941,0,8,99.99,74,38.2,163.4
2026-05-23T06:12:43,37.0,3073,7941,0,9,99.99,62,34.5,163.4
2026-05-23T06:12:48,48.4,2820,7941,0,9,99.99,72,37.1,163.4
2026-05-23T06:12:54,37.8,2812,7941,0,9,99.99,63,35.4,163.4
2026-05-23T06:12:59,30.4,2811,7941,0,9,99.99,62,27.6,163.4
2026-05-23T06:13:04,39.6,2806,7941,0,9,99.99,67,36.9,163.4
2026-05-23T06:13:09,37.4,2814,7941,0,9,99.99,65,34.8,163.4
2026-05-23T06:13:15,35.2,2810,7941,0,9,99.99,64,33.2,163.4
2026-05-23T06:13:20,36.1,2815,7941,0,9,99.99,66,33.7,163.4
2026-05-23T06:13:25,33.0,2809,7941,0,9,99.99,59,30.6,163.4
2026-05-23T06:13:30,40.9,2815,7941,0,9,99.99,68,39.1,163.4
2026-05-23T06:13:36,40.5,2801,7941,0,8,99.99,77,38.0,163.4
2026-05-23T06:13:41,34.5,2820,7941,0,9,99.99,54,30.2,163.4
2026-05-23T06:13:46,47.2,2889,7941,0,9,99.99,66,36.4,163.4
2026-05-23T06:13:51,37.0,2841,7941,0,9,99.99,76,34.1,163.4
2026-05-23T06:13:57,40.2,2819,7941,0,9,99.99,61,37.4,163.4
2026-05-23T06:14:02,33.9,2808,7941,0,10,99.99,56,31.4,163.4
2026-05-23T06:14:07,39.8,2795,7941,0,10,99.99,62,37.6,163.4
2026-05-23T06:14:12,37.9,2788,7941,0,9,99.99,68,35.3,163.4
2026-05-23T06:14:18,38.5,2783,7941,0,10,99.99,59,36.4,163.4
2026-05-23T06:14:23,34.5,2782,7941,1,9,99.99,60,32.5,163.4
2026-05-23T06:14:28,37.7,2791,7941,0,10,99.99,77,34.6,163.4
2026-05-23T06:14:34,41.0,2790,7941,0,9,99.99,63,38.8,163.4
2026-05-23T06:14:39,42.1,2795,7941,0,10,99.99,77,39.7,163.4
2026-05-23T06:14:44,36.7,2793,7941,0,10,99.99,74,33.9,163.4
2026-05-23T06:14:49,42.4,2789,7941,0,9,99.99,65,40.2,163.4
2026-05-23T06:14:55,33.2,2792,7941,0,9,99.99,67,30.9,163.4
2026-05-23T06:15:00,38.0,2798,7941,0,11,99.99,63,35.6,163.4
2026-05-23T06:15:05,45.8,2806,7941,0,10,99.99,74,48.1,163.4
2026-05-23T06:15:11,48.2,2860,7941,0,9,99.99,61,34.8,163.4
2026-05-23T06:15:16,62.1,2915,7941,0,9,99.99,63,33.8,163.4
2026-05-23T06:15:21,65.3,2887,7941,0,9,99.99,57,44.2,163.4
2026-05-23T06:15:27,40.6,2852,7941,0,8,99.99,69,31.6,163.4
2026-05-23T06:15:32,36.1,2827,7941,0,8,99.99,67,34.1,163.4
2026-05-23T06:15:37,34.9,2813,7941,0,10,99.99,68,32.2,163.4
2026-05-23T06:15:42,41.8,2804,7941,0,10,99.99,57,40.8,163.4
2026-05-23T06:15:48,37.3,2797,7941,0,9,99.99,76,35.0,163.4
2026-05-23T06:15:53,33.5,2797,7941,0,9,99.99,60,30.3,163.4
2026-05-23T06:15:58,38.0,2795,7941,0,9,99.99,73,35.9,163.4
2026-05-23T06:16:04,34.2,2801,7941,0,9,99.99,60,31.1,163.4
2026-05-23T06:16:09,40.6,2797,7941,0,10,99.99,67,38.5,163.4
2026-05-23T06:16:14,35.9,2797,7941,0,10,99.99,68,33.8,163.4
2026-05-23T06:16:19,39.9,2792,7941,0,10,99.99,59,37.5,163.4
2026-05-23T06:16:25,28.7,2790,7941,0,10,99.99,60,26.2,163.4
2026-05-23T06:16:30,39.5,2791,7941,0,9,99.99,68,36.6,163.4
2026-05-23T06:16:35,33.9,2786,7941,0,9,99.99,67,31.4,163.5
2026-05-23T06:16:40,41.9,2787,7941,0,9,99.99,73,40.2,163.5
2026-05-23T06:16:46,40.0,2793,7941,0,11,99.99,68,37.2,163.5
2026-05-23T06:16:51,36.9,2794,7941,0,11,99.99,55,35.1,163.5
2026-05-23T06:16:56,40.7,2788,7941,0,10,99.99,87,39.0,163.5
2026-05-23T06:17:02,37.4,2798,7941,0,10,99.99,55,35.7,163.5
2026-05-23T06:17:07,36.7,2792,7941,0,9,99.99,59,34.5,163.5
2026-05-23T06:17:12,35.5,2792,7941,0,9,99.99,67,33.0,163.5
2026-05-23T06:17:18,41.4,2794,7941,0,9,99.99,72,39.3,163.5
2026-05-23T06:17:23,41.3,2797,7941,0,9,99.99,51,39.4,163.5
2026-05-23T06:17:28,30.5,2794,7941,0,9,99.99,73,27.9,163.5
2026-05-23T06:17:33,35.1,2798,7941,0,10,99.99,62,33.1,163.5
2026-05-23T06:17:39,35.9,2800,7941,0,10,99.99,53,33.8,163.5
2026-05-23T06:17:44,40.0,2785,7941,0,9,99.99,85,37.9,163.5
2026-05-23T06:17:49,36.8,2787,7941,0,9,99.99,47,35.1,163.5
2026-05-23T06:17:55,42.4,2791,7941,0,9,99.99,81,40.4,163.6
2026-05-23T06:18:00,37.8,2797,7941,0,10,99.99,61,35.3,163.6
2026-05-23T06:18:05,42.9,2794,7941,0,10,99.99,68,41.5,163.6
2026-05-23T06:18:10,34.7,2790,7941,0,8,99.99,67,32.8,163.6
2026-05-23T06:18:16,36.2,2788,7941,0,9,99.99,58,34.0,163.6
2026-05-23T06:18:21,42.7,2793,7941,0,9,99.99,82,40.6,163.6
2026-05-23T06:18:26,36.3,2802,7941,0,10,99.99,64,33.8,163.6
2026-05-23T06:18:31,41.2,2813,7941,0,10,99.99,69,39.6,163.6
2026-05-23T06:18:37,37.3,2800,7941,0,10,99.99,69,34.6,163.6
2026-05-23T06:18:42,34.3,2805,7941,0,10,99.99,70,32.2,163.6
2026-05-23T06:18:47,37.3,2802,7941,0,10,99.99,61,35.1,163.6
2026-05-23T06:18:52,36.7,2795,7941,0,10,99.99,62,35.2,163.6
2026-05-23T06:18:58,41.3,2790,7941,0,8,99.99,60,39.1,163.6
2026-05-23T06:19:03,41.4,2796,7941,1,9,99.99,66,39.5,163.6
2026-05-23T06:19:08,35.4,2796,7941,0,10,99.99,65,32.8,163.6
2026-05-23T06:19:13,36.9,2801,7941,0,11,99.99,57,35.0,163.6
2026-05-23T06:19:19,37.8,2798,7941,0,11,99.99,74,35.8,163.6
2026-05-23T06:19:24,36.3,2783,7941,1,7,99.99,70,34.1,163.6
2026-05-23T06:19:29,35.4,2791,7941,0,10,99.99,54,33.3,163.6
2026-05-23T06:19:34,39.9,2797,7941,0,10,99.99,70,36.6,163.6
2026-05-23T06:19:39,26.7,2798,7941,0,9,99.99,54,24.4,163.6
2026-05-23T06:19:45,35.2,2806,7941,0,11,99.99,63,32.6,163.6
2026-05-23T06:19:50,43.8,2807,7941,0,11,99.99,69,42.2,163.6
2026-05-23T06:19:55,27.6,2807,7941,0,11,99.99,62,25.1,163.6
2026-05-23T06:20:00,32.0,2796,7941,0,11,99.99,68,30.2,163.6
2026-05-23T06:20:06,49.3,2805,7941,1,9,99.99,71,47.2,163.6
2026-05-23T06:20:11,33.5,2799,7941,0,11,99.99,55,30.6,163.6
2026-05-23T06:20:16,38.9,2802,7941,0,11,99.99,71,36.0,163.6
2026-05-23T06:20:22,41.7,2798,7941,0,11,99.99,70,40.2,163.8
2026-05-23T06:20:27,39.6,2797,7941,0,9,99.99,70,37.2,163.8
2026-05-23T06:20:32,27.6,2790,7941,0,9,99.99,57,25.1,163.8
2026-05-23T06:20:37,38.1,2793,7941,0,8,99.99,74,36.1,163.8
2026-05-23T06:20:43,41.0,2790,7941,0,8,99.99,57,38.8,163.8
2026-05-23T06:20:48,37.3,2787,7941,0,8,99.99,71,35.2,163.8
2026-05-23T06:20:53,34.1,2802,7941,0,11,99.99,74,31.6,163.8
2026-05-23T06:20:58,36.2,2793,7941,0,11,99.99,66,34.3,163.8
2026-05-23T06:21:04,38.3,2786,7941,0,9,99.99,74,35.6,163.8
2026-05-23T06:21:09,35.7,2789,7941,0,10,99.99,53,33.4,163.8
2026-05-23T06:21:14,26.8,2792,7941,0,10,99.99,56,24.3,163.8
2026-05-23T06:21:19,38.9,2792,7941,0,9,99.99,69,37.0,163.8
2026-05-23T06:21:24,41.3,2793,7941,0,11,99.99,78,38.6,163.8
2026-05-23T06:21:30,29.5,2804,7941,0,11,99.99,58,27.5,163.8
2026-05-23T06:21:35,41.3,2788,7941,2,6,99.99,64,39.3,163.8
2026-05-23T06:21:40,36.5,2805,7941,0,9,99.99,63,34.5,163.8
2026-05-23T06:21:45,36.5,2805,7941,0,10,99.99,84,34.0,163.8
2026-05-23T06:21:51,37.8,2809,7941,0,10,99.99,56,36.3,163.8
2026-05-23T06:21:56,36.0,2795,7941,0,9,99.99,76,33.2,163.9
2026-05-23T06:22:01,34.5,2804,7941,0,10,99.99,69,32.6,163.9
2026-05-23T06:22:06,41.0,2802,7941,2,8,99.99,74,38.8,163.9
2026-05-23T06:22:12,34.1,2795,7941,0,8,99.99,56,32.6,163.9
2026-05-23T06:22:17,31.8,2800,7941,0,10,99.99,63,28.9,163.9
2026-05-23T06:22:22,39.4,2808,7941,0,10,99.99,52,38.0,163.9
2026-05-23T06:22:27,36.5,2792,7941,0,9,99.99,79,34.1,163.9
2026-05-23T06:22:33,36.7,2800,7941,0,10,99.99,57,34.4,163.9
2026-05-23T06:22:38,32.6,2808,7941,0,10,99.99,66,30.1,163.9
2026-05-23T06:22:43,42.0,2817,7941,0,10,99.99,62,38.8,163.9
2026-05-23T06:22:48,27.8,2807,7941,0,9,99.99,65,25.8,163.9
2026-05-23T06:22:54,38.5,2813,7941,0,9,99.99,57,36.6,163.9
2026-05-23T06:22:59,33.5,2810,7941,0,9,99.99,76,31.6,163.9
2026-05-23T06:23:04,37.0,2813,7941,0,9,99.99,62,34.8,163.9
2026-05-23T06:23:09,34.5,2814,7941,0,9,99.99,64,32.5,163.9
2026-05-23T06:23:14,35.4,2804,7941,0,9,99.99,58,33.0,163.9
2026-05-23T06:23:20,36.6,2810,7941,0,9,99.99,74,34.6,163.9
2026-05-23T06:23:25,36.1,2808,7941,0,9,99.99,68,33.8,163.9
2026-05-23T06:23:30,36.2,2810,7941,0,9,99.99,67,34.4,163.9
2026-05-23T06:23:35,38.8,2805,7941,0,9,99.99,70,37.0,163.9
2026-05-23T06:23:41,40.9,2811,7941,0,9,99.99,67,39.1,163.9
2026-05-23T06:23:46,32.9,2809,7941,0,9,99.99,69,30.9,163.9
2026-05-23T06:23:51,37.9,2810,7941,0,11,99.99,76,35.9,163.9
2026-05-23T06:23:56,37.2,2814,7941,0,11,99.99,58,34.9,163.9
2026-05-23T06:24:01,40.6,2813,7941,0,9,99.99,57,38.0,163.9
2026-05-23T06:24:07,39.3,2794,7941,0,8,99.99,82,36.1,163.9
2026-05-23T06:24:12,36.5,2794,7941,0,8,99.99,71,34.5,163.9
2026-05-23T06:24:17,28.1,2805,7941,0,8,99.99,61,25.3,163.9
2026-05-23T06:24:22,44.8,2808,7941,2,9,99.99,73,42.9,163.9
2026-05-23T06:24:28,39.0,2813,7941,0,11,99.99,73,36.9,163.9
2026-05-23T06:24:33,34.1,2805,7941,0,9,99.99,64,32.0,163.9
2026-05-23T06:24:38,33.1,2807,7941,0,9,99.99,73,30.9,163.9
2026-05-23T06:24:43,32.4,2805,7941,0,9,99.99,55,30.6,163.9
2026-05-23T06:24:49,39.8,1407,7941,0,9,99.99,64,35.7,163.9
2026-05-23T06:24:54,30.5,1396,7941,0,10,99.99,68,28.9,163.9
2026-05-23T06:24:59,34.0,1392,7941,0,8,99.99,64,31.9,163.9
2026-05-23T06:25:04,49.9,1411,7941,0,11,99.99,65,48.6,163.9
2026-05-23T06:25:10,39.2,1408,7941,2,9,99.99,71,36.8,163.9
2026-05-23T06:25:15,29.9,1403,7941,0,8,99.99,61,27.9,163.9
2026-05-23T06:25:20,33.7,1406,7941,0,9,99.99,62,31.6,163.9
2026-05-23T06:25:25,31.3,1397,7941,0,9,99.99,57,29.2,163.9
2026-05-23T06:25:31,37.4,1400,7941,0,8,99.99,51,36.1,163.9
2026-05-23T06:25:36,32.8,1404,7941,0,9,99.99,71,30.4,163.9
2026-05-23T06:25:41,38.4,1402,7941,1,8,99.99,64,36.1,163.9
2026-05-23T06:25:46,32.4,1402,7941,0,9,99.99,59,30.1,163.9
2026-05-23T06:25:51,31.6,1396,7941,0,9,99.99,56,30.0,163.9
2026-05-23T06:25:57,37.1,1399,7941,0,9,99.99,66,35.0,164.1
2026-05-23T06:26:02,35.4,1405,7941,0,9,99.99,62,33.7,164.2
2026-05-23T06:26:07,36.1,1396,7941,0,9,99.99,72,33.8,164.2
2026-05-23T06:26:12,36.1,1397,7941,0,9,99.99,63,34.5,164.2
2026-05-23T06:26:18,32.6,1397,7941,0,9,99.99,58,30.4,164.2
2026-05-23T06:26:23,35.6,1397,7941,0,10,99.99,74,33.7,164.2
2026-05-23T06:26:28,35.3,1397,7941,0,10,99.99,67,33.0,164.2
2026-05-23T06:26:33,32.2,1389,7941,0,9,99.99,61,30.3,164.2
2026-05-23T06:26:38,43.6,1400,7941,0,11,99.99,64,41.8,164.2
2026-05-23T06:26:44,33.9,1404,7941,0,11,99.99,79,31.8,164.2
2026-05-23T06:26:49,39.5,1397,7941,0,9,99.99,65,37.8,164.2
2026-05-23T06:26:54,30.6,1396,7941,1,9,99.99,70,28.3,164.2
2026-05-23T06:26:59,31.9,1400,7941,0,10,99.99,64,30.1,164.2
2026-05-23T06:27:05,37.8,1396,7941,0,10,99.99,70,35.8,164.2
2026-05-23T06:27:10,32.2,1397,7941,0,9,99.99,60,30.3,164.2
2026-05-23T06:27:15,39.0,1396,7941,0,9,99.99,61,37.4,164.2
2026-05-23T06:27:20,30.1,1395,7941,0,9,99.99,61,28.2,164.2
2026-05-23T06:27:25,36.9,1397,7941,0,11,99.99,69,34.6,164.2
2026-05-23T06:27:31,36.9,1402,7941,0,11,99.99,60,35.3,164.2
2026-05-23T06:27:36,33.1,1402,7941,0,11,99.99,67,30.9,164.2
2026-05-23T06:27:41,38.7,1402,7941,0,11,99.99,71,37.1,164.2
2026-05-23T06:27:46,36.4,1385,7941,0,9,99.99,56,34.4,164.2
2026-05-23T06:27:51,34.4,1387,7941,0,9,99.99,74,32.6,164.2
2026-05-23T06:27:57,33.8,1393,7941,0,9,99.99,59,31.8,164.2
2026-05-23T06:28:02,36.7,1389,7941,0,10,99.99,74,35.1,164.2
2026-05-23T06:28:07,31.8,1388,7941,0,10,99.99,55,29.2,164.2
2026-05-23T06:28:12,35.0,1402,7941,0,10,99.99,69,33.4,164.2
2026-05-23T06:28:18,38.9,1396,7941,0,10,99.99,65,37.4,164.2
2026-05-23T06:28:23,33.2,1388,7941,0,9,99.99,59,30.6,164.2
2026-05-23T06:28:28,33.2,1389,7941,0,9,99.99,79,30.9,164.2
2026-05-23T06:28:33,37.2,1393,7941,0,9,99.99,46,35.4,164.2
2026-05-23T06:28:39,36.0,1391,7941,0,9,99.99,67,33.7,164.2
2026-05-23T06:28:44,37.7,1388,7941,0,9,99.99,75,35.6,164.2
2026-05-23T06:28:49,35.3,1388,7941,0,9,99.99,55,33.5,164.2
2026-05-23T06:28:54,35.0,1385,7941,0,8,99.99,61,32.9,164.2
2026-05-23T06:29:00,37.4,1386,7941,0,9,99.99,72,35.5,164.2
2026-05-23T06:29:05,36.4,1390,7941,3,6,99.99,65,33.7,164.2
2026-05-23T06:29:10,32.1,1384,7941,0,8,99.99,51,30.1,164.2
2026-05-23T06:29:15,35.1,1386,7941,0,8,99.99,61,32.9,164.2
2026-05-23T06:29:20,36.2,1391,7941,0,9,99.99,63,33.6,164.2
2026-05-23T06:29:26,32.4,1396,7941,0,9,99.99,70,30.1,164.2
2026-05-23T06:29:31,38.5,1387,7941,0,9,99.99,61,37.3,164.2
2026-05-23T06:29:36,34.6,1396,7941,0,9,99.99,66,32.1,164.2
2026-05-23T06:29:41,31.7,1386,7941,0,8,99.99,58,29.8,164.2
2026-05-23T06:29:47,35.9,1304,7941,1,8,99.99,73,33.9,164.2
2026-05-23T06:29:52,42.3,1309,7941,0,9,99.99,67,40.5,164.2
2026-05-23T06:29:57,35.1,1310,7941,0,9,99.99,66,33.0,164.2
2026-05-23T06:30:02,39.5,1312,7941,1,10,99.99,65,45.3,164.2
2026-05-23T06:30:09,45.8,1320,7941,0,11,99.99,67,50.7,164.2
2026-05-23T06:30:14,35.2,1312,7941,0,11,99.99,63,32.7,164.2
2026-05-23T06:30:19,40.2,1320,7941,1,10,99.99,82,38.0,164.2
2026-05-23T06:30:24,32.9,1321,7941,0,11,99.99,54,30.9,164.2
2026-05-23T06:30:30,42.5,1307,7941,0,9,99.99,69,41.0,164.2
2026-05-23T06:30:35,38.3,1309,7941,0,10,99.99,64,36.0,164.2
2026-05-23T06:30:40,42.3,1314,7941,0,11,99.99,67,40.6,164.2
2026-05-23T06:30:45,30.5,1317,7941,0,11,99.99,73,28.0,164.2
2026-05-23T06:30:51,42.7,1312,7941,0,9,99.99,73,41.4,164.2
2026-05-23T06:30:56,37.0,1304,7941,0,9,99.99,64,35.4,164.2
2026-05-23T06:31:01,38.2,1313,7941,0,10,99.99,73,36.5,164.2
2026-05-23T06:31:07,37.3,1313,7941,1,9,99.99,62,35.4,164.2
2026-05-23T06:31:12,37.6,1316,7941,0,10,99.99,58,35.1,164.2
2026-05-23T06:31:17,33.4,1320,7941,0,9,99.99,66,31.6,164.2
2026-05-23T06:31:22,40.9,1316,7941,0,10,99.99,58,38.9,164.2
2026-05-23T06:31:28,35.3,1311,7941,1,9,99.99,71,33.2,164.2
2026-05-23T06:31:33,34.9,1306,7941,0,9,99.99,74,32.9,164.2
2026-05-23T06:31:38,41.3,1318,7941,0,9,99.99,62,38.8,164.2
2026-05-23T06:31:43,36.1,1316,7941,0,9,99.99,66,33.8,164.2
2026-05-23T06:31:49,37.8,1303,7941,0,9,99.99,64,35.7,164.2
2026-05-23T06:31:54,33.7,1309,7941,0,9,99.99,73,31.6,164.2
2026-05-23T06:31:59,33.9,1308,7941,0,8,99.99,65,32.0,164.2
2026-05-23T06:32:04,34.8,1306,7941,0,9,99.99,60,33.1,164.2
2026-05-23T06:32:10,37.7,1316,7941,0,9,99.99,68,36.2,164.2
2026-05-23T06:32:15,41.1,1312,7941,0,10,99.99,58,39.6,164.2
2026-05-23T06:32:20,34.1,1314,7941,0,10,99.99,62,32.2,164.2
2026-05-23T06:32:25,36.0,1315,7941,0,9,99.99,85,33.7,164.2
2026-05-23T06:32:31,34.2,1314,7941,0,10,99.99,50,32.1,164.2
2026-05-23T06:32:36,37.9,1314,7941,0,10,99.99,75,36.6,164.2
2026-05-23T06:32:41,35.6,1312,7941,0,10,99.99,57,33.2,164.2
2026-05-23T06:32:46,37.1,1308,7941,0,9,99.99,69,34.8,164.2
2026-05-23T06:32:52,38.9,1307,7941,0,9,99.99,63,37.2,164.2
2026-05-23T06:32:57,30.6,1303,7941,0,9,99.99,66,27.9,164.2
2026-05-23T06:33:02,42.7,1313,7941,0,11,99.99,64,40.7,164.2
2026-05-23T06:33:08,43.9,1313,7941,0,11,99.99,72,41.9,164.2
2026-05-23T06:33:13,37.2,1309,7941,0,9,99.99,65,34.5,164.2
2026-05-23T06:33:18,33.8,1303,7941,0,9,99.99,65,31.5,164.2
2026-05-23T06:33:23,34.6,1312,7941,0,10,99.99,65,32.3,164.2
2026-05-23T06:33:29,34.4,1313,7941,0,10,99.99,54,32.4,164.2
2026-05-23T06:33:34,35.3,1304,7941,0,8,99.99,64,32.9,164.2
2026-05-23T06:33:39,39.5,1318,7941,0,9,99.99,69,31.6,164.2
2026-05-23T06:33:44,32.0,1308,7941,0,9,99.99,63,29.2,164.2
2026-05-23T06:33:50,32.3,1306,7941,0,9,99.99,57,30.6,164.2
2026-05-23T06:33:55,37.8,1306,7941,0,9,99.99,62,35.6,164.2
2026-05-23T06:34:00,38.5,1310,7941,0,9,99.99,65,37.2,164.2
2026-05-23T06:34:06,46.3,1305,7941,0,9,99.99,72,45.2,164.2
2026-05-23T06:34:11,31.7,1310,7941,0,10,99.99,67,29.4,164.2
2026-05-23T06:34:16,42.6,1307,7941,0,10,99.99,76,40.3,164.2
2026-05-23T06:34:21,42.7,1307,7941,0,9,99.99,59,40.2,164.2
2026-05-23T06:34:27,33.6,1304,7941,0,9,99.99,72,30.9,164.2
2026-05-23T06:34:32,41.3,1309,7941,0,9,99.99,54,40.1,164.2
2026-05-23T06:34:37,36.9,1304,7941,0,9,99.99,73,34.2,164.2
2026-05-23T06:34:42,36.1,1313,7941,0,9,99.99,64,34.2,164.2
2026-05-23T06:34:48,36.7,1308,7941,0,9,99.99,70,35.6,164.2
2026-05-23T06:34:53,34.8,1307,7941,0,9,99.99,54,32.9,164.2
2026-05-23T06:34:58,38.6,1301,7941,0,8,99.99,71,36.8,164.2
2026-05-23T06:35:04,42.4,1310,7941,0,8,99.99,63,41.9,164.2
2026-05-23T06:35:09,33.7,1311,7941,0,11,99.99,61,30.9,164.2
2026-05-23T06:35:14,38.0,1316,7941,0,11,99.99,58,36.1,164.2
2026-05-23T06:35:20,49.9,1419,7941,0,9,99.99,61,33.7,164.2
2026-05-23T06:35:25,42.7,1371,7941,0,9,99.99,78,37.1,164.2
2026-05-23T06:35:30,34.9,1340,7941,0,9,99.99,48,33.1,164.2
2026-05-23T06:35:35,43.5,1319,7941,1,8,99.99,77,41.6,164.2
2026-05-23T06:35:41,39.0,1318,7941,0,9,99.99,69,37.1,164.2
2026-05-23T06:35:46,34.4,1310,7941,0,9,99.99,71,31.3,164.2
2026-05-23T06:35:51,35.3,1309,7941,1,8,99.99,67,33.3,164.2
2026-05-23T06:35:56,38.2,1316,7941,1,8,99.99,73,37.0,164.2
2026-05-23T06:36:02,31.0,1312,7941,0,10,99.99,52,29.7,164.2
2026-05-23T06:36:07,43.6,1316,7941,0,10,99.99,74,41.9,164.2
2026-05-23T06:36:12,37.6,1312,7941,0,10,99.99,61,35.6,164.3
2026-05-23T06:36:18,35.5,1305,7941,0,9,99.99,72,33.1,164.3
2026-05-23T06:36:23,38.5,1308,7941,0,9,99.99,66,36.5,164.3
2026-05-23T06:36:28,36.7,1309,7941,0,10,99.99,63,34.5,164.3
2026-05-23T06:36:33,34.6,1311,7941,0,10,99.99,62,33.0,164.3
2026-05-23T06:36:39,44.3,1304,7941,0,8,99.99,72,42.1,164.3
2026-05-23T06:36:44,30.4,1313,7941,0,9,99.99,69,28.0,164.3
2026-05-23T06:36:49,35.3,1323,7941,0,11,99.99,51,33.5,164.3
2026-05-23T06:36:54,35.7,1303,7941,0,9,99.99,83,33.5,164.3
2026-05-23T06:37:00,41.9,1307,7941,1,10,99.99,70,40.3,164.3
2026-05-23T06:37:05,43.8,1309,7941,0,11,99.99,65,41.7,164.3
2026-05-23T06:37:10,36.5,1308,7941,0,9,99.99,64,34.1,164.3
2026-05-23T06:37:16,38.8,1310,7941,0,9,99.99,77,36.6,164.3
2026-05-23T06:37:21,33.6,1307,7941,0,9,99.99,68,31.6,164.3
2026-05-23T06:37:26,35.7,1308,7941,0,9,99.99,61,33.7,164.3
2026-05-23T06:37:31,37.2,1308,7941,0,9,99.99,64,34.8,164.3
2026-05-23T06:37:37,36.6,1311,7941,0,11,99.99,61,34.6,164.4
2026-05-23T06:37:42,42.3,1314,7941,0,11,99.99,67,41.2,164.4
2026-05-23T06:37:47,39.1,1305,7941,0,9,99.99,69,37.0,164.4
2026-05-23T06:37:53,31.0,1315,7941,0,9,99.99,68,28.5,164.4
2026-05-23T06:37:58,39.6,1305,7941,0,9,99.99,72,37.9,164.4
2026-05-23T06:38:03,42.6,1312,7941,0,9,99.99,56,40.8,164.4
2026-05-23T06:38:08,34.6,1319,7941,0,11,99.99,70,31.8,164.4
2026-05-23T06:38:14,37.9,1320,7941,0,10,99.99,57,35.9,164.4
2026-05-23T06:38:19,34.2,1310,7941,0,9,99.99,76,32.2,164.6
2026-05-23T06:38:24,38.6,1301,7941,0,9,99.99,67,36.4,164.6
2026-05-23T06:38:29,36.5,1312,7941,0,11,99.99,60,34.6,164.6
2026-05-23T06:38:35,35.8,1310,7941,0,11,99.99,62,34.2,164.6
2026-05-23T06:38:40,35.6,1304,7941,0,9,99.99,74,33.8,164.6
2026-05-23T06:38:45,38.0,1312,7941,0,10,99.99,66,36.0,164.6
2026-05-23T06:38:50,32.4,1307,7941,0,10,99.99,67,30.6,164.6
2026-05-23T06:38:56,37.9,1304,7941,1,8,99.99,59,36.2,164.6
2026-05-23T06:39:01,36.6,1307,7941,0,9,99.99,74,36.1,164.6
2026-05-23T06:39:07,42.9,1303,7941,0,9,99.99,62,46.1,164.6
2026-05-23T06:39:12,33.8,1309,7941,0,10,99.99,61,31.9,164.6
2026-05-23T06:39:17,39.3,1312,7941,0,10,99.99,64,37.3,164.6
2026-05-23T06:39:23,33.2,1303,7941,0,11,99.99,66,30.8,164.6
2026-05-23T06:39:28,39.3,1314,7941,0,11,99.99,81,37.4,164.6
2026-05-23T06:39:33,41.2,1319,7941,0,11,99.99,61,39.5,164.6
2026-05-23T06:39:38,35.4,1319,7941,0,11,99.99,77,33.1,164.6
2026-05-23T06:39:44,45.4,1305,7941,0,9,99.99,83,43.3,164.6
2026-05-23T06:39:49,37.1,1303,7941,0,8,99.99,59,34.5,164.6
2026-05-23T06:39:54,38.7,1303,7941,0,8,99.99,74,36.8,164.6
2026-05-23T06:39:59,36.4,1299,7941,0,8,99.99,59,34.8,164.6
2026-05-23T06:40:05,34.1,1303,7941,0,9,99.99,59,32.6,164.6
2026-05-23T06:40:10,37.0,1309,7941,0,11,99.99,64,34.9,164.6
2026-05-23T06:40:15,38.3,1316,7941,0,11,99.99,59,35.9,164.6
2026-05-23T06:40:21,40.6,1311,7941,0,9,99.99,64,39.7,164.6
2026-05-23T06:40:26,35.7,1309,7941,0,11,99.99,64,33.5,164.6
2026-05-23T06:40:31,34.8,1311,7941,0,11,99.99,65,33.1,164.6
2026-05-23T06:40:37,33.9,1306,7941,0,11,99.99,68,31.8,164.7
2026-05-23T06:40:42,34.6,1310,7941,0,11,99.99,75,32.5,164.7
2026-05-23T06:40:47,36.6,1306,7941,0,9,99.99,65,34.0,164.7
2026-05-23T06:40:52,38.1,1310,7941,0,9,99.99,64,36.4,164.7
2026-05-23T06:40:58,34.9,1305,7941,0,9,99.99,67,32.5,164.7
2026-05-23T06:41:03,37.4,1300,7941,0,9,99.99,69,35.3,164.7
2026-05-23T06:41:08,37.2,1312,7941,0,11,99.99,74,35.7,164.7
2026-05-23T06:41:13,36.4,1310,7941,0,11,99.99,53,34.2,164.7
2026-05-23T06:41:19,37.0,1308,7941,0,10,99.99,77,34.8,164.7
2026-05-23T06:41:24,39.3,1322,7941,0,10,99.99,72,37.6,164.7
2026-05-23T06:41:29,31.3,1311,7941,0,10,99.99,59,29.0,164.7
2026-05-23T06:41:34,39.7,1301,7941,0,9,99.99,71,37.3,164.7
2026-05-23T06:41:40,38.0,1301,7941,0,8,99.99,65,36.3,164.7
2026-05-23T06:41:45,39.5,1305,7941,0,10,99.99,71,37.5,164.7
2026-05-23T06:41:50,33.3,1309,7941,0,11,99.99,57,31.6,164.7
2026-05-23T06:41:55,40.8,1306,7941,0,11,99.99,65,38.9,164.7
2026-05-23T06:42:00,33.2,1304,7941,0,9,99.99,73,31.1,164.7
2026-05-23T06:42:06,42.8,1309,7941,0,9,99.99,73,40.2,164.7
2026-05-23T06:42:11,30.9,1317,7941,0,9,99.99,50,29.3,164.7
2026-05-23T06:42:16,30.8,1299,7941,0,8,99.99,65,28.3,164.7
2026-05-23T06:42:22,39.3,1301,7941,0,10,99.99,67,37.2,164.7
2026-05-23T06:42:27,37.2,1300,7941,0,9,99.99,62,35.2,164.7
2026-05-23T06:42:32,37.6,1296,7941,0,8,99.99,65,35.8,164.7
2026-05-23T06:42:37,29.7,1307,7941,0,8,99.99,71,27.2,164.7
2026-05-23T06:42:43,37.4,1312,7941,0,10,99.99,72,35.9,164.7
2026-05-23T06:42:48,35.5,1315,7941,0,10,99.99,53,33.4,164.7
2026-05-23T06:42:53,39.6,1315,7941,0,9,99.99,64,38.0,164.7
2026-05-23T06:42:58,31.1,1312,7941,0,9,99.99,68,28.7,164.7
2026-05-23T06:43:04,35.9,1316,7941,0,9,99.99,67,34.1,164.7
2026-05-23T06:43:09,31.1,1316,7941,0,11,99.99,51,28.0,164.7
2026-05-23T06:43:14,41.7,1316,7941,0,11,99.99,72,39.4,164.7
2026-05-23T06:43:19,37.1,1312,7941,0,9,99.99,91,35.1,164.7
2026-05-23T06:43:25,39.7,1310,7941,0,9,99.99,63,37.7,164.7
2026-05-23T06:43:30,45.6,1316,7941,0,11,99.99,71,43.3,164.7
2026-05-23T06:43:35,37.9,1316,7941,0,11,99.99,74,35.6,164.7
2026-05-23T06:43:40,38.1,1318,7941,0,9,99.99,64,35.5,164.7
2026-05-23T06:43:46,38.0,1326,7941,0,9,99.99,72,35.9,164.7
2026-05-23T06:43:51,42.3,1319,7941,0,10,99.99,65,40.2,164.7
2026-05-23T06:43:56,39.0,1311,7941,0,10,99.99,67,36.5,164.7
2026-05-23T06:44:01,40.8,1314,7941,0,9,99.99,77,39.2,164.7
2026-05-23T06:44:07,40.0,1312,7941,0,9,99.99,63,38.0,164.7
2026-05-23T06:44:12,34.4,1311,7941,0,9,99.99,59,32.5,164.7
2026-05-23T06:44:17,41.9,1316,7941,0,9,99.99,74,39.9,164.7
2026-05-23T06:44:23,35.1,1305,7941,0,8,99.99,59,33.0,164.7
2026-05-23T06:44:28,42.1,1307,7941,0,8,99.99,74,40.0,164.7
2026-05-23T06:44:33,31.3,1313,7941,0,9,99.99,54,29.6,164.7
2026-05-23T06:44:38,37.3,1315,7941,0,10,99.99,78,34.8,164.7
2026-05-23T06:44:44,51.5,1340,7941,0,10,99.99,51,34.1,164.7
2026-05-23T06:44:49,33.8,1316,7941,0,9,99.99,62,31.8,164.7
2026-05-23T06:44:54,38.9,1318,7941,0,10,99.99,66,36.8,164.7
2026-05-23T06:44:59,38.4,1321,7941,0,10,99.99,78,36.1,164.7
2026-05-23T06:45:05,43.3,1311,7941,0,10,99.99,64,43.1,164.7
2026-05-23T06:45:10,43.2,1313,7941,0,11,99.99,50,41.0,164.7
2026-05-23T06:45:15,36.6,1315,7941,0,11,99.99,75,34.6,164.7
2026-05-23T06:45:21,31.8,1304,7941,1,8,99.99,60,29.5,164.7
2026-05-23T06:45:26,33.7,1299,7941,0,8,99.99,63,31.6,164.7
2026-05-23T06:45:31,36.3,1300,7941,1,7,99.99,74,34.6,164.7
2026-05-23T06:45:37,39.1,1302,7941,1,8,99.99,74,36.9,164.7
2026-05-23T06:45:42,37.4,1301,7941,0,10,99.99,58,33.7,164.7
2026-05-23T06:45:47,39.1,1298,7941,0,9,99.99,71,37.0,164.7
2026-05-23T06:45:52,37.8,1299,7941,0,9,99.99,59,35.9,164.7
2026-05-23T06:45:58,39.8,1296,7941,0,9,99.99,67,38.0,164.7
2026-05-23T06:46:03,34.8,1299,7941,0,9,99.99,65,32.6,164.7
2026-05-23T06:46:08,42.9,1299,7941,0,9,99.99,73,41.2,164.7
2026-05-23T06:46:14,38.3,1300,7941,0,9,99.99,70,36.3,164.7
2026-05-23T06:46:19,34.7,1297,7941,0,10,99.99,73,31.8,164.7
2026-05-23T06:46:24,38.3,1291,7941,0,10,99.99,69,36.8,164.7
2026-05-23T06:46:29,34.9,1295,7941,0,10,99.99,56,33.2,164.7
2026-05-23T06:46:35,33.2,1295,7941,0,10,99.99,62,30.6,164.7
2026-05-23T06:46:40,34.8,1298,7941,0,9,99.99,59,32.9,164.7
2026-05-23T06:46:45,36.2,1298,7941,0,11,99.99,67,34.4,164.7
2026-05-23T06:46:50,41.1,1301,7941,0,11,99.99,63,39.2,164.7
2026-05-23T06:46:56,30.1,1285,7941,1,7,99.99,72,28.2,164.7
2026-05-23T06:47:01,36.7,1292,7941,1,8,99.99,56,35.1,164.7
2026-05-23T06:47:07,34.8,1297,7941,0,11,99.99,78,33.7,164.7
2026-05-23T06:47:12,37.0,1299,7941,0,11,99.99,66,34.8,164.7
2026-05-23T06:47:17,37.4,1292,7941,0,9,99.99,65,34.6,164.7
2026-05-23T06:47:22,36.1,1296,7941,0,9,99.99,64,34.3,164.7
2026-05-23T06:47:28,40.9,1304,7941,0,9,99.99,76,39.1,164.7
2026-05-23T06:47:33,41.2,1305,7941,0,9,99.99,59,39.6,164.7
2026-05-23T06:47:38,43.1,1310,7941,0,9,99.99,82,41.0,164.7
2026-05-23T06:47:44,36.8,1307,7941,0,9,99.99,57,34.9,164.7
2026-05-23T06:47:49,30.4,1300,7941,0,9,99.99,55,27.9,164.7
2026-05-23T06:47:54,36.5,1300,7941,0,10,99.99,69,34.1,164.7
2026-05-23T06:47:59,33.8,1299,7941,0,10,99.99,62,32.0,164.7
2026-05-23T06:48:05,42.5,1291,7941,0,9,99.99,70,40.2,164.7
2026-05-23T06:48:10,38.0,1295,7941,0,9,99.99,72,36.2,164.7
2026-05-23T06:48:15,34.7,1300,7941,0,10,99.99,55,32.4,164.7
2026-05-23T06:48:20,39.6,1307,7941,0,10,99.99,68,38.0,164.7
2026-05-23T06:48:26,35.5,1298,7941,0,9,99.99,76,33.1,164.7
2026-05-23T06:48:31,44.9,1296,7941,1,9,99.99,63,43.8,164.7
2026-05-23T06:48:36,33.4,1296,7941,0,10,99.99,65,31.1,164.7
2026-05-23T06:48:41,30.6,1302,7941,0,11,99.99,58,28.6,164.7
2026-05-23T06:48:47,34.5,1300,7941,0,11,99.99,66,32.4,164.7
2026-05-23T06:48:52,38.2,1303,7941,0,10,99.99,67,36.6,164.7
2026-05-23T06:48:57,38.9,1304,7941,0,9,99.99,75,36.8,164.7
2026-05-23T06:49:02,36.1,1297,7941,0,9,99.99,65,34.0,164.7
2026-05-23T06:49:08,40.4,1299,7941,0,10,99.99,69,38.8,164.7
2026-05-23T06:49:13,35.6,1302,7941,0,10,99.99,62,33.7,164.7
2026-05-23T06:49:18,36.6,1295,7941,0,9,99.99,63,34.3,164.7
2026-05-23T06:49:23,33.8,1299,7941,0,9,99.99,54,32.2,164.7
2026-05-23T06:49:29,41.1,1306,7941,0,11,99.99,80,39.7,164.7
2026-05-23T06:49:34,35.6,1304,7941,0,10,99.99,55,33.5,164.7
2026-05-23T06:49:39,35.5,1301,7941,0,10,99.99,72,33.8,164.7
2026-05-23T06:49:44,38.2,1304,7941,1,10,99.99,78,35.7,164.7
2026-05-23T06:49:50,38.5,1310,7941,0,11,99.99,59,36.8,164.7
2026-05-23T06:49:55,35.5,1304,7941,0,10,99.99,58,33.5,164.7
2026-05-23T06:50:00,35.5,1308,7941,0,11,99.99,75,33.6,164.7
2026-05-23T06:50:05,38.2,1305,7941,0,11,99.99,68,37.6,164.7
2026-05-23T06:50:11,42.9,1310,7941,0,10,99.99,55,41.4,164.7
2026-05-23T06:50:16,45.0,1302,7941,0,9,99.99,80,42.3,164.7
2026-05-23T06:50:21,34.6,1292,7941,0,9,99.99,57,32.9,164.7
2026-05-23T06:50:27,32.9,1296,7941,0,10,99.99,67,30.3,164.7
2026-05-23T06:50:32,40.1,1298,7941,0,10,99.99,62,39.1,164.7
2026-05-23T06:50:37,32.1,1302,7941,0,10,99.99,71,29.4,164.7
2026-05-23T06:50:42,37.3,1301,7941,0,10,99.99,53,35.8,164.7
2026-05-23T06:50:48,37.5,1305,7941,0,11,99.99,64,35.3,164.7
2026-05-23T06:50:53,32.3,1304,7941,0,11,99.99,57,30.4,164.7
2026-05-23T06:50:58,36.4,1302,7941,0,10,99.99,79,34.2,164.7
2026-05-23T06:51:03,40.1,1311,7941,0,10,99.99,63,38.5,164.7
2026-05-23T06:51:09,41.1,1303,7941,0,9,99.99,73,39.3,164.7
2026-05-23T06:51:14,35.0,1299,7941,0,9,99.99,70,32.5,164.7
2026-05-23T06:51:19,34.4,1301,7941,0,9,99.99,60,32.6,164.7
2026-05-23T06:51:24,34.9,1305,7941,0,10,99.99,69,32.8,164.7
2026-05-23T06:51:30,34.0,1309,7941,0,10,99.99,58,32.5,164.7
2026-05-23T06:51:35,32.1,1307,7941,1,9,99.99,58,30.2,164.7
2026-05-23T06:51:40,37.8,1316,7941,0,9,99.99,66,35.6,164.7
2026-05-23T06:51:45,33.3,1296,7941,0,9,99.99,61,31.3,164.7
2026-05-23T06:51:50,35.0,1303,7941,0,9,99.99,55,33.5,164.7
2026-05-23T06:51:56,33.7,1304,7941,0,9,99.99,68,31.6,164.7
2026-05-23T06:52:01,33.3,1302,7941,0,9,99.99,63,31.4,164.7
2026-05-23T06:52:06,40.1,1295,7941,0,8,99.99,75,38.5,164.7
2026-05-23T06:52:11,39.2,1308,7941,0,10,99.99,62,36.8,164.7
2026-05-23T06:52:17,36.2,1306,7941,0,10,99.99,58,34.2,164.7
2026-05-23T06:52:22,33.1,1303,7941,0,9,99.99,61,31.2,164.7
2026-05-23T06:52:27,32.2,1303,7941,0,11,99.99,75,29.5,164.7
2026-05-23T06:52:32,40.7,1303,7941,0,11,99.99,63,39.5,164.8
2026-05-23T06:52:38,41.3,1304,7941,0,9,99.99,77,39.2,164.8
2026-05-23T06:52:43,32.6,1303,7941,0,9,99.99,59,30.8,164.8
2026-05-23T06:52:48,36.0,1297,7941,0,9,99.99,66,34.1,164.8
2026-05-23T06:52:53,39.0,1307,7941,0,11,99.99,70,37.3,164.8
2026-05-23T06:52:58,33.1,1308,7941,0,11,99.99,67,30.7,164.8
2026-05-23T06:53:04,33.8,1297,7941,0,8,99.99,68,32.1,164.8
2026-05-23T06:53:09,33.3,1309,7941,0,9,99.99,53,31.1,164.8
2026-05-23T06:53:14,36.7,1299,7941,0,10,99.99,75,34.2,164.8
2026-05-23T06:53:19,31.7,1305,7941,0,10,99.99,51,30.1,164.8
2026-05-23T06:53:25,39.1,1294,7941,0,8,99.99,67,37.4,164.8
2026-05-23T06:53:30,34.3,1298,7941,0,8,99.99,70,32.5,164.8
2026-05-23T06:53:35,38.8,1302,7941,0,9,99.99,61,37.2,164.8
2026-05-23T06:53:40,30.4,1303,7941,0,9,99.99,60,28.5,164.8
2026-05-23T06:53:46,31.4,1297,7941,0,8,99.99,63,29.6,164.8
2026-05-23T06:53:51,35.3,1301,7941,0,9,99.99,61,33.6,164.8
2026-05-23T06:53:56,33.2,1299,7941,0,8,99.99,59,31.8,165.1
2026-05-23T06:54:01,33.6,1302,7941,0,9,99.99,58,31.4,165.1
2026-05-23T06:54:07,37.7,1309,7941,0,9,99.99,73,35.6,165.1
2026-05-23T06:54:12,38.9,1312,7941,0,9,99.99,77,37.5,165.1
2026-05-23T06:54:17,31.2,1309,7941,0,11,99.99,67,29.2,165.1
2026-05-23T06:54:22,36.5,1310,7941,0,11,99.99,63,34.8,165.1
2026-05-23T06:54:27,31.8,1301,7941,0,10,99.99,61,29.8,165.1
2026-05-23T06:54:33,35.7,1309,7941,0,10,99.99,63,34.1,165.1
2026-05-23T06:54:38,29.5,1304,7941,0,9,99.99,73,27.1,165.1
2026-05-23T06:54:43,32.4,1304,7941,0,8,99.99,53,30.8,165.1
2026-05-23T06:54:48,35.1,1297,7941,0,9,99.99,61,33.2,165.1
2026-05-23T06:54:54,38.0,1300,7941,0,9,99.99,58,36.6,165.1
2026-05-23T06:54:59,31.8,1307,7941,0,9,99.99,74,29.5,165.1
2026-05-23T06:55:04,46.1,1305,7941,0,9,99.99,74,44.1,165.1
2026-05-23T06:55:09,36.3,1305,7941,0,10,99.99,57,34.3,165.1
2026-05-23T06:55:14,40.5,1305,7941,0,10,99.99,79,38.7,165.1
2026-05-23T06:55:20,32.9,1304,7941,0,10,99.99,62,31.1,165.1
2026-05-23T06:55:25,36.0,1307,7941,0,10,99.99,71,34.3,165.1
2026-05-23T06:55:30,43.7,1301,7941,0,9,99.99,70,42.3,165.1
2026-05-23T06:55:35,31.4,1301,7941,0,9,99.99,67,29.3,165.1
2026-05-23T06:55:41,44.0,1338,7941,0,10,99.99,61,37.0,165.1
2026-05-23T06:55:46,36.7,1313,7941,0,11,99.99,79,34.7,165.1
2026-05-23T06:55:51,36.6,1318,7941,0,11,99.99,67,34.9,165.1
2026-05-23T06:55:56,37.6,1298,7941,0,9,99.99,66,36.0,165.1
2026-05-23T06:56:02,38.3,1307,7941,0,9,99.99,72,36.8,165.1
2026-05-23T06:56:07,36.1,1299,7941,0,9,99.99,60,33.9,165.1
2026-05-23T06:56:12,32.2,1309,7941,0,10,99.99,70,30.3,165.1
2026-05-23T06:56:17,40.1,1307,7941,0,11,99.99,60,38.4,165.1
2026-05-23T06:56:22,30.0,1307,7941,0,9,99.99,64,28.1,165.1
2026-05-23T06:56:28,38.4,1305,7941,0,9,99.99,66,36.8,165.1
2026-05-23T06:56:33,35.6,1310,7941,0,10,99.99,66,34.3,165.1
2026-05-23T06:56:38,34.7,1315,7941,0,10,99.99,72,32.0,165.1
2026-05-23T06:56:43,34.2,1312,7941,0,10,99.99,62,32.5,165.1
2026-05-23T06:56:49,36.6,1302,7941,0,9,99.99,69,34.6,165.1
2026-05-23T06:56:54,34.4,1301,7941,0,9,99.99,65,32.8,165.1
2026-05-23T06:56:59,39.5,1304,7941,0,9,99.99,71,38.0,165.1
2026-05-23T06:57:04,35.3,1304,7941,0,9,99.99,69,33.1,165.1
2026-05-23T06:57:10,34.2,1300,7941,0,8,99.99,62,32.3,165.1
2026-05-23T06:57:15,38.4,1294,7941,0,9,99.99,58,36.4,165.1
2026-05-23T06:57:20,34.3,1293,7941,0,9,99.99,60,32.5,165.1
2026-05-23T06:57:25,32.2,1290,7941,0,9,99.99,62,30.4,165.1
2026-05-23T06:57:31,40.1,1294,7941,0,9,99.99,64,38.4,165.1
2026-05-23T06:57:36,36.4,1292,7941,0,9,99.99,72,34.4,165.1
2026-05-23T06:57:41,33.4,1289,7941,0,9,99.99,46,31.9,165.1
2026-05-23T06:57:46,37.1,1291,7941,0,11,99.99,67,34.9,165.1
2026-05-23T06:57:52,37.4,1301,7941,0,11,99.99,64,36.0,165.1
2026-05-23T06:57:57,32.0,1290,7941,0,8,99.99,70,29.8,165.1
2026-05-23T06:58:02,32.7,1293,7941,0,9,99.99,62,30.2,165.1
2026-05-23T06:58:07,35.7,1296,7941,0,9,99.99,60,33.7,165.1
2026-05-23T06:58:13,36.6,1294,7941,0,9,99.99,70,34.8,165.1
2026-05-23T06:58:18,36.7,1290,7941,1,7,99.99,64,34.9,165.1
2026-05-23T06:58:23,36.8,1290,7941,0,8,99.99,67,35.0,165.1
2026-05-23T06:58:28,34.6,1295,7941,0,9,99.99,83,32.1,165.1
2026-05-23T06:58:34,37.5,1303,7941,0,9,99.99,58,35.6,165.1
2026-05-23T06:58:39,35.8,1298,7941,0,9,99.99,62,33.7,165.1
2026-05-23T06:58:44,40.0,1292,7941,0,11,99.99,76,37.9,165.1
2026-05-23T06:58:49,32.4,1299,7941,0,11,99.99,59,30.3,165.1
2026-05-23T06:58:55,34.6,1291,7941,0,11,99.99,72,32.4,165.1
2026-05-23T06:59:00,28.4,1296,7941,1,10,99.99,59,26.4,165.1
2026-05-23T06:59:05,39.4,1290,7941,1,8,99.99,70,37.2,165.1
2026-05-23T06:59:10,37.3,1294,7941,0,10,99.99,47,35.1,165.1
2026-05-23T06:59:16,35.2,1296,7941,0,10,99.99,76,32.6,165.1
2026-05-23T06:59:21,38.6,1297,7941,0,9,99.99,63,36.4,165.1
2026-05-23T06:59:26,33.9,1291,7941,0,9,99.99,59,31.6,165.1
2026-05-23T06:59:31,32.4,1292,7941,0,9,99.99,67,30.1,165.1
2026-05-23T06:59:37,42.9,1299,7941,0,11,99.99,66,41.6,165.1
2026-05-23T06:59:42,38.9,1305,7941,0,11,99.99,74,37.1,165.1
2026-05-23T06:59:47,35.2,1293,7941,0,9,99.99,66,32.6,165.1
2026-05-23T06:59:53,41.3,1292,7941,0,9,99.99,71,39.5,165.1
2026-05-23T06:59:58,38.0,1298,7941,0,10,99.99,66,35.2,165.1
2026-05-23T07:00:03,52.4,1335,7941,0,10,99.99,78,56.5,165.1
2026-05-23T07:00:09,55.1,1326,7941,0,9,99.99,66,60.0,165.1
2026-05-23T07:00:14,46.5,1333,7941,0,11,99.99,77,45.4,165.2
2026-05-23T07:00:20,44.1,1337,7941,0,11,99.99,62,41.9,165.2
2026-05-23T07:00:25,36.8,1332,7941,0,11,99.99,72,34.4,165.2
2026-05-23T07:00:30,38.0,1337,7941,0,10,99.99,71,36.1,165.2
2026-05-23T07:00:36,40.5,1335,7941,0,11,99.99,61,38.4,165.2
2026-05-23T07:00:41,35.8,1335,7941,0,9,99.99,64,33.9,165.2
2026-05-23T07:00:46,33.1,1337,7941,0,9,99.99,58,30.9,165.2
2026-05-23T07:00:52,35.5,1331,7941,0,8,99.99,58,33.7,165.2
2026-05-23T07:00:57,35.6,1339,7941,0,10,99.99,61,33.2,165.2
2026-05-23T07:01:02,38.1,1344,7941,0,10,99.99,66,35.4,165.2
2026-05-23T07:01:07,40.1,1327,7941,0,10,99.99,88,37.8,165.2
2026-05-23T07:01:13,39.6,1326,7941,0,9,99.99,60,37.5,165.2
2026-05-23T07:01:18,35.2,1329,7941,0,9,99.99,60,33.0,165.2
2026-05-23T07:01:23,38.1,1332,7941,0,10,99.99,60,36.3,165.2
2026-05-23T07:01:28,36.3,1334,7941,0,10,99.99,68,34.4,165.2
2026-05-23T07:01:34,33.0,1324,7941,0,8,99.99,63,31.1,165.2
2026-05-23T07:01:39,36.6,1342,7941,0,9,99.99,69,33.8,165.2
2026-05-23T07:01:44,34.6,1335,7941,0,9,99.99,67,32.6,165.2
2026-05-23T07:01:49,38.4,1331,7941,0,9,99.99,58,36.9,165.2
2026-05-23T07:01:55,42.0,1332,7941,0,9,99.99,79,39.9,165.2
2026-05-23T07:02:00,34.2,1334,7941,0,9,99.99,64,32.6,165.2
2026-05-23T07:02:05,39.7,1338,7941,0,11,99.99,61,37.6,165.2
2026-05-23T07:02:11,36.1,1336,7941,0,11,99.99,65,34.6,165.2
2026-05-23T07:02:16,38.4,1336,7941,1,9,99.99,60,36.0,165.2
2026-05-23T07:02:21,41.6,1331,7941,1,9,99.99,67,41.0,165.2
2026-05-23T07:02:27,41.3,1329,7941,0,8,99.99,82,38.4,165.2
2026-05-23T07:02:32,32.3,1329,7941,0,8,99.99,47,29.9,165.2
2026-05-23T07:02:37,40.5,1330,7941,0,9,99.99,59,38.4,165.2
2026-05-23T07:02:42,37.7,1334,7941,0,9,99.99,65,35.9,165.2
2026-05-23T07:02:48,37.4,1329,7941,0,9,99.99,76,35.0,165.2
2026-05-23T07:02:53,35.4,1335,7941,0,10,99.99,63,33.2,165.2
2026-05-23T07:02:58,39.3,1339,7941,0,10,99.99,63,37.1,165.2
2026-05-23T07:03:04,44.2,1335,7941,0,10,99.99,56,43.4,165.2
2026-05-23T07:03:09,37.5,1337,7941,0,11,99.99,69,35.4,165.2
2026-05-23T07:03:14,42.4,1336,7941,0,11,99.99,70,40.1,165.2
2026-05-23T07:03:19,32.5,1332,7941,0,11,99.99,60,30.2,165.2
2026-05-23T07:03:25,37.3,1335,7941,0,11,99.99,72,34.8,165.2
2026-05-23T07:03:30,36.7,1330,7941,0,10,99.99,68,34.9,165.2
2026-05-23T07:03:35,38.1,1329,7941,0,9,99.99,68,35.4,165.2
2026-05-23T07:03:40,39.0,1328,7941,0,9,99.99,60,37.2,165.2
2026-05-23T07:03:46,40.8,1324,7941,0,9,99.99,72,38.1,165.2
2026-05-23T07:03:51,35.6,1336,7941,0,11,99.99,64,33.6,165.2
2026-05-23T07:03:56,38.4,1331,7941,0,11,99.99,64,35.9,165.2
2026-05-23T07:04:02,37.9,1327,7941,0,9,99.99,68,35.9,165.2
2026-05-23T07:04:07,33.0,1310,7941,0,10,99.99,70,31.4,165.2
2026-05-23T07:04:12,39.9,1303,7941,0,10,99.99,55,37.9,165.2
2026-05-23T07:04:17,37.3,1300,7941,1,9,99.99,75,34.9,165.2
2026-05-23T07:04:23,37.4,1299,7941,0,10,99.99,58,35.4,165.2
2026-05-23T07:04:28,34.7,1295,7941,1,8,99.99,61,32.5,165.2
2026-05-23T07:04:33,34.7,1295,7941,0,9,99.99,53,32.7,165.2
2026-05-23T07:04:39,37.2,1291,7941,0,9,99.99,77,34.9,165.2
2026-05-23T07:04:44,36.9,1289,7941,1,9,99.99,56,35.4,165.2
2026-05-23T07:04:49,33.1,1292,7941,0,10,99.99,50,30.9,165.2
2026-05-23T07:04:54,28.1,1295,7941,0,10,99.99,58,26.2,165.2
2026-05-23T07:04:59,34.6,1289,7941,0,9,99.99,63,33.1,165.2
2026-05-23T07:05:05,44.3,1291,7941,0,10,99.99,67,44.9,165.2
2026-05-23T07:05:10,34.3,1294,7941,0,10,99.99,69,32.1,165.2
2026-05-23T07:05:15,37.4,1290,7941,0,10,99.99,51,35.6,165.2
2026-05-23T07:05:21,39.5,1293,7941,0,9,99.99,77,38.2,165.2
2026-05-23T07:05:26,31.1,1302,7941,0,11,99.99,68,28.6,165.2
2026-05-23T07:05:31,42.0,1299,7941,0,11,99.99,53,40.7,165.2
2026-05-23T07:05:36,37.8,1289,7941,0,9,99.99,73,36.0,165.2
2026-05-23T07:05:42,24.9,1292,7941,0,9,99.99,65,22.5,165.2
2026-05-23T07:05:47,45.8,1288,7941,0,9,99.99,65,44.4,165.2
2026-05-23T07:05:52,34.3,1290,7941,0,10,99.99,69,31.9,165.2
2026-05-23T07:05:57,38.1,1301,7941,0,9,99.99,73,36.1,165.2
2026-05-23T07:06:03,38.9,1301,7941,0,9,99.99,69,37.2,165.2
2026-05-23T07:06:08,36.4,1292,7941,0,10,99.99,68,34.2,165.2
2026-05-23T07:06:13,42.2,1292,7941,0,9,99.99,61,40.0,165.2
2026-05-23T07:06:18,38.0,1292,7941,0,11,99.99,73,35.7,165.2
2026-05-23T07:06:24,34.3,1304,7941,0,11,99.99,63,32.5,165.2
2026-05-23T07:06:29,37.6,1295,7941,0,11,99.99,83,35.1,165.2
2026-05-23T07:06:34,37.9,1294,7941,0,11,99.99,68,35.9,165.2
2026-05-23T07:06:39,33.4,1313,7941,0,11,99.99,53,31.1,165.2
2026-05-23T07:06:45,33.7,1288,7941,0,9,99.99,74,31.4,165.2
2026-05-23T07:06:50,37.6,1293,7941,0,9,99.99,63,35.9,165.2
2026-05-23T07:06:55,32.4,1290,7941,0,9,99.99,60,29.9,165.2
2026-05-23T07:07:00,37.3,1292,7941,0,10,99.99,63,35.2,165.2
2026-05-23T07:07:06,34.0,1291,7941,0,10,99.99,68,31.6,165.2
2026-05-23T07:07:11,35.6,1295,7941,0,9,99.99,76,33.6,165.2
2026-05-23T07:07:16,35.0,1289,7941,0,8,99.99,59,32.6,165.2
2026-05-23T07:07:21,36.1,1296,7941,0,8,99.99,64,34.5,165.2
2026-05-23T07:07:26,37.0,1295,7941,0,10,99.99,65,34.8,165.2
2026-05-23T07:07:32,33.7,1287,7941,0,9,99.99,51,32.1,165.2
2026-05-23T07:07:37,33.4,1296,7941,0,11,99.99,71,31.1,165.2
2026-05-23T07:07:42,35.4,1300,7941,2,9,99.99,61,33.5,165.2
2026-05-23T07:07:47,35.0,1296,7941,0,9,99.99,69,32.6,165.2
2026-05-23T07:07:53,38.3,1292,7941,0,9,99.99,66,36.4,165.2
2026-05-23T07:07:58,36.8,1294,7941,0,9,99.99,64,35.1,165.2
2026-05-23T07:08:03,35.1,1300,7941,0,9,99.99,52,33.2,165.2
2026-05-23T07:08:08,33.1,1298,7941,0,10,99.99,71,31.0,165.2
2026-05-23T07:08:14,33.8,1298,7941,0,10,99.99,63,32.4,165.2
2026-05-23T07:08:19,36.6,1295,7941,0,10,99.99,59,34.2,165.2
2026-05-23T07:08:24,32.1,1300,7941,0,10,99.99,64,30.1,165.2
2026-05-23T07:08:29,29.0,1292,7941,0,9,99.99,55,27.1,165.2
2026-05-23T07:08:35,41.8,1291,7941,0,9,99.99,66,40.1,165.2
2026-05-23T07:08:40,33.4,1300,7941,0,9,99.99,68,31.6,165.2
2026-05-23T07:08:45,38.7,1294,7941,0,9,99.99,70,36.4,165.2
2026-05-23T07:08:50,36.4,1293,7941,0,9,99.99,57,34.7,165.2
2026-05-23T07:08:56,34.5,1287,7941,0,8,99.99,75,32.2,165.2
2026-05-23T07:09:01,38.8,1293,7941,0,10,99.99,60,37.1,165.2
2026-05-23T07:09:06,39.2,1295,7941,0,10,99.99,70,39.2,165.2
2026-05-23T07:09:12,35.4,1295,7941,0,10,99.99,60,33.4,165.2
2026-05-23T07:09:17,35.4,1301,7941,0,10,99.99,76,32.8,165.2
2026-05-23T07:09:22,34.6,1299,7941,0,8,99.99,67,32.3,165.2
2026-05-23T07:09:27,40.6,1294,7941,0,10,99.99,73,39.8,165.2
2026-05-23T07:09:33,32.8,1303,7941,0,10,99.99,55,31.1,165.2
2026-05-23T07:09:38,35.0,1299,7941,0,11,99.99,57,32.7,165.2
2026-05-23T07:09:43,38.1,1303,7941,0,11,99.99,71,36.3,165.2
2026-05-23T07:09:48,37.6,1297,7941,0,11,99.99,81,35.1,165.2
2026-05-23T07:09:54,33.1,1309,7941,0,11,99.99,55,31.1,165.2
2026-05-23T07:09:59,34.1,1295,7941,0,9,99.99,60,31.9,165.2
2026-05-23T07:10:04,42.3,1302,7941,0,11,99.99,66,39.6,165.2
2026-05-23T07:10:10,41.1,1304,7941,0,11,99.99,64,39.5,165.3
2026-05-23T07:10:15,40.0,1291,7941,0,9,99.99,69,37.4,165.3
2026-05-23T07:10:20,42.8,1296,7941,0,9,99.99,68,40.5,165.3
2026-05-23T07:10:25,36.0,1299,7941,1,10,99.99,67,33.2,165.3
2026-05-23T07:10:31,35.7,1311,7941,0,11,99.99,63,33.5,165.3
2026-05-23T07:10:36,40.6,1297,7941,0,9,99.99,72,38.8,165.3
2026-05-23T07:10:41,33.0,1301,7941,0,10,99.99,55,30.8,165.3
2026-05-23T07:10:47,45.8,1299,7941,0,10,99.99,78,43.9,165.3
2026-05-23T07:10:52,29.8,1299,7941,0,9,99.99,59,27.3,165.3
2026-05-23T07:10:57,38.2,1296,7941,0,8,99.99,69,36.0,165.3
2026-05-23T07:11:02,40.7,1298,7941,0,9,99.99,59,38.9,165.3
2026-05-23T07:11:08,33.6,1300,7941,0,9,99.99,67,31.0,165.3
2026-05-23T07:11:13,38.3,1302,7941,0,9,99.99,62,35.9,165.3
2026-05-23T07:11:18,39.6,1304,7941,0,11,99.99,68,37.5,165.3
2026-05-23T07:11:24,40.4,1310,7941,0,11,99.99,59,38.0,165.3
2026-05-23T07:11:29,35.4,1306,7941,0,11,99.99,61,33.3,165.3
2026-05-23T07:11:34,36.6,1314,7941,0,11,99.99,73,33.9,165.3
2026-05-23T07:11:39,42.2,1319,7941,0,11,99.99,64,39.8,165.3
2026-05-23T07:11:45,37.2,1304,7941,0,8,99.99,70,34.7,165.3
2026-05-23T07:11:50,41.5,1304,7941,0,10,99.99,64,39.1,165.3
2026-05-23T07:11:55,32.6,1306,7941,0,10,99.99,71,30.6,165.3
2026-05-23T07:12:00,37.4,1304,7941,0,11,99.99,64,35.8,165.3
2026-05-23T07:12:06,46.8,1305,7941,0,11,99.99,64,44.8,165.3
2026-05-23T07:12:11,39.3,1298,7941,0,10,99.99,68,37.2,165.3
2026-05-23T07:12:16,39.1,1308,7941,0,11,99.99,73,36.5,165.3
2026-05-23T07:12:22,40.1,1304,7941,0,11,99.99,72,38.2,165.3
2026-05-23T07:12:27,37.1,1299,7941,0,10,99.99,66,34.4,165.3
2026-05-23T07:12:32,38.7,1305,7941,0,10,99.99,65,36.3,165.3
2026-05-23T07:12:37,39.4,1296,7941,0,9,99.99,80,37.4,165.3
2026-05-23T07:12:43,37.9,1304,7941,0,9,99.99,55,35.9,165.3
2026-05-23T07:12:48,40.0,1293,7941,0,9,99.99,71,37.5,165.3
2026-05-23T07:12:53,41.4,1305,7941,0,10,99.99,65,39.8,165.3
2026-05-23T07:12:59,33.7,1308,7941,0,10,99.99,80,30.8,165.3
2026-05-23T07:13:04,43.4,1297,7941,0,9,99.99,63,41.0,165.3
2026-05-23T07:13:09,36.9,1295,7941,0,9,99.99,54,35.1,165.3
2026-05-23T07:13:14,41.4,1297,7941,0,9,99.99,70,39.8,165.3
2026-05-23T07:13:20,28.0,1300,7941,0,9,99.99,57,26.0,165.3
2026-05-23T07:13:25,36.2,1289,7941,0,9,99.99,68,33.9,165.3
2026-05-23T07:13:30,41.8,1293,7941,0,9,99.99,77,39.8,165.3
2026-05-23T07:13:36,35.8,1298,7941,0,9,99.99,59,34.0,165.3
2026-05-23T07:13:41,38.8,1298,7941,0,9,99.99,63,37.0,165.3
2026-05-23T07:13:46,40.6,1302,7941,0,11,99.99,58,37.5,165.3
2026-05-23T07:13:51,38.3,1297,7941,0,11,99.99,67,35.8,165.3
2026-05-23T07:13:57,37.3,1290,7941,0,9,99.99,74,35.0,165.3
2026-05-23T07:14:02,37.0,1292,7941,0,9,99.99,58,34.8,165.3
2026-05-23T07:14:07,41.0,1294,7941,0,9,99.99,74,38.3,165.3
2026-05-23T07:14:12,36.0,1293,7941,0,10,99.99,66,34.2,165.3
2026-05-23T07:14:18,33.9,1299,7941,0,10,99.99,58,31.1,165.3
2026-05-23T07:14:23,38.6,1292,7941,1,9,99.99,79,36.0,165.3
2026-05-23T07:14:28,37.6,1299,7941,0,9,99.99,66,36.3,165.3
2026-05-23T07:14:34,38.9,1291,7941,0,9,99.99,63,36.8,165.3
2026-05-23T07:14:39,40.9,1293,7941,0,9,99.99,64,39.2,165.5
2026-05-23T07:14:44,34.3,1294,7941,0,9,99.99,72,31.3,165.5
2026-05-23T07:14:50,43.8,1290,7941,0,9,99.99,63,41.9,165.5
2026-05-23T07:14:55,34.6,1291,7941,0,10,99.99,73,32.0,165.5
2026-05-23T07:15:00,37.8,1297,7941,0,10,99.99,58,35.6,165.5
2026-05-23T07:15:05,43.4,1306,7941,0,11,99.99,55,40.8,165.5
2026-05-23T07:15:11,39.6,1294,7941,0,11,99.99,63,37.2,165.5
2026-05-23T07:15:16,38.8,1289,7941,0,9,99.99,86,36.4,165.5
2026-05-23T07:15:21,34.6,1296,7941,0,8,99.99,58,32.6,165.5
2026-05-23T07:15:27,39.4,1290,7941,0,9,99.99,73,37.2,165.5
2026-05-23T07:15:32,35.5,1294,7941,0,8,99.99,50,33.5,165.5
2026-05-23T07:15:37,37.5,1295,7941,0,9,99.99,77,34.8,165.5
2026-05-23T07:15:42,38.6,1296,7941,0,9,99.99,61,37.2,165.5
2026-05-23T07:15:48,40.9,1289,7941,0,9,99.99,70,38.5,165.5
2026-05-23T07:15:53,38.4,1291,7941,0,11,99.99,69,35.9,165.5
2026-05-23T07:15:58,38.4,1298,7941,0,11,99.99,67,35.9,165.5
2026-05-23T07:16:04,44.4,1290,7941,0,9,99.99,64,42.2,165.5
2026-05-23T07:16:09,38.0,1293,7941,0,9,99.99,79,35.8,165.5
2026-05-23T07:16:14,40.5,1289,7941,0,9,99.99,62,38.4,165.5
2026-05-23T07:16:19,37.9,1294,7941,0,9,99.99,67,35.9,165.5
2026-05-23T07:16:25,36.0,1297,7941,0,11,99.99,69,33.3,165.5
2026-05-23T07:16:30,35.7,1302,7941,0,11,99.99,72,33.6,165.5
2026-05-23T07:16:35,39.8,1290,7941,0,10,99.99,61,37.6,165.5
2026-05-23T07:16:40,32.9,1314,7941,0,10,99.99,62,30.2,165.5
2026-05-23T07:16:46,47.0,1298,7941,1,10,99.99,70,45.1,165.5
2026-05-23T07:16:51,32.6,1301,7941,0,11,99.99,62,30.1,165.5
2026-05-23T07:16:56,35.0,1291,7941,0,9,99.99,73,32.6,165.5
2026-05-23T07:17:02,40.6,1296,7941,0,9,99.99,64,39.0,165.5
2026-05-23T07:17:07,40.6,1291,7941,0,9,99.99,75,38.0,165.5
2026-05-23T07:17:12,40.5,1306,7941,0,10,99.99,63,37.6,165.5
2026-05-23T07:17:17,37.3,1299,7941,0,10,99.99,73,34.8,165.5
2026-05-23T07:17:23,38.3,1306,7941,0,10,99.99,60,36.5,165.5
2026-05-23T07:17:28,37.3,1294,7941,0,9,99.99,64,34.8,165.5
2026-05-23T07:17:33,37.2,1296,7941,0,9,99.99,58,35.3,165.5
2026-05-23T07:17:39,37.5,1354,7941,1,9,99.99,75,29.3,165.5
2026-05-23T07:17:44,42.3,1319,7941,0,10,99.99,73,39.7,165.5
2026-05-23T07:17:49,37.9,1317,7941,0,11,99.99,65,35.7,165.5
2026-05-23T07:17:54,36.5,1304,7941,0,11,99.99,59,34.4,165.5
2026-05-23T07:18:00,42.5,1294,7941,0,9,99.99,68,39.9,165.5
2026-05-23T07:18:05,41.5,1296,7941,0,11,99.99,68,39.2,165.5
2026-05-23T07:18:10,39.7,1297,7941,0,11,99.99,73,37.8,165.5
2026-05-23T07:18:16,37.1,1302,7941,0,11,99.99,60,35.1,165.5
2026-05-23T07:18:21,35.2,1302,7941,0,11,99.99,62,33.1,165.5
2026-05-23T07:18:26,36.8,1292,7941,0,9,99.99,66,34.7,165.5
2026-05-23T07:18:32,42.8,1286,7941,0,9,99.99,64,40.4,165.5
2026-05-23T07:18:37,36.9,1289,7941,1,9,99.99,71,34.7,165.5
2026-05-23T07:18:42,35.9,1298,7941,1,9,99.99,60,33.2,165.5
2026-05-23T07:18:47,40.2,1294,7941,0,9,99.99,84,38.0,165.5
2026-05-23T07:18:53,33.2,1295,7941,0,9,99.99,55,30.9,165.5
2026-05-23T07:18:58,41.4,1290,7941,0,9,99.99,77,39.1,165.5
2026-05-23T07:19:03,38.6,1292,7941,0,9,99.99,58,36.9,165.5
2026-05-23T07:19:09,44.1,1295,7941,0,11,99.99,66,41.9,165.5
2026-05-23T07:19:14,33.4,1285,7941,0,9,99.99,68,30.6,165.5
2026-05-23T07:19:19,40.5,1291,7941,0,8,99.99,71,38.6,165.5
2026-05-23T07:19:24,35.4,1288,7941,0,8,99.99,56,33.1,165.5
2026-05-23T07:19:30,38.8,1300,7941,0,10,99.99,61,37.0,165.5
2026-05-23T07:19:35,39.9,1299,7941,0,10,99.99,78,37.3,165.5
2026-05-23T07:19:40,35.7,1302,7941,0,11,99.99,58,33.9,165.5
2026-05-23T07:19:45,40.8,1301,7941,0,11,99.99,64,38.5,165.5
2026-05-23T07:19:51,33.8,1304,7941,0,10,99.99,69,31.8,165.5
2026-05-23T07:19:56,39.5,1300,7941,0,10,99.99,74,37.6,165.5
2026-05-23T07:20:01,38.8,1306,7941,0,9,99.99,70,37.2,165.5
2026-05-23T07:20:07,48.2,1298,7941,0,9,99.99,61,49.6,165.5
2026-05-23T07:20:12,41.9,1294,7941,0,9,99.99,70,40.1,165.5
2026-05-23T07:20:17,38.7,1295,7941,0,10,99.99,61,35.9,165.5
2026-05-23T07:20:23,36.9,1299,7941,0,10,99.99,55,34.9,165.5
2026-05-23T07:20:28,44.4,1296,7941,0,9,99.99,70,42.4,165.5
2026-05-23T07:20:33,38.0,1300,7941,0,9,99.99,69,35.8,165.5
2026-05-23T07:20:38,30.4,1294,7941,0,10,99.99,68,27.8,165.5
2026-05-23T07:20:44,40.1,1297,7941,1,10,99.99,75,38.0,165.5
2026-05-23T07:20:49,40.0,1297,7941,0,11,99.99,57,38.3,165.5
2026-05-23T07:20:54,32.6,1299,7941,0,11,99.99,60,30.3,165.5
2026-05-23T07:21:00,36.9,1298,7941,0,9,99.99,79,35.2,165.5
2026-05-23T07:21:05,46.5,1295,7941,0,9,99.99,64,44.6,165.5
2026-05-23T07:21:10,36.1,1300,7941,0,9,99.99,58,34.7,165.5
2026-05-23T07:21:15,37.5,1296,7941,0,9,99.99,70,34.7,165.5
2026-05-23T07:21:21,33.6,1302,7941,0,9,99.99,68,31.4,165.5
2026-05-23T07:21:26,38.3,1296,7941,0,10,99.99,80,36.0,165.5
2026-05-23T07:21:31,33.9,1292,7941,0,10,99.99,53,32.1,165.5
2026-05-23T07:21:36,35.1,1290,7941,1,8,99.99,63,33.0,165.5
2026-05-23T07:21:42,43.3,1295,7941,0,10,99.99,64,41.5,165.5
2026-05-23T07:21:47,32.8,1298,7941,0,10,99.99,87,30.5,165.5
2026-05-23T07:21:52,41.5,1299,7941,0,10,99.99,67,40.0,165.5
2026-05-23T07:21:57,42.1,1294,7941,0,9,99.99,57,40.5,165.5
2026-05-23T07:22:03,35.8,1294,7941,0,9,99.99,67,34.0,165.5
2026-05-23T07:22:08,33.4,1295,7941,0,9,99.99,69,31.2,165.5
2026-05-23T07:22:13,35.2,1293,7941,0,9,99.99,69,33.1,165.5
2026-05-23T07:22:18,40.6,1292,7941,0,9,99.99,67,38.6,165.5
2026-05-23T07:22:24,39.0,1297,7941,0,9,99.99,80,36.9,165.5
2026-05-23T07:22:29,39.6,1295,7941,0,10,99.99,66,37.4,165.5
2026-05-23T07:22:34,33.9,1293,7941,0,10,99.99,67,31.4,165.5
2026-05-23T07:22:39,35.5,1311,7941,0,10,99.99,64,33.1,165.5
2026-05-23T07:22:45,33.2,1301,7941,0,10,99.99,68,31.1,165.5
2026-05-23T07:22:50,38.2,1300,7941,0,11,99.99,60,36.9,165.5
2026-05-23T07:22:55,35.8,1298,7941,0,11,99.99,82,33.9,165.5
2026-05-23T07:23:00,39.1,1298,7941,0,10,99.99,58,37.9,165.5
2026-05-23T07:23:06,36.3,1291,7941,0,8,99.99,58,34.5,165.5
2026-05-23T07:23:11,24.5,1297,7941,0,9,99.99,60,21.9,165.5
2026-05-23T07:23:16,37.5,1298,7941,0,10,99.99,60,35.6,165.5
2026-05-23T07:23:21,39.3,1299,7941,0,10,99.99,72,37.8,165.5
2026-05-23T07:23:27,33.6,1298,7941,0,9,99.99,54,32.0,165.5
2026-05-23T07:23:32,36.3,1299,7941,0,9,99.99,56,34.9,165.5
2026-05-23T07:23:37,28.3,1298,7941,0,8,99.99,69,25.9,165.5
2026-05-23T07:23:42,35.9,1302,7941,0,8,99.99,57,34.3,165.5
2026-05-23T07:23:47,36.1,1301,7941,1,9,99.99,73,34.0,165.5
2026-05-23T07:23:53,38.0,1306,7941,0,10,99.99,60,35.9,165.5
2026-05-23T07:23:58,31.8,1297,7941,0,10,99.99,74,29.6,165.5
2026-05-23T07:24:03,37.8,1307,7941,0,9,99.99,70,35.7,165.5
2026-05-23T07:24:08,35.9,1295,7941,0,9,99.99,55,33.7,165.5
2026-05-23T07:24:14,39.5,1297,7941,0,10,99.99,66,38.2,165.5
2026-05-23T07:24:19,34.2,1299,7941,0,10,99.99,71,31.9,165.5
2026-05-23T07:24:24,39.0,1284,7941,0,8,99.99,69,37.4,165.5
2026-05-23T07:24:29,34.6,1297,7941,0,9,99.99,59,32.9,165.5
2026-05-23T07:24:35,36.8,1299,7941,0,10,99.99,72,34.8,165.5
2026-05-23T07:24:40,37.4,1301,7941,0,10,99.99,62,36.3,165.5
2026-05-23T07:24:45,40.1,1298,7941,0,10,99.99,73,37.9,165.5
2026-05-23T07:24:50,36.7,1293,7941,1,8,99.99,68,35.4,165.5
2026-05-23T07:24:55,31.2,1294,7941,0,9,99.99,76,29.4,165.5
2026-05-23T07:25:01,37.0,1301,7941,1,8,99.99,53,35.4,165.5
2026-05-23T07:25:06,38.6,1289,7941,0,8,99.99,67,37.9,165.5
2026-05-23T07:25:12,38.5,1300,7941,0,10,99.99,63,36.6,165.5
2026-05-23T07:25:17,34.1,1291,7941,0,10,99.99,62,31.9,165.5
2026-05-23T07:25:22,31.0,1298,7941,0,10,99.99,51,29.1,165.5
2026-05-23T07:25:27,35.8,1304,7941,0,10,99.99,71,33.8,165.5
2026-05-23T07:25:33,37.1,1306,7941,0,9,99.99,52,35.5,165.5
2026-05-23T07:25:38,38.8,1297,7941,0,8,99.99,83,36.7,165.5
2026-05-23T07:25:43,33.9,1299,7941,0,10,99.99,58,31.9,165.5
2026-05-23T07:25:48,41.0,1299,7941,0,10,99.99,68,39.1,165.5
2026-05-23T07:25:53,37.3,1302,7941,0,8,99.99,63,36.6,165.5
2026-05-23T07:25:59,27.2,1296,7941,0,8,99.99,68,24.4,165.5
2026-05-23T07:26:04,38.5,1297,7941,0,9,99.99,71,36.8,165.5
2026-05-23T07:26:09,35.7,1298,7941,0,10,99.99,57,33.9,165.5
2026-05-23T07:26:14,34.2,1300,7941,0,10,99.99,73,32.1,165.5
2026-05-23T07:26:20,33.5,1301,7941,0,11,99.99,47,31.8,165.5
2026-05-23T07:26:25,32.4,1300,7941,0,10,99.99,70,30.3,165.5
2026-05-23T07:26:30,35.5,1284,7941,0,8,99.99,62,33.6,165.5
2026-05-23T07:26:35,37.3,1287,7941,0,8,99.99,75,35.5,165.5
2026-05-23T07:26:41,35.9,1295,7941,0,9,99.99,62,34.5,165.5
2026-05-23T07:26:46,34.1,1297,7941,0,9,99.99,66,31.7,165.5
2026-05-23T07:26:51,36.9,1303,7941,0,9,99.99,62,35.2,165.5
2026-05-23T07:26:56,34.7,1294,7941,0,9,99.99,74,33.0,165.5
2026-05-23T07:27:02,33.7,1303,7941,0,11,99.99,53,31.7,165.5
2026-05-23T07:27:07,38.2,1306,7941,0,10,99.99,68,36.2,165.5
2026-05-23T07:27:12,34.8,1298,7941,0,10,99.99,62,32.6,165.5
2026-05-23T07:27:17,38.3,1299,7941,0,10,99.99,80,35.9,165.5
2026-05-23T07:27:22,30.4,1298,7941,0,10,99.99,53,28.5,165.5
2026-05-23T07:27:28,37.1,1287,7941,0,9,99.99,68,35.3,165.5
2026-05-23T07:27:33,32.7,1296,7941,0,11,99.99,58,30.9,165.5
2026-05-23T07:27:38,36.0,1303,7941,0,11,99.99,73,34.1,165.5
2026-05-23T07:27:43,35.9,1286,7941,0,8,99.99,60,33.9,165.5
2026-05-23T07:27:49,38.9,1289,7941,0,9,99.99,65,37.2,165.5
2026-05-23T07:27:54,31.0,1286,7941,0,9,99.99,77,29.0,165.5
2026-05-23T07:27:59,36.3,1294,7941,0,9,99.99,55,34.4,165.5
2026-05-23T07:28:04,36.8,1299,7941,0,9,99.99,88,34.6,165.5
2026-05-23T07:28:09,34.4,1300,7941,0,10,99.99,55,32.5,165.5
2026-05-23T07:28:15,38.6,1307,7941,0,10,99.99,68,37.1,165.5
2026-05-23T07:28:20,37.5,1297,7941,0,9,99.99,64,35.8,165.5
2026-05-23T07:28:25,34.8,1300,7941,0,9,99.99,73,32.6,165.5
2026-05-23T07:28:30,35.2,1296,7941,0,9,99.99,67,33.2,165.5
2026-05-23T07:28:36,36.0,1297,7941,0,9,99.99,65,33.9,165.5
2026-05-23T07:28:41,38.8,1319,7941,1,8,99.99,68,36.5,165.5
2026-05-23T07:28:46,39.7,1304,7941,0,9,99.99,72,37.8,165.5
2026-05-23T07:28:51,35.6,1305,7941,0,9,99.99,66,34.5,165.5
2026-05-23T07:28:57,37.1,1312,7941,0,9,99.99,71,34.8,165.5
2026-05-23T07:29:02,34.0,1300,7941,0,9,99.99,68,32.6,165.5
2026-05-23T07:29:07,33.0,1304,7941,0,10,99.99,62,30.8,165.5
2026-05-23T07:29:12,37.9,1295,7941,0,9,99.99,65,35.9,165.5
2026-05-23T07:29:17,37.1,1307,7941,0,9,99.99,61,35.2,165.5
2026-05-23T07:29:23,31.0,1307,7941,0,9,99.99,55,29.2,165.5
2026-05-23T07:29:28,33.3,1299,7941,0,9,99.99,75,31.1,165.5
2026-05-23T07:29:33,36.0,1306,7941,0,9,99.99,60,34.3,165.5
2026-05-23T07:29:38,37.6,1305,7941,0,10,99.99,63,35.5,165.5
2026-05-23T07:29:44,33.1,1308,7941,0,10,99.99,67,31.0,165.5
2026-05-23T07:29:49,35.6,1303,7941,0,11,99.99,67,33.0,165.5
2026-05-23T07:29:54,38.2,1301,7941,0,11,99.99,74,35.8,165.5
2026-05-23T07:29:59,38.6,1301,7941,0,10,99.99,65,36.6,165.5
2026-05-23T07:30:05,45.4,1310,7941,0,11,99.99,69,45.6,165.5
2026-05-23T07:30:10,43.1,1312,7941,0,11,99.99,67,40.9,165.5
2026-05-23T07:30:15,40.6,1313,7941,0,11,99.99,73,37.5,165.5
2026-05-23T07:30:21,33.9,1302,7941,0,10,99.99,61,31.6,165.5
2026-05-23T07:30:26,38.3,1299,7941,0,9,99.99,74,36.1,165.5
2026-05-23T07:30:31,39.2,1303,7941,0,10,99.99,54,36.9,165.5
2026-05-23T07:30:36,36.0,1298,7941,0,9,99.99,69,33.5,165.5
2026-05-23T07:30:42,33.4,1299,7941,0,9,99.99,73,31.4,165.5
2026-05-23T07:30:47,42.7,1307,7941,0,11,99.99,57,40.9,165.5
2026-05-23T07:30:52,33.1,1310,7941,0,11,99.99,74,31.1,165.5
2026-05-23T07:30:57,41.4,1301,7941,0,9,99.99,78,39.2,165.5
2026-05-23T07:31:02,35.5,1301,7941,0,9,99.99,61,33.1,165.5
2026-05-23T07:31:08,33.1,1308,7941,0,9,99.99,77,30.6,165.5
2026-05-23T07:31:13,36.0,1309,7941,0,9,99.99,49,34.2,165.5
2026-05-23T07:31:18,36.0,1309,7941,1,9,99.99,77,33.4,165.5
2026-05-23T07:31:23,39.6,1311,7941,0,10,99.99,65,38.1,165.5
2026-05-23T07:31:29,33.7,1304,7941,0,10,99.99,59,31.1,165.5
2026-05-23T07:31:34,35.4,1310,7941,1,8,99.99,76,33.3,165.5
2026-05-23T07:31:39,35.4,1310,7941,0,9,99.99,61,33.8,165.5
2026-05-23T07:31:44,31.8,1313,7941,0,9,99.99,60,29.5,165.5
2026-05-23T07:31:50,35.2,1301,7941,1,7,99.99,60,32.4,165.5
2026-05-23T07:31:55,33.6,1302,7941,0,9,99.99,67,31.1,165.5
2026-05-23T07:32:00,44.1,1302,7941,0,10,99.99,63,41.6,165.5
2026-05-23T07:32:05,40.6,1308,7941,0,10,99.99,76,38.3,165.5
2026-05-23T07:32:11,37.1,1304,7941,0,10,99.99,63,35.6,165.5
2026-05-23T07:32:16,25.5,1310,7941,0,10,99.99,57,22.6,165.5
2026-05-23T07:32:21,39.6,1298,7941,0,8,99.99,56,37.8,165.5
2026-05-23T07:32:26,35.4,1295,7941,0,8,99.99,67,32.6,165.5
2026-05-23T07:32:32,33.8,1299,7941,0,10,99.99,59,31.7,165.5
2026-05-23T07:32:37,40.8,1304,7941,0,10,99.99,74,39.1,165.5
2026-05-23T07:32:42,31.5,1295,7941,0,8,99.99,61,29.1,165.5
2026-05-23T07:32:47,35.3,1306,7941,0,9,99.99,66,33.0,165.5
2026-05-23T07:32:53,34.3,1311,7941,0,10,99.99,60,32.1,165.5
2026-05-23T07:32:58,36.6,1309,7941,0,10,99.99,66,34.8,165.5
2026-05-23T07:33:03,32.3,1321,7941,1,9,99.99,54,30.0,165.5
2026-05-23T07:33:08,36.9,1312,7941,0,9,99.99,66,34.5,165.5
2026-05-23T07:33:14,37.1,1312,7941,0,11,99.99,66,34.9,165.5
2026-05-23T07:33:19,38.3,1314,7941,0,11,99.99,59,35.5,165.5
2026-05-23T07:33:24,34.2,1308,7941,0,10,99.99,70,31.5,165.5
2026-05-23T07:33:29,35.6,1318,7941,0,10,99.99,59,33.2,165.6
2026-05-23T07:33:35,39.1,1315,7941,0,10,99.99,85,36.8,165.6
2026-05-23T07:33:40,46.4,1308,7941,0,8,99.99,67,44.4,165.6
2026-05-23T07:33:45,33.5,1312,7941,0,9,99.99,71,30.7,165.6
2026-05-23T07:33:50,38.5,1310,7941,0,9,99.99,74,35.9,165.6
2026-05-23T07:33:56,41.7,1305,7941,0,9,99.99,52,40.0,165.6
2026-05-23T07:34:01,34.9,1310,7941,0,9,99.99,65,32.8,165.6
2026-05-23T07:34:06,37.8,1311,7941,0,10,99.99,71,35.2,165.6
2026-05-23T07:34:12,38.5,1313,7941,0,10,99.99,64,36.9,165.6
2026-05-23T07:34:17,38.7,1307,7941,0,9,99.99,66,35.9,165.6
2026-05-23T07:34:22,40.1,1318,7941,0,9,99.99,73,38.2,165.6
2026-05-23T07:34:27,39.0,1306,7941,0,9,99.99,69,36.1,165.6
2026-05-23T07:34:33,34.1,1310,7941,0,9,99.99,65,31.8,165.6
2026-05-23T07:34:38,31.8,1322,7941,0,9,99.99,53,28.5,165.6
2026-05-23T07:34:43,39.1,1317,7941,0,9,99.99,65,36.7,165.6
2026-05-23T07:34:48,36.8,1311,7941,0,9,99.99,81,34.4,165.6
2026-05-23T07:34:54,36.5,1312,7941,0,9,99.99,67,34.1,165.6
2026-05-23T07:34:59,39.4,1310,7941,0,9,99.99,56,37.8,165.6
2026-05-23T07:35:04,42.6,1319,7941,0,10,99.99,76,40.1,165.6
2026-05-23T07:35:09,32.4,1310,7941,0,10,99.99,59,30.2,165.6
2026-05-23T07:35:15,32.6,1294,7941,1,8,99.99,68,29.1,165.6
2026-05-23T07:35:20,41.9,1297,7941,0,9,99.99,64,40.4,165.6
2026-05-23T07:35:25,42.1,1296,7941,0,11,99.99,67,39.5,165.6
2026-05-23T07:35:31,38.2,1297,7941,0,11,99.99,72,35.6,165.6
2026-05-23T07:35:36,36.3,1297,7941,0,10,99.99,68,33.8,165.6
2026-05-23T07:35:41,36.3,1296,7941,0,10,99.99,57,34.0,165.6
2026-05-23T07:35:46,37.2,1294,7941,0,9,99.99,69,35.2,165.6
2026-05-23T07:35:52,35.4,1286,7941,0,8,99.99,66,33.4,165.6
2026-05-23T07:35:57,36.2,1301,7941,0,10,99.99,65,33.4,165.6
2026-05-23T07:36:02,42.2,1306,7941,0,10,99.99,75,40.3,165.6
2026-05-23T07:36:07,36.8,1298,7941,0,10,99.99,67,34.8,165.6
2026-05-23T07:36:13,41.1,1290,7941,0,9,99.99,62,39.1,166.0
2026-05-23T07:36:18,37.6,1295,7941,0,9,99.99,63,35.3,166.0
2026-05-23T07:36:23,39.1,1291,7941,0,9,99.99,63,37.0,166.0
2026-05-23T07:36:28,40.8,1295,7941,0,9,99.99,74,38.4,166.0
2026-05-23T07:36:34,36.0,1304,7941,0,9,99.99,73,33.9,166.0
2026-05-23T07:36:39,35.2,1303,7941,2,8,99.99,52,32.9,166.0
2026-05-23T07:36:44,38.1,1298,7941,0,11,99.99,72,36.0,166.0
2026-05-23T07:36:50,36.2,1299,7941,0,11,99.99,62,34.2,166.0
2026-05-23T07:36:55,35.7,1298,7941,0,10,99.99,68,33.6,166.0
2026-05-23T07:37:00,40.0,1305,7941,1,10,99.99,76,38.3,166.0
2026-05-23T07:37:05,30.3,1305,7941,0,11,99.99,57,27.8,166.0
2026-05-23T07:37:11,40.5,1297,7941,0,10,99.99,57,38.6,166.0
2026-05-23T07:37:16,40.0,1293,7941,0,9,99.99,73,37.7,166.0
2026-05-23T07:37:21,30.8,1295,7941,0,8,99.99,55,28.8,166.0
2026-05-23T07:37:27,40.2,1292,7941,0,9,99.99,80,38.0,166.0
2026-05-23T07:37:32,35.1,1301,7941,0,11,99.99,53,32.6,166.0
2026-05-23T07:37:37,37.0,1297,7941,0,10,99.99,73,35.0,166.0
2026-05-23T07:37:42,37.4,1297,7941,0,9,99.99,62,36.3,166.0
2026-05-23T07:37:48,37.7,1299,7941,0,11,99.99,55,35.4,166.0
2026-05-23T07:37:53,33.7,1307,7941,0,11,99.99,65,31.8,166.1
2026-05-23T07:37:58,38.3,1303,7941,0,11,99.99,69,35.2,166.1
2026-05-23T07:38:03,35.2,1302,7941,0,11,99.99,76,33.1,166.1
2026-05-23T07:38:09,36.2,1298,7941,0,9,99.99,72,34.2,166.1
2026-05-23T07:38:14,46.5,1296,7941,1,9,99.99,66,44.4,166.1
2026-05-23T07:38:19,35.5,1304,7941,0,11,99.99,58,33.5,166.1
2026-05-23T07:38:25,36.9,1308,7941,0,11,99.99,65,34.4,166.1
2026-05-23T07:38:30,30.9,1295,7941,0,9,99.99,62,28.7,166.1
2026-05-23T07:38:35,33.5,1292,7941,0,9,99.99,62,30.6,166.1
2026-05-23T07:38:40,31.9,1302,7941,0,9,99.99,66,30.0,166.1
2026-05-23T07:38:45,41.8,1301,7941,0,9,99.99,61,39.6,166.1
2026-05-23T07:38:51,38.4,1296,7941,0,9,99.99,66,36.6,166.1
2026-05-23T07:38:56,30.6,1293,7941,0,9,99.99,63,27.8,166.1
2026-05-23T07:39:01,38.7,1303,7941,0,11,99.99,75,37.6,166.3
2026-05-23T07:39:07,41.3,1296,7941,0,11,99.99,69,42.5,166.3
2026-05-23T07:39:12,37.0,1299,7941,0,10,99.99,56,34.9,166.3
2026-05-23T07:39:18,39.4,1294,7941,0,10,99.99,77,37.3,166.3
2026-05-23T07:39:23,32.7,1298,7941,0,10,99.99,56,30.1,166.3
2026-05-23T07:39:28,34.2,1297,7941,0,9,99.99,70,32.1,166.3
2026-05-23T07:39:33,34.3,1296,7941,0,9,99.99,52,32.2,166.3
2026-05-23T07:39:39,38.4,1293,7941,0,9,99.99,82,36.5,166.3
2026-05-23T07:39:44,35.3,1301,7941,0,9,99.99,60,33.4,166.3
2026-05-23T07:39:49,38.7,1303,7941,0,9,99.99,67,36.4,166.3
2026-05-23T07:39:54,32.9,1300,7941,0,9,99.99,62,30.6,166.3
2026-05-23T07:40:00,37.0,1295,7941,0,9,99.99,60,35.1,166.3
2026-05-23T07:40:05,43.1,1304,7941,0,11,99.99,69,40.6,166.3
2026-05-23T07:40:10,30.7,1306,7941,0,11,99.99,59,28.5,166.3
2026-05-23T07:40:15,35.0,1300,7941,0,9,99.99,69,32.3,166.3
2026-05-23T07:40:21,38.9,1304,7941,0,9,99.99,68,36.7,166.3
2026-05-23T07:40:26,40.3,1292,7941,0,9,99.99,68,38.3,166.3
2026-05-23T07:40:31,39.7,1296,7941,0,9,99.99,62,38.0,166.3
2026-05-23T07:40:37,38.4,1299,7941,0,11,99.99,64,36.5,166.3
2026-05-23T07:40:42,40.9,1327,7941,0,11,99.99,70,33.7,166.3
2026-05-23T07:40:47,38.3,1314,7941,0,11,99.99,79,36.5,166.3
2026-05-23T07:40:52,38.7,1304,7941,0,9,99.99,63,36.7,166.3
2026-05-23T07:40:58,29.1,1301,7941,0,9,99.99,59,27.1,166.3
2026-05-23T07:41:03,34.9,1300,7941,0,9,99.99,61,33.5,166.3
2026-05-23T07:41:08,34.9,1297,7941,0,9,99.99,63,33.1,166.3
2026-05-23T07:41:13,35.8,1297,7941,0,10,99.99,60,33.7,166.3
2026-05-23T07:41:19,36.6,1310,7941,1,9,99.99,70,35.0,166.3
2026-05-23T07:41:24,34.8,1311,7941,0,8,99.99,77,32.3,166.3
2026-05-23T07:41:29,37.6,1302,7941,0,8,99.99,58,35.9,166.3
2026-05-23T07:41:34,37.3,1304,7941,0,8,99.99,69,35.0,166.3
2026-05-23T07:41:40,34.7,1317,7941,0,8,99.99,55,32.5,166.3
2026-05-23T07:41:45,36.8,1299,7941,0,9,99.99,66,34.6,166.3
2026-05-23T07:41:50,40.0,1304,7941,1,8,99.99,68,38.2,166.3
2026-05-23T07:41:55,32.1,1311,7941,0,10,99.99,65,29.5,166.3
2026-05-23T07:42:01,41.9,1313,7941,0,10,99.99,72,40.4,166.3
2026-05-23T07:42:06,40.3,1305,7941,0,9,99.99,69,38.4,166.3
2026-05-23T07:42:11,29.2,1302,7941,0,9,99.99,56,26.8,166.3
2026-05-23T07:42:17,41.8,1298,7941,1,8,99.99,70,40.0,166.3
2026-05-23T07:42:22,30.7,1296,7941,0,9,99.99,55,28.5,166.3
2026-05-23T07:42:27,35.0,1304,7941,0,9,99.99,73,32.8,166.3
2026-05-23T07:42:32,36.3,1293,7941,0,9,99.99,62,34.3,166.3
2026-05-23T07:42:38,39.0,1299,7941,0,9,99.99,73,37.5,166.3
2026-05-23T07:42:43,43.1,1299,7941,0,10,99.99,65,41.5,166.3
2026-05-23T07:42:48,31.8,1296,7941,0,10,99.99,57,29.3,166.3
2026-05-23T07:42:53,29.8,1292,7941,0,8,99.99,60,27.7,166.3
2026-05-23T07:42:59,36.6,1295,7941,0,9,99.99,58,34.5,166.3
2026-05-23T07:43:04,41.0,1299,7941,0,9,99.99,75,38.8,166.3
2026-05-23T07:43:09,36.4,1304,7941,0,9,99.99,59,34.1,166.3
2026-05-23T07:43:14,41.9,1297,7941,0,9,99.99,72,40.1,166.4
2026-05-23T07:43:20,33.6,1297,7941,0,9,99.99,66,31.5,166.4
2026-05-23T07:43:25,32.4,1296,7941,0,9,99.99,66,30.7,166.4
2026-05-23T07:43:30,33.7,1301,7941,0,10,99.99,61,31.4,166.4
2026-05-23T07:43:35,34.3,1300,7941,0,10,99.99,60,32.6,166.4
2026-05-23T07:43:40,35.5,1298,7941,0,9,99.99,66,33.8,166.4
2026-05-23T07:43:46,36.3,1307,7941,0,9,99.99,65,34.4,166.4
2026-05-23T07:43:51,41.1,1300,7941,0,10,99.99,65,39.4,166.4
2026-05-23T07:43:56,31.7,1303,7941,1,9,99.99,67,29.6,166.4
2026-05-23T07:44:01,35.0,1303,7941,0,9,99.99,62,33.2,166.4
2026-05-23T07:44:07,36.9,1301,7941,0,10,99.99,71,34.7,166.4
2026-05-23T07:44:12,36.3,1302,7941,0,10,99.99,73,34.4,166.4
2026-05-23T07:44:17,40.6,1290,7941,0,9,99.99,73,38.5,166.4
2026-05-23T07:44:22,33.9,1295,7941,0,8,99.99,57,32.0,166.4
2026-05-23T07:44:28,35.2,1296,7941,0,10,99.99,65,32.6,166.4
2026-05-23T07:44:33,33.7,1305,7941,0,10,99.99,64,31.7,166.4
2026-05-23T07:44:38,39.4,1295,7941,0,9,99.99,69,37.6,166.4
2026-05-23T07:44:43,37.3,1299,7941,0,9,99.99,59,35.6,166.4
2026-05-23T07:44:49,30.6,1298,7941,0,9,99.99,72,28.0,166.4
2026-05-23T07:44:54,42.3,1303,7941,0,9,99.99,66,40.6,166.4
2026-05-23T07:44:59,34.2,1304,7941,0,9,99.99,53,32.1,166.4
2026-05-23T07:45:04,35.2,1300,7941,0,9,99.99,63,33.5,166.4
2026-05-23T07:45:10,40.2,1294,7941,0,8,99.99,65,38.3,166.4
2026-05-23T07:45:15,38.7,1304,7941,0,8,99.99,64,36.5,166.4
2026-05-23T07:45:20,35.2,1302,7941,0,9,99.99,71,33.1,166.4
2026-05-23T07:45:25,40.9,1297,7941,0,9,99.99,77,39.1,166.4
2026-05-23T07:45:30,44.1,1302,7941,0,11,99.99,62,42.6,166.4
2026-05-23T07:45:36,34.3,1314,7941,0,11,99.99,73,32.4,166.4
2026-05-23T07:45:41,36.5,1307,7941,0,9,99.99,56,34.4,166.4
2026-05-23T07:45:46,27.9,1299,7941,0,8,99.99,70,25.6,166.4
2026-05-23T07:45:51,42.0,1303,7941,0,8,99.99,68,40.2,166.4
2026-05-23T07:45:57,26.5,1303,7941,1,8,99.99,66,24.2,166.4
2026-05-23T07:46:02,42.4,1300,7941,0,10,99.99,53,40.6,166.4
2026-05-23T07:46:07,33.1,1300,7941,0,10,99.99,64,31.1,166.4
2026-05-23T07:46:12,30.4,1300,7941,0,10,99.99,68,28.3,166.4
2026-05-23T07:46:18,32.4,1296,7941,0,9,99.99,65,30.1,166.4
2026-05-23T07:46:23,32.5,1294,7941,0,8,99.99,52,30.6,166.4
2026-05-23T07:46:28,37.1,1295,7941,0,8,99.99,74,34.9,166.4
2026-05-23T07:46:33,33.0,1299,7941,0,9,99.99,59,31.1,166.4
2026-05-23T07:46:38,45.6,1300,7941,0,11,99.99,72,43.8,166.4
2026-05-23T07:46:44,37.9,1305,7941,0,11,99.99,65,36.2,166.4
2026-05-23T07:46:49,28.1,1299,7941,0,9,99.99,59,26.1,166.4
2026-05-23T07:46:54,40.6,1305,7941,0,9,99.99,67,38.9,166.4
2026-05-23T07:46:59,34.4,1301,7941,0,9,99.99,67,32.5,166.4
2026-05-23T07:47:05,34.2,1301,7941,0,11,99.99,54,31.9,166.4
2026-05-23T07:47:10,44.8,1304,7941,0,11,99.99,73,43.1,166.4
2026-05-23T07:47:15,58.1,1300,7941,0,11,99.99,75,53.7,166.5
2026-05-23T07:47:21,35.3,1308,7941,0,11,99.99,49,33.4,166.5
2026-05-23T07:47:26,38.0,1304,7941,0,10,99.99,82,35.6,166.5
2026-05-23T07:47:31,45.3,1301,7941,0,11,99.99,70,43.5,166.5
2026-05-23T07:47:37,35.9,1300,7941,0,9,99.99,68,33.8,166.5
2026-05-23T07:47:42,32.7,1296,7941,0,9,99.99,59,30.3,166.5
2026-05-23T07:47:47,37.0,1300,7941,1,10,99.99,63,34.9,166.5
2026-05-23T07:47:52,34.5,1302,7941,0,11,99.99,68,32.1,166.5
2026-05-23T07:47:58,37.1,1307,7941,0,11,99.99,74,35.0,166.5
2026-05-23T07:48:03,41.3,1301,7941,0,10,99.99,73,39.2,166.5
2026-05-23T07:48:08,39.9,1301,7941,0,10,99.99,58,37.8,166.5
2026-05-23T07:48:13,30.6,1296,7941,0,9,99.99,59,28.5,166.5
2026-05-23T07:48:19,36.5,1302,7941,0,9,99.99,65,34.2,166.5
2026-05-23T07:48:24,35.6,1296,7941,0,9,99.99,66,33.4,166.5
2026-05-23T07:48:29,40.0,1292,7941,0,9,99.99,68,38.0,166.5
2026-05-23T07:48:35,42.9,1297,7941,0,9,99.99,79,40.1,166.5
2026-05-23T07:48:40,34.1,1311,7941,0,9,99.99,64,31.1,166.5
2026-05-23T07:48:45,41.1,1297,7941,0,8,99.99,73,39.0,166.5
2026-05-23T07:48:50,35.0,1289,7941,0,8,99.99,51,33.2,166.5
2026-05-23T07:48:56,31.6,1296,7941,0,9,99.99,73,29.2,166.5
2026-05-23T07:49:01,32.7,1298,7941,0,10,99.99,49,30.9,166.5
2026-05-23T07:49:06,39.5,1293,7941,0,9,99.99,69,37.5,166.5
2026-05-23T07:49:12,36.8,1301,7941,0,9,99.99,66,34.9,166.5
2026-05-23T07:49:17,40.2,1292,7941,0,9,99.99,73,37.5,166.5
2026-05-23T07:49:22,35.2,1307,7941,0,10,99.99,55,32.6,166.5
2026-05-23T07:49:27,36.7,1307,7941,0,10,99.99,76,34.5,166.5
2026-05-23T07:49:33,37.0,1298,7941,0,9,99.99,55,35.0,166.5
2026-05-23T07:49:38,36.1,1298,7941,0,10,99.99,71,33.6,166.5
2026-05-23T07:49:43,32.9,1300,7941,0,10,99.99,48,31.1,166.5
2026-05-23T07:49:48,33.7,1287,7941,0,8,99.99,78,31.2,166.5
2026-05-23T07:49:54,38.4,1289,7941,1,8,99.99,64,36.5,166.5
2026-05-23T07:49:59,35.0,1293,7941,0,9,99.99,66,32.7,166.5
2026-05-23T07:50:04,41.6,1305,7941,0,10,99.99,72,40.6,166.7
2026-05-23T07:50:10,42.5,1303,7941,0,10,99.99,55,40.7,166.7
2026-05-23T07:50:15,38.4,1308,7941,0,11,99.99,72,35.9,166.7
2026-05-23T07:50:20,39.6,1306,7941,0,11,99.99,65,37.4,166.7
2026-05-23T07:50:25,39.1,1298,7941,0,10,99.99,84,36.5,166.7
2026-05-23T07:50:31,40.9,1298,7941,0,9,99.99,55,39.1,166.7
2026-05-23T07:50:36,32.4,1305,7941,0,9,99.99,56,29.7,166.7
2026-05-23T07:50:41,34.6,1294,7941,0,9,99.99,61,32.3,166.7
2026-05-23T07:50:47,40.7,1301,7941,0,9,99.99,64,38.8,166.7
2026-05-23T07:50:52,37.3,1300,7941,0,10,99.99,74,35.4,166.7
2026-05-23T07:50:57,32.1,1296,7941,0,10,99.99,56,29.5,166.7
2026-05-23T07:51:02,41.3,1307,7941,1,7,99.99,69,39.4,166.7
2026-05-23T07:51:08,40.6,1304,7941,0,10,99.99,64,38.0,166.7
2026-05-23T07:51:13,34.8,1301,7941,0,10,99.99,63,32.8,166.7
2026-05-23T07:51:18,39.6,1297,7941,0,9,99.99,77,37.3,166.7
2026-05-23T07:51:23,32.8,1296,7941,0,9,99.99,68,30.2,166.7
2026-05-23T07:51:29,41.1,1298,7941,0,9,99.99,56,39.4,166.7
2026-05-23T07:51:34,37.0,1300,7941,0,10,99.99,70,34.8,166.7
2026-05-23T07:51:39,39.2,1310,7941,0,10,99.99,69,37.5,166.7
2026-05-23T07:51:44,35.5,1295,7941,0,9,99.99,70,33.6,166.7
2026-05-23T07:51:50,33.9,1296,7941,0,9,99.99,57,31.7,166.7
2026-05-23T07:51:55,40.3,1296,7941,0,9,99.99,74,38.1,166.7
2026-05-23T07:52:00,36.7,1295,7941,0,9,99.99,56,34.7,166.7
2026-05-23T07:52:06,39.5,1297,7941,0,10,99.99,68,36.9,166.7
2026-05-23T07:52:11,36.8,1298,7941,0,10,99.99,63,34.5,166.7
2026-05-23T07:52:16,38.1,1302,7941,0,10,99.99,75,35.6,166.7
2026-05-23T07:52:21,35.6,1304,7941,0,10,99.99,55,33.6,166.7
2026-05-23T07:52:27,38.4,1306,7941,0,10,99.99,67,35.9,166.7
2026-05-23T07:52:32,45.9,1303,7941,1,9,99.99,66,44.0,166.7
2026-05-23T07:52:37,36.1,1308,7941,1,10,99.99,72,33.8,166.7
2026-05-23T07:52:42,39.5,1306,7941,0,9,99.99,69,36.0,166.7
2026-05-23T07:52:48,38.3,1312,7941,0,10,99.99,63,35.5,166.7
2026-05-23T07:52:53,38.9,1303,7941,0,9,99.99,59,37.1,166.7
2026-05-23T07:52:58,36.4,1304,7941,0,8,99.99,70,34.1,166.7
2026-05-23T07:53:04,40.5,1310,7941,0,11,99.99,81,38.0,166.7
2026-05-23T07:53:09,39.0,1308,7941,0,11,99.99,67,37.0,166.8
2026-05-23T07:53:14,39.8,1313,7941,0,10,99.99,58,37.5,166.8
2026-05-23T07:53:19,37.0,1315,7941,0,11,99.99,75,34.6,166.8
2026-05-23T07:53:25,42.8,1309,7941,0,11,99.99,58,40.4,166.8
2026-05-23T07:53:30,32.0,1308,7941,0,10,99.99,59,30.2,166.8
2026-05-23T07:53:35,34.4,1305,7941,0,9,99.99,64,31.6,166.8
2026-05-23T07:53:41,36.5,1312,7941,1,8,99.99,68,34.6,166.8
2026-05-23T07:53:46,38.2,1303,7941,0,9,99.99,62,35.9,166.8
2026-05-23T07:53:51,33.9,1311,7941,0,9,99.99,75,31.9,166.8
2026-05-23T07:53:56,37.4,1309,7941,0,10,99.99,68,34.8,166.8
2026-05-23T07:54:02,31.2,1311,7941,0,10,99.99,57,29.0,166.8
2026-05-23T07:54:07,40.8,1307,7941,0,10,99.99,65,39.2,166.8
2026-05-23T07:54:12,38.0,1312,7941,0,11,99.99,58,36.3,166.8
2026-05-23T07:54:18,39.7,1309,7941,0,11,99.99,83,37.0,166.8
2026-05-23T07:54:23,30.6,1307,7941,0,11,99.99,58,27.7,166.8
2026-05-23T07:54:28,33.7,1314,7941,0,11,99.99,65,30.8,166.8
2026-05-23T07:54:34,35.5,1306,7941,0,9,99.99,59,33.5,166.8
2026-05-23T07:54:39,40.5,1308,7941,0,9,99.99,70,38.0,166.8
2026-05-23T07:54:44,38.0,1308,7941,0,9,99.99,70,35.9,166.8
2026-05-23T07:54:49,32.0,1310,7941,0,11,99.99,61,29.6,166.8
2026-05-23T07:54:55,41.8,1320,7941,0,11,99.99,68,39.8,166.8
2026-05-23T07:55:00,39.5,1308,7941,0,9,99.99,69,37.6,166.8
2026-05-23T07:55:05,41.9,1305,7941,0,9,99.99,57,39.9,166.8
2026-05-23T07:55:11,39.9,1298,7941,0,9,99.99,62,38.8,166.8
2026-05-23T07:55:16,39.3,1302,7941,0,10,99.99,71,36.1,166.8
2026-05-23T07:55:21,39.2,1308,7941,0,10,99.99,53,36.8,166.8
2026-05-23T07:55:26,35.1,1311,7941,0,9,99.99,65,32.9,166.8
2026-05-23T07:55:32,32.9,1313,7941,0,10,99.99,59,30.9,166.8
2026-05-23T07:55:37,38.0,1314,7941,0,10,99.99,80,35.6,166.8
2026-05-23T07:55:42,35.3,1328,7941,1,8,99.99,58,32.6,166.8
2026-05-23T07:55:48,35.1,1307,7941,0,9,99.99,65,32.8,166.8
2026-05-23T07:55:53,36.5,1303,7941,0,9,99.99,48,34.7,166.8
2026-05-23T07:55:58,36.2,1308,7941,0,11,99.99,72,33.7,166.8
2026-05-23T07:56:03,37.7,1313,7941,0,11,99.99,61,35.1,166.9
2026-05-23T07:56:09,39.5,1298,7941,0,9,99.99,66,37.4,166.9
2026-05-23T07:56:14,36.6,1309,7941,0,10,99.99,64,34.3,166.9
2026-05-23T07:56:19,39.2,1303,7941,0,10,99.99,75,37.0,166.9
2026-05-23T07:56:24,35.5,1300,7941,0,9,99.99,71,32.7,166.9
2026-05-23T07:56:30,37.3,1300,7941,0,9,99.99,62,35.1,166.9
2026-05-23T07:56:35,38.3,1305,7941,0,10,99.99,64,36.0,166.9
2026-05-23T07:56:40,35.9,1318,7941,1,9,99.99,61,34.2,166.9
2026-05-23T07:56:46,42.7,1310,7941,0,9,99.99,71,40.5,166.9
2026-05-23T07:56:51,37.8,1308,7941,0,9,99.99,68,36.1,166.9
2026-05-23T07:56:56,36.3,1311,7941,0,10,99.99,64,33.8,166.9
2026-05-23T07:57:01,39.4,1307,7941,0,10,99.99,63,37.0,166.9
2026-05-23T07:57:07,40.6,1297,7941,0,9,99.99,79,38.8,166.9
2026-05-23T07:57:12,35.0,1299,7941,0,8,99.99,57,32.9,166.9
2026-05-23T07:57:18,36.8,1307,7941,0,10,99.99,72,34.0,166.9
2026-05-23T07:57:23,37.8,1305,7941,0,10,99.99,55,35.7,166.9
2026-05-23T07:57:28,34.8,1298,7941,0,8,99.99,64,32.4,166.9
2026-05-23T07:57:33,39.0,1301,7941,0,9,99.99,69,37.0,166.9
2026-05-23T07:57:39,31.0,1302,7941,0,9,99.99,55,28.7,166.9
2026-05-23T07:57:44,39.0,1304,7941,0,9,99.99,67,36.6,166.9
2026-05-23T07:57:49,35.2,1306,7941,0,9,99.99,61,33.6,166.9
2026-05-23T07:57:54,34.7,1305,7941,1,9,99.99,62,31.9,166.9
2026-05-23T07:58:00,33.8,1307,7941,0,11,99.99,60,31.8,166.9
2026-05-23T07:58:05,40.8,1304,7941,0,11,99.99,69,38.5,166.9
2026-05-23T07:58:10,39.6,1310,7941,0,11,99.99,58,37.5,166.9
2026-05-23T07:58:15,39.2,1298,7941,0,9,99.99,81,36.6,166.9
2026-05-23T07:58:21,38.2,1299,7941,0,9,99.99,63,36.0,166.9
2026-05-23T07:58:26,40.0,1303,7941,0,9,99.99,60,37.5,166.9
2026-05-23T07:58:31,37.4,1303,7941,0,9,99.99,68,35.5,166.9
2026-05-23T07:58:37,35.1,1308,7941,0,9,99.99,61,32.5,166.9
2026-05-23T07:58:42,36.0,1293,7941,0,9,99.99,55,33.9,166.9
2026-05-23T07:58:47,41.4,1301,7941,0,11,99.99,84,38.7,166.9
2026-05-23T07:58:52,37.3,1305,7941,0,11,99.99,54,35.1,166.9
2026-05-23T07:58:58,36.5,1300,7941,0,9,99.99,65,34.2,166.9
2026-05-23T07:59:03,40.3,1303,7941,0,10,99.99,78,38.3,166.9
2026-05-23T07:59:08,32.3,1300,7941,1,9,99.99,63,29.6,166.9
2026-05-23T07:59:13,39.5,1299,7941,0,9,99.99,59,36.9,166.9
2026-05-23T07:59:19,40.6,1295,7941,1,8,99.99,64,38.6,166.9
2026-05-23T07:59:24,38.4,1302,7941,0,9,99.99,68,35.8,166.9
2026-05-23T07:59:29,33.5,1302,7941,0,10,99.99,76,31.4,166.9
2026-05-23T07:59:35,37.5,1302,7941,0,9,99.99,57,35.6,166.9
2026-05-23T07:59:40,38.1,1306,7941,0,9,99.99,74,35.6,166.9
2026-05-23T07:59:45,38.8,1296,7941,0,9,99.99,65,36.6,166.9
2026-05-23T07:59:50,32.1,1299,7941,0,10,99.99,56,29.8,166.9
2026-05-23T07:59:56,34.6,1297,7941,0,10,99.99,63,32.5,166.9
2026-05-23T08:00:01,35.7,1301,7941,0,11,99.99,71,33.7,166.9
2026-05-23T08:00:06,54.5,1301,7941,0,11,99.99,75,58.4,166.9
2026-05-23T08:00:12,51.0,1302,7941,0,11,99.99,62,51.6,166.9
2026-05-23T08:00:17,41.8,1300,7941,0,11,99.99,65,39.0,166.9
2026-05-23T08:00:23,38.8,1303,7941,0,10,99.99,56,36.7,166.9
2026-05-23T08:00:28,37.5,1298,7941,0,9,99.99,73,34.8,166.9
2026-05-23T08:00:33,38.6,1296,7941,0,9,99.99,63,36.4,166.9
2026-05-23T08:00:38,35.4,1300,7941,0,10,99.99,63,33.1,166.9
2026-05-23T08:00:44,35.2,1298,7941,0,10,99.99,65,33.2,166.9
2026-05-23T08:00:49,35.3,1301,7941,0,9,99.99,68,33.0,166.9
2026-05-23T08:00:54,40.3,1294,7941,0,8,99.99,66,38.2,166.9
2026-05-23T08:00:59,38.2,1302,7941,0,10,99.99,55,36.2,166.9
2026-05-23T08:01:05,41.3,1298,7941,0,10,99.99,71,39.1,166.9
2026-05-23T08:01:10,33.0,1303,7941,0,11,99.99,74,30.8,166.9
2026-05-23T08:01:15,35.6,1308,7941,0,11,99.99,69,32.6,166.9
2026-05-23T08:01:20,37.0,1297,7941,0,10,99.99,57,35.2,166.9
2026-05-23T08:01:26,31.8,1300,7941,0,10,99.99,64,29.5,166.9
2026-05-23T08:01:31,38.2,1293,7941,2,7,99.99,64,36.4,166.9
2026-05-23T08:01:36,34.3,1295,7941,0,9,99.99,66,32.2,166.9
2026-05-23T08:01:41,38.8,1303,7941,0,9,99.99,70,36.4,166.9
2026-05-23T08:01:47,50.4,1293,7941,0,9,99.99,77,38.0,166.9
2026-05-23T08:01:52,33.5,1301,7941,0,11,99.99,50,31.1,166.9
2026-05-23T08:01:57,36.9,1304,7941,0,11,99.99,75,35.3,166.9
2026-05-23T08:02:02,35.6,1304,7941,0,11,99.99,66,33.6,166.9
2026-05-23T08:02:08,39.3,1301,7941,0,10,99.99,63,37.5,166.9
2026-05-23T08:02:13,32.6,1306,7941,0,10,99.99,73,30.2,166.9
2026-05-23T08:02:18,38.3,1301,7941,0,10,99.99,66,36.4,166.9
2026-05-23T08:02:23,35.7,1309,7941,0,10,99.99,66,33.8,166.9
2026-05-23T08:02:29,36.6,1297,7941,0,9,99.99,73,34.6,166.9
2026-05-23T08:02:34,38.9,1298,7941,0,9,99.99,74,36.8,166.9
2026-05-23T08:02:39,31.4,1300,7941,0,9,99.99,65,29.3,166.9
2026-05-23T08:02:44,38.2,1297,7941,0,9,99.99,66,36.1,166.9
2026-05-23T08:02:49,39.3,1298,7941,0,9,99.99,71,37.5,166.9
2026-05-23T08:02:55,38.7,1296,7941,0,9,99.99,75,36.5,166.9
2026-05-23T08:03:00,31.8,1304,7941,0,9,99.99,63,29.7,166.9
2026-05-23T08:03:05,38.9,1293,7941,0,8,99.99,64,36.6,166.9
2026-05-23T08:03:10,36.9,1304,7941,0,8,99.99,61,35.2,166.9
2026-05-23T08:03:16,30.7,1298,7941,0,8,99.99,59,27.8,166.9
2026-05-23T08:03:21,36.1,1295,7941,0,8,99.99,60,34.4,166.9
2026-05-23T08:03:26,32.1,1300,7941,0,9,99.99,65,30.1,166.9
2026-05-23T08:03:31,36.5,1299,7941,0,9,99.99,67,34.8,166.9
2026-05-23T08:03:37,34.2,1299,7941,0,9,99.99,55,32.1,166.9
2026-05-23T08:03:42,38.2,1318,7941,0,9,99.99,69,34.8,166.9
2026-05-23T08:03:47,43.1,1304,7941,0,10,99.99,70,39.2,166.9
2026-05-23T08:03:52,35.1,1303,7941,0,10,99.99,56,32.9,166.9
2026-05-23T08:03:58,35.2,1298,7941,0,8,99.99,82,32.9,166.9
2026-05-23T08:04:03,37.3,1302,7941,0,10,99.99,55,35.0,166.9
2026-05-23T08:04:08,42.7,1295,7941,0,9,99.99,69,40.6,166.9
2026-05-23T08:04:13,32.8,1305,7941,0,11,99.99,52,30.4,166.9
2026-05-23T08:04:19,38.6,1309,7941,0,11,99.99,77,36.4,166.9
2026-05-23T08:04:24,37.7,1301,7941,0,9,99.99,69,36.0,166.9
2026-05-23T08:04:29,37.2,1300,7941,0,9,99.99,63,35.2,166.9
2026-05-23T08:04:35,36.4,1304,7941,0,10,99.99,65,34.0,166.9
2026-05-23T08:04:40,42.7,1320,7941,0,11,99.99,55,35.5,166.9
2026-05-23T08:04:45,40.0,1307,7941,0,11,99.99,74,37.7,166.9
2026-05-23T08:04:50,36.0,1309,7941,0,11,99.99,60,33.8,166.9
2026-05-23T08:04:56,40.2,1309,7941,0,11,99.99,74,38.0,166.9
2026-05-23T08:05:01,33.0,1298,7941,0,8,99.99,58,30.9,166.9
2026-05-23T08:05:06,48.0,1301,7941,0,11,99.99,70,47.9,166.9
2026-05-23T08:05:12,31.2,1309,7941,0,11,99.99,62,28.9,166.9
2026-05-23T08:05:17,44.1,1301,7941,0,9,99.99,73,41.8,166.9
2026-05-23T08:05:22,36.1,1299,7941,0,9,99.99,66,33.6,166.9
2026-05-23T08:05:27,38.4,1300,7941,0,9,99.99,66,36.1,166.9
2026-05-23T08:05:33,34.2,1311,7941,0,9,99.99,57,32.4,166.9
2026-05-23T08:05:38,30.0,1299,7941,0,9,99.99,73,26.7,166.9
2026-05-23T08:05:43,43.4,1308,7941,0,9,99.99,56,42.0,166.9
2026-05-23T08:05:49,30.8,1301,7941,0,10,99.99,55,27.7,166.9
2026-05-23T08:05:54,41.7,1304,7941,0,10,99.99,60,40.1,166.9
2026-05-23T08:05:59,31.3,1305,7941,0,10,99.99,68,28.8,166.9
2026-05-23T08:06:04,45.8,1306,7941,0,9,99.99,66,43.8,166.9
2026-05-23T08:06:10,38.2,1303,7941,0,9,99.99,67,36.4,166.9
2026-05-23T08:06:15,34.4,1306,7941,0,11,99.99,59,31.7,166.9
2026-05-23T08:06:20,36.7,1306,7941,0,11,99.99,62,34.7,166.9
2026-05-23T08:06:26,38.8,1299,7941,0,10,99.99,60,36.5,166.9
2026-05-23T08:06:31,36.0,1308,7941,0,10,99.99,69,33.5,166.9
2026-05-23T08:06:36,44.7,1303,7941,0,10,99.99,68,43.1,166.9
2026-05-23T08:06:41,34.9,1301,7941,1,8,99.99,71,32.6,166.9
2026-05-23T08:06:47,40.0,1300,7941,0,9,99.99,52,37.7,166.9
2026-05-23T08:06:52,37.7,1304,7941,0,9,99.99,64,35.6,166.9
2026-05-23T08:06:57,36.8,1305,7941,0,9,99.99,81,34.8,166.9
2026-05-23T08:07:03,38.6,1310,7941,1,9,99.99,59,36.4,166.9
2026-05-23T08:07:08,40.1,1304,7941,0,11,99.99,72,37.7,166.9
2026-05-23T08:07:13,36.8,1302,7941,0,11,99.99,63,34.2,166.9
2026-05-23T08:07:18,38.8,1294,7941,0,10,99.99,64,36.5,166.9
2026-05-23T08:07:24,38.9,1303,7941,0,10,99.99,70,36.4,166.9
2026-05-23T08:07:29,34.8,1302,7941,0,9,99.99,56,33.0,166.9
2026-05-23T08:07:34,36.7,1305,7941,0,11,99.99,73,33.6,166.9
2026-05-23T08:07:39,36.7,1311,7941,0,11,99.99,56,34.3,166.9
2026-05-23T08:07:45,37.1,1300,7941,0,9,99.99,65,34.8,167.1
2026-05-23T08:07:50,39.3,1296,7941,0,9,99.99,76,37.1,167.1
2026-05-23T08:07:55,39.2,1298,7941,0,10,99.99,58,36.2,167.1
2026-05-23T08:08:00,39.2,1303,7941,0,10,99.99,74,37.4,167.1
2026-05-23T08:08:06,40.0,1299,7941,0,10,99.99,74,37.5,167.1
2026-05-23T08:08:11,35.9,1309,7941,0,10,99.99,58,34.0,167.1
2026-05-23T08:08:16,32.1,1297,7941,0,8,99.99,70,30.2,167.1
2026-05-23T08:08:22,40.3,1297,7941,0,9,99.99,51,39.0,167.1
2026-05-23T08:08:27,40.7,1303,7941,0,9,99.99,77,38.3,167.2
2026-05-23T08:08:32,36.5,1311,7941,0,10,99.99,75,34.0,167.2
2026-05-23T08:08:38,34.5,1307,7941,0,10,99.99,67,31.6,167.2
2026-05-23T08:08:43,38.7,1309,7941,0,9,99.99,64,36.9,167.2
2026-05-23T08:08:48,39.8,1299,7941,0,9,99.99,54,37.5,167.2
2026-05-23T08:08:53,34.8,1302,7941,0,11,99.99,59,32.8,167.2
2026-05-23T08:08:59,39.2,1308,7941,0,11,99.99,67,37.0,167.2
2026-05-23T08:09:04,45.9,1305,7941,1,9,99.99,72,46.1,167.2
2026-05-23T08:09:09,38.6,1306,7941,0,10,99.99,60,36.2,167.2
2026-05-23T08:09:15,39.9,1301,7941,0,9,99.99,58,38.0,167.2
2026-05-23T08:09:20,36.2,1309,7941,0,10,99.99,67,33.8,167.2
2026-05-23T08:09:25,35.3,1303,7941,0,10,99.99,54,32.3,167.2
2026-05-23T08:09:30,37.0,1299,7941,0,9,99.99,76,35.4,167.2
2026-05-23T08:09:36,39.7,1309,7941,1,8,99.99,64,37.1,167.2
2026-05-23T08:09:41,33.7,1308,7941,0,9,99.99,70,31.2,167.2
2026-05-23T08:09:46,45.8,1309,7941,0,9,99.99,68,44.0,167.2
2026-05-23T08:09:52,34.9,1309,7941,0,9,99.99,63,32.5,167.2
2026-05-23T08:09:57,36.2,1299,7941,0,9,99.99,66,33.7,167.2
2026-05-23T08:10:02,42.7,1306,7941,0,9,99.99,70,42.9,167.2
2026-05-23T08:10:08,43.2,1311,7941,0,11,99.99,49,45.2,167.2
2026-05-23T08:10:13,39.9,1302,7941,0,11,99.99,66,37.7,167.2
2026-05-23T08:10:19,38.6,1309,7941,0,11,99.99,60,35.6,167.2
2026-05-23T08:10:24,46.4,1300,7941,0,9,99.99,76,45.4,167.2
2026-05-23T08:10:29,35.1,1305,7941,0,9,99.99,58,32.6,167.2
2026-05-23T08:10:35,43.5,1300,7941,1,8,99.99,62,41.2,167.2
2026-05-23T08:10:40,35.3,1302,7941,0,11,99.99,77,32.6,167.2
2026-05-23T08:10:45,41.6,1303,7941,0,11,99.99,68,38.9,167.2
2026-05-23T08:10:50,34.0,1302,7941,0,9,99.99,69,31.9,167.2
2026-05-23T08:10:56,39.7,1300,7941,0,10,99.99,61,37.8,167.2
2026-05-23T08:11:01,37.7,1296,7941,0,9,99.99,65,37.5,167.2
2026-05-23T08:11:07,41.6,1300,7941,0,10,99.99,68,40.0,167.2
2026-05-23T08:11:12,37.1,1305,7941,0,10,99.99,65,34.7,167.2
2026-05-23T08:11:17,38.6,1297,7941,0,8,99.99,77,35.6,167.2
2026-05-23T08:11:22,38.0,1302,7941,0,9,99.99,57,36.1,167.2
2026-05-23T08:11:28,39.4,1299,7941,0,9,99.99,58,36.8,167.2
2026-05-23T08:11:33,30.8,1305,7941,0,11,99.99,63,28.3,167.2
2026-05-23T08:11:38,36.1,1294,7941,1,9,99.99,53,34.0,167.2
2026-05-23T08:11:43,39.2,1309,7941,2,7,99.99,77,36.2,167.2
2026-05-23T08:11:49,43.7,1316,7941,0,9,99.99,81,41.3,167.2
2026-05-23T08:11:54,37.1,1310,7941,0,9,99.99,63,34.6,167.2
2026-05-23T08:11:59,36.2,1311,7941,0,9,99.99,69,34.4,167.2
2026-05-23T08:12:05,38.7,1300,7941,1,9,99.99,68,36.5,167.2
2026-05-23T08:12:10,43.0,1302,7941,0,10,99.99,57,41.1,167.2
2026-05-23T08:12:15,37.4,1301,7941,0,10,99.99,68,35.7,167.2
2026-05-23T08:12:20,31.5,1300,7941,0,10,99.99,61,29.4,167.2
2026-05-23T08:12:26,39.1,1302,7941,0,8,99.99,73,36.7,167.2
2026-05-23T08:12:31,38.2,1296,7941,0,9,99.99,62,36.3,167.2
2026-05-23T08:12:36,43.0,1297,7941,0,9,99.99,64,41.3,167.2
2026-05-23T08:12:41,33.0,1306,7941,0,11,99.99,62,30.6,167.2
2026-05-23T08:12:47,33.3,1310,7941,1,10,99.99,77,31.0,167.2
2026-05-23T08:12:52,38.0,1296,7941,0,9,99.99,47,36.0,167.2
2026-05-23T08:12:57,37.2,1295,7941,0,9,99.99,76,35.2,167.2
2026-05-23T08:13:02,41.9,1305,7941,0,11,99.99,76,39.5,167.2
2026-05-23T08:13:08,36.1,1305,7941,0,11,99.99,62,33.8,167.2
2026-05-23T08:13:13,37.2,1309,7941,0,11,99.99,65,35.2,167.2
2026-05-23T08:13:18,34.5,1302,7941,0,9,99.99,63,31.7,167.2
2026-05-23T08:13:23,35.8,1300,7941,0,9,99.99,60,34.0,167.2
2026-05-23T08:13:29,35.5,1303,7941,0,9,99.99,66,33.0,167.2
2026-05-23T08:13:34,31.8,1296,7941,0,9,99.99,47,29.6,167.2
2026-05-23T08:13:39,37.3,1298,7941,0,8,99.99,69,35.3,167.2
2026-05-23T08:13:44,38.0,1302,7941,0,9,99.99,85,35.9,167.2
2026-05-23T08:13:50,31.5,1308,7941,2,8,99.99,55,29.2,167.2
2026-05-23T08:13:55,38.6,1304,7941,0,11,99.99,77,36.8,167.2
2026-05-23T08:14:00,43.0,1306,7941,0,11,99.99,64,41.3,167.2
2026-05-23T08:14:05,36.5,1310,7941,0,11,99.99,77,34.1,167.2
2026-05-23T08:14:11,40.7,1302,7941,0,11,99.99,57,39.4,167.2
2026-05-23T08:14:16,43.7,1294,7941,0,9,99.99,71,41.2,167.2
2026-05-23T08:14:21,31.5,1305,7941,0,11,99.99,75,29.0,167.2
2026-05-23T08:14:26,36.2,1308,7941,0,11,99.99,60,34.2,167.2
2026-05-23T08:14:32,44.1,1313,7941,0,11,99.99,71,42.5,167.2
2026-05-23T08:14:37,36.6,1303,7941,0,11,99.99,76,33.7,167.2
2026-05-23T08:14:42,38.1,1297,7941,0,9,99.99,69,35.7,167.2
2026-05-23T08:14:47,33.0,1305,7941,0,11,99.99,63,30.3,167.2
2026-05-23T08:14:53,37.2,1310,7941,0,11,99.99,62,34.9,167.2
2026-05-23T08:14:58,33.4,1306,7941,0,10,99.99,65,31.6,167.2
2026-05-23T08:15:03,36.7,1309,7941,0,11,99.99,59,35.0,167.2
2026-05-23T08:15:08,44.0,1305,7941,0,11,99.99,69,42.1,167.2
2026-05-23T08:15:14,29.0,1294,7941,0,9,99.99,72,26.1,167.2
2026-05-23T08:15:19,31.1,1296,7941,0,9,99.99,45,28.8,167.2
2026-05-23T08:15:24,42.4,1297,7941,0,9,99.99,84,40.2,167.2
2026-05-23T08:15:29,31.8,1301,7941,0,9,99.99,56,30.0,167.2
2026-05-23T08:15:35,37.2,1305,7941,0,9,99.99,81,34.8,167.2
2026-05-23T08:15:40,37.3,1298,7941,0,9,99.99,66,35.1,167.2
2026-05-23T08:15:45,37.7,1304,7941,0,10,99.99,54,35.4,167.2
2026-05-23T08:15:50,35.2,1310,7941,0,10,99.99,66,33.9,167.2
2026-05-23T08:15:56,36.7,1308,7941,2,9,99.99,76,34.0,167.2
2026-05-23T08:16:01,36.2,1313,7941,0,11,99.99,58,34.5,167.2
2026-05-23T08:16:06,36.8,1301,7941,0,10,99.99,76,35.0,167.2
2026-05-23T08:16:12,39.7,1305,7941,0,9,99.99,54,37.8,167.2
2026-05-23T08:16:17,32.9,1308,7941,0,8,99.99,63,27.7,167.2
2026-05-23T08:16:22,42.6,1304,7941,0,9,99.99,72,41.1,167.2
2026-05-23T08:16:27,27.7,1308,7941,0,9,99.99,67,25.0,167.2
2026-05-23T08:16:33,35.2,1311,7941,0,9,99.99,62,32.8,167.2
2026-05-23T08:16:38,37.4,1308,7941,0,9,99.99,59,35.1,167.2
2026-05-23T08:16:43,38.1,1313,7941,0,11,99.99,78,35.9,167.2
2026-05-23T08:16:48,31.9,1319,7941,0,11,99.99,55,29.5,167.2
2026-05-23T08:16:54,38.6,1307,7941,0,9,99.99,71,36.5,167.2
2026-05-23T08:16:59,38.4,1304,7941,0,9,99.99,68,36.5,167.2
2026-05-23T08:17:04,39.2,1313,7941,0,11,99.99,67,36.5,167.2
2026-05-23T08:17:09,37.2,1312,7941,0,11,99.99,64,35.2,167.2
2026-05-23T08:17:15,38.3,1320,7941,0,11,99.99,68,35.6,167.2
2026-05-23T08:17:20,34.0,1315,7941,0,10,99.99,63,31.6,167.2
2026-05-23T08:17:25,38.2,1319,7941,0,10,99.99,79,36.1,167.2
2026-05-23T08:17:30,43.9,1309,7941,0,9,99.99,68,41.8,167.2
2026-05-23T08:17:36,37.0,1309,7941,0,10,99.99,52,34.6,167.2
2026-05-23T08:17:41,34.9,1311,7941,0,10,99.99,74,32.7,167.2
2026-05-23T08:17:46,37.0,1306,7941,0,9,99.99,62,34.7,167.2
2026-05-23T08:17:52,37.4,1311,7941,0,8,99.99,74,35.3,167.2
2026-05-23T08:17:57,32.8,1304,7941,0,10,99.99,67,30.2,167.2
2026-05-23T08:18:02,41.6,1316,7941,0,11,99.99,60,39.8,167.2
2026-05-23T08:18:07,39.2,1317,7941,0,11,99.99,83,37.1,167.2
2026-05-23T08:18:13,35.7,1320,7941,0,10,99.99,60,33.9,167.2
2026-05-23T08:18:18,36.9,1309,7941,0,10,99.99,66,34.5,167.2
2026-05-23T08:18:23,39.5,1308,7941,0,9,99.99,57,37.6,167.2
2026-05-23T08:18:28,36.4,1306,7941,0,9,99.99,60,34.0,167.2
2026-05-23T08:18:34,39.3,1312,7941,0,9,99.99,73,37.0,167.2
2026-05-23T08:18:39,34.6,1302,7941,0,8,99.99,57,32.2,167.2
2026-05-23T08:18:44,36.7,1311,7941,0,8,99.99,62,34.2,167.2
2026-05-23T08:18:49,35.3,1302,7941,0,8,99.99,64,33.7,167.2
2026-05-23T08:18:55,36.8,1302,7941,0,8,99.99,60,34.8,167.2
2026-05-23T08:19:00,33.4,1302,7941,0,8,99.99,67,31.6,167.2
2026-05-23T08:19:05,36.8,1305,7941,0,9,99.99,68,34.3,167.2
2026-05-23T08:19:11,44.3,1310,7941,0,9,99.99,65,42.4,167.2
2026-05-23T08:19:16,30.9,1305,7941,0,9,99.99,65,27.8,167.2
2026-05-23T08:19:21,38.5,1309,7941,0,9,99.99,56,36.4,167.2
2026-05-23T08:19:26,37.4,1308,7941,0,9,99.99,56,35.2,167.2
2026-05-23T08:19:32,33.4,1314,7941,0,9,99.99,67,31.1,167.2
2026-05-23T08:19:37,36.9,1307,7941,0,9,99.99,55,34.8,167.2
2026-05-23T08:19:42,34.2,1307,7941,0,9,99.99,73,31.5,167.2
2026-05-23T08:19:47,38.7,1313,7941,0,11,99.99,66,36.0,167.2
2026-05-23T08:19:53,36.2,1314,7941,0,11,99.99,69,34.0,167.2
2026-05-23T08:19:58,40.7,1304,7941,0,9,99.99,76,37.9,167.2
2026-05-23T08:20:03,49.3,1312,7941,0,10,99.99,76,48.5,167.2
2026-05-23T08:20:09,42.9,1314,7941,0,9,99.99,64,40.4,167.2
2026-05-23T08:20:14,42.7,1305,7941,0,9,99.99,76,40.6,167.2
2026-05-23T08:20:19,38.0,1316,7941,0,9,99.99,70,35.6,167.2
2026-05-23T08:20:24,38.2,1311,7941,0,9,99.99,71,36.2,167.2
2026-05-23T08:20:30,35.0,1313,7941,0,9,99.99,50,32.8,167.2
2026-05-23T08:20:35,35.1,1309,7941,0,8,99.99,69,32.5,167.2
2026-05-23T08:20:40,38.9,1320,7941,0,8,99.99,49,35.8,167.2
2026-05-23T08:20:46,36.1,1317,7941,0,8,99.99,63,34.0,167.2
2026-05-23T08:20:51,35.4,1315,7941,0,9,99.99,64,33.8,167.2
2026-05-23T08:20:56,40.3,1309,7941,0,9,99.99,78,37.5,167.2
2026-05-23T08:21:01,35.6,1305,7941,0,9,99.99,73,33.5,167.2
2026-05-23T08:21:07,39.8,1306,7941,0,9,99.99,68,38.0,167.2
2026-05-23T08:21:12,39.0,1311,7941,0,9,99.99,61,37.2,167.2
2026-05-23T08:21:17,36.3,1308,7941,0,10,99.99,63,33.6,167.2
2026-05-23T08:21:23,33.9,1310,7941,0,10,99.99,61,32.1,167.2
2026-05-23T08:21:28,34.2,1311,7941,0,9,99.99,64,31.7,167.2
2026-05-23T08:21:33,33.2,1304,7941,0,9,99.99,58,30.9,167.2
2026-05-23T08:21:39,37.9,1303,7941,0,8,99.99,70,35.6,167.2
2026-05-23T08:21:44,43.1,1316,7941,0,11,99.99,69,41.0,167.2
2026-05-23T08:21:49,36.8,1310,7941,0,11,99.99,68,34.9,167.2
2026-05-23T08:21:54,37.8,1301,7941,0,9,99.99,71,35.1,167.2
2026-05-23T08:22:00,34.2,1303,7941,0,9,99.99,63,32.0,167.2
2026-05-23T08:22:05,38.6,1310,7941,0,9,99.99,61,36.3,167.2
2026-05-23T08:22:10,38.8,1305,7941,0,9,99.99,72,36.8,167.2
2026-05-23T08:22:15,38.6,1307,7941,0,9,99.99,76,36.1,167.2
2026-05-23T08:22:21,38.1,1319,7941,0,10,99.99,63,35.9,167.2
2026-05-23T08:22:26,32.6,1314,7941,0,10,99.99,64,29.4,167.2
2026-05-23T08:22:31,41.3,1312,7941,0,10,99.99,66,40.4,167.2
2026-05-23T08:22:37,39.7,1302,7941,0,9,99.99,76,37.5,167.2
2026-05-23T08:22:42,35.8,1311,7941,0,11,99.99,72,33.4,167.2
2026-05-23T08:22:47,33.2,1312,7941,0,11,99.99,59,31.3,167.2
2026-05-23T08:22:52,36.6,1310,7941,0,11,99.99,66,34.5,167.2
2026-05-23T08:22:58,35.2,1305,7941,0,8,99.99,58,33.1,167.2
2026-05-23T08:23:03,32.4,1311,7941,0,11,99.99,63,30.2,167.2
2026-05-23T08:23:08,38.8,1316,7941,0,11,99.99,78,36.2,167.2
2026-05-23T08:23:13,37.0,1307,7941,0,10,99.99,63,35.3,167.2
2026-05-23T08:23:19,38.4,1305,7941,0,10,99.99,59,36.2,167.2
2026-05-23T08:23:24,36.8,1306,7941,0,10,99.99,70,34.8,167.2
2026-05-23T08:23:29,34.6,1309,7941,0,9,99.99,60,32.3,167.2
2026-05-23T08:23:34,35.8,1300,7941,0,9,99.99,66,34.0,167.2
2026-05-23T08:23:40,35.1,1302,7941,0,9,99.99,65,33.6,167.2
2026-05-23T08:23:45,41.8,1317,7941,0,11,99.99,73,39.5,167.2
2026-05-23T08:23:50,32.1,1316,7941,1,10,99.99,44,30.3,167.2
2026-05-23T08:23:55,33.2,1305,7941,0,9,99.99,90,30.5,167.2
2026-05-23T08:24:01,35.5,1306,7941,0,9,99.99,50,33.5,167.2
2026-05-23T08:24:06,40.2,1305,7941,0,9,99.99,70,39.0,167.2
2026-05-23T08:24:11,37.2,1312,7941,0,10,99.99,78,35.0,167.2
2026-05-23T08:24:16,35.1,1311,7941,1,9,99.99,61,32.8,167.2
2026-05-23T08:24:22,36.9,1305,7941,0,9,99.99,61,35.4,167.2
2026-05-23T08:24:27,39.1,1304,7941,0,9,99.99,76,36.5,167.2
2026-05-23T08:24:32,41.9,1314,7941,0,9,99.99,70,40.5,167.2
2026-05-23T08:24:37,34.5,1314,7941,0,10,99.99,72,31.9,167.2
2026-05-23T08:24:43,36.5,1315,7941,0,11,99.99,53,34.6,167.2
2026-05-23T08:24:48,39.1,1313,7941,0,11,99.99,75,36.9,167.2
2026-05-23T08:24:53,33.9,1319,7941,0,11,99.99,53,32.0,167.2
2026-05-23T08:24:58,31.3,1316,7941,0,11,99.99,69,29.1,167.2
2026-05-23T08:25:04,39.6,1316,7941,0,10,99.99,73,36.9,167.2
2026-05-23T08:25:09,43.4,1313,7941,0,9,99.99,66,42.2,167.2
2026-05-23T08:25:14,38.8,1304,7941,0,9,99.99,65,37.1,167.2
2026-05-23T08:25:20,36.5,1310,7941,0,9,99.99,70,34.8,167.2
2026-05-23T08:25:25,33.0,1309,7941,0,9,99.99,67,30.6,167.2
2026-05-23T08:25:30,35.2,1307,7941,0,9,99.99,54,33.4,167.2
2026-05-23T08:25:35,32.2,1310,7941,0,9,99.99,67,30.1,167.2
2026-05-23T08:25:40,36.5,1312,7941,0,9,99.99,65,34.5,167.2
2026-05-23T08:25:46,38.6,1310,7941,0,10,99.99,75,36.4,167.2
2026-05-23T08:25:51,36.3,1310,7941,0,10,99.99,56,34.8,167.2
2026-05-23T08:25:56,39.6,1305,7941,0,9,99.99,79,37.6,167.2
2026-05-23T08:26:01,31.3,1302,7941,0,9,99.99,56,28.7,167.2
2026-05-23T08:26:07,40.1,1301,7941,0,9,99.99,73,37.9,167.2
2026-05-23T08:26:12,37.3,1305,7941,0,9,99.99,72,35.2,167.2
2026-05-23T08:26:17,38.7,1302,7941,0,9,99.99,75,36.4,167.2
2026-05-23T08:26:22,30.9,1311,7941,0,11,99.99,50,28.6,167.2
2026-05-23T08:26:28,39.9,1309,7941,0,11,99.99,61,38.0,167.2
2026-05-23T08:26:33,42.2,1304,7941,0,9,99.99,67,40.6,167.2
2026-05-23T08:26:38,34.7,1307,7941,0,10,99.99,68,32.0,167.2
2026-05-23T08:26:43,32.3,1308,7941,0,10,99.99,61,29.9,167.2
2026-05-23T08:26:49,38.3,1303,7941,0,9,99.99,72,36.6,167.2
2026-05-23T08:26:54,39.2,1307,7941,0,9,99.99,72,37.5,167.2
2026-05-23T08:26:59,34.1,1307,7941,0,10,99.99,56,31.9,167.2
2026-05-23T08:27:04,38.3,1308,7941,0,11,99.99,63,35.9,167.2
2026-05-23T08:27:09,40.4,1314,7941,0,11,99.99,69,39.1,167.2
2026-05-23T08:27:15,30.0,1311,7941,0,11,99.99,67,27.1,167.2
2026-05-23T08:27:20,40.6,1312,7941,0,11,99.99,73,38.6,167.2
2026-05-23T08:27:25,37.0,1307,7941,1,10,99.99,58,34.8,167.2
2026-05-23T08:27:31,35.0,1309,7941,0,11,99.99,71,33.2,167.2
2026-05-23T08:27:36,40.6,1301,7941,0,10,99.99,73,39.0,167.2
2026-05-23T08:27:41,33.5,1309,7941,0,10,99.99,64,31.1,167.2
2026-05-23T08:27:46,31.2,1303,7941,0,9,99.99,60,28.4,167.2
2026-05-23T08:27:51,35.2,1305,7941,0,8,99.99,71,33.4,167.2
2026-05-23T08:27:57,38.5,1314,7941,0,9,99.99,61,36.8,167.2
2026-05-23T08:28:02,33.1,1308,7941,0,10,99.99,66,30.6,167.2
2026-05-23T08:28:07,40.4,1304,7941,0,10,99.99,71,38.2,167.2
2026-05-23T08:28:12,33.6,1305,7941,0,9,99.99,51,31.8,167.2
2026-05-23T08:28:18,36.3,1302,7941,0,9,99.99,74,34.2,167.2
2026-05-23T08:28:23,40.2,1305,7941,0,9,99.99,62,38.5,167.2
2026-05-23T08:28:28,31.5,1309,7941,0,10,99.99,69,28.8,167.2
2026-05-23T08:28:33,35.2,1310,7941,0,10,99.99,67,33.0,167.2
2026-05-23T08:28:39,35.7,1342,7941,1,8,99.99,69,33.7,167.2
2026-05-23T08:28:44,41.5,1341,7941,0,10,99.99,62,33.8,167.2
2026-05-23T08:28:49,33.0,1325,7941,0,10,99.99,63,31.0,167.2
2026-05-23T08:28:54,37.4,1319,7941,0,9,99.99,68,35.1,167.2
2026-05-23T08:29:00,32.6,1310,7941,0,8,99.99,59,30.2,167.2
2026-05-23T08:29:05,38.0,1317,7941,0,9,99.99,66,36.4,167.2
2026-05-23T08:29:10,37.8,1311,7941,2,8,99.99,67,36.4,167.2
2026-05-23T08:29:15,37.9,1303,7941,1,8,99.99,67,34.8,167.2
2026-05-23T08:29:21,31.9,1313,7941,0,9,99.99,49,29.7,167.2
2026-05-23T08:29:26,36.2,1301,7941,0,8,99.99,78,34.2,167.2
2026-05-23T08:29:31,36.1,1303,7941,0,8,99.99,59,34.7,167.2
2026-05-23T08:29:36,36.5,1308,7941,0,11,99.99,66,34.2,167.2
2026-05-23T08:29:42,40.2,1325,7941,0,11,99.99,54,37.4,167.2
2026-05-23T08:29:47,35.4,1303,7941,0,9,99.99,72,33.0,167.2
2026-05-23T08:29:52,33.0,1307,7941,0,9,99.99,78,30.9,167.2
2026-05-23T08:29:57,41.4,1309,7941,0,9,99.99,65,39.5,167.2
2026-05-23T08:30:03,44.5,1305,7941,0,9,99.99,71,48.7,167.2
2026-05-23T08:30:08,44.0,1305,7941,0,9,99.99,65,44.3,167.2
2026-05-23T08:30:14,32.9,1309,7941,1,9,99.99,64,30.6,167.2
2026-05-23T08:30:19,37.5,1314,7941,0,9,99.99,68,35.5,167.2
2026-05-23T08:30:24,41.2,1309,7941,0,10,99.99,57,39.6,167.4
2026-05-23T08:30:30,33.8,1313,7941,0,10,99.99,56,31.6,167.4
2026-05-23T08:30:35,34.5,1312,7941,1,9,99.99,70,32.4,167.4
2026-05-23T08:30:40,32.2,1310,7941,0,10,99.99,64,30.5,167.4
2026-05-23T08:30:46,38.9,1313,7941,0,11,99.99,63,36.4,167.4
2026-05-23T08:30:51,40.8,1314,7941,0,11,99.99,63,39.7,167.4
2026-05-23T08:30:56,33.0,1299,7941,0,9,99.99,83,30.6,167.4
2026-05-23T08:31:01,41.2,1317,7941,0,10,99.99,60,39.0,167.4
2026-05-23T08:31:07,33.7,1308,7941,0,10,99.99,76,31.2,167.4
2026-05-23T08:31:12,34.1,1311,7941,0,10,99.99,54,32.6,167.4
2026-05-23T08:31:17,36.6,1307,7941,0,9,99.99,66,34.6,167.4
2026-05-23T08:31:22,35.5,1305,7941,0,10,99.99,61,33.6,167.4
2026-05-23T08:31:28,32.7,1305,7941,0,10,99.99,69,30.8,167.4
2026-05-23T08:31:33,37.0,1301,7941,0,9,99.99,66,35.1,167.4
2026-05-23T08:31:38,38.7,1308,7941,0,9,99.99,66,36.5,167.4
2026-05-23T08:31:43,34.7,1312,7941,0,8,99.99,70,32.7,167.4
2026-05-23T08:31:49,39.5,1308,7941,0,11,99.99,62,36.8,167.4
2026-05-23T08:31:54,37.1,1329,7941,0,11,99.99,75,34.2,167.4
2026-05-23T08:31:59,33.7,1320,7941,0,10,99.99,71,31.6,167.4
2026-05-23T08:32:04,34.4,1318,7941,0,11,99.99,61,32.1,167.4
2026-05-23T08:32:10,37.5,1328,7941,0,11,99.99,57,36.0,167.4
2026-05-23T08:32:15,33.9,1312,7941,0,9,99.99,74,31.6,167.4
2026-05-23T08:32:20,36.9,1313,7941,0,9,99.99,67,34.7,167.4
2026-05-23T08:32:25,33.6,1306,7941,0,9,99.99,72,31.4,167.4
2026-05-23T08:32:30,35.4,1311,7941,0,9,99.99,57,33.1,167.4
2026-05-23T08:32:36,39.9,1310,7941,0,9,99.99,68,37.8,167.4
2026-05-23T08:32:41,36.1,1316,7941,0,9,99.99,56,34.7,167.4
2026-05-23T08:32:46,33.2,1316,7941,0,9,99.99,69,30.8,167.4
2026-05-23T08:32:51,34.6,1311,7941,0,9,99.99,65,32.6,167.4
2026-05-23T08:32:57,34.7,1312,7941,0,9,99.99,52,32.5,167.4
2026-05-23T08:33:02,37.5,1314,7941,0,10,99.99,77,35.4,167.4
2026-05-23T08:33:07,37.4,1313,7941,0,10,99.99,65,35.9,167.4
2026-05-23T08:33:12,38.4,1307,7941,0,9,99.99,78,36.0,167.4
2026-05-23T08:33:18,36.7,1311,7941,0,9,99.99,58,34.1,167.4
2026-05-23T08:33:23,41.5,1316,7941,0,10,99.99,71,39.6,167.4
2026-05-23T08:33:28,34.9,1315,7941,0,10,99.99,58,32.4,167.4
2026-05-23T08:33:33,36.3,1314,7941,0,10,99.99,67,34.4,167.4
2026-05-23T08:33:39,29.0,1313,7941,0,11,99.99,63,26.7,167.4
2026-05-23T08:33:44,30.7,1322,7941,0,11,99.99,59,28.4,167.4
2026-05-23T08:33:49,40.6,1302,7941,0,8,99.99,64,39.1,167.4
2026-05-23T08:33:54,37.9,1314,7941,0,9,99.99,72,35.7,167.4
2026-05-23T08:34:00,32.8,1317,7941,0,9,99.99,67,31.4,167.4
2026-05-23T08:34:05,44.3,1309,7941,0,9,99.99,72,42.4,167.4
2026-05-23T08:34:10,37.8,1320,7941,0,11,99.99,56,35.2,167.4
2026-05-23T08:34:15,35.5,1328,7941,0,11,99.99,79,32.9,167.4
2026-05-23T08:34:21,35.8,1330,7941,0,11,99.99,52,33.8,167.4
2026-05-23T08:34:26,44.1,1313,7941,0,9,99.99,68,42.3,167.4
2026-05-23T08:34:31,31.9,1314,7941,0,9,99.99,58,29.6,167.4
2026-05-23T08:34:37,32.4,1318,7941,0,10,99.99,63,30.1,167.4
2026-05-23T08:34:42,39.3,1320,7941,0,11,99.99,59,37.5,167.4
2026-05-23T08:34:47,37.6,1322,7941,0,11,99.99,77,35.5,167.4
2026-05-23T08:34:52,34.9,1310,7941,0,9,99.99,71,32.8,167.4
2026-05-23T08:34:58,39.6,1309,7941,0,9,99.99,62,37.2,167.4
2026-05-23T08:35:03,43.3,1312,7941,0,9,99.99,72,41.8,167.4
2026-05-23T08:35:08,33.9,1317,7941,0,10,99.99,61,30.9,167.4
2026-05-23T08:35:14,42.0,1321,7941,0,11,99.99,73,40.7,167.4
2026-05-23T08:35:19,32.3,1321,7941,0,11,99.99,66,29.3,167.4
2026-05-23T08:35:24,36.9,1310,7941,0,10,99.99,54,34.5,167.4
2026-05-23T08:35:29,36.9,1318,7941,0,10,99.99,65,35.1,167.4
2026-05-23T08:35:35,39.0,1309,7941,0,10,99.99,73,36.6,167.4
2026-05-23T08:35:40,36.9,1317,7941,0,10,99.99,63,35.0,167.4
2026-05-23T08:35:45,35.2,1317,7941,0,11,99.99,66,32.5,167.4
2026-05-23T08:35:50,32.4,1315,7941,0,11,99.99,62,29.8,167.4
2026-05-23T08:35:56,35.7,1309,7941,0,9,99.99,71,33.9,167.4
2026-05-23T08:36:01,41.1,1318,7941,0,10,99.99,73,39.6,167.4
2026-05-23T08:36:07,44.0,1317,7941,0,10,99.99,71,42.8,167.4
2026-05-23T08:36:12,38.7,1313,7941,0,10,99.99,49,37.0,167.4
2026-05-23T08:36:17,35.0,1313,7941,0,9,99.99,71,32.5,167.4
2026-05-23T08:36:22,36.2,1318,7941,0,9,99.99,69,34.1,167.4
2026-05-23T08:36:28,36.1,1321,7941,1,8,99.99,75,34.0,167.4
2026-05-23T08:36:33,40.1,1318,7941,0,9,99.99,53,38.9,167.4
2026-05-23T08:36:38,37.3,1314,7941,1,8,99.99,74,34.9,167.4
2026-05-23T08:36:43,39.5,1318,7941,0,9,99.99,61,37.8,167.4
2026-05-23T08:36:49,33.9,1305,7941,0,9,99.99,67,31.0,167.4
2026-05-23T08:36:54,41.4,1310,7941,0,9,99.99,62,39.2,167.4
2026-05-23T08:36:59,32.4,1312,7941,0,9,99.99,65,30.2,167.4
2026-05-23T08:37:04,41.2,1311,7941,0,9,99.99,60,39.1,167.4
2026-05-23T08:37:10,33.5,1312,7941,0,9,99.99,72,31.8,167.4
2026-05-23T08:37:15,36.2,1311,7941,0,10,99.99,59,33.7,167.4
2026-05-23T08:37:20,40.8,1312,7941,0,10,99.99,63,39.1,167.4
2026-05-23T08:37:26,38.3,1304,7941,0,9,99.99,72,35.9,167.4
2026-05-23T08:37:31,41.6,1306,7941,0,9,99.99,69,39.4,167.4
2026-05-23T08:37:36,28.9,1305,7941,0,9,99.99,67,26.4,167.4
2026-05-23T08:37:41,42.1,1307,7941,0,9,99.99,63,39.8,167.4
2026-05-23T08:37:47,34.9,1309,7941,0,10,99.99,59,32.3,167.4
2026-05-23T08:37:52,38.7,1315,7941,0,10,99.99,71,36.5,167.4
2026-05-23T08:37:57,38.9,1299,7941,0,8,99.99,63,37.4,167.4
2026-05-23T08:38:02,38.9,1303,7941,0,8,99.99,65,36.4,167.4
2026-05-23T08:38:08,35.4,1314,7941,0,11,99.99,58,32.6,167.4
2026-05-23T08:38:13,37.5,1313,7941,0,11,99.99,66,34.8,167.4
2026-05-23T08:38:18,33.1,1313,7941,1,10,99.99,64,30.9,167.4
2026-05-23T08:38:23,39.9,1320,7941,0,11,99.99,75,37.4,167.4
2026-05-23T08:38:29,44.1,1315,7941,0,11,99.99,73,43.1,167.4
2026-05-23T08:38:34,38.1,1305,7941,0,9,99.99,64,35.4,167.4
2026-05-23T08:38:39,36.9,1313,7941,0,10,99.99,48,34.8,167.4
2026-05-23T08:38:45,36.1,1315,7941,0,11,99.99,76,33.7,167.4
2026-05-23T08:38:50,35.8,1319,7941,0,11,99.99,65,33.5,167.4
2026-05-23T08:38:55,38.7,1304,7941,0,8,99.99,70,36.4,167.4
2026-05-23T08:39:00,41.7,1311,7941,0,8,99.99,68,40.0,167.4
2026-05-23T08:39:06,41.3,1309,7941,0,10,99.99,69,39.7,167.4
2026-05-23T08:39:11,37.5,1316,7941,0,10,99.99,67,35.6,167.4
2026-05-23T08:39:16,46.1,1307,7941,0,9,99.99,87,44.4,167.4
2026-05-23T08:39:22,36.1,1313,7941,0,9,99.99,60,34.1,167.4
2026-05-23T08:39:27,29.9,1312,7941,1,7,99.99,66,27.4,167.4
2026-05-23T08:39:32,35.0,1307,7941,0,10,99.99,45,33.4,167.4
2026-05-23T08:39:38,39.9,1309,7941,0,11,99.99,79,37.2,167.4
2026-05-23T08:39:43,32.1,1317,7941,0,11,99.99,60,28.8,167.4
2026-05-23T08:39:48,39.9,1307,7941,0,9,99.99,73,37.5,167.4
2026-05-23T08:39:53,36.2,1301,7941,0,9,99.99,62,34.2,167.5
2026-05-23T08:39:59,42.2,1302,7941,0,8,99.99,72,40.7,167.5
2026-05-23T08:40:04,45.4,1313,7941,0,11,99.99,60,44.5,167.5
2026-05-23T08:40:09,51.8,1319,7941,0,11,99.99,79,50.0,167.5
2026-05-23T08:40:15,43.0,1314,7941,0,11,99.99,80,39.6,167.5
2026-05-23T08:40:20,40.0,1305,7941,0,9,99.99,50,37.9,167.5
2026-05-23T08:40:25,38.7,1304,7941,0,9,99.99,77,36.1,167.5
2026-05-23T08:40:30,32.2,1310,7941,0,11,99.99,64,29.2,167.5
2026-05-23T08:40:36,42.9,1311,7941,0,11,99.99,57,40.6,167.5
2026-05-23T08:40:41,33.1,1301,7941,0,9,99.99,63,30.9,167.5
2026-05-23T08:40:46,36.0,1303,7941,0,9,99.99,60,33.6,167.5
2026-05-23T08:40:51,29.1,1313,7941,0,9,99.99,70,26.9,167.5
2026-05-23T08:40:57,45.2,1311,7941,0,11,99.99,65,43.0,167.5
2026-05-23T08:41:02,37.8,1321,7941,0,11,99.99,60,36.2,167.5
2026-05-23T08:41:07,35.5,1311,7941,0,10,99.99,71,33.0,167.5
2026-05-23T08:41:13,35.8,1298,7941,0,8,99.99,57,33.4,167.5
2026-05-23T08:41:18,38.6,1302,7941,1,8,99.99,70,35.8,167.5
2026-05-23T08:41:23,37.3,1314,7941,0,9,99.99,73,35.2,167.5
2026-05-23T08:41:28,33.1,1306,7941,0,8,99.99,59,30.9,167.5
2026-05-23T08:41:34,38.3,1310,7941,0,9,99.99,68,36.0,167.5
2026-05-23T08:41:39,32.2,1311,7941,0,9,99.99,60,30.0,167.5
2026-05-23T08:41:44,39.5,1304,7941,0,8,99.99,61,37.4,167.5
2026-05-23T08:41:49,42.5,1305,7941,0,9,99.99,64,40.6,167.5
2026-05-23T08:41:55,32.0,1315,7941,0,10,99.99,67,29.4,167.5
2026-05-23T08:42:00,40.4,1314,7941,0,10,99.99,64,38.5,167.5
2026-05-23T08:42:05,39.9,1307,7941,0,10,99.99,69,37.7,167.5
2026-05-23T08:42:11,39.0,1312,7941,0,10,99.99,67,37.1,167.5
2026-05-23T08:42:16,33.5,1306,7941,0,9,99.99,61,30.9,167.5
2026-05-23T08:42:21,35.8,1307,7941,1,8,99.99,57,33.7,167.5
2026-05-23T08:42:26,31.8,1306,7941,0,9,99.99,67,29.1,167.5
2026-05-23T08:42:32,38.2,1308,7941,0,10,99.99,69,36.2,167.5
2026-05-23T08:42:37,36.9,1313,7941,0,10,99.99,63,35.2,167.5
2026-05-23T08:42:42,34.4,1307,7941,0,9,99.99,65,31.9,167.5
2026-05-23T08:42:47,38.7,1318,7941,0,11,99.99,70,36.8,167.5
2026-05-23T08:42:53,33.3,1315,7941,0,11,99.99,66,31.7,167.5
2026-05-23T08:42:58,40.5,1309,7941,0,10,99.99,60,38.5,167.5
2026-05-23T08:43:03,32.1,1303,7941,0,9,99.99,65,30.0,167.5
2026-05-23T08:43:08,40.1,1302,7941,0,9,99.99,72,37.6,167.5
2026-05-23T08:43:14,36.5,1306,7941,1,9,99.99,64,34.4,167.5
2026-05-23T08:43:19,40.2,1310,7941,0,10,99.99,71,37.6,167.5
2026-05-23T08:43:24,37.5,1310,7941,0,10,99.99,81,35.1,167.5
2026-05-23T08:43:29,33.1,1320,7941,0,11,99.99,54,30.9,167.5
2026-05-23T08:43:35,41.3,1315,7941,0,11,99.99,78,39.2,167.5
2026-05-23T08:43:40,35.4,1303,7941,1,8,99.99,66,33.4,167.5
2026-05-23T08:43:45,39.1,1315,7941,0,9,99.99,66,36.9,167.5
2026-05-23T08:43:50,29.8,1306,7941,0,9,99.99,61,27.6,167.5
2026-05-23T08:43:55,36.5,1301,7941,0,9,99.99,68,34.3,167.5
2026-05-23T08:44:01,32.6,1307,7941,0,10,99.99,59,30.2,167.5
2026-05-23T08:44:06,40.7,1305,7941,0,10,99.99,78,38.9,167.5
2026-05-23T08:44:11,37.8,1310,7941,0,9,99.99,63,36.2,167.5
2026-05-23T08:44:17,37.7,1305,7941,0,9,99.99,53,35.6,167.5
2026-05-23T08:44:22,30.6,1306,7941,0,9,99.99,64,28.5,167.5
2026-05-23T08:44:27,37.9,1305,7941,0,9,99.99,62,35.5,167.5
2026-05-23T08:44:32,32.0,1305,7941,0,9,99.99,62,30.2,167.5
2026-05-23T08:44:37,37.1,1305,7941,0,9,99.99,68,35.3,167.5
2026-05-23T08:44:43,34.1,1302,7941,0,9,99.99,48,32.4,167.5
2026-05-23T08:44:48,32.8,1302,7941,0,9,99.99,63,30.6,167.5
2026-05-23T08:44:53,33.9,1309,7941,1,8,99.99,64,32.2,167.5
2026-05-23T08:44:58,34.3,1302,7941,0,8,99.99,65,32.0,167.5
2026-05-23T08:45:04,45.1,1309,7941,0,11,99.99,80,43.2,167.5
2026-05-23T08:45:09,37.6,1308,7941,0,11,99.99,55,35.5,167.5
2026-05-23T08:45:14,37.8,1306,7941,1,8,99.99,62,35.6,167.5
2026-05-23T08:45:19,30.8,1308,7941,0,9,99.99,64,28.2,167.5
2026-05-23T08:45:25,33.0,1308,7941,0,9,99.99,67,30.6,167.5
2026-05-23T08:45:30,36.9,1304,7941,0,9,99.99,64,35.0,167.5
2026-05-23T08:45:35,36.9,1308,7941,0,9,99.99,63,34.8,167.5
2026-05-23T08:45:40,33.8,1315,7941,0,11,99.99,54,31.9,167.5
2026-05-23T08:45:46,33.2,1313,7941,0,11,99.99,72,30.6,167.5
2026-05-23T08:45:51,34.6,1315,7941,0,11,99.99,60,32.0,167.5
2026-05-23T08:45:56,37.3,1318,7941,0,11,99.99,66,35.6,167.5
2026-05-23T08:46:01,45.7,1313,7941,0,10,99.99,72,44.1,167.5
2026-05-23T08:46:07,29.2,1317,7941,0,10,99.99,68,26.2,167.5
2026-05-23T08:46:12,37.4,1313,7941,0,10,99.99,57,35.6,167.5
2026-05-23T08:46:17,34.7,1314,7941,0,10,99.99,66,32.6,167.5
2026-05-23T08:46:22,36.6,1323,7941,1,9,99.99,62,34.8,167.5
2026-05-23T08:46:28,35.6,1304,7941,1,8,99.99,69,33.6,167.5
2026-05-23T08:46:33,39.0,1308,7941,0,9,99.99,73,36.7,167.5
2026-05-23T08:46:38,36.6,1307,7941,0,10,99.99,68,34.1,167.5
2026-05-23T08:46:43,38.3,1310,7941,0,11,99.99,68,35.9,167.5
2026-05-23T08:46:48,38.1,1309,7941,0,9,99.99,64,36.2,167.5
2026-05-23T08:46:54,35.5,1314,7941,0,10,99.99,70,33.6,167.5
2026-05-23T08:46:59,39.2,1319,7941,0,10,99.99,64,37.2,167.5
2026-05-23T08:47:04,33.2,1313,7941,0,10,99.99,64,30.2,167.5
2026-05-23T08:47:09,35.6,1311,7941,0,10,99.99,55,33.7,167.5
2026-05-23T08:47:15,35.6,1304,7941,0,9,99.99,74,33.5,167.5
2026-05-23T08:47:20,35.0,1318,7941,0,10,99.99,63,32.5,167.5
2026-05-23T08:47:25,38.5,1315,7941,0,10,99.99,81,36.2,167.5
2026-05-23T08:47:30,32.0,1315,7941,0,10,99.99,50,30.3,167.5
2026-05-23T08:47:36,43.2,1308,7941,0,9,99.99,84,40.7,167.5
2026-05-23T08:47:41,36.6,1310,7941,0,9,99.99,73,34.7,167.5
2026-05-23T08:47:46,38.7,1308,7941,0,9,99.99,70,36.8,167.5
2026-05-23T08:47:51,31.6,1318,7941,0,9,99.99,53,29.3,167.5
2026-05-23T08:47:57,36.5,1315,7941,0,9,99.99,73,34.8,167.5
2026-05-23T08:48:02,40.3,1310,7941,0,8,99.99,53,38.4,167.5
2026-05-23T08:48:07,35.2,1312,7941,0,11,99.99,71,32.8,167.5
2026-05-23T08:48:12,39.4,1316,7941,0,11,99.99,58,37.5,167.5
2026-05-23T08:48:18,28.4,1315,7941,0,11,99.99,73,26.1,167.5
2026-05-23T08:48:23,38.9,1317,7941,0,11,99.99,48,37.4,167.5
2026-05-23T08:48:28,34.6,1315,7941,0,11,99.99,80,32.2,167.5
2026-05-23T08:48:33,40.7,1312,7941,0,11,99.99,57,38.8,167.5
2026-05-23T08:48:39,35.2,1310,7941,0,11,99.99,78,33.7,167.5
2026-05-23T08:48:44,32.8,1316,7941,0,11,99.99,71,30.6,167.5
2026-05-23T08:48:49,38.3,1303,7941,0,9,99.99,62,36.4,167.5
2026-05-23T08:48:54,40.7,1313,7941,0,9,99.99,70,38.6,167.5
2026-05-23T08:48:59,38.7,1313,7941,0,10,99.99,58,36.9,167.5
2026-05-23T08:49:05,42.4,1305,7941,0,10,99.99,66,39.8,167.5
2026-05-23T08:49:10,32.1,1308,7941,0,10,99.99,66,30.4,167.5
2026-05-23T08:49:15,41.4,1304,7941,0,9,99.99,60,39.4,167.5
2026-05-23T08:49:21,35.3,1305,7941,0,9,99.99,56,33.4,167.5
2026-05-23T08:49:26,34.6,1311,7941,0,9,99.99,66,32.0,167.5
2026-05-23T08:49:31,37.3,1315,7941,0,11,99.99,70,35.2,167.5
2026-05-23T08:49:36,36.1,1313,7941,0,11,99.99,71,33.6,167.5
2026-05-23T08:49:41,35.1,1332,7941,0,8,99.99,67,32.0,167.5
2026-05-23T08:49:47,37.5,1300,7941,1,8,99.99,73,35.0,167.5
2026-05-23T08:49:52,34.1,1307,7941,0,10,99.99,54,32.5,167.5
2026-05-23T08:49:57,39.8,1318,7941,0,11,99.99,70,38.1,167.5
2026-05-23T08:50:02,40.5,1316,7941,0,11,99.99,54,40.7,167.5
2026-05-23T08:50:08,41.9,1313,7941,0,11,99.99,82,40.1,167.5
2026-05-23T08:50:13,38.1,1312,7941,0,11,99.99,77,35.9,167.5
2026-05-23T08:50:19,42.8,1305,7941,0,9,99.99,68,40.2,167.6
2026-05-23T08:50:24,34.8,1310,7941,0,9,99.99,77,32.5,167.6
2026-05-23T08:50:29,36.0,1308,7941,0,9,99.99,55,34.1,167.6
2026-05-23T08:50:34,33.2,1322,7941,0,10,99.99,73,30.7,167.6
2026-05-23T08:50:39,39.1,1315,7941,0,10,99.99,56,37.2,167.6
2026-05-23T08:50:45,38.1,1315,7941,1,10,99.99,76,36.0,167.6
2026-05-23T08:50:50,33.2,1316,7941,0,11,99.99,48,31.2,167.6
2026-05-23T08:50:55,34.7,1307,7941,0,10,99.99,66,32.4,167.6
2026-05-23T08:51:00,32.9,1318,7941,0,9,99.99,63,30.9,167.6
2026-05-23T08:51:06,38.3,1312,7941,0,10,99.99,72,35.9,167.6
2026-05-23T08:51:11,38.1,1319,7941,0,10,99.99,51,36.3,167.6
2026-05-23T08:51:16,37.7,1309,7941,0,9,99.99,67,35.2,167.6
2026-05-23T08:51:21,39.9,1310,7941,0,11,99.99,69,38.2,167.6
2026-05-23T08:51:27,40.2,1307,7941,0,9,99.99,71,37.7,167.6
2026-05-23T08:51:32,32.4,1307,7941,1,8,99.99,68,30.4,167.6
2026-05-23T08:51:37,36.2,1310,7941,0,11,99.99,58,34.0,167.6
2026-05-23T08:51:42,30.3,1316,7941,0,11,99.99,67,28.1,167.6
2026-05-23T08:51:48,43.2,1311,7941,0,10,99.99,59,41.5,167.6
2026-05-23T08:51:53,33.5,1307,7941,0,9,99.99,63,32.1,167.6
2026-05-23T08:51:58,33.4,1310,7941,0,9,99.99,72,30.9,167.6
2026-05-23T08:52:03,40.6,1313,7941,0,10,99.99,65,38.5,167.6
2026-05-23T08:52:09,32.9,1320,7941,0,10,99.99,64,30.3,167.6
2026-05-23T08:52:14,37.7,1314,7941,0,9,99.99,67,35.6,167.6
2026-05-23T08:52:19,33.4,1307,7941,0,9,99.99,59,31.4,167.6
2026-05-23T08:52:24,37.9,1311,7941,0,11,99.99,70,35.6,167.6
2026-05-23T08:52:30,41.6,1316,7941,0,11,99.99,84,39.6,167.6
2026-05-23T08:52:35,31.3,1311,7941,0,10,99.99,65,28.8,167.6
2026-05-23T08:52:40,40.1,1307,7941,1,9,99.99,62,36.8,167.6
2026-05-23T08:52:45,34.6,1312,7941,0,11,99.99,69,32.2,167.6
2026-05-23T08:52:51,39.3,1316,7941,0,11,99.99,58,37.7,167.6
2026-05-23T08:52:56,35.7,1305,7941,0,9,99.99,84,33.5,167.6
2026-05-23T08:53:01,34.1,1308,7941,0,9,99.99,58,32.5,167.6
2026-05-23T08:53:06,44.1,1306,7941,0,8,99.99,66,42.4,167.6
2026-05-23T08:53:12,36.4,1309,7941,0,10,99.99,63,34.8,167.6
2026-05-23T08:53:17,32.9,1313,7941,0,10,99.99,54,30.6,167.6
2026-05-23T08:53:22,36.1,1316,7941,0,10,99.99,78,34.0,167.6
2026-05-23T08:53:27,38.2,1313,7941,0,11,99.99,70,35.8,167.6
2026-05-23T08:53:33,36.0,1313,7941,0,11,99.99,65,34.1,167.6
2026-05-23T08:53:38,36.9,1310,7941,0,11,99.99,70,34.8,167.6
2026-05-23T08:53:43,36.2,1314,7941,0,11,99.99,64,34.4,167.6
2026-05-23T08:53:48,31.8,1308,7941,0,10,99.99,70,29.3,167.6
2026-05-23T08:53:53,41.0,1311,7941,0,9,99.99,59,39.5,167.6
2026-05-23T08:53:59,35.1,1319,7941,0,9,99.99,67,33.1,167.6
2026-05-23T08:54:04,34.5,1307,7941,0,9,99.99,63,31.6,167.6
2026-05-23T08:54:09,41.7,1317,7941,0,9,99.99,66,40.1,167.6
2026-05-23T08:54:14,37.1,1308,7941,0,9,99.99,62,35.0,167.6
2026-05-23T08:54:20,34.9,1313,7941,0,9,99.99,79,32.9,167.6
2026-05-23T08:54:25,40.1,1311,7941,0,9,99.99,73,37.5,167.6
2026-05-23T08:54:30,38.9,1317,7941,0,9,99.99,67,37.0,167.6
2026-05-23T08:54:35,42.7,1315,7941,0,10,99.99,64,40.4,167.6
2026-05-23T08:54:41,39.9,1321,7941,0,11,99.99,75,37.7,167.6
2026-05-23T08:54:46,32.7,1320,7941,0,11,99.99,60,30.0,167.6
2026-05-23T08:54:51,37.6,1312,7941,0,9,99.99,72,35.9,167.6
2026-05-23T08:54:56,35.6,1315,7941,0,10,99.99,65,33.6,167.6
2026-05-23T08:55:02,32.1,1317,7941,0,10,99.99,67,29.4,167.6
2026-05-23T08:55:07,43.8,1306,7941,0,9,99.99,62,45.6,167.6
2026-05-23T08:55:13,36.1,1307,7941,0,8,99.99,78,34.0,167.6
2026-05-23T08:55:18,36.5,1319,7941,0,11,99.99,59,33.9,167.6
2026-05-23T08:55:23,37.8,1320,7941,0,11,99.99,57,35.6,167.6
2026-05-23T08:55:28,35.3,1315,7941,0,9,99.99,64,33.4,167.6
2026-05-23T08:55:34,38.6,1309,7941,0,9,99.99,80,36.5,167.6
2026-05-23T08:55:39,34.9,1311,7941,0,9,99.99,61,32.5,167.6
2026-05-23T08:55:44,36.1,1316,7941,0,10,99.99,66,33.6,167.6
2026-05-23T08:55:49,34.8,1316,7941,0,10,99.99,67,32.6,167.6
2026-05-23T08:55:55,37.0,1318,7941,0,11,99.99,65,35.3,167.6
2026-05-23T08:56:00,37.4,1317,7941,1,10,99.99,65,35.2,167.6
2026-05-23T08:56:05,37.8,1308,7941,0,9,99.99,65,35.3,167.6
2026-05-23T08:56:11,35.7,1307,7941,0,9,99.99,61,34.5,167.6
2026-05-23T08:56:16,40.3,1310,7941,0,9,99.99,68,38.3,167.6
2026-05-23T08:56:21,33.7,1318,7941,0,9,99.99,66,31.9,167.6
2026-05-23T08:56:26,39.7,1310,7941,0,9,99.99,67,37.2,167.6
2026-05-23T08:56:32,32.3,1314,7941,0,9,99.99,69,30.2,167.6
2026-05-23T08:56:37,33.9,1310,7941,0,9,99.99,70,33.1,167.6
2026-05-23T08:56:42,38.0,1319,7941,0,9,99.99,56,35.5,167.6
2026-05-23T08:56:48,36.5,1309,7941,0,8,99.99,62,34.4,167.6
2026-05-23T08:56:53,36.8,1310,7941,0,9,99.99,65,34.8,167.6
2026-05-23T08:56:58,36.8,1312,7941,0,9,99.99,65,35.3,167.6
2026-05-23T08:57:03,34.0,1314,7941,0,10,99.99,65,31.5,167.6
2026-05-23T08:57:09,38.8,1307,7941,0,10,99.99,65,37.5,167.6
2026-05-23T08:57:14,40.9,1310,7941,1,10,99.99,73,39.1,167.6
2026-05-23T08:57:19,33.9,1314,7941,0,11,99.99,55,31.0,167.6
2026-05-23T08:57:25,34.3,1316,7941,1,10,99.99,69,32.5,167.6
2026-05-23T08:57:30,36.3,1308,7941,0,8,99.99,63,34.2,167.6
2026-05-23T08:57:35,31.3,1305,7941,0,8,99.99,64,28.7,167.6
2026-05-23T08:57:40,35.1,1315,7941,3,6,99.99,57,33.5,167.6
2026-05-23T08:57:46,34.9,1317,7941,1,10,99.99,59,32.5,167.6
2026-05-23T08:57:51,37.5,1314,7941,0,11,99.99,62,35.8,167.6
2026-05-23T08:57:56,37.1,1311,7941,0,9,99.99,66,34.8,167.6
2026-05-23T08:58:01,34.6,1309,7941,0,8,99.99,57,32.2,167.6
2026-05-23T08:58:07,35.6,1314,7941,0,10,99.99,66,33.4,167.6
2026-05-23T08:58:12,39.7,1319,7941,0,10,99.99,68,38.1,167.6
2026-05-23T08:58:17,36.3,1314,7941,0,9,99.99,72,34.0,167.6
2026-05-23T08:58:22,33.4,1309,7941,0,9,99.99,64,31.7,167.6
2026-05-23T08:58:28,39.9,1310,7941,0,8,99.99,79,37.8,167.6
2026-05-23T08:58:33,39.6,1313,7941,0,9,99.99,51,37.1,167.6
2026-05-23T08:58:38,37.8,1318,7941,0,10,99.99,86,35.1,167.6
2026-05-23T08:58:43,45.8,1322,7941,0,10,99.99,58,37.4,167.6
2026-05-23T08:58:49,37.1,1325,7941,1,10,99.99,74,34.8,167.6
2026-05-23T08:58:54,40.3,1315,7941,0,11,99.99,79,38.2,167.6
2026-05-23T08:58:59,37.4,1312,7941,1,9,99.99,62,35.8,167.6
2026-05-23T08:59:04,39.5,1313,7941,0,10,99.99,69,36.4,167.6
2026-05-23T08:59:10,33.7,1315,7941,0,11,99.99,70,31.8,167.6
2026-05-23T08:59:15,45.6,1311,7941,0,11,99.99,72,43.4,167.6
2026-05-23T08:59:20,31.7,1319,7941,0,9,99.99,61,29.4,167.6
2026-05-23T08:59:25,39.8,1315,7941,0,10,99.99,70,37.5,167.6
2026-05-23T08:59:31,40.9,1318,7941,0,10,99.99,69,39.0,167.6
2026-05-23T08:59:36,41.4,1307,7941,0,9,99.99,72,39.4,167.6
2026-05-23T08:59:41,35.8,1324,7941,1,9,99.99,67,32.6,167.6
2026-05-23T08:59:47,39.9,1308,7941,0,9,99.99,65,37.9,167.6
2026-05-23T08:59:52,33.4,1310,7941,0,9,99.99,67,31.4,167.6
2026-05-23T08:59:57,34.3,1316,7941,0,9,99.99,67,32.2,167.6
2026-05-23T09:00:02,43.4,1315,7941,0,9,99.99,66,43.9,167.6
2026-05-23T09:00:08,46.4,1364,7941,0,10,99.99,61,46.9,167.6
2026-05-23T09:00:14,46.0,1342,7941,0,11,99.99,64,44.8,167.8
2026-05-23T09:00:19,43.4,1347,7941,0,11,99.99,62,41.5,167.8
2026-05-23T09:00:24,37.8,1344,7941,0,9,99.99,81,34.8,167.8
2026-05-23T09:00:30,37.2,1355,7941,0,9,99.99,58,34.8,167.8
2026-05-23T09:00:35,36.3,1344,7941,0,8,99.99,77,34.2,168.0
2026-05-23T09:00:40,41.9,1345,7941,0,9,99.99,60,40.3,168.0
2026-05-23T09:00:45,33.0,1344,7941,0,9,99.99,57,30.9,168.0
2026-05-23T09:00:51,40.4,1339,7941,0,9,99.99,71,39.5,168.0
2026-05-23T09:00:56,34.9,1349,7941,0,10,99.99,60,32.5,168.0
2026-05-23T09:01:01,38.5,1347,7941,0,10,99.99,62,36.7,168.0
2026-05-23T09:01:07,43.2,1342,7941,0,10,99.99,69,41.5,168.0
2026-05-23T09:01:12,33.3,1348,7941,0,9,99.99,66,31.1,168.0
2026-05-23T09:01:17,38.2,1346,7941,0,10,99.99,56,35.8,168.0
2026-05-23T09:01:22,34.1,1346,7941,0,10,99.99,59,32.1,168.0
2026-05-23T09:01:28,37.6,1349,7941,1,9,99.99,61,35.4,168.0
2026-05-23T09:01:33,35.7,1344,7941,0,10,99.99,71,34.1,168.0
2026-05-23T09:01:38,41.1,1341,7941,0,9,99.99,67,40.0,168.0
2026-05-23T09:01:44,33.1,1351,7941,0,9,99.99,62,30.9,168.0
2026-05-23T09:01:49,40.5,1347,7941,0,9,99.99,69,38.8,168.0
2026-05-23T09:01:54,33.8,1346,7941,0,9,99.99,67,31.1,168.0
2026-05-23T09:01:59,37.0,1351,7941,0,9,99.99,67,35.4,168.0
2026-05-23T09:02:05,41.2,1343,7941,1,8,99.99,75,39.2,168.0
2026-05-23T09:02:10,34.7,1349,7941,0,9,99.99,58,32.9,168.0
2026-05-23T09:02:15,36.8,1345,7941,0,10,99.99,74,34.6,168.0
2026-05-23T09:02:20,34.2,1350,7941,0,10,99.99,57,32.1,168.0
2026-05-23T09:02:26,33.2,1348,7941,0,9,99.99,61,31.1,168.0
2026-05-23T09:02:31,34.8,1344,7941,0,9,99.99,69,33.1,168.0
2026-05-23T09:02:36,33.6,1347,7941,0,9,99.99,64,31.4,168.0
2026-05-23T09:02:41,32.4,1352,7941,0,9,99.99,58,30.8,168.0
2026-05-23T09:02:47,38.0,1346,7941,0,9,99.99,63,36.1,168.0
2026-05-23T09:02:52,38.9,1344,7941,0,9,99.99,66,37.0,168.0
2026-05-23T09:02:57,37.1,1346,7941,0,11,99.99,77,35.3,168.0
2026-05-23T09:03:02,33.1,1358,7941,0,11,99.99,62,30.2,168.0
2026-05-23T09:03:07,41.4,1340,7941,0,8,99.99,71,39.6,168.0
2026-05-23T09:03:13,41.1,1345,7941,0,9,99.99,65,39.4,168.0
2026-05-23T09:03:18,28.9,1346,7941,0,9,99.99,63,26.5,168.0
2026-05-23T09:03:23,37.2,1352,7941,0,11,99.99,64,35.4,168.0
2026-05-23T09:03:28,40.1,1353,7941,0,11,99.99,75,38.1,168.0
2026-05-23T09:03:34,38.9,1341,7941,0,9,99.99,75,37.3,168.0
2026-05-23T09:03:39,34.9,1349,7941,0,9,99.99,63,33.0,168.0
2026-05-23T09:03:44,37.1,1347,7941,0,10,99.99,63,34.6,168.0
2026-05-23T09:03:49,34.0,1347,7941,0,10,99.99,55,32.2,168.0
2026-05-23T09:03:55,38.0,1348,7941,0,11,99.99,73,36.0,168.0
2026-05-23T09:04:00,34.0,1353,7941,0,11,99.99,49,32.3,168.0
2026-05-23T09:04:05,43.4,1326,7941,0,10,99.99,78,41.2,168.0
2026-05-23T09:04:10,34.2,1314,7941,0,10,99.99,65,32.3,168.0
2026-05-23T09:04:16,36.1,1308,7941,0,10,99.99,66,34.0,168.0
2026-05-23T09:04:21,39.0,1310,7941,0,10,99.99,74,37.0,168.0
2026-05-23T09:04:26,36.5,1310,7941,0,9,99.99,59,34.5,168.0
2026-05-23T09:04:31,32.1,1313,7941,0,9,99.99,64,29.9,168.0
2026-05-23T09:04:37,35.6,1306,7941,0,9,99.99,62,33.8,168.0
2026-05-23T09:04:42,37.3,1311,7941,0,9,99.99,66,35.4,168.0
2026-05-23T09:04:47,30.2,1310,7941,0,9,99.99,53,28.2,168.0
2026-05-23T09:04:52,33.7,1318,7941,1,9,99.99,68,31.9,168.0
2026-05-23T09:04:58,34.5,1316,7941,0,10,99.99,58,32.7,168.0
2026-05-23T09:05:03,40.2,1319,7941,0,11,99.99,60,40.4,168.0
2026-05-23T09:05:08,41.0,1317,7941,0,11,99.99,65,39.5,168.0
2026-05-23T09:05:13,39.0,1314,7941,0,10,99.99,71,36.6,168.0
2026-05-23T09:05:19,35.8,1314,7941,0,10,99.99,74,32.9,168.0
2026-05-23T09:05:24,39.5,1312,7941,0,9,99.99,65,37.5,168.1
2026-05-23T09:05:29,31.4,1311,7941,1,9,99.99,60,29.5,168.1
2026-05-23T09:05:34,38.8,1311,7941,0,10,99.99,71,36.7,168.1
2026-05-23T09:05:39,34.6,1309,7941,0,9,99.99,61,32.8,168.1
2026-05-23T09:05:45,35.6,1299,7941,0,8,99.99,66,33.1,168.1
2026-05-23T09:05:50,38.6,1302,7941,0,9,99.99,60,36.6,168.1
2026-05-23T09:05:55,40.3,1310,7941,0,11,99.99,80,38.4,168.1
2026-05-23T09:06:00,34.2,1311,7941,0,11,99.99,65,32.1,168.1
2026-05-23T09:06:06,34.4,1303,7941,0,9,99.99,60,32.6,168.1
2026-05-23T09:06:11,38.6,1314,7941,0,11,99.99,81,36.5,168.1
2026-05-23T09:06:16,33.4,1311,7941,0,11,99.99,64,31.4,168.1
2026-05-23T09:06:21,41.1,1322,7941,0,11,99.99,59,39.7,168.1
2026-05-23T09:06:27,28.4,1305,7941,0,9,99.99,66,25.9,168.1
2026-05-23T09:06:32,37.3,1315,7941,0,9,99.99,66,35.4,168.1
2026-05-23T09:06:37,35.9,1319,7941,0,9,99.99,61,33.9,168.1
2026-05-23T09:06:42,36.2,1315,7941,0,9,99.99,59,34.2,168.1
2026-05-23T09:06:48,36.9,1309,7941,0,9,99.99,66,34.8,168.1
2026-05-23T09:06:53,36.0,1308,7941,0,8,99.99,60,34.4,168.1
2026-05-23T09:06:58,34.8,1318,7941,0,10,99.99,73,32.6,168.1
2026-05-23T09:07:03,34.7,1323,7941,0,10,99.99,63,32.5,168.1
2026-05-23T09:07:08,40.8,1314,7941,0,11,99.99,65,38.8,168.1
2026-05-23T09:07:14,37.9,1328,7941,0,11,99.99,71,35.9,168.1
2026-05-23T09:07:19,42.2,1317,7941,0,9,99.99,59,39.8,168.1
2026-05-23T09:07:24,28.9,1326,7941,0,8,99.99,58,26.4,168.1
2026-05-23T09:07:29,40.5,1317,7941,1,8,99.99,71,38.7,168.1
2026-05-23T09:07:35,34.7,1322,7941,0,9,99.99,64,32.3,168.1
2026-05-23T09:07:40,40.8,1327,7941,0,9,99.99,63,39.1,168.1
2026-05-23T09:07:45,30.1,1322,7941,0,9,99.99,70,27.3,168.1
2026-05-23T09:07:50,36.1,1322,7941,0,9,99.99,67,34.0,168.1
2026-05-23T09:07:56,33.6,1321,7941,0,9,99.99,61,32.0,168.1
2026-05-23T09:08:01,40.8,1318,7941,0,8,99.99,53,39.3,168.1
2026-05-23T09:08:06,35.6,1316,7941,0,10,99.99,76,32.8,168.1
2026-05-23T09:08:12,43.5,1327,7941,0,10,99.99,67,41.8,168.1
2026-05-23T09:08:17,35.6,1322,7941,0,9,99.99,75,32.8,168.1
2026-05-23T09:08:22,38.3,1322,7941,0,9,99.99,60,36.5,168.1
2026-05-23T09:08:27,36.7,1322,7941,0,11,99.99,68,34.4,168.1
2026-05-23T09:08:33,36.3,1331,7941,0,11,99.99,61,34.2,168.1
2026-05-23T09:08:38,41.0,1318,7941,0,10,99.99,69,39.6,168.1
2026-05-23T09:08:43,36.1,1322,7941,0,11,99.99,63,33.4,168.1
2026-05-23T09:08:49,38.1,1331,7941,0,11,99.99,73,36.1,168.3
2026-05-23T09:08:54,37.0,1325,7941,0,10,99.99,68,34.5,168.3
2026-05-23T09:08:59,39.1,1318,7941,0,9,99.99,59,37.0,168.3
2026-05-23T09:09:04,49.8,1323,7941,0,10,99.99,68,49.0,168.3
2026-05-23T09:09:10,29.6,1324,7941,0,10,99.99,68,27.0,168.3
2026-05-23T09:09:15,40.0,1320,7941,0,9,99.99,77,37.5,168.3
2026-05-23T09:09:20,30.9,1324,7941,0,9,99.99,60,28.4,168.3
2026-05-23T09:09:25,46.1,1310,7941,0,9,99.99,74,44.5,168.3
2026-05-23T09:09:31,40.3,1306,7941,0,9,99.99,62,38.6,168.3
2026-05-23T09:09:36,34.0,1302,7941,0,9,99.99,63,31.1,168.3
2026-05-23T09:09:41,41.8,1312,7941,0,11,99.99,63,39.9,168.3
2026-05-23T09:09:46,30.7,1315,7941,0,11,99.99,69,27.8,168.3
2026-05-23T09:09:52,39.4,1302,7941,0,8,99.99,65,37.7,168.3
2026-05-23T09:09:57,37.2,1300,7941,0,8,99.99,73,34.8,168.3
2026-05-23T09:10:02,33.5,1310,7941,0,9,99.99,56,31.9,168.3
2026-05-23T09:10:08,43.5,1309,7941,0,9,99.99,71,42.5,168.3
2026-05-23T09:10:13,40.5,1335,7941,0,11,99.99,66,36.4,168.3
2026-05-23T09:10:18,35.2,1335,7941,0,11,99.99,66,32.6,168.3
2026-05-23T09:10:24,36.2,1327,7941,0,11,99.99,76,33.9,168.3
2026-05-23T09:10:29,38.4,1314,7941,0,11,99.99,57,36.0,168.3
2026-05-23T09:10:34,44.5,1307,7941,0,9,99.99,65,42.2,168.3
2026-05-23T09:10:40,37.5,1334,7941,0,9,99.99,82,34.4,168.3
2026-05-23T09:10:45,42.8,1314,7941,0,10,99.99,76,40.8,168.3
2026-05-23T09:10:50,37.5,1321,7941,0,11,99.99,67,35.5,168.3
2026-05-23T09:10:55,32.3,1318,7941,0,11,99.99,58,29.6,168.3
2026-05-23T09:11:01,36.3,1321,7941,0,11,99.99,67,35.4,168.3
2026-05-23T09:11:06,42.2,1320,7941,0,11,99.99,72,41.1,168.3
2026-05-23T09:11:11,37.1,1316,7941,0,10,99.99,63,35.1,168.3
2026-05-23T09:11:17,34.9,1317,7941,0,10,99.99,58,32.3,168.3
2026-05-23T09:11:22,39.0,1313,7941,0,9,99.99,73,36.9,168.3
2026-05-23T09:11:27,29.1,1318,7941,0,11,99.99,55,26.8,168.3
2026-05-23T09:11:32,30.1,1317,7941,1,8,99.99,64,27.8,168.3
2026-05-23T09:11:38,41.4,1312,7941,0,9,99.99,62,39.6,168.3
2026-05-23T09:11:43,39.4,1319,7941,0,11,99.99,52,37.7,168.3
2026-05-23T09:11:48,39.5,1316,7941,0,11,99.99,85,36.8,168.3
2026-05-23T09:11:53,38.5,1313,7941,0,9,99.99,68,36.4,168.3
2026-05-23T09:11:59,40.0,1313,7941,0,9,99.99,58,38.5,168.3
2026-05-23T09:12:04,40.8,1312,7941,0,9,99.99,62,38.6,168.3
2026-05-23T09:12:09,41.8,1318,7941,0,10,99.99,76,39.6,168.3
2026-05-23T09:12:15,35.4,1325,7941,0,10,99.99,63,33.4,168.3
2026-05-23T09:12:20,36.7,1317,7941,0,10,99.99,57,34.5,168.3
2026-05-23T09:12:25,36.9,1317,7941,0,9,99.99,72,34.7,168.3
2026-05-23T09:12:30,34.9,1315,7941,0,9,99.99,57,32.6,168.3
2026-05-23T09:12:36,39.9,1314,7941,0,9,99.99,79,37.5,168.3
2026-05-23T09:12:41,36.0,1318,7941,0,10,99.99,63,34.1,168.3
2026-05-23T09:12:46,43.3,1321,7941,0,10,99.99,81,41.5,168.3
2026-05-23T09:12:51,31.8,1312,7941,0,9,99.99,60,29.3,168.3
2026-05-23T09:12:57,33.7,1319,7941,0,10,99.99,61,31.5,168.3
2026-05-23T09:13:02,39.7,1318,7941,0,9,99.99,70,38.4,168.3
2026-05-23T09:13:07,34.7,1315,7941,0,9,99.99,68,31.9,168.3
2026-05-23T09:13:13,42.4,1319,7941,0,9,99.99,70,41.1,168.3
2026-05-23T09:13:18,40.4,1310,7941,0,10,99.99,72,37.9,168.3
2026-05-23T09:13:23,33.2,1315,7941,0,11,99.99,55,31.2,168.3
2026-05-23T09:13:28,38.2,1322,7941,0,11,99.99,72,36.1,168.3
2026-05-23T09:13:33,38.5,1326,7941,0,11,99.99,62,36.0,168.3
2026-05-23T09:13:39,37.1,1320,7941,0,11,99.99,74,35.9,168.3
2026-05-23T09:13:44,38.9,1323,7941,0,11,99.99,79,37.0,168.3
2026-05-23T09:13:49,34.0,1309,7941,0,9,99.99,56,32.0,168.3
2026-05-23T09:13:55,34.9,1311,7941,1,8,99.99,69,33.2,168.3
2026-05-23T09:14:00,38.5,1322,7941,0,11,99.99,71,36.7,168.3
2026-05-23T09:14:05,70.5,1644,7941,0,11,99.99,73,41.7,168.3
2026-05-23T09:14:11,84.3,2419,7941,0,11,99.99,67,35.9,168.3
2026-05-23T09:14:16,89.4,2764,7941,0,11,99.99,67,34.5,168.3
2026-05-23T09:14:21,48.3,2754,7941,0,9,99.99,68,32.8,168.3
2026-05-23T09:14:27,38.3,2754,7941,0,10,99.99,67,34.6,168.3
2026-05-23T09:14:32,42.9,2765,7941,0,11,99.99,61,41.1,168.3
2026-05-23T09:14:37,38.6,2772,7941,0,11,99.99,78,35.3,168.3
2026-05-23T09:14:43,40.0,2719,7941,0,9,99.99,70,35.3,168.3
2026-05-23T09:14:48,42.6,2665,7941,0,9,99.99,66,38.3,168.3
2026-05-23T09:14:53,42.4,1391,7941,0,8,99.99,66,30.2,168.3
2026-05-23T09:14:58,41.6,1402,7941,0,11,99.99,60,39.2,168.3
2026-05-23T09:15:03,70.9,1721,7941,0,11,99.99,74,39.6,168.3
2026-05-23T09:15:09,73.6,2076,7941,1,10,99.99,70,40.6,168.3
2026-05-23T09:15:14,45.5,2057,7941,0,11,99.99,68,34.6,168.3
2026-05-23T09:15:20,42.7,2054,7941,0,9,99.99,57,29.8,168.3
2026-05-23T09:15:25,36.9,2035,7941,0,11,99.99,65,33.6,168.3
2026-05-23T09:15:30,43.8,2044,7941,0,11,99.99,64,39.7,168.3
2026-05-23T09:15:35,36.3,2058,7941,0,9,99.99,63,28.0,168.3
2026-05-23T09:15:41,47.2,2078,7941,0,9,99.99,69,41.0,168.3
2026-05-23T09:15:46,38.9,2093,7941,0,10,99.99,71,32.8,168.3
2026-05-23T09:15:51,45.8,2164,7941,0,10,99.99,64,39.9,168.3
2026-05-23T09:15:56,38.9,2351,7941,0,10,99.99,76,29.9,168.3
2026-05-23T09:16:02,45.4,2124,7941,0,10,99.99,62,37.5,168.3
2026-05-23T09:16:07,38.3,2108,7941,0,11,99.99,74,36.0,168.3
2026-05-23T09:16:12,39.7,2101,7941,0,10,99.99,56,36.0,168.3
2026-05-23T09:16:17,43.1,2087,7941,0,9,99.99,68,38.9,168.3
2026-05-23T09:16:23,36.7,2111,7941,0,10,99.99,71,32.8,168.3
2026-05-23T09:16:28,36.5,2115,7941,0,10,99.99,66,34.8,168.3
2026-05-23T09:16:33,36.8,2115,7941,0,10,99.99,53,34.5,168.3
2026-05-23T09:16:38,41.8,2106,7941,0,9,99.99,79,39.9,168.3
2026-05-23T09:16:44,32.9,2112,7941,0,9,99.99,76,30.1,168.3
2026-05-23T09:16:49,39.9,2106,7941,0,9,99.99,64,35.7,168.3
2026-05-23T09:16:54,34.6,2049,7941,0,9,99.99,65,31.2,168.3
2026-05-23T09:16:59,33.8,1452,7941,0,10,99.99,55,31.1,168.3
2026-05-23T09:17:05,40.9,1450,7941,0,11,99.99,65,38.7,168.3
2026-05-23T09:17:10,33.1,1449,7941,0,11,99.99,63,31.0,168.3
2026-05-23T09:17:15,37.5,1436,7941,0,9,99.99,73,35.6,168.3
2026-05-23T09:17:20,32.2,1445,7941,0,9,99.99,58,29.5,168.3
2026-05-23T09:17:25,34.9,1438,7941,0,9,99.99,65,32.8,168.3
2026-05-23T09:17:31,34.7,1442,7941,0,9,99.99,62,33.1,168.3
2026-05-23T09:17:36,33.3,1436,7941,0,9,99.99,71,31.1,168.3
2026-05-23T09:17:41,39.3,1442,7941,0,9,99.99,55,37.5,168.3
2026-05-23T09:17:46,32.7,1438,7941,0,9,99.99,68,30.2,168.3
2026-05-23T09:17:52,36.6,1444,7941,0,9,99.99,63,35.0,168.3
2026-05-23T09:17:57,35.3,1432,7941,0,8,99.99,64,33.2,168.3
2026-05-23T09:18:02,37.3,1448,7941,0,11,99.99,54,35.6,168.3
2026-05-23T09:18:07,36.4,1442,7941,0,11,99.99,76,33.9,168.3
2026-05-23T09:18:13,36.5,1436,7941,0,9,99.99,70,34.0,168.4
2026-05-23T09:18:18,41.7,1440,7941,0,9,99.99,65,39.7,168.4
2026-05-23T09:18:23,36.7,1452,7941,0,10,99.99,68,34.5,168.4
2026-05-23T09:18:28,39.1,1438,7941,0,10,99.99,71,35.8,168.4
2026-05-23T09:18:34,39.4,1436,7941,0,9,99.99,71,37.0,168.4
2026-05-23T09:18:39,38.7,1436,7941,0,8,99.99,60,37.2,168.4
2026-05-23T09:18:44,37.1,1444,7941,0,10,99.99,65,34.4,168.4
2026-05-23T09:18:50,40.5,1444,7941,0,10,99.99,74,38.7,168.4
2026-05-23T09:18:55,30.5,1438,7941,0,10,99.99,54,27.4,168.4
2026-05-23T09:19:00,36.8,1445,7941,1,9,99.99,60,35.1,168.4
2026-05-23T09:19:05,42.6,1432,7941,0,9,99.99,60,40.2,168.4
2026-05-23T09:19:11,39.0,1438,7941,0,9,99.99,77,36.8,168.4
2026-05-23T09:19:16,33.4,1436,7941,0,9,99.99,63,30.8,168.4
2026-05-23T09:19:21,38.6,1446,7941,0,10,99.99,65,35.9,168.4
2026-05-23T09:19:26,33.5,1447,7941,0,10,99.99,63,31.8,168.4
2026-05-23T09:19:32,36.7,1448,7941,0,9,99.99,55,34.2,168.4
2026-05-23T09:19:37,39.2,1439,7941,0,11,99.99,75,36.6,168.4
2026-05-23T09:19:42,35.1,1443,7941,0,11,99.99,54,33.3,168.4
2026-05-23T09:19:48,37.5,1438,7941,0,9,99.99,66,35.1,168.4
2026-05-23T09:19:53,35.6,1440,7941,0,9,99.99,60,33.8,168.4
2026-05-23T09:19:58,31.4,1430,7941,0,8,99.99,76,28.7,168.4
2026-05-23T09:20:03,51.3,1445,7941,0,11,99.99,65,50.6,168.4
2026-05-23T09:20:09,48.4,1471,7941,0,11,99.99,79,43.6,168.4
2026-05-23T09:20:14,73.4,1922,7941,0,11,99.99,65,37.8,168.4
2026-05-23T09:20:20,69.5,2152,7941,0,11,99.99,60,37.0,168.4
2026-05-23T09:20:25,56.0,2345,7941,0,11,99.99,67,34.8,168.4
2026-05-23T09:20:30,46.0,2311,7941,0,11,99.99,86,40.5,168.4
2026-05-23T09:20:35,39.6,2289,7941,0,11,99.99,65,33.8,168.4
2026-05-23T09:20:41,37.8,2285,7941,0,9,99.99,59,33.1,168.4
2026-05-23T09:20:46,43.4,2286,7941,0,9,99.99,71,39.8,168.4
2026-05-23T09:20:51,33.9,2279,7941,0,8,99.99,53,29.5,168.4
2026-05-23T09:20:57,39.7,2287,7941,0,10,99.99,68,35.9,168.4
2026-05-23T09:21:02,42.8,2291,7941,0,9,99.99,64,41.1,168.4
2026-05-23T09:21:07,41.6,2285,7941,0,10,99.99,77,38.8,168.4
2026-05-23T09:21:12,37.8,2296,7941,0,11,99.99,66,35.5,168.4
2026-05-23T09:21:18,40.0,2300,7941,0,11,99.99,76,37.3,168.4
2026-05-23T09:21:23,37.1,2169,7941,0,10,99.99,65,34.8,168.4
2026-05-23T09:21:28,36.9,2155,7941,0,10,99.99,57,34.4,168.4
2026-05-23T09:21:33,40.8,2142,7941,0,8,99.99,58,39.2,168.4
2026-05-23T09:21:39,37.8,2145,7941,0,9,99.99,72,34.8,168.4
2026-05-23T09:21:44,43.5,2117,7941,0,11,99.99,65,33.1,168.4
2026-05-23T09:21:49,33.8,2103,7941,0,11,99.99,67,31.8,168.4
2026-05-23T09:21:54,33.7,2097,7941,0,9,99.99,60,31.0,168.4
2026-05-23T09:22:00,42.4,2091,7941,0,9,99.99,65,40.8,168.4
2026-05-23T09:22:05,45.5,2089,7941,0,9,99.99,74,42.8,168.4
2026-05-23T09:22:10,35.9,2088,7941,0,9,99.99,69,34.1,168.4
2026-05-23T09:22:16,32.9,2090,7941,0,11,99.99,61,30.1,168.4
2026-05-23T09:22:21,37.4,2098,7941,0,10,99.99,60,35.2,168.4
2026-05-23T09:22:26,40.3,2091,7941,0,11,99.99,63,38.1,168.4
2026-05-23T09:22:31,31.7,2091,7941,0,11,99.99,62,29.4,168.4
2026-05-23T09:22:37,42.8,2088,7941,0,10,99.99,73,40.1,168.4
2026-05-23T09:22:42,34.3,2081,7941,0,8,99.99,61,32.4,168.4
2026-05-23T09:22:47,43.3,2083,7941,1,8,99.99,73,41.0,168.4
2026-05-23T09:22:53,39.3,2086,7941,0,11,99.99,73,37.1,168.4
2026-05-23T09:22:58,33.2,2089,7941,0,11,99.99,61,30.6,168.4
2026-05-23T09:23:03,41.2,2089,7941,0,10,99.99,65,38.8,168.4
2026-05-23T09:23:08,38.7,2086,7941,0,9,99.99,72,36.4,168.4
2026-05-23T09:23:14,33.3,2089,7941,0,9,99.99,64,31.2,168.4
2026-05-23T09:23:19,45.8,2086,7941,0,9,99.99,64,43.1,168.4
2026-05-23T09:23:24,35.3,2088,7941,0,9,99.99,70,32.7,168.4
2026-05-23T09:23:29,35.4,2086,7941,0,9,99.99,53,33.2,168.4
2026-05-23T09:23:35,44.1,2090,7941,0,11,99.99,77,41.8,168.4
2026-05-23T09:23:40,31.7,2095,7941,0,9,99.99,55,29.0,168.4
2026-05-23T09:23:45,35.7,2076,7941,0,8,99.99,76,32.8,168.4
2026-05-23T09:23:50,38.4,2089,7941,0,10,99.99,54,36.7,168.4
2026-05-23T09:23:56,37.4,2093,7941,0,10,99.99,74,34.6,168.4
2026-05-23T09:24:01,37.8,2091,7941,0,9,99.99,75,35.3,168.4
2026-05-23T09:24:07,44.9,2085,7941,0,10,99.99,66,44.9,168.4
2026-05-23T09:24:12,44.5,2090,7941,0,10,99.99,62,42.5,168.4
2026-05-23T09:24:17,36.9,2087,7941,0,10,99.99,70,34.1,168.4
2026-05-23T09:24:23,38.3,2094,7941,0,11,99.99,65,35.7,168.4
2026-05-23T09:24:28,35.5,2107,7941,0,11,99.99,70,32.6,168.4
2026-05-23T09:24:33,44.6,2089,7941,0,9,99.99,78,42.5,168.4
2026-05-23T09:24:39,33.8,2080,7941,0,9,99.99,58,31.1,168.4
2026-05-23T09:24:44,39.8,2092,7941,0,9,99.99,65,37.6,168.4
2026-05-23T09:24:49,38.9,2097,7941,0,11,99.99,65,36.0,168.4
2026-05-23T09:24:54,35.7,2094,7941,0,11,99.99,78,33.1,168.4
2026-05-23T09:25:00,39.8,2102,7941,0,10,99.99,62,37.5,168.4
2026-05-23T09:25:05,48.7,2095,7941,0,10,99.99,79,46.5,168.4
2026-05-23T09:25:10,36.5,2091,7941,0,10,99.99,54,34.1,168.4
2026-05-23T09:25:15,36.7,2090,7941,0,10,99.99,75,34.3,168.4
2026-05-23T09:25:21,33.8,2092,7941,0,10,99.99,58,31.4,168.4
2026-05-23T09:25:26,38.7,2093,7941,0,10,99.99,69,36.4,168.4
2026-05-23T09:25:31,34.6,2090,7941,0,10,99.99,65,32.0,168.4
2026-05-23T09:25:37,42.1,2089,7941,0,9,99.99,67,39.9,168.4
2026-05-23T09:25:42,39.8,2100,7941,0,9,99.99,58,32.5,168.4
2026-05-23T09:25:47,43.6,2090,7941,0,11,99.99,79,41.3,168.4
2026-05-23T09:25:52,38.7,2090,7941,0,11,99.99,66,36.9,168.4
2026-05-23T09:25:58,34.8,2084,7941,0,9,99.99,70,32.3,168.4
2026-05-23T09:26:03,46.3,2084,7941,0,9,99.99,70,44.2,168.4
2026-05-23T09:26:08,40.2,2084,7941,0,9,99.99,70,37.9,168.4
2026-05-23T09:26:14,33.0,2091,7941,0,9,99.99,71,30.2,168.5
2026-05-23T09:26:19,37.8,2087,7941,0,9,99.99,61,35.9,168.5
2026-05-23T09:26:24,37.8,2086,7941,0,9,99.99,75,34.8,168.5
2026-05-23T09:26:30,34.0,2090,7941,0,9,99.99,49,32.0,168.5
2026-05-23T09:26:35,37.7,2095,7941,0,9,99.99,66,34.9,168.5
2026-05-23T09:26:40,39.0,2097,7941,1,10,99.99,69,37.1,168.5
2026-05-23T09:26:45,43.0,2096,7941,0,11,99.99,72,40.9,168.5
2026-05-23T09:26:51,34.9,2092,7941,0,10,99.99,70,32.8,168.5
2026-05-23T09:26:56,38.9,2095,7941,0,9,99.99,72,34.6,168.5
2026-05-23T09:27:01,51.0,2093,7941,0,10,99.99,69,47.4,168.5
2026-05-23T09:27:07,34.8,1969,7941,0,11,99.99,71,30.6,168.5
2026-05-23T09:27:12,40.9,1455,7941,0,9,99.99,67,38.8,168.5
2026-05-23T09:27:17,34.0,1451,7941,0,9,99.99,62,31.1,168.5
2026-05-23T09:27:23,71.8,1843,7941,0,9,99.99,61,38.1,168.5
2026-05-23T09:27:28,91.1,2444,7941,0,11,99.99,74,39.6,168.5
2026-05-23T09:27:33,89.6,2697,7941,0,11,99.99,63,35.9,168.5
2026-05-23T09:27:39,63.1,2775,7941,0,11,99.99,70,39.7,168.5
2026-05-23T09:27:44,42.1,2756,7941,0,9,99.99,70,38.4,168.5
2026-05-23T09:27:49,36.1,2749,7941,0,9,99.99,67,34.0,168.5
2026-05-23T09:27:54,37.9,2741,7941,0,10,99.99,62,35.0,168.5
2026-05-23T09:28:00,38.9,2707,7941,0,10,99.99,60,35.2,168.6
2026-05-23T09:28:05,40.2,2711,7941,0,11,99.99,59,37.4,168.6
2026-05-23T09:28:10,38.3,2713,7941,0,11,99.99,75,36.1,168.6
2026-05-23T09:28:16,43.5,2676,7941,0,10,99.99,70,36.5,168.6
2026-05-23T09:28:21,40.9,2676,7941,0,10,99.99,66,33.5,168.6
2026-05-23T09:28:26,44.5,2647,7941,0,10,99.99,56,36.4,168.6
2026-05-23T09:28:31,37.5,2651,7941,1,9,99.99,55,35.7,168.6
2026-05-23T09:28:37,36.9,2645,7941,0,9,99.99,70,34.1,168.6
2026-05-23T09:28:42,39.0,2639,7941,0,11,99.99,71,37.1,168.6
2026-05-23T09:28:47,40.5,2643,7941,0,11,99.99,70,37.7,168.6
2026-05-23T09:28:53,36.1,2632,7941,0,9,99.99,65,33.8,168.6
2026-05-23T09:28:58,39.6,2639,7941,1,9,99.99,67,37.3,168.6
2026-05-23T09:29:03,33.7,2641,7941,0,10,99.99,65,31.1,168.6
2026-05-23T09:29:08,32.4,2641,7941,2,9,99.99,66,30.1,168.6
2026-05-23T09:29:14,34.8,2639,7941,0,11,99.99,66,32.8,168.6
2026-05-23T09:29:19,33.0,2637,7941,0,9,99.99,59,30.1,168.6
2026-05-23T09:29:24,36.4,2634,7941,0,9,99.99,59,34.0,168.6
2026-05-23T09:29:29,35.4,2632,7941,0,9,99.99,67,33.1,168.6
2026-05-23T09:29:35,37.5,2631,7941,0,9,99.99,68,35.2,168.6
2026-05-23T09:29:40,39.4,2633,7941,0,9,99.99,74,37.4,168.6
2026-05-23T09:29:45,38.2,2640,7941,0,9,99.99,68,35.5,168.6
2026-05-23T09:29:50,39.4,2624,7941,0,8,99.99,67,37.6,168.6
2026-05-23T09:29:56,32.3,2623,7941,0,8,99.99,59,30.1,168.6
2026-05-23T09:30:01,40.3,2625,7941,0,10,99.99,68,38.4,168.6
2026-05-23T09:30:06,48.3,2629,7941,0,10,99.99,65,50.9,168.6
2026-05-23T09:30:12,43.2,2622,7941,0,9,99.99,66,41.5,168.6
2026-05-23T09:30:17,33.6,2632,7941,0,9,99.99,69,30.1,168.6
2026-05-23T09:30:22,41.2,2628,7941,0,10,99.99,70,39.0,168.6
2026-05-23T09:30:28,38.5,2626,7941,0,10,99.99,64,35.9,168.6
2026-05-23T09:30:33,39.3,2629,7941,0,10,99.99,67,37.1,168.6
2026-05-23T09:30:38,34.4,2631,7941,0,10,99.99,63,32.0,168.6
2026-05-23T09:30:43,42.3,2638,7941,0,10,99.99,67,40.2,168.6
2026-05-23T09:30:49,40.9,2635,7941,0,10,99.99,64,38.4,168.6
2026-05-23T09:30:54,29.9,2633,7941,0,10,99.99,69,27.5,168.6
2026-05-23T09:30:59,36.4,2631,7941,0,9,99.99,57,34.3,168.6
2026-05-23T09:31:04,44.1,2628,7941,0,10,99.99,71,41.9,168.6
2026-05-23T09:31:10,39.3,2632,7941,0,10,99.99,70,36.9,168.6
2026-05-23T09:31:15,39.5,2631,7941,0,10,99.99,76,37.2,168.6
2026-05-23T09:31:20,36.4,2634,7941,0,10,99.99,63,34.9,168.6
2026-05-23T09:31:26,39.9,2627,7941,0,9,99.99,71,37.5,168.6
2026-05-23T09:31:31,41.2,2634,7941,0,9,99.99,64,39.4,168.6
2026-05-23T09:31:36,34.9,2630,7941,1,9,99.99,68,32.2,168.6
2026-05-23T09:31:41,40.9,2632,7941,0,10,99.99,69,38.8,168.6
2026-05-23T09:31:47,36.2,2630,7941,0,10,99.99,70,33.8,168.6
2026-05-23T09:31:52,33.8,2634,7941,0,10,99.99,74,31.5,168.6
2026-05-23T09:31:57,40.4,2619,7941,0,8,99.99,69,38.7,168.6
2026-05-23T09:32:02,44.8,2627,7941,0,9,99.99,65,42.3,168.6
2026-05-23T09:32:08,37.9,2622,7941,0,9,99.99,82,35.5,168.6
2026-05-23T09:32:13,41.2,2628,7941,0,10,99.99,66,39.9,168.6
2026-05-23T09:32:18,37.4,2635,7941,0,10,99.99,51,35.2,168.6
2026-05-23T09:32:23,34.7,2627,7941,0,9,99.99,73,32.4,168.6
2026-05-23T09:32:29,33.9,2622,7941,0,8,99.99,56,31.5,168.6
2026-05-23T09:32:34,28.7,2625,7941,0,9,99.99,70,25.9,168.6
2026-05-23T09:32:39,35.0,2628,7941,0,9,99.99,68,33.2,168.6
2026-05-23T09:32:44,35.8,2638,7941,1,7,99.99,48,34.9,168.6
2026-05-23T09:32:50,39.3,2634,7941,0,11,99.99,75,37.3,168.6
2026-05-23T09:32:55,34.0,2634,7941,0,11,99.99,61,31.4,168.6
2026-05-23T09:33:00,33.4,2637,7941,0,10,99.99,59,31.2,168.6
2026-05-23T09:33:05,38.3,2637,7941,0,10,99.99,72,36.0,168.6
2026-05-23T09:33:11,35.3,2623,7941,1,7,99.99,61,33.5,168.6
2026-05-23T09:33:16,41.2,2623,7941,0,8,99.99,71,39.2,168.6
2026-05-23T09:33:21,27.1,2629,7941,0,10,99.99,64,24.2,168.6
2026-05-23T09:33:26,34.1,2632,7941,0,10,99.99,58,32.1,168.6
2026-05-23T09:33:32,39.6,2632,7941,0,10,99.99,66,37.3,168.6
2026-05-23T09:33:37,34.4,2630,7941,0,10,99.99,60,32.6,168.6
2026-05-23T09:33:42,27.2,2636,7941,0,8,99.99,57,23.7,168.6
2026-05-23T09:33:47,40.9,2638,7941,0,11,99.99,67,38.6,168.6
2026-05-23T09:33:53,38.4,2637,7941,0,11,99.99,72,36.5,168.6
2026-05-23T09:33:58,33.3,2631,7941,0,9,99.99,65,30.9,168.6
2026-05-23T09:34:03,41.7,2633,7941,0,9,99.99,59,39.8,168.6
2026-05-23T09:34:08,27.0,2629,7941,0,8,99.99,77,24.2,168.6
2026-05-23T09:34:13,39.8,2629,7941,0,9,99.99,58,38.4,168.6
2026-05-23T09:34:19,34.0,2628,7941,0,9,99.99,78,31.3,168.6
2026-05-23T09:34:24,37.0,2625,7941,0,9,99.99,66,34.6,168.6
2026-05-23T09:34:29,34.5,2630,7941,0,9,99.99,58,32.4,168.6
2026-05-23T09:34:34,36.7,2632,7941,0,9,99.99,66,34.8,168.6
2026-05-23T09:34:40,34.8,2637,7941,0,10,99.99,65,32.6,168.6
2026-05-23T09:34:45,36.0,2638,7941,0,10,99.99,69,33.9,168.6
2026-05-23T09:34:50,42.0,2638,7941,0,10,99.99,61,40.5,168.6
2026-05-23T09:34:55,37.6,2629,7941,0,9,99.99,72,35.2,168.6
2026-05-23T09:35:01,36.3,2630,7941,0,9,99.99,70,34.1,168.6
2026-05-23T09:35:06,40.9,2629,7941,0,10,99.99,67,39.0,168.6
2026-05-23T09:35:11,33.6,2640,7941,0,10,99.99,55,31.4,168.6
2026-05-23T09:35:16,35.6,2633,7941,0,9,99.99,58,33.3,168.6
2026-05-23T09:35:22,35.4,2630,7941,0,9,99.99,70,33.1,168.6
2026-05-23T09:35:27,41.2,2628,7941,0,9,99.99,65,39.5,168.6
2026-05-23T09:35:32,35.6,2633,7941,3,6,99.99,72,33.4,168.6
2026-05-23T09:35:37,38.9,2636,7941,0,10,99.99,67,37.0,168.6
2026-05-23T09:35:42,34.7,2639,7941,0,10,99.99,69,32.6,168.6
2026-05-23T09:35:48,36.2,2620,7941,0,8,99.99,78,34.2,168.6
2026-05-23T09:35:53,39.4,2637,7941,0,9,99.99,58,37.8,168.6
2026-05-23T09:35:58,34.9,2633,7941,0,9,99.99,68,32.8,168.6
2026-05-23T09:36:03,38.7,2630,7941,0,9,99.99,63,36.4,168.6
2026-05-23T09:36:09,34.8,2628,7941,0,9,99.99,72,32.9,168.6
2026-05-23T09:36:14,38.7,2638,7941,0,9,99.99,65,36.6,168.6
2026-05-23T09:36:19,35.1,2633,7941,0,9,99.99,60,32.9,168.6
2026-05-23T09:36:24,36.1,2623,7941,0,8,99.99,84,33.6,168.6
2026-05-23T09:36:30,28.4,2632,7941,0,8,99.99,52,26.4,168.6
2026-05-23T09:36:35,37.0,2625,7941,0,9,99.99,59,34.6,168.6
2026-05-23T09:36:40,29.2,2635,7941,0,9,99.99,56,27.3,168.6
2026-05-23T09:36:45,32.4,2635,7941,0,9,99.99,63,30.3,168.6
2026-05-23T09:36:50,33.6,2627,7941,1,8,99.99,65,31.8,168.6
2026-05-23T09:36:56,30.2,2632,7941,0,10,99.99,54,27.8,168.6
2026-05-23T09:37:01,29.3,2630,7941,0,9,99.99,56,27.7,168.6
2026-05-23T09:37:06,32.8,2625,7941,0,8,99.99,47,31.6,168.6
2026-05-23T09:37:11,25.8,2631,7941,0,9,99.99,54,23.7,168.6
2026-05-23T09:37:17,27.6,2629,7941,0,9,99.99,62,25.4,168.6
2026-05-23T09:37:22,25.8,2632,7941,0,11,99.99,46,23.4,168.6
2026-05-23T09:37:27,28.8,2630,7941,0,11,99.99,58,26.7,168.6
2026-05-23T09:37:32,28.0,2621,7941,0,8,99.99,34,26.2,168.6
2026-05-23T09:37:38,26.9,2632,7941,0,9,99.99,53,24.9,168.6
2026-05-23T09:37:43,23.8,2625,7941,0,9,99.99,48,21.8,168.6
2026-05-23T09:37:48,25.6,2630,7941,0,8,99.99,45,23.6,168.6
2026-05-23T09:37:53,26.9,2633,7941,0,10,99.99,40,25.0,168.6
2026-05-23T09:37:59,24.7,2634,7941,0,10,99.99,45,22.6,168.6
2026-05-23T09:38:04,24.2,2625,7941,0,9,99.99,58,21.9,168.6
2026-05-23T09:38:09,22.2,2628,7941,0,8,99.99,32,20.4,168.6
2026-05-23T09:38:14,21.2,2631,7941,0,11,99.99,41,19.0,168.6
2026-05-23T09:38:19,26.7,2638,7941,0,11,99.99,47,25.2,168.6
2026-05-23T09:38:25,20.3,2623,7941,0,9,99.99,46,17.8,168.6
2026-05-23T09:38:30,18.2,2633,7941,0,9,99.99,40,16.1,168.6
2026-05-23T09:38:35,25.2,2631,7941,0,9,99.99,45,23.2,168.6
2026-05-23T09:38:40,20.6,2621,7941,0,8,99.99,39,18.7,168.6
2026-05-23T09:38:45,19.7,2624,7941,0,8,99.99,35,17.5,168.6
2026-05-23T09:38:51,16.1,2633,7941,0,8,99.99,28,14.3,168.6
2026-05-23T09:38:56,19.4,2628,7941,0,9,99.99,37,17.8,168.6
2026-05-23T09:39:01,16.7,2625,7941,0,8,99.99,25,14.9,168.6
2026-05-23T09:39:07,20.7,2629,7941,0,10,99.99,39,19.4,168.6
2026-05-23T09:39:12,14.8,2637,7941,0,10,99.99,24,13.0,168.6
2026-05-23T09:39:17,16.6,2635,7941,0,8,99.99,29,14.8,168.6
2026-05-23T09:39:22,14.9,2632,7941,0,9,99.99,24,12.6,168.6
2026-05-23T09:39:28,15.1,2630,7941,0,8,99.99,33,13.1,168.6
2026-05-23T09:39:33,13.9,2625,7941,1,8,99.99,25,12.2,168.6
2026-05-23T09:39:38,13.7,2627,7941,0,9,99.99,27,11.7,168.6
2026-05-23T09:39:43,10.4,2625,7941,0,8,99.99,16,8.6,168.6
2026-05-23T09:39:49,11.3,2628,7941,0,8,99.99,19,9.4,168.6
2026-05-23T09:39:54,11.2,2626,7941,0,8,99.99,23,9.0,168.6
2026-05-23T09:39:59,8.6,2634,7941,0,8,99.99,21,6.6,168.6
2026-05-23T09:40:04,11.7,2629,7941,0,9,99.99,17,9.8,168.6
2026-05-23T09:40:10,10.5,2630,7941,0,9,99.99,17,8.5,168.6
2026-05-23T09:40:15,8.1,2625,7941,0,8,99.99,19,5.5,168.6
2026-05-23T09:40:20,11.6,2631,7941,0,8,99.99,18,9.4,168.6
2026-05-23T09:40:25,6.5,2637,7941,0,8,99.99,18,4.1,168.6
2026-05-23T09:40:31,9.5,2639,7941,0,8,99.99,10,7.8,168.6
2026-05-23T09:40:36,3.9,2634,7941,0,8,99.99,14,1.5,168.6
2026-05-23T09:40:41,5.9,2633,7941,0,8,99.99,9,4.5,168.6
2026-05-23T09:40:46,5.4,2626,7941,0,8,99.99,11,3.4,168.6
2026-05-23T09:40:52,4.7,2632,7941,0,8,99.99,7,2.9,168.6
2026-05-23T09:40:57,2.0,2628,7941,0,8,99.99,10,0.1,168.6
2026-05-23T09:41:02,3.8,2620,7941,0,8,99.99,4,1.6,168.6
2026-05-23T09:41:07,3.1,2624,7941,0,8,99.99,8,1.3,168.8
2026-05-23T09:41:13,1.8,2605,7941,0,3,99.99,2,0.1,168.8
2026-05-23T09:41:18,2.4,2610,7941,0,1,99.99,7,0.1,168.8
2026-05-23T09:41:23,1.9,2612,7941,0,1,99.99,1,0.1,168.8
2026-05-23T09:41:28,2.1,2612,7941,0,1,99.99,6,0.1,168.8
2026-05-23T09:41:34,1.8,2612,7941,0,1,99.99,6,0.1,168.8
2026-05-23T09:41:39,2.0,2608,7941,0,1,99.99,1,0.1,168.8
2026-05-23T09:41:44,2.1,2603,7941,0,1,99.99,7,0.1,168.8
2026-05-23T09:41:49,1.7,2608,7941,0,1,99.99,1,0.1,168.8
2026-05-23T09:41:55,2.0,2612,7941,0,1,99.99,6,0.1,168.8
2026-05-23T09:42:00,1.9,2606,7941,0,1,99.99,1,0.1,168.8
2026-05-23T09:42:05,2.3,2607,7941,0,1,99.99,6,0.1,168.8
2026-05-23T09:42:11,2.1,2604,7941,0,1,99.99,1,0.1,168.8
2026-05-23T09:42:16,2.3,2599,7941,0,1,99.99,6,0.1,168.8
2026-05-23T09:42:21,1.8,2611,7941,0,1,99.99,1,0.1,168.8
2026-05-23T09:42:26,2.5,2604,7941,0,1,99.99,6,0.1,168.8
