timestamp,cpu_total_pct,mem_used_mb,mem_total_mb,pg_active,pg_idle,pg_cache_hit_ratio,pg_tps_delta,target_pid_cpu_pct,target_pid_mem_mb
2026-05-22T07:35:09,10.1,1210,7941,0,3,99.99,8,9.8,154.4
2026-05-22T07:35:14,6.2,1186,7941,0,8,99.99,11,4.0,152.9
2026-05-22T07:35:19,6.1,1170,7941,0,8,99.99,4,4.3,155.1
2026-05-22T07:35:24,6.5,1170,7941,0,8,99.99,13,4.2,155.5
2026-05-22T07:35:30,5.3,1202,7941,0,8,99.99,7,3.6,154.8
2026-05-22T07:35:35,9.2,1186,7941,0,8,99.99,17,7.1,157.4
2026-05-22T07:35:40,8.9,1187,7941,0,8,99.99,13,7.0,160.2
2026-05-22T07:35:46,10.4,1187,7941,0,8,99.99,14,8.3,160.8
2026-05-22T07:35:51,11.2,1185,7941,0,8,99.99,20,9.7,161.2
2026-05-22T07:35:56,11.2,1188,7941,0,8,99.99,21,8.6,162.1
2026-05-22T07:36:01,11.5,1189,7941,0,8,99.99,18,9.7,165.1
2026-05-22T07:36:07,13.4,1183,7941,1,7,99.99,23,11.3,165.6
2026-05-22T07:36:12,12.4,1188,7941,0,8,99.99,14,10.5,166.2
2026-05-22T07:36:17,16.0,1200,7941,0,8,99.99,30,14.0,166.3
2026-05-22T07:36:23,15.1,1200,7941,0,9,99.99,19,12.8,169.2
2026-05-22T07:36:28,14.8,1206,7941,0,9,99.99,30,12.7,173.9
2026-05-22T07:36:33,12.9,1196,7941,0,8,99.99,26,10.5,174.2
2026-05-22T07:36:38,15.9,1201,7941,0,8,99.99,30,13.8,174.2
2026-05-22T07:36:44,17.4,1203,7941,0,8,99.99,33,15.4,174.2
2026-05-22T07:36:49,17.6,1203,7941,1,7,99.99,29,15.3,174.2
2026-05-22T07:36:54,13.0,1199,7941,0,8,99.99,30,10.7,173.7
2026-05-22T07:37:00,23.5,1202,7941,0,8,99.99,34,21.8,173.8
2026-05-22T07:37:05,20.8,1203,7941,0,8,99.99,33,18.3,177.3
2026-05-22T07:37:10,22.5,1210,7941,0,9,99.99,27,20.3,183.4
2026-05-22T07:37:15,25.4,1223,7941,0,9,99.99,47,23.2,187.4
2026-05-22T07:37:21,21.0,1219,7941,0,9,99.99,40,19.1,187.5
2026-05-22T07:37:26,23.6,1215,7941,0,8,99.99,45,20.9,187.6
2026-05-22T07:37:31,21.2,1223,7941,0,8,99.99,27,19.3,187.6
2026-05-22T07:37:37,22.9,1217,7941,0,8,99.99,45,20.8,188.9
2026-05-22T07:37:42,21.9,1214,7941,0,7,99.99,29,19.8,189.3
2026-05-22T07:37:47,20.3,1215,7941,0,8,99.99,42,18.1,190.1
2026-05-22T07:37:53,24.4,1215,7941,0,8,99.99,34,22.9,190.8
2026-05-22T07:37:58,19.8,1224,7941,0,8,99.99,41,17.2,191.5
2026-05-22T07:38:03,20.5,1221,7941,0,9,99.99,34,18.6,187.4
2026-05-22T07:38:08,23.5,1215,7941,0,9,99.99,37,21.5,187.5
2026-05-22T07:38:14,21.6,1220,7941,0,8,99.99,40,19.6,187.5
2026-05-22T07:38:19,19.1,1224,7941,0,10,99.99,24,16.6,187.7
2026-05-22T07:38:24,19.7,1221,7941,0,10,99.99,37,17.6,187.7
2026-05-22T07:38:30,20.9,1212,7941,0,8,99.99,41,18.9,187.7
2026-05-22T07:38:35,22.3,1209,7941,0,8,99.99,36,19.1,187.7
2026-05-22T07:38:40,19.1,1218,7941,0,11,99.99,39,17.2,187.7
2026-05-22T07:38:45,24.5,1223,7941,0,11,99.99,44,22.2,187.7
2026-05-22T07:38:51,19.2,1227,7941,0,10,99.99,29,17.5,187.7
2026-05-22T07:38:56,18.3,1226,7941,0,10,99.99,36,15.8,188.2
2026-05-22T07:39:01,25.7,1235,7941,0,9,99.99,32,24.1,192.7
2026-05-22T07:39:07,23.6,1228,7941,0,9,99.99,35,22.8,192.7
2026-05-22T07:39:12,24.8,1225,7941,0,8,99.99,41,23.4,193.0
2026-05-22T07:39:18,21.5,1231,7941,0,9,99.99,42,18.8,193.1
2026-05-22T07:39:23,23.8,1231,7941,0,9,99.99,41,21.6,193.1
2026-05-22T07:39:28,18.6,1229,7941,0,9,99.99,39,16.4,193.1
2026-05-22T07:39:33,27.3,1235,7941,0,8,99.99,29,25.6,193.2
2026-05-22T07:39:39,18.1,1230,7941,0,8,99.99,35,15.8,193.2
2026-05-22T07:39:44,19.1,1229,7941,0,8,99.99,37,17.2,193.2
2026-05-22T07:39:49,19.5,1229,7941,0,8,99.99,34,17.6,193.2
2026-05-22T07:39:54,19.2,1228,7941,0,8,99.99,41,17.1,193.9
2026-05-22T07:40:00,22.5,1228,7941,0,8,99.99,37,20.8,193.9
2026-05-22T07:40:05,23.5,1222,7941,0,9,99.99,41,21.3,193.9
2026-05-22T07:40:10,21.5,1229,7941,0,9,99.99,24,20.0,193.9
2026-05-22T07:40:16,20.0,1228,7941,0,8,99.99,47,17.2,193.9
2026-05-22T07:40:21,18.2,1229,7941,0,8,99.99,23,16.3,193.9
2026-05-22T07:40:26,23.5,1223,7941,0,8,99.99,37,21.4,193.9
2026-05-22T07:40:31,14.5,1233,7941,0,8,99.99,30,12.2,193.9
2026-05-22T07:40:37,20.8,1230,7941,0,8,99.99,45,18.5,194.0
2026-05-22T07:40:42,22.3,1231,7941,0,9,99.99,29,20.8,194.0
2026-05-22T07:40:47,20.8,1232,7941,0,9,99.99,46,18.6,194.0
2026-05-22T07:40:52,22.4,1235,7941,0,9,99.99,36,20.5,194.0
2026-05-22T07:40:58,20.0,1227,7941,0,9,99.99,41,18.1,194.0
2026-05-22T07:41:03,23.3,1233,7941,0,9,99.99,28,21.8,194.0
2026-05-22T07:41:08,20.6,1227,7941,0,9,99.99,40,18.4,194.1
2026-05-22T07:41:13,20.5,1224,7941,0,8,99.99,38,18.5,194.1
2026-05-22T07:41:19,22.3,1224,7941,0,8,99.99,39,20.3,194.1
2026-05-22T07:41:24,18.7,1232,7941,0,9,99.99,45,16.4,194.1
2026-05-22T07:41:29,22.8,1224,7941,0,9,99.99,32,21.1,194.1
2026-05-22T07:41:34,21.2,1229,7941,0,9,99.99,39,19.0,194.2
2026-05-22T07:41:40,22.2,1228,7941,0,9,99.99,33,20.4,194.2
2026-05-22T07:41:45,17.0,1235,7941,0,9,99.99,43,14.8,194.2
2026-05-22T07:41:50,22.3,1231,7941,0,8,99.99,31,20.6,194.2
2026-05-22T07:41:55,20.0,1235,7941,0,8,99.99,41,18.1,194.2
2026-05-22T07:42:01,19.6,1239,7941,0,8,99.99,29,18.1,194.2
2026-05-22T07:42:06,17.6,1235,7941,0,8,99.99,37,14.9,194.2
2026-05-22T07:42:11,20.9,1234,7941,0,8,99.99,29,19.5,194.2
2026-05-22T07:42:16,17.5,1238,7941,0,8,99.99,36,15.8,194.2
2026-05-22T07:42:22,21.8,1236,7941,0,8,99.99,33,20.2,194.2
2026-05-22T07:42:27,19.5,1235,7941,0,8,99.99,33,17.6,194.4
2026-05-22T07:42:32,19.4,1227,7941,0,8,99.99,36,17.2,194.4
2026-05-22T07:42:37,18.4,1227,7941,0,9,99.99,37,16.5,194.4
2026-05-22T07:42:42,24.4,1229,7941,0,9,99.99,38,22.9,194.4
2026-05-22T07:42:48,19.5,1227,7941,0,10,99.99,39,17.7,194.4
2026-05-22T07:42:53,16.6,1234,7941,0,10,99.99,30,14.8,194.4
2026-05-22T07:42:58,17.2,1220,7941,0,8,99.99,37,15.2,194.4
2026-05-22T07:43:03,19.7,1222,7941,0,8,99.99,22,18.1,194.4
2026-05-22T07:43:09,18.1,1225,7941,0,8,99.99,43,16.1,194.4
2026-05-22T07:43:14,22.1,1219,7941,0,8,99.99,43,20.2,194.4
2026-05-22T07:43:19,17.3,1221,7941,0,8,99.99,27,15.6,194.4
2026-05-22T07:43:24,19.0,1222,7941,0,8,99.99,48,17.0,194.4
2026-05-22T07:43:30,23.1,1226,7941,1,7,99.99,35,21.7,194.4
2026-05-22T07:43:35,22.9,1225,7941,0,9,99.99,38,20.8,194.4
2026-05-22T07:43:40,20.6,1231,7941,0,9,99.99,38,19.1,194.8
2026-05-22T07:43:45,17.2,1221,7941,0,9,99.99,34,14.9,194.8
2026-05-22T07:43:51,19.2,1225,7941,0,8,99.99,38,17.4,194.8
2026-05-22T07:43:56,20.5,1217,7941,0,8,99.99,40,18.6,194.8
2026-05-22T07:44:01,20.8,1237,7941,0,10,99.99,28,19.1,194.8
2026-05-22T07:44:06,17.4,1231,7941,0,9,99.99,32,14.9,194.8
2026-05-22T07:44:11,24.8,1228,7941,0,9,99.99,47,23.4,194.9
2026-05-22T07:44:17,22.8,1232,7941,0,8,99.99,42,20.5,194.9
2026-05-22T07:44:22,24.0,1226,7941,0,8,99.99,33,22.3,194.9
2026-05-22T07:44:27,15.4,1226,7941,0,8,99.99,37,13.1,194.9
2026-05-22T07:44:32,25.0,1227,7941,0,8,99.99,43,23.2,194.9
2026-05-22T07:44:38,18.1,1223,7941,0,8,99.99,35,16.0,195.1
2026-05-22T07:44:43,21.2,1231,7941,0,8,99.99,36,19.6,195.1
2026-05-22T07:44:48,21.3,1224,7941,0,9,99.99,37,19.4,195.1
2026-05-22T07:44:53,19.7,1231,7941,0,9,99.99,47,18.1,195.2
2026-05-22T07:44:59,25.3,1226,7941,0,8,99.99,39,23.6,195.2
2026-05-22T07:45:04,26.8,1223,7941,0,8,99.99,47,27.8,195.2
2026-05-22T07:45:09,21.2,1225,7941,0,9,99.99,32,18.7,195.2
2026-05-22T07:45:14,22.7,1232,7941,0,9,99.99,39,21.2,195.2
2026-05-22T07:45:20,19.5,1224,7941,0,8,99.99,33,17.7,195.2
2026-05-22T07:45:25,22.0,1231,7941,0,9,99.99,43,20.0,195.2
2026-05-22T07:45:30,16.4,1226,7941,0,9,99.99,32,14.8,195.3
2026-05-22T07:45:35,28.1,1228,7941,0,9,99.99,45,26.6,195.3
2026-05-22T07:45:41,15.6,1230,7941,0,9,99.99,31,13.5,195.3
2026-05-22T07:45:46,20.2,1231,7941,0,9,99.99,36,18.1,195.3
2026-05-22T07:45:51,18.9,1233,7941,0,9,99.99,37,17.5,195.4
2026-05-22T07:45:56,22.1,1233,7941,0,9,99.99,51,20.1,195.6
2026-05-22T07:46:02,22.7,1233,7941,0,9,99.99,35,20.6,195.6
2026-05-22T07:46:07,16.7,1226,7941,0,8,99.99,42,14.6,195.6
2026-05-22T07:46:12,21.5,1227,7941,0,8,99.99,34,19.7,195.6
2026-05-22T07:46:17,17.8,1230,7941,0,8,99.99,30,15.8,195.6
2026-05-22T07:46:23,16.9,1232,7941,0,8,99.99,29,15.4,195.6
2026-05-22T07:46:28,20.8,1233,7941,0,8,99.99,36,18.8,195.6
2026-05-22T07:46:33,21.3,1233,7941,0,11,99.99,31,19.2,195.6
2026-05-22T07:46:38,18.6,1234,7941,0,11,99.99,40,16.7,195.7
2026-05-22T07:46:43,23.8,1220,7941,0,9,99.99,33,22.2,195.7
2026-05-22T07:46:49,19.3,1226,7941,0,11,99.99,42,17.1,195.7
2026-05-22T07:46:54,13.2,1231,7941,0,11,99.99,37,10.8,195.7
2026-05-22T07:46:59,21.8,1218,7941,0,8,99.99,35,20.4,195.7
2026-05-22T07:47:04,22.0,1218,7941,0,8,99.99,40,19.9,195.7
2026-05-22T07:47:10,22.7,1223,7941,0,8,99.99,36,21.1,195.7
2026-05-22T07:47:15,22.1,1228,7941,0,9,99.99,46,20.0,195.7
2026-05-22T07:47:20,28.2,1224,7941,1,8,99.99,54,26.2,195.7
2026-05-22T07:47:25,25.5,1220,7941,0,9,99.99,45,23.4,195.7
2026-05-22T07:47:31,30.4,1218,7941,0,8,99.99,44,28.6,195.7
2026-05-22T07:47:36,25.1,1222,7941,0,8,99.99,55,23.1,195.7
2026-05-22T07:47:41,30.4,1226,7941,0,11,99.99,49,28.3,195.7
2026-05-22T07:47:46,31.5,1221,7941,0,11,99.99,54,29.8,195.7
2026-05-22T07:47:52,35.6,1214,7941,0,9,99.99,66,33.9,195.7
2026-05-22T07:47:57,44.7,1214,7941,0,8,99.99,67,31.6,195.7
2026-05-22T07:48:02,39.8,1221,7941,0,9,99.99,67,38.0,195.8
2026-05-22T07:48:07,39.0,1231,7941,0,9,99.99,62,36.6,195.8
2026-05-22T07:48:13,35.2,1228,7941,0,10,99.99,61,33.4,195.9
2026-05-22T07:48:18,31.2,1239,7941,0,10,99.99,62,29.1,195.9
2026-05-22T07:48:23,32.5,1234,7941,0,11,99.99,57,30.7,195.9
2026-05-22T07:48:28,35.8,1227,7941,0,11,99.99,71,33.7,196.0
2026-05-22T07:48:33,37.8,1231,7941,0,11,99.99,56,35.8,196.0
2026-05-22T07:48:39,29.3,1226,7941,0,9,99.99,67,27.7,196.0
2026-05-22T07:48:44,37.7,1221,7941,0,9,99.99,69,35.8,196.0
2026-05-22T07:48:49,32.8,1237,7941,0,10,99.99,52,30.9,196.0
2026-05-22T07:48:54,35.9,1236,7941,0,10,99.99,65,34.2,196.0
2026-05-22T07:49:00,37.1,1234,7941,0,9,99.99,58,35.6,196.0
2026-05-22T07:49:05,37.7,1225,7941,0,9,99.99,74,35.1,196.0
2026-05-22T07:49:10,37.7,1220,7941,0,9,99.99,70,37.1,196.0
2026-05-22T07:49:16,38.4,1226,7941,0,9,99.99,81,36.2,196.0
2026-05-22T07:49:21,33.7,1233,7941,0,9,99.99,55,32.2,196.0
2026-05-22T07:49:26,37.0,1228,7941,0,9,99.99,69,35.1,196.0
2026-05-22T07:49:31,39.6,1227,7941,0,9,99.99,70,38.0,196.0
2026-05-22T07:49:37,37.5,1230,7941,0,10,99.99,62,35.4,196.0
2026-05-22T07:49:42,39.8,1230,7941,0,11,99.99,77,37.9,196.0
2026-05-22T07:49:47,34.9,1234,7941,0,11,99.99,64,32.7,196.0
2026-05-22T07:49:52,35.4,1233,7941,0,9,99.99,62,33.6,196.0
2026-05-22T07:49:58,35.7,1234,7941,0,8,99.99,70,33.7,196.0
2026-05-22T07:50:03,40.6,1237,7941,0,11,99.99,64,40.6,196.0
2026-05-22T07:50:08,38.0,1237,7941,0,11,99.99,66,38.1,196.0
2026-05-22T07:50:14,39.4,1236,7941,0,9,99.99,66,37.5,196.0
2026-05-22T07:50:19,33.5,1233,7941,0,11,99.99,58,30.9,196.0
2026-05-22T07:50:24,39.1,1233,7941,0,11,99.99,68,37.0,196.0
2026-05-22T07:50:29,35.6,1236,7941,0,10,99.99,64,33.9,196.0
2026-05-22T07:50:35,32.3,1235,7941,0,10,99.99,58,29.6,196.0
2026-05-22T07:50:40,34.6,1224,7941,0,9,99.99,75,32.4,196.1
2026-05-22T07:50:45,33.8,1235,7941,0,9,99.99,64,32.0,196.1
2026-05-22T07:50:50,36.3,1239,7941,0,9,99.99,54,35.9,196.1
2026-05-22T07:50:56,33.1,1236,7941,0,10,99.99,62,30.1,196.1
2026-05-22T07:51:01,38.8,1231,7941,0,10,99.99,57,37.5,196.1
2026-05-22T07:51:06,37.7,1231,7941,1,9,99.99,65,35.8,196.1
2026-05-22T07:51:12,36.7,1231,7941,0,10,99.99,65,34.4,196.1
2026-05-22T07:51:17,35.1,1235,7941,0,10,99.99,58,33.4,196.1
2026-05-22T07:51:22,35.2,1227,7941,0,9,99.99,62,33.5,196.1
2026-05-22T07:51:27,35.1,1226,7941,1,7,99.99,76,33.4,196.1
2026-05-22T07:51:32,37.1,1234,7941,0,9,99.99,62,35.2,196.1
2026-05-22T07:51:38,36.4,1234,7941,0,11,99.99,70,34.2,196.1
2026-05-22T07:51:43,5.1,1234,7941,0,11,99.99,6,3.5,196.1
2026-05-22T07:51:48,2.1,1206,7941,0,2,99.99,24,0.1,196.1
2026-05-22T07:51:53,1.6,1203,7941,0,1,99.99,2,0.1,196.1
2026-05-22T07:51:59,1.8,1209,7941,0,1,99.99,6,0.1,196.1
2026-05-22T07:52:04,1.9,1204,7941,0,1,99.99,6,0.1,196.1
2026-05-22T07:52:09,1.4,1208,7941,0,1,99.99,1,0.1,196.1
2026-05-22T07:52:14,1.8,1203,7941,0,1,99.99,6,0.1,196.3
2026-05-22T07:52:20,1.6,1209,7941,0,1,99.99,1,0.1,196.3
2026-05-22T07:52:25,1.8,1200,7941,0,1,99.99,6,0.1,196.3
2026-05-22T07:52:30,1.5,1208,7941,0,1,99.99,1,0.1,196.3
2026-05-22T07:52:35,2.3,1197,7941,0,1,99.99,6,0.1,196.3
2026-05-22T07:52:40,1.5,1194,7941,0,1,99.99,1,0.1,196.3
2026-05-22T07:52:46,1.9,1194,7941,0,1,99.99,6,0.1,196.3
2026-05-22T07:52:51,1.4,1201,7941,0,1,99.99,1,0.1,196.3
2026-05-22T07:52:56,1.9,1210,7941,0,1,99.99,7,0.1,196.3
2026-05-22T07:53:01,1.5,1201,7941,0,1,99.99,1,0.1,196.3
2026-05-22T07:53:07,2.0,1198,7941,0,1,99.99,6,0.1,196.3
2026-05-22T07:53:12,1.5,1201,7941,0,1,99.99,1,0.1,196.3
2026-05-22T07:53:17,1.8,1199,7941,0,1,99.99,6,0.1,196.3
2026-05-22T07:53:22,1.6,1204,7941,0,1,99.99,1,0.1,196.3
2026-05-22T07:53:28,1.8,1201,7941,0,1,99.99,6,0.1,196.3
2026-05-22T07:53:33,1.4,1203,7941,0,1,99.99,1,0.1,196.3
2026-05-22T07:53:38,1.8,1197,7941,0,1,99.99,6,0.1,196.3
2026-05-22T07:53:43,1.6,1203,7941,0,1,99.99,1,0.1,196.3
2026-05-22T07:53:48,1.8,1196,7941,0,1,99.99,6,0.1,196.3
2026-05-22T07:53:54,1.5,1197,7941,0,1,99.99,3,0.1,196.3
2026-05-22T07:53:59,1.6,1200,7941,0,1,99.99,5,0.1,196.3
2026-05-22T07:54:04,1.9,1199,7941,0,1,99.99,6,0.1,196.3
2026-05-22T07:54:09,1.6,1203,7941,0,1,99.99,1,0.1,196.3
2026-05-22T07:54:15,1.8,1202,7941,0,1,99.99,6,0.1,196.3
2026-05-22T07:54:20,1.7,1209,7941,0,1,99.99,1,0.1,196.3
2026-05-22T07:54:25,1.8,1199,7941,0,1,99.99,6,0.1,196.3
2026-05-22T07:54:30,1.4,1205,7941,0,1,99.99,1,0.1,196.3
2026-05-22T07:54:35,2.1,1202,7941,0,1,99.99,6,0.1,196.3
2026-05-22T07:54:41,1.4,1199,7941,0,1,99.99,1,0.1,196.3
2026-05-22T07:54:46,1.8,1199,7941,0,1,99.99,6,0.1,196.3
2026-05-22T07:54:51,1.4,1204,7941,0,1,99.99,1,0.1,196.3
2026-05-22T07:54:56,1.6,1210,7941,0,1,99.99,7,0.1,196.3
2026-05-22T07:55:01,1.5,1209,7941,0,1,99.99,1,0.1,196.3
2026-05-22T07:55:07,2.8,1198,7941,0,1,99.99,6,0.1,196.3
2026-05-22T07:55:12,1.8,1208,7941,0,1,99.99,1,0.1,196.3
2026-05-22T07:55:18,1.9,1205,7941,0,1,99.99,6,0.1,196.3
2026-05-22T07:55:23,1.6,1209,7941,0,1,99.99,1,0.1,196.3
2026-05-22T07:55:28,1.8,1207,7941,0,1,99.99,6,0.1,196.3
2026-05-22T07:55:33,1.4,1205,7941,0,1,99.99,1,0.1,196.3
2026-05-22T07:55:38,1.7,1207,7941,0,1,99.99,6,0.1,196.3
2026-05-22T07:55:44,1.5,1206,7941,0,1,99.99,6,0.0,196.3
2026-05-22T07:55:49,1.8,1204,7941,0,1,99.99,1,0.1,196.3
2026-05-22T07:55:54,1.8,1204,7941,0,1,99.99,7,0.1,196.3
2026-05-22T07:55:59,1.4,1207,7941,0,1,99.99,1,0.1,196.3
2026-05-22T07:56:05,1.8,1205,7941,0,1,99.99,6,0.1,196.3
2026-05-22T07:56:10,1.6,1209,7941,0,1,99.99,1,0.1,196.3
2026-05-22T07:56:15,2.0,1203,7941,0,1,99.99,6,0.1,196.3
2026-05-22T07:56:20,1.5,1205,7941,0,1,99.99,1,0.1,196.3
2026-05-22T07:56:25,1.7,1202,7941,0,1,99.99,6,0.1,196.3
2026-05-22T07:56:31,1.6,1210,7941,0,1,99.99,1,0.1,196.3
2026-05-22T07:56:36,2.0,1205,7941,0,1,99.99,6,0.1,196.3
2026-05-22T07:56:41,1.3,1206,7941,0,1,99.99,1,0.1,196.3
2026-05-22T07:56:46,1.9,1205,7941,0,1,99.99,6,0.1,196.3
2026-05-22T07:56:52,1.6,1206,7941,0,1,99.99,1,0.1,196.3
2026-05-22T07:56:57,1.9,1201,7941,0,1,99.99,7,0.1,196.3
2026-05-22T07:57:02,1.5,1204,7941,0,1,99.99,1,0.1,196.3
2026-05-22T07:57:07,1.9,1200,7941,0,1,99.99,6,0.1,196.3
2026-05-22T07:57:12,1.5,1207,7941,0,1,99.99,1,0.1,196.3
2026-05-22T07:57:18,1.9,1202,7941,0,1,99.99,6,0.1,196.3
2026-05-22T07:57:23,1.5,1203,7941,0,1,99.99,1,0.1,196.3
2026-05-22T07:57:28,1.7,1205,7941,0,1,99.99,6,0.1,196.3
2026-05-22T07:57:33,1.5,1205,7941,0,1,99.99,1,0.1,196.3
2026-05-22T07:57:39,1.7,1204,7941,0,1,99.99,6,0.1,196.3
2026-05-22T07:57:44,1.5,1209,7941,0,1,99.99,6,0.1,196.3
2026-05-22T07:57:49,1.6,1209,7941,0,1,99.99,1,0.1,196.3
2026-05-22T07:57:54,1.7,1207,7941,0,1,99.99,7,0.1,196.3
2026-05-22T07:57:59,1.5,1208,7941,0,1,99.99,1,0.1,196.3
2026-05-22T07:58:05,1.9,1208,7941,0,1,99.99,6,0.1,196.3
2026-05-22T07:58:10,1.5,1211,7941,0,1,99.99,1,0.1,196.3
2026-05-22T07:58:15,1.8,1205,7941,0,1,99.99,6,0.1,196.3
2026-05-22T07:58:20,1.5,1207,7941,0,1,99.99,1,0.1,196.3
2026-05-22T07:58:26,1.8,1209,7941,0,1,99.99,6,0.1,196.3
2026-05-22T07:58:31,1.6,1210,7941,0,1,99.99,1,0.1,196.3
2026-05-22T07:58:36,2.2,1205,7941,0,1,99.99,6,0.1,196.3
2026-05-22T07:58:41,1.7,1200,7941,0,1,99.99,1,0.1,196.3
2026-05-22T07:58:47,1.8,1191,7941,0,1,99.99,6,0.1,196.3
2026-05-22T07:58:52,1.4,1200,7941,0,1,99.99,1,0.1,196.3
2026-05-22T07:58:57,1.7,1192,7941,0,1,99.99,7,0.1,196.3
2026-05-22T07:59:02,1.6,1200,7941,0,1,99.99,1,0.1,196.3
2026-05-22T07:59:07,1.8,1195,7941,0,1,99.99,6,0.1,196.3
2026-05-22T07:59:13,1.6,1195,7941,0,1,99.99,1,0.1,196.3
2026-05-22T07:59:18,1.9,1196,7941,0,1,99.99,6,0.1,196.3
2026-05-22T07:59:23,1.4,1202,7941,0,1,99.99,1,0.1,196.3
2026-05-22T07:59:28,1.6,1198,7941,0,1,99.99,6,0.1,196.3
2026-05-22T07:59:34,1.9,1201,7941,0,1,99.99,1,0.1,196.3
2026-05-22T07:59:39,1.7,1194,7941,0,1,99.99,6,0.1,196.3
2026-05-22T07:59:44,2.1,1193,7941,0,1,99.99,6,0.1,196.3
2026-05-22T07:59:49,1.6,1195,7941,0,1,99.99,1,0.1,196.3
2026-05-22T07:59:54,2.0,1201,7941,0,1,99.99,7,0.1,196.3
2026-05-22T08:00:00,2.4,1213,7941,0,1,99.99,1,0.1,196.3
2026-05-22T08:00:05,2.4,1206,7941,0,1,99.99,6,0.1,196.3
2026-05-22T08:00:11,2.5,1212,7941,0,1,99.99,1,0.1,196.3
2026-05-22T08:00:16,2.8,1211,7941,0,1,99.99,6,0.1,196.3
2026-05-22T08:00:21,1.9,1215,7941,0,1,99.99,1,0.1,196.3
2026-05-22T08:00:27,1.9,1211,7941,0,1,99.99,6,0.1,196.3
2026-05-22T08:00:32,2.0,1214,7941,0,1,99.99,1,0.1,196.3
2026-05-22T08:00:37,1.9,1214,7941,0,1,99.99,6,0.1,196.3
2026-05-22T08:00:42,1.6,1211,7941,0,1,99.99,1,0.1,196.3
2026-05-22T08:00:48,2.0,1207,7941,0,1,99.99,6,0.1,196.3
2026-05-22T08:00:53,1.5,1202,7941,0,1,99.99,1,0.1,196.3
2026-05-22T08:00:58,1.8,1207,7941,0,1,99.99,7,0.1,196.3
2026-05-22T08:01:03,1.7,1211,7941,0,1,99.99,1,0.1,196.3
2026-05-22T08:01:09,2.0,1208,7941,0,1,99.99,6,0.1,196.3
2026-05-22T08:01:14,1.6,1210,7941,1,0,99.99,6,0.1,196.3
2026-05-22T08:01:19,1.8,1209,7941,0,1,99.99,1,0.1,196.3
2026-05-22T08:01:24,1.8,1207,7941,0,1,99.99,6,0.1,196.3
2026-05-22T08:01:29,1.4,1211,7941,0,1,99.99,1,0.1,196.3
2026-05-22T08:01:35,2.0,1206,7941,0,1,99.99,6,0.1,196.3
2026-05-22T08:01:40,1.5,1209,7941,0,1,99.99,1,0.1,196.3
2026-05-22T08:01:45,1.8,1210,7941,0,1,99.99,6,0.1,196.3
2026-05-22T08:01:50,1.5,1214,7941,0,1,99.99,1,0.1,196.3
2026-05-22T08:01:56,2.0,1210,7941,0,1,99.99,7,0.1,196.3
2026-05-22T08:02:01,1.5,1208,7941,0,1,99.99,1,0.1,196.3
2026-05-22T08:02:06,2.0,1212,7941,0,1,99.99,6,0.1,196.3
2026-05-22T08:02:11,1.7,1216,7941,0,1,99.99,1,0.1,196.3
2026-05-22T08:02:17,1.9,1209,7941,0,1,99.99,6,0.1,196.3
2026-05-22T08:02:22,1.5,1215,7941,0,1,99.99,1,0.1,196.3
2026-05-22T08:02:27,1.8,1208,7941,0,1,99.99,6,0.1,196.3
2026-05-22T08:02:32,1.8,1215,7941,0,1,99.99,1,0.1,196.3
2026-05-22T08:02:38,1.8,1203,7941,0,1,99.99,6,0.1,196.3
2026-05-22T08:02:43,1.5,1212,7941,0,1,99.99,1,0.1,196.3
2026-05-22T08:02:48,1.7,1206,7941,0,1,99.99,6,0.1,196.3
2026-05-22T08:02:53,1.6,1211,7941,0,1,99.99,1,0.1,196.3
2026-05-22T08:02:58,1.9,1214,7941,0,1,99.99,6,0.1,196.3
2026-05-22T08:03:04,1.6,1218,7941,0,1,99.99,6,0.1,196.3
2026-05-22T08:03:09,1.8,1212,7941,0,1,99.99,1,0.1,196.3
2026-05-22T08:03:14,1.8,1215,7941,0,1,99.99,6,0.1,196.3
2026-05-22T08:03:19,1.7,1210,7941,0,1,99.99,1,0.1,196.3
2026-05-22T08:03:25,1.8,1205,7941,0,1,99.99,6,0.1,196.3
2026-05-22T08:03:30,1.7,1211,7941,0,1,99.99,1,0.1,196.3
2026-05-22T08:03:35,1.9,1208,7941,0,1,99.99,6,0.1,196.3
2026-05-22T08:03:40,1.5,1216,7941,0,1,99.99,1,0.1,196.3
2026-05-22T08:03:45,2.1,1209,7941,0,1,99.99,6,0.1,196.3
2026-05-22T08:03:51,1.5,1209,7941,0,1,99.99,1,0.1,196.3
2026-05-22T08:03:56,1.8,1206,7941,0,1,99.99,7,0.1,196.3
2026-05-22T08:04:01,1.5,1212,7941,0,1,99.99,1,0.1,196.3
2026-05-22T08:04:06,1.9,1212,7941,0,1,99.99,6,0.1,196.3
2026-05-22T08:04:12,1.7,1216,7941,0,1,99.99,1,0.1,196.3
2026-05-22T08:04:17,2.0,1206,7941,0,1,99.99,6,0.1,196.3
2026-05-22T08:04:22,1.4,1208,7941,0,1,99.99,1,0.1,196.3
2026-05-22T08:04:27,1.7,1211,7941,0,1,99.99,6,0.1,196.3
2026-05-22T08:04:33,1.9,1215,7941,0,1,99.99,1,0.1,196.3
2026-05-22T08:04:38,2.1,1210,7941,0,1,99.99,6,0.1,196.3
2026-05-22T08:04:43,1.4,1207,7941,0,1,99.99,1,0.1,196.3
2026-05-22T08:04:48,2.1,1210,7941,0,1,99.99,6,0.1,196.3
2026-05-22T08:04:54,1.7,1219,7941,0,1,99.99,1,0.1,196.3
2026-05-22T08:04:59,1.8,1214,7941,0,1,99.99,6,0.1,196.3
2026-05-22T08:05:04,2.2,1208,7941,0,1,99.99,6,0.1,196.3
2026-05-22T08:05:09,1.9,1207,7941,0,1,99.99,1,0.1,196.3
2026-05-22T08:05:15,2.0,1201,7941,0,1,99.99,6,0.1,196.3
2026-05-22T08:05:20,1.7,1207,7941,0,1,99.99,1,0.1,196.3
2026-05-22T08:05:25,2.0,1201,7941,0,1,99.99,6,0.1,196.3
2026-05-22T08:05:30,1.5,1205,7941,0,1,99.99,1,0.1,196.3
2026-05-22T08:05:35,1.9,1207,7941,0,1,99.99,6,0.1,196.3
2026-05-22T08:05:41,1.8,1200,7941,0,1,99.99,1,0.1,196.3
2026-05-22T08:05:46,2.2,1202,7941,0,1,99.99,6,0.1,196.3
2026-05-22T08:05:51,1.3,1200,7941,0,1,99.99,1,0.1,196.3
2026-05-22T08:05:56,1.8,1203,7941,0,1,99.99,7,0.1,196.3
2026-05-22T08:06:02,1.5,1206,7941,0,1,99.99,1,0.1,196.3
2026-05-22T08:06:07,2.3,1209,7941,0,1,99.99,6,0.1,196.3
2026-05-22T08:06:12,1.5,1206,7941,0,1,99.99,1,0.1,196.3
2026-05-22T08:06:17,1.9,1201,7941,0,1,99.99,6,0.1,196.3
2026-05-22T08:06:23,1.5,1205,7941,0,1,99.99,1,0.1,196.3
2026-05-22T08:06:28,1.8,1197,7941,0,1,99.99,6,0.1,196.3
2026-05-22T08:06:33,1.9,1205,7941,0,1,99.99,1,0.1,196.3
2026-05-22T08:06:38,1.9,1205,7941,0,1,99.99,6,0.1,196.3
2026-05-22T08:06:44,1.6,1209,7941,0,1,99.99,6,0.1,196.3
2026-05-22T08:06:49,1.8,1206,7941,0,1,99.99,1,0.1,196.3
2026-05-22T08:06:54,2.0,1210,7941,0,1,99.99,7,0.1,196.3
2026-05-22T08:06:59,1.4,1214,7941,0,1,99.99,1,0.1,196.3
2026-05-22T08:07:05,1.8,1205,7941,0,1,99.99,6,0.1,196.3
2026-05-22T08:07:10,1.6,1210,7941,0,1,99.99,1,0.1,196.3
2026-05-22T08:07:15,1.8,1214,7941,0,1,99.99,6,0.1,196.3
2026-05-22T08:07:20,1.6,1217,7941,0,1,99.99,1,0.1,196.3
2026-05-22T08:07:26,1.9,1217,7941,0,1,99.99,6,0.1,196.3
2026-05-22T08:07:31,1.3,1209,7941,0,1,99.99,1,0.1,196.3
2026-05-22T08:07:36,1.8,1213,7941,0,1,99.99,6,0.1,196.3
2026-05-22T08:07:41,1.4,1206,7941,0,1,99.99,1,0.1,196.3
2026-05-22T08:07:46,1.9,1202,7941,0,1,99.99,6,0.1,196.3
2026-05-22T08:07:52,1.4,1207,7941,0,1,99.99,1,0.1,196.3
2026-05-22T08:07:57,1.8,1208,7941,0,1,99.99,7,0.1,196.3
2026-05-22T08:08:02,1.8,1202,7941,0,1,99.99,1,0.1,196.3
2026-05-22T08:08:07,2.0,1207,7941,0,1,99.99,6,0.1,196.3
2026-05-22T08:08:13,1.5,1208,7941,0,1,99.99,1,0.1,196.3
2026-05-22T08:08:18,2.0,1204,7941,0,1,99.99,6,0.1,196.3
2026-05-22T08:08:23,1.4,1210,7941,0,1,99.99,1,0.1,196.3
2026-05-22T08:08:28,1.7,1204,7941,0,1,99.99,6,0.1,196.3
2026-05-22T08:08:33,2.1,1202,7941,0,1,99.99,1,0.1,196.3
2026-05-22T08:08:39,1.8,1200,7941,0,1,99.99,6,0.1,196.3
2026-05-22T08:08:44,1.7,1198,7941,0,1,99.99,6,0.1,196.3
2026-05-22T08:08:49,1.6,1200,7941,0,1,99.99,1,0.1,196.3
2026-05-22T08:08:54,1.8,1200,7941,0,1,99.99,7,0.1,196.3
2026-05-22T08:09:00,1.3,1199,7941,0,1,99.99,1,0.1,196.3
2026-05-22T08:09:05,2.1,1192,7941,0,1,99.99,6,0.1,196.3
2026-05-22T08:09:10,1.7,1192,7941,0,1,99.99,1,0.1,196.3
2026-05-22T08:09:15,2.1,1193,7941,0,1,99.99,6,0.1,196.3
2026-05-22T08:09:20,1.5,1207,7941,0,1,99.99,1,0.1,196.3
2026-05-22T08:09:26,1.7,1209,7941,0,1,99.99,6,0.1,196.3
2026-05-22T08:09:31,1.4,1197,7941,0,1,99.99,1,0.1,196.3
2026-05-22T08:09:36,1.9,1192,7941,0,1,99.99,6,0.1,196.3
2026-05-22T08:09:41,1.5,1193,7941,0,1,99.99,1,0.1,196.3
2026-05-22T08:09:47,1.9,1202,7941,0,1,99.99,6,0.1,196.3
2026-05-22T08:09:52,1.3,1206,7941,0,1,99.99,1,0.1,196.3
2026-05-22T08:09:57,1.8,1199,7941,0,1,99.99,7,0.1,196.3
2026-05-22T08:10:02,1.5,1197,7941,0,1,99.99,1,0.1,196.3
2026-05-22T08:10:08,2.8,1202,7941,0,1,99.99,6,0.1,196.3
2026-05-22T08:10:13,1.8,1206,7941,0,1,99.99,1,0.1,196.3
2026-05-22T08:10:18,2.7,1199,7941,0,1,99.99,6,0.1,196.3
2026-05-22T08:10:24,1.6,1202,7941,0,1,99.99,1,0.1,196.3
2026-05-22T08:10:29,1.6,1203,7941,0,1,99.99,6,0.1,196.3
2026-05-22T08:10:34,2.3,1200,7941,0,1,99.99,6,0.1,196.3
2026-05-22T08:10:39,1.5,1196,7941,0,1,99.99,1,0.1,196.3
2026-05-22T08:10:45,1.8,1197,7941,0,1,99.99,6,0.1,196.3
2026-05-22T08:10:50,1.5,1208,7941,0,1,99.99,1,0.1,196.3
2026-05-22T08:10:55,1.7,1208,7941,0,1,99.99,7,0.1,196.3
2026-05-22T08:11:00,1.5,1200,7941,0,1,99.99,1,0.1,196.3
2026-05-22T08:11:05,1.7,1200,7941,0,1,99.99,6,0.1,196.3
2026-05-22T08:11:11,1.5,1202,7941,0,1,99.99,1,0.1,196.3
2026-05-22T08:11:16,2.0,1200,7941,0,1,99.99,6,0.1,196.3
2026-05-22T08:11:21,1.6,1202,7941,0,1,99.99,1,0.1,196.3
2026-05-22T08:11:26,1.7,1198,7941,0,1,99.99,6,0.1,196.3
2026-05-22T08:11:32,1.7,1203,7941,0,1,99.99,1,0.1,196.3
2026-05-22T08:11:37,1.8,1206,7941,0,1,99.99,6,0.1,196.3
2026-05-22T08:11:42,1.4,1201,7941,0,1,99.99,1,0.1,196.3
2026-05-22T08:11:47,2.0,1196,7941,0,1,99.99,6,0.1,196.3
2026-05-22T08:11:52,1.5,1206,7941,0,1,99.99,1,0.1,196.3
2026-05-22T08:11:58,1.7,1202,7941,0,1,99.99,7,0.1,196.3
2026-05-22T08:12:03,1.5,1205,7941,0,1,99.99,1,0.1,196.3
2026-05-22T08:12:08,2.0,1200,7941,0,1,99.99,6,0.1,196.3
2026-05-22T08:12:13,1.5,1202,7941,0,1,99.99,1,0.1,196.3
2026-05-22T08:12:19,1.9,1202,7941,0,1,99.99,6,0.1,196.3
2026-05-22T08:12:24,2.0,1197,7941,0,1,99.99,6,0.1,196.3
2026-05-22T08:12:29,1.6,1204,7941,0,1,99.99,1,0.1,196.3
2026-05-22T08:12:34,2.1,1204,7941,0,1,99.99,6,0.1,196.3
2026-05-22T08:12:40,1.4,1204,7941,0,1,99.99,1,0.1,196.3
2026-05-22T08:12:45,1.8,1202,7941,0,1,99.99,6,0.1,196.3
2026-05-22T08:12:50,1.7,1198,7941,0,1,99.99,1,0.1,196.3
2026-05-22T08:12:55,1.9,1194,7941,0,1,99.99,7,0.1,196.3
2026-05-22T08:13:01,1.6,1197,7941,0,1,99.99,1,0.1,196.3
2026-05-22T08:13:06,1.8,1199,7941,0,1,99.99,6,0.1,196.3
2026-05-22T08:13:11,1.5,1199,7941,0,1,99.99,1,0.1,196.3
2026-05-22T08:13:16,1.8,1200,7941,0,1,99.99,6,0.1,196.3
2026-05-22T08:13:21,1.4,1201,7941,0,1,99.99,1,0.1,196.3
2026-05-22T08:13:27,1.7,1209,7941,0,1,99.99,6,0.1,196.3
2026-05-22T08:13:32,1.4,1197,7941,0,1,99.99,1,0.1,196.3
2026-05-22T08:13:37,1.7,1194,7941,0,1,99.99,6,0.1,196.3
2026-05-22T08:13:42,1.4,1198,7941,0,1,99.99,1,0.1,196.3
2026-05-22T08:13:47,1.7,1199,7941,0,1,99.99,6,0.1,196.3
2026-05-22T08:13:53,1.4,1198,7941,0,1,99.99,1,0.1,196.3
2026-05-22T08:13:58,1.9,1198,7941,0,1,99.99,7,0.1,196.3
2026-05-22T08:14:03,1.4,1197,7941,0,1,99.99,1,0.1,196.3
2026-05-22T08:14:08,1.8,1193,7941,0,1,99.99,6,0.1,196.3
2026-05-22T08:14:14,1.4,1194,7941,0,1,99.99,1,0.1,196.3
2026-05-22T08:14:19,1.9,1194,7941,0,1,99.99,6,0.1,196.3
2026-05-22T08:14:24,1.7,1193,7941,0,1,99.99,6,0.1,196.3
2026-05-22T08:14:29,1.5,1201,7941,0,1,99.99,1,0.1,196.3
2026-05-22T08:14:34,2.1,1197,7941,0,1,99.99,6,0.1,196.3
2026-05-22T08:14:40,1.4,1185,7941,0,1,99.99,1,0.1,196.3
2026-05-22T08:14:45,1.8,1184,7941,0,1,99.99,6,0.1,196.3
2026-05-22T08:14:50,1.6,1190,7941,0,1,99.99,1,0.1,196.3
2026-05-22T08:14:55,1.9,1180,7941,0,1,99.99,7,0.1,196.3
2026-05-22T08:15:01,1.5,1185,7941,0,1,99.99,1,0.1,196.3
2026-05-22T08:15:06,2.0,1188,7941,0,1,99.99,6,0.1,196.3
2026-05-22T08:15:11,1.7,1190,7941,0,1,99.99,1,0.1,196.3
2026-05-22T08:15:16,2.0,1189,7941,0,1,99.99,6,0.1,196.3
2026-05-22T08:15:21,1.5,1205,7941,0,1,99.99,1,0.1,196.3
2026-05-22T08:15:27,1.7,1201,7941,0,1,99.99,6,0.1,196.3
2026-05-22T08:15:32,1.6,1206,7941,0,1,99.99,1,0.1,196.3
2026-05-22T08:15:37,1.9,1197,7941,0,1,99.99,6,0.1,196.3
2026-05-22T08:15:42,1.5,1196,7941,0,1,99.99,1,0.1,196.3
2026-05-22T08:15:48,1.8,1197,7941,0,1,99.99,6,0.1,196.3
2026-05-22T08:15:53,1.3,1196,7941,0,1,99.99,1,0.1,196.3
2026-05-22T08:15:58,1.7,1192,7941,0,1,99.99,7,0.1,196.3
2026-05-22T08:16:03,1.4,1200,7941,0,1,99.99,1,0.1,196.3
2026-05-22T08:16:08,1.8,1196,7941,0,1,99.99,6,0.1,196.3
2026-05-22T08:16:14,1.5,1199,7941,0,1,99.99,3,0.1,196.3
2026-05-22T08:16:19,1.8,1200,7941,0,1,99.99,5,0.1,196.3
2026-05-22T08:16:24,1.9,1201,7941,0,1,99.99,6,0.1,196.3
2026-05-22T08:16:29,1.3,1208,7941,0,1,99.99,1,0.1,196.3
2026-05-22T08:16:34,2.1,1208,7941,0,1,99.99,6,0.1,196.3
2026-05-22T08:16:40,1.6,1205,7941,0,1,99.99,1,0.1,196.3
2026-05-22T08:16:45,1.8,1214,7941,0,1,99.99,6,0.1,196.3
2026-05-22T08:16:50,1.4,1210,7941,0,1,99.99,1,0.1,196.3
2026-05-22T08:16:55,1.8,1206,7941,0,1,99.99,7,0.1,196.3
2026-05-22T08:17:01,1.4,1211,7941,0,1,99.99,1,0.1,196.3
2026-05-22T08:17:06,1.8,1209,7941,0,1,99.99,6,0.1,196.3
2026-05-22T08:17:11,1.5,1209,7941,0,1,99.99,1,0.1,196.3
2026-05-22T08:17:16,1.8,1209,7941,0,1,99.99,6,0.1,196.3
2026-05-22T08:17:21,1.4,1219,7941,0,1,99.99,1,0.1,196.3
2026-05-22T08:17:27,1.7,1214,7941,0,1,99.99,6,0.1,196.3
2026-05-22T08:17:32,1.4,1217,7941,0,1,99.99,1,0.1,196.3
2026-05-22T08:17:37,1.7,1207,7941,0,1,99.99,6,0.1,196.3
2026-05-22T08:17:42,1.7,1211,7941,0,1,99.99,1,0.1,196.3
2026-05-22T08:17:48,1.6,1213,7941,0,1,99.99,6,0.1,196.3
2026-05-22T08:17:53,1.5,1213,7941,0,1,99.99,1,0.1,196.3
2026-05-22T08:17:58,1.7,1206,7941,0,1,99.99,7,0.1,196.3
2026-05-22T08:18:03,1.8,1210,7941,0,1,99.99,1,0.1,196.3
2026-05-22T08:18:09,1.8,1209,7941,0,1,99.99,6,0.1,196.3
2026-05-22T08:18:14,1.8,1217,7941,1,1,99.99,6,0.1,196.3
2026-05-22T08:18:19,1.9,1205,7941,0,1,99.99,1,0.1,196.3
2026-05-22T08:18:24,1.7,1209,7941,0,1,99.99,6,0.1,196.3
2026-05-22T08:18:29,1.6,1217,7941,0,1,99.99,1,0.1,196.3
2026-05-22T08:18:35,2.1,1208,7941,0,1,99.99,6,0.1,196.3
2026-05-22T08:18:40,1.4,1210,7941,0,1,99.99,1,0.1,196.3
2026-05-22T08:18:45,1.7,1209,7941,0,1,99.99,6,0.1,196.3
2026-05-22T08:18:50,1.4,1202,7941,0,1,99.99,1,0.1,196.3
2026-05-22T08:18:56,1.6,1204,7941,0,1,99.99,7,0.1,196.3
2026-05-22T08:19:01,1.5,1205,7941,0,1,99.99,1,0.1,196.3
2026-05-22T08:19:06,1.9,1197,7941,0,1,99.99,6,0.1,196.3
2026-05-22T08:19:11,1.4,1201,7941,0,1,99.99,1,0.1,196.3
2026-05-22T08:19:16,1.9,1198,7941,0,1,99.99,6,0.1,196.3
2026-05-22T08:19:22,1.5,1199,7941,0,1,99.99,1,0.1,196.3
2026-05-22T08:19:27,1.5,1198,7941,0,1,99.99,6,0.1,196.3
2026-05-22T08:19:32,1.4,1202,7941,0,1,99.99,1,0.1,196.3
2026-05-22T08:19:37,1.9,1201,7941,0,1,99.99,6,0.1,196.3
2026-05-22T08:19:42,1.5,1204,7941,0,1,99.99,1,0.1,196.3
2026-05-22T08:19:48,2.6,1204,7941,0,1,99.99,6,0.1,196.3
2026-05-22T08:19:53,1.4,1208,7941,0,1,99.99,1,0.1,196.3
2026-05-22T08:19:58,1.9,1210,7941,0,1,99.99,7,0.1,196.3
2026-05-22T08:20:03,1.9,1203,7941,0,1,99.99,3,0.1,196.3
2026-05-22T08:20:09,3.0,1203,7941,0,1,99.99,5,0.1,196.3
2026-05-22T08:20:14,2.4,1198,7941,0,1,99.99,6,0.1,196.3
2026-05-22T08:20:19,2.0,1207,7941,0,1,99.99,1,0.1,196.3
2026-05-22T08:20:25,1.9,1204,7941,0,1,99.99,6,0.1,196.3
2026-05-22T08:20:30,1.5,1204,7941,0,1,99.99,1,0.1,196.3
2026-05-22T08:20:35,2.2,1209,7941,0,1,99.99,6,0.1,196.3
2026-05-22T08:20:40,1.6,1212,7941,0,1,99.99,1,0.1,196.3
2026-05-22T08:20:46,2.0,1204,7941,0,1,99.99,6,0.1,196.3
2026-05-22T08:20:51,1.5,1205,7941,0,1,99.99,1,0.1,196.3
2026-05-22T08:20:56,1.8,1206,7941,0,1,99.99,7,0.1,196.3
2026-05-22T08:21:01,1.6,1202,7941,0,1,99.99,1,0.1,196.3
2026-05-22T08:21:07,2.4,1194,7941,0,1,99.99,6,0.1,196.3
2026-05-22T08:21:12,1.6,1197,7941,0,1,99.99,1,0.1,196.3
2026-05-22T08:21:17,1.7,1201,7941,0,1,99.99,6,0.1,196.3
2026-05-22T08:21:22,1.5,1199,7941,0,1,99.99,1,0.1,196.3
2026-05-22T08:21:28,1.9,1203,7941,0,1,99.99,6,0.1,196.3
2026-05-22T08:21:33,1.5,1201,7941,0,1,99.99,1,0.1,196.3
2026-05-22T08:21:38,1.7,1205,7941,0,1,99.99,6,0.1,196.3
2026-05-22T08:21:43,1.6,1202,7941,0,1,99.99,1,0.1,196.3
2026-05-22T08:21:48,1.8,1206,7941,0,1,99.99,6,0.1,196.3
2026-05-22T08:21:54,1.6,1209,7941,0,1,99.99,7,0.1,196.3
2026-05-22T08:21:59,1.7,1197,7941,0,1,99.99,1,0.1,196.3
2026-05-22T08:22:04,1.8,1197,7941,0,1,99.99,6,0.1,196.3
2026-05-22T08:22:09,1.6,1202,7941,0,1,99.99,1,0.1,196.3
2026-05-22T08:22:15,1.8,1203,7941,0,1,99.99,6,0.1,196.3
2026-05-22T08:22:20,1.7,1200,7941,0,1,99.99,1,0.1,196.3
2026-05-22T08:22:25,2.0,1198,7941,0,1,99.99,6,0.1,196.3
2026-05-22T08:22:30,1.4,1200,7941,0,1,99.99,1,0.1,196.3
2026-05-22T08:22:36,2.2,1200,7941,0,1,99.99,6,0.1,196.3
2026-05-22T08:22:41,1.4,1208,7941,0,1,99.99,1,0.1,196.3
2026-05-22T08:22:46,1.9,1197,7941,0,1,99.99,6,0.1,196.3
2026-05-22T08:22:51,1.6,1204,7941,0,1,99.99,1,0.1,196.3
2026-05-22T08:22:56,1.7,1198,7941,0,1,99.99,7,0.1,196.3
2026-05-22T08:23:02,1.6,1199,7941,0,1,99.99,1,0.1,196.3
2026-05-22T08:23:07,2.0,1199,7941,0,1,99.99,6,0.1,196.3
2026-05-22T08:23:12,1.5,1203,7941,0,1,99.99,1,0.1,196.3
2026-05-22T08:23:17,1.9,1206,7941,0,1,99.99,6,0.1,196.3
2026-05-22T08:23:23,1.7,1208,7941,0,1,99.99,1,0.1,196.3
2026-05-22T08:23:28,1.7,1199,7941,0,1,99.99,6,0.1,196.3
2026-05-22T08:23:33,1.8,1203,7941,0,1,99.99,1,0.1,196.3
2026-05-22T08:23:38,1.8,1204,7941,0,1,99.99,6,0.1,196.3
2026-05-22T08:23:44,1.5,1207,7941,0,1,99.99,1,0.1,196.3
2026-05-22T08:23:49,1.7,1207,7941,0,1,99.99,6,0.1,196.3
2026-05-22T08:23:54,1.8,1200,7941,0,1,99.99,7,0.1,196.3
2026-05-22T08:23:59,1.5,1203,7941,0,1,99.99,1,0.1,196.3
2026-05-22T08:24:04,1.8,1204,7941,0,1,99.99,6,0.1,196.3
2026-05-22T08:24:10,1.7,1201,7941,0,1,99.99,1,0.1,196.3
2026-05-22T08:24:15,1.7,1202,7941,0,1,99.99,6,0.1,196.3
2026-05-22T08:24:20,1.7,1203,7941,0,1,99.99,1,0.1,196.3
2026-05-22T08:24:25,1.7,1200,7941,0,1,99.99,6,0.1,196.3
2026-05-22T08:24:31,1.5,1204,7941,0,1,99.99,1,0.1,196.3
2026-05-22T08:24:36,2.1,1202,7941,0,1,99.99,6,0.1,196.3
2026-05-22T08:24:41,1.6,1201,7941,0,1,99.99,1,0.1,196.3
2026-05-22T08:24:46,1.8,1199,7941,0,1,99.99,6,0.1,196.3
2026-05-22T08:24:51,1.6,1201,7941,0,1,99.99,1,0.1,196.3
2026-05-22T08:24:57,1.9,1205,7941,0,1,99.99,7,0.1,196.3
2026-05-22T08:25:02,1.7,1202,7941,0,1,99.99,1,0.1,196.3
2026-05-22T08:25:08,2.9,1205,7941,0,1,99.99,6,0.1,196.3
2026-05-22T08:25:13,1.6,1198,7941,0,1,99.99,1,0.1,196.3
2026-05-22T08:25:18,1.9,1200,7941,0,1,99.99,6,0.1,196.3
2026-05-22T08:25:23,1.5,1200,7941,0,1,99.99,1,0.1,196.3
2026-05-22T08:25:29,1.8,1199,7941,0,1,99.99,6,0.1,196.3
2026-05-22T08:25:34,1.5,1205,7941,0,2,99.99,6,0.1,196.3
2026-05-22T08:25:39,1.8,1198,7941,0,1,99.99,1,0.1,196.3
2026-05-22T08:25:44,2.0,1210,7941,0,1,99.99,6,0.1,196.3
2026-05-22T08:25:49,1.5,1202,7941,0,1,99.99,1,0.1,196.3
2026-05-22T08:25:55,1.8,1201,7941,0,1,99.99,7,0.1,196.3
2026-05-22T08:26:00,1.5,1202,7941,0,1,99.99,1,0.1,196.3
2026-05-22T08:26:05,1.9,1207,7941,0,1,99.99,6,0.1,196.3
2026-05-22T08:26:10,1.5,1204,7941,0,1,99.99,1,0.1,196.3
2026-05-22T08:26:16,1.9,1197,7941,0,1,99.99,6,0.1,196.3
2026-05-22T08:26:21,1.4,1202,7941,0,1,99.99,1,0.1,196.3
2026-05-22T08:26:26,1.9,1197,7941,0,1,99.99,6,0.1,196.3
2026-05-22T08:26:31,1.3,1201,7941,0,1,99.99,1,0.1,196.3
2026-05-22T08:26:36,2.1,1198,7941,0,1,99.99,6,0.1,196.3
2026-05-22T08:26:42,1.6,1197,7941,0,1,99.99,1,0.1,196.3
2026-05-22T08:26:47,1.6,1197,7941,0,1,99.99,6,0.1,196.3
2026-05-22T08:26:52,1.5,1197,7941,0,1,99.99,1,0.1,196.3
2026-05-22T08:26:57,1.7,1198,7941,0,1,99.99,7,0.1,196.3
2026-05-22T08:27:03,1.4,1199,7941,0,1,99.99,1,0.1,196.3
2026-05-22T08:27:08,2.1,1197,7941,0,1,99.99,6,0.1,196.3
2026-05-22T08:27:13,1.4,1200,7941,0,1,99.99,1,0.1,196.3
2026-05-22T08:27:18,1.8,1200,7941,0,1,99.99,6,0.1,196.3
2026-05-22T08:27:23,1.5,1205,7941,0,1,99.99,1,0.1,196.3
2026-05-22T08:27:29,1.7,1200,7941,0,1,99.99,6,0.1,196.3
2026-05-22T08:27:34,1.8,1197,7941,0,1,99.99,6,0.1,196.3
2026-05-22T08:27:39,1.3,1206,7941,0,1,99.99,1,0.1,196.3
2026-05-22T08:27:44,1.7,1206,7941,0,1,99.99,6,0.1,196.3
2026-05-22T08:27:50,1.4,1199,7941,0,1,99.99,1,0.1,196.3
2026-05-22T08:27:55,1.9,1202,7941,0,1,99.99,7,0.1,196.3
2026-05-22T08:28:00,1.6,1199,7941,0,1,99.99,1,0.1,196.3
2026-05-22T08:28:05,1.6,1197,7941,0,1,99.99,6,0.1,196.3
2026-05-22T08:28:10,1.4,1201,7941,0,1,99.99,1,0.1,196.3
2026-05-22T08:28:16,1.9,1202,7941,0,1,99.99,6,0.1,196.3
2026-05-22T08:28:21,1.5,1200,7941,0,1,99.99,1,0.1,196.3
2026-05-22T08:28:26,1.8,1201,7941,0,1,99.99,6,0.1,196.3
2026-05-22T08:28:31,1.3,1203,7941,0,1,99.99,1,0.1,196.3
2026-05-22T08:28:36,2.0,1206,7941,0,1,99.99,6,0.1,196.3
2026-05-22T08:28:42,1.5,1200,7941,0,1,99.99,1,0.1,196.3
2026-05-22T08:28:47,1.9,1201,7941,0,1,99.99,6,0.1,196.3
2026-05-22T08:28:52,1.4,1201,7941,0,1,99.99,1,0.1,196.3
2026-05-22T08:28:57,1.7,1198,7941,0,1,99.99,7,0.1,196.3
2026-05-22T08:29:03,1.4,1201,7941,0,1,99.99,1,0.1,196.3
2026-05-22T08:29:08,2.0,1196,7941,0,1,99.99,6,0.1,196.3
2026-05-22T08:29:13,1.5,1204,7941,0,1,99.99,1,0.1,196.3
2026-05-22T08:29:18,1.7,1207,7941,0,1,99.99,6,0.1,196.3
2026-05-22T08:29:23,1.5,1205,7941,0,1,99.99,1,0.1,196.3
2026-05-22T08:29:29,1.6,1203,7941,0,1,99.99,6,0.1,196.3
2026-05-22T08:29:34,1.9,1204,7941,0,1,99.99,6,0.1,196.3
2026-05-22T08:29:39,1.4,1202,7941,0,1,99.99,1,0.1,196.3
2026-05-22T08:29:44,1.8,1209,7941,0,1,99.99,6,0.1,196.3
2026-05-22T08:29:50,1.5,1204,7941,0,1,99.99,1,0.1,196.3
2026-05-22T08:29:55,1.7,1205,7941,0,1,99.99,7,0.1,196.3
2026-05-22T08:30:00,1.5,1212,7941,0,1,99.99,1,0.1,196.3
2026-05-22T08:30:05,2.0,1207,7941,0,1,99.99,6,0.1,196.3
2026-05-22T08:30:11,2.2,1212,7941,0,1,99.99,1,0.1,196.3
2026-05-22T08:30:16,2.0,1214,7941,0,1,99.99,6,0.1,196.3
2026-05-22T08:30:21,1.8,1209,7941,0,1,99.99,1,0.1,196.3
2026-05-22T08:30:26,1.9,1204,7941,0,1,99.99,6,0.1,196.3
2026-05-22T08:30:32,1.4,1204,7941,0,1,99.99,1,0.1,196.3
2026-05-22T08:30:37,2.2,1206,7941,0,1,99.99,6,0.1,196.3
2026-05-22T08:30:42,1.5,1203,7941,0,1,99.99,1,0.1,196.3
2026-05-22T08:30:47,1.9,1210,7941,0,1,99.99,6,0.1,196.3
2026-05-22T08:30:53,1.6,1206,7941,0,1,99.99,1,0.1,196.3
2026-05-22T08:30:58,1.6,1203,7941,0,1,99.99,7,0.1,196.3
2026-05-22T08:31:03,1.5,1209,7941,0,1,99.99,1,0.1,196.3
2026-05-22T08:31:08,2.1,1203,7941,0,1,99.99,6,0.1,196.3
2026-05-22T08:31:14,1.5,1210,7941,0,1,99.99,1,0.1,196.3
2026-05-22T08:31:19,1.7,1204,7941,0,1,99.99,6,0.1,196.3
2026-05-22T08:31:24,1.7,1204,7941,0,1,99.99,6,0.1,196.3
2026-05-22T08:31:29,1.5,1210,7941,0,1,99.99,1,0.1,196.3
2026-05-22T08:31:34,1.8,1207,7941,0,1,99.99,6,0.1,196.3
2026-05-22T08:31:40,1.5,1208,7941,0,1,99.99,1,0.1,196.3
2026-05-22T08:31:45,1.8,1201,7941,0,1,99.99,6,0.1,196.3
2026-05-22T08:31:50,1.4,1217,7941,0,1,99.99,1,0.1,196.3
2026-05-22T08:31:55,1.8,1199,7941,0,1,99.99,7,0.1,196.3
2026-05-22T08:32:00,1.4,1202,7941,0,1,99.99,1,0.1,196.3
2026-05-22T08:32:06,1.8,1207,7941,0,1,99.99,6,0.1,196.3
2026-05-22T08:32:11,1.3,1207,7941,0,1,99.99,1,0.1,196.3
2026-05-22T08:32:16,2.0,1200,7941,0,1,99.99,6,0.1,196.3
2026-05-22T08:32:21,1.7,1205,7941,0,1,99.99,1,0.1,196.3
2026-05-22T08:32:27,1.7,1203,7941,0,1,99.99,6,0.1,196.3
2026-05-22T08:32:32,1.7,1207,7941,0,1,99.99,1,0.1,196.3
2026-05-22T08:32:37,2.1,1196,7941,0,1,99.99,6,0.1,196.3
2026-05-22T08:32:42,1.5,1198,7941,0,1,99.99,1,0.1,196.3
2026-05-22T08:32:47,1.8,1193,7941,0,1,99.99,6,0.1,196.3
2026-05-22T08:32:53,1.5,1193,7941,0,1,99.99,1,0.1,196.3
2026-05-22T08:32:58,1.9,1187,7941,0,1,99.99,7,0.1,196.3
2026-05-22T08:33:03,1.7,1195,7941,0,1,99.99,1,0.1,196.3
2026-05-22T08:33:08,1.8,1189,7941,0,1,99.99,6,0.1,196.3
2026-05-22T08:33:14,1.6,1195,7941,0,1,99.99,6,0.1,196.3
2026-05-22T08:33:19,1.7,1191,7941,0,1,99.99,1,0.1,196.3
2026-05-22T08:33:24,1.7,1192,7941,0,1,99.99,6,0.1,196.3
2026-05-22T08:33:29,1.6,1195,7941,0,1,99.99,1,0.1,196.3
2026-05-22T08:33:35,1.8,1191,7941,0,1,99.99,6,0.1,196.3
2026-05-22T08:33:40,1.4,1196,7941,0,1,99.99,1,0.1,196.3
2026-05-22T08:33:45,1.9,1198,7941,0,1,99.99,6,0.1,196.3
2026-05-22T08:33:50,1.7,1198,7941,0,1,99.99,1,0.1,196.3
2026-05-22T08:33:56,1.9,1197,7941,0,1,99.99,7,0.1,196.3
2026-05-22T08:34:01,1.6,1197,7941,0,1,99.99,1,0.1,196.3
2026-05-22T08:34:06,1.9,1198,7941,0,1,99.99,6,0.1,196.3
2026-05-22T08:34:11,1.6,1190,7941,0,1,99.99,1,0.1,196.3
2026-05-22T08:34:16,1.7,1198,7941,0,1,99.99,6,0.1,196.3
2026-05-22T08:34:22,1.5,1197,7941,0,1,99.99,1,0.1,196.3
2026-05-22T08:34:27,2.1,1194,7941,0,1,99.99,6,0.1,196.3
2026-05-22T08:34:32,1.4,1195,7941,0,1,99.99,1,0.1,196.3
2026-05-22T08:34:37,2.2,1198,7941,0,1,99.99,6,0.1,196.3
2026-05-22T08:34:43,1.5,1197,7941,0,1,99.99,1,0.1,196.3
2026-05-22T08:34:48,1.9,1195,7941,0,1,99.99,6,0.1,196.3
2026-05-22T08:34:53,1.5,1194,7941,0,1,99.99,1,0.1,196.3
2026-05-22T08:34:58,1.8,1193,7941,0,1,99.99,7,0.1,196.3
2026-05-22T08:35:03,1.9,1202,7941,0,1,99.99,3,0.1,196.3
2026-05-22T08:35:09,2.5,1197,7941,0,1,99.99,5,0.1,196.3
2026-05-22T08:35:14,1.9,1202,7941,0,1,99.99,6,0.1,196.3
2026-05-22T08:35:19,1.5,1199,7941,0,1,99.99,1,0.1,196.3
2026-05-22T08:35:25,1.8,1204,7941,0,1,99.99,6,0.1,196.3
2026-05-22T08:35:30,1.5,1193,7941,0,1,99.99,1,0.1,196.3
2026-05-22T08:35:35,2.0,1198,7941,0,1,99.99,6,0.1,196.3
2026-05-22T08:35:40,1.6,1202,7941,0,1,99.99,1,0.1,196.3
2026-05-22T08:35:45,1.7,1195,7941,0,1,99.99,6,0.1,196.3
2026-05-22T08:35:51,1.5,1198,7941,0,1,99.99,1,0.1,196.3
2026-05-22T08:35:56,1.8,1201,7941,0,1,99.99,7,0.1,196.3
2026-05-22T08:36:01,1.4,1195,7941,0,1,99.99,1,0.1,196.3
2026-05-22T08:36:07,2.6,1193,7941,0,1,99.99,6,0.1,196.3
2026-05-22T08:36:12,1.7,1200,7941,0,1,99.99,1,0.1,196.3
2026-05-22T08:36:17,2.0,1200,7941,0,1,99.99,6,0.1,196.3
2026-05-22T08:36:22,1.8,1198,7941,0,1,99.99,1,0.1,196.3
2026-05-22T08:36:27,1.6,1193,7941,0,1,99.99,6,0.1,196.3
2026-05-22T08:36:33,1.6,1198,7941,0,1,99.99,1,0.1,196.3
2026-05-22T08:36:38,2.2,1192,7941,0,1,99.99,6,0.1,196.3
2026-05-22T08:36:43,1.6,1191,7941,0,1,99.99,1,0.1,196.3
2026-05-22T08:36:48,1.8,1193,7941,0,1,99.99,6,0.1,196.3
2026-05-22T08:36:54,1.6,1186,7941,0,1,99.99,7,0.1,196.3
2026-05-22T08:36:59,1.8,1188,7941,0,1,99.99,1,0.1,196.3
2026-05-22T08:37:04,1.8,1187,7941,0,1,99.99,6,0.1,196.3
2026-05-22T08:37:09,1.8,1191,7941,0,1,99.99,1,0.1,196.3
2026-05-22T08:37:15,1.7,1196,7941,0,1,99.99,6,0.1,196.3
2026-05-22T08:37:20,1.6,1189,7941,0,1,99.99,1,0.1,196.3
2026-05-22T08:37:25,1.9,1188,7941,0,1,99.99,6,0.1,196.3
2026-05-22T08:37:30,1.5,1187,7941,0,1,99.99,1,0.1,196.3
2026-05-22T08:37:35,2.0,1190,7941,0,1,99.99,6,0.1,196.3
2026-05-22T08:37:41,1.7,1190,7941,0,1,99.99,1,0.1,196.3
2026-05-22T08:37:46,1.8,1194,7941,0,1,99.99,6,0.1,196.3
2026-05-22T08:37:51,1.5,1194,7941,0,1,99.99,1,0.1,196.3
2026-05-22T08:37:56,1.7,1201,7941,0,1,99.99,7,0.1,196.3
2026-05-22T08:38:02,1.6,1200,7941,0,1,99.99,1,0.1,196.3
2026-05-22T08:38:07,2.0,1197,7941,0,1,99.99,6,0.1,196.3
2026-05-22T08:38:12,1.3,1205,7941,0,1,99.99,1,0.1,196.3
2026-05-22T08:38:17,2.0,1210,7941,0,1,99.99,6,0.1,196.3
2026-05-22T08:38:23,1.4,1198,7941,0,1,99.99,1,0.1,196.3
2026-05-22T08:38:28,1.8,1186,7941,0,1,99.99,6,0.1,196.3
2026-05-22T08:38:33,1.6,1189,7941,0,1,99.99,1,0.1,196.3
2026-05-22T08:38:38,2.0,1194,7941,0,1,99.99,6,0.1,196.3
2026-05-22T08:38:43,1.6,1194,7941,0,1,99.99,1,0.1,196.3
2026-05-22T08:38:49,1.6,1194,7941,0,1,99.99,6,0.1,196.3
2026-05-22T08:38:54,1.8,1194,7941,0,1,99.99,7,0.1,196.3
2026-05-22T08:38:59,1.3,1192,7941,0,1,99.99,1,0.1,196.3
2026-05-22T08:39:04,2.3,1191,7941,0,1,99.99,6,0.1,196.3
2026-05-22T08:39:10,1.9,1191,7941,0,1,99.99,1,0.1,196.3
2026-05-22T08:39:15,1.8,1197,7941,0,1,99.99,6,0.1,196.3
2026-05-22T08:39:20,1.5,1194,7941,0,1,99.99,1,0.1,196.3
2026-05-22T08:39:25,1.8,1191,7941,0,1,99.99,6,0.1,196.3
2026-05-22T08:39:30,1.4,1193,7941,0,1,99.99,1,0.1,196.3
2026-05-22T08:39:36,1.8,1199,7941,0,1,99.99,6,0.1,196.3
2026-05-22T08:39:41,1.3,1195,7941,0,1,99.99,1,0.1,196.3
2026-05-22T08:39:46,1.6,1195,7941,0,1,99.99,6,0.1,196.3
2026-05-22T08:39:51,1.3,1195,7941,0,1,99.99,1,0.1,196.3
2026-05-22T08:39:57,1.7,1192,7941,0,1,99.99,7,0.1,196.3
2026-05-22T08:40:02,1.6,1200,7941,0,1,99.99,1,0.1,196.3
2026-05-22T08:40:07,2.9,1194,7941,0,1,99.99,6,0.1,196.3
2026-05-22T08:40:13,1.7,1193,7941,0,1,99.99,1,0.1,196.3
2026-05-22T08:40:18,2.2,1204,7941,0,1,99.99,6,0.1,196.3
2026-05-22T08:40:23,1.7,1208,7941,0,1,99.99,1,0.1,196.3
2026-05-22T08:40:28,1.8,1209,7941,0,1,99.99,6,0.1,196.3
2026-05-22T08:40:34,1.8,1209,7941,0,1,99.99,1,0.1,196.3
2026-05-22T08:40:39,1.8,1198,7941,0,1,99.99,6,0.1,196.3
2026-05-22T08:40:44,1.9,1204,7941,0,1,99.99,6,0.1,196.3
2026-05-22T08:40:49,1.4,1205,7941,0,1,99.99,1,0.1,196.3
2026-05-22T08:40:54,1.8,1209,7941,0,1,99.99,7,0.1,196.3
2026-05-22T08:41:00,1.4,1209,7941,0,1,99.99,1,0.1,196.3
2026-05-22T08:41:05,1.8,1205,7941,0,1,99.99,6,0.1,196.3
2026-05-22T08:41:10,1.6,1207,7941,0,1,99.99,1,0.1,196.3
2026-05-22T08:41:15,1.8,1211,7941,0,1,99.99,6,0.1,196.3
2026-05-22T08:41:20,1.5,1209,7941,0,1,99.99,1,0.1,196.3
2026-05-22T08:41:26,1.6,1209,7941,0,1,99.99,6,0.1,196.3
2026-05-22T08:41:31,1.4,1209,7941,0,1,99.99,1,0.1,196.3
2026-05-22T08:41:36,1.8,1210,7941,0,1,99.99,6,0.1,196.3
2026-05-22T08:41:41,1.3,1212,7941,0,1,99.99,1,0.1,196.3
2026-05-22T08:41:47,1.7,1204,7941,0,1,99.99,6,0.1,196.3
2026-05-22T08:41:52,1.4,1212,7941,0,1,99.99,1,0.1,196.3
2026-05-22T08:41:57,1.6,1209,7941,0,1,99.99,7,0.1,196.3
2026-05-22T08:42:02,1.4,1212,7941,0,1,99.99,1,0.1,196.3
2026-05-22T08:42:07,1.8,1216,7941,0,1,99.99,6,0.1,196.3
2026-05-22T08:42:13,1.5,1217,7941,0,1,99.99,1,0.1,196.3
2026-05-22T08:42:18,1.8,1218,7941,0,1,99.99,6,0.1,196.3
2026-05-22T08:42:23,1.4,1206,7941,0,1,99.99,1,0.1,196.3
2026-05-22T08:42:28,1.6,1205,7941,0,1,99.99,6,0.1,196.3
2026-05-22T08:42:33,1.8,1205,7941,0,1,99.99,1,0.1,196.3
2026-05-22T08:42:39,1.8,1202,7941,0,1,99.99,6,0.1,196.3
2026-05-22T08:42:44,1.6,1204,7941,0,1,99.99,6,0.1,196.3
2026-05-22T08:42:49,1.5,1204,7941,0,1,99.99,1,0.1,196.3
2026-05-22T08:42:54,1.7,1200,7941,0,1,99.99,7,0.1,196.3
2026-05-22T08:43:00,1.6,1201,7941,0,1,99.99,1,0.1,196.3
2026-05-22T08:43:05,1.7,1194,7941,0,1,99.99,6,0.1,196.3
2026-05-22T08:43:10,1.5,1197,7941,0,1,99.99,1,0.1,196.3
2026-05-22T08:43:15,1.7,1204,7941,0,1,99.99,6,0.1,196.3
2026-05-22T08:43:20,1.5,1199,7941,0,1,99.99,1,0.1,196.3
2026-05-22T08:43:26,1.7,1204,7941,0,1,99.99,6,0.1,196.3
2026-05-22T08:43:31,1.4,1205,7941,0,1,99.99,1,0.1,196.3
2026-05-22T08:43:36,1.7,1205,7941,0,1,99.99,6,0.1,196.3
2026-05-22T08:43:41,1.4,1208,7941,0,1,99.99,1,0.1,196.3
2026-05-22T08:43:46,1.7,1205,7941,0,1,99.99,6,0.1,196.3
2026-05-22T08:43:52,1.4,1205,7941,0,1,99.99,1,0.1,196.3
2026-05-22T08:43:57,1.8,1206,7941,0,1,99.99,7,0.1,196.3
2026-05-22T08:44:02,1.4,1204,7941,0,1,99.99,1,0.1,196.3
2026-05-22T08:44:07,1.8,1199,7941,0,1,99.99,6,0.1,196.3
2026-05-22T08:44:13,1.5,1198,7941,0,1,99.99,1,0.1,196.3
2026-05-22T08:44:18,1.8,1203,7941,0,1,99.99,6,0.1,196.3
2026-05-22T08:44:23,1.4,1200,7941,0,1,99.99,1,0.1,196.3
2026-05-22T08:44:28,1.6,1204,7941,0,1,99.99,6,0.1,196.3
2026-05-22T08:44:33,2.0,1202,7941,0,1,99.99,1,0.1,196.3
2026-05-22T08:44:39,1.7,1202,7941,0,1,99.99,6,0.1,196.3
2026-05-22T08:44:44,1.9,1196,7941,0,1,99.99,6,0.1,196.3
2026-05-22T08:44:49,1.4,1202,7941,0,1,99.99,1,0.1,196.3
2026-05-22T08:44:54,1.7,1201,7941,0,1,99.99,7,0.1,196.3
2026-05-22T08:44:59,1.4,1199,7941,0,1,99.99,1,0.1,196.3
2026-05-22T08:45:05,2.4,1196,7941,0,1,99.99,6,0.1,196.3
2026-05-22T08:45:10,1.8,1202,7941,0,1,99.99,1,0.1,196.3
2026-05-22T08:45:15,1.9,1200,7941,0,1,99.99,6,0.1,196.3
2026-05-22T08:45:20,1.5,1209,7941,0,1,99.99,1,0.1,196.3
2026-05-22T08:45:26,1.8,1204,7941,0,1,99.99,6,0.1,196.3
2026-05-22T08:45:31,1.3,1203,7941,0,1,99.99,1,0.1,196.3
2026-05-22T08:45:36,1.9,1200,7941,0,1,99.99,6,0.1,196.3
2026-05-22T08:45:41,1.4,1199,7941,0,1,99.99,1,0.1,196.3
2026-05-22T08:45:47,1.9,1198,7941,0,1,99.99,6,0.1,196.3
2026-05-22T08:45:52,1.4,1201,7941,0,1,99.99,1,0.1,196.3
2026-05-22T08:45:57,1.7,1199,7941,0,1,99.99,7,0.1,196.3
2026-05-22T08:46:02,1.6,1198,7941,0,1,99.99,1,0.1,196.3
2026-05-22T08:46:07,1.9,1202,7941,0,1,99.99,6,0.1,196.3
2026-05-22T08:46:13,1.6,1202,7941,0,1,99.99,1,0.1,196.3
2026-05-22T08:46:18,1.8,1199,7941,0,1,99.99,6,0.1,196.3
2026-05-22T08:46:23,1.6,1202,7941,0,1,99.99,1,0.1,196.3
2026-05-22T08:46:28,1.6,1204,7941,0,1,99.99,6,0.1,196.3
2026-05-22T08:46:34,1.9,1202,7941,0,1,99.99,1,0.1,196.3
2026-05-22T08:46:39,1.6,1200,7941,0,1,99.99,6,0.1,196.3
2026-05-22T08:46:44,1.6,1201,7941,0,1,99.99,6,0.1,196.3
2026-05-22T08:46:49,1.5,1196,7941,0,1,99.99,1,0.1,196.3
2026-05-22T08:46:54,1.8,1196,7941,0,1,99.99,7,0.1,196.3
2026-05-22T08:47:00,1.4,1198,7941,0,1,99.99,1,0.1,196.3
2026-05-22T08:47:05,1.7,1189,7941,0,1,99.99,6,0.1,196.3
2026-05-22T08:47:10,1.7,1192,7941,0,1,99.99,1,0.1,196.3
2026-05-22T08:47:15,1.9,1191,7941,0,1,99.99,6,0.1,196.3
2026-05-22T08:47:20,1.5,1195,7941,0,1,99.99,1,0.1,196.3
2026-05-22T08:47:26,1.7,1191,7941,0,1,99.99,6,0.1,196.3
2026-05-22T08:47:31,1.4,1199,7941,0,1,99.99,1,0.1,196.3
2026-05-22T08:47:36,1.8,1191,7941,0,1,99.99,6,0.1,196.3
2026-05-22T08:47:41,1.6,1201,7941,0,1,99.99,1,0.1,196.3
2026-05-22T08:47:47,1.6,1201,7941,0,1,99.99,6,0.1,196.3
2026-05-22T08:47:52,1.4,1193,7941,0,1,99.99,1,0.1,196.3
2026-05-22T08:47:57,1.7,1189,7941,0,1,99.99,7,0.1,196.3
2026-05-22T08:48:02,1.5,1198,7941,0,1,99.99,1,0.1,196.3
2026-05-22T08:48:07,1.8,1195,7941,0,1,99.99,6,0.1,196.3
2026-05-22T08:48:13,1.5,1197,7941,0,1,99.99,1,0.1,196.3
2026-05-22T08:48:18,1.8,1198,7941,0,1,99.99,6,0.1,196.3
2026-05-22T08:48:23,1.5,1194,7941,0,1,99.99,1,0.1,196.3
2026-05-22T08:48:28,1.6,1193,7941,0,1,99.99,6,0.1,196.3
2026-05-22T08:48:34,1.8,1196,7941,0,1,99.99,1,0.1,196.3
2026-05-22T08:48:39,1.6,1194,7941,0,1,99.99,6,0.1,196.3
2026-05-22T08:48:44,1.7,1193,7941,0,1,99.99,6,0.1,196.3
2026-05-22T08:48:49,1.6,1201,7941,0,1,99.99,1,0.1,196.3
2026-05-22T08:48:54,1.7,1197,7941,0,1,99.99,7,0.1,196.3
2026-05-22T08:49:00,1.4,1203,7941,0,1,99.99,1,0.1,196.3
2026-05-22T08:49:05,1.8,1202,7941,0,1,99.99,6,0.1,196.3
2026-05-22T08:49:10,1.4,1202,7941,0,1,99.99,1,0.1,196.3
2026-05-22T08:49:15,1.9,1194,7941,0,1,99.99,6,0.1,196.3
2026-05-22T08:49:21,1.4,1202,7941,0,1,99.99,1,0.1,196.3
2026-05-22T08:49:26,1.7,1198,7941,0,1,99.99,6,0.1,196.3
2026-05-22T08:49:31,1.5,1192,7941,0,1,99.99,1,0.1,196.3
2026-05-22T08:49:36,1.8,1196,7941,0,1,99.99,6,0.1,196.3
2026-05-22T08:49:41,1.3,1197,7941,0,1,99.99,1,0.1,196.3
2026-05-22T08:49:47,1.6,1194,7941,0,1,99.99,6,0.1,196.3
2026-05-22T08:49:52,1.6,1198,7941,0,1,99.99,1,0.1,196.3
2026-05-22T08:49:57,1.7,1199,7941,0,1,99.99,7,0.1,196.3
2026-05-22T08:50:02,1.6,1195,7941,0,1,99.99,1,0.1,196.3
2026-05-22T08:50:08,2.8,1199,7941,0,1,99.99,6,0.1,196.3
2026-05-22T08:50:13,1.6,1198,7941,0,1,99.99,1,0.1,196.3
2026-05-22T08:50:18,2.2,1203,7941,0,1,99.99,6,0.1,196.3
2026-05-22T08:50:24,1.9,1195,7941,0,1,99.99,1,0.1,196.3
2026-05-22T08:50:29,1.8,1198,7941,0,1,99.99,6,0.1,196.3
2026-05-22T08:50:34,2.3,1185,7941,0,1,99.99,6,0.1,196.3
2026-05-22T08:50:39,1.4,1191,7941,0,1,99.99,1,0.1,196.3
2026-05-22T08:50:44,1.7,1192,7941,0,1,99.99,6,0.1,196.3
2026-05-22T08:50:50,1.5,1189,7941,0,1,99.99,1,0.1,196.3
2026-05-22T08:50:55,1.6,1190,7941,0,1,99.99,7,0.1,196.3
2026-05-22T08:51:00,1.4,1197,7941,0,1,99.99,1,0.1,196.3
2026-05-22T08:51:05,1.8,1190,7941,0,1,99.99,6,0.1,196.3
2026-05-22T08:51:11,1.5,1193,7941,0,1,99.99,1,0.1,196.3
2026-05-22T08:51:16,1.8,1196,7941,0,1,99.99,6,0.1,196.3
2026-05-22T08:51:21,1.3,1193,7941,0,1,99.99,1,0.1,196.3
2026-05-22T08:51:26,1.6,1197,7941,0,1,99.99,6,0.1,196.3
2026-05-22T08:51:31,1.4,1193,7941,0,1,99.99,1,0.1,196.3
2026-05-22T08:51:37,1.6,1194,7941,0,1,99.99,6,0.1,196.3
2026-05-22T08:51:42,1.4,1194,7941,0,1,99.99,1,0.1,196.3
2026-05-22T08:51:47,1.7,1193,7941,0,1,99.99,6,0.1,196.3
2026-05-22T08:51:52,1.4,1194,7941,0,1,99.99,1,0.1,196.3
2026-05-22T08:51:57,1.7,1189,7941,0,1,99.99,7,0.1,196.3
2026-05-22T08:52:03,2.6,1198,7941,0,1,99.99,1,0.1,196.3
2026-05-22T08:52:08,1.7,1196,7941,0,1,99.99,6,0.1,196.3
2026-05-22T08:52:13,1.4,1199,7941,0,1,99.99,1,0.1,196.3
2026-05-22T08:52:18,1.7,1201,7941,0,1,99.99,6,0.1,196.3
2026-05-22T08:52:23,1.6,1203,7941,0,1,99.99,1,0.1,196.3
2026-05-22T08:52:29,1.6,1202,7941,0,1,99.99,6,0.1,196.3
2026-05-22T08:52:34,2.2,1201,7941,0,1,99.99,6,0.1,196.3
2026-05-22T08:52:39,1.7,1201,7941,0,1,99.99,1,0.1,196.3
2026-05-22T08:52:44,1.7,1194,7941,0,1,99.99,6,0.1,196.3
2026-05-22T08:52:50,1.5,1197,7941,0,1,99.99,1,0.1,196.3
2026-05-22T08:52:55,2.0,1196,7941,0,1,99.99,7,0.1,196.3
2026-05-22T08:53:00,1.6,1204,7941,0,1,99.99,1,0.1,196.3
2026-05-22T08:53:05,2.0,1198,7941,0,1,99.99,6,0.1,196.3
2026-05-22T08:53:11,1.5,1202,7941,0,1,99.99,1,0.1,196.3
2026-05-22T08:53:16,2.1,1193,7941,0,1,99.99,6,0.1,196.3
2026-05-22T08:53:21,1.6,1194,7941,0,1,99.99,1,0.1,196.3
2026-05-22T08:53:26,1.9,1199,7941,0,1,99.99,6,0.1,196.3
2026-05-22T08:53:32,1.5,1200,7941,0,1,99.99,1,0.1,196.3
2026-05-22T08:53:37,1.8,1201,7941,0,1,99.99,6,0.1,196.3
2026-05-22T08:53:42,1.4,1202,7941,0,1,99.99,1,0.1,196.3
2026-05-22T08:53:47,2.0,1198,7941,0,1,99.99,6,0.1,196.3
2026-05-22T08:53:52,1.7,1205,7941,0,1,99.99,1,0.1,196.3
2026-05-22T08:53:58,1.7,1205,7941,0,1,99.99,7,0.1,196.3
2026-05-22T08:54:03,1.5,1208,7941,0,1,99.99,1,0.1,196.3
2026-05-22T08:54:08,1.9,1212,7941,0,1,99.99,6,0.1,196.3
2026-05-22T08:54:13,1.6,1203,7941,0,1,99.99,1,0.1,196.3
2026-05-22T08:54:19,2.0,1206,7941,0,1,99.99,6,0.1,196.3
2026-05-22T08:54:24,2.0,1209,7941,0,1,99.99,6,0.1,196.3
2026-05-22T08:54:29,1.5,1208,7941,0,1,99.99,1,0.1,196.3
2026-05-22T08:54:34,2.2,1208,7941,0,1,99.99,6,0.1,196.3
2026-05-22T08:54:40,1.6,1207,7941,0,1,99.99,1,0.1,196.3
2026-05-22T08:54:45,1.7,1205,7941,0,1,99.99,6,0.1,196.3
2026-05-22T08:54:50,1.7,1204,7941,0,1,99.99,1,0.1,196.3
2026-05-22T08:54:55,1.8,1206,7941,0,1,99.99,7,0.1,196.3
2026-05-22T08:55:01,1.6,1203,7941,0,1,99.99,1,0.1,196.3
2026-05-22T08:55:06,2.3,1202,7941,0,1,99.99,6,0.1,196.3
2026-05-22T08:55:11,1.7,1203,7941,0,1,99.99,1,0.1,196.3
2026-05-22T08:55:16,2.1,1201,7941,0,1,99.99,6,0.1,196.3
2026-05-22T08:55:21,1.6,1205,7941,0,1,99.99,1,0.1,196.3
2026-05-22T08:55:27,1.8,1202,7941,0,1,99.99,6,0.1,196.3
2026-05-22T08:55:32,1.8,1202,7941,0,1,99.99,1,0.1,196.3
2026-05-22T08:55:37,1.5,1204,7941,0,1,99.99,6,0.1,196.3
2026-05-22T08:55:42,1.6,1199,7941,0,1,99.99,1,0.1,196.3
2026-05-22T08:55:48,2.0,1203,7941,0,1,99.99,6,0.1,196.3
2026-05-22T08:55:53,1.4,1202,7941,0,1,99.99,1,0.1,196.3
2026-05-22T08:55:58,1.7,1201,7941,0,1,99.99,7,0.1,196.3
2026-05-22T08:56:03,1.5,1205,7941,0,1,99.99,1,0.1,196.3
2026-05-22T08:56:09,1.8,1198,7941,0,1,99.99,6,0.1,196.3
2026-05-22T08:56:14,1.7,1201,7941,0,1,99.99,6,0.1,196.3
2026-05-22T08:56:19,1.8,1202,7941,0,1,99.99,1,0.1,196.3
2026-05-22T08:56:24,1.6,1203,7941,0,1,99.99,6,0.1,196.3
2026-05-22T08:56:30,1.6,1197,7941,0,1,99.99,1,0.1,196.3
2026-05-22T08:56:35,2.1,1200,7941,0,1,99.99,6,0.1,196.3
2026-05-22T08:56:40,1.5,1201,7941,0,1,99.99,1,0.1,196.3
2026-05-22T08:56:45,2.0,1192,7941,0,1,99.99,6,0.1,196.3
2026-05-22T08:56:50,1.4,1195,7941,0,1,99.99,1,0.1,196.3
2026-05-22T08:56:56,1.9,1194,7941,0,1,99.99,7,0.1,196.3
2026-05-22T08:57:01,1.5,1200,7941,0,1,99.99,1,0.1,196.3
2026-05-22T08:57:06,2.3,1201,7941,0,1,99.99,6,0.1,196.3
2026-05-22T08:57:11,1.9,1202,7941,0,1,99.99,1,0.1,196.3
2026-05-22T08:57:17,1.9,1198,7941,0,1,99.99,6,0.1,196.3
2026-05-22T08:57:22,1.8,1194,7941,0,1,99.99,1,0.1,196.3
2026-05-22T08:57:27,1.7,1194,7941,0,1,99.99,6,0.1,196.3
2026-05-22T08:57:32,1.5,1192,7941,0,1,99.99,1,0.1,196.3
2026-05-22T08:57:38,2.0,1192,7941,0,1,99.99,6,0.1,196.3
2026-05-22T08:57:43,1.5,1191,7941,0,1,99.99,1,0.1,196.3
2026-05-22T08:57:48,1.9,1191,7941,0,1,99.99,6,0.1,196.3
2026-05-22T08:57:53,1.6,1192,7941,0,1,99.99,1,0.1,196.3
2026-05-22T08:57:59,1.9,1191,7941,0,1,99.99,7,0.1,196.3
2026-05-22T08:58:04,1.7,1194,7941,0,1,99.99,6,0.1,196.3
2026-05-22T08:58:09,1.8,1195,7941,0,1,99.99,1,0.1,196.3
2026-05-22T08:58:14,1.9,1191,7941,0,1,99.99,6,0.1,196.3
2026-05-22T08:58:20,1.7,1193,7941,0,1,99.99,1,0.1,196.3
2026-05-22T08:58:25,2.0,1189,7941,0,1,99.99,6,0.1,196.3
2026-05-22T08:58:30,1.9,1194,7941,0,1,99.99,1,0.1,196.3
2026-05-22T08:58:35,2.3,1199,7941,0,1,99.99,6,0.1,196.3
2026-05-22T08:58:41,1.7,1196,7941,0,1,99.99,1,0.1,196.3
2026-05-22T08:58:46,2.0,1189,7941,0,1,99.99,6,0.1,196.3
2026-05-22T08:58:51,1.5,1198,7941,0,1,99.99,1,0.1,196.3
2026-05-22T08:58:56,1.7,1192,7941,0,1,99.99,7,0.1,196.3
2026-05-22T08:59:02,1.8,1194,7941,0,1,99.99,1,0.1,196.3
2026-05-22T08:59:07,2.3,1191,7941,0,1,99.99,6,0.1,196.3
2026-05-22T08:59:12,1.6,1199,7941,0,1,99.99,1,0.1,196.3
2026-05-22T08:59:17,2.2,1201,7941,0,1,99.99,6,0.1,196.3
2026-05-22T08:59:23,1.7,1197,7941,0,1,99.99,1,0.1,196.3
2026-05-22T08:59:28,1.9,1198,7941,0,1,99.99,6,0.1,196.3
2026-05-22T08:59:33,1.7,1199,7941,0,1,99.99,1,0.1,196.3
2026-05-22T08:59:38,1.8,1198,7941,0,1,99.99,6,0.1,196.3
2026-05-22T08:59:44,1.7,1197,7941,0,1,99.99,3,0.1,196.3
2026-05-22T08:59:49,2.1,1195,7941,0,1,99.99,5,0.1,196.3
2026-05-22T08:59:54,1.9,1198,7941,0,1,99.99,7,0.1,196.3
2026-05-22T08:59:59,1.6,1202,7941,0,1,99.99,1,0.1,196.3
2026-05-22T09:00:05,4.1,1240,7941,0,1,99.99,6,0.1,196.3
2026-05-22T09:00:10,2.4,1236,7941,0,1,99.99,1,0.1,196.3
2026-05-22T09:00:16,3.1,1240,7941,0,1,99.99,6,0.1,196.3
2026-05-22T09:00:21,2.3,1230,7941,0,1,99.99,1,0.1,196.3
2026-05-22T09:00:26,2.6,1234,7941,0,1,99.99,6,0.1,196.3
2026-05-22T09:00:32,2.2,1226,7941,0,1,99.99,1,0.1,196.3
2026-05-22T09:00:37,2.6,1227,7941,0,1,99.99,6,0.1,196.3
2026-05-22T09:00:42,1.9,1228,7941,0,1,99.99,1,0.1,196.3
2026-05-22T09:00:48,2.0,1231,7941,0,1,99.99,6,0.1,196.3
2026-05-22T09:00:53,1.7,1237,7941,0,1,99.99,1,0.1,196.3
2026-05-22T09:00:58,1.9,1230,7941,0,1,99.99,7,0.1,196.3
2026-05-22T09:01:03,1.8,1234,7941,0,1,99.99,1,0.1,196.3
2026-05-22T09:01:09,2.0,1230,7941,0,1,99.99,6,0.1,196.3
2026-05-22T09:01:14,2.1,1231,7941,0,1,99.99,6,0.1,196.3
2026-05-22T09:01:19,1.7,1231,7941,0,1,99.99,1,0.1,196.3
2026-05-22T09:01:24,2.1,1237,7941,0,1,99.99,6,0.1,196.3
2026-05-22T09:01:30,1.5,1232,7941,0,1,99.99,1,0.1,196.3
2026-05-22T09:01:35,2.1,1229,7941,0,1,99.99,6,0.1,196.3
2026-05-22T09:01:40,1.7,1236,7941,0,1,99.99,1,0.1,196.3
2026-05-22T09:01:45,2.0,1231,7941,0,1,99.99,6,0.1,196.3
2026-05-22T09:01:51,1.7,1228,7941,0,1,99.99,1,0.1,196.3
2026-05-22T09:01:56,2.0,1235,7941,0,1,99.99,7,0.1,196.3
2026-05-22T09:02:01,1.6,1237,7941,0,1,99.99,1,0.1,196.3
2026-05-22T09:02:06,2.3,1238,7941,0,1,99.99,6,0.1,196.3
2026-05-22T09:02:12,1.7,1236,7941,0,1,99.99,1,0.1,196.3
2026-05-22T09:02:17,2.1,1231,7941,0,1,99.99,6,0.1,196.3
2026-05-22T09:02:22,1.8,1230,7941,0,1,99.99,1,0.1,196.3
2026-05-22T09:02:27,1.9,1231,7941,0,1,99.99,6,0.1,196.3
2026-05-22T09:02:33,1.6,1232,7941,0,1,99.99,1,0.1,196.3
2026-05-22T09:02:38,2.5,1229,7941,0,1,99.99,6,0.1,196.3
2026-05-22T09:02:43,1.6,1235,7941,0,1,99.99,1,0.1,196.3
2026-05-22T09:02:48,2.1,1227,7941,0,1,99.99,6,0.1,196.3
2026-05-22T09:02:54,1.7,1225,7941,2,0,99.99,6,0.1,196.3
2026-05-22T09:02:59,1.9,1229,7941,0,1,99.99,1,0.1,196.3
2026-05-22T09:03:04,2.1,1217,7941,0,1,99.99,6,0.1,196.3
2026-05-22T09:03:09,1.6,1224,7941,0,1,99.99,1,0.1,196.3
2026-05-22T09:03:15,2.0,1226,7941,0,1,99.99,6,0.1,196.3
2026-05-22T09:03:20,1.8,1229,7941,0,1,99.99,1,0.1,196.3
2026-05-22T09:03:25,2.3,1224,7941,0,1,99.99,6,0.1,196.3
2026-05-22T09:03:30,1.7,1228,7941,0,1,99.99,1,0.1,196.3
2026-05-22T09:03:36,2.1,1233,7941,0,1,99.99,6,0.1,196.3
2026-05-22T09:03:41,1.6,1228,7941,0,1,99.99,1,0.1,196.3
2026-05-22T09:03:46,2.0,1230,7941,0,1,99.99,6,0.1,196.3
2026-05-22T09:03:51,1.5,1230,7941,0,1,99.99,1,0.1,196.3
2026-05-22T09:03:57,2.0,1229,7941,0,1,99.99,7,0.1,196.3
2026-05-22T09:04:02,1.8,1230,7941,0,1,99.99,1,0.1,196.3
2026-05-22T09:04:07,2.4,1214,7941,0,1,99.99,6,0.1,196.3
2026-05-22T09:04:13,1.8,1207,7941,0,1,99.99,1,0.1,196.3
2026-05-22T09:04:18,2.2,1197,7941,0,1,99.99,6,0.1,196.3
2026-05-22T09:04:23,2.1,1185,7941,0,1,99.99,1,0.1,196.3
2026-05-22T09:04:28,1.9,1189,7941,0,1,99.99,6,0.1,196.3
2026-05-22T09:04:34,1.8,1193,7941,0,1,99.99,6,0.1,196.3
2026-05-22T09:04:39,2.5,1188,7941,0,1,99.99,1,0.1,196.3
2026-05-22T09:04:44,2.1,1187,7941,0,1,99.99,6,0.1,196.3
2026-05-22T09:04:49,1.9,1191,7941,0,1,99.99,1,0.1,196.3
2026-05-22T09:04:55,2.1,1193,7941,0,1,99.99,7,0.1,196.3
2026-05-22T09:05:00,1.8,1192,7941,0,1,99.99,1,0.1,196.3
2026-05-22T09:05:05,2.5,1183,7941,0,1,99.99,6,0.1,196.3
2026-05-22T09:05:11,1.9,1198,7941,0,1,99.99,1,0.1,196.3
2026-05-22T09:05:16,2.1,1190,7941,0,1,99.99,6,0.1,196.3
2026-05-22T09:05:21,1.6,1190,7941,0,1,99.99,1,0.1,196.3
2026-05-22T09:05:26,2.1,1190,7941,0,1,99.99,6,0.1,196.3
2026-05-22T09:05:32,1.6,1193,7941,0,1,99.99,1,0.1,196.3
2026-05-22T09:05:37,2.0,1188,7941,0,1,99.99,6,0.1,196.3
2026-05-22T09:05:42,1.6,1190,7941,0,1,99.99,1,0.1,196.3
2026-05-22T09:05:47,2.0,1187,7941,0,1,99.99,6,0.1,196.3
2026-05-22T09:05:53,1.7,1190,7941,0,1,99.99,1,0.1,196.3
2026-05-22T09:05:58,1.9,1189,7941,0,1,99.99,7,0.1,196.3
2026-05-22T09:06:03,1.6,1198,7941,0,1,99.99,1,0.1,196.3
2026-05-22T09:06:08,2.3,1195,7941,0,1,99.99,6,0.1,196.3
2026-05-22T09:06:14,1.8,1191,7941,0,1,99.99,6,0.1,196.3
2026-05-22T09:06:19,2.2,1191,7941,0,1,99.99,1,0.1,196.3
2026-05-22T09:06:24,2.1,1186,7941,0,1,99.99,6,0.1,196.3
2026-05-22T09:06:30,1.7,1185,7941,0,1,99.99,1,0.1,196.3
2026-05-22T09:06:35,2.3,1190,7941,0,1,99.99,6,0.1,196.3
2026-05-22T09:06:40,1.7,1189,7941,0,1,99.99,1,0.1,196.3
2026-05-22T09:06:45,2.0,1187,7941,0,1,99.99,6,0.1,196.3
2026-05-22T09:06:51,1.7,1191,7941,0,1,99.99,1,0.1,196.3
2026-05-22T09:06:56,1.9,1191,7941,0,1,99.99,7,0.1,196.3
2026-05-22T09:07:01,1.6,1186,7941,0,1,99.99,1,0.1,196.3
2026-05-22T09:07:06,2.2,1182,7941,0,1,99.99,6,0.1,196.3
2026-05-22T09:07:12,1.8,1191,7941,0,1,99.99,1,0.1,196.3
2026-05-22T09:07:17,2.4,1188,7941,0,1,99.99,6,0.1,196.3
2026-05-22T09:07:22,1.7,1197,7941,0,1,99.99,1,0.1,196.3
2026-05-22T09:07:27,1.9,1194,7941,0,1,99.99,6,0.1,196.3
2026-05-22T09:07:33,1.8,1196,7941,0,1,99.99,1,0.1,196.3
2026-05-22T09:07:38,2.0,1195,7941,0,1,99.99,6,0.1,196.3
2026-05-22T09:07:43,1.7,1196,7941,0,1,99.99,1,0.1,196.3
2026-05-22T09:07:48,1.8,1196,7941,0,1,99.99,6,0.1,196.3
2026-05-22T09:07:54,1.7,1197,7941,0,1,99.99,6,0.1,196.3
2026-05-22T09:07:59,1.9,1191,7941,0,1,99.99,1,0.1,196.3
2026-05-22T09:08:04,1.9,1202,7941,0,1,99.99,6,0.1,196.3
2026-05-22T09:08:09,1.9,1203,7941,0,1,99.99,1,0.1,196.3
2026-05-22T09:08:15,2.0,1196,7941,0,1,99.99,6,0.1,196.3
2026-05-22T09:08:20,1.7,1196,7941,0,1,99.99,1,0.1,196.3
2026-05-22T09:08:25,1.9,1192,7941,0,1,99.99,6,0.1,196.3
2026-05-22T09:08:30,1.5,1195,7941,0,1,99.99,1,0.1,196.3
2026-05-22T09:08:36,2.7,1192,7941,0,1,99.99,6,0.1,196.3
2026-05-22T09:08:41,1.5,1194,7941,0,1,99.99,1,0.1,196.3
2026-05-22T09:08:46,1.9,1193,7941,0,1,99.99,6,0.1,196.3
2026-05-22T09:08:51,1.9,1203,7941,0,1,99.99,1,0.1,196.3
2026-05-22T09:08:57,2.0,1196,7941,0,1,99.99,7,0.1,196.3
2026-05-22T09:09:02,1.6,1195,7941,0,1,99.99,1,0.1,196.3
2026-05-22T09:09:07,2.9,1198,7941,0,1,99.99,6,0.1,196.3
2026-05-22T09:09:13,1.8,1202,7941,0,1,99.99,1,0.1,196.3
2026-05-22T09:09:18,2.0,1197,7941,0,1,99.99,6,0.1,196.3
2026-05-22T09:09:23,3.4,1192,7941,0,1,99.99,1,0.1,196.3
2026-05-22T09:09:28,4.1,1197,7941,0,1,99.99,6,0.1,196.3
2026-05-22T09:09:34,4.5,1195,7941,0,1,99.99,6,0.1,196.3
2026-05-22T09:09:39,4.6,1195,7941,0,1,99.99,1,0.1,196.3
2026-05-22T09:09:44,5.1,1195,7941,0,1,99.99,6,0.1,196.3
2026-05-22T09:09:50,2.4,1194,7941,0,1,99.99,1,0.1,196.3
2026-05-22T09:09:55,2.0,1194,7941,0,1,99.99,7,0.1,196.3
2026-05-22T09:10:00,1.6,1199,7941,0,1,99.99,1,0.1,196.3
2026-05-22T09:10:05,2.5,1195,7941,0,1,99.99,6,0.1,196.3
2026-05-22T09:10:11,2.3,1200,7941,0,1,99.99,1,0.1,196.3
2026-05-22T09:10:16,2.6,1196,7941,0,1,99.99,6,0.1,196.3
2026-05-22T09:10:21,2.0,1204,7941,0,1,99.99,1,0.1,196.3
2026-05-22T09:10:27,2.2,1196,7941,0,1,99.99,6,0.1,196.3
2026-05-22T09:10:32,1.7,1200,7941,0,1,99.99,1,0.1,196.3
2026-05-22T09:10:37,2.3,1196,7941,0,1,99.99,6,0.1,196.3
2026-05-22T09:10:42,1.5,1200,7941,0,1,99.99,1,0.1,196.3
2026-05-22T09:10:48,2.1,1197,7941,0,1,99.99,6,0.1,196.3
2026-05-22T09:10:53,1.7,1193,7941,0,1,99.99,1,0.1,196.3
2026-05-22T09:10:58,1.9,1199,7941,0,1,99.99,7,0.1,196.3
2026-05-22T09:11:03,1.9,1200,7941,0,1,99.99,1,0.1,196.3
2026-05-22T09:11:09,2.0,1197,7941,0,1,99.99,6,0.1,196.3
2026-05-22T09:11:14,2.2,1193,7941,0,1,99.99,6,0.1,196.3
2026-05-22T09:11:19,1.7,1199,7941,0,1,99.99,1,0.1,196.3
2026-05-22T09:11:24,2.0,1203,7941,0,1,99.99,6,0.1,196.3
2026-05-22T09:11:30,1.8,1199,7941,0,1,99.99,1,0.1,196.3
2026-05-22T09:11:35,2.0,1200,7941,0,1,99.99,6,0.1,196.3
2026-05-22T09:11:40,1.6,1197,7941,0,1,99.99,1,0.1,196.3
2026-05-22T09:11:45,2.1,1196,7941,0,1,99.99,6,0.1,196.3
2026-05-22T09:11:51,1.5,1201,7941,0,1,99.99,1,0.1,196.3
2026-05-22T09:11:56,1.8,1201,7941,0,1,99.99,7,0.1,196.3
2026-05-22T09:12:01,1.8,1203,7941,0,1,99.99,1,0.1,196.3
2026-05-22T09:12:07,2.5,1196,7941,0,1,99.99,6,0.1,196.3
2026-05-22T09:12:12,1.7,1194,7941,0,1,99.99,1,0.1,196.3
2026-05-22T09:12:17,2.0,1199,7941,0,1,99.99,6,0.1,196.3
2026-05-22T09:12:22,2.0,1190,7941,0,1,99.99,1,0.1,196.3
2026-05-22T09:12:28,1.8,1201,7941,0,1,99.99,6,0.1,196.3
2026-05-22T09:12:33,1.7,1201,7941,0,1,99.99,1,0.1,196.3
2026-05-22T09:12:38,2.4,1201,7941,0,1,99.99,6,0.1,196.3
2026-05-22T09:12:43,1.5,1185,7941,0,1,99.99,1,0.1,196.3
2026-05-22T09:12:49,2.0,1188,7941,0,1,99.99,6,0.1,196.3
2026-05-22T09:12:54,1.8,1192,7941,0,1,99.99,6,0.1,196.3
2026-05-22T09:12:59,1.6,1194,7941,0,1,99.99,1,0.1,196.3
2026-05-22T09:13:04,1.9,1186,7941,0,1,99.99,6,0.1,196.3
2026-05-22T09:13:10,1.5,1189,7941,0,1,99.99,1,0.1,196.3
2026-05-22T09:13:15,1.9,1193,7941,0,1,99.99,6,0.1,196.3
2026-05-22T09:13:20,1.6,1199,7941,0,1,99.99,1,0.1,196.3
2026-05-22T09:13:25,2.0,1199,7941,0,1,99.99,6,0.1,196.3
2026-05-22T09:13:31,1.6,1193,7941,0,1,99.99,1,0.1,196.3
2026-05-22T09:13:36,1.8,1193,7941,0,1,99.99,6,0.1,196.3
2026-05-22T09:13:41,1.6,1192,7941,0,1,99.99,1,0.1,196.3
2026-05-22T09:13:46,1.8,1189,7941,0,1,99.99,6,0.1,196.3
2026-05-22T09:13:51,1.5,1193,7941,0,1,99.99,1,0.1,196.3
2026-05-22T09:13:57,1.8,1193,7941,0,1,99.99,7,0.1,196.3
2026-05-22T09:14:02,1.5,1194,7941,0,1,99.99,1,0.1,196.3
2026-05-22T09:14:07,2.2,1189,7941,0,1,99.99,6,0.1,196.3
2026-05-22T09:14:12,1.5,1199,7941,0,1,99.99,1,0.1,196.3
2026-05-22T09:14:18,2.1,1201,7941,0,1,99.99,6,0.1,196.3
2026-05-22T09:14:23,1.6,1194,7941,0,1,99.99,1,0.1,196.3
2026-05-22T09:14:28,1.9,1198,7941,0,1,99.99,6,0.1,196.3
2026-05-22T09:14:33,1.5,1197,7941,0,1,99.99,1,0.1,196.3
2026-05-22T09:14:39,2.1,1200,7941,0,1,99.99,6,0.1,196.3
2026-05-22T09:14:44,1.6,1203,7941,1,1,99.99,6,0.1,196.3
2026-05-22T09:14:49,1.6,1202,7941,0,1,99.99,1,0.1,196.3
2026-05-22T09:14:54,1.9,1195,7941,0,1,99.99,7,0.1,196.3
2026-05-22T09:14:59,1.5,1201,7941,0,1,99.99,1,0.1,196.3
2026-05-22T09:15:05,2.5,1197,7941,0,1,99.99,6,0.1,196.3
2026-05-22T09:15:10,2.1,1199,7941,0,1,99.99,1,0.1,196.3
2026-05-22T09:15:15,1.9,1195,7941,0,1,99.99,6,0.1,196.3
2026-05-22T09:15:21,1.7,1198,7941,0,1,99.99,1,0.1,196.3
2026-05-22T09:15:26,1.7,1204,7941,0,1,99.99,6,0.1,196.3
2026-05-22T09:15:31,1.6,1198,7941,0,1,99.99,1,0.1,196.3
2026-05-22T09:15:36,1.8,1194,7941,0,1,99.99,6,0.1,196.3
2026-05-22T09:15:41,1.4,1195,7941,0,1,99.99,1,0.1,196.3
2026-05-22T09:15:47,2.0,1192,7941,0,1,99.99,6,0.1,196.3
2026-05-22T09:15:52,1.6,1200,7941,0,1,99.99,1,0.1,196.3
2026-05-22T09:15:57,1.8,1197,7941,0,1,99.99,7,0.1,196.3
2026-05-22T09:16:02,1.6,1197,7941,0,1,99.99,1,0.1,196.3
2026-05-22T09:16:08,1.9,1199,7941,0,1,99.99,6,0.1,196.3
2026-05-22T09:16:13,1.6,1197,7941,0,1,99.99,1,0.1,196.3
2026-05-22T09:16:18,2.2,1195,7941,0,1,99.99,6,0.1,196.3
2026-05-22T09:16:23,1.5,1194,7941,0,1,99.99,1,0.1,196.3
2026-05-22T09:16:29,1.9,1205,7941,0,1,99.99,6,0.1,196.3
2026-05-22T09:16:34,1.8,1199,7941,0,1,99.99,6,0.1,196.3
2026-05-22T09:16:39,1.8,1201,7941,0,1,99.99,1,0.1,196.3
2026-05-22T09:16:44,1.9,1188,7941,0,1,99.99,6,0.1,196.3
2026-05-22T09:16:50,1.5,1191,7941,0,1,99.99,1,0.1,196.3
2026-05-22T09:16:55,1.9,1187,7941,0,1,99.99,7,0.1,196.3
2026-05-22T09:17:00,1.5,1185,7941,0,1,99.99,1,0.1,196.3
2026-05-22T09:17:05,1.9,1187,7941,0,1,99.99,6,0.1,196.3
2026-05-22T09:17:10,1.8,1190,7941,0,1,99.99,1,0.1,196.3
2026-05-22T09:17:16,2.0,1191,7941,0,1,99.99,6,0.1,196.3
2026-05-22T09:17:21,1.4,1195,7941,0,1,99.99,1,0.1,196.3
2026-05-22T09:17:26,1.9,1190,7941,0,1,99.99,6,0.1,196.3
2026-05-22T09:17:31,1.6,1191,7941,0,1,99.99,1,0.1,196.3
2026-05-22T09:17:37,2.0,1199,7941,0,1,99.99,6,0.1,196.3
2026-05-22T09:17:42,1.5,1194,7941,0,1,99.99,1,0.1,196.3
2026-05-22T09:17:47,2.1,1197,7941,0,1,99.99,6,0.1,196.3
2026-05-22T09:17:52,2.5,1202,7941,0,1,99.99,1,0.1,196.3
2026-05-22T09:17:58,2.0,1201,7941,0,1,99.99,7,0.1,196.3
2026-05-22T09:18:03,1.5,1197,7941,0,1,99.99,1,0.1,196.3
2026-05-22T09:18:08,1.9,1191,7941,0,1,99.99,6,0.1,196.3
2026-05-22T09:18:13,1.6,1191,7941,0,1,99.99,1,0.1,196.3
2026-05-22T09:18:19,1.9,1191,7941,0,1,99.99,6,0.1,196.3
2026-05-22T09:18:24,1.8,1201,7941,0,1,99.99,6,0.1,196.3
2026-05-22T09:18:29,1.8,1194,7941,0,1,99.99,1,0.1,196.3
2026-05-22T09:18:34,1.8,1191,7941,0,1,99.99,6,0.1,196.3
2026-05-22T09:18:39,2.1,1191,7941,0,1,99.99,1,0.1,196.3
2026-05-22T09:18:45,1.8,1191,7941,0,1,99.99,6,0.1,196.3
2026-05-22T09:18:50,1.5,1195,7941,0,1,99.99,1,0.1,196.3
2026-05-22T09:18:55,1.8,1197,7941,0,1,99.99,7,0.1,196.3
2026-05-22T09:19:00,1.4,1194,7941,0,1,99.99,1,0.1,196.3
2026-05-22T09:19:06,2.1,1196,7941,0,1,99.99,6,0.1,196.3
2026-05-22T09:19:11,1.5,1201,7941,0,1,99.99,1,0.1,196.3
2026-05-22T09:19:16,2.0,1190,7941,0,1,99.99,6,0.1,196.3
2026-05-22T09:19:21,1.5,1199,7941,0,1,99.99,1,0.1,196.3
2026-05-22T09:19:27,1.7,1197,7941,0,1,99.99,6,0.1,196.3
2026-05-22T09:19:32,1.5,1201,7941,0,1,99.99,1,0.1,196.3
2026-05-22T09:19:37,1.7,1198,7941,0,1,99.99,6,0.1,196.3
2026-05-22T09:19:42,1.3,1200,7941,0,1,99.99,1,0.1,196.3
2026-05-22T09:19:47,1.9,1192,7941,0,1,99.99,6,0.1,196.3
2026-05-22T09:19:53,1.5,1196,7941,0,1,99.99,1,0.1,196.3
2026-05-22T09:19:58,1.5,1195,7941,0,1,99.99,7,0.1,196.3
2026-05-22T09:20:03,1.6,1198,7941,0,1,99.99,1,0.1,196.3
2026-05-22T09:20:08,2.7,1199,7941,0,1,99.99,6,0.1,196.3
2026-05-22T09:20:14,1.9,1197,7941,0,1,99.99,6,0.1,196.3
2026-05-22T09:20:19,2.2,1193,7941,0,1,99.99,1,0.1,196.3
2026-05-22T09:20:24,1.9,1192,7941,0,1,99.99,6,0.1,196.3
2026-05-22T09:20:29,1.4,1195,7941,0,1,99.99,1,0.1,196.3
2026-05-22T09:20:35,1.8,1195,7941,0,1,99.99,6,0.1,196.3
2026-05-22T09:20:40,2.0,1201,7941,0,1,99.99,1,0.1,196.3
2026-05-22T09:20:45,1.7,1193,7941,0,1,99.99,6,0.1,196.3
2026-05-22T09:20:50,1.5,1193,7941,0,1,99.99,1,0.1,196.3
2026-05-22T09:20:56,1.7,1194,7941,0,1,99.99,7,0.1,196.3
2026-05-22T09:21:01,1.6,1200,7941,0,1,99.99,1,0.1,196.3
2026-05-22T09:21:06,2.0,1195,7941,0,1,99.99,6,0.1,196.3
2026-05-22T09:21:11,1.4,1192,7941,0,1,99.99,1,0.1,196.3
2026-05-22T09:21:17,1.8,1193,7941,0,1,99.99,6,0.1,196.3
2026-05-22T09:21:22,1.6,1201,7941,0,1,99.99,1,0.1,196.3
2026-05-22T09:21:27,1.6,1193,7941,0,1,99.99,6,0.1,196.3
2026-05-22T09:21:32,1.7,1195,7941,0,1,99.99,1,0.1,196.3
2026-05-22T09:21:37,1.7,1201,7941,0,1,99.99,6,0.1,196.3
2026-05-22T09:21:43,1.7,1196,7941,0,1,99.99,1,0.1,196.3
2026-05-22T09:21:48,1.7,1198,7941,0,1,99.99,6,0.1,196.3
2026-05-22T09:21:53,1.5,1195,7941,0,1,99.99,1,0.1,196.3
2026-05-22T09:21:58,1.7,1198,7941,0,1,99.99,7,0.1,196.3
2026-05-22T09:22:03,1.5,1203,7941,0,1,99.99,1,0.1,196.3
2026-05-22T09:22:09,1.9,1208,7941,0,1,99.99,6,0.1,196.3
2026-05-22T09:22:14,1.7,1205,7941,0,1,99.99,6,0.1,196.3
2026-05-22T09:22:19,1.7,1200,7941,0,1,99.99,1,0.1,196.3
2026-05-22T09:22:24,1.8,1197,7941,0,1,99.99,6,0.1,196.3
2026-05-22T09:22:30,1.6,1193,7941,0,1,99.99,1,0.1,196.3
2026-05-22T09:22:35,1.8,1199,7941,0,1,99.99,6,0.1,196.3
2026-05-22T09:22:40,1.9,1198,7941,0,1,99.99,1,0.1,196.3
2026-05-22T09:22:45,1.7,1199,7941,0,1,99.99,6,0.1,196.3
2026-05-22T09:22:51,1.4,1203,7941,0,1,99.99,1,0.1,196.3
2026-05-22T09:22:56,1.7,1198,7941,0,1,99.99,7,0.1,196.3
2026-05-22T09:23:01,1.6,1203,7941,0,1,99.99,1,0.1,196.3
2026-05-22T09:23:06,1.9,1198,7941,0,1,99.99,6,0.1,196.3
2026-05-22T09:23:11,1.5,1195,7941,0,1,99.99,1,0.1,196.3
2026-05-22T09:23:17,1.7,1194,7941,0,1,99.99,6,0.1,196.3
2026-05-22T09:23:22,1.4,1200,7941,0,1,99.99,1,0.1,196.3
2026-05-22T09:23:27,1.8,1202,7941,0,1,99.99,6,0.1,196.3
2026-05-22T09:23:32,1.5,1200,7941,0,1,99.99,1,0.1,196.3
2026-05-22T09:23:38,1.7,1204,7941,0,1,99.99,6,0.1,196.3
2026-05-22T09:23:43,1.5,1200,7941,0,1,99.99,1,0.1,196.3
2026-05-22T09:23:48,1.7,1197,7941,0,1,99.99,6,0.1,196.3
2026-05-22T09:23:53,1.4,1201,7941,0,1,99.99,1,0.1,196.3
2026-05-22T09:23:58,1.7,1195,7941,0,1,99.99,7,0.1,196.3
2026-05-22T09:24:04,1.7,1201,7941,0,1,99.99,3,0.1,196.3
2026-05-22T09:24:09,2.0,1190,7941,0,1,99.99,5,0.1,196.3
2026-05-22T09:24:14,1.6,1194,7941,0,1,99.99,6,0.1,196.3
2026-05-22T09:24:19,1.6,1200,7941,0,1,99.99,1,0.1,196.3
2026-05-22T09:24:24,1.7,1195,7941,0,1,99.99,6,0.1,196.3
2026-05-22T09:24:30,1.5,1199,7941,0,1,99.99,1,0.1,196.3
2026-05-22T09:24:35,1.7,1192,7941,0,1,99.99,6,0.1,196.3
2026-05-22T09:24:40,1.8,1197,7941,0,1,99.99,1,0.1,196.3
2026-05-22T09:24:45,1.9,1193,7941,0,1,99.99,6,0.1,196.3
2026-05-22T09:24:51,1.6,1193,7941,0,1,99.99,1,0.1,196.3
2026-05-22T09:24:56,1.9,1195,7941,0,1,99.99,7,0.1,196.3
2026-05-22T09:25:01,1.6,1190,7941,0,1,99.99,1,0.1,196.3
2026-05-22T09:25:07,2.7,1189,7941,0,1,99.99,6,0.1,196.3
2026-05-22T09:25:12,1.9,1195,7941,0,1,99.99,1,0.1,196.3
2026-05-22T09:25:17,2.0,1195,7941,0,1,99.99,6,0.1,196.3
2026-05-22T09:25:22,1.5,1196,7941,0,1,99.99,1,0.1,196.3
2026-05-22T09:25:28,1.8,1195,7941,0,1,99.99,6,0.1,196.3
2026-05-22T09:25:33,1.7,1199,7941,0,1,99.99,1,0.1,196.3
2026-05-22T09:25:38,1.8,1198,7941,0,1,99.99,6,0.1,196.3
2026-05-22T09:25:43,1.6,1200,7941,0,1,99.99,1,0.1,196.3
2026-05-22T09:25:48,2.0,1194,7941,0,1,99.99,6,0.1,196.3
2026-05-22T09:25:54,1.7,1194,7941,1,1,99.99,6,0.1,196.3
2026-05-22T09:25:59,2.1,1195,7941,0,1,99.99,1,0.1,196.3
2026-05-22T09:26:04,1.9,1188,7941,0,1,99.99,6,0.1,196.3
2026-05-22T09:26:09,1.6,1193,7941,0,1,99.99,1,0.1,196.3
2026-05-22T09:26:15,2.0,1196,7941,0,1,99.99,6,0.1,196.3
2026-05-22T09:26:20,1.8,1194,7941,0,1,99.99,1,0.1,196.3
2026-05-22T09:26:25,1.8,1195,7941,0,1,99.99,6,0.1,196.3
2026-05-22T09:26:30,1.6,1202,7941,0,1,99.99,1,0.1,196.3
2026-05-22T09:26:36,2.3,1196,7941,0,1,99.99,6,0.1,196.3
2026-05-22T09:26:41,1.6,1199,7941,0,1,99.99,1,0.1,196.3
2026-05-22T09:26:46,1.8,1204,7941,0,1,99.99,6,0.1,196.3
2026-05-22T09:26:51,1.5,1203,7941,0,1,99.99,1,0.1,196.3
2026-05-22T09:26:57,2.1,1193,7941,0,1,99.99,7,0.1,196.3
2026-05-22T09:27:02,1.6,1198,7941,0,1,99.99,1,0.1,196.3
2026-05-22T09:27:07,2.2,1189,7941,0,1,99.99,6,0.1,196.3
2026-05-22T09:27:13,1.8,1197,7941,0,1,99.99,1,0.1,196.3
2026-05-22T09:27:18,2.2,1197,7941,0,1,99.99,6,0.1,196.3
2026-05-22T09:27:23,1.8,1198,7941,0,1,99.99,1,0.1,196.3
2026-05-22T09:27:28,2.2,1200,7941,0,1,99.99,6,0.1,196.3
2026-05-22T09:27:34,1.9,1192,7941,0,1,99.99,6,0.1,196.3
2026-05-22T09:27:39,2.0,1193,7941,0,1,99.99,1,0.1,196.3
2026-05-22T09:27:44,2.2,1192,7941,0,1,99.99,6,0.1,196.3
2026-05-22T09:27:49,1.7,1197,7941,0,1,99.99,1,0.1,196.3
2026-05-22T09:27:55,2.1,1193,7941,0,1,99.99,7,0.1,196.3
2026-05-22T09:28:00,1.8,1196,7941,0,1,99.99,1,0.1,196.3
2026-05-22T09:28:05,2.2,1200,7941,0,1,99.99,6,0.1,196.3
2026-05-22T09:28:10,1.7,1206,7941,0,1,99.99,1,0.1,196.3
2026-05-22T09:28:16,2.1,1205,7941,0,1,99.99,6,0.1,196.3
2026-05-22T09:28:21,1.7,1203,7941,0,1,99.99,1,0.1,196.3
2026-05-22T09:28:26,2.2,1199,7941,0,1,99.99,6,0.1,196.3
2026-05-22T09:28:32,1.6,1203,7941,0,1,99.99,1,0.1,196.3
2026-05-22T09:28:37,2.6,1199,7941,0,1,99.99,6,0.1,196.3
2026-05-22T09:28:42,1.4,1193,7941,0,1,99.99,1,0.1,196.3
2026-05-22T09:28:47,2.0,1188,7941,0,1,99.99,6,0.1,196.3
2026-05-22T09:28:52,1.4,1187,7941,0,1,99.99,1,0.1,196.3
2026-05-22T09:28:58,1.8,1193,7941,0,1,99.99,7,0.1,196.3
2026-05-22T09:29:03,1.8,1190,7941,0,1,99.99,1,0.1,196.3
2026-05-22T09:29:08,2.0,1188,7941,0,1,99.99,6,0.1,196.3
2026-05-22T09:29:14,1.9,1195,7941,0,1,99.99,3,0.1,196.3
2026-05-22T09:29:19,2.2,1189,7941,0,1,99.99,5,0.1,196.3
2026-05-22T09:29:24,2.0,1193,7941,0,1,99.99,6,0.1,196.3
2026-05-22T09:29:29,1.6,1194,7941,0,1,99.99,1,0.1,196.3
2026-05-22T09:29:35,2.1,1194,7941,0,1,99.99,6,0.1,196.3
2026-05-22T09:29:40,1.7,1191,7941,0,1,99.99,1,0.1,196.3
2026-05-22T09:29:45,2.1,1186,7941,0,1,99.99,6,0.1,196.3
2026-05-22T09:29:50,1.8,1190,7941,0,1,99.99,1,0.1,196.3
2026-05-22T09:29:56,1.8,1186,7941,0,1,99.99,7,0.1,196.3
2026-05-22T09:30:01,1.9,1192,7941,0,1,99.99,1,0.1,196.3
2026-05-22T09:30:06,2.9,1185,7941,0,1,99.99,6,0.1,196.3
2026-05-22T09:30:12,2.4,1186,7941,0,1,99.99,1,0.1,196.3
2026-05-22T09:30:17,2.8,1189,7941,0,1,99.99,6,0.1,196.3
2026-05-22T09:30:23,2.2,1195,7941,0,1,99.99,1,0.1,196.3
2026-05-22T09:30:28,2.4,1193,7941,0,1,99.99,6,0.1,196.3
2026-05-22T09:30:33,1.6,1193,7941,0,1,99.99,1,0.1,196.3
2026-05-22T09:30:39,2.4,1186,7941,0,1,99.99,6,0.1,196.3
2026-05-22T09:30:44,1.7,1191,7941,0,1,99.99,6,0.1,196.3
2026-05-22T09:30:49,2.1,1193,7941,0,1,99.99,1,0.1,196.3
2026-05-22T09:30:54,1.9,1186,7941,0,1,99.99,6,0.1,196.3
2026-05-22T09:31:00,1.5,1193,7941,0,1,99.99,1,0.1,196.3
2026-05-22T09:31:05,2.2,1189,7941,0,1,99.99,6,0.1,196.3
2026-05-22T09:31:10,2.0,1192,7941,0,1,99.99,1,0.1,196.3
2026-05-22T09:31:15,2.0,1191,7941,0,1,99.99,6,0.1,196.3
2026-05-22T09:31:21,1.7,1190,7941,0,1,99.99,1,0.1,196.3
2026-05-22T09:31:26,2.0,1193,7941,0,1,99.99,6,0.1,196.3
2026-05-22T09:31:31,1.6,1191,7941,0,1,99.99,1,0.1,196.3
2026-05-22T09:31:36,2.2,1193,7941,0,1,99.99,6,0.1,196.3
2026-05-22T09:31:42,1.9,1190,7941,0,1,99.99,1,0.1,196.3
2026-05-22T09:31:47,2.2,1196,7941,0,1,99.99,6,0.1,196.3
2026-05-22T09:31:52,1.5,1193,7941,0,1,99.99,1,0.1,196.3
2026-05-22T09:31:57,1.9,1194,7941,0,1,99.99,7,0.1,196.3
2026-05-22T09:32:03,1.7,1191,7941,0,1,99.99,1,0.1,196.3
2026-05-22T09:32:08,2.2,1190,7941,0,1,99.99,6,0.1,196.3
2026-05-22T09:32:13,1.8,1194,7941,0,1,99.99,1,0.1,196.3
2026-05-22T09:32:19,2.2,1190,7941,0,1,99.99,6,0.1,196.3
2026-05-22T09:32:24,1.9,1199,7941,0,1,99.99,6,0.1,196.3
2026-05-22T09:32:29,1.9,1199,7941,0,1,99.99,1,0.1,196.3
2026-05-22T09:32:34,1.8,1194,7941,0,1,99.99,6,0.1,196.3
2026-05-22T09:32:40,2.0,1200,7941,0,1,99.99,1,0.1,196.3
2026-05-22T09:32:45,1.9,1202,7941,0,1,99.99,6,0.1,196.3
2026-05-22T09:32:50,1.9,1201,7941,0,1,99.99,1,0.1,196.3
2026-05-22T09:32:55,2.0,1195,7941,0,1,99.99,7,0.1,196.3
2026-05-22T09:33:01,1.9,1194,7941,0,1,99.99,1,0.1,196.3
2026-05-22T09:33:06,2.4,1195,7941,0,1,99.99,6,0.1,196.3
2026-05-22T09:33:11,1.7,1198,7941,0,1,99.99,1,0.1,196.3
2026-05-22T09:33:16,2.0,1200,7941,0,1,99.99,6,0.1,196.3
2026-05-22T09:33:22,1.6,1199,7941,0,1,99.99,1,0.1,196.3
2026-05-22T09:33:27,1.9,1189,7941,0,1,99.99,6,0.1,196.3
2026-05-22T09:33:32,1.9,1196,7941,0,1,99.99,1,0.1,196.3
2026-05-22T09:33:37,2.1,1189,7941,0,1,99.99,6,0.1,196.3
2026-05-22T09:33:43,1.5,1193,7941,0,1,99.99,1,0.1,196.3
2026-05-22T09:33:48,1.9,1193,7941,0,1,99.99,6,0.1,196.3
2026-05-22T09:33:53,1.9,1198,7941,0,1,99.99,1,0.1,196.3
2026-05-22T09:33:58,1.9,1194,7941,0,1,99.99,7,0.1,196.3
2026-05-22T09:34:04,2.1,1203,7941,0,1,99.99,6,0.1,196.3
2026-05-22T09:34:09,2.2,1194,7941,0,1,99.99,1,0.1,196.3
2026-05-22T09:34:14,2.0,1197,7941,0,1,99.99,6,0.1,196.3
2026-05-22T09:34:20,1.9,1205,7941,0,1,99.99,1,0.1,196.3
2026-05-22T09:34:25,2.1,1203,7941,0,1,99.99,6,0.1,196.3
2026-05-22T09:34:30,1.7,1192,7941,0,1,99.99,1,0.1,196.3
2026-05-22T09:34:35,2.0,1192,7941,0,1,99.99,6,0.1,196.3
2026-05-22T09:34:41,2.0,1191,7941,0,1,99.99,1,0.1,196.3
2026-05-22T09:34:46,2.1,1199,7941,0,1,99.99,6,0.1,196.3
2026-05-22T09:34:51,1.8,1191,7941,0,1,99.99,1,0.1,196.3
2026-05-22T09:34:56,2.0,1198,7941,0,1,99.99,7,0.1,196.3
2026-05-22T09:35:02,1.9,1190,7941,0,1,99.99,1,0.1,196.3
2026-05-22T09:35:07,2.8,1186,7941,0,1,99.99,6,0.1,196.3
2026-05-22T09:35:13,1.9,1189,7941,0,1,99.99,1,0.1,196.3
2026-05-22T09:35:18,1.9,1187,7941,0,1,99.99,6,0.1,196.3
2026-05-22T09:35:23,1.6,1189,7941,0,1,99.99,1,0.1,196.3
2026-05-22T09:35:28,2.0,1193,7941,0,1,99.99,6,0.1,196.3
2026-05-22T09:35:34,2.0,1191,7941,0,1,99.99,6,0.1,196.3
2026-05-22T09:35:39,2.0,1190,7941,0,1,99.99,1,0.1,196.3
2026-05-22T09:35:44,1.9,1192,7941,0,1,99.99,6,0.1,196.3
2026-05-22T09:35:49,2.7,1211,7941,0,1,99.99,1,0.1,196.3
2026-05-22T09:35:55,2.0,1198,7941,0,1,99.99,7,0.1,196.3
2026-05-22T09:36:00,1.8,1206,7941,0,1,99.99,1,0.1,196.3
2026-05-22T09:36:05,2.1,1189,7941,0,1,99.99,6,0.1,196.3
2026-05-22T09:36:10,1.7,1193,7941,0,1,99.99,1,0.1,196.3
2026-05-22T09:36:16,2.3,1194,7941,0,1,99.99,6,0.1,196.3
2026-05-22T09:36:21,1.6,1190,7941,0,1,99.99,1,0.1,196.3
2026-05-22T09:36:26,2.1,1199,7941,0,1,99.99,6,0.1,196.3
2026-05-22T09:36:32,1.8,1202,7941,0,1,99.99,1,0.1,196.3
2026-05-22T09:36:37,2.4,1201,7941,0,1,99.99,6,0.1,196.3
2026-05-22T09:36:42,1.7,1192,7941,0,1,99.99,1,0.1,196.3
2026-05-22T09:36:47,2.0,1196,7941,0,1,99.99,6,0.1,196.3
2026-05-22T09:36:53,1.5,1195,7941,0,1,99.99,1,0.1,196.3
2026-05-22T09:36:58,1.8,1199,7941,0,1,99.99,7,0.1,196.3
2026-05-22T09:37:03,1.7,1196,7941,0,1,99.99,1,0.1,196.3
2026-05-22T09:37:08,2.0,1193,7941,0,1,99.99,6,0.1,196.3
2026-05-22T09:37:14,1.7,1193,7941,0,1,99.99,3,0.1,196.3
2026-05-22T09:37:19,2.3,1196,7941,0,1,99.99,5,0.1,196.3
2026-05-22T09:37:24,2.2,1192,7941,0,1,99.99,6,0.1,196.3
2026-05-22T09:37:29,1.8,1196,7941,0,1,99.99,1,0.1,196.3
2026-05-22T09:37:35,2.1,1189,7941,0,1,99.99,6,0.1,196.3
2026-05-22T09:37:40,1.7,1200,7941,0,1,99.99,1,0.1,196.3
2026-05-22T09:37:45,2.0,1197,7941,0,1,99.99,6,0.1,196.3
2026-05-22T09:37:50,1.4,1197,7941,0,1,99.99,1,0.1,196.3
2026-05-22T09:37:56,2.0,1198,7941,0,1,99.99,7,0.1,196.3
2026-05-22T09:38:01,1.6,1199,7941,0,1,99.99,1,0.1,196.3
2026-05-22T09:38:06,2.0,1194,7941,0,1,99.99,6,0.1,196.3
2026-05-22T09:38:11,1.7,1198,7941,0,1,99.99,1,0.1,196.3
2026-05-22T09:38:17,2.0,1197,7941,0,1,99.99,6,0.1,196.3
2026-05-22T09:38:22,1.5,1192,7941,0,1,99.99,1,0.1,196.3
2026-05-22T09:38:27,2.1,1192,7941,0,1,99.99,6,0.1,196.3
2026-05-22T09:38:32,1.7,1197,7941,0,1,99.99,1,0.1,196.3
2026-05-22T09:38:38,2.5,1202,7941,0,1,99.99,6,0.1,196.3
2026-05-22T09:38:43,1.6,1201,7941,0,1,99.99,1,0.1,196.3
2026-05-22T09:38:48,1.8,1201,7941,0,1,99.99,6,0.1,196.3
2026-05-22T09:38:53,1.6,1198,7941,0,1,99.99,1,0.1,196.3
2026-05-22T09:38:58,1.8,1207,7941,0,1,99.99,7,0.1,196.3
2026-05-22T09:39:04,1.9,1198,7941,0,1,99.99,6,0.1,196.3
2026-05-22T09:39:09,2.6,1201,7941,0,1,99.99,1,0.1,196.3
2026-05-22T09:39:14,2.0,1202,7941,0,1,99.99,6,0.1,196.3
2026-05-22T09:39:20,1.7,1206,7941,0,1,99.99,1,0.1,196.3
2026-05-22T09:39:25,1.9,1207,7941,0,1,99.99,6,0.1,196.3
2026-05-22T09:39:30,1.6,1201,7941,0,1,99.99,1,0.1,196.3
2026-05-22T09:39:35,1.8,1205,7941,0,1,99.99,6,0.1,196.3
2026-05-22T09:39:41,1.5,1205,7941,0,1,99.99,1,0.1,196.3
2026-05-22T09:39:46,1.8,1204,7941,0,1,99.99,6,0.1,196.3
2026-05-22T09:39:51,1.5,1199,7941,0,1,99.99,1,0.1,196.3
2026-05-22T09:39:56,1.8,1204,7941,0,1,99.99,7,0.1,196.3
2026-05-22T09:40:02,1.5,1208,7941,0,1,99.99,1,0.1,196.3
2026-05-22T09:40:07,2.8,1209,7941,0,1,99.99,6,0.1,196.3
2026-05-22T09:40:12,1.8,1198,7941,0,1,99.99,1,0.1,196.3
2026-05-22T09:40:18,2.4,1206,7941,0,1,99.99,7,0.1,196.3
2026-05-22T09:40:23,1.8,1203,7941,0,1,99.99,1,0.1,196.3
2026-05-22T09:40:28,1.9,1205,7941,0,1,99.99,6,0.1,196.3
2026-05-22T09:40:33,1.5,1205,7941,0,1,99.99,1,0.1,196.3
2026-05-22T09:40:39,2.3,1206,7941,0,1,99.99,6,0.1,196.3
2026-05-22T09:40:44,1.8,1193,7941,0,1,99.99,6,0.1,196.3
2026-05-22T09:40:49,1.8,1196,7941,0,1,99.99,1,0.1,196.3
2026-05-22T09:40:54,1.7,1186,7941,0,1,99.99,6,0.1,196.3
2026-05-22T09:40:59,1.4,1185,7941,0,1,99.99,1,0.1,196.3
2026-05-22T09:41:05,1.8,1190,7941,0,1,99.99,6,0.1,196.3
2026-05-22T09:41:10,1.4,1189,7941,0,1,99.99,1,0.1,196.3
2026-05-22T09:41:15,1.7,1190,7941,0,1,99.99,6,0.1,196.3
2026-05-22T09:41:20,1.5,1194,7941,0,1,99.99,1,0.1,196.3
2026-05-22T09:41:26,1.7,1189,7941,0,1,99.99,6,0.1,196.3
2026-05-22T09:41:31,1.5,1191,7941,0,1,99.99,1,0.1,196.3
2026-05-22T09:41:36,1.8,1191,7941,0,1,99.99,6,0.1,196.3
2026-05-22T09:41:41,1.5,1191,7941,0,1,99.99,1,0.1,196.3
2026-05-22T09:41:46,1.8,1186,7941,0,1,99.99,6,0.1,196.3
2026-05-22T09:41:52,1.5,1189,7941,0,1,99.99,1,0.1,196.3
2026-05-22T09:41:57,2.0,1188,7941,0,1,99.99,7,0.1,196.3
2026-05-22T09:42:02,1.7,1188,7941,0,1,99.99,1,0.1,196.3
2026-05-22T09:42:07,1.8,1185,7941,0,1,99.99,6,0.1,196.3
2026-05-22T09:42:13,1.5,1189,7941,0,1,99.99,1,0.1,196.3
2026-05-22T09:42:18,1.9,1189,7941,0,1,99.99,6,0.1,196.3
2026-05-22T09:42:23,1.7,1199,7941,0,1,99.99,1,0.1,196.3
2026-05-22T09:42:28,1.9,1195,7941,0,1,99.99,6,0.1,196.3
2026-05-22T09:42:33,1.4,1196,7941,0,1,99.99,1,0.1,196.3
2026-05-22T09:42:39,2.0,1194,7941,0,1,99.99,6,0.1,196.3
2026-05-22T09:42:44,1.9,1190,7941,0,1,99.99,6,0.1,196.3
2026-05-22T09:42:49,1.4,1192,7941,0,1,99.99,1,0.1,196.3
2026-05-22T09:42:54,1.8,1193,7941,0,1,99.99,6,0.1,196.3
2026-05-22T09:43:00,1.6,1197,7941,0,1,99.99,1,0.1,196.3
2026-05-22T09:43:05,1.9,1192,7941,0,1,99.99,6,0.1,196.3
2026-05-22T09:43:10,1.4,1197,7941,0,1,99.99,1,0.1,196.3
2026-05-22T09:43:15,2.0,1190,7941,0,1,99.99,6,0.1,196.3
2026-05-22T09:43:20,1.4,1194,7941,0,1,99.99,1,0.1,196.3
2026-05-22T09:43:26,1.7,1191,7941,0,1,99.99,6,0.1,196.3
2026-05-22T09:43:31,1.4,1195,7941,0,1,99.99,1,0.1,196.3
2026-05-22T09:43:36,1.8,1197,7941,0,1,99.99,6,0.1,196.3
2026-05-22T09:43:41,1.7,1195,7941,0,1,99.99,1,0.1,196.3
2026-05-22T09:43:47,1.9,1188,7941,0,1,99.99,6,0.1,196.3
2026-05-22T09:43:52,1.8,1196,7941,0,1,99.99,1,0.1,196.3
2026-05-22T09:43:57,1.8,1195,7941,0,1,99.99,7,0.1,196.3
2026-05-22T09:44:02,1.7,1191,7941,0,1,99.99,1,0.1,196.3
2026-05-22T09:44:08,2.0,1192,7941,0,1,99.99,6,0.1,196.3
2026-05-22T09:44:13,1.5,1196,7941,0,1,99.99,1,0.1,196.3
2026-05-22T09:44:18,2.0,1196,7941,0,1,99.99,6,0.1,196.3
2026-05-22T09:44:23,1.5,1199,7941,0,1,99.99,1,0.1,196.3
2026-05-22T09:44:28,1.6,1199,7941,0,1,99.99,6,0.1,196.3
2026-05-22T09:44:34,1.5,1198,7941,0,1,99.99,6,0.1,196.3
2026-05-22T09:44:39,2.1,1204,7941,0,1,99.99,1,0.1,196.3
2026-05-22T09:44:44,2.0,1201,7941,0,1,99.99,6,0.1,196.3
2026-05-22T09:44:49,1.4,1200,7941,0,1,99.99,1,0.1,196.3
2026-05-22T09:44:55,1.7,1199,7941,0,1,99.99,6,0.1,196.3
2026-05-22T09:45:00,1.6,1202,7941,0,1,99.99,1,0.1,196.3
2026-05-22T09:45:05,2.2,1197,7941,0,1,99.99,6,0.1,196.3
2026-05-22T09:45:10,1.8,1200,7941,0,1,99.99,1,0.1,196.3
2026-05-22T09:45:16,1.9,1208,7941,0,1,99.99,6,0.1,196.3
2026-05-22T09:45:21,1.5,1200,7941,0,1,99.99,1,0.1,196.3
2026-05-22T09:45:26,1.8,1202,7941,0,1,99.99,6,0.1,196.3
2026-05-22T09:45:31,1.6,1198,7941,0,1,99.99,1,0.1,196.3
2026-05-22T09:45:37,1.9,1198,7941,0,1,99.99,6,0.1,196.3
2026-05-22T09:45:42,1.6,1199,7941,0,1,99.99,1,0.1,196.3
2026-05-22T09:45:47,1.6,1198,7941,0,1,99.99,6,0.1,196.3
2026-05-22T09:45:52,1.5,1203,7941,0,1,99.99,1,0.1,196.3
2026-05-22T09:45:57,1.7,1201,7941,0,1,99.99,7,0.1,196.3
2026-05-22T09:46:03,1.4,1200,7941,0,1,99.99,1,0.1,196.3
2026-05-22T09:46:08,1.9,1199,7941,0,1,99.99,6,0.1,196.3
2026-05-22T09:46:13,1.4,1196,7941,0,1,99.99,1,0.1,196.3
2026-05-22T09:46:18,1.7,1196,7941,0,1,99.99,6,0.1,196.3
2026-05-22T09:46:24,1.5,1197,7941,0,1,99.99,1,0.1,196.3
2026-05-22T09:46:29,1.9,1199,7941,0,1,99.99,6,0.1,196.3
2026-05-22T09:46:34,1.7,1204,7941,0,1,99.99,6,0.1,196.3
2026-05-22T09:46:39,1.7,1208,7941,0,1,99.99,1,0.1,196.3
2026-05-22T09:46:44,1.7,1212,7941,0,1,99.99,6,0.1,196.3
2026-05-22T09:46:50,1.5,1213,7941,0,1,99.99,1,0.1,196.3
2026-05-22T09:46:55,1.8,1219,7941,0,1,99.99,6,0.1,196.3
2026-05-22T09:47:00,1.7,1214,7941,0,1,99.99,1,0.1,196.3
2026-05-22T09:47:05,1.8,1214,7941,0,1,99.99,6,0.1,196.3
2026-05-22T09:47:10,1.6,1217,7941,0,1,99.99,1,0.1,196.3
2026-05-22T09:47:16,1.9,1212,7941,0,1,99.99,6,0.1,196.3
2026-05-22T09:47:21,1.4,1211,7941,0,1,99.99,1,0.1,196.3
2026-05-22T09:47:26,1.8,1216,7941,0,1,99.99,6,0.1,196.3
2026-05-22T09:47:31,1.6,1220,7941,0,1,99.99,1,0.1,196.3
2026-05-22T09:47:37,2.1,1216,7941,0,1,99.99,6,0.1,196.3
2026-05-22T09:47:42,1.8,1216,7941,0,1,99.99,1,0.1,196.3
2026-05-22T09:47:47,2.0,1213,7941,0,1,99.99,6,0.1,196.3
2026-05-22T09:47:52,1.6,1215,7941,0,1,99.99,1,0.1,196.3
2026-05-22T09:47:58,2.1,1214,7941,0,1,99.99,7,0.1,196.3
2026-05-22T09:48:03,1.9,1210,7941,0,1,99.99,1,0.1,196.3
2026-05-22T09:48:08,2.1,1213,7941,0,1,99.99,6,0.1,196.3
2026-05-22T09:48:13,1.8,1217,7941,0,1,99.99,1,0.1,196.3
2026-05-22T09:48:19,2.2,1212,7941,0,1,99.99,6,0.1,196.3
2026-05-22T09:48:24,1.9,1212,7941,0,1,99.99,6,0.1,196.3
2026-05-22T09:48:29,1.7,1212,7941,0,1,99.99,1,0.1,196.3
2026-05-22T09:48:34,1.9,1211,7941,0,1,99.99,6,0.1,196.3
2026-05-22T09:48:40,1.9,1212,7941,0,1,99.99,1,0.1,196.3
2026-05-22T09:48:45,1.8,1212,7941,0,1,99.99,6,0.1,196.3
2026-05-22T09:48:50,1.6,1205,7941,0,1,99.99,1,0.1,196.3
2026-05-22T09:48:55,2.1,1209,7941,0,1,99.99,7,0.1,196.3
2026-05-22T09:49:01,1.6,1206,7941,0,1,99.99,1,0.1,196.3
2026-05-22T09:49:06,2.2,1204,7941,0,1,99.99,6,0.1,196.3
2026-05-22T09:49:11,1.7,1208,7941,0,1,99.99,1,0.1,196.3
2026-05-22T09:49:16,2.2,1213,7941,0,1,99.99,6,0.1,196.3
2026-05-22T09:49:22,1.7,1206,7941,0,1,99.99,1,0.1,196.3
2026-05-22T09:49:27,1.8,1211,7941,0,1,99.99,6,0.1,196.3
2026-05-22T09:49:32,1.5,1212,7941,0,1,99.99,1,0.1,196.3
2026-05-22T09:49:37,1.9,1212,7941,0,1,99.99,6,0.1,196.3
2026-05-22T09:49:43,1.5,1213,7941,0,1,99.99,1,0.1,196.3
2026-05-22T09:49:48,1.8,1214,7941,0,1,99.99,6,0.1,196.3
2026-05-22T09:49:53,1.6,1219,7941,0,1,99.99,1,0.1,196.3
2026-05-22T09:49:58,2.0,1214,7941,0,1,99.99,7,0.1,196.3
2026-05-22T09:50:04,1.6,1207,7941,0,1,99.99,6,0.1,196.3
2026-05-22T09:50:09,3.1,1212,7941,0,1,99.99,1,0.1,196.3
2026-05-22T09:50:14,2.3,1210,7941,0,1,99.99,6,0.1,196.3
2026-05-22T09:50:20,1.9,1217,7941,0,1,99.99,1,0.1,196.3
2026-05-22T09:50:25,2.4,1209,7941,0,1,99.99,6,0.1,196.3
2026-05-22T09:50:30,1.7,1217,7941,0,1,99.99,1,0.1,196.3
2026-05-22T09:50:35,2.0,1222,7941,0,1,99.99,6,0.1,196.3
2026-05-22T09:50:41,1.9,1213,7941,0,1,99.99,1,0.1,196.3
2026-05-22T09:50:46,2.0,1208,7941,0,1,99.99,6,0.1,196.3
2026-05-22T09:50:51,1.7,1212,7941,0,1,99.99,1,0.1,196.3
2026-05-22T09:50:56,1.8,1210,7941,0,1,99.99,7,0.1,196.3
2026-05-22T09:51:02,1.6,1212,7941,0,1,99.99,1,0.1,196.3
2026-05-22T09:51:07,2.3,1208,7941,0,1,99.99,6,0.1,196.3
2026-05-22T09:51:12,1.6,1211,7941,0,1,99.99,1,0.1,196.3
2026-05-22T09:51:17,1.9,1213,7941,0,1,99.99,6,0.1,196.3
2026-05-22T09:51:23,1.6,1219,7941,0,1,99.99,1,0.1,196.3
2026-05-22T09:51:28,2.0,1212,7941,0,1,99.99,6,0.1,196.3
2026-05-22T09:51:33,1.5,1212,7941,0,1,99.99,1,0.1,196.3
2026-05-22T09:51:38,1.8,1213,7941,0,1,99.99,6,0.1,196.3
2026-05-22T09:51:44,1.7,1219,7941,0,1,99.99,1,0.1,196.3
2026-05-22T09:51:49,2.1,1204,7941,0,1,99.99,6,0.1,196.3
2026-05-22T09:51:54,1.8,1207,7941,0,1,99.99,6,0.1,196.3
2026-05-22T09:51:59,1.5,1208,7941,0,1,99.99,1,0.1,196.3
2026-05-22T09:52:04,1.9,1212,7941,0,1,99.99,6,0.1,196.3
2026-05-22T09:52:10,1.8,1212,7941,0,1,99.99,1,0.1,196.3
2026-05-22T09:52:15,1.8,1212,7941,0,1,99.99,6,0.1,196.3
2026-05-22T09:52:20,2.0,1210,7941,0,1,99.99,1,0.1,196.3
2026-05-22T09:52:26,1.7,1211,7941,0,1,99.99,6,0.1,196.3
2026-05-22T09:52:31,1.5,1212,7941,0,1,99.99,1,0.1,196.3
2026-05-22T09:52:36,2.0,1210,7941,0,1,99.99,6,0.1,196.3
2026-05-22T09:52:41,1.8,1214,7941,0,1,99.99,1,0.1,196.3
2026-05-22T09:52:46,1.8,1201,7941,0,1,99.99,6,0.1,196.3
2026-05-22T09:52:52,1.5,1190,7941,0,1,99.99,1,0.1,196.3
2026-05-22T09:52:57,1.8,1188,7941,0,1,99.99,7,0.1,196.3
2026-05-22T09:53:02,1.5,1189,7941,0,1,99.99,1,0.1,196.3
2026-05-22T09:53:07,2.2,1192,7941,0,1,99.99,6,0.1,196.3
2026-05-22T09:53:13,1.7,1194,7941,0,1,99.99,1,0.1,196.3
2026-05-22T09:53:18,1.8,1193,7941,0,1,99.99,6,0.1,196.3
2026-05-22T09:53:23,1.7,1196,7941,0,1,99.99,1,0.1,196.3
2026-05-22T09:53:28,1.9,1187,7941,0,1,99.99,6,0.1,196.3
2026-05-22T09:53:34,1.7,1190,7941,0,1,99.99,1,0.1,196.3
2026-05-22T09:53:39,1.9,1187,7941,0,1,99.99,6,0.1,196.3
2026-05-22T09:53:44,2.0,1185,7941,0,1,99.99,6,0.1,196.3
2026-05-22T09:53:49,1.6,1194,7941,0,1,99.99,1,0.1,196.3
2026-05-22T09:53:55,1.9,1186,7941,0,1,99.99,6,0.1,196.3
2026-05-22T09:54:00,1.6,1197,7941,0,1,99.99,1,0.1,196.3
2026-05-22T09:54:05,2.3,1193,7941,0,1,99.99,6,0.1,196.3
2026-05-22T09:54:10,1.8,1186,7941,0,1,99.99,1,0.1,196.3
2026-05-22T09:54:16,2.1,1192,7941,0,1,99.99,6,0.1,196.3
2026-05-22T09:54:21,1.6,1189,7941,0,1,99.99,1,0.1,196.3
2026-05-22T09:54:26,1.8,1185,7941,0,1,99.99,6,0.1,196.3
2026-05-22T09:54:31,1.6,1192,7941,0,1,99.99,1,0.1,196.3
2026-05-22T09:54:37,2.1,1194,7941,0,1,99.99,6,0.1,196.3
2026-05-22T09:54:42,2.0,1192,7941,0,1,99.99,1,0.1,196.3
2026-05-22T09:54:47,1.8,1185,7941,0,1,99.99,6,0.1,196.3
2026-05-22T09:54:52,1.5,1189,7941,0,1,99.99,1,0.1,196.3
2026-05-22T09:54:58,1.9,1194,7941,0,1,99.99,7,0.1,196.3
2026-05-22T09:55:03,1.9,1190,7941,0,1,99.99,1,0.1,196.3
2026-05-22T09:55:08,2.8,1189,7941,0,1,99.99,6,0.1,196.3
2026-05-22T09:55:13,1.9,1191,7941,0,1,99.99,1,0.1,196.3
2026-05-22T09:55:19,2.0,1185,7941,0,1,99.99,6,0.1,196.3
2026-05-22T09:55:24,1.9,1194,7941,0,1,99.99,6,0.1,196.3
2026-05-22T09:55:29,1.8,1194,7941,0,1,99.99,1,0.1,196.3
2026-05-22T09:55:34,1.8,1192,7941,0,1,99.99,6,0.1,196.3
2026-05-22T09:55:40,1.7,1199,7941,0,1,99.99,1,0.1,196.3
2026-05-22T09:55:45,1.9,1193,7941,0,1,99.99,6,0.1,196.3
2026-05-22T09:55:50,1.5,1199,7941,0,1,99.99,1,0.1,196.3
2026-05-22T09:55:55,1.8,1200,7941,0,1,99.99,7,0.1,196.3
2026-05-22T09:56:01,1.4,1193,7941,0,1,99.99,1,0.1,196.3
2026-05-22T09:56:06,2.1,1190,7941,0,1,99.99,6,0.1,196.3
2026-05-22T09:56:11,1.6,1191,7941,0,1,99.99,1,0.1,196.3
2026-05-22T09:56:16,1.9,1190,7941,0,1,99.99,6,0.1,196.3
2026-05-22T09:56:22,1.7,1197,7941,0,1,99.99,1,0.1,196.3
2026-05-22T09:56:27,1.8,1191,7941,0,1,99.99,6,0.1,196.3
2026-05-22T09:56:32,1.8,1199,7941,0,1,99.99,1,0.1,196.3
2026-05-22T09:56:37,2.2,1196,7941,0,1,99.99,6,0.1,196.3
2026-05-22T09:56:43,1.7,1196,7941,0,1,99.99,1,0.1,196.3
2026-05-22T09:56:48,2.1,1196,7941,0,1,99.99,6,0.1,196.3
2026-05-22T09:56:53,1.8,1195,7941,0,1,99.99,1,0.1,196.3
2026-05-22T09:56:58,2.0,1188,7941,0,1,99.99,7,0.1,196.3
2026-05-22T09:57:04,1.6,1198,7941,0,1,99.99,1,0.1,196.3
2026-05-22T09:57:09,1.8,1191,7941,0,1,99.99,6,0.1,196.3
2026-05-22T09:57:14,2.0,1191,7941,0,1,99.99,6,0.1,196.3
2026-05-22T09:57:19,1.6,1199,7941,0,1,99.99,1,0.1,196.3
2026-05-22T09:57:24,1.9,1197,7941,0,1,99.99,6,0.1,196.3
2026-05-22T09:57:30,1.8,1197,7941,0,1,99.99,1,0.1,196.3
2026-05-22T09:57:35,2.0,1194,7941,0,1,99.99,6,0.1,196.3
2026-05-22T09:57:40,1.6,1200,7941,0,1,99.99,1,0.1,196.3
2026-05-22T09:57:45,1.9,1198,7941,0,1,99.99,6,0.1,196.3
2026-05-22T09:57:51,1.6,1202,7941,0,1,99.99,1,0.1,196.3
2026-05-22T09:57:56,1.9,1199,7941,0,1,99.99,7,0.1,196.3
2026-05-22T09:58:01,1.5,1201,7941,0,1,99.99,1,0.1,196.3
2026-05-22T09:58:07,2.4,1201,7941,0,1,99.99,6,0.1,196.3
2026-05-22T09:58:12,1.7,1200,7941,0,1,99.99,1,0.1,196.3
2026-05-22T09:58:17,2.2,1205,7941,0,1,99.99,6,0.1,196.3
2026-05-22T09:58:22,2.0,1197,7941,0,1,99.99,1,0.1,196.3
2026-05-22T09:58:28,2.0,1202,7941,0,1,99.99,6,0.1,196.3
2026-05-22T09:58:33,1.9,1208,7941,0,1,99.99,1,0.1,196.3
2026-05-22T09:58:38,2.3,1210,7941,0,1,99.99,6,0.1,196.3
2026-05-22T09:58:43,1.8,1208,7941,0,1,99.99,1,0.1,196.3
2026-05-22T09:58:49,1.9,1200,7941,0,1,99.99,6,0.1,196.3
2026-05-22T09:58:54,2.1,1202,7941,0,1,99.99,6,0.1,196.3
2026-05-22T09:58:59,1.5,1208,7941,0,1,99.99,1,0.1,196.3
2026-05-22T09:59:04,2.1,1202,7941,0,1,99.99,6,0.1,196.3
2026-05-22T09:59:10,1.9,1192,7941,0,1,99.99,1,0.1,196.3
2026-05-22T09:59:15,2.0,1204,7941,0,1,99.99,6,0.1,196.3
2026-05-22T09:59:20,1.9,1199,7941,0,1,99.99,1,0.1,196.3
2026-05-22T09:59:26,2.1,1202,7941,0,1,99.99,6,0.1,196.3
2026-05-22T09:59:31,1.8,1199,7941,0,1,99.99,1,0.1,196.3
2026-05-22T09:59:36,2.2,1199,7941,0,1,99.99,6,0.1,196.3
2026-05-22T09:59:41,1.6,1200,7941,0,1,99.99,1,0.1,196.3
2026-05-22T09:59:47,2.1,1206,7941,0,1,99.99,6,0.1,196.3
2026-05-22T09:59:52,1.8,1197,7941,0,1,99.99,1,0.1,196.3
2026-05-22T09:59:57,2.2,1195,7941,0,1,99.99,7,0.1,196.3
2026-05-22T10:00:02,1.8,1201,7941,0,1,99.99,1,0.1,196.3
2026-05-22T10:00:08,2.9,1201,7941,0,1,99.99,6,0.1,196.3
2026-05-22T10:00:14,2.4,1200,7941,0,1,99.99,6,0.2,196.3
2026-05-22T10:00:19,2.7,1201,7941,0,1,99.99,1,0.1,196.3
2026-05-22T10:00:24,2.6,1196,7941,0,1,99.99,6,0.1,196.3
2026-05-22T10:00:30,2.3,1200,7941,0,1,99.99,1,0.1,196.3
2026-05-22T10:00:35,2.2,1207,7941,0,1,99.99,6,0.1,196.3
2026-05-22T10:00:40,2.2,1205,7941,0,1,99.99,1,0.1,196.3
2026-05-22T10:00:46,2.1,1204,7941,0,1,99.99,6,0.1,196.3
2026-05-22T10:00:51,1.5,1203,7941,0,1,99.99,1,0.1,196.3
2026-05-22T10:00:56,2.0,1198,7941,0,1,99.99,7,0.1,196.3
2026-05-22T10:01:01,1.7,1197,7941,0,1,99.99,1,0.1,196.3
2026-05-22T10:01:07,2.6,1203,7941,0,1,99.99,6,0.1,196.3
2026-05-22T10:01:12,1.9,1203,7941,0,1,99.99,1,0.1,196.3
2026-05-22T10:01:17,2.0,1202,7941,0,1,99.99,6,0.1,196.3
2026-05-22T10:01:22,1.6,1204,7941,0,1,99.99,1,0.1,196.3
2026-05-22T10:01:28,2.0,1199,7941,0,1,99.99,6,0.1,196.3
2026-05-22T10:01:33,1.8,1204,7941,0,1,99.99,1,0.1,196.3
2026-05-22T10:01:38,2.1,1202,7941,0,1,99.99,6,0.1,196.3
2026-05-22T10:01:44,1.8,1199,7941,0,1,99.99,1,0.1,196.3
2026-05-22T10:01:49,1.8,1194,7941,0,1,99.99,6,0.1,196.3
2026-05-22T10:01:54,2.0,1208,7941,0,1,99.99,6,0.1,196.3
2026-05-22T10:01:59,1.7,1206,7941,0,1,99.99,1,0.1,196.3
2026-05-22T10:02:05,2.2,1204,7941,0,1,99.99,6,0.1,196.3
2026-05-22T10:02:10,1.8,1205,7941,0,1,99.99,1,0.1,196.3
2026-05-22T10:02:15,2.3,1201,7941,0,1,99.99,6,0.1,196.3
2026-05-22T10:02:20,1.7,1205,7941,0,1,99.99,1,0.1,196.3
2026-05-22T10:02:26,2.3,1206,7941,0,1,99.99,6,0.1,196.3
2026-05-22T10:02:31,1.6,1202,7941,0,1,99.99,1,0.1,196.3
2026-05-22T10:02:36,2.0,1202,7941,0,1,99.99,6,0.1,196.3
2026-05-22T10:02:41,2.1,1207,7941,0,1,99.99,1,0.1,196.3
2026-05-22T10:02:47,2.1,1204,7941,0,1,99.99,6,0.1,196.3
2026-05-22T10:02:52,1.5,1206,7941,0,1,99.99,1,0.1,196.3
2026-05-22T10:02:57,2.1,1201,7941,0,1,99.99,7,0.1,196.3
2026-05-22T10:03:02,1.7,1203,7941,0,1,99.99,1,0.1,196.3
2026-05-22T10:03:08,2.4,1197,7941,0,1,99.99,6,0.1,196.3
2026-05-22T10:03:13,1.6,1201,7941,0,1,99.99,1,0.1,196.3
2026-05-22T10:03:18,2.0,1196,7941,0,1,99.99,6,0.1,196.3
2026-05-22T10:03:23,1.6,1202,7941,0,1,99.99,1,0.1,196.3
2026-05-22T10:03:29,1.9,1204,7941,0,1,99.99,6,0.1,196.3
2026-05-22T10:03:34,2.0,1204,7941,0,1,99.99,6,0.1,196.3
2026-05-22T10:03:39,1.6,1201,7941,0,1,99.99,1,0.1,196.3
2026-05-22T10:03:44,2.0,1201,7941,0,1,99.99,6,0.1,196.3
2026-05-22T10:03:50,1.5,1204,7941,0,1,99.99,1,0.1,196.3
2026-05-22T10:03:55,1.8,1208,7941,0,1,99.99,6,0.1,196.3
2026-05-22T10:04:00,1.7,1208,7941,0,1,99.99,1,0.1,196.3
2026-05-22T10:04:05,2.1,1201,7941,0,1,99.99,6,0.1,196.3
2026-05-22T10:04:11,1.5,1205,7941,0,1,99.99,1,0.1,196.3
2026-05-22T10:04:16,2.0,1201,7941,0,1,99.99,6,0.1,196.3
2026-05-22T10:04:21,1.6,1203,7941,0,1,99.99,1,0.1,196.3
2026-05-22T10:04:26,2.0,1204,7941,0,1,99.99,6,0.1,196.3
2026-05-22T10:04:32,1.6,1204,7941,0,1,99.99,1,0.1,196.3
2026-05-22T10:04:37,2.0,1200,7941,0,1,99.99,6,0.1,196.3
2026-05-22T10:04:42,2.1,1203,7941,0,1,99.99,1,0.1,196.3
2026-05-22T10:04:47,2.0,1195,7941,0,1,99.99,6,0.1,196.3
2026-05-22T10:04:53,1.6,1193,7941,0,1,99.99,1,0.1,196.3
2026-05-22T10:04:58,1.7,1190,7941,0,1,99.99,7,0.1,196.3
2026-05-22T10:05:03,1.7,1197,7941,0,1,99.99,1,0.1,196.3
2026-05-22T10:05:09,2.6,1197,7941,0,1,99.99,6,0.1,196.3
2026-05-22T10:05:14,1.5,1197,7941,1,1,99.99,6,0.1,196.3
2026-05-22T10:05:19,1.8,1202,7941,0,1,99.99,1,0.1,196.3
2026-05-22T10:05:24,1.9,1197,7941,0,1,99.99,6,0.1,196.3
2026-05-22T10:05:29,1.5,1197,7941,0,1,99.99,1,0.1,196.3
2026-05-22T10:05:35,2.0,1191,7941,0,1,99.99,6,0.1,196.3
2026-05-22T10:05:40,1.7,1191,7941,0,1,99.99,1,0.1,196.3
2026-05-22T10:05:45,2.0,1194,7941,0,1,99.99,6,0.1,196.3
2026-05-22T10:05:50,1.3,1198,7941,0,1,99.99,1,0.1,196.3
2026-05-22T10:05:56,1.8,1201,7941,0,1,99.99,7,0.1,196.3
2026-05-22T10:06:01,1.4,1197,7941,0,1,99.99,1,0.1,196.3
2026-05-22T10:06:06,2.4,1194,7941,0,1,99.99,6,0.1,196.3
2026-05-22T10:06:11,1.5,1194,7941,0,1,99.99,1,0.1,196.3
2026-05-22T10:06:17,1.8,1195,7941,0,1,99.99,6,0.1,196.3
2026-05-22T10:06:22,1.7,1201,7941,0,1,99.99,1,0.1,196.3
2026-05-22T10:06:27,1.6,1198,7941,0,1,99.99,6,0.1,196.3
2026-05-22T10:06:32,1.4,1203,7941,0,1,99.99,1,0.1,196.3
2026-05-22T10:06:38,2.4,1196,7941,0,1,99.99,6,0.1,196.3
2026-05-22T10:06:43,1.5,1198,7941,0,1,99.99,1,0.1,196.3
2026-05-22T10:06:48,1.7,1199,7941,0,1,99.99,6,0.1,196.3
2026-05-22T10:06:53,1.3,1196,7941,0,1,99.99,1,0.1,196.3
2026-05-22T10:06:58,1.8,1192,7941,0,1,99.99,7,0.1,196.3
2026-05-22T10:07:04,1.5,1195,7941,0,1,99.99,6,0.1,196.3
2026-05-22T10:07:09,1.8,1199,7941,0,1,99.99,1,0.1,196.3
2026-05-22T10:07:14,1.8,1191,7941,0,1,99.99,6,0.1,196.3
2026-05-22T10:07:19,1.8,1196,7941,0,1,99.99,1,0.1,196.3
2026-05-22T10:07:25,2.1,1194,7941,0,1,99.99,6,0.1,196.3
2026-05-22T10:07:30,1.6,1197,7941,0,1,99.99,1,0.1,196.3
2026-05-22T10:07:35,2.0,1195,7941,0,1,99.99,6,0.1,196.3
2026-05-22T10:07:40,1.5,1195,7941,0,1,99.99,1,0.1,196.3
2026-05-22T10:07:46,1.7,1194,7941,0,1,99.99,6,0.1,196.3
2026-05-22T10:07:51,1.4,1198,7941,0,1,99.99,1,0.1,196.3
2026-05-22T10:07:56,1.9,1203,7941,0,1,99.99,7,0.1,196.3
2026-05-22T10:08:01,1.5,1192,7941,0,1,99.99,1,0.1,196.3
2026-05-22T10:08:06,2.0,1193,7941,0,1,99.99,6,0.1,196.3
2026-05-22T10:08:12,1.6,1194,7941,0,1,99.99,1,0.1,196.3
2026-05-22T10:08:17,1.8,1197,7941,0,1,99.99,6,0.1,196.3
2026-05-22T10:08:22,1.5,1205,7941,0,1,99.99,1,0.1,196.3
2026-05-22T10:08:27,1.8,1198,7941,0,1,99.99,6,0.1,196.3
2026-05-22T10:08:33,1.5,1195,7941,0,1,99.99,1,0.1,196.3
2026-05-22T10:08:38,2.3,1200,7941,0,1,99.99,6,0.1,196.3
2026-05-22T10:08:43,1.4,1201,7941,0,1,99.99,1,0.1,196.3
2026-05-22T10:08:48,1.7,1197,7941,0,1,99.99,6,0.1,196.3
2026-05-22T10:08:53,1.5,1201,7941,0,1,99.99,1,0.1,196.3
2026-05-22T10:08:59,1.7,1199,7941,0,1,99.99,7,0.1,196.3
2026-05-22T10:09:04,2.1,1204,7941,0,1,99.99,6,0.1,196.3
2026-05-22T10:09:09,2.3,1208,7941,0,1,99.99,1,0.1,196.3
2026-05-22T10:09:15,1.7,1199,7941,0,1,99.99,6,0.1,196.3
2026-05-22T10:09:20,1.5,1198,7941,0,1,99.99,1,0.1,196.3
2026-05-22T10:09:25,1.9,1196,7941,0,1,99.99,6,0.1,196.3
2026-05-22T10:09:30,1.5,1202,7941,0,1,99.99,1,0.1,196.3
2026-05-22T10:09:35,1.9,1196,7941,0,1,99.99,6,0.1,196.3
2026-05-22T10:09:41,1.6,1199,7941,0,1,99.99,1,0.1,196.3
2026-05-22T10:09:46,1.7,1199,7941,0,1,99.99,6,0.1,196.3
2026-05-22T10:09:51,1.4,1200,7941,0,1,99.99,1,0.1,196.3
2026-05-22T10:09:56,1.8,1205,7941,0,1,99.99,7,0.1,196.3
2026-05-22T10:10:02,1.7,1199,7941,0,1,99.99,1,0.1,196.3
2026-05-22T10:10:07,3.1,1202,7941,0,1,99.99,6,0.1,196.3
2026-05-22T10:10:12,2.0,1197,7941,0,1,99.99,1,0.1,196.3
2026-05-22T10:10:18,2.4,1201,7941,0,1,99.99,6,0.1,196.3
2026-05-22T10:10:23,2.0,1203,7941,0,1,99.99,1,0.1,196.3
2026-05-22T10:10:28,1.7,1201,7941,0,1,99.99,6,0.1,196.3
2026-05-22T10:10:34,1.7,1200,7941,0,1,99.99,2,0.1,196.3
2026-05-22T10:10:39,2.0,1201,7941,0,1,99.99,5,0.1,196.3
2026-05-22T10:10:44,1.8,1198,7941,0,1,99.99,6,0.1,196.3
2026-05-22T10:10:49,1.4,1205,7941,0,1,99.99,1,0.1,196.3
2026-05-22T10:10:54,1.8,1200,7941,0,1,99.99,6,0.1,196.3
2026-05-22T10:11:00,1.4,1201,7941,0,1,99.99,1,0.1,196.3
2026-05-22T10:11:05,1.8,1196,7941,0,1,99.99,6,0.1,196.3
2026-05-22T10:11:10,1.4,1204,7941,0,1,99.99,1,0.1,196.3
2026-05-22T10:11:15,1.9,1198,7941,0,1,99.99,6,0.1,196.3
2026-05-22T10:11:21,1.4,1202,7941,0,1,99.99,1,0.1,196.3
2026-05-22T10:11:26,1.9,1196,7941,0,1,99.99,6,0.1,196.3
2026-05-22T10:11:31,1.6,1203,7941,0,1,99.99,1,0.1,196.3
2026-05-22T10:11:36,2.0,1201,7941,0,1,99.99,6,0.1,196.3
2026-05-22T10:11:42,1.5,1203,7941,0,1,99.99,1,0.1,196.3
2026-05-22T10:11:47,1.8,1192,7941,0,1,99.99,6,0.1,196.3
2026-05-22T10:11:52,1.6,1201,7941,0,1,99.99,1,0.1,196.3
2026-05-22T10:11:57,1.9,1196,7941,0,1,99.99,7,0.1,196.3
2026-05-22T10:12:02,1.6,1202,7941,0,1,99.99,1,0.1,196.3
2026-05-22T10:12:08,1.9,1201,7941,0,1,99.99,6,0.1,196.3
2026-05-22T10:12:13,1.5,1206,7941,0,1,99.99,1,0.1,196.3
2026-05-22T10:12:18,2.0,1200,7941,0,1,99.99,6,0.1,196.3
2026-05-22T10:12:23,1.6,1204,7941,0,1,99.99,1,0.1,196.3
2026-05-22T10:12:29,1.6,1204,7941,0,1,99.99,6,0.1,196.3
2026-05-22T10:12:34,1.5,1200,7941,0,1,99.99,6,0.1,196.3
2026-05-22T10:12:39,2.2,1200,7941,0,1,99.99,1,0.1,196.3
2026-05-22T10:12:44,1.8,1196,7941,0,1,99.99,6,0.1,196.3
2026-05-22T10:12:49,1.4,1199,7941,0,1,99.99,1,0.1,196.3
2026-05-22T10:12:55,1.9,1197,7941,0,1,99.99,6,0.1,196.3
2026-05-22T10:13:00,1.4,1197,7941,0,1,99.99,1,0.1,196.3
2026-05-22T10:13:05,1.8,1192,7941,0,1,99.99,6,0.1,196.3
2026-05-22T10:13:10,1.4,1199,7941,0,1,99.99,1,0.1,196.3
2026-05-22T10:13:16,2.0,1203,7941,0,1,99.99,6,0.1,196.3
2026-05-22T10:13:21,1.4,1200,7941,0,1,99.99,1,0.1,196.3
2026-05-22T10:13:26,1.7,1196,7941,0,1,99.99,6,0.1,196.3
2026-05-22T10:13:31,1.3,1195,7941,0,1,99.99,1,0.1,196.3
2026-05-22T10:13:36,1.8,1195,7941,0,1,99.99,6,0.1,196.3
2026-05-22T10:13:42,1.5,1199,7941,0,1,99.99,1,0.1,196.3
2026-05-22T10:13:47,1.6,1200,7941,0,1,99.99,6,0.1,196.3
2026-05-22T10:13:52,1.4,1200,7941,0,1,99.99,1,0.1,196.3
2026-05-22T10:13:57,1.6,1206,7941,0,1,99.99,7,0.1,196.3
2026-05-22T10:14:03,1.4,1206,7941,0,1,99.99,1,0.1,196.3
2026-05-22T10:14:08,1.8,1202,7941,0,1,99.99,6,0.1,196.3
2026-05-22T10:14:13,1.5,1196,7941,0,1,99.99,1,0.1,196.3
2026-05-22T10:14:18,1.9,1197,7941,0,1,99.99,6,0.1,196.3
2026-05-22T10:14:23,1.5,1200,7941,0,1,99.99,1,0.1,196.3
2026-05-22T10:14:29,1.6,1195,7941,0,1,99.99,6,0.1,196.3
2026-05-22T10:14:34,1.6,1192,7941,0,1,99.99,6,0.1,196.3
2026-05-22T10:14:39,2.0,1200,7941,0,1,99.99,1,0.1,196.3
2026-05-22T10:14:44,1.8,1196,7941,0,1,99.99,6,0.1,196.3
2026-05-22T10:14:50,1.6,1200,7941,0,1,99.99,1,0.1,196.3
2026-05-22T10:14:55,1.7,1196,7941,0,1,99.99,6,0.1,196.3
2026-05-22T10:15:00,1.6,1199,7941,0,1,99.99,1,0.1,196.3
2026-05-22T10:15:05,2.2,1194,7941,0,1,99.99,6,0.1,196.3
2026-05-22T10:15:10,1.7,1201,7941,0,1,99.99,1,0.1,196.3
2026-05-22T10:15:16,1.8,1202,7941,0,1,99.99,6,0.1,196.3
2026-05-22T10:15:21,1.5,1203,7941,0,1,99.99,1,0.1,196.3
2026-05-22T10:15:26,1.7,1199,7941,0,1,99.99,6,0.1,196.3
2026-05-22T10:15:31,1.5,1195,7941,0,1,99.99,1,0.1,196.3
2026-05-22T10:15:37,1.8,1198,7941,0,1,99.99,6,0.1,196.3
2026-05-22T10:15:42,1.4,1202,7941,0,1,99.99,1,0.1,196.3
2026-05-22T10:15:47,1.9,1197,7941,0,1,99.99,6,0.1,196.3
2026-05-22T10:15:52,1.4,1200,7941,0,1,99.99,1,0.1,196.3
2026-05-22T10:15:57,1.9,1198,7941,0,1,99.99,7,0.1,196.3
2026-05-22T10:16:03,1.4,1202,7941,0,1,99.99,1,0.1,196.3
2026-05-22T10:16:08,1.9,1202,7941,0,1,99.99,6,0.1,196.3
2026-05-22T10:16:13,1.6,1205,7941,0,1,99.99,1,0.1,196.3
2026-05-22T10:16:18,2.0,1207,7941,0,1,99.99,6,0.1,196.3
2026-05-22T10:16:24,1.5,1203,7941,0,1,99.99,6,0.1,196.3
2026-05-22T10:16:29,1.7,1203,7941,0,1,99.99,1,0.1,196.3
2026-05-22T10:16:34,1.8,1205,7941,0,1,99.99,6,0.1,196.3
2026-05-22T10:16:39,2.0,1204,7941,0,1,99.99,1,0.1,196.3
2026-05-22T10:16:45,1.8,1206,7941,0,1,99.99,6,0.1,196.3
2026-05-22T10:16:50,1.5,1201,7941,0,1,99.99,1,0.1,196.3
2026-05-22T10:16:55,1.6,1204,7941,0,1,99.99,6,0.1,196.3
2026-05-22T10:17:00,1.5,1203,7941,0,1,99.99,1,0.1,196.3
2026-05-22T10:17:05,1.8,1209,7941,0,1,99.99,6,0.1,196.3
2026-05-22T10:17:11,1.4,1206,7941,0,1,99.99,1,0.1,196.3
2026-05-22T10:17:16,2.2,1205,7941,0,1,99.99,6,0.1,196.3
2026-05-22T10:17:21,1.4,1208,7941,0,1,99.99,1,0.1,196.3
2026-05-22T10:17:26,1.9,1208,7941,0,1,99.99,6,0.1,196.3
2026-05-22T10:17:32,1.6,1210,7941,0,1,99.99,1,0.1,196.3
2026-05-22T10:17:37,1.9,1209,7941,0,1,99.99,6,0.1,196.3
2026-05-22T10:17:42,1.5,1207,7941,0,1,99.99,1,0.1,196.3
2026-05-22T10:17:47,2.0,1207,7941,0,1,99.99,6,0.1,196.3
2026-05-22T10:17:53,1.5,1204,7941,0,1,99.99,1,0.1,196.3
2026-05-22T10:17:58,1.8,1207,7941,0,1,99.99,7,0.1,196.3
2026-05-22T10:18:03,1.5,1215,7941,0,1,99.99,1,0.1,196.3
2026-05-22T10:18:08,1.9,1209,7941,0,1,99.99,6,0.1,196.3
2026-05-22T10:18:13,1.5,1213,7941,0,1,99.99,1,0.1,196.3
2026-05-22T10:18:19,1.8,1210,7941,0,1,99.99,6,0.1,196.3
2026-05-22T10:18:24,1.9,1202,7941,0,1,99.99,6,0.1,196.3
2026-05-22T10:18:29,1.5,1211,7941,0,1,99.99,1,0.1,196.3
2026-05-22T10:18:34,1.9,1205,7941,0,1,99.99,6,0.1,196.3
2026-05-22T10:18:40,1.9,1208,7941,0,1,99.99,1,0.1,196.3
2026-05-22T10:18:45,2.0,1201,7941,0,1,99.99,6,0.1,196.3
2026-05-22T10:18:50,2.4,1199,7941,0,1,99.99,1,0.1,196.3
2026-05-22T10:18:55,1.8,1206,7941,0,1,99.99,7,0.1,196.3
2026-05-22T10:19:01,1.6,1202,7941,0,1,99.99,1,0.1,196.3
2026-05-22T10:19:06,1.9,1203,7941,0,1,99.99,6,0.1,196.3
2026-05-22T10:19:11,1.5,1200,7941,0,1,99.99,1,0.1,196.3
2026-05-22T10:19:16,2.0,1201,7941,0,1,99.99,6,0.1,196.3
2026-05-22T10:19:21,1.5,1197,7941,0,1,99.99,1,0.1,196.3
2026-05-22T10:19:27,1.8,1196,7941,0,1,99.99,6,0.1,196.3
2026-05-22T10:19:32,1.7,1204,7941,0,1,99.99,1,0.1,196.3
2026-05-22T10:19:37,1.9,1200,7941,0,1,99.99,6,0.1,196.3
2026-05-22T10:19:42,1.6,1199,7941,0,1,99.99,1,0.1,196.3
2026-05-22T10:19:48,1.9,1202,7941,0,1,99.99,6,0.1,196.3
2026-05-22T10:19:53,1.7,1209,7941,0,1,99.99,1,0.1,196.3
2026-05-22T10:19:58,1.9,1220,7941,0,1,99.99,7,0.1,196.3
2026-05-22T10:20:03,1.7,1225,7941,0,1,99.99,3,0.1,196.3
2026-05-22T10:20:09,2.7,1228,7941,0,1,99.99,5,0.1,196.3
2026-05-22T10:20:14,2.3,1224,7941,0,1,99.99,6,0.1,196.3
2026-05-22T10:20:19,2.2,1223,7941,0,1,99.99,1,0.1,196.3
2026-05-22T10:20:25,2.0,1216,7941,0,1,99.99,6,0.1,196.3
2026-05-22T10:20:30,1.6,1224,7941,0,1,99.99,1,0.1,196.3
2026-05-22T10:20:35,1.9,1220,7941,0,1,99.99,6,0.1,196.3
2026-05-22T10:20:40,1.9,1221,7941,0,1,99.99,1,0.1,196.3
2026-05-22T10:20:46,2.0,1212,7941,0,1,99.99,6,0.1,196.3
2026-05-22T10:20:51,1.5,1219,7941,0,1,99.99,1,0.1,196.3
2026-05-22T10:20:56,1.7,1222,7941,0,1,99.99,7,0.1,196.3
2026-05-22T10:21:01,1.5,1220,7941,0,1,99.99,1,0.1,196.3
2026-05-22T10:21:07,2.5,1214,7941,0,1,99.99,6,0.1,196.3
2026-05-22T10:21:12,1.8,1227,7941,0,1,99.99,1,0.1,196.3
2026-05-22T10:21:17,1.9,1226,7941,0,1,99.99,6,0.1,196.3
2026-05-22T10:21:22,1.6,1221,7941,0,1,99.99,1,0.1,196.3
2026-05-22T10:21:28,1.8,1219,7941,0,1,99.99,6,0.1,196.3
2026-05-22T10:21:33,1.5,1224,7941,0,1,99.99,1,0.1,196.3
2026-05-22T10:21:38,1.7,1222,7941,0,1,99.99,6,0.1,196.3
2026-05-22T10:21:43,1.6,1232,7941,0,1,99.99,1,0.1,196.3
2026-05-22T10:21:49,5.8,1250,7941,0,1,99.99,6,0.1,196.3
2026-05-22T10:21:54,1.6,1239,7941,0,1,99.99,6,0.1,196.3
2026-05-22T10:21:59,1.8,1235,7941,0,1,99.99,1,0.1,196.3
2026-05-22T10:22:04,1.8,1235,7941,0,1,99.99,6,0.1,196.3
2026-05-22T10:22:09,1.4,1224,7941,0,1,99.99,1,0.1,196.3
2026-05-22T10:22:15,1.9,1235,7941,0,1,99.99,6,0.1,196.3
2026-05-22T10:22:20,1.8,1229,7941,0,1,99.99,1,0.1,196.3
2026-05-22T10:22:25,2.2,1220,7941,0,1,99.99,6,0.1,196.3
2026-05-22T10:22:31,2.0,1221,7941,0,1,99.99,1,0.1,196.3
2026-05-22T10:22:36,2.0,1225,7941,0,1,99.99,6,0.1,196.3
2026-05-22T10:22:41,2.0,1228,7941,0,1,99.99,1,0.1,196.3
2026-05-22T10:22:46,2.0,1222,7941,0,1,99.99,6,0.1,196.3
2026-05-22T10:22:52,1.7,1213,7941,0,1,99.99,1,0.1,196.3
2026-05-22T10:22:57,2.1,1208,7941,0,1,99.99,7,0.1,196.3
2026-05-22T10:23:02,1.7,1217,7941,0,1,99.99,1,0.1,196.3
2026-05-22T10:23:07,2.1,1213,7941,0,1,99.99,6,0.1,196.3
2026-05-22T10:23:13,1.9,1214,7941,0,1,99.99,1,0.1,196.3
2026-05-22T10:23:18,2.0,1212,7941,0,1,99.99,6,0.1,196.3
2026-05-22T10:23:23,1.6,1211,7941,0,1,99.99,1,0.1,196.3
2026-05-22T10:23:28,1.9,1211,7941,0,1,99.99,6,0.1,196.3
2026-05-22T10:23:34,1.8,1214,7941,0,1,99.99,1,0.1,196.3
2026-05-22T10:23:39,1.9,1218,7941,0,1,99.99,6,0.1,196.3
2026-05-22T10:23:44,2.0,1217,7941,0,1,99.99,6,0.1,196.3
2026-05-22T10:23:49,1.6,1217,7941,0,1,99.99,1,0.1,196.3
2026-05-22T10:23:55,1.9,1213,7941,0,1,99.99,6,0.1,196.3
2026-05-22T10:24:00,1.8,1222,7941,0,1,99.99,1,0.1,196.3
2026-05-22T10:24:05,2.1,1213,7941,0,1,99.99,6,0.1,196.3
2026-05-22T10:24:10,2.0,1215,7941,0,1,99.99,1,0.1,196.3
2026-05-22T10:24:16,1.9,1218,7941,0,1,99.99,6,0.1,196.3
2026-05-22T10:24:21,1.6,1212,7941,0,1,99.99,1,0.1,196.3
2026-05-22T10:24:26,1.9,1220,7941,0,1,99.99,6,0.1,196.3
2026-05-22T10:24:31,1.9,1222,7941,0,1,99.99,1,0.1,196.3
2026-05-22T10:24:37,2.3,1217,7941,0,1,99.99,6,0.1,196.3
2026-05-22T10:24:42,2.1,1209,7941,0,1,99.99,1,0.1,196.3
2026-05-22T10:24:47,2.0,1209,7941,0,1,99.99,6,0.1,196.3
2026-05-22T10:24:52,1.9,1201,7941,0,1,99.99,1,0.1,196.3
2026-05-22T10:24:58,2.1,1198,7941,0,1,99.99,7,0.1,196.3
2026-05-22T10:25:03,1.7,1201,7941,0,1,99.99,1,0.1,196.3
2026-05-22T10:25:08,2.7,1199,7941,0,1,99.99,6,0.1,196.3
2026-05-22T10:25:14,1.8,1199,7941,0,1,99.99,6,0.1,196.3
2026-05-22T10:25:19,2.2,1200,7941,0,1,99.99,1,0.1,196.3
2026-05-22T10:25:24,1.9,1202,7941,0,1,99.99,6,0.1,196.3
2026-05-22T10:25:29,1.5,1206,7941,0,1,99.99,1,0.1,196.3
2026-05-22T10:25:35,2.2,1206,7941,0,1,99.99,6,0.1,196.3
2026-05-22T10:25:40,1.7,1210,7941,0,1,99.99,1,0.1,196.3
2026-05-22T10:25:45,2.3,1198,7941,0,1,99.99,6,0.1,196.3
2026-05-22T10:25:51,1.7,1200,7941,0,1,99.99,1,0.1,196.3
2026-05-22T10:25:56,1.9,1198,7941,0,1,99.99,7,0.1,196.3
2026-05-22T10:26:01,1.7,1209,7941,0,1,99.99,1,0.1,196.3
2026-05-22T10:26:06,2.4,1212,7941,0,1,99.99,6,0.1,196.3
2026-05-22T10:26:12,1.9,1211,7941,0,1,99.99,1,0.1,196.3
2026-05-22T10:26:17,2.1,1200,7941,0,1,99.99,6,0.1,196.3
2026-05-22T10:26:22,2.2,1198,7941,0,1,99.99,1,0.1,196.3
2026-05-22T10:26:27,1.9,1203,7941,0,1,99.99,6,0.1,196.3
2026-05-22T10:26:33,1.8,1211,7941,0,1,99.99,1,0.1,196.3
2026-05-22T10:26:38,2.1,1205,7941,0,1,99.99,6,0.1,196.3
2026-05-22T10:26:43,1.9,1207,7941,0,1,99.99,1,0.1,196.3
2026-05-22T10:26:48,2.1,1201,7941,0,1,99.99,6,0.1,196.3
2026-05-22T10:26:54,1.6,1205,7941,1,0,99.99,6,0.1,196.3
2026-05-22T10:26:59,1.9,1211,7941,0,1,99.99,1,0.1,196.3
2026-05-22T10:27:04,2.2,1201,7941,0,1,99.99,6,0.1,196.3
2026-05-22T10:27:09,1.8,1206,7941,0,1,99.99,1,0.1,196.3
2026-05-22T10:27:15,2.0,1206,7941,0,1,99.99,6,0.1,196.3
2026-05-22T10:27:20,1.9,1209,7941,0,1,99.99,1,0.1,196.3
2026-05-22T10:27:25,2.1,1206,7941,0,1,99.99,6,0.1,196.3
2026-05-22T10:27:31,1.8,1205,7941,0,1,99.99,1,0.1,196.3
2026-05-22T10:27:36,2.0,1206,7941,0,1,99.99,6,0.1,196.3
2026-05-22T10:27:41,1.7,1209,7941,0,1,99.99,1,0.1,196.3
2026-05-22T10:27:46,1.8,1208,7941,0,1,99.99,6,0.1,196.3
2026-05-22T10:27:52,1.4,1208,7941,0,1,99.99,1,0.1,196.3
2026-05-22T10:27:57,1.8,1203,7941,0,1,99.99,7,0.1,196.3
2026-05-22T10:28:02,1.6,1208,7941,0,1,99.99,1,0.1,196.3
2026-05-22T10:28:07,2.0,1205,7941,0,1,99.99,6,0.1,196.3
2026-05-22T10:28:12,1.6,1205,7941,0,1,99.99,1,0.1,196.3
2026-05-22T10:28:18,2.2,1201,7941,0,1,99.99,6,0.1,196.3
2026-05-22T10:28:23,1.6,1206,7941,0,1,99.99,1,0.1,196.3
2026-05-22T10:28:28,1.8,1201,7941,0,1,99.99,6,0.1,196.3
2026-05-22T10:28:33,1.7,1207,7941,0,1,99.99,1,0.1,196.3
2026-05-22T10:28:39,2.1,1209,7941,0,1,99.99,6,0.1,196.3
2026-05-22T10:28:44,2.0,1206,7941,0,1,99.99,6,0.1,196.3
2026-05-22T10:28:49,1.7,1200,7941,0,1,99.99,1,0.1,196.3
2026-05-22T10:28:54,1.9,1190,7941,0,1,99.99,6,0.1,196.3
2026-05-22T10:29:00,1.8,1198,7941,0,1,99.99,1,0.1,196.3
2026-05-22T10:29:05,1.9,1194,7941,0,1,99.99,6,0.1,196.3
2026-05-22T10:29:10,1.8,1195,7941,0,1,99.99,1,0.1,196.3
2026-05-22T10:29:15,2.0,1195,7941,0,1,99.99,6,0.1,196.3
2026-05-22T10:29:21,1.5,1191,7941,0,1,99.99,1,0.1,196.3
2026-05-22T10:29:26,1.9,1190,7941,0,1,99.99,6,0.1,196.3
2026-05-22T10:29:31,1.7,1195,7941,0,1,99.99,1,0.1,196.3
2026-05-22T10:29:36,1.8,1194,7941,0,1,99.99,6,0.1,196.3
2026-05-22T10:29:42,1.6,1200,7941,0,1,99.99,1,0.1,196.3
2026-05-22T10:29:47,2.2,1193,7941,0,1,99.99,6,0.1,196.3
2026-05-22T10:29:52,1.6,1192,7941,0,1,99.99,1,0.1,196.3
2026-05-22T10:29:57,1.8,1190,7941,0,1,99.99,7,0.1,196.3
2026-05-22T10:30:03,1.8,1195,7941,0,1,99.99,1,0.1,196.3
2026-05-22T10:30:08,2.8,1194,7941,0,1,99.99,6,0.1,196.3
2026-05-22T10:30:13,2.1,1200,7941,0,1,99.99,1,0.1,196.3
2026-05-22T10:30:19,2.6,1196,7941,0,1,99.99,6,0.1,196.3
2026-05-22T10:30:24,2.2,1196,7941,0,1,99.99,6,0.1,196.3
2026-05-22T10:30:29,1.7,1200,7941,0,1,99.99,1,0.1,196.3
2026-05-22T10:30:35,2.1,1196,7941,0,1,99.99,6,0.1,196.3
2026-05-22T10:30:40,2.1,1198,7941,0,1,99.99,1,0.1,196.3
2026-05-22T10:30:45,1.9,1192,7941,0,1,99.99,6,0.1,196.3
2026-05-22T10:30:50,1.7,1194,7941,0,1,99.99,1,0.1,196.3
2026-05-22T10:30:56,2.1,1192,7941,0,1,99.99,7,0.1,196.3
2026-05-22T10:31:01,1.6,1196,7941,0,1,99.99,1,0.1,196.3
2026-05-22T10:31:06,2.0,1195,7941,0,1,99.99,6,0.1,196.3
2026-05-22T10:31:11,1.5,1193,7941,0,1,99.99,1,0.1,196.3
2026-05-22T10:31:17,2.0,1194,7941,0,1,99.99,6,0.1,196.3
2026-05-22T10:31:22,1.4,1199,7941,0,1,99.99,1,0.1,196.3
2026-05-22T10:31:27,1.7,1191,7941,0,1,99.99,6,0.1,196.3
2026-05-22T10:31:32,1.4,1195,7941,0,1,99.99,1,0.1,196.3
2026-05-22T10:31:37,1.6,1201,7941,0,1,99.99,6,0.1,196.3
2026-05-22T10:31:43,1.5,1195,7941,0,1,99.99,1,0.1,196.3
2026-05-22T10:31:48,1.8,1191,7941,0,1,99.99,6,0.1,196.3
2026-05-22T10:31:53,1.4,1198,7941,0,1,99.99,1,0.1,196.3
2026-05-22T10:31:58,1.8,1197,7941,0,1,99.99,7,0.1,196.3
2026-05-22T10:32:04,1.5,1200,7941,0,1,99.99,1,0.1,196.3
2026-05-22T10:32:09,1.9,1204,7941,0,1,99.99,6,0.1,196.3
2026-05-22T10:32:14,1.7,1201,7941,0,1,99.99,6,0.1,196.3
2026-05-22T10:32:19,1.6,1203,7941,0,1,99.99,1,0.1,196.3
2026-05-22T10:32:24,1.8,1192,7941,0,1,99.99,6,0.1,196.3
2026-05-22T10:32:30,1.5,1201,7941,0,1,99.99,1,0.1,196.3
2026-05-22T10:32:35,1.8,1197,7941,0,1,99.99,6,0.1,196.3
2026-05-22T10:32:40,1.9,1205,7941,0,1,99.99,1,0.1,196.3
2026-05-22T10:32:45,2.0,1201,7941,0,1,99.99,6,0.1,196.3
2026-05-22T10:32:51,1.5,1195,7941,0,1,99.99,1,0.1,196.3
2026-05-22T10:32:56,2.0,1202,7941,0,1,99.99,7,0.1,196.3
2026-05-22T10:33:01,1.5,1196,7941,0,1,99.99,1,0.1,196.3
2026-05-22T10:33:06,2.4,1201,7941,0,1,99.99,6,0.1,196.3
2026-05-22T10:33:12,1.5,1205,7941,0,1,99.99,1,0.1,196.3
2026-05-22T10:33:17,1.7,1204,7941,0,1,99.99,6,0.1,196.3
2026-05-22T10:33:22,1.4,1211,7941,0,1,99.99,1,0.1,196.3
2026-05-22T10:33:27,1.7,1203,7941,0,1,99.99,6,0.1,196.3
2026-05-22T10:33:33,1.7,1207,7941,0,1,99.99,1,0.1,196.3
2026-05-22T10:33:38,1.7,1201,7941,0,1,99.99,6,0.1,196.3
2026-05-22T10:33:43,1.6,1204,7941,0,1,99.99,1,0.1,196.3
2026-05-22T10:33:48,1.8,1211,7941,0,1,99.99,6,0.1,196.3
2026-05-22T10:33:53,1.6,1211,7941,0,1,99.99,1,0.1,196.3
2026-05-22T10:33:59,1.7,1209,7941,0,1,99.99,7,0.1,196.3
2026-05-22T10:34:04,1.8,1207,7941,0,1,99.99,6,0.1,196.3
2026-05-22T10:34:09,1.8,1207,7941,0,1,99.99,1,0.1,196.3
2026-05-22T10:34:14,1.7,1211,7941,0,1,99.99,6,0.1,196.3
2026-05-22T10:34:20,2.0,1202,7941,0,1,99.99,1,0.1,196.3
2026-05-22T10:34:25,1.7,1206,7941,0,1,99.99,6,0.1,196.3
2026-05-22T10:34:30,1.5,1210,7941,0,1,99.99,1,0.1,196.3
2026-05-22T10:34:35,1.9,1209,7941,0,1,99.99,6,0.1,196.3
2026-05-22T10:34:41,1.9,1209,7941,0,1,99.99,1,0.1,196.3
2026-05-22T10:34:46,1.9,1205,7941,0,1,99.99,6,0.1,196.3
2026-05-22T10:34:51,1.6,1202,7941,0,1,99.99,1,0.1,196.3
2026-05-22T10:34:56,1.8,1205,7941,0,1,99.99,7,0.1,196.3
2026-05-22T10:35:02,1.9,1206,7941,0,1,99.99,1,0.1,196.3
2026-05-22T10:35:07,2.8,1210,7941,0,1,99.99,6,0.1,196.3
2026-05-22T10:35:12,1.5,1205,7941,0,1,99.99,1,0.1,196.3
2026-05-22T10:35:17,2.0,1214,7941,0,1,99.99,6,0.1,196.3
2026-05-22T10:35:23,1.5,1212,7941,0,1,99.99,1,0.1,196.3
2026-05-22T10:35:28,1.8,1213,7941,0,1,99.99,6,0.1,196.3
2026-05-22T10:35:33,1.5,1204,7941,0,1,99.99,1,0.1,196.3
2026-05-22T10:35:38,1.9,1209,7941,0,1,99.99,6,0.1,196.3
2026-05-22T10:35:44,1.5,1211,7941,0,1,99.99,1,0.1,196.3
2026-05-22T10:35:49,1.7,1212,7941,0,1,99.99,6,0.1,196.3
2026-05-22T10:35:54,1.7,1209,7941,0,1,99.99,6,0.1,196.3
2026-05-22T10:35:59,1.5,1209,7941,0,1,99.99,1,0.1,196.3
2026-05-22T10:36:04,1.9,1212,7941,0,1,99.99,6,0.1,196.3
2026-05-22T10:36:10,1.6,1209,7941,0,1,99.99,1,0.1,196.3
2026-05-22T10:36:15,1.9,1208,7941,0,1,99.99,6,0.1,196.3
2026-05-22T10:36:20,1.6,1209,7941,0,1,99.99,1,0.1,196.3
2026-05-22T10:36:25,1.8,1214,7941,0,1,99.99,6,0.1,196.3
2026-05-22T10:36:31,1.5,1215,7941,0,1,99.99,1,0.1,196.3
2026-05-22T10:36:36,1.9,1213,7941,0,1,99.99,6,0.1,196.3
2026-05-22T10:36:41,1.7,1206,7941,0,1,99.99,1,0.1,196.3
2026-05-22T10:36:46,2.0,1207,7941,0,1,99.99,6,0.1,196.3
2026-05-22T10:36:51,1.7,1201,7941,0,1,99.99,1,0.1,196.3
2026-05-22T10:36:57,1.7,1196,7941,0,1,99.99,7,0.1,196.3
2026-05-22T10:37:02,1.5,1201,7941,0,1,99.99,1,0.1,196.3
2026-05-22T10:37:07,2.1,1195,7941,0,1,99.99,6,0.1,196.3
2026-05-22T10:37:12,1.6,1203,7941,0,1,99.99,1,0.1,196.3
2026-05-22T10:37:18,2.0,1196,7941,0,1,99.99,6,0.1,196.3
2026-05-22T10:37:23,1.5,1198,7941,0,1,99.99,1,0.1,196.3
2026-05-22T10:37:28,1.8,1191,7941,0,1,99.99,6,0.1,196.3
2026-05-22T10:37:33,1.7,1202,7941,0,1,99.99,1,0.1,196.3
2026-05-22T10:37:39,1.8,1204,7941,0,1,99.99,6,0.1,196.3
2026-05-22T10:37:44,2.1,1199,7941,0,1,99.99,6,0.1,196.3
2026-05-22T10:37:49,1.6,1205,7941,0,1,99.99,1,0.1,196.3
2026-05-22T10:37:54,1.8,1197,7941,0,1,99.99,6,0.1,196.3
2026-05-22T10:38:00,1.6,1202,7941,0,1,99.99,1,0.1,196.3
2026-05-22T10:38:05,2.0,1203,7941,0,1,99.99,6,0.1,196.3
2026-05-22T10:38:10,1.7,1200,7941,0,1,99.99,1,0.1,196.3
2026-05-22T10:38:15,1.8,1200,7941,0,1,99.99,6,0.1,196.3
2026-05-22T10:38:21,1.9,1202,7941,0,1,99.99,1,0.1,196.3
2026-05-22T10:38:26,1.9,1195,7941,0,1,99.99,6,0.1,196.3
2026-05-22T10:38:31,1.7,1199,7941,0,1,99.99,1,0.1,196.3
2026-05-22T10:38:36,2.2,1203,7941,0,1,99.99,6,0.1,196.3
2026-05-22T10:38:42,1.9,1206,7941,0,1,99.99,1,0.1,196.3
2026-05-22T10:38:47,1.7,1203,7941,0,1,99.99,6,0.1,196.3
2026-05-22T10:38:52,1.6,1208,7941,0,1,99.99,1,0.1,196.3
2026-05-22T10:38:57,2.0,1212,7941,0,1,99.99,7,0.1,196.3
2026-05-22T10:39:02,1.6,1207,7941,0,1,99.99,1,0.1,196.3
2026-05-22T10:39:08,2.6,1207,7941,0,1,99.99,6,0.1,196.3
2026-05-22T10:39:13,1.5,1202,7941,0,1,99.99,1,0.1,196.3
2026-05-22T10:39:18,1.9,1208,7941,0,1,99.99,6,0.1,196.3
2026-05-22T10:39:24,1.8,1209,7941,0,1,99.99,6,0.1,196.3
2026-05-22T10:39:29,1.9,1206,7941,0,1,99.99,1,0.1,196.3
2026-05-22T10:39:34,2.0,1204,7941,0,1,99.99,6,0.1,196.3
2026-05-22T10:39:39,1.7,1205,7941,0,1,99.99,1,0.1,196.3
2026-05-22T10:39:45,1.9,1209,7941,0,1,99.99,6,0.1,196.3
2026-05-22T10:39:50,1.7,1210,7941,0,1,99.99,1,0.1,196.3
2026-05-22T10:39:55,1.8,1208,7941,0,1,99.99,6,0.1,196.3
2026-05-22T10:40:00,1.5,1207,7941,0,1,99.99,1,0.1,196.3
2026-05-22T10:40:06,2.5,1206,7941,0,1,99.99,6,0.1,196.3
2026-05-22T10:40:11,2.1,1205,7941,0,1,99.99,1,0.1,196.3
2026-05-22T10:40:16,2.1,1207,7941,0,1,99.99,6,0.1,196.3
2026-05-22T10:40:22,2.1,1211,7941,0,1,99.99,1,0.1,196.3
2026-05-22T10:40:27,1.7,1219,7941,0,1,99.99,6,0.1,196.3
2026-05-22T10:40:32,1.5,1215,7941,0,1,99.99,1,0.1,196.3
2026-05-22T10:40:37,1.9,1210,7941,0,1,99.99,6,0.1,196.3
2026-05-22T10:40:43,2.0,1207,7941,0,1,99.99,1,0.1,196.3
2026-05-22T10:40:48,1.9,1202,7941,0,1,99.99,6,0.1,196.3
2026-05-22T10:40:53,1.7,1211,7941,0,1,99.99,1,0.1,196.3
2026-05-22T10:40:58,2.0,1211,7941,0,1,99.99,7,0.1,196.3
2026-05-22T10:41:03,1.7,1213,7941,0,1,99.99,1,0.1,196.3
2026-05-22T10:41:09,2.0,1208,7941,0,1,99.99,6,0.1,196.3
2026-05-22T10:41:14,2.0,1203,7941,0,1,99.99,6,0.1,196.3
2026-05-22T10:41:19,1.4,1203,7941,0,1,99.99,1,0.1,196.3
2026-05-22T10:41:24,2.1,1202,7941,0,1,99.99,6,0.1,196.3
2026-05-22T10:41:30,1.8,1209,7941,0,1,99.99,1,0.1,196.3
2026-05-22T10:41:35,2.0,1207,7941,0,1,99.99,6,0.1,196.3
2026-05-22T10:41:40,1.5,1204,7941,0,1,99.99,1,0.1,196.3
2026-05-22T10:41:45,2.0,1208,7941,0,1,99.99,6,0.1,196.3
2026-05-22T10:41:51,1.4,1208,7941,0,1,99.99,1,0.1,196.3
2026-05-22T10:41:56,1.9,1206,7941,0,1,99.99,7,0.1,196.3
2026-05-22T10:42:01,1.5,1202,7941,0,1,99.99,1,0.1,196.3
2026-05-22T10:42:06,2.2,1199,7941,0,1,99.99,6,0.1,196.3
2026-05-22T10:42:12,1.7,1207,7941,0,1,99.99,1,0.1,196.3
2026-05-22T10:42:17,2.1,1216,7941,0,1,99.99,6,0.1,196.3
2026-05-22T10:42:22,1.8,1205,7941,0,1,99.99,1,0.1,196.3
2026-05-22T10:42:28,2.1,1200,7941,0,1,99.99,6,0.1,196.3
2026-05-22T10:42:33,1.6,1204,7941,0,1,99.99,1,0.1,196.3
2026-05-22T10:42:38,2.0,1208,7941,0,1,99.99,6,0.1,196.3
2026-05-22T10:42:43,2.0,1209,7941,0,1,99.99,1,0.1,196.3
2026-05-22T10:42:49,2.2,1198,7941,0,1,99.99,6,0.1,196.3
2026-05-22T10:42:54,2.1,1199,7941,0,1,99.99,6,0.1,196.3
2026-05-22T10:42:59,1.6,1198,7941,0,1,99.99,1,0.1,196.3
2026-05-22T10:43:04,2.0,1192,7941,0,1,99.99,6,0.1,196.3
2026-05-22T10:43:10,1.9,1196,7941,0,1,99.99,1,0.1,196.3
2026-05-22T10:43:15,2.1,1194,7941,0,1,99.99,6,0.1,196.3
2026-05-22T10:43:20,1.7,1202,7941,0,1,99.99,1,0.1,196.3
2026-05-22T10:43:25,2.1,1201,7941,0,1,99.99,6,0.1,196.3
2026-05-22T10:43:31,1.5,1205,7941,0,1,99.99,1,0.1,196.3
2026-05-22T10:43:36,1.8,1205,7941,0,1,99.99,6,0.1,196.3
2026-05-22T10:43:41,1.5,1207,7941,0,1,99.99,1,0.1,196.3
2026-05-22T10:43:46,1.9,1208,7941,0,1,99.99,6,0.1,196.3
2026-05-22T10:43:52,1.5,1206,7941,0,1,99.99,1,0.1,196.3
2026-05-22T10:43:57,2.1,1207,7941,0,1,99.99,7,0.1,196.3
2026-05-22T10:44:02,1.9,1208,7941,0,1,99.99,1,0.1,196.3
2026-05-22T10:44:07,2.2,1204,7941,0,1,99.99,6,0.1,196.3
2026-05-22T10:44:13,1.6,1205,7941,0,1,99.99,1,0.1,196.3
2026-05-22T10:44:18,2.2,1206,7941,0,1,99.99,6,0.1,196.3
2026-05-22T10:44:23,1.9,1202,7941,0,1,99.99,1,0.1,196.3
2026-05-22T10:44:28,2.0,1206,7941,0,1,99.99,6,0.1,196.3
2026-05-22T10:44:34,1.9,1207,7941,1,1,99.99,6,0.1,196.3
2026-05-22T10:44:39,2.6,1206,7941,0,1,99.99,1,0.1,196.3
2026-05-22T10:44:44,2.1,1203,7941,0,1,99.99,6,0.1,196.3
2026-05-22T10:44:50,1.8,1205,7941,0,1,99.99,1,0.1,196.3
2026-05-22T10:44:55,2.0,1206,7941,0,1,99.99,6,0.1,196.3
2026-05-22T10:45:00,1.9,1209,7941,0,1,99.99,1,0.1,196.3
2026-05-22T10:45:05,2.5,1203,7941,0,1,99.99,6,0.1,196.3
2026-05-22T10:45:11,2.3,1210,7941,0,1,99.99,1,0.1,196.3
2026-05-22T10:45:16,2.1,1213,7941,0,1,99.99,6,0.1,196.3
2026-05-22T10:45:21,1.6,1207,7941,0,1,99.99,1,0.1,196.3
2026-05-22T10:45:27,2.2,1205,7941,0,1,99.99,6,0.1,196.3
2026-05-22T10:45:32,1.7,1204,7941,0,1,99.99,1,0.1,196.3
2026-05-22T10:45:37,1.9,1203,7941,0,1,99.99,6,0.1,196.3
2026-05-22T10:45:42,1.7,1203,7941,0,1,99.99,1,0.1,196.3
2026-05-22T10:45:47,1.9,1208,7941,0,1,99.99,6,0.1,196.3
2026-05-22T10:45:53,1.7,1205,7941,0,1,99.99,1,0.1,196.3
2026-05-22T10:45:58,2.1,1205,7941,0,1,99.99,7,0.1,196.3
2026-05-22T10:46:03,1.5,1209,7941,0,1,99.99,1,0.1,196.3
2026-05-22T10:46:09,2.3,1202,7941,0,1,99.99,6,0.1,196.3
2026-05-22T10:46:14,2.1,1197,7941,0,1,99.99,6,0.1,196.3
2026-05-22T10:46:19,2.0,1202,7941,0,1,99.99,1,0.1,196.3
2026-05-22T10:46:24,2.0,1204,7941,0,1,99.99,6,0.1,196.3
2026-05-22T10:46:30,1.5,1206,7941,0,1,99.99,1,0.1,196.3
2026-05-22T10:46:35,2.0,1205,7941,0,1,99.99,6,0.1,196.3
2026-05-22T10:46:40,2.0,1206,7941,0,1,99.99,1,0.1,196.3
2026-05-22T10:46:45,2.2,1200,7941,0,1,99.99,6,0.1,196.3
2026-05-22T10:46:51,1.7,1207,7941,0,1,99.99,1,0.1,196.3
2026-05-22T10:46:56,2.1,1206,7941,0,1,99.99,7,0.1,196.3
2026-05-22T10:47:01,1.6,1201,7941,0,1,99.99,1,0.1,196.3
2026-05-22T10:47:06,2.4,1203,7941,0,1,99.99,6,0.1,196.3
2026-05-22T10:47:12,1.9,1196,7941,0,1,99.99,1,0.1,196.3
2026-05-22T10:47:17,2.4,1202,7941,0,1,99.99,6,0.1,196.3
2026-05-22T10:47:22,1.7,1207,7941,0,1,99.99,1,0.1,196.3
2026-05-22T10:47:28,2.2,1198,7941,0,1,99.99,6,0.1,196.3
2026-05-22T10:47:33,1.6,1199,7941,0,1,99.99,1,0.1,196.3
2026-05-22T10:47:38,2.1,1205,7941,0,1,99.99,6,0.1,196.3
2026-05-22T10:47:43,1.6,1206,7941,0,1,99.99,1,0.1,196.3
2026-05-22T10:47:49,2.0,1198,7941,0,1,99.99,6,0.1,196.3
2026-05-22T10:47:54,1.6,1208,7941,0,1,99.99,6,0.1,196.3
2026-05-22T10:47:59,2.0,1210,7941,0,1,99.99,1,0.1,196.3
2026-05-22T10:48:04,2.1,1200,7941,0,1,99.99,6,0.1,196.3
2026-05-22T10:48:10,1.9,1207,7941,0,1,99.99,1,0.1,196.3
2026-05-22T10:48:15,2.0,1206,7941,0,1,99.99,6,0.1,196.3
2026-05-22T10:48:20,1.9,1208,7941,0,1,99.99,1,0.1,196.3
2026-05-22T10:48:25,2.1,1203,7941,0,1,99.99,6,0.1,196.3
2026-05-22T10:48:31,1.6,1201,7941,0,1,99.99,1,0.1,196.3
2026-05-22T10:48:36,1.9,1204,7941,0,1,99.99,6,0.1,196.3
2026-05-22T10:48:41,1.8,1200,7941,0,1,99.99,1,0.1,196.3
2026-05-22T10:48:46,2.1,1208,7941,0,1,99.99,6,0.1,196.3
2026-05-22T10:48:52,1.6,1210,7941,0,1,99.99,1,0.1,196.3
2026-05-22T10:48:57,2.1,1208,7941,0,1,99.99,7,0.1,196.3
2026-05-22T10:49:02,1.9,1205,7941,0,1,99.99,1,0.1,196.3
2026-05-22T10:49:08,2.5,1205,7941,0,1,99.99,6,0.1,196.3
2026-05-22T10:49:13,1.6,1205,7941,0,1,99.99,1,0.1,196.3
2026-05-22T10:49:18,2.2,1212,7941,0,1,99.99,6,0.1,196.3
2026-05-22T10:49:23,1.8,1219,7941,0,1,99.99,1,0.1,196.3
2026-05-22T10:49:29,2.1,1209,7941,0,1,99.99,6,0.1,196.3
2026-05-22T10:49:34,2.2,1208,7941,0,1,99.99,6,0.1,196.3
2026-05-22T10:49:39,1.8,1211,7941,0,1,99.99,1,0.1,196.3
2026-05-22T10:49:45,1.9,1200,7941,0,1,99.99,6,0.1,196.3
2026-05-22T10:49:50,1.9,1212,7941,0,1,99.99,1,0.1,196.3
2026-05-22T10:49:55,2.0,1208,7941,0,1,99.99,6,0.1,196.3
2026-05-22T10:50:00,1.7,1211,7941,0,1,99.99,1,0.1,196.3
2026-05-22T10:50:06,2.5,1208,7941,0,1,99.99,6,0.1,196.3
2026-05-22T10:50:11,2.5,1215,7941,0,1,99.99,1,0.1,196.3
2026-05-22T10:50:16,2.5,1217,7941,0,1,99.99,6,0.1,196.3
2026-05-22T10:50:22,2.1,1208,7941,0,1,99.99,1,0.1,196.3
2026-05-22T10:50:27,1.8,1211,7941,0,1,99.99,6,0.1,196.3
2026-05-22T10:50:32,1.6,1210,7941,0,1,99.99,1,0.1,196.3
2026-05-22T10:50:37,2.0,1202,7941,0,1,99.99,6,0.1,196.3
2026-05-22T10:50:43,1.9,1207,7941,0,1,99.99,1,0.1,196.3
2026-05-22T10:50:48,1.9,1203,7941,0,1,99.99,6,0.1,196.3
2026-05-22T10:50:53,1.6,1203,7941,0,1,99.99,1,0.1,196.3
2026-05-22T10:50:58,1.7,1199,7941,0,1,99.99,7,0.1,196.3
2026-05-22T10:51:04,1.7,1203,7941,0,1,99.99,6,0.1,196.3
2026-05-22T10:51:09,2.2,1204,7941,0,1,99.99,1,0.1,196.3
2026-05-22T10:51:14,1.9,1199,7941,0,1,99.99,6,0.1,196.3
2026-05-22T10:51:19,1.7,1201,7941,0,1,99.99,1,0.1,196.3
2026-05-22T10:51:25,1.9,1202,7941,0,1,99.99,6,0.1,196.3
2026-05-22T10:51:30,1.5,1202,7941,0,1,99.99,1,0.1,196.3
2026-05-22T10:51:35,1.7,1210,7941,0,1,99.99,6,0.1,196.3
2026-05-22T10:51:40,1.5,1205,7941,0,1,99.99,1,0.1,196.3
2026-05-22T10:51:45,2.0,1198,7941,0,1,99.99,6,0.1,196.3
2026-05-22T10:51:51,1.5,1210,7941,0,1,99.99,1,0.1,196.3
2026-05-22T10:51:56,2.0,1199,7941,0,1,99.99,7,0.1,196.3
2026-05-22T10:52:01,1.8,1212,7941,0,1,99.99,1,0.1,196.3
2026-05-22T10:52:07,2.3,1209,7941,0,1,99.99,6,0.1,196.3
2026-05-22T10:52:12,1.9,1204,7941,0,1,99.99,1,0.1,196.3
2026-05-22T10:52:17,1.9,1212,7941,0,1,99.99,6,0.1,196.3
2026-05-22T10:52:22,1.6,1206,7941,0,1,99.99,1,0.1,196.3
2026-05-22T10:52:27,1.6,1196,7941,0,1,99.99,6,0.1,196.3
2026-05-22T10:52:33,1.6,1200,7941,0,1,99.99,1,0.1,196.3
2026-05-22T10:52:38,1.8,1209,7941,0,1,99.99,6,0.1,196.3
2026-05-22T10:52:43,2.0,1209,7941,0,1,99.99,1,0.1,196.3
2026-05-22T10:52:48,1.9,1187,7941,0,1,99.99,6,0.1,196.3
2026-05-22T10:52:54,1.7,1190,7941,0,1,99.99,6,0.1,196.3
2026-05-22T10:52:59,1.8,1197,7941,0,1,99.99,1,0.1,196.3
2026-05-22T10:53:04,2.2,1191,7941,0,1,99.99,6,0.1,196.3
2026-05-22T10:53:09,1.6,1198,7941,0,1,99.99,1,0.1,196.3
2026-05-22T10:53:15,1.8,1186,7941,0,1,99.99,6,0.1,196.3
2026-05-22T10:53:20,1.7,1194,7941,0,1,99.99,1,0.1,196.3
2026-05-22T10:53:25,1.8,1190,7941,0,1,99.99,6,0.1,196.3
2026-05-22T10:53:30,1.6,1194,7941,0,1,99.99,1,0.1,196.3
2026-05-22T10:53:36,1.9,1195,7941,0,1,99.99,6,0.1,196.3
2026-05-22T10:53:41,1.5,1196,7941,0,1,99.99,1,0.1,196.3
2026-05-22T10:53:46,1.9,1194,7941,0,1,99.99,6,0.1,196.3
2026-05-22T10:53:51,1.4,1194,7941,0,1,99.99,1,0.1,196.3
2026-05-22T10:53:57,2.0,1198,7941,0,1,99.99,7,0.1,196.3
2026-05-22T10:54:02,1.7,1196,7941,0,1,99.99,1,0.1,196.3
2026-05-22T10:54:07,2.0,1197,7941,0,1,99.99,6,0.1,196.3
2026-05-22T10:54:12,1.5,1201,7941,0,1,99.99,1,0.1,196.3
2026-05-22T10:54:18,2.0,1202,7941,0,1,99.99,6,0.1,196.3
2026-05-22T10:54:23,2.0,1198,7941,0,1,99.99,1,0.1,196.3
2026-05-22T10:54:28,1.7,1197,7941,0,1,99.99,6,0.1,196.3
2026-05-22T10:54:33,1.4,1192,7941,0,1,99.99,1,0.1,196.3
2026-05-22T10:54:39,2.0,1191,7941,0,1,99.99,6,0.1,196.3
2026-05-22T10:54:44,2.0,1204,7941,0,1,99.99,6,0.1,196.3
2026-05-22T10:54:49,2.1,1205,7941,0,1,99.99,1,0.1,196.3
2026-05-22T10:54:54,1.9,1191,7941,0,1,99.99,6,0.1,196.3
2026-05-22T10:55:00,1.5,1197,7941,0,1,99.99,1,0.1,196.3
2026-05-22T10:55:05,2.5,1196,7941,0,1,99.99,6,0.1,196.3
2026-05-22T10:55:10,2.1,1200,7941,0,1,99.99,1,0.1,196.3
2026-05-22T10:55:15,1.9,1196,7941,0,1,99.99,6,0.1,196.3
2026-05-22T10:55:21,1.9,1197,7941,0,1,99.99,1,0.1,196.3
2026-05-22T10:55:26,2.1,1195,7941,0,1,99.99,6,0.1,196.3
2026-05-22T10:55:31,1.5,1197,7941,0,1,99.99,1,0.1,196.3
2026-05-22T10:55:36,2.0,1197,7941,0,1,99.99,6,0.1,196.3
2026-05-22T10:55:42,1.7,1198,7941,0,1,99.99,1,0.1,196.3
2026-05-22T10:55:47,1.9,1200,7941,0,1,99.99,6,0.1,196.3
2026-05-22T10:55:52,1.6,1198,7941,0,1,99.99,1,0.1,196.3
2026-05-22T10:55:57,1.8,1194,7941,0,1,99.99,7,0.1,196.3
2026-05-22T10:56:03,1.6,1194,7941,0,1,99.99,1,0.1,196.3
2026-05-22T10:56:08,1.9,1193,7941,0,1,99.99,6,0.1,196.3
2026-05-22T10:56:13,2.0,1193,7941,0,1,99.99,1,0.1,196.3
2026-05-22T10:56:18,2.0,1196,7941,0,1,99.99,6,0.1,196.3
2026-05-22T10:56:24,1.7,1198,7941,0,1,99.99,6,0.1,196.3
2026-05-22T10:56:29,2.0,1198,7941,0,1,99.99,1,0.1,196.3
2026-05-22T10:56:34,1.9,1198,7941,0,1,99.99,6,0.1,196.3
2026-05-22T10:56:39,1.6,1198,7941,0,1,99.99,1,0.1,196.3
2026-05-22T10:56:45,2.0,1198,7941,0,1,99.99,6,0.1,196.3
2026-05-22T10:56:50,1.6,1197,7941,0,1,99.99,1,0.1,196.3
2026-05-22T10:56:55,1.8,1193,7941,0,1,99.99,6,0.1,196.3
2026-05-22T10:57:00,1.7,1199,7941,0,1,99.99,1,0.1,196.3
2026-05-22T10:57:06,2.1,1197,7941,0,1,99.99,6,0.1,196.3
2026-05-22T10:57:11,1.6,1200,7941,0,1,99.99,1,0.1,196.3
2026-05-22T10:57:16,2.1,1191,7941,0,1,99.99,6,0.1,196.3
2026-05-22T10:57:21,1.9,1200,7941,0,1,99.99,1,0.1,196.3
2026-05-22T10:57:27,2.2,1194,7941,0,1,99.99,6,0.1,196.3
2026-05-22T10:57:32,1.7,1197,7941,0,1,99.99,1,0.1,196.3
2026-05-22T10:57:37,2.0,1202,7941,0,1,99.99,6,0.1,196.3
2026-05-22T10:57:42,1.5,1204,7941,0,1,99.99,1,0.1,196.3
2026-05-22T10:57:48,2.1,1193,7941,0,1,99.99,6,0.1,196.3
2026-05-22T10:57:53,1.5,1200,7941,0,1,99.99,1,0.1,196.3
2026-05-22T10:57:58,2.1,1197,7941,0,1,99.99,7,0.1,196.3
2026-05-22T10:58:03,1.8,1198,7941,0,1,99.99,1,0.1,196.3
2026-05-22T10:58:09,2.2,1196,7941,0,1,99.99,6,0.1,196.3
2026-05-22T10:58:14,2.3,1199,7941,0,1,99.99,6,0.1,196.3
2026-05-22T10:58:19,1.9,1199,7941,0,1,99.99,1,0.1,196.3
2026-05-22T10:58:24,2.0,1192,7941,0,1,99.99,6,0.1,196.3
2026-05-22T10:58:30,1.8,1198,7941,0,1,99.99,1,0.1,196.3
2026-05-22T10:58:35,2.1,1199,7941,0,1,99.99,6,0.1,196.3
2026-05-22T10:58:40,2.1,1197,7941,0,1,99.99,1,0.1,196.3
2026-05-22T10:58:46,2.2,1192,7941,0,1,99.99,6,0.1,196.3
2026-05-22T10:58:51,1.6,1192,7941,0,1,99.99,1,0.1,196.3
2026-05-22T10:58:56,2.0,1196,7941,0,1,99.99,7,0.1,196.3
2026-05-22T10:59:01,1.5,1198,7941,0,1,99.99,1,0.1,196.3
2026-05-22T10:59:07,2.6,1201,7941,0,1,99.99,6,0.1,196.3
2026-05-22T10:59:12,1.9,1200,7941,0,1,99.99,1,0.1,196.3
2026-05-22T10:59:17,2.1,1202,7941,0,1,99.99,6,0.1,196.3
2026-05-22T10:59:22,1.6,1200,7941,0,1,99.99,1,0.1,196.3
2026-05-22T10:59:28,2.0,1195,7941,0,1,99.99,6,0.1,196.3
2026-05-22T10:59:33,1.5,1196,7941,0,1,99.99,1,0.1,196.3
2026-05-22T10:59:38,2.0,1203,7941,0,1,99.99,6,0.1,196.3
2026-05-22T10:59:43,2.1,1202,7941,0,1,99.99,1,0.1,196.3
2026-05-22T10:59:49,3.0,1198,7941,0,1,99.99,6,0.1,196.3
2026-05-22T10:59:54,2.0,1203,7941,0,1,99.99,6,0.1,196.3
2026-05-22T10:59:59,1.9,1204,7941,0,1,99.99,1,0.1,196.3
2026-05-22T11:00:05,5.2,1254,7941,0,1,99.99,6,0.1,196.3
2026-05-22T11:00:10,2.9,1258,7941,0,1,99.99,1,0.1,196.3
2026-05-22T11:00:16,3.1,1256,7941,0,1,99.99,7,0.1,196.3
2026-05-22T11:00:21,2.3,1258,7941,0,1,99.99,1,0.1,196.3
2026-05-22T11:00:26,2.5,1258,7941,0,1,99.99,6,0.1,196.3
2026-05-22T11:00:32,2.0,1258,7941,0,1,99.99,1,0.1,196.3
2026-05-22T11:00:37,2.0,1236,7941,0,1,99.99,6,0.1,196.3
2026-05-22T11:00:42,2.4,1221,7941,0,1,99.99,1,0.1,196.3
2026-05-22T11:00:48,2.1,1216,7941,0,1,99.99,6,0.1,196.3
2026-05-22T11:00:53,1.6,1228,7941,0,1,99.99,1,0.1,196.3
2026-05-22T11:00:58,2.0,1222,7941,0,1,99.99,7,0.1,196.3
2026-05-22T11:01:03,2.1,1225,7941,0,1,99.99,1,0.1,196.3
2026-05-22T11:01:09,2.3,1219,7941,0,1,99.99,6,0.1,196.3
2026-05-22T11:01:14,2.0,1232,7941,0,1,99.99,6,0.1,196.3
2026-05-22T11:01:19,1.8,1231,7941,0,1,99.99,1,0.1,196.3
2026-05-22T11:01:24,2.0,1221,7941,0,1,99.99,6,0.1,196.3
2026-05-22T11:01:30,1.8,1228,7941,0,1,99.99,1,0.1,196.3
2026-05-22T11:01:35,2.1,1227,7941,0,1,99.99,6,0.1,196.3
2026-05-22T11:01:40,1.8,1231,7941,0,1,99.99,1,0.1,196.3
2026-05-22T11:01:46,2.1,1225,7941,0,1,99.99,6,0.1,196.3
2026-05-22T11:01:51,1.8,1225,7941,0,1,99.99,1,0.1,196.3
2026-05-22T11:01:56,2.1,1228,7941,0,1,99.99,7,0.1,196.3
2026-05-22T11:02:01,1.7,1227,7941,0,1,99.99,1,0.1,196.3
2026-05-22T11:02:07,2.5,1222,7941,0,1,99.99,6,0.1,196.3
2026-05-22T11:02:12,1.9,1225,7941,0,1,99.99,1,0.1,196.3
2026-05-22T11:02:17,2.7,1222,7941,0,1,99.99,6,0.1,196.3
2026-05-22T11:02:22,1.6,1231,7941,0,1,99.99,1,0.1,196.3
2026-05-22T11:02:28,2.0,1226,7941,0,1,99.99,6,0.1,196.3
2026-05-22T11:02:33,1.7,1232,7941,0,1,99.99,1,0.1,196.3
2026-05-22T11:02:38,2.1,1212,7941,0,1,99.99,6,0.1,196.3
2026-05-22T11:02:43,2.5,1215,7941,0,1,99.99,1,0.1,196.3
2026-05-22T11:02:49,2.3,1198,7941,0,1,99.99,6,0.1,196.3
2026-05-22T11:02:54,2.0,1197,7941,0,1,99.99,6,0.1,196.3
2026-05-22T11:02:59,1.8,1205,7941,0,1,99.99,1,0.1,196.3
2026-05-22T11:03:05,2.2,1194,7941,0,1,99.99,6,0.1,196.3
2026-05-22T11:03:10,1.8,1202,7941,0,1,99.99,1,0.1,196.3
2026-05-22T11:03:15,2.1,1201,7941,0,1,99.99,6,0.1,196.3
2026-05-22T11:03:20,1.6,1207,7941,0,1,99.99,1,0.1,196.3
2026-05-22T11:03:26,2.1,1198,7941,0,1,99.99,6,0.1,196.3
2026-05-22T11:03:31,1.8,1204,7941,0,1,99.99,1,0.1,196.3
2026-05-22T11:03:36,2.0,1199,7941,0,1,99.99,6,0.1,196.3
2026-05-22T11:03:41,1.8,1202,7941,0,1,99.99,1,0.1,196.3
2026-05-22T11:03:47,2.2,1202,7941,0,1,99.99,6,0.1,196.3
2026-05-22T11:03:52,1.7,1198,7941,0,1,99.99,1,0.1,196.3
2026-05-22T11:03:57,2.3,1202,7941,0,1,99.99,7,0.1,196.3
2026-05-22T11:04:02,1.6,1206,7941,0,1,99.99,1,0.1,196.3
2026-05-22T11:04:08,2.3,1199,7941,0,1,99.99,6,0.1,196.3
2026-05-22T11:04:13,1.8,1206,7941,0,1,99.99,1,0.1,196.3
2026-05-22T11:04:18,2.1,1203,7941,0,1,99.99,6,0.1,196.3
2026-05-22T11:04:23,1.8,1208,7941,0,1,99.99,1,0.1,196.3
2026-05-22T11:04:29,1.8,1203,7941,0,1,99.99,6,0.1,196.3
2026-05-22T11:04:34,2.2,1198,7941,0,1,99.99,6,0.1,196.3
2026-05-22T11:04:39,1.8,1201,7941,0,1,99.99,1,0.1,196.3
2026-05-22T11:04:44,2.4,1199,7941,0,1,99.99,6,0.1,196.3
2026-05-22T11:04:50,2.1,1205,7941,0,1,99.99,1,0.1,196.3
2026-05-22T11:04:55,1.9,1200,7941,0,1,99.99,6,0.1,196.3
2026-05-22T11:05:00,1.6,1200,7941,0,1,99.99,1,0.1,196.3
2026-05-22T11:05:06,2.3,1199,7941,0,1,99.99,6,0.1,196.3
2026-05-22T11:05:11,1.8,1201,7941,0,1,99.99,1,0.1,196.3
2026-05-22T11:05:16,2.3,1192,7941,0,1,99.99,6,0.1,196.3
2026-05-22T11:05:21,1.8,1202,7941,0,1,99.99,1,0.1,196.3
2026-05-22T11:05:27,2.3,1190,7941,0,1,99.99,6,0.1,196.3
2026-05-22T11:05:32,1.9,1198,7941,0,1,99.99,1,0.1,196.3
2026-05-22T11:05:37,1.9,1198,7941,0,1,99.99,6,0.1,196.3
2026-05-22T11:05:42,1.6,1204,7941,0,1,99.99,1,0.1,196.3
2026-05-22T11:05:48,1.9,1200,7941,0,1,99.99,6,0.1,196.3
2026-05-22T11:05:53,1.5,1202,7941,0,1,99.99,1,0.1,196.3
2026-05-22T11:05:58,1.9,1197,7941,0,1,99.99,7,0.1,196.3
2026-05-22T11:06:03,1.7,1201,7941,0,1,99.99,1,0.1,196.3
2026-05-22T11:06:09,2.0,1197,7941,0,1,99.99,6,0.1,196.3
2026-05-22T11:06:14,2.0,1196,7941,0,1,99.99,6,0.1,196.3
2026-05-22T11:06:19,1.8,1201,7941,0,1,99.99,1,0.1,196.3
2026-05-22T11:06:24,2.0,1196,7941,0,1,99.99,6,0.1,196.3
2026-05-22T11:06:30,1.9,1202,7941,0,1,99.99,1,0.1,196.3
2026-05-22T11:06:35,2.1,1194,7941,0,1,99.99,6,0.1,196.3
2026-05-22T11:06:40,1.9,1200,7941,0,1,99.99,1,0.1,196.3
2026-05-22T11:06:45,2.2,1195,7941,0,1,99.99,6,0.1,196.3
2026-05-22T11:06:51,1.6,1191,7941,0,1,99.99,1,0.1,196.3
2026-05-22T11:06:56,2.0,1190,7941,0,1,99.99,6,0.1,196.3
2026-05-22T11:07:01,1.6,1197,7941,0,1,99.99,1,0.1,196.3
2026-05-22T11:07:07,2.4,1196,7941,0,1,99.99,6,0.1,196.3
2026-05-22T11:07:12,1.7,1201,7941,0,1,99.99,1,0.1,196.3
2026-05-22T11:07:17,2.2,1200,7941,0,1,99.99,6,0.1,196.3
2026-05-22T11:07:22,1.5,1202,7941,0,1,99.99,1,0.1,196.3
2026-05-22T11:07:28,1.7,1197,7941,0,1,99.99,6,0.1,196.3
2026-05-22T11:07:33,1.5,1198,7941,0,1,99.99,1,0.1,196.3
2026-05-22T11:07:38,1.8,1202,7941,0,1,99.99,6,0.1,196.3
2026-05-22T11:07:43,1.5,1196,7941,0,1,99.99,1,0.1,196.3
2026-05-22T11:07:48,1.9,1198,7941,0,1,99.99,6,0.1,196.3
2026-05-22T11:07:54,1.5,1201,7941,0,1,99.99,6,0.1,196.3
2026-05-22T11:07:59,2.1,1201,7941,0,1,99.99,1,0.1,196.3
2026-05-22T11:08:04,1.9,1197,7941,0,1,99.99,6,0.1,196.3
2026-05-22T11:08:09,1.8,1200,7941,0,1,99.99,1,0.1,196.3
2026-05-22T11:08:15,2.1,1199,7941,0,1,99.99,6,0.1,196.3
2026-05-22T11:08:20,1.8,1214,7941,0,1,99.99,1,0.1,196.3
2026-05-22T11:08:25,1.9,1205,7941,0,1,99.99,6,0.1,196.3
2026-05-22T11:08:30,1.4,1206,7941,0,1,99.99,1,0.1,196.3
2026-05-22T11:08:36,2.2,1205,7941,0,1,99.99,6,0.1,196.3
2026-05-22T11:08:41,1.9,1208,7941,0,1,99.99,1,0.1,196.3
2026-05-22T11:08:46,2.1,1204,7941,0,1,99.99,6,0.1,196.3
2026-05-22T11:08:51,1.4,1208,7941,0,1,99.99,1,0.1,196.3
2026-05-22T11:08:57,1.8,1204,7941,0,1,99.99,7,0.1,196.3
2026-05-22T11:09:02,1.6,1199,7941,0,1,99.99,1,0.1,196.3
2026-05-22T11:09:07,2.9,1195,7941,0,1,99.99,6,0.1,196.3
2026-05-22T11:09:13,1.7,1208,7941,0,1,99.99,1,0.1,196.3
2026-05-22T11:09:18,1.9,1204,7941,0,1,99.99,6,0.1,196.3
2026-05-22T11:09:23,1.4,1206,7941,0,1,99.99,1,0.1,196.3
2026-05-22T11:09:28,1.9,1209,7941,0,1,99.99,6,0.1,196.3
2026-05-22T11:09:34,1.6,1200,7941,0,1,99.99,1,0.1,196.3
2026-05-22T11:09:39,2.0,1206,7941,0,1,99.99,6,0.1,196.3
2026-05-22T11:09:44,1.7,1214,7941,0,1,99.99,6,0.1,196.3
2026-05-22T11:09:49,1.5,1211,7941,0,1,99.99,1,0.1,196.3
2026-05-22T11:09:54,1.9,1212,7941,0,1,99.99,6,0.1,196.3
2026-05-22T11:10:00,1.4,1202,7941,0,1,99.99,1,0.1,196.3
2026-05-22T11:10:05,2.1,1205,7941,0,1,99.99,6,0.1,196.3
2026-05-22T11:10:10,1.8,1200,7941,0,1,99.99,1,0.1,196.3
2026-05-22T11:10:15,2.4,1198,7941,0,1,99.99,6,0.1,196.3
2026-05-22T11:10:21,1.7,1204,7941,0,1,99.99,1,0.1,196.3
2026-05-22T11:10:26,1.9,1206,7941,0,1,99.99,6,0.1,196.3
2026-05-22T11:10:31,1.5,1210,7941,0,1,99.99,1,0.1,196.3
2026-05-22T11:10:36,2.0,1207,7941,0,1,99.99,6,0.1,196.3
2026-05-22T11:10:42,2.0,1197,7941,0,1,99.99,1,0.1,196.3
2026-05-22T11:10:47,1.9,1191,7941,0,1,99.99,6,0.1,196.3
2026-05-22T11:10:52,1.7,1195,7941,0,1,99.99,1,0.1,196.3
2026-05-22T11:10:57,1.8,1196,7941,0,1,99.99,7,0.1,196.3
2026-05-22T11:11:03,1.5,1191,7941,0,1,99.99,1,0.1,196.3
2026-05-22T11:11:08,1.8,1194,7941,0,1,99.99,6,0.1,196.3
2026-05-22T11:11:13,1.5,1198,7941,0,1,99.99,1,0.1,196.3
2026-05-22T11:11:18,2.0,1189,7941,0,1,99.99,6,0.1,196.3
2026-05-22T11:11:24,1.8,1191,7941,0,1,99.99,1,0.1,196.3
2026-05-22T11:11:29,1.8,1197,7941,0,1,99.99,6,0.1,196.3
2026-05-22T11:11:34,1.7,1194,7941,0,1,99.99,6,0.1,196.3
2026-05-22T11:11:39,1.4,1200,7941,0,1,99.99,1,0.1,196.3
2026-05-22T11:11:44,1.7,1196,7941,0,1,99.99,6,0.1,196.3
2026-05-22T11:11:50,1.6,1196,7941,0,1,99.99,1,0.1,196.3
2026-05-22T11:11:55,1.8,1196,7941,0,1,99.99,6,0.1,196.3
2026-05-22T11:12:00,1.4,1198,7941,0,1,99.99,1,0.1,196.3
2026-05-22T11:12:05,1.8,1201,7941,0,1,99.99,6,0.1,196.3
2026-05-22T11:12:11,1.3,1196,7941,0,1,99.99,1,0.1,196.3
2026-05-22T11:12:16,1.8,1193,7941,0,1,99.99,6,0.1,196.3
2026-05-22T11:12:21,1.5,1192,7941,0,1,99.99,1,0.1,196.3
2026-05-22T11:12:26,1.8,1199,7941,0,1,99.99,6,0.1,196.3
2026-05-22T11:12:31,1.6,1192,7941,0,1,99.99,1,0.1,196.3
2026-05-22T11:12:37,1.9,1193,7941,0,1,99.99,6,0.1,196.3
2026-05-22T11:12:42,2.0,1197,7941,0,1,99.99,1,0.1,196.3
2026-05-22T11:12:47,1.7,1194,7941,0,1,99.99,6,0.1,196.3
2026-05-22T11:12:52,1.4,1194,7941,0,1,99.99,1,0.1,196.3
2026-05-22T11:12:57,1.6,1196,7941,0,1,99.99,7,0.1,196.3
2026-05-22T11:13:03,1.6,1189,7941,0,1,99.99,1,0.1,196.3
2026-05-22T11:13:08,1.8,1188,7941,0,1,99.99,6,0.1,196.3
2026-05-22T11:13:13,1.4,1196,7941,0,1,99.99,1,0.1,196.3
2026-05-22T11:13:18,2.0,1203,7941,0,1,99.99,6,0.1,196.3
2026-05-22T11:13:24,1.5,1195,7941,0,1,99.99,3,0.1,196.3
2026-05-22T11:13:29,1.7,1187,7941,0,1,99.99,5,0.1,196.3
2026-05-22T11:13:34,1.9,1189,7941,0,1,99.99,6,0.1,196.3
2026-05-22T11:13:39,1.4,1194,7941,0,1,99.99,1,0.1,196.3
2026-05-22T11:13:45,1.8,1191,7941,0,1,99.99,6,0.1,196.3
2026-05-22T11:13:50,2.3,1201,7941,0,1,99.99,1,0.1,196.3
2026-05-22T11:13:55,1.8,1201,7941,0,1,99.99,6,0.1,196.3
2026-05-22T11:14:00,1.5,1205,7941,0,1,99.99,1,0.1,196.3
2026-05-22T11:14:05,2.0,1203,7941,0,1,99.99,6,0.1,196.3
2026-05-22T11:14:11,1.4,1208,7941,0,1,99.99,1,0.1,196.3
2026-05-22T11:14:16,1.8,1206,7941,0,1,99.99,6,0.1,196.3
2026-05-22T11:14:21,1.5,1206,7941,0,1,99.99,1,0.1,196.3
2026-05-22T11:14:26,1.6,1203,7941,0,1,99.99,6,0.1,196.3
2026-05-22T11:14:32,1.4,1209,7941,0,1,99.99,1,0.1,196.3
2026-05-22T11:14:37,1.7,1206,7941,0,1,99.99,6,0.1,196.3
2026-05-22T11:14:42,1.8,1203,7941,0,1,99.99,1,0.1,196.3
2026-05-22T11:14:47,1.6,1202,7941,0,1,99.99,6,0.1,196.3
2026-05-22T11:14:52,1.4,1206,7941,0,1,99.99,1,0.1,196.3
2026-05-22T11:14:58,1.8,1211,7941,0,1,99.99,6,0.1,196.3
2026-05-22T11:15:03,1.7,1215,7941,0,1,99.99,1,0.1,196.3
2026-05-22T11:15:08,2.8,1209,7941,0,1,99.99,6,0.1,196.3
2026-05-22T11:15:14,1.7,1212,7941,0,1,99.99,1,0.1,196.3
2026-05-22T11:15:19,1.8,1213,7941,0,1,99.99,7,0.1,196.3
2026-05-22T11:15:24,1.8,1210,7941,0,1,99.99,6,0.1,196.3
2026-05-22T11:15:29,1.5,1214,7941,0,1,99.99,1,0.1,196.3
2026-05-22T11:15:34,1.8,1209,7941,0,1,99.99,6,0.1,196.3
2026-05-22T11:15:40,1.5,1213,7941,0,1,99.99,1,0.1,196.3
2026-05-22T11:15:45,1.7,1212,7941,0,1,99.99,6,0.1,196.3
2026-05-22T11:15:50,1.5,1208,7941,0,1,99.99,1,0.1,196.3
2026-05-22T11:15:55,1.6,1216,7941,0,1,99.99,6,0.1,196.3
2026-05-22T11:16:00,1.7,1213,7941,0,1,99.99,1,0.1,196.3
2026-05-22T11:16:06,2.0,1209,7941,0,1,99.99,6,0.1,196.3
2026-05-22T11:16:11,1.4,1210,7941,0,1,99.99,1,0.1,196.3
2026-05-22T11:16:16,1.8,1210,7941,0,1,99.99,6,0.1,196.3
2026-05-22T11:16:21,1.6,1214,7941,0,1,99.99,1,0.1,196.3
2026-05-22T11:16:27,1.6,1214,7941,0,1,99.99,6,0.1,196.3
2026-05-22T11:16:32,1.3,1210,7941,0,1,99.99,1,0.1,196.3
2026-05-22T11:16:37,1.7,1217,7941,0,1,99.99,6,0.1,196.3
2026-05-22T11:16:42,1.8,1220,7941,0,1,99.99,1,0.1,196.3
2026-05-22T11:16:47,1.6,1215,7941,0,1,99.99,6,0.1,196.3
2026-05-22T11:16:53,1.5,1213,7941,0,1,99.99,1,0.1,196.3
2026-05-22T11:16:58,1.5,1216,7941,0,1,99.99,6,0.1,196.3
2026-05-22T11:17:03,1.6,1215,7941,0,1,99.99,1,0.1,196.3
2026-05-22T11:17:08,1.9,1211,7941,0,1,99.99,6,0.1,196.3
2026-05-22T11:17:14,1.6,1217,7941,0,1,99.99,1,0.1,196.3
2026-05-22T11:17:19,1.8,1213,7941,0,1,99.99,7,0.1,196.3
2026-05-22T11:17:24,1.7,1215,7941,0,1,99.99,6,0.1,196.3
2026-05-22T11:17:29,1.5,1215,7941,0,1,99.99,1,0.1,196.3
2026-05-22T11:17:34,1.7,1217,7941,0,1,99.99,6,0.1,196.3
2026-05-22T11:17:40,1.5,1218,7941,0,1,99.99,1,0.1,196.3
2026-05-22T11:17:45,1.8,1219,7941,0,1,99.99,6,0.1,196.3
2026-05-22T11:17:50,1.5,1217,7941,0,1,99.99,1,0.1,196.3
2026-05-22T11:17:55,1.6,1218,7941,0,1,99.99,6,0.1,196.3
2026-05-22T11:18:01,1.5,1217,7941,0,1,99.99,1,0.1,196.3
2026-05-22T11:18:06,1.9,1218,7941,0,1,99.99,6,0.1,196.3
2026-05-22T11:18:11,1.4,1223,7941,0,1,99.99,1,0.1,196.3
2026-05-22T11:18:16,1.9,1215,7941,0,1,99.99,6,0.1,196.3
2026-05-22T11:18:21,1.5,1224,7941,0,1,99.99,1,0.1,196.3
2026-05-22T11:18:27,1.7,1212,7941,0,1,99.99,6,0.1,196.3
2026-05-22T11:18:32,1.4,1214,7941,0,1,99.99,1,0.1,196.3
2026-05-22T11:18:37,1.8,1216,7941,0,1,99.99,6,0.1,196.3
2026-05-22T11:18:42,1.8,1222,7941,0,1,99.99,1,0.1,196.3
2026-05-22T11:18:47,1.8,1203,7941,0,1,99.99,6,0.1,196.3
2026-05-22T11:18:53,1.4,1196,7941,0,1,99.99,1,0.1,196.3
2026-05-22T11:18:58,1.9,1201,7941,0,1,99.99,6,0.1,196.3
2026-05-22T11:19:03,1.4,1202,7941,0,1,99.99,1,0.1,196.3
2026-05-22T11:19:08,2.0,1210,7941,0,1,99.99,6,0.1,196.3
2026-05-22T11:19:14,1.5,1207,7941,0,1,99.99,3,0.1,196.3
2026-05-22T11:19:19,1.7,1201,7941,0,1,99.99,5,0.1,196.3
2026-05-22T11:19:24,1.7,1204,7941,0,1,99.99,6,0.1,196.3
2026-05-22T11:19:29,1.4,1201,7941,0,1,99.99,1,0.1,196.3
2026-05-22T11:19:34,1.9,1200,7941,0,1,99.99,6,0.1,196.3
2026-05-22T11:19:40,1.6,1199,7941,0,1,99.99,1,0.1,196.3
2026-05-22T11:19:45,1.7,1201,7941,0,1,99.99,6,0.1,196.3
2026-05-22T11:19:50,1.5,1198,7941,0,1,99.99,1,0.1,196.3
2026-05-22T11:19:55,1.6,1202,7941,0,1,99.99,6,0.1,196.3
2026-05-22T11:20:01,1.5,1205,7941,0,1,99.99,1,0.1,196.3
2026-05-22T11:20:06,2.8,1198,7941,0,1,99.99,6,0.1,196.3
2026-05-22T11:20:11,1.9,1200,7941,0,1,99.99,1,0.1,196.3
2026-05-22T11:20:16,2.2,1197,7941,0,1,99.99,7,0.1,196.3
2026-05-22T11:20:22,1.8,1200,7941,0,1,99.99,1,0.1,196.3
2026-05-22T11:20:27,1.9,1204,7941,0,1,99.99,6,0.1,196.3
2026-05-22T11:20:32,1.4,1204,7941,0,1,99.99,1,0.1,196.3
2026-05-22T11:20:37,1.8,1198,7941,0,1,99.99,6,0.1,196.3
2026-05-22T11:20:43,2.0,1202,7941,0,1,99.99,1,0.1,196.3
2026-05-22T11:20:48,1.8,1206,7941,0,1,99.99,6,0.1,196.3
2026-05-22T11:20:53,1.4,1207,7941,0,1,99.99,1,0.1,196.3
2026-05-22T11:20:58,1.7,1203,7941,0,1,99.99,6,0.1,196.3
2026-05-22T11:21:03,1.4,1204,7941,0,1,99.99,1,0.1,196.3
2026-05-22T11:21:09,1.8,1196,7941,0,1,99.99,6,0.1,196.3
2026-05-22T11:21:14,1.6,1203,7941,0,1,99.99,6,0.1,196.3
2026-05-22T11:21:19,1.5,1203,7941,0,1,99.99,1,0.1,196.3
2026-05-22T11:21:24,2.0,1198,7941,0,1,99.99,6,0.1,196.3
2026-05-22T11:21:30,1.4,1201,7941,0,1,99.99,1,0.1,196.3
2026-05-22T11:21:35,1.6,1201,7941,0,1,99.99,6,0.1,196.3
2026-05-22T11:21:40,1.6,1200,7941,0,1,99.99,1,0.1,196.3
2026-05-22T11:21:45,1.8,1204,7941,0,1,99.99,6,0.1,196.3
2026-05-22T11:21:50,1.3,1210,7941,0,1,99.99,1,0.1,196.3
2026-05-22T11:21:56,1.7,1210,7941,0,1,99.99,6,0.1,196.3
2026-05-22T11:22:01,1.4,1204,7941,0,1,99.99,1,0.1,196.3
2026-05-22T11:22:06,1.9,1194,7941,0,1,99.99,6,0.1,196.3
2026-05-22T11:22:11,1.5,1203,7941,0,1,99.99,1,0.1,196.3
2026-05-22T11:22:17,1.7,1204,7941,0,1,99.99,7,0.1,196.3
2026-05-22T11:22:22,1.5,1205,7941,0,1,99.99,1,0.1,196.3
2026-05-22T11:22:27,1.7,1209,7941,0,1,99.99,6,0.1,196.3
2026-05-22T11:22:32,1.4,1205,7941,0,1,99.99,1,0.1,196.3
2026-05-22T11:22:37,1.9,1202,7941,0,1,99.99,6,0.1,196.3
2026-05-22T11:22:43,1.8,1221,7941,0,1,99.99,1,0.1,196.3
2026-05-22T11:22:48,1.7,1216,7941,0,1,99.99,6,0.1,196.3
2026-05-22T11:22:53,1.4,1217,7941,0,1,99.99,1,0.1,196.3
2026-05-22T11:22:58,1.6,1218,7941,0,1,99.99,6,0.1,196.3
2026-05-22T11:23:03,1.5,1216,7941,0,1,99.99,1,0.1,196.3
2026-05-22T11:23:09,2.2,1221,7941,0,1,99.99,6,0.1,196.3
2026-05-22T11:23:14,1.8,1213,7941,0,1,99.99,6,0.1,196.3
2026-05-22T11:23:19,1.5,1213,7941,0,1,99.99,1,0.1,196.3
2026-05-22T11:23:24,1.8,1208,7941,0,1,99.99,6,0.1,196.3
2026-05-22T11:23:30,1.3,1213,7941,0,1,99.99,1,0.1,196.3
2026-05-22T11:23:35,1.8,1216,7941,0,1,99.99,6,0.1,196.3
2026-05-22T11:23:40,1.5,1212,7941,0,1,99.99,1,0.1,196.3
2026-05-22T11:23:45,1.7,1211,7941,0,1,99.99,6,0.1,196.3
2026-05-22T11:23:50,1.4,1210,7941,0,1,99.99,1,0.1,196.3
2026-05-22T11:23:56,1.6,1212,7941,0,1,99.99,6,0.1,196.3
2026-05-22T11:24:01,1.6,1206,7941,0,1,99.99,1,0.1,196.3
2026-05-22T11:24:06,2.0,1209,7941,0,1,99.99,6,0.1,196.3
2026-05-22T11:24:11,1.6,1210,7941,0,1,99.99,1,0.1,196.3
2026-05-22T11:24:17,1.7,1211,7941,0,1,99.99,6,0.1,196.3
2026-05-22T11:24:22,2.1,1207,7941,0,1,99.99,1,0.1,196.3
2026-05-22T11:24:27,1.5,1209,7941,0,1,99.99,6,0.1,196.3
2026-05-22T11:24:32,1.5,1212,7941,0,1,99.99,1,0.0,196.3
2026-05-22T11:24:37,1.8,1213,7941,0,1,99.99,6,0.1,196.3
2026-05-22T11:24:43,2.7,1212,7941,0,1,99.99,1,0.1,196.3
2026-05-22T11:24:48,1.8,1208,7941,0,1,99.99,6,0.1,196.3
2026-05-22T11:24:53,1.4,1208,7941,0,1,99.99,1,0.1,196.3
2026-05-22T11:24:58,1.6,1202,7941,0,1,99.99,6,0.1,196.3
2026-05-22T11:25:03,1.6,1205,7941,0,1,99.99,1,0.1,196.3
2026-05-22T11:25:09,2.2,1205,7941,0,1,99.99,6,0.1,196.3
2026-05-22T11:25:14,1.5,1195,7941,0,1,99.99,6,0.1,196.3
2026-05-22T11:25:19,1.7,1202,7941,0,1,99.99,1,0.1,196.3
2026-05-22T11:25:24,1.8,1202,7941,0,1,99.99,6,0.1,196.3
2026-05-22T11:25:30,1.5,1204,7941,0,1,99.99,1,0.1,196.3
2026-05-22T11:25:35,1.7,1204,7941,0,1,99.99,6,0.1,196.3
2026-05-22T11:25:40,1.5,1213,7941,0,1,99.99,1,0.1,196.3
2026-05-22T11:25:45,1.7,1204,7941,0,1,99.99,6,0.1,196.3
2026-05-22T11:25:51,1.5,1205,7941,0,1,99.99,1,0.1,196.3
2026-05-22T11:25:56,1.6,1199,7941,0,1,99.99,6,0.1,196.3
2026-05-22T11:26:01,1.3,1204,7941,0,1,99.99,1,0.1,196.3
2026-05-22T11:26:06,1.9,1209,7941,0,1,99.99,6,0.1,196.3
2026-05-22T11:26:11,1.4,1204,7941,0,1,99.99,1,0.1,196.3
2026-05-22T11:26:17,1.7,1203,7941,0,1,99.99,6,0.0,196.3
2026-05-22T11:26:22,1.4,1202,7941,0,1,99.99,1,0.1,196.3
2026-05-22T11:26:27,1.7,1209,7941,0,1,99.99,6,0.1,196.3
2026-05-22T11:26:32,1.3,1203,7941,0,1,99.99,1,0.1,196.3
2026-05-22T11:26:37,1.7,1203,7941,0,1,99.99,6,0.1,196.3
2026-05-22T11:26:43,1.9,1203,7941,0,1,99.99,1,0.1,196.3
2026-05-22T11:26:48,1.7,1198,7941,0,1,99.99,6,0.1,196.3
2026-05-22T11:26:53,1.5,1191,7941,0,1,99.99,1,0.1,196.3
2026-05-22T11:26:58,1.6,1191,7941,0,1,99.99,6,0.1,196.3
2026-05-22T11:27:03,1.4,1196,7941,0,1,99.99,1,0.1,196.3
2026-05-22T11:27:09,1.7,1191,7941,0,1,99.99,6,0.1,196.3
2026-05-22T11:27:14,1.7,1193,7941,0,1,99.99,6,0.1,196.3
2026-05-22T11:27:19,1.6,1198,7941,0,1,99.99,1,0.1,196.3
2026-05-22T11:27:24,1.6,1197,7941,0,1,99.99,6,0.1,196.3
2026-05-22T11:27:30,1.4,1190,7941,0,1,99.99,1,0.1,196.3
2026-05-22T11:27:35,1.8,1194,7941,0,1,99.99,6,0.1,196.3
2026-05-22T11:27:40,1.5,1205,7941,0,1,99.99,1,0.1,196.3
2026-05-22T11:27:45,1.9,1196,7941,0,1,99.99,6,0.1,196.3
2026-05-22T11:27:50,1.6,1192,7941,0,1,99.99,1,0.1,196.3
2026-05-22T11:27:56,1.7,1195,7941,0,1,99.99,6,0.1,196.3
2026-05-22T11:28:01,1.4,1202,7941,0,1,99.99,1,0.1,196.3
2026-05-22T11:28:06,2.1,1192,7941,0,1,99.99,6,0.1,196.3
2026-05-22T11:28:11,1.5,1196,7941,0,1,99.99,1,0.1,196.3
2026-05-22T11:28:17,1.7,1196,7941,0,1,99.99,6,0.1,196.3
2026-05-22T11:28:22,1.9,1192,7941,0,1,99.99,1,0.1,196.3
2026-05-22T11:28:27,1.6,1202,7941,0,1,99.99,6,0.1,196.3
2026-05-22T11:28:32,1.4,1200,7941,0,1,99.99,1,0.1,196.3
2026-05-22T11:28:38,1.9,1195,7941,0,1,99.99,6,0.1,196.3
2026-05-22T11:28:43,1.9,1194,7941,0,1,99.99,1,0.1,196.3
2026-05-22T11:28:48,1.8,1195,7941,0,1,99.99,6,0.1,196.3
2026-05-22T11:28:53,1.4,1196,7941,0,1,99.99,1,0.1,196.3
2026-05-22T11:28:58,1.7,1199,7941,0,1,99.99,6,0.1,196.3
2026-05-22T11:29:04,1.7,1201,7941,0,1,99.99,6,0.1,196.3
2026-05-22T11:29:09,1.8,1195,7941,0,1,99.99,1,0.1,196.3
2026-05-22T11:29:14,1.6,1193,7941,0,1,99.99,6,0.1,196.3
2026-05-22T11:29:19,1.6,1198,7941,0,1,99.99,1,0.1,196.3
2026-05-22T11:29:25,1.7,1193,7941,0,1,99.99,6,0.1,196.3
2026-05-22T11:29:30,1.4,1200,7941,0,1,99.99,1,0.1,196.3
2026-05-22T11:29:35,1.7,1200,7941,0,1,99.99,6,0.1,196.3
2026-05-22T11:29:40,1.6,1199,7941,0,1,99.99,1,0.1,196.3
2026-05-22T11:29:45,2.0,1197,7941,0,1,99.99,6,0.1,196.3
2026-05-22T11:29:51,1.7,1203,7941,0,1,99.99,1,0.1,196.3
2026-05-22T11:29:56,1.8,1201,7941,0,1,99.99,6,0.1,196.3
2026-05-22T11:30:01,1.6,1203,7941,0,1,99.99,1,0.1,196.3
2026-05-22T11:30:07,3.4,1208,7941,0,1,99.99,6,0.1,196.3
2026-05-22T11:30:12,2.1,1215,7941,0,1,99.99,1,0.1,196.3
2026-05-22T11:30:18,2.6,1215,7941,0,1,99.99,7,0.1,196.3
2026-05-22T11:30:23,1.9,1212,7941,0,1,99.99,1,0.1,196.3
2026-05-22T11:30:28,1.9,1208,7941,0,1,99.99,6,0.1,196.3
2026-05-22T11:30:33,1.5,1207,7941,0,1,99.99,1,0.1,196.3
2026-05-22T11:30:39,1.9,1210,7941,0,1,99.99,6,0.1,196.3
2026-05-22T11:30:44,2.0,1213,7941,0,1,99.99,6,0.1,196.3
2026-05-22T11:30:49,1.9,1207,7941,0,1,99.99,1,0.1,196.3
2026-05-22T11:30:54,1.9,1205,7941,0,1,99.99,6,0.1,196.3
2026-05-22T11:30:59,1.8,1206,7941,0,1,99.99,1,0.1,196.3
2026-05-22T11:31:05,2.1,1215,7941,0,1,99.99,6,0.1,196.3
2026-05-22T11:31:10,1.7,1229,7941,0,1,99.99,1,0.1,196.3
2026-05-22T11:31:15,1.9,1217,7941,0,1,99.99,6,0.1,196.3
2026-05-22T11:31:20,1.5,1219,7941,0,1,99.99,1,0.1,196.3
2026-05-22T11:31:26,1.8,1220,7941,0,1,99.99,6,0.1,196.3
2026-05-22T11:31:31,1.6,1221,7941,0,1,99.99,1,0.1,196.3
2026-05-22T11:31:36,1.9,1218,7941,0,1,99.99,6,0.1,196.3
2026-05-22T11:31:41,1.6,1223,7941,0,1,99.99,1,0.1,196.3
2026-05-22T11:31:47,1.9,1216,7941,0,1,99.99,6,0.1,196.3
2026-05-22T11:31:52,1.5,1218,7941,0,1,99.99,1,0.1,196.3
2026-05-22T11:31:57,2.0,1225,7941,0,1,99.99,6,0.1,196.3
2026-05-22T11:32:02,5.6,1251,7941,0,1,99.99,1,0.1,196.3
2026-05-22T11:32:08,2.2,1235,7941,0,1,99.99,6,0.1,196.3
2026-05-22T11:32:13,1.6,1233,7941,0,1,99.99,1,0.1,196.3
2026-05-22T11:32:18,2.1,1228,7941,0,1,99.99,7,0.1,196.3
2026-05-22T11:32:23,1.8,1226,7941,0,1,99.99,1,0.1,196.3
2026-05-22T11:32:29,1.8,1235,7941,0,1,99.99,6,0.1,196.3
2026-05-22T11:32:34,1.7,1238,7941,0,1,99.99,6,0.1,196.3
2026-05-22T11:32:39,2.1,1226,7941,0,1,99.99,1,0.1,196.3
2026-05-22T11:32:44,2.3,1230,7941,0,1,99.99,6,0.1,196.3
2026-05-22T11:32:50,1.8,1248,7941,0,1,99.99,1,0.1,196.3
