timestamp,net_rx_kb_s,net_tx_kb_s
2026-05-24T07:42:35,0.52,1.13
2026-05-24T07:42:40,0.52,1.13
2026-05-24T07:42:45,0.46,1.03
2026-05-24T07:42:50,0.46,1.03
2026-05-24T07:42:55,0.66,2.65
2026-05-24T07:43:00,0.66,2.65
2026-05-24T07:43:05,1.19,3.9
2026-05-24T07:43:10,1.19,3.9
2026-05-24T07:43:15,2.86,6.51
2026-05-24T07:43:20,2.86,6.51
2026-05-24T07:43:25,5.1,11.54
2026-05-24T07:43:30,5.1,11.54
2026-05-24T07:43:35,7.64,17.95
2026-05-24T07:43:40,7.64,17.95
2026-05-24T07:43:45,9.94,23.19
2026-05-24T07:43:50,9.94,23.19
2026-05-24T07:43:55,11.99,27.68
2026-05-24T07:44:00,11.99,27.68
2026-05-24T07:44:05,14.66,33.58
2026-05-24T07:44:10,14.66,33.58
2026-05-24T07:44:15,17.2,38.61
2026-05-24T07:44:20,17.2,38.61
2026-05-24T07:44:25,19.09,43.16
2026-05-24T07:44:30,19.09,43.16
2026-05-24T07:44:35,20.89,48.72
2026-05-24T07:44:40,20.89,48.72
2026-05-24T07:44:45,23.28,54.17
2026-05-24T07:44:50,23.28,54.17
2026-05-24T07:44:55,25.39,58.33
2026-05-24T07:45:00,25.39,58.33
2026-05-24T07:45:05,27.43,62.32
2026-05-24T07:45:10,27.43,62.32
2026-05-24T07:45:15,28.7,65.71
2026-05-24T07:45:20,28.7,65.71
2026-05-24T07:45:25,30.4,70.72
2026-05-24T07:45:30,30.4,70.72
2026-05-24T07:45:35,32.78,75.26
2026-05-24T07:45:40,32.78,75.26
2026-05-24T07:45:45,34.04,77.94
2026-05-24T07:45:50,34.04,77.94
2026-05-24T07:45:55,35.11,81.03
2026-05-24T07:46:00,35.11,81.03
2026-05-24T07:46:05,33.73,77.58
2026-05-24T07:46:10,33.73,77.58
2026-05-24T07:46:15,32.62,74.97
2026-05-24T07:46:20,32.62,74.97
2026-05-24T07:46:25,33.78,77.48
2026-05-24T07:46:30,33.78,77.48
2026-05-24T07:46:35,34.46,79.55
2026-05-24T07:46:40,34.46,79.55
2026-05-24T07:46:45,34.29,79.88
2026-05-24T07:46:50,34.29,79.88
2026-05-24T07:46:55,34.21,79.73
2026-05-24T07:47:00,34.21,79.73
2026-05-24T07:47:05,34.16,79.59
2026-05-24T07:47:10,34.16,79.59
2026-05-24T07:47:15,31.93,73.75
2026-05-24T07:47:20,31.93,73.75
2026-05-24T07:47:25,31.3,71.86
2026-05-24T07:47:30,31.3,71.86
2026-05-24T07:47:35,33.02,76.16
2026-05-24T07:47:40,33.02,76.16
2026-05-24T07:47:45,33.44,77.85
2026-05-24T07:47:50,33.44,77.85
2026-05-24T07:47:55,34.08,79.64
2026-05-24T07:48:00,34.08,79.64
2026-05-24T07:48:05,33.14,76.67
2026-05-24T07:48:10,33.14,76.67
2026-05-24T07:48:15,31.29,73.21
2026-05-24T07:48:20,31.29,73.21
2026-05-24T07:48:25,32.07,75.08
2026-05-24T07:48:30,32.07,75.08
2026-05-24T07:48:35,32.83,75.48
2026-05-24T07:48:40,32.83,75.48
2026-05-24T07:48:45,32.47,75.48
2026-05-24T07:48:50,32.47,75.48
2026-05-24T07:48:55,32.25,75.75
2026-05-24T07:49:00,32.25,75.75
2026-05-24T07:49:05,32.17,76.39
2026-05-24T07:49:10,32.17,76.39
2026-05-24T07:49:15,31.97,76.42
2026-05-24T07:49:20,31.97,76.42
2026-05-24T07:49:25,32.5,76.89
2026-05-24T07:49:30,32.5,76.89
2026-05-24T07:49:35,33.06,77.41
2026-05-24T07:49:40,33.06,77.41
2026-05-24T07:49:45,32.38,76.07
2026-05-24T07:49:50,32.38,76.07
2026-05-24T07:49:55,31.59,74.33
2026-05-24T07:50:00,31.59,74.33
2026-05-24T07:50:05,30.87,71.67
2026-05-24T07:50:10,30.87,71.67
2026-05-24T07:50:15,28.8,66.93
2026-05-24T07:50:20,28.8,66.93
2026-05-24T07:50:25,29.27,67.76
2026-05-24T07:50:30,29.27,67.76
2026-05-24T07:50:35,31.27,73.12
2026-05-24T07:50:40,31.27,73.12
2026-05-24T07:50:45,31.54,74.3
2026-05-24T07:50:50,31.54,74.3
2026-05-24T07:50:55,32.13,74.81
2026-05-24T07:51:00,32.13,74.81
2026-05-24T07:51:05,32.45,75.31
2026-05-24T07:51:10,32.45,75.31
2026-05-24T07:51:15,31.83,74.56
2026-05-24T07:51:20,31.83,74.56
2026-05-24T07:51:25,31.29,74.35
2026-05-24T07:51:30,31.29,74.35
2026-05-24T07:51:35,31.8,75.19
2026-05-24T07:51:40,31.8,75.19
2026-05-24T07:51:45,32.12,75.3
2026-05-24T07:51:50,32.12,75.3
2026-05-24T07:51:55,32.29,75.78
2026-05-24T07:52:00,32.29,75.78
2026-05-24T07:52:05,32.4,75.51
2026-05-24T07:52:10,32.4,75.51
2026-05-24T07:52:15,30.97,72.1
2026-05-24T07:52:20,30.97,72.1
2026-05-24T07:52:25,30.95,72.55
2026-05-24T07:52:30,30.95,72.55
2026-05-24T07:52:35,31.82,74.42
2026-05-24T07:52:40,31.82,74.42
2026-05-24T07:52:45,31.46,73.76
2026-05-24T07:52:50,31.46,73.76
2026-05-24T07:52:55,31.22,72.69
2026-05-24T07:53:00,31.22,72.69
2026-05-24T07:53:05,31.63,73.05
2026-05-24T07:53:10,31.63,73.05
2026-05-24T07:53:15,31.94,74.53
2026-05-24T07:53:20,31.94,74.53
2026-05-24T07:53:25,31.38,73.23
2026-05-24T07:53:30,31.38,73.23
2026-05-24T07:53:35,32.07,74.61
2026-05-24T07:53:40,32.07,74.61
2026-05-24T07:53:45,31.94,74.67
2026-05-24T07:53:50,31.94,74.67
2026-05-24T07:53:55,31.13,72.47
2026-05-24T07:54:00,31.13,72.47
2026-05-24T07:54:05,30.76,71.49
2026-05-24T07:54:10,30.76,71.49
2026-05-24T07:54:15,30.07,69.83
2026-05-24T07:54:20,30.07,69.83
2026-05-24T07:54:25,31.42,73.43
2026-05-24T07:54:30,31.42,73.43
2026-05-24T07:54:35,31.92,74.23
2026-05-24T07:54:40,31.92,74.23
2026-05-24T07:54:45,31.65,73.36
2026-05-24T07:54:50,31.65,73.36
2026-05-24T07:54:55,31.46,73.85
2026-05-24T07:55:00,31.46,73.85
2026-05-24T07:55:05,30.59,71.06
2026-05-24T07:55:10,30.59,71.06
2026-05-24T07:55:15,28.89,67.36
2026-05-24T07:55:20,28.89,67.36
2026-05-24T07:55:25,29.45,69.13
2026-05-24T07:55:30,29.45,69.13
2026-05-24T07:55:35,32.16,75.17
2026-05-24T07:55:40,32.16,75.17
2026-05-24T07:55:45,31.89,74.58
2026-05-24T07:55:50,31.89,74.58
2026-05-24T07:55:55,31.3,72.88
2026-05-24T07:56:00,31.3,72.88
2026-05-24T07:56:05,31.48,73.15
2026-05-24T07:56:10,31.48,73.15
2026-05-24T07:56:15,30.94,72.03
2026-05-24T07:56:20,30.94,72.03
2026-05-24T07:56:25,31.55,73.47
2026-05-24T07:56:30,31.55,73.47
2026-05-24T07:56:35,32.66,75.63
2026-05-24T07:56:40,32.66,75.63
2026-05-24T07:56:45,32.91,76.5
2026-05-24T07:56:50,32.91,76.5
2026-05-24T07:56:55,32.46,76.25
2026-05-24T07:57:00,32.46,76.25
2026-05-24T07:57:05,31.97,75.25
2026-05-24T07:57:10,31.97,75.25
2026-05-24T07:57:15,31.32,73.28
2026-05-24T07:57:20,31.32,73.28
2026-05-24T07:57:25,30.95,71.32
2026-05-24T07:57:30,30.95,71.32
2026-05-24T07:57:35,31.54,72.44
2026-05-24T07:57:40,31.54,72.44
2026-05-24T07:57:45,31.61,73.68
2026-05-24T07:57:50,31.61,73.68
2026-05-24T07:57:55,31.99,74.64
2026-05-24T07:58:00,31.99,74.64
2026-05-24T07:58:05,31.8,74.06
2026-05-24T07:58:10,31.8,74.06
2026-05-24T07:58:15,30.8,71.97
2026-05-24T07:58:20,30.8,71.97
2026-05-24T07:58:25,30.59,72.23
2026-05-24T07:58:30,30.59,72.23
2026-05-24T07:58:35,30.93,73.04
2026-05-24T07:58:40,30.93,73.04
2026-05-24T07:58:45,32.19,75.47
2026-05-24T07:58:50,32.19,75.47
2026-05-24T07:58:55,32.73,76.98
2026-05-24T07:59:00,32.73,76.98
2026-05-24T07:59:05,32.03,75.53
2026-05-24T07:59:10,32.03,75.53
2026-05-24T07:59:15,31.07,73.07
2026-05-24T07:59:20,31.07,73.07
2026-05-24T07:59:25,30.3,71.14
2026-05-24T07:59:30,30.3,71.14
2026-05-24T07:59:35,30.12,70.14
2026-05-24T07:59:40,30.12,70.14
2026-05-24T07:59:45,29.77,69.61
2026-05-24T07:59:50,29.77,69.61
2026-05-24T07:59:55,30.44,71.67
2026-05-24T08:00:00,30.44,71.67
2026-05-24T08:00:05,30.78,70.97
2026-05-24T08:00:10,30.78,70.97
2026-05-24T08:00:15,25.69,60.32
2026-05-24T08:00:20,25.69,60.32
2026-05-24T08:00:25,25.49,60.23
2026-05-24T08:00:30,25.49,60.23
2026-05-24T08:00:35,30.46,70.4
2026-05-24T08:00:40,30.46,70.4
2026-05-24T08:00:45,31.23,72.98
2026-05-24T08:00:50,31.23,72.98
2026-05-24T08:00:55,30.82,72.59
2026-05-24T08:01:00,30.82,72.59
2026-05-24T08:01:05,31.39,72.68
2026-05-24T08:01:10,31.39,72.68
2026-05-24T08:01:15,31.59,73.46
2026-05-24T08:01:20,31.59,73.46
2026-05-24T08:01:25,31.34,74.08
2026-05-24T08:01:30,31.34,74.08
2026-05-24T08:01:35,31.78,75.04
2026-05-24T08:01:40,31.78,75.04
2026-05-24T08:01:45,32.12,75.66
2026-05-24T08:01:50,32.12,75.66
2026-05-24T08:01:55,31.66,74.54
2026-05-24T08:02:00,31.66,74.54
2026-05-24T08:02:05,32.05,75.67
2026-05-24T08:02:10,32.05,75.67
2026-05-24T08:02:15,32.94,77.16
2026-05-24T08:02:20,32.94,77.16
2026-05-24T08:02:25,31.83,74.28
2026-05-24T08:02:30,31.83,74.28
2026-05-24T08:02:35,31.31,72.97
2026-05-24T08:02:40,31.31,72.97
2026-05-24T08:02:45,30.71,71.45
2026-05-24T08:02:50,30.71,71.45
2026-05-24T08:02:55,30.79,71.32
2026-05-24T08:03:00,30.79,71.32
2026-05-24T08:03:05,32.16,75.1
2026-05-24T08:03:10,32.16,75.1
2026-05-24T08:03:15,33.48,78.37
2026-05-24T08:03:20,33.48,78.37
2026-05-24T08:03:25,33.33,77.94
2026-05-24T08:03:30,33.33,77.94
2026-05-24T08:03:35,33.59,79.39
2026-05-24T08:03:40,33.59,79.39
2026-05-24T08:03:45,34.04,81.06
2026-05-24T08:03:50,34.04,81.06
2026-05-24T08:03:55,32.86,77.23
2026-05-24T08:04:00,32.86,77.23
2026-05-24T08:04:05,33.38,77.39
2026-05-24T08:04:10,33.38,77.39
2026-05-24T08:04:15,33.79,78.45
2026-05-24T08:04:20,33.79,78.45
2026-05-24T08:04:25,33.28,77.89
2026-05-24T08:04:30,33.28,77.89
2026-05-24T08:04:35,34.22,81.42
2026-05-24T08:04:40,34.22,81.42
2026-05-24T08:04:45,34.54,81.07
2026-05-24T08:04:50,34.54,81.07
2026-05-24T08:04:55,33.09,77.36
2026-05-24T08:05:00,33.09,77.36
2026-05-24T08:05:05,32.23,75.97
2026-05-24T08:05:10,32.23,75.97
2026-05-24T08:05:15,31.99,75.42
2026-05-24T08:05:20,31.99,75.42
2026-05-24T08:05:25,33.11,78.18
2026-05-24T08:05:30,33.11,78.18
2026-05-24T08:05:35,34.09,79.29
2026-05-24T08:05:40,34.09,79.29
2026-05-24T08:05:45,33.14,77.04
2026-05-24T08:05:50,33.14,77.04
2026-05-24T08:05:55,33.14,79.65
2026-05-24T08:06:00,33.14,79.65
2026-05-24T08:06:05,33.47,80.42
2026-05-24T08:06:10,33.47,80.42
2026-05-24T08:06:15,33.72,78.47
2026-05-24T08:06:20,33.72,78.47
2026-05-24T08:06:25,33.61,78.64
2026-05-24T08:06:30,33.61,78.64
2026-05-24T08:06:35,32.99,77.7
2026-05-24T08:06:40,32.99,77.7
2026-05-24T08:06:45,32.85,76.5
2026-05-24T08:06:50,32.85,76.5
2026-05-24T08:06:55,32.68,77.17
2026-05-24T08:07:00,32.68,77.17
2026-05-24T08:07:05,33.45,79.15
2026-05-24T08:07:10,33.45,79.15
2026-05-24T08:07:15,33.96,79.81
2026-05-24T08:07:20,33.96,79.81
2026-05-24T08:07:25,33.81,78.48
2026-05-24T08:07:30,33.81,78.48
2026-05-24T08:07:35,33.13,76.37
2026-05-24T08:07:40,33.13,76.37
2026-05-24T08:07:45,33.25,78.17
2026-05-24T08:07:50,33.25,78.17
2026-05-24T08:07:55,34.29,80.95
2026-05-24T08:08:00,34.29,80.95
2026-05-24T08:08:05,32.75,77.23
2026-05-24T08:08:10,32.75,77.23
2026-05-24T08:08:15,32.51,76.15
2026-05-24T08:08:20,32.51,76.15
2026-05-24T08:08:25,33.23,77.53
2026-05-24T08:08:30,33.23,77.53
2026-05-24T08:08:35,32.74,76.51
2026-05-24T08:08:40,32.74,76.51
2026-05-24T08:08:45,32.5,76.54
2026-05-24T08:08:50,32.5,76.54
2026-05-24T08:08:55,32.71,76.79
2026-05-24T08:09:00,32.71,76.79
2026-05-24T08:09:05,32.15,74.28
2026-05-24T08:09:10,32.15,74.28
2026-05-24T08:09:15,30.93,72.5
2026-05-24T08:09:20,30.93,72.5
2026-05-24T08:09:25,31.7,75.14
2026-05-24T08:09:30,31.7,75.14
2026-05-24T08:09:35,32.87,77.22
2026-05-24T08:09:40,32.87,77.22
2026-05-24T08:09:45,32.87,76.84
2026-05-24T08:09:50,32.87,76.84
2026-05-24T08:09:55,32.58,75.54
2026-05-24T08:10:00,32.58,75.54
2026-05-24T08:10:05,32.11,73.59
2026-05-24T08:10:10,32.11,73.59
2026-05-24T08:10:15,30.23,70.65
2026-05-24T08:10:20,30.23,70.65
2026-05-24T08:10:25,30.22,71.5
2026-05-24T08:10:30,30.22,71.5
2026-05-24T08:10:35,31.69,73.78
2026-05-24T08:10:40,31.69,73.78
2026-05-24T08:10:45,32.63,75.76
2026-05-24T08:10:50,32.63,75.76
2026-05-24T08:10:55,33.67,81.97
2026-05-24T08:11:00,33.67,81.97
2026-05-24T08:11:05,33.15,81.46
2026-05-24T08:11:10,33.15,81.46
2026-05-24T08:11:15,32.88,77.15
2026-05-24T08:11:20,32.88,77.15
2026-05-24T08:11:25,39.5,76.53
2026-05-24T08:11:30,39.5,76.53
2026-05-24T08:11:35,39.27,76.13
2026-05-24T08:11:40,39.27,76.13
2026-05-24T08:11:45,33.06,76.92
2026-05-24T08:11:50,33.06,76.92
2026-05-24T08:11:55,32.9,75.56
2026-05-24T08:12:00,32.9,75.56
2026-05-24T08:12:05,31.86,72.74
2026-05-24T08:12:10,31.86,72.74
2026-05-24T08:12:15,31.83,76.3
2026-05-24T08:12:20,31.83,76.3
2026-05-24T08:12:25,39.44,79.93
2026-05-24T08:12:30,39.44,79.93
2026-05-24T08:12:35,39.18,76.42
2026-05-24T08:12:40,39.18,76.42
2026-05-24T08:12:45,32.24,75.74
2026-05-24T08:12:50,32.24,75.74
2026-05-24T08:12:55,32.95,77.06
2026-05-24T08:13:00,32.95,77.06
2026-05-24T08:13:05,32.79,75.06
2026-05-24T08:13:10,32.79,75.06
2026-05-24T08:13:15,33.85,96.75
2026-05-24T08:13:20,33.85,96.75
2026-05-24T08:13:25,33.33,96.94
2026-05-24T08:13:30,33.33,96.94
2026-05-24T08:13:35,32.58,78.4
2026-05-24T08:13:40,32.58,78.4
2026-05-24T08:13:45,33.46,79.23
2026-05-24T08:13:50,33.46,79.23
2026-05-24T08:13:55,33.44,77.71
2026-05-24T08:14:00,33.44,77.71
2026-05-24T08:14:05,33.64,78.35
2026-05-24T08:14:10,33.64,78.35
2026-05-24T08:14:15,32.73,75.38
2026-05-24T08:14:20,32.73,75.38
2026-05-24T08:14:25,32.8,76.39
2026-05-24T08:14:30,32.8,76.39
2026-05-24T08:14:35,33.59,78.13
2026-05-24T08:14:40,33.59,78.13
2026-05-24T08:14:45,32.89,75.25
2026-05-24T08:14:50,32.89,75.25
2026-05-24T08:14:55,32.6,74.99
2026-05-24T08:15:00,32.6,74.99
2026-05-24T08:15:05,32.3,74.23
2026-05-24T08:15:10,32.3,74.23
2026-05-24T08:15:15,31.14,72.0
2026-05-24T08:15:20,31.14,72.0
2026-05-24T08:15:25,31.76,74.06
2026-05-24T08:15:30,31.76,74.06
2026-05-24T08:15:35,33.07,76.43
2026-05-24T08:15:40,33.07,76.43
2026-05-24T08:15:45,32.51,75.31
2026-05-24T08:15:50,32.51,75.31
2026-05-24T08:15:55,32.19,74.74
2026-05-24T08:16:00,32.19,74.74
2026-05-24T08:16:05,32.52,75.51
2026-05-24T08:16:10,32.52,75.51
2026-05-24T08:16:15,32.05,74.85
2026-05-24T08:16:20,32.05,74.85
2026-05-24T08:16:25,32.68,76.18
2026-05-24T08:16:30,32.68,76.18
2026-05-24T08:16:35,33.42,78.05
2026-05-24T08:16:40,33.42,78.05
2026-05-24T08:16:45,33.13,77.23
2026-05-24T08:16:50,33.13,77.23
2026-05-24T08:16:55,32.63,75.09
2026-05-24T08:17:00,32.63,75.09
2026-05-24T08:17:05,31.9,73.54
2026-05-24T08:17:10,31.9,73.54
2026-05-24T08:17:15,31.96,74.26
2026-05-24T08:17:20,31.96,74.26
2026-05-24T08:17:25,32.99,75.61
2026-05-24T08:17:30,32.99,75.61
2026-05-24T08:17:35,33.05,75.52
2026-05-24T08:17:40,33.05,75.52
2026-05-24T08:17:45,33.04,77.38
2026-05-24T08:17:50,33.04,77.38
2026-05-24T08:17:55,33.05,77.06
2026-05-24T08:18:00,33.05,77.06
2026-05-24T08:18:05,31.62,73.07
2026-05-24T08:18:10,31.62,73.07
2026-05-24T08:18:15,31.65,73.5
2026-05-24T08:18:20,31.65,73.5
2026-05-24T08:18:25,33.54,78.36
2026-05-24T08:18:30,33.54,78.36
2026-05-24T08:18:35,33.73,77.98
2026-05-24T08:18:40,33.73,77.98
2026-05-24T08:18:45,32.19,74.49
2026-05-24T08:18:50,32.19,74.49
2026-05-24T08:18:55,32.36,75.65
2026-05-24T08:19:00,32.36,75.65
2026-05-24T08:19:05,32.71,75.67
2026-05-24T08:19:10,32.71,75.67
2026-05-24T08:19:15,32.66,75.8
2026-05-24T08:19:20,32.66,75.8
2026-05-24T08:19:25,32.87,77.36
2026-05-24T08:19:30,32.87,77.36
2026-05-24T08:19:35,33.38,78.42
2026-05-24T08:19:40,33.38,78.42
2026-05-24T08:19:45,32.99,76.85
2026-05-24T08:19:50,32.99,76.85
2026-05-24T08:19:55,32.47,75.51
2026-05-24T08:20:00,32.47,75.51
2026-05-24T08:20:05,31.49,72.11
2026-05-24T08:20:10,31.49,72.11
2026-05-24T08:20:15,29.57,67.9
2026-05-24T08:20:20,29.57,67.9
2026-05-24T08:20:25,30.33,70.59
2026-05-24T08:20:30,30.33,70.59
2026-05-24T08:20:35,31.73,76.97
2026-05-24T08:20:40,31.73,76.97
2026-05-24T08:20:45,39.19,79.79
2026-05-24T08:20:50,39.19,79.79
2026-05-24T08:20:55,39.87,78.04
2026-05-24T08:21:00,39.87,78.04
2026-05-24T08:21:05,33.29,77.61
2026-05-24T08:21:10,33.29,77.61
2026-05-24T08:21:15,32.66,75.88
2026-05-24T08:21:20,32.66,75.88
2026-05-24T08:21:25,33.03,76.65
2026-05-24T08:21:30,33.03,76.65
2026-05-24T08:21:35,33.07,76.81
2026-05-24T08:21:40,33.07,76.81
2026-05-24T08:21:45,32.7,78.85
2026-05-24T08:21:50,32.7,78.85
2026-05-24T08:21:55,32.98,80.02
2026-05-24T08:22:00,32.98,80.02
2026-05-24T08:22:05,32.88,76.74
2026-05-24T08:22:10,32.88,76.74
2026-05-24T08:22:15,32.88,76.73
2026-05-24T08:22:20,32.88,76.73
2026-05-24T08:22:25,32.49,76.03
2026-05-24T08:22:30,32.49,76.03
2026-05-24T08:22:35,32.58,76.41
2026-05-24T08:22:40,32.58,76.41
2026-05-24T08:22:45,33.04,78.0
2026-05-24T08:22:50,33.04,78.0
2026-05-24T08:22:55,32.75,77.27
2026-05-24T08:23:00,32.75,77.27
2026-05-24T08:23:05,32.46,75.66
2026-05-24T08:23:10,32.46,75.66
2026-05-24T08:23:15,32.59,75.49
2026-05-24T08:23:20,32.59,75.49
2026-05-24T08:23:25,32.46,74.77
2026-05-24T08:23:30,32.46,74.77
2026-05-24T08:23:35,32.19,75.07
2026-05-24T08:23:40,32.19,75.07
2026-05-24T08:23:45,33.03,77.74
2026-05-24T08:23:50,33.03,77.74
2026-05-24T08:23:55,33.24,77.65
2026-05-24T08:24:00,33.24,77.65
2026-05-24T08:24:05,31.95,73.87
2026-05-24T08:24:10,31.95,73.87
2026-05-24T08:24:15,31.67,73.16
2026-05-24T08:24:20,31.67,73.16
2026-05-24T08:24:25,32.06,74.93
2026-05-24T08:24:30,32.06,74.93
2026-05-24T08:24:35,32.22,75.17
2026-05-24T08:24:40,32.22,75.17
2026-05-24T08:24:45,31.83,74.02
2026-05-24T08:24:50,31.83,74.02
2026-05-24T08:24:55,30.98,71.7
2026-05-24T08:25:00,30.98,71.7
2026-05-24T08:25:05,29.87,69.1
2026-05-24T08:25:10,29.87,69.1
2026-05-24T08:25:15,30.11,70.43
2026-05-24T08:25:20,30.11,70.43
2026-05-24T08:25:25,31.74,74.3
2026-05-24T08:25:30,31.74,74.3
2026-05-24T08:25:35,32.6,75.84
2026-05-24T08:25:40,32.6,75.84
2026-05-24T08:25:45,32.49,76.14
2026-05-24T08:25:50,32.49,76.14
2026-05-24T08:25:55,32.68,76.35
2026-05-24T08:26:00,32.68,76.35
2026-05-24T08:26:05,32.4,75.35
2026-05-24T08:26:10,32.4,75.35
2026-05-24T08:26:15,32.18,75.65
2026-05-24T08:26:20,32.18,75.65
2026-05-24T08:26:25,32.6,76.12
2026-05-24T08:26:30,32.6,76.12
2026-05-24T08:26:35,32.01,74.41
2026-05-24T08:26:40,32.01,74.41
2026-05-24T08:26:45,31.74,74.09
2026-05-24T08:26:50,31.74,74.09
2026-05-24T08:26:55,32.18,74.85
2026-05-24T08:27:00,32.18,74.85
2026-05-24T08:27:05,31.73,74.04
2026-05-24T08:27:10,31.73,74.04
2026-05-24T08:27:15,31.69,74.11
2026-05-24T08:27:20,31.69,74.11
2026-05-24T08:27:25,32.45,75.24
2026-05-24T08:27:30,32.45,75.24
2026-05-24T08:27:35,31.97,73.86
2026-05-24T08:27:40,31.97,73.86
2026-05-24T08:27:45,31.41,72.61
2026-05-24T08:27:50,31.41,72.61
2026-05-24T08:27:55,31.43,73.19
2026-05-24T08:28:00,31.43,73.19
2026-05-24T08:28:05,31.76,73.89
2026-05-24T08:28:10,31.76,73.89
2026-05-24T08:28:15,31.65,73.83
2026-05-24T08:28:20,31.65,73.83
2026-05-24T08:28:25,31.75,74.6
2026-05-24T08:28:30,31.75,74.6
2026-05-24T08:28:35,32.17,77.86
2026-05-24T08:28:40,32.17,77.86
2026-05-24T08:28:45,32.6,78.39
2026-05-24T08:28:50,32.6,78.39
2026-05-24T08:28:55,39.12,75.33
2026-05-24T08:29:00,39.12,75.33
2026-05-24T08:29:05,38.21,74.0
2026-05-24T08:29:10,38.21,74.0
2026-05-24T08:29:15,31.52,73.49
2026-05-24T08:29:20,31.52,73.49
2026-05-24T08:29:25,31.67,73.78
2026-05-24T08:29:30,31.67,73.78
2026-05-24T08:29:35,31.77,74.06
2026-05-24T08:29:40,31.77,74.06
2026-05-24T08:29:45,31.87,75.06
2026-05-24T08:29:50,31.87,75.06
2026-05-24T08:29:55,38.53,78.02
2026-05-24T08:30:00,38.53,78.02
2026-05-24T08:30:05,37.67,74.55
2026-05-24T08:30:10,37.67,74.55
2026-05-24T08:30:15,29.61,69.23
2026-05-24T08:30:20,29.61,69.23
2026-05-24T08:30:25,30.22,70.81
2026-05-24T08:30:30,30.22,70.81
2026-05-24T08:30:35,30.66,71.36
2026-05-24T08:30:40,30.66,71.36
2026-05-24T08:30:45,30.59,70.98
2026-05-24T08:30:50,30.59,70.98
2026-05-24T08:30:55,31.5,73.19
2026-05-24T08:31:00,31.5,73.19
2026-05-24T08:31:05,38.15,75.09
2026-05-24T08:31:10,38.15,75.09
2026-05-24T08:31:15,38.15,74.79
2026-05-24T08:31:20,38.15,74.79
2026-05-24T08:31:25,31.97,74.27
2026-05-24T08:31:30,31.97,74.27
2026-05-24T08:31:35,32.42,75.48
2026-05-24T08:31:40,32.42,75.48
2026-05-24T08:31:45,32.92,76.7
2026-05-24T08:31:50,32.92,76.7
2026-05-24T08:31:55,33.68,78.46
2026-05-24T08:32:00,33.68,78.46
2026-05-24T08:32:05,32.88,76.36
2026-05-24T08:32:10,32.88,76.36
2026-05-24T08:32:15,31.01,71.5
2026-05-24T08:32:20,31.01,71.5
2026-05-24T08:32:25,31.14,73.0
2026-05-24T08:32:30,31.14,73.0
2026-05-24T08:32:35,32.35,75.64
2026-05-24T08:32:40,32.35,75.64
2026-05-24T08:32:45,33.09,77.45
2026-05-24T08:32:50,33.09,77.45
2026-05-24T08:32:55,33.02,77.82
2026-05-24T08:33:00,33.02,77.82
2026-05-24T08:33:05,32.68,75.84
2026-05-24T08:33:10,32.68,75.84
2026-05-24T08:33:15,32.1,75.03
2026-05-24T08:33:20,32.1,75.03
2026-05-24T08:33:25,31.97,75.02
2026-05-24T08:33:30,31.97,75.02
2026-05-24T08:33:35,33.72,78.94
2026-05-24T08:33:40,33.72,78.94
2026-05-24T08:33:45,34.73,80.64
2026-05-24T08:33:50,34.73,80.64
2026-05-24T08:33:55,34.17,79.12
2026-05-24T08:34:00,34.17,79.12
2026-05-24T08:34:05,33.78,78.36
2026-05-24T08:34:10,33.78,78.36
2026-05-24T08:34:15,32.93,76.06
2026-05-24T08:34:20,32.93,76.06
2026-05-24T08:34:25,32.84,76.88
2026-05-24T08:34:30,32.84,76.88
2026-05-24T08:34:35,33.2,77.77
2026-05-24T08:34:40,33.2,77.77
2026-05-24T08:34:45,32.95,76.35
2026-05-24T08:34:50,32.95,76.35
2026-05-24T08:34:55,33.57,77.72
2026-05-24T08:35:00,33.57,77.72
2026-05-24T08:35:05,33.07,76.86
2026-05-24T08:35:10,33.07,76.86
2026-05-24T08:35:15,30.96,73.11
2026-05-24T08:35:20,30.96,73.11
2026-05-24T08:35:25,31.44,73.71
2026-05-24T08:35:30,31.44,73.71
2026-05-24T08:35:35,32.34,74.34
2026-05-24T08:35:40,32.34,74.34
2026-05-24T08:35:45,32.76,75.35
2026-05-24T08:35:50,32.76,75.35
2026-05-24T08:35:55,34.11,78.6
2026-05-24T08:36:00,34.11,78.6
2026-05-24T08:36:05,33.25,76.64
2026-05-24T08:36:10,33.25,76.64
2026-05-24T08:36:15,32.08,74.51
2026-05-24T08:36:20,32.08,74.51
2026-05-24T08:36:25,32.26,75.3
2026-05-24T08:36:30,32.26,75.3
2026-05-24T08:36:35,32.33,75.2
2026-05-24T08:36:40,32.33,75.2
2026-05-24T08:36:45,32.98,77.2
2026-05-24T08:36:50,32.98,77.2
2026-05-24T08:36:55,33.46,79.11
2026-05-24T08:37:00,33.46,79.11
2026-05-24T08:37:05,32.65,77.06
2026-05-24T08:37:10,32.65,77.06
2026-05-24T08:37:15,32.6,76.49
2026-05-24T08:37:20,32.6,76.49
2026-05-24T08:37:25,33.97,79.15
2026-05-24T08:37:30,33.97,79.15
2026-05-24T08:37:35,33.81,78.88
2026-05-24T08:37:40,33.81,78.88
2026-05-24T08:37:45,32.89,76.66
2026-05-24T08:37:50,32.89,76.66
2026-05-24T08:37:55,33.56,78.1
2026-05-24T08:38:00,33.56,78.1
2026-05-24T08:38:05,33.39,78.67
2026-05-24T08:38:10,33.39,78.67
2026-05-24T08:38:15,32.42,76.12
2026-05-24T08:38:20,32.42,76.12
2026-05-24T08:38:25,32.96,76.47
2026-05-24T08:38:30,32.96,76.47
2026-05-24T08:38:35,33.11,76.85
2026-05-24T08:38:40,33.11,76.85
2026-05-24T08:38:45,33.04,77.29
2026-05-24T08:38:50,33.04,77.29
2026-05-24T08:38:55,32.98,77.62
2026-05-24T08:39:00,32.98,77.62
2026-05-24T08:39:05,31.72,73.92
2026-05-24T08:39:10,31.72,73.92
2026-05-24T08:39:15,30.44,71.29
2026-05-24T08:39:20,30.44,71.29
2026-05-24T08:39:25,30.61,72.17
2026-05-24T08:39:30,30.61,72.17
2026-05-24T08:39:35,32.22,75.5
2026-05-24T08:39:40,32.22,75.5
2026-05-24T08:39:45,32.97,77.24
2026-05-24T08:39:50,32.97,77.24
2026-05-24T08:39:55,32.63,76.53
2026-05-24T08:40:00,32.63,76.53
2026-05-24T08:40:05,31.13,74.45
2026-05-24T08:40:10,31.13,74.45
2026-05-24T08:40:15,29.26,69.67
2026-05-24T08:40:20,29.26,69.67
2026-05-24T08:40:25,29.21,68.76
2026-05-24T08:40:30,29.21,68.76
2026-05-24T08:40:35,31.12,73.41
2026-05-24T08:40:40,31.12,73.41
2026-05-24T08:40:45,32.68,76.76
2026-05-24T08:40:50,32.68,76.76
2026-05-24T08:40:55,33.16,77.97
2026-05-24T08:41:00,33.16,77.97
2026-05-24T08:41:05,33.4,78.95
2026-05-24T08:41:10,33.4,78.95
2026-05-24T08:41:15,32.34,75.91
2026-05-24T08:41:20,32.34,75.91
2026-05-24T08:41:25,32.02,74.49
2026-05-24T08:41:30,32.02,74.49
2026-05-24T08:41:35,32.25,75.74
2026-05-24T08:41:40,32.25,75.74
2026-05-24T08:41:45,32.22,76.64
2026-05-24T08:41:50,32.22,76.64
2026-05-24T08:41:55,32.93,78.06
2026-05-24T08:42:00,32.93,78.06
2026-05-24T08:42:05,32.62,76.16
2026-05-24T08:42:10,32.62,76.16
2026-05-24T08:42:15,31.6,74.11
2026-05-24T08:42:20,31.6,74.11
2026-05-24T08:42:25,31.93,75.62
2026-05-24T08:42:30,31.93,75.62
2026-05-24T08:42:35,33.84,76.84
2026-05-24T08:42:40,33.84,76.84
2026-05-24T08:42:45,33.22,74.97
2026-05-24T08:42:50,33.22,74.97
2026-05-24T08:42:55,31.45,74.42
2026-05-24T08:43:00,31.45,74.42
2026-05-24T08:43:05,32.4,76.53
2026-05-24T08:43:10,32.4,76.53
2026-05-24T08:43:15,32.53,76.1
2026-05-24T08:43:20,32.53,76.1
2026-05-24T08:43:25,32.09,75.31
2026-05-24T08:43:30,32.09,75.31
2026-05-24T08:43:35,32.48,76.82
2026-05-24T08:43:40,32.48,76.82
2026-05-24T08:43:45,31.8,74.75
2026-05-24T08:43:50,31.8,74.75
2026-05-24T08:43:55,32.39,75.78
2026-05-24T08:44:00,32.39,75.78
2026-05-24T08:44:05,31.98,75.17
2026-05-24T08:44:10,31.98,75.17
2026-05-24T08:44:15,31.69,74.45
2026-05-24T08:44:20,31.69,74.45
2026-05-24T08:44:25,33.03,77.37
2026-05-24T08:44:30,33.03,77.37
2026-05-24T08:44:35,32.24,75.22
2026-05-24T08:44:40,32.24,75.22
2026-05-24T08:44:45,32.16,75.65
2026-05-24T08:44:50,32.16,75.65
2026-05-24T08:44:55,32.26,75.49
2026-05-24T08:45:00,32.26,75.49
2026-05-24T08:45:05,30.78,70.7
2026-05-24T08:45:10,30.78,70.7
2026-05-24T08:45:15,28.85,67.5
2026-05-24T08:45:20,28.85,67.5
2026-05-24T08:45:25,29.98,71.31
2026-05-24T08:45:30,29.98,71.31
2026-05-24T08:45:35,33.13,77.89
2026-05-24T08:45:40,33.13,77.89
2026-05-24T08:45:45,33.26,78.48
2026-05-24T08:45:50,33.26,78.48
2026-05-24T08:45:55,32.4,76.58
2026-05-24T08:46:00,32.4,76.58
2026-05-24T08:46:05,32.06,75.51
2026-05-24T08:46:10,32.06,75.51
2026-05-24T08:46:15,31.65,73.52
2026-05-24T08:46:20,31.65,73.52
2026-05-24T08:46:25,31.54,72.93
2026-05-24T08:46:30,31.54,72.93
2026-05-24T08:46:35,31.85,73.82
2026-05-24T08:46:40,31.85,73.82
2026-05-24T08:46:45,32.22,75.18
2026-05-24T08:46:50,32.22,75.18
2026-05-24T08:46:55,32.4,75.69
2026-05-24T08:47:00,32.4,75.69
2026-05-24T08:47:05,32.45,76.15
2026-05-24T08:47:10,32.45,76.15
2026-05-24T08:47:15,31.99,75.79
2026-05-24T08:47:20,31.99,75.79
2026-05-24T08:47:25,31.99,74.27
2026-05-24T08:47:30,31.99,74.27
2026-05-24T08:47:35,32.14,74.08
2026-05-24T08:47:40,32.14,74.08
2026-05-24T08:47:45,32.0,74.5
2026-05-24T08:47:50,32.0,74.5
2026-05-24T08:47:55,31.31,73.11
2026-05-24T08:48:00,31.31,73.11
2026-05-24T08:48:05,30.08,70.33
2026-05-24T08:48:10,30.08,70.33
2026-05-24T08:48:15,29.86,70.63
2026-05-24T08:48:20,29.86,70.63
2026-05-24T08:48:25,31.63,75.89
2026-05-24T08:48:30,31.63,75.89
2026-05-24T08:48:35,33.58,80.42
2026-05-24T08:48:40,33.58,80.42
2026-05-24T08:48:45,33.72,79.44
2026-05-24T08:48:50,33.72,79.44
2026-05-24T08:48:55,32.73,76.55
2026-05-24T08:49:00,32.73,76.55
2026-05-24T08:49:05,31.19,72.89
2026-05-24T08:49:10,31.19,72.89
2026-05-24T08:49:15,31.18,73.87
2026-05-24T08:49:20,31.18,73.87
2026-05-24T08:49:25,31.92,75.12
2026-05-24T08:49:30,31.92,75.12
2026-05-24T08:49:35,32.16,75.22
2026-05-24T08:49:40,32.16,75.22
2026-05-24T08:49:45,32.33,76.74
2026-05-24T08:49:50,32.33,76.74
2026-05-24T08:49:55,32.23,76.26
2026-05-24T08:50:00,32.23,76.26
2026-05-24T08:50:05,31.32,72.98
2026-05-24T08:50:10,31.32,72.98
2026-05-24T08:50:15,29.1,67.96
2026-05-24T08:50:20,29.1,67.96
2026-05-24T08:50:25,28.96,68.43
2026-05-24T08:50:30,28.96,68.43
2026-05-24T08:50:35,31.07,73.06
2026-05-24T08:50:40,31.07,73.06
2026-05-24T08:50:45,32.1,75.55
2026-05-24T08:50:50,32.1,75.55
2026-05-24T08:50:55,32.14,75.17
2026-05-24T08:51:00,32.14,75.17
2026-05-24T08:51:05,31.26,73.27
2026-05-24T08:51:10,31.26,73.27
2026-05-24T08:51:15,30.39,71.55
2026-05-24T08:51:20,30.39,71.55
2026-05-24T08:51:25,31.51,74.04
2026-05-24T08:51:30,31.51,74.04
2026-05-24T08:51:35,32.54,76.86
2026-05-24T08:51:40,32.54,76.86
2026-05-24T08:51:45,32.57,76.63
2026-05-24T08:51:50,32.57,76.63
2026-05-24T08:51:55,31.46,73.1
2026-05-24T08:52:00,31.46,73.1
2026-05-24T08:52:05,30.86,71.35
2026-05-24T08:52:10,30.86,71.35
2026-05-24T08:52:15,31.6,73.84
2026-05-24T08:52:20,31.6,73.84
2026-05-24T08:52:25,31.76,74.81
2026-05-24T08:52:30,31.76,74.81
2026-05-24T08:52:35,31.58,74.42
2026-05-24T08:52:40,31.58,74.42
2026-05-24T08:52:45,31.96,75.39
2026-05-24T08:52:50,31.96,75.39
2026-05-24T08:52:55,32.47,76.38
2026-05-24T08:53:00,32.47,76.38
2026-05-24T08:53:05,31.84,74.6
2026-05-24T08:53:10,31.84,74.6
2026-05-24T08:53:15,31.42,73.26
2026-05-24T08:53:20,31.42,73.26
2026-05-24T08:53:25,31.29,72.86
2026-05-24T08:53:30,31.29,72.86
2026-05-24T08:53:35,31.13,72.76
2026-05-24T08:53:40,31.13,72.76
2026-05-24T08:53:45,31.77,74.35
2026-05-24T08:53:50,31.77,74.35
2026-05-24T08:53:55,31.61,74.68
2026-05-24T08:54:00,31.61,74.68
2026-05-24T08:54:05,31.32,73.3
2026-05-24T08:54:10,31.32,73.3
2026-05-24T08:54:15,31.41,72.89
2026-05-24T08:54:20,31.41,72.89
2026-05-24T08:54:25,31.84,74.65
2026-05-24T08:54:30,31.84,74.65
2026-05-24T08:54:35,32.34,75.69
2026-05-24T08:54:40,32.34,75.69
2026-05-24T08:54:45,31.36,72.97
2026-05-24T08:54:50,31.36,72.97
2026-05-24T08:54:55,31.43,73.79
2026-05-24T08:55:00,31.43,73.79
2026-05-24T08:55:05,31.85,74.81
2026-05-24T08:55:10,31.85,74.81
2026-05-24T08:55:15,32.26,76.27
2026-05-24T08:55:20,32.26,76.27
2026-05-24T08:55:25,33.81,80.23
2026-05-24T08:55:30,33.81,80.23
2026-05-24T08:55:35,34.24,83.13
2026-05-24T08:55:40,34.24,83.13
2026-05-24T08:55:45,40.39,82.41
2026-05-24T08:55:50,40.39,82.41
2026-05-24T08:55:55,41.32,81.38
2026-05-24T08:56:00,41.32,81.38
2026-05-24T08:56:05,34.25,80.42
2026-05-24T08:56:10,34.25,80.42
2026-05-24T08:56:15,32.25,75.9
2026-05-24T08:56:20,32.25,75.9
2026-05-24T08:56:25,32.47,75.51
2026-05-24T08:56:30,32.47,75.51
2026-05-24T08:56:35,32.98,77.36
2026-05-24T08:56:40,32.98,77.36
2026-05-24T08:56:45,32.79,77.92
2026-05-24T08:56:50,32.79,77.92
2026-05-24T08:56:55,33.72,79.29
2026-05-24T08:57:00,33.72,79.29
2026-05-24T08:57:05,33.63,78.09
2026-05-24T08:57:10,33.63,78.09
2026-05-24T08:57:15,32.54,75.39
2026-05-24T08:57:20,32.54,75.39
2026-05-24T08:57:25,33.47,77.66
2026-05-24T08:57:30,33.47,77.66
2026-05-24T08:57:35,33.93,78.36
2026-05-24T08:57:40,33.93,78.36
2026-05-24T08:57:45,33.49,77.56
2026-05-24T08:57:50,33.49,77.56
2026-05-24T08:57:55,33.77,78.6
2026-05-24T08:58:00,33.77,78.6
2026-05-24T08:58:05,33.56,77.89
2026-05-24T08:58:10,33.56,77.89
2026-05-24T08:58:15,33.2,77.17
2026-05-24T08:58:20,33.2,77.17
2026-05-24T08:58:25,33.32,77.57
2026-05-24T08:58:30,33.32,77.57
2026-05-24T08:58:35,33.75,77.66
2026-05-24T08:58:40,33.75,77.66
2026-05-24T08:58:45,32.96,76.26
2026-05-24T08:58:50,32.96,76.26
2026-05-24T08:58:55,32.24,75.08
2026-05-24T08:59:00,32.24,75.08
2026-05-24T08:59:05,33.04,76.44
2026-05-24T08:59:10,33.04,76.44
2026-05-24T08:59:15,33.08,76.88
2026-05-24T08:59:20,33.08,76.88
2026-05-24T08:59:25,32.4,75.63
2026-05-24T08:59:30,32.4,75.63
2026-05-24T08:59:35,32.33,75.26
2026-05-24T08:59:40,32.33,75.26
2026-05-24T08:59:45,32.69,76.01
2026-05-24T08:59:50,32.69,76.01
2026-05-24T08:59:55,33.06,76.88
2026-05-24T09:00:00,33.06,76.88
2026-05-24T09:00:05,31.18,71.77
2026-05-24T09:00:10,31.18,71.77
2026-05-24T09:00:15,27.39,64.17
2026-05-24T09:00:20,27.39,64.17
2026-05-24T09:00:25,28.35,67.13
2026-05-24T09:00:30,28.35,67.13
2026-05-24T09:00:35,31.38,73.27
2026-05-24T09:00:40,31.38,73.27
2026-05-24T09:00:45,32.11,74.34
2026-05-24T09:00:50,32.11,74.34
2026-05-24T09:00:55,32.38,74.81
2026-05-24T09:01:00,32.38,74.81
2026-05-24T09:01:05,32.53,75.83
2026-05-24T09:01:10,32.53,75.83
2026-05-24T09:01:15,33.0,77.87
2026-05-24T09:01:20,33.0,77.87
2026-05-24T09:01:25,34.14,80.96
2026-05-24T09:01:30,34.14,80.96
2026-05-24T09:01:35,33.88,79.36
2026-05-24T09:01:40,33.88,79.36
2026-05-24T09:01:45,32.35,75.55
2026-05-24T09:01:50,32.35,75.55
2026-05-24T09:01:55,32.61,75.65
2026-05-24T09:02:00,32.61,75.65
2026-05-24T09:02:05,32.51,75.11
2026-05-24T09:02:10,32.51,75.11
2026-05-24T09:02:15,32.49,76.57
2026-05-24T09:02:20,32.49,76.57
2026-05-24T09:02:25,33.03,77.68
2026-05-24T09:02:30,33.03,77.68
2026-05-24T09:02:35,32.47,76.16
2026-05-24T09:02:40,32.47,76.16
2026-05-24T09:02:45,32.36,76.13
2026-05-24T09:02:50,32.36,76.13
2026-05-24T09:02:55,32.06,75.02
2026-05-24T09:03:00,32.06,75.02
2026-05-24T09:03:05,31.62,74.54
2026-05-24T09:03:10,31.62,74.54
2026-05-24T09:03:15,33.06,77.69
2026-05-24T09:03:20,33.06,77.69
2026-05-24T09:03:25,34.39,81.85
2026-05-24T09:03:30,34.39,81.85
2026-05-24T09:03:35,33.54,82.52
2026-05-24T09:03:40,33.54,82.52
2026-05-24T09:03:45,40.51,80.28
2026-05-24T09:03:50,40.51,80.28
2026-05-24T09:03:55,40.6,78.24
2026-05-24T09:04:00,40.6,78.24
2026-05-24T09:04:05,32.63,76.53
2026-05-24T09:04:10,32.63,76.53
2026-05-24T09:04:15,33.08,78.19
2026-05-24T09:04:20,33.08,78.19
2026-05-24T09:04:25,33.32,78.8
2026-05-24T09:04:30,33.32,78.8
2026-05-24T09:04:35,32.77,77.03
2026-05-24T09:04:40,32.77,77.03
2026-05-24T09:04:45,32.71,76.82
2026-05-24T09:04:50,32.71,76.82
2026-05-24T09:04:55,32.13,75.36
2026-05-24T09:05:00,32.13,75.36
2026-05-24T09:05:05,31.14,74.2
2026-05-24T09:05:10,31.14,74.2
2026-05-24T09:05:15,31.8,76.31
2026-05-24T09:05:20,31.8,76.31
2026-05-24T09:05:25,32.93,77.65
2026-05-24T09:05:30,32.93,77.65
2026-05-24T09:05:35,33.02,77.33
2026-05-24T09:05:40,33.02,77.33
2026-05-24T09:05:45,32.85,77.33
2026-05-24T09:05:50,32.85,77.33
2026-05-24T09:05:55,32.33,76.35
2026-05-24T09:06:00,32.33,76.35
2026-05-24T09:06:05,32.29,75.83
2026-05-24T09:06:10,32.29,75.83
2026-05-24T09:06:15,32.62,76.45
2026-05-24T09:06:20,32.62,76.45
2026-05-24T09:06:25,32.85,77.41
2026-05-24T09:06:30,32.85,77.41
2026-05-24T09:06:35,32.71,76.73
2026-05-24T09:06:40,32.71,76.73
2026-05-24T09:06:45,32.96,77.98
2026-05-24T09:06:50,32.96,77.98
2026-05-24T09:06:55,33.51,79.71
2026-05-24T09:07:00,33.51,79.71
2026-05-24T09:07:05,32.74,76.81
2026-05-24T09:07:10,32.74,76.81
2026-05-24T09:07:15,31.84,74.97
2026-05-24T09:07:20,31.84,74.97
2026-05-24T09:07:25,32.49,76.63
2026-05-24T09:07:30,32.49,76.63
2026-05-24T09:07:35,33.21,78.25
2026-05-24T09:07:40,33.21,78.25
2026-05-24T09:07:45,32.31,77.16
2026-05-24T09:07:50,32.31,77.16
2026-05-24T09:07:55,32.45,77.51
2026-05-24T09:08:00,32.45,77.51
2026-05-24T09:08:05,33.16,78.67
2026-05-24T09:08:10,33.16,78.67
2026-05-24T09:08:15,33.22,79.32
2026-05-24T09:08:20,33.22,79.32
2026-05-24T09:08:25,33.22,79.07
2026-05-24T09:08:30,33.22,79.07
2026-05-24T09:08:35,32.65,77.78
2026-05-24T09:08:40,32.65,77.78
2026-05-24T09:08:45,32.8,78.47
2026-05-24T09:08:50,32.8,78.47
2026-05-24T09:08:55,32.98,77.91
2026-05-24T09:09:00,32.98,77.91
2026-05-24T09:09:05,32.27,77.19
2026-05-24T09:09:10,32.27,77.19
2026-05-24T09:09:15,32.45,77.75
2026-05-24T09:09:20,32.45,77.75
2026-05-24T09:09:25,33.35,78.62
2026-05-24T09:09:30,33.35,78.62
2026-05-24T09:09:35,33.0,78.12
2026-05-24T09:09:40,33.0,78.12
2026-05-24T09:09:45,32.8,78.34
2026-05-24T09:09:50,32.8,78.34
2026-05-24T09:09:55,33.39,79.11
2026-05-24T09:10:00,33.39,79.11
2026-05-24T09:10:05,32.65,76.74
2026-05-24T09:10:10,32.65,76.74
2026-05-24T09:10:15,31.26,73.34
2026-05-24T09:10:20,31.26,73.34
2026-05-24T09:10:25,30.49,71.67
2026-05-24T09:10:30,30.49,71.67
2026-05-24T09:10:35,31.67,74.66
2026-05-24T09:10:40,31.67,74.66
2026-05-24T09:10:45,32.91,78.3
2026-05-24T09:10:50,32.91,78.3
2026-05-24T09:10:55,31.81,76.01
2026-05-24T09:11:00,31.81,76.01
2026-05-24T09:11:05,32.0,75.52
2026-05-24T09:11:10,32.0,75.52
2026-05-24T09:11:15,32.75,76.97
2026-05-24T09:11:20,32.75,76.97
2026-05-24T09:11:25,32.0,75.14
2026-05-24T09:11:30,32.0,75.14
2026-05-24T09:11:35,32.31,75.96
2026-05-24T09:11:40,32.31,75.96
2026-05-24T09:11:45,32.69,76.99
2026-05-24T09:11:50,32.69,76.99
2026-05-24T09:11:55,32.54,76.36
2026-05-24T09:12:00,32.54,76.36
2026-05-24T09:12:05,32.07,76.56
2026-05-24T09:12:10,32.07,76.56
2026-05-24T09:12:15,30.84,73.97
2026-05-24T09:12:20,30.84,73.97
2026-05-24T09:12:25,30.97,73.42
2026-05-24T09:12:30,30.97,73.42
2026-05-24T09:12:35,31.97,75.33
2026-05-24T09:12:40,31.97,75.33
2026-05-24T09:12:45,32.79,77.64
2026-05-24T09:12:50,32.79,77.64
2026-05-24T09:12:55,32.91,78.06
2026-05-24T09:13:00,32.91,78.06
2026-05-24T09:13:05,31.4,74.42
2026-05-24T09:13:10,31.4,74.42
2026-05-24T09:13:15,31.16,76.5
2026-05-24T09:13:20,31.16,76.5
2026-05-24T09:13:25,32.64,78.86
2026-05-24T09:13:30,32.64,78.86
2026-05-24T09:13:35,32.44,76.08
2026-05-24T09:13:40,32.44,76.08
2026-05-24T09:13:45,32.44,75.74
2026-05-24T09:13:50,32.44,75.74
2026-05-24T09:13:55,32.5,76.04
2026-05-24T09:14:00,32.5,76.04
2026-05-24T09:14:05,32.08,75.24
2026-05-24T09:14:10,32.08,75.24
2026-05-24T09:14:15,32.01,76.03
2026-05-24T09:14:20,32.01,76.03
2026-05-24T09:14:25,32.18,76.76
2026-05-24T09:14:30,32.18,76.76
2026-05-24T09:14:35,32.29,75.5
2026-05-24T09:14:40,32.29,75.5
2026-05-24T09:14:45,31.99,75.51
2026-05-24T09:14:50,31.99,75.51
2026-05-24T09:14:55,32.46,77.27
2026-05-24T09:15:00,32.46,77.27
2026-05-24T09:15:05,31.2,72.9
2026-05-24T09:15:10,31.2,72.9
2026-05-24T09:15:15,29.63,69.34
2026-05-24T09:15:20,29.63,69.34
2026-05-24T09:15:25,30.93,73.88
2026-05-24T09:15:30,30.93,73.88
2026-05-24T09:15:35,32.93,77.76
2026-05-24T09:15:40,32.93,77.76
2026-05-24T09:15:45,33.26,77.67
2026-05-24T09:15:50,33.26,77.67
2026-05-24T09:15:55,32.7,77.25
2026-05-24T09:16:00,32.7,77.25
2026-05-24T09:16:05,32.4,77.0
2026-05-24T09:16:10,32.4,77.0
2026-05-24T09:16:15,32.66,77.2
2026-05-24T09:16:20,32.66,77.2
2026-05-24T09:16:25,32.18,76.08
2026-05-24T09:16:30,32.18,76.08
2026-05-24T09:16:35,31.47,73.46
2026-05-24T09:16:40,31.47,73.46
2026-05-24T09:16:45,32.07,75.72
2026-05-24T09:16:50,32.07,75.72
2026-05-24T09:16:55,32.36,77.34
2026-05-24T09:17:00,32.36,77.34
2026-05-24T09:17:05,32.34,75.97
2026-05-24T09:17:10,32.34,75.97
2026-05-24T09:17:15,32.09,75.25
2026-05-24T09:17:20,32.09,75.25
2026-05-24T09:17:25,31.8,74.98
2026-05-24T09:17:30,31.8,74.98
2026-05-24T09:17:35,32.53,76.71
2026-05-24T09:17:40,32.53,76.71
2026-05-24T09:17:45,31.92,75.17
2026-05-24T09:17:50,31.92,75.17
2026-05-24T09:17:55,32.15,76.64
2026-05-24T09:18:00,32.15,76.64
2026-05-24T09:18:05,33.46,79.69
2026-05-24T09:18:10,33.46,79.69
2026-05-24T09:18:15,33.92,79.63
2026-05-24T09:18:20,33.92,79.63
2026-05-24T09:18:25,33.4,79.15
2026-05-24T09:18:30,33.4,79.15
2026-05-24T09:18:35,33.18,79.05
2026-05-24T09:18:40,33.18,79.05
2026-05-24T09:18:45,33.36,79.52
2026-05-24T09:18:50,33.36,79.52
2026-05-24T09:18:55,33.72,80.61
2026-05-24T09:19:00,33.72,80.61
2026-05-24T09:19:05,33.62,79.55
2026-05-24T09:19:10,33.62,79.55
2026-05-24T09:19:15,32.21,75.86
2026-05-24T09:19:20,32.21,75.86
2026-05-24T09:19:25,33.19,79.23
2026-05-24T09:19:30,33.19,79.23
2026-05-24T09:19:35,33.81,80.33
2026-05-24T09:19:40,33.81,80.33
2026-05-24T09:19:45,33.03,77.98
2026-05-24T09:19:50,33.03,77.98
2026-05-24T09:19:55,32.8,77.52
2026-05-24T09:20:00,32.8,77.52
2026-05-24T09:20:05,32.34,75.76
2026-05-24T09:20:10,32.34,75.76
2026-05-24T09:20:15,30.03,70.39
2026-05-24T09:20:20,30.03,70.39
2026-05-24T09:20:25,29.84,70.48
2026-05-24T09:20:30,29.84,70.48
2026-05-24T09:20:35,32.76,76.77
2026-05-24T09:20:40,32.76,76.77
2026-05-24T09:20:45,33.43,78.53
2026-05-24T09:20:50,33.43,78.53
2026-05-24T09:20:55,33.31,80.07
2026-05-24T09:21:00,33.31,80.07
2026-05-24T09:21:05,33.1,78.87
2026-05-24T09:21:10,33.1,78.87
2026-05-24T09:21:15,33.29,78.77
2026-05-24T09:21:20,33.29,78.77
2026-05-24T09:21:25,34.39,81.87
2026-05-24T09:21:30,34.39,81.87
2026-05-24T09:21:35,34.14,79.94
2026-05-24T09:21:40,34.14,79.94
2026-05-24T09:21:45,33.12,77.94
2026-05-24T09:21:50,33.12,77.94
2026-05-24T09:21:55,32.99,77.82
2026-05-24T09:22:00,32.99,77.82
2026-05-24T09:22:05,32.66,76.41
2026-05-24T09:22:10,32.66,76.41
2026-05-24T09:22:15,33.23,78.54
2026-05-24T09:22:20,33.23,78.54
2026-05-24T09:22:25,34.44,82.05
2026-05-24T09:22:30,34.44,82.05
2026-05-24T09:22:35,33.89,83.36
2026-05-24T09:22:40,33.89,83.36
2026-05-24T09:22:45,33.31,81.75
2026-05-24T09:22:50,33.31,81.75
2026-05-24T09:22:55,40.17,80.18
2026-05-24T09:23:00,40.17,80.18
2026-05-24T09:23:05,39.56,78.82
2026-05-24T09:23:10,39.56,78.82
2026-05-24T09:23:15,32.74,77.79
2026-05-24T09:23:20,32.74,77.79
2026-05-24T09:23:25,33.53,79.42
2026-05-24T09:23:30,33.53,79.42
2026-05-24T09:23:35,32.88,77.97
2026-05-24T09:23:40,32.88,77.97
2026-05-24T09:23:45,32.13,76.49
2026-05-24T09:23:50,32.13,76.49
2026-05-24T09:23:55,32.67,77.87
2026-05-24T09:24:00,32.67,77.87
2026-05-24T09:24:05,32.25,76.14
2026-05-24T09:24:10,32.25,76.14
2026-05-24T09:24:15,32.83,77.5
2026-05-24T09:24:20,32.83,77.5
2026-05-24T09:24:25,33.61,79.2
2026-05-24T09:24:30,33.61,79.2
2026-05-24T09:24:35,32.8,77.25
2026-05-24T09:24:40,32.8,77.25
2026-05-24T09:24:45,32.89,77.53
2026-05-24T09:24:50,32.89,77.53
2026-05-24T09:24:55,33.4,77.73
2026-05-24T09:25:00,33.4,77.73
2026-05-24T09:25:05,31.27,72.29
2026-05-24T09:25:10,31.27,72.29
2026-05-24T09:25:15,30.73,72.72
2026-05-24T09:25:20,30.73,72.72
2026-05-24T09:25:25,33.96,80.25
2026-05-24T09:25:30,33.96,80.25
2026-05-24T09:25:35,33.09,76.67
2026-05-24T09:25:40,33.09,76.67
2026-05-24T09:25:45,32.03,75.27
2026-05-24T09:25:50,32.03,75.27
2026-05-24T09:25:55,33.55,78.53
2026-05-24T09:26:00,33.55,78.53
2026-05-24T09:26:05,32.92,75.7
2026-05-24T09:26:10,32.92,75.7
2026-05-24T09:26:15,32.21,74.22
2026-05-24T09:26:20,32.21,74.22
2026-05-24T09:26:25,33.7,78.28
2026-05-24T09:26:30,33.7,78.28
2026-05-24T09:26:35,33.9,79.26
2026-05-24T09:26:40,33.9,79.26
2026-05-24T09:26:45,33.06,76.96
2026-05-24T09:26:50,33.06,76.96
2026-05-24T09:26:55,32.54,75.01
2026-05-24T09:27:00,32.54,75.01
2026-05-24T09:27:05,31.76,73.79
2026-05-24T09:27:10,31.76,73.79
2026-05-24T09:27:15,32.11,75.08
2026-05-24T09:27:20,32.11,75.08
2026-05-24T09:27:25,33.39,76.92
2026-05-24T09:27:30,33.39,76.92
2026-05-24T09:27:35,32.29,74.14
2026-05-24T09:27:40,32.29,74.14
2026-05-24T09:27:45,32.36,74.57
2026-05-24T09:27:50,32.36,74.57
2026-05-24T09:27:55,33.5,77.34
2026-05-24T09:28:00,33.5,77.34
2026-05-24T09:28:05,32.87,76.39
2026-05-24T09:28:10,32.87,76.39
2026-05-24T09:28:15,32.55,76.06
2026-05-24T09:28:20,32.55,76.06
2026-05-24T09:28:25,33.52,77.49
2026-05-24T09:28:30,33.52,77.49
2026-05-24T09:28:35,34.08,78.48
2026-05-24T09:28:40,34.08,78.48
2026-05-24T09:28:45,33.53,78.45
2026-05-24T09:28:50,33.53,78.45
2026-05-24T09:28:55,39.53,77.63
2026-05-24T09:29:00,39.53,77.63
2026-05-24T09:29:05,39.16,75.8
2026-05-24T09:29:10,39.16,75.8
2026-05-24T09:29:15,32.79,75.39
2026-05-24T09:29:20,32.79,75.39
2026-05-24T09:29:25,32.53,75.59
2026-05-24T09:29:30,32.53,75.59
2026-05-24T09:29:35,32.64,76.51
2026-05-24T09:29:40,32.64,76.51
2026-05-24T09:29:45,32.75,76.97
2026-05-24T09:29:50,32.75,76.97
2026-05-24T09:29:55,32.78,76.9
2026-05-24T09:30:00,32.78,76.9
2026-05-24T09:30:05,30.98,71.7
2026-05-24T09:30:10,30.98,71.7
2026-05-24T09:30:15,27.65,65.17
2026-05-24T09:30:20,27.65,65.17
2026-05-24T09:30:25,29.73,71.14
2026-05-24T09:30:30,29.73,71.14
2026-05-24T09:30:35,33.57,78.81
2026-05-24T09:30:40,33.57,78.81
2026-05-24T09:30:45,33.02,77.07
2026-05-24T09:30:50,33.02,77.07
2026-05-24T09:30:55,32.49,76.05
2026-05-24T09:31:00,32.49,76.05
2026-05-24T09:31:05,32.39,76.34
2026-05-24T09:31:10,32.39,76.34
2026-05-24T09:31:15,31.88,74.78
2026-05-24T09:31:20,31.88,74.78
2026-05-24T09:31:25,32.35,77.02
2026-05-24T09:31:30,32.35,77.02
2026-05-24T09:31:35,32.71,79.86
2026-05-24T09:31:40,32.71,79.86
2026-05-24T09:31:45,32.17,77.2
2026-05-24T09:31:50,32.17,77.2
2026-05-24T09:31:55,39.03,78.09
2026-05-24T09:32:00,39.03,78.09
2026-05-24T09:32:05,38.9,78.56
2026-05-24T09:32:10,38.9,78.56
2026-05-24T09:32:15,32.32,76.62
2026-05-24T09:32:20,32.32,76.62
2026-05-24T09:32:25,33.09,77.83
2026-05-24T09:32:30,33.09,77.83
2026-05-24T09:32:35,32.43,75.59
2026-05-24T09:32:40,32.43,75.59
2026-05-24T09:32:45,32.28,75.16
2026-05-24T09:32:50,32.28,75.16
2026-05-24T09:32:55,32.86,76.53
2026-05-24T09:33:00,32.86,76.53
2026-05-24T09:33:05,31.88,74.63
2026-05-24T09:33:10,31.88,74.63
2026-05-24T09:33:15,31.42,73.41
2026-05-24T09:33:20,31.42,73.41
2026-05-24T09:33:25,32.42,74.61
2026-05-24T09:33:30,32.42,74.61
2026-05-24T09:33:35,32.19,74.86
2026-05-24T09:33:40,32.19,74.86
2026-05-24T09:33:45,32.28,74.92
2026-05-24T09:33:50,32.28,74.92
2026-05-24T09:33:55,33.41,77.37
2026-05-24T09:34:00,33.41,77.37
2026-05-24T09:34:05,33.37,77.73
2026-05-24T09:34:10,33.37,77.73
2026-05-24T09:34:15,31.88,74.49
2026-05-24T09:34:20,31.88,74.49
2026-05-24T09:34:25,31.69,74.6
2026-05-24T09:34:30,31.69,74.6
2026-05-24T09:34:35,32.3,75.39
2026-05-24T09:34:40,32.3,75.39
2026-05-24T09:34:45,32.22,75.16
2026-05-24T09:34:50,32.22,75.16
2026-05-24T09:34:55,31.63,74.75
2026-05-24T09:35:00,31.63,74.75
2026-05-24T09:35:05,31.0,71.56
2026-05-24T09:35:10,31.0,71.56
2026-05-24T09:35:15,30.83,71.46
2026-05-24T09:35:20,30.83,71.46
2026-05-24T09:35:25,31.2,74.14
2026-05-24T09:35:30,31.2,74.14
2026-05-24T09:35:35,31.74,74.26
2026-05-24T09:35:40,31.74,74.26
2026-05-24T09:35:45,31.34,73.14
2026-05-24T09:35:50,31.34,73.14
2026-05-24T09:35:55,31.64,74.12
2026-05-24T09:36:00,31.64,74.12
2026-05-24T09:36:05,31.79,73.57
2026-05-24T09:36:10,31.79,73.57
2026-05-24T09:36:15,31.5,73.29
2026-05-24T09:36:20,31.5,73.29
2026-05-24T09:36:25,31.77,74.42
2026-05-24T09:36:30,31.77,74.42
2026-05-24T09:36:35,32.54,75.79
2026-05-24T09:36:40,32.54,75.79
2026-05-24T09:36:45,32.17,75.16
2026-05-24T09:36:50,32.17,75.16
2026-05-24T09:36:55,31.97,74.73
2026-05-24T09:37:00,31.97,74.73
2026-05-24T09:37:05,31.98,74.54
2026-05-24T09:37:10,31.98,74.54
2026-05-24T09:37:15,31.62,73.65
2026-05-24T09:37:20,31.62,73.65
2026-05-24T09:37:25,32.59,75.17
2026-05-24T09:37:30,32.59,75.17
2026-05-24T09:37:35,32.35,74.1
2026-05-24T09:37:40,32.35,74.1
2026-05-24T09:37:45,32.25,74.65
2026-05-24T09:37:50,32.25,74.65
2026-05-24T09:37:55,31.89,74.21
2026-05-24T09:38:00,31.89,74.21
2026-05-24T09:38:05,31.72,73.81
2026-05-24T09:38:10,31.72,73.81
2026-05-24T09:38:15,31.94,74.68
2026-05-24T09:38:20,31.94,74.68
2026-05-24T09:38:25,32.09,75.62
2026-05-24T09:38:30,32.09,75.62
2026-05-24T09:38:35,32.3,76.25
2026-05-24T09:38:40,32.3,76.25
2026-05-24T09:38:45,32.12,74.56
2026-05-24T09:38:50,32.12,74.56
2026-05-24T09:38:55,32.6,75.58
2026-05-24T09:39:00,32.6,75.58
2026-05-24T09:39:05,31.31,72.35
2026-05-24T09:39:10,31.31,72.35
2026-05-24T09:39:15,28.72,66.55
2026-05-24T09:39:20,28.72,66.55
2026-05-24T09:39:25,30.02,70.62
2026-05-24T09:39:30,30.02,70.62
2026-05-24T09:39:35,32.19,76.05
2026-05-24T09:39:40,32.19,76.05
2026-05-24T09:39:45,31.98,75.27
2026-05-24T09:39:50,31.98,75.27
2026-05-24T09:39:55,32.67,75.33
2026-05-24T09:40:00,32.67,75.33
2026-05-24T09:40:05,31.5,72.55
2026-05-24T09:40:10,31.5,72.55
2026-05-24T09:40:15,28.18,65.65
2026-05-24T09:40:20,28.18,65.65
2026-05-24T09:40:25,29.14,68.11
2026-05-24T09:40:30,29.14,68.11
2026-05-24T09:40:35,32.11,74.55
2026-05-24T09:40:40,32.11,74.55
2026-05-24T09:40:45,31.36,73.06
2026-05-24T09:40:50,31.36,73.06
2026-05-24T09:40:55,31.75,74.29
2026-05-24T09:41:00,31.75,74.29
2026-05-24T09:41:05,33.22,80.96
2026-05-24T09:41:10,33.22,80.96
2026-05-24T09:41:15,39.04,78.72
2026-05-24T09:41:20,39.04,78.72
2026-05-24T09:41:25,38.41,74.22
2026-05-24T09:41:30,38.41,74.22
2026-05-24T09:41:35,32.06,75.72
2026-05-24T09:41:40,32.06,75.72
2026-05-24T09:41:45,32.13,76.09
2026-05-24T09:41:50,32.13,76.09
2026-05-24T09:41:55,32.01,75.68
2026-05-24T09:42:00,32.01,75.68
2026-05-24T09:42:05,31.99,75.15
2026-05-24T09:42:10,31.99,75.15
2026-05-24T09:42:15,31.54,74.31
2026-05-24T09:42:20,31.54,74.31
2026-05-24T09:42:25,31.59,74.16
2026-05-24T09:42:30,31.59,74.16
2026-05-24T09:42:35,32.09,74.85
2026-05-24T09:42:40,32.09,74.85
2026-05-24T09:42:45,32.78,77.29
2026-05-24T09:42:50,32.78,77.29
2026-05-24T09:42:55,33.26,78.73
2026-05-24T09:43:00,33.26,78.73
2026-05-24T09:43:05,32.29,75.67
2026-05-24T09:43:10,32.29,75.67
2026-05-24T09:43:15,31.16,72.9
2026-05-24T09:43:20,31.16,72.9
2026-05-24T09:43:25,31.35,73.56
2026-05-24T09:43:30,31.35,73.56
2026-05-24T09:43:35,32.02,75.21
2026-05-24T09:43:40,32.02,75.21
2026-05-24T09:43:45,32.37,76.52
2026-05-24T09:43:50,32.37,76.52
2026-05-24T09:43:55,32.75,76.92
2026-05-24T09:44:00,32.75,76.92
2026-05-24T09:44:05,31.94,74.17
2026-05-24T09:44:10,31.94,74.17
2026-05-24T09:44:15,31.47,73.75
2026-05-24T09:44:20,31.47,73.75
2026-05-24T09:44:25,31.88,75.04
2026-05-24T09:44:30,31.88,75.04
2026-05-24T09:44:35,32.03,74.3
2026-05-24T09:44:40,32.03,74.3
2026-05-24T09:44:45,31.89,74.67
2026-05-24T09:44:50,31.89,74.67
2026-05-24T09:44:55,31.04,73.85
2026-05-24T09:45:00,31.04,73.85
2026-05-24T09:45:05,30.17,71.03
2026-05-24T09:45:10,30.17,71.03
2026-05-24T09:45:15,29.25,68.6
2026-05-24T09:45:20,29.25,68.6
2026-05-24T09:45:25,30.07,70.59
2026-05-24T09:45:30,30.07,70.59
2026-05-24T09:45:35,30.81,72.46
2026-05-24T09:45:40,30.81,72.46
2026-05-24T09:45:45,31.03,73.11
2026-05-24T09:45:50,31.03,73.11
2026-05-24T09:45:55,31.69,74.82
2026-05-24T09:46:00,31.69,74.82
2026-05-24T09:46:05,31.66,73.9
2026-05-24T09:46:10,31.66,73.9
2026-05-24T09:46:15,31.1,72.1
2026-05-24T09:46:20,31.1,72.1
2026-05-24T09:46:25,31.54,74.36
2026-05-24T09:46:30,31.54,74.36
2026-05-24T09:46:35,32.31,75.55
2026-05-24T09:46:40,32.31,75.55
2026-05-24T09:46:45,32.06,74.49
2026-05-24T09:46:50,32.06,74.49
2026-05-24T09:46:55,32.16,74.66
2026-05-24T09:47:00,32.16,74.66
2026-05-24T09:47:05,31.55,72.53
2026-05-24T09:47:10,31.55,72.53
2026-05-24T09:47:15,30.81,70.73
2026-05-24T09:47:20,30.81,70.73
2026-05-24T09:47:25,31.22,72.14
2026-05-24T09:47:30,31.22,72.14
2026-05-24T09:47:35,32.23,74.76
2026-05-24T09:47:40,32.23,74.76
2026-05-24T09:47:45,31.91,74.18
2026-05-24T09:47:50,31.91,74.18
2026-05-24T09:47:55,30.71,71.59
2026-05-24T09:48:00,30.71,71.59
2026-05-24T09:48:05,30.78,71.54
2026-05-24T09:48:10,30.78,71.54
2026-05-24T09:48:15,30.14,70.32
2026-05-24T09:48:20,30.14,70.32
2026-05-24T09:48:25,30.36,71.75
2026-05-24T09:48:30,30.36,71.75
2026-05-24T09:48:35,31.88,74.53
2026-05-24T09:48:40,31.88,74.53
2026-05-24T09:48:45,31.87,74.28
2026-05-24T09:48:50,31.87,74.28
2026-05-24T09:48:55,31.65,73.72
2026-05-24T09:49:00,31.65,73.72
2026-05-24T09:49:05,30.82,71.56
2026-05-24T09:49:10,30.82,71.56
2026-05-24T09:49:15,29.34,68.51
2026-05-24T09:49:20,29.34,68.51
2026-05-24T09:49:25,30.02,69.99
2026-05-24T09:49:30,30.02,69.99
2026-05-24T09:49:35,31.04,72.28
2026-05-24T09:49:40,31.04,72.28
2026-05-24T09:49:45,31.05,71.61
2026-05-24T09:49:50,31.05,71.61
2026-05-24T09:49:55,30.38,70.13
2026-05-24T09:50:00,30.38,70.13
2026-05-24T09:50:05,29.45,67.68
2026-05-24T09:50:10,29.45,67.68
2026-05-24T09:50:15,29.16,67.45
2026-05-24T09:50:20,29.16,67.45
2026-05-24T09:50:25,29.07,68.32
2026-05-24T09:50:30,29.07,68.32
2026-05-24T09:50:35,29.73,69.65
2026-05-24T09:50:40,29.73,69.65
2026-05-24T09:50:45,30.73,71.57
2026-05-24T09:50:50,30.73,71.57
2026-05-24T09:50:55,31.1,71.82
2026-05-24T09:51:00,31.1,71.82
2026-05-24T09:51:05,30.53,70.67
2026-05-24T09:51:10,30.53,70.67
2026-05-24T09:51:15,30.0,70.58
2026-05-24T09:51:20,30.0,70.58
2026-05-24T09:51:25,30.65,72.27
2026-05-24T09:51:30,30.65,72.27
2026-05-24T09:51:35,32.48,76.27
2026-05-24T09:51:40,32.48,76.27
2026-05-24T09:51:45,32.45,76.4
2026-05-24T09:51:50,32.45,76.4
2026-05-24T09:51:55,32.31,74.97
2026-05-24T09:52:00,32.31,74.97
2026-05-24T09:52:05,31.75,73.76
2026-05-24T09:52:10,31.75,73.76
2026-05-24T09:52:15,31.05,73.51
2026-05-24T09:52:20,31.05,73.51
2026-05-24T09:52:25,32.14,75.52
2026-05-24T09:52:30,32.14,75.52
2026-05-24T09:52:35,32.9,76.28
2026-05-24T09:52:40,32.9,76.28
2026-05-24T09:52:45,32.03,75.08
2026-05-24T09:52:50,32.03,75.08
2026-05-24T09:52:55,32.26,76.39
2026-05-24T09:53:00,32.26,76.39
2026-05-24T09:53:05,33.93,80.06
2026-05-24T09:53:10,33.93,80.06
2026-05-24T09:53:15,34.34,80.42
2026-05-24T09:53:20,34.34,80.42
2026-05-24T09:53:25,33.42,77.91
2026-05-24T09:53:30,33.42,77.91
2026-05-24T09:53:35,34.26,80.22
2026-05-24T09:53:40,34.26,80.22
2026-05-24T09:53:45,35.3,82.34
2026-05-24T09:53:50,35.3,82.34
2026-05-24T09:53:55,34.39,79.88
2026-05-24T09:54:00,34.39,79.88
2026-05-24T09:54:05,34.2,80.48
2026-05-24T09:54:10,34.2,80.48
2026-05-24T09:54:15,33.51,78.57
2026-05-24T09:54:20,33.51,78.57
2026-05-24T09:54:25,33.69,77.9
2026-05-24T09:54:30,33.69,77.9
2026-05-24T09:54:35,33.98,79.84
2026-05-24T09:54:40,33.98,79.84
2026-05-24T09:54:45,34.11,79.66
2026-05-24T09:54:50,34.11,79.66
2026-05-24T09:54:55,33.61,78.29
2026-05-24T09:55:00,33.61,78.29
2026-05-24T09:55:05,32.04,74.84
2026-05-24T09:55:10,32.04,74.84
2026-05-24T09:55:15,31.65,74.06
2026-05-24T09:55:20,31.65,74.06
2026-05-24T09:55:25,31.74,75.51
2026-05-24T09:55:30,31.74,75.51
2026-05-24T09:55:35,32.38,75.7
2026-05-24T09:55:40,32.38,75.7
2026-05-24T09:55:45,32.69,75.37
2026-05-24T09:55:50,32.69,75.37
2026-05-24T09:55:55,32.83,76.6
2026-05-24T09:56:00,32.83,76.6
2026-05-24T09:56:05,33.42,77.9
2026-05-24T09:56:10,33.42,77.9
2026-05-24T09:56:15,33.39,77.67
2026-05-24T09:56:20,33.39,77.67
2026-05-24T09:56:25,32.73,76.96
2026-05-24T09:56:30,32.73,76.96
2026-05-24T09:56:35,32.7,76.59
2026-05-24T09:56:40,32.7,76.59
2026-05-24T09:56:45,32.58,76.33
2026-05-24T09:56:50,32.58,76.33
2026-05-24T09:56:55,32.25,76.26
2026-05-24T09:57:00,32.25,76.26
2026-05-24T09:57:05,32.99,77.55
2026-05-24T09:57:10,32.99,77.55
2026-05-24T09:57:15,33.08,77.15
2026-05-24T09:57:20,33.08,77.15
2026-05-24T09:57:25,33.05,76.76
2026-05-24T09:57:30,33.05,76.76
2026-05-24T09:57:35,33.46,78.56
2026-05-24T09:57:40,33.46,78.56
2026-05-24T09:57:45,33.42,78.76
2026-05-24T09:57:50,33.42,78.76
2026-05-24T09:57:55,32.48,76.16
2026-05-24T09:58:00,32.48,76.16
2026-05-24T09:58:05,32.42,76.4
2026-05-24T09:58:10,32.42,76.4
2026-05-24T09:58:15,33.39,79.09
2026-05-24T09:58:20,33.39,79.09
2026-05-24T09:58:25,33.26,78.26
2026-05-24T09:58:30,33.26,78.26
2026-05-24T09:58:35,33.32,78.11
2026-05-24T09:58:40,33.32,78.11
2026-05-24T09:58:45,33.62,79.93
2026-05-24T09:58:50,33.62,79.93
2026-05-24T09:58:55,33.54,79.12
2026-05-24T09:59:00,33.54,79.12
2026-05-24T09:59:05,33.26,78.22
2026-05-24T09:59:10,33.26,78.22
2026-05-24T09:59:15,32.41,76.63
2026-05-24T09:59:20,32.41,76.63
2026-05-24T09:59:25,32.35,76.34
2026-05-24T09:59:30,32.35,76.34
2026-05-24T09:59:35,32.73,77.66
2026-05-24T09:59:40,32.73,77.66
2026-05-24T09:59:45,33.06,78.41
2026-05-24T09:59:50,33.06,78.41
2026-05-24T09:59:55,33.49,78.63
2026-05-24T10:00:00,33.49,78.63
2026-05-24T10:00:05,38.98,77.68
2026-05-24T10:00:10,38.98,77.68
2026-05-24T10:00:15,35.45,71.47
2026-05-24T10:00:20,35.45,71.47
2026-05-24T10:00:25,28.89,70.57
2026-05-24T10:00:30,28.89,70.57
2026-05-24T10:00:35,32.46,77.01
2026-05-24T10:00:40,32.46,77.01
2026-05-24T10:00:45,33.6,79.05
2026-05-24T10:00:50,33.6,79.05
2026-05-24T10:00:55,33.29,78.34
2026-05-24T10:01:00,33.29,78.34
2026-05-24T10:01:05,32.34,75.72
2026-05-24T10:01:10,32.34,75.72
2026-05-24T10:01:15,32.76,77.69
2026-05-24T10:01:20,32.76,77.69
2026-05-24T10:01:25,33.54,79.99
2026-05-24T10:01:30,33.54,79.99
2026-05-24T10:01:35,33.04,78.39
2026-05-24T10:01:40,33.04,78.39
2026-05-24T10:01:45,32.79,77.38
2026-05-24T10:01:50,32.79,77.38
2026-05-24T10:01:55,33.01,77.47
2026-05-24T10:02:00,33.01,77.47
2026-05-24T10:02:05,32.23,75.91
2026-05-24T10:02:10,32.23,75.91
2026-05-24T10:02:15,32.37,76.39
2026-05-24T10:02:20,32.37,76.39
2026-05-24T10:02:25,33.84,79.8
2026-05-24T10:02:30,33.84,79.8
2026-05-24T10:02:35,33.84,79.67
2026-05-24T10:02:40,33.84,79.67
2026-05-24T10:02:45,33.02,77.12
2026-05-24T10:02:50,33.02,77.12
2026-05-24T10:02:55,32.55,76.66
2026-05-24T10:03:00,32.55,76.66
2026-05-24T10:03:05,32.44,78.17
2026-05-24T10:03:10,32.44,78.17
2026-05-24T10:03:15,33.21,79.52
2026-05-24T10:03:20,33.21,79.52
2026-05-24T10:03:25,33.53,79.62
2026-05-24T10:03:30,33.53,79.62
2026-05-24T10:03:35,32.8,78.49
2026-05-24T10:03:40,32.8,78.49
2026-05-24T10:03:45,32.79,78.18
2026-05-24T10:03:50,32.79,78.18
2026-05-24T10:03:55,33.42,78.63
2026-05-24T10:04:00,33.42,78.63
2026-05-24T10:04:05,33.57,78.47
2026-05-24T10:04:10,33.57,78.47
2026-05-24T10:04:15,33.65,79.92
2026-05-24T10:04:20,33.65,79.92
2026-05-24T10:04:25,33.51,80.01
2026-05-24T10:04:30,33.51,80.01
2026-05-24T10:04:35,32.47,77.29
2026-05-24T10:04:40,32.47,77.29
2026-05-24T10:04:45,32.42,76.82
2026-05-24T10:04:50,32.42,76.82
2026-05-24T10:04:55,33.21,77.76
2026-05-24T10:05:00,33.21,77.76
2026-05-24T10:05:05,32.01,74.63
2026-05-24T10:05:10,32.01,74.63
2026-05-24T10:05:15,30.53,72.41
2026-05-24T10:05:20,30.53,72.41
2026-05-24T10:05:25,32.05,76.22
2026-05-24T10:05:30,32.05,76.22
2026-05-24T10:05:35,32.6,76.19
2026-05-24T10:05:40,32.6,76.19
2026-05-24T10:05:45,32.36,76.09
2026-05-24T10:05:50,32.36,76.09
2026-05-24T10:05:55,33.75,79.08
2026-05-24T10:06:00,33.75,79.08
2026-05-24T10:06:05,33.51,78.18
2026-05-24T10:06:10,33.51,78.18
2026-05-24T10:06:15,33.16,77.76
2026-05-24T10:06:20,33.16,77.76
2026-05-24T10:06:25,32.88,77.19
2026-05-24T10:06:30,32.88,77.19
2026-05-24T10:06:35,32.64,76.4
2026-05-24T10:06:40,32.64,76.4
2026-05-24T10:06:45,33.42,78.47
2026-05-24T10:06:50,33.42,78.47
2026-05-24T10:06:55,33.3,78.96
2026-05-24T10:07:00,33.3,78.96
2026-05-24T10:07:05,32.52,76.81
2026-05-24T10:07:10,32.52,76.81
2026-05-24T10:07:15,32.42,76.5
2026-05-24T10:07:20,32.42,76.5
2026-05-24T10:07:25,33.51,79.71
2026-05-24T10:07:30,33.51,79.71
2026-05-24T10:07:35,33.02,78.83
2026-05-24T10:07:40,33.02,78.83
2026-05-24T10:07:45,32.44,76.62
2026-05-24T10:07:50,32.44,76.62
2026-05-24T10:07:55,33.07,77.73
2026-05-24T10:08:00,33.07,77.73
2026-05-24T10:08:05,31.96,74.89
2026-05-24T10:08:10,31.96,74.89
2026-05-24T10:08:15,31.61,73.39
2026-05-24T10:08:20,31.61,73.39
2026-05-24T10:08:25,32.24,75.66
2026-05-24T10:08:30,32.24,75.66
2026-05-24T10:08:35,32.23,76.39
2026-05-24T10:08:40,32.23,76.39
2026-05-24T10:08:45,31.83,75.26
2026-05-24T10:08:50,31.83,75.26
2026-05-24T10:08:55,31.89,75.52
2026-05-24T10:09:00,31.89,75.52
2026-05-24T10:09:05,31.65,75.09
2026-05-24T10:09:10,31.65,75.09
2026-05-24T10:09:15,30.27,72.84
2026-05-24T10:09:20,30.27,72.84
2026-05-24T10:09:25,31.5,78.79
2026-05-24T10:09:30,31.5,78.79
2026-05-24T10:09:35,39.49,81.94
2026-05-24T10:09:40,39.49,81.94
2026-05-24T10:09:45,39.19,77.45
2026-05-24T10:09:50,39.19,77.45
2026-05-24T10:09:55,32.26,76.17
2026-05-24T10:10:00,32.26,76.17
2026-05-24T10:10:05,31.11,72.93
2026-05-24T10:10:10,31.11,72.93
2026-05-24T10:10:15,30.26,70.85
2026-05-24T10:10:20,30.26,70.85
2026-05-24T10:10:25,30.92,73.75
2026-05-24T10:10:30,30.92,73.75
2026-05-24T10:10:35,32.16,76.19
2026-05-24T10:10:40,32.16,76.19
2026-05-24T10:10:45,32.57,77.83
2026-05-24T10:10:50,32.57,77.83
2026-05-24T10:10:55,32.55,77.85
2026-05-24T10:11:00,32.55,77.85
2026-05-24T10:11:05,32.11,75.74
2026-05-24T10:11:10,32.11,75.74
2026-05-24T10:11:15,31.67,74.93
2026-05-24T10:11:20,31.67,74.93
2026-05-24T10:11:25,32.54,77.49
2026-05-24T10:11:30,32.54,77.49
2026-05-24T10:11:35,33.54,79.32
2026-05-24T10:11:40,33.54,79.32
2026-05-24T10:11:45,33.83,79.99
2026-05-24T10:11:50,33.83,79.99
2026-05-24T10:11:55,33.78,80.23
2026-05-24T10:12:00,33.78,80.23
2026-05-24T10:12:05,33.59,80.2
2026-05-24T10:12:10,33.59,80.2
2026-05-24T10:12:15,34.12,82.11
2026-05-24T10:12:20,34.12,82.11
2026-05-24T10:12:25,34.34,82.58
2026-05-24T10:12:30,34.34,82.58
2026-05-24T10:12:35,32.99,80.03
2026-05-24T10:12:40,32.99,80.03
2026-05-24T10:12:45,32.26,77.39
2026-05-24T10:12:50,32.26,77.39
2026-05-24T10:12:55,32.66,76.79
2026-05-24T10:13:00,32.66,76.79
2026-05-24T10:13:05,32.22,75.69
2026-05-24T10:13:10,32.22,75.69
2026-05-24T10:13:15,32.19,76.34
2026-05-24T10:13:20,32.19,76.34
2026-05-24T10:13:25,32.84,77.33
2026-05-24T10:13:30,32.84,77.33
2026-05-24T10:13:35,32.56,75.75
2026-05-24T10:13:40,32.56,75.75
2026-05-24T10:13:45,32.62,77.06
2026-05-24T10:13:50,32.62,77.06
2026-05-24T10:13:55,33.49,79.82
2026-05-24T10:14:00,33.49,79.82
2026-05-24T10:14:05,33.53,79.21
2026-05-24T10:14:10,33.53,79.21
2026-05-24T10:14:15,33.8,78.69
2026-05-24T10:14:20,33.8,78.69
2026-05-24T10:14:25,33.36,77.25
2026-05-24T10:14:30,33.36,77.25
2026-05-24T10:14:35,33.2,77.12
2026-05-24T10:14:40,33.2,77.12
2026-05-24T10:14:45,32.88,76.29
2026-05-24T10:14:50,32.88,76.29
2026-05-24T10:14:55,31.79,74.72
2026-05-24T10:15:00,31.79,74.72
2026-05-24T10:15:05,32.31,75.84
2026-05-24T10:15:10,32.31,75.84
2026-05-24T10:15:15,32.11,74.4
2026-05-24T10:15:20,32.11,74.4
2026-05-24T10:15:25,33.21,77.16
2026-05-24T10:15:30,33.21,77.16
2026-05-24T10:15:35,33.61,78.26
2026-05-24T10:15:40,33.61,78.26
2026-05-24T10:15:45,33.06,76.91
2026-05-24T10:15:50,33.06,76.91
2026-05-24T10:15:55,34.51,79.16
2026-05-24T10:16:00,34.51,79.16
2026-05-24T10:16:05,34.25,78.38
2026-05-24T10:16:10,34.25,78.38
2026-05-24T10:16:15,33.02,77.58
2026-05-24T10:16:20,33.02,77.58
2026-05-24T10:16:25,33.03,79.14
2026-05-24T10:16:30,33.03,79.14
2026-05-24T10:16:35,33.07,79.06
2026-05-24T10:16:40,33.07,79.06
2026-05-24T10:16:45,32.88,78.23
2026-05-24T10:16:50,32.88,78.23
2026-05-24T10:16:55,33.69,80.24
2026-05-24T10:17:00,33.69,80.24
2026-05-24T10:17:05,33.3,78.87
2026-05-24T10:17:10,33.3,78.87
2026-05-24T10:17:15,32.39,76.84
2026-05-24T10:17:20,32.39,76.84
2026-05-24T10:17:25,33.04,77.72
2026-05-24T10:17:30,33.04,77.72
2026-05-24T10:17:35,33.0,78.28
2026-05-24T10:17:40,33.0,78.28
2026-05-24T10:17:45,33.11,79.57
2026-05-24T10:17:50,33.11,79.57
2026-05-24T10:17:55,33.32,79.1
2026-05-24T10:18:00,33.32,79.1
2026-05-24T10:18:05,31.9,75.01
2026-05-24T10:18:10,31.9,75.01
2026-05-24T10:18:15,31.64,75.15
2026-05-24T10:18:20,31.64,75.15
2026-05-24T10:18:25,32.72,77.8
2026-05-24T10:18:30,32.72,77.8
2026-05-24T10:18:35,33.15,78.25
2026-05-24T10:18:40,33.15,78.25
2026-05-24T10:18:45,32.72,77.31
2026-05-24T10:18:50,32.72,77.31
2026-05-24T10:18:55,32.31,76.33
2026-05-24T10:19:00,32.31,76.33
2026-05-24T10:19:05,32.32,77.3
2026-05-24T10:19:10,32.32,77.3
2026-05-24T10:19:15,32.34,77.48
2026-05-24T10:19:20,32.34,77.48
2026-05-24T10:19:25,32.3,77.06
2026-05-24T10:19:30,32.3,77.06
2026-05-24T10:19:35,32.84,77.18
2026-05-24T10:19:40,32.84,77.18
2026-05-24T10:19:45,32.5,76.1
2026-05-24T10:19:50,32.5,76.1
2026-05-24T10:19:55,32.22,75.59
2026-05-24T10:20:00,32.22,75.59
2026-05-24T10:20:05,32.48,77.02
2026-05-24T10:20:10,32.48,77.02
2026-05-24T10:20:15,30.8,75.33
2026-05-24T10:20:20,30.8,75.33
2026-05-24T10:20:25,30.93,75.16
2026-05-24T10:20:30,30.93,75.16
2026-05-24T10:20:35,32.67,77.83
2026-05-24T10:20:40,32.67,77.83
2026-05-24T10:20:45,33.15,79.41
2026-05-24T10:20:50,33.15,79.41
2026-05-24T10:20:55,33.21,79.27
2026-05-24T10:21:00,33.21,79.27
2026-05-24T10:21:05,32.95,78.43
2026-05-24T10:21:10,32.95,78.43
2026-05-24T10:21:15,32.94,78.92
2026-05-24T10:21:20,32.94,78.92
2026-05-24T10:21:25,33.66,81.1
2026-05-24T10:21:30,33.66,81.1
2026-05-24T10:21:35,33.69,80.63
2026-05-24T10:21:40,33.69,80.63
2026-05-24T10:21:45,33.38,79.34
2026-05-24T10:21:50,33.38,79.34
2026-05-24T10:21:55,33.15,78.35
2026-05-24T10:22:00,33.15,78.35
2026-05-24T10:22:05,32.46,76.75
2026-05-24T10:22:10,32.46,76.75
2026-05-24T10:22:15,32.18,76.54
2026-05-24T10:22:20,32.18,76.54
2026-05-24T10:22:25,32.98,77.54
2026-05-24T10:22:30,32.98,77.54
2026-05-24T10:22:35,33.04,78.03
2026-05-24T10:22:40,33.04,78.03
2026-05-24T10:22:45,32.61,77.1
2026-05-24T10:22:50,32.61,77.1
2026-05-24T10:22:55,32.26,76.01
2026-05-24T10:23:00,32.26,76.01
2026-05-24T10:23:05,32.24,75.84
2026-05-24T10:23:10,32.24,75.84
2026-05-24T10:23:15,32.48,77.17
2026-05-24T10:23:20,32.48,77.17
2026-05-24T10:23:25,32.71,79.05
2026-05-24T10:23:30,32.71,79.05
2026-05-24T10:23:35,32.68,78.21
2026-05-24T10:23:40,32.68,78.21
2026-05-24T10:23:45,32.99,78.77
2026-05-24T10:23:50,32.99,78.77
2026-05-24T10:23:55,33.31,79.73
2026-05-24T10:24:00,33.31,79.73
2026-05-24T10:24:05,32.28,76.12
2026-05-24T10:24:10,32.28,76.12
2026-05-24T10:24:15,31.53,73.77
2026-05-24T10:24:20,31.53,73.77
2026-05-24T10:24:25,31.97,75.46
2026-05-24T10:24:30,31.97,75.46
2026-05-24T10:24:35,32.72,78.13
2026-05-24T10:24:40,32.72,78.13
2026-05-24T10:24:45,32.87,78.43
2026-05-24T10:24:50,32.87,78.43
2026-05-24T10:24:55,32.49,76.76
2026-05-24T10:25:00,32.49,76.76
2026-05-24T10:25:05,31.03,72.73
2026-05-24T10:25:10,31.03,72.73
2026-05-24T10:25:15,29.88,71.48
2026-05-24T10:25:20,29.88,71.48
2026-05-24T10:25:25,31.31,75.32
2026-05-24T10:25:30,31.31,75.32
2026-05-24T10:25:35,33.18,78.62
2026-05-24T10:25:40,33.18,78.62
2026-05-24T10:25:45,32.93,78.08
2026-05-24T10:25:50,32.93,78.08
2026-05-24T10:25:55,32.22,76.28
2026-05-24T10:26:00,32.22,76.28
2026-05-24T10:26:05,32.61,77.02
2026-05-24T10:26:10,32.61,77.02
2026-05-24T10:26:15,32.93,78.39
2026-05-24T10:26:20,32.93,78.39
2026-05-24T10:26:25,33.26,80.01
2026-05-24T10:26:30,33.26,80.01
2026-05-24T10:26:35,33.21,79.47
2026-05-24T10:26:40,33.21,79.47
2026-05-24T10:26:45,32.57,77.97
2026-05-24T10:26:50,32.57,77.97
2026-05-24T10:26:55,32.35,77.4
2026-05-24T10:27:00,32.35,77.4
2026-05-24T10:27:05,31.81,75.76
2026-05-24T10:27:10,31.81,75.76
2026-05-24T10:27:15,31.54,74.63
2026-05-24T10:27:20,31.54,74.63
2026-05-24T10:27:25,32.66,76.25
2026-05-24T10:27:30,32.66,76.25
2026-05-24T10:27:35,32.51,75.32
2026-05-24T10:27:40,32.51,75.32
2026-05-24T10:27:45,32.07,74.84
2026-05-24T10:27:50,32.07,74.84
2026-05-24T10:27:55,33.05,78.63
2026-05-24T10:28:00,33.05,78.63
2026-05-24T10:28:05,33.39,80.42
2026-05-24T10:28:10,33.39,80.42
2026-05-24T10:28:15,32.73,78.2
2026-05-24T10:28:20,32.73,78.2
2026-05-24T10:28:25,32.41,79.84
2026-05-24T10:28:30,32.41,79.84
2026-05-24T10:28:35,34.83,80.76
2026-05-24T10:28:40,34.83,80.76
2026-05-24T10:28:45,39.54,78.65
2026-05-24T10:28:50,39.54,78.65
2026-05-24T10:28:55,37.6,78.65
2026-05-24T10:29:00,37.6,78.65
2026-05-24T10:29:05,32.72,76.87
2026-05-24T10:29:10,32.72,76.87
2026-05-24T10:29:15,32.02,75.87
2026-05-24T10:29:20,32.02,75.87
2026-05-24T10:29:25,31.71,75.58
2026-05-24T10:29:30,31.71,75.58
2026-05-24T10:29:35,32.66,77.73
2026-05-24T10:29:40,32.66,77.73
2026-05-24T10:29:45,32.62,78.68
2026-05-24T10:29:50,32.62,78.68
2026-05-24T10:29:55,38.64,78.03
2026-05-24T10:30:00,38.64,78.03
2026-05-24T10:30:05,37.8,74.66
2026-05-24T10:30:10,37.8,74.66
2026-05-24T10:30:15,26.61,62.96
2026-05-24T10:30:20,26.61,62.96
2026-05-24T10:30:25,26.53,62.96
2026-05-24T10:30:30,26.53,62.96
2026-05-24T10:30:35,32.01,76.56
2026-05-24T10:30:40,32.01,76.56
2026-05-24T10:30:45,33.27,79.39
2026-05-24T10:30:50,33.27,79.39
2026-05-24T10:30:55,32.28,75.83
2026-05-24T10:31:00,32.28,75.83
2026-05-24T10:31:05,31.55,74.92
2026-05-24T10:31:10,31.55,74.92
2026-05-24T10:31:15,31.14,75.25
2026-05-24T10:31:20,31.14,75.25
2026-05-24T10:31:25,31.91,76.3
2026-05-24T10:31:30,31.91,76.3
2026-05-24T10:31:35,32.51,76.65
2026-05-24T10:31:40,32.51,76.65
2026-05-24T10:31:45,32.5,77.01
2026-05-24T10:31:50,32.5,77.01
2026-05-24T10:31:55,31.44,74.81
2026-05-24T10:32:00,31.44,74.81
2026-05-24T10:32:05,30.89,73.22
2026-05-24T10:32:10,30.89,73.22
2026-05-24T10:32:15,31.12,74.04
2026-05-24T10:32:20,31.12,74.04
2026-05-24T10:32:25,31.9,80.06
2026-05-24T10:32:30,31.9,80.06
2026-05-24T10:32:35,32.46,81.47
2026-05-24T10:32:40,32.46,81.47
2026-05-24T10:32:45,31.97,77.16
2026-05-24T10:32:50,31.97,77.16
2026-05-24T10:32:55,32.36,77.8
2026-05-24T10:33:00,32.36,77.8
2026-05-24T10:33:05,32.11,75.21
2026-05-24T10:33:10,32.11,75.21
2026-05-24T10:33:15,31.38,73.42
2026-05-24T10:33:20,31.38,73.42
2026-05-24T10:33:25,32.17,76.23
2026-05-24T10:33:30,32.17,76.23
2026-05-24T10:33:35,32.67,77.63
2026-05-24T10:33:40,32.67,77.63
2026-05-24T10:33:45,32.21,77.5
2026-05-24T10:33:50,32.21,77.5
2026-05-24T10:33:55,32.01,76.98
2026-05-24T10:34:00,32.01,76.98
2026-05-24T10:34:05,32.02,76.14
2026-05-24T10:34:10,32.02,76.14
2026-05-24T10:34:15,31.17,73.9
2026-05-24T10:34:20,31.17,73.9
2026-05-24T10:34:25,31.56,74.21
2026-05-24T10:34:30,31.56,74.21
2026-05-24T10:34:35,32.03,75.93
2026-05-24T10:34:40,32.03,75.93
2026-05-24T10:34:45,31.68,76.17
2026-05-24T10:34:50,31.68,76.17
2026-05-24T10:34:55,32.27,77.19
2026-05-24T10:35:00,32.27,77.19
2026-05-24T10:35:05,31.72,74.46
2026-05-24T10:35:10,31.72,74.46
2026-05-24T10:35:15,29.88,71.55
2026-05-24T10:35:20,29.88,71.55
2026-05-24T10:35:25,30.47,73.98
2026-05-24T10:35:30,30.47,73.98
2026-05-24T10:35:35,32.57,77.56
2026-05-24T10:35:40,32.57,77.56
2026-05-24T10:35:45,32.24,76.53
2026-05-24T10:35:50,32.24,76.53
2026-05-24T10:35:55,31.61,74.37
2026-05-24T10:36:00,31.61,74.37
2026-05-24T10:36:05,31.11,73.89
2026-05-24T10:36:10,31.11,73.89
2026-05-24T10:36:15,30.6,73.39
2026-05-24T10:36:20,30.6,73.39
2026-05-24T10:36:25,31.57,76.07
2026-05-24T10:36:30,31.57,76.07
2026-05-24T10:36:35,33.18,79.49
2026-05-24T10:36:40,33.18,79.49
2026-05-24T10:36:45,32.52,77.68
2026-05-24T10:36:50,32.52,77.68
2026-05-24T10:36:55,31.69,75.84
2026-05-24T10:37:00,31.69,75.84
2026-05-24T10:37:05,32.4,77.26
2026-05-24T10:37:10,32.4,77.26
2026-05-24T10:37:15,32.18,76.32
2026-05-24T10:37:20,32.18,76.32
2026-05-24T10:37:25,32.23,78.9
2026-05-24T10:37:30,32.23,78.9
2026-05-24T10:37:35,32.73,80.8
2026-05-24T10:37:40,32.73,80.8
2026-05-24T10:37:45,39.44,76.22
2026-05-24T10:37:50,39.44,76.22
2026-05-24T10:37:55,39.08,74.98
2026-05-24T10:38:00,39.08,74.98
2026-05-24T10:38:05,30.58,72.29
2026-05-24T10:38:10,30.58,72.29
2026-05-24T10:38:15,30.71,73.04
2026-05-24T10:38:20,30.71,73.04
2026-05-24T10:38:25,31.76,75.52
2026-05-24T10:38:30,31.76,75.52
2026-05-24T10:38:35,32.3,76.09
2026-05-24T10:38:40,32.3,76.09
2026-05-24T10:38:45,32.8,77.17
2026-05-24T10:38:50,32.8,77.17
2026-05-24T10:38:55,32.01,75.41
2026-05-24T10:39:00,32.01,75.41
2026-05-24T10:39:05,30.5,70.95
2026-05-24T10:39:10,30.5,70.95
2026-05-24T10:39:15,29.65,69.41
2026-05-24T10:39:20,29.65,69.41
2026-05-24T10:39:25,31.55,75.86
2026-05-24T10:39:30,31.55,75.86
2026-05-24T10:39:35,33.18,79.07
2026-05-24T10:39:40,33.18,79.07
2026-05-24T10:39:45,32.11,76.0
2026-05-24T10:39:50,32.11,76.0
2026-05-24T10:39:55,32.18,76.35
2026-05-24T10:40:00,32.18,76.35
2026-05-24T10:40:05,32.02,75.27
2026-05-24T10:40:10,32.02,75.27
2026-05-24T10:40:15,30.92,73.11
2026-05-24T10:40:20,30.92,73.11
2026-05-24T10:40:25,31.76,76.16
2026-05-24T10:40:30,31.76,76.16
2026-05-24T10:40:35,33.31,79.32
2026-05-24T10:40:40,33.31,79.32
2026-05-24T10:40:45,33.17,78.03
2026-05-24T10:40:50,33.17,78.03
2026-05-24T10:40:55,32.79,78.26
2026-05-24T10:41:00,32.79,78.26
2026-05-24T10:41:05,33.36,79.94
2026-05-24T10:41:10,33.36,79.94
2026-05-24T10:41:15,33.37,78.65
2026-05-24T10:41:20,33.37,78.65
2026-05-24T10:41:25,32.81,77.92
2026-05-24T10:41:30,32.81,77.92
2026-05-24T10:41:35,33.36,78.91
2026-05-24T10:41:40,33.36,78.91
2026-05-24T10:41:45,33.94,78.86
2026-05-24T10:41:50,33.94,78.86
2026-05-24T10:41:55,33.25,78.28
2026-05-24T10:42:00,33.25,78.28
2026-05-24T10:42:05,32.97,78.25
2026-05-24T10:42:10,32.97,78.25
2026-05-24T10:42:15,33.19,78.14
2026-05-24T10:42:20,33.19,78.14
2026-05-24T10:42:25,33.79,78.5
2026-05-24T10:42:30,33.79,78.5
2026-05-24T10:42:35,33.83,78.85
2026-05-24T10:42:40,33.83,78.85
2026-05-24T10:42:45,33.02,78.55
2026-05-24T10:42:50,33.02,78.55
2026-05-24T10:42:55,32.66,77.46
2026-05-24T10:43:00,32.66,77.46
2026-05-24T10:43:05,32.95,77.26
2026-05-24T10:43:10,32.95,77.26
2026-05-24T10:43:15,33.08,77.81
2026-05-24T10:43:20,33.08,77.81
2026-05-24T10:43:25,32.89,78.53
2026-05-24T10:43:30,32.89,78.53
2026-05-24T10:43:35,33.29,78.85
2026-05-24T10:43:40,33.29,78.85
2026-05-24T10:43:45,33.5,79.24
2026-05-24T10:43:50,33.5,79.24
2026-05-24T10:43:55,32.63,77.68
2026-05-24T10:44:00,32.63,77.68
2026-05-24T10:44:05,32.22,75.87
2026-05-24T10:44:10,32.22,75.87
2026-05-24T10:44:15,32.79,77.37
2026-05-24T10:44:20,32.79,77.37
2026-05-24T10:44:25,33.02,78.54
2026-05-24T10:44:30,33.02,78.54
2026-05-24T10:44:35,33.02,78.3
2026-05-24T10:44:40,33.02,78.3
2026-05-24T10:44:45,33.31,77.73
2026-05-24T10:44:50,33.31,77.73
2026-05-24T10:44:55,32.79,76.61
2026-05-24T10:45:00,32.79,76.61
2026-05-24T10:45:05,31.98,75.81
2026-05-24T10:45:10,31.98,75.81
2026-05-24T10:45:15,32.16,76.58
2026-05-24T10:45:20,32.16,76.58
2026-05-24T10:45:25,33.57,78.95
2026-05-24T10:45:30,33.57,78.95
2026-05-24T10:45:35,33.14,77.45
2026-05-24T10:45:40,33.14,77.45
2026-05-24T10:45:45,32.31,76.22
2026-05-24T10:45:50,32.31,76.22
2026-05-24T10:45:55,33.23,79.03
2026-05-24T10:46:00,33.23,79.03
2026-05-24T10:46:05,32.82,78.06
2026-05-24T10:46:10,32.82,78.06
2026-05-24T10:46:15,32.26,76.23
2026-05-24T10:46:20,32.26,76.23
2026-05-24T10:46:25,33.09,78.67
2026-05-24T10:46:30,33.09,78.67
2026-05-24T10:46:35,32.62,77.18
2026-05-24T10:46:40,32.62,77.18
2026-05-24T10:46:45,32.16,75.27
2026-05-24T10:46:50,32.16,75.27
2026-05-24T10:46:55,32.65,76.44
2026-05-24T10:47:00,32.65,76.44
2026-05-24T10:47:05,32.51,75.88
2026-05-24T10:47:10,32.51,75.88
2026-05-24T10:47:15,32.75,75.88
2026-05-24T10:47:20,32.75,75.88
2026-05-24T10:47:25,33.42,77.37
2026-05-24T10:47:30,33.42,77.37
2026-05-24T10:47:35,33.55,78.86
2026-05-24T10:47:40,33.55,78.86
2026-05-24T10:47:45,33.62,79.41
2026-05-24T10:47:50,33.62,79.41
2026-05-24T10:47:55,33.22,78.88
2026-05-24T10:48:00,33.22,78.88
2026-05-24T10:48:05,31.82,74.76
2026-05-24T10:48:10,31.82,74.76
2026-05-24T10:48:15,31.96,75.15
2026-05-24T10:48:20,31.96,75.15
2026-05-24T10:48:25,33.55,78.98
2026-05-24T10:48:30,33.55,78.98
2026-05-24T10:48:35,32.61,76.12
2026-05-24T10:48:40,32.61,76.12
2026-05-24T10:48:45,31.81,75.16
2026-05-24T10:48:50,31.81,75.16
2026-05-24T10:48:55,32.69,76.94
2026-05-24T10:49:00,32.69,76.94
2026-05-24T10:49:05,32.54,76.0
2026-05-24T10:49:10,32.54,76.0
2026-05-24T10:49:15,31.99,74.34
2026-05-24T10:49:20,31.99,74.34
2026-05-24T10:49:25,31.31,72.59
2026-05-24T10:49:30,31.31,72.59
2026-05-24T10:49:35,32.15,76.11
2026-05-24T10:49:40,32.15,76.11
2026-05-24T10:49:45,32.82,77.81
2026-05-24T10:49:50,32.82,77.81
2026-05-24T10:49:55,32.48,76.09
2026-05-24T10:50:00,32.48,76.09
2026-05-24T10:50:05,31.28,73.74
2026-05-24T10:50:10,31.28,73.74
2026-05-24T10:50:15,29.91,71.07
2026-05-24T10:50:20,29.91,71.07
2026-05-24T10:50:25,30.52,72.16
2026-05-24T10:50:30,30.52,72.16
2026-05-24T10:50:35,31.75,74.49
2026-05-24T10:50:40,31.75,74.49
2026-05-24T10:50:45,32.4,76.7
2026-05-24T10:50:50,32.4,76.7
2026-05-24T10:50:55,32.49,76.26
2026-05-24T10:51:00,32.49,76.26
2026-05-24T10:51:05,32.85,76.42
2026-05-24T10:51:10,32.85,76.42
2026-05-24T10:51:15,32.43,75.67
2026-05-24T10:51:20,32.43,75.67
2026-05-24T10:51:25,32.07,74.85
2026-05-24T10:51:30,32.07,74.85
2026-05-24T10:51:35,32.12,75.48
2026-05-24T10:51:40,32.12,75.48
2026-05-24T10:51:45,32.35,76.07
2026-05-24T10:51:50,32.35,76.07
2026-05-24T10:51:55,32.08,74.97
2026-05-24T10:52:00,32.08,74.97
2026-05-24T10:52:05,31.85,74.25
2026-05-24T10:52:10,31.85,74.25
2026-05-24T10:52:15,32.07,75.06
2026-05-24T10:52:20,32.07,75.06
2026-05-24T10:52:25,33.08,77.61
2026-05-24T10:52:30,33.08,77.61
2026-05-24T10:52:35,33.98,79.24
2026-05-24T10:52:40,33.98,79.24
2026-05-24T10:52:45,31.42,73.66
2026-05-24T10:52:50,31.42,73.66
2026-05-24T10:52:55,30.75,72.31
2026-05-24T10:53:00,30.75,72.31
2026-05-24T10:53:05,32.51,76.58
2026-05-24T10:53:10,32.51,76.58
2026-05-24T10:53:15,32.82,76.99
2026-05-24T10:53:20,32.82,76.99
2026-05-24T10:53:25,32.7,76.33
2026-05-24T10:53:30,32.7,76.33
2026-05-24T10:53:35,32.39,74.93
2026-05-24T10:53:40,32.39,74.93
2026-05-24T10:53:45,32.84,75.76
2026-05-24T10:53:50,32.84,75.76
2026-05-24T10:53:55,33.26,77.76
2026-05-24T10:54:00,33.26,77.76
2026-05-24T10:54:05,32.24,75.81
2026-05-24T10:54:10,32.24,75.81
2026-05-24T10:54:15,32.07,75.6
2026-05-24T10:54:20,32.07,75.6
2026-05-24T10:54:25,32.75,76.16
2026-05-24T10:54:30,32.75,76.16
2026-05-24T10:54:35,32.19,74.48
2026-05-24T10:54:40,32.19,74.48
2026-05-24T10:54:45,32.43,75.56
2026-05-24T10:54:50,32.43,75.56
2026-05-24T10:54:55,32.7,76.55
2026-05-24T10:55:00,32.7,76.55
2026-05-24T10:55:05,31.44,73.55
2026-05-24T10:55:10,31.44,73.55
2026-05-24T10:55:15,30.26,71.71
2026-05-24T10:55:20,30.26,71.71
2026-05-24T10:55:25,31.64,75.04
2026-05-24T10:55:30,31.64,75.04
2026-05-24T10:55:35,32.91,77.45
2026-05-24T10:55:40,32.91,77.45
2026-05-24T10:55:45,32.58,76.84
2026-05-24T10:55:50,32.58,76.84
2026-05-24T10:55:55,32.86,76.52
2026-05-24T10:56:00,32.86,76.52
2026-05-24T10:56:05,33.17,77.19
2026-05-24T10:56:10,33.17,77.19
2026-05-24T10:56:15,32.47,76.25
2026-05-24T10:56:20,32.47,76.25
2026-05-24T10:56:25,32.08,75.7
2026-05-24T10:56:30,32.08,75.7
2026-05-24T10:56:35,32.84,77.72
2026-05-24T10:56:40,32.84,77.72
2026-05-24T10:56:45,33.34,79.17
2026-05-24T10:56:50,33.34,79.17
2026-05-24T10:56:55,33.2,77.85
2026-05-24T10:57:00,33.2,77.85
2026-05-24T10:57:05,32.95,76.07
2026-05-24T10:57:10,32.95,76.07
2026-05-24T10:57:15,32.05,74.88
2026-05-24T10:57:20,32.05,74.88
2026-05-24T10:57:25,32.14,75.84
2026-05-24T10:57:30,32.14,75.84
2026-05-24T10:57:35,32.77,76.77
2026-05-24T10:57:40,32.77,76.77
2026-05-24T10:57:45,31.71,74.06
2026-05-24T10:57:50,31.71,74.06
2026-05-24T10:57:55,32.1,75.92
2026-05-24T10:58:00,32.1,75.92
2026-05-24T10:58:05,32.27,75.78
2026-05-24T10:58:10,32.27,75.78
2026-05-24T10:58:15,31.75,74.03
2026-05-24T10:58:20,31.75,74.03
2026-05-24T10:58:25,32.15,75.77
2026-05-24T10:58:30,32.15,75.77
2026-05-24T10:58:35,31.62,74.06
2026-05-24T10:58:40,31.62,74.06
2026-05-24T10:58:45,31.97,75.37
2026-05-24T10:58:50,31.97,75.37
2026-05-24T10:58:55,32.72,76.63
2026-05-24T10:59:00,32.72,76.63
2026-05-24T10:59:05,32.26,74.77
2026-05-24T10:59:10,32.26,74.77
2026-05-24T10:59:15,31.44,73.82
2026-05-24T10:59:20,31.44,73.82
2026-05-24T10:59:25,31.47,73.94
2026-05-24T10:59:30,31.47,73.94
2026-05-24T10:59:35,32.16,74.92
2026-05-24T10:59:40,32.16,74.92
2026-05-24T10:59:45,32.01,74.85
2026-05-24T10:59:50,32.01,74.85
2026-05-24T10:59:55,31.93,74.28
2026-05-24T11:00:00,31.93,74.28
2026-05-24T11:00:05,30.65,70.11
2026-05-24T11:00:10,30.65,70.11
2026-05-24T11:00:15,24.27,55.98
2026-05-24T11:00:20,24.27,55.98
2026-05-24T11:00:25,23.19,54.8
2026-05-24T11:00:30,23.19,54.8
2026-05-24T11:00:35,29.52,69.65
2026-05-24T11:00:40,29.52,69.65
2026-05-24T11:00:45,32.07,75.19
2026-05-24T11:00:50,32.07,75.19
2026-05-24T11:00:55,32.51,76.66
2026-05-24T11:01:00,32.51,76.66
2026-05-24T11:01:05,32.9,77.46
2026-05-24T11:01:10,32.9,77.46
2026-05-24T11:01:15,32.59,76.63
2026-05-24T11:01:20,32.59,76.63
2026-05-24T11:01:25,32.85,77.14
2026-05-24T11:01:30,32.85,77.14
2026-05-24T11:01:35,32.26,75.26
2026-05-24T11:01:40,32.26,75.26
2026-05-24T11:01:45,31.47,73.27
2026-05-24T11:01:50,31.47,73.27
2026-05-24T11:01:55,32.31,74.23
2026-05-24T11:02:00,32.31,74.23
2026-05-24T11:02:05,32.52,74.45
2026-05-24T11:02:10,32.52,74.45
2026-05-24T11:02:15,31.27,72.96
2026-05-24T11:02:20,31.27,72.96
2026-05-24T11:02:25,31.29,73.82
2026-05-24T11:02:30,31.29,73.82
2026-05-24T11:02:35,31.54,74.4
2026-05-24T11:02:40,31.54,74.4
2026-05-24T11:02:45,30.93,72.89
2026-05-24T11:02:50,30.93,72.89
2026-05-24T11:02:55,31.86,75.11
2026-05-24T11:03:00,31.86,75.11
2026-05-24T11:03:05,32.45,76.46
2026-05-24T11:03:10,32.45,76.46
2026-05-24T11:03:15,31.99,75.32
2026-05-24T11:03:20,31.99,75.32
2026-05-24T11:03:25,39.03,79.92
2026-05-24T11:03:30,39.03,79.92
2026-05-24T11:03:35,38.55,78.47
2026-05-24T11:03:40,38.55,78.47
2026-05-24T11:03:45,31.49,73.64
2026-05-24T11:03:50,31.49,73.64
2026-05-24T11:03:55,31.68,74.67
2026-05-24T11:04:00,31.68,74.67
2026-05-24T11:04:05,32.17,75.73
2026-05-24T11:04:10,32.17,75.73
2026-05-24T11:04:15,31.7,74.36
2026-05-24T11:04:20,31.7,74.36
2026-05-24T11:04:25,31.89,75.05
2026-05-24T11:04:30,31.89,75.05
2026-05-24T11:04:35,34.16,79.87
2026-05-24T11:04:40,34.16,79.87
2026-05-24T11:04:45,34.18,82.69
2026-05-24T11:04:50,34.18,82.69
2026-05-24T11:04:55,33.47,81.94
2026-05-24T11:05:00,33.47,81.94
2026-05-24T11:05:05,39.69,78.28
2026-05-24T11:05:10,39.69,78.28
2026-05-24T11:05:15,39.54,78.06
2026-05-24T11:05:20,39.54,78.06
2026-05-24T11:05:25,33.36,79.04
2026-05-24T11:05:30,33.36,79.04
2026-05-24T11:05:35,33.95,80.0
2026-05-24T11:05:40,33.95,80.0
2026-05-24T11:05:45,33.73,79.45
2026-05-24T11:05:50,33.73,79.45
2026-05-24T11:05:55,33.53,77.64
2026-05-24T11:06:00,33.53,77.64
2026-05-24T11:06:05,32.53,75.32
2026-05-24T11:06:10,32.53,75.32
2026-05-24T11:06:15,31.96,75.64
2026-05-24T11:06:20,31.96,75.64
2026-05-24T11:06:25,33.93,79.91
2026-05-24T11:06:30,33.93,79.91
2026-05-24T11:06:35,34.04,79.62
2026-05-24T11:06:40,34.04,79.62
2026-05-24T11:06:45,33.03,78.23
2026-05-24T11:06:50,33.03,78.23
2026-05-24T11:06:55,33.26,79.12
2026-05-24T11:07:00,33.26,79.12
2026-05-24T11:07:05,33.4,79.02
2026-05-24T11:07:10,33.4,79.02
2026-05-24T11:07:15,33.3,78.86
2026-05-24T11:07:20,33.3,78.86
2026-05-24T11:07:25,33.52,81.83
2026-05-24T11:07:30,33.52,81.83
2026-05-24T11:07:35,33.66,81.87
2026-05-24T11:07:40,33.66,81.87
2026-05-24T11:07:45,33.03,79.12
2026-05-24T11:07:50,33.03,79.12
2026-05-24T11:07:55,33.29,79.77
2026-05-24T11:08:00,33.29,79.77
2026-05-24T11:08:05,33.0,77.57
2026-05-24T11:08:10,33.0,77.57
2026-05-24T11:08:15,32.44,76.63
2026-05-24T11:08:20,32.44,76.63
2026-05-24T11:08:25,33.04,78.33
2026-05-24T11:08:30,33.04,78.33
2026-05-24T11:08:35,32.87,77.56
2026-05-24T11:08:40,32.87,77.56
2026-05-24T11:08:45,32.56,77.62
2026-05-24T11:08:50,32.56,77.62
2026-05-24T11:08:55,33.19,78.26
2026-05-24T11:09:00,33.19,78.26
2026-05-24T11:09:05,32.77,75.5
2026-05-24T11:09:10,32.77,75.5
2026-05-24T11:09:15,31.81,73.63
2026-05-24T11:09:20,31.81,73.63
2026-05-24T11:09:25,31.89,76.3
2026-05-24T11:09:30,31.89,76.3
2026-05-24T11:09:35,32.8,78.65
2026-05-24T11:09:40,32.8,78.65
2026-05-24T11:09:45,33.48,78.95
2026-05-24T11:09:50,33.48,78.95
2026-05-24T11:09:55,33.51,79.08
2026-05-24T11:10:00,33.51,79.08
2026-05-24T11:10:05,32.37,76.64
2026-05-24T11:10:10,32.37,76.64
2026-05-24T11:10:15,30.46,72.57
2026-05-24T11:10:20,30.46,72.57
2026-05-24T11:10:25,31.02,74.07
2026-05-24T11:10:30,31.02,74.07
2026-05-24T11:10:35,32.68,78.33
2026-05-24T11:10:40,32.68,78.33
2026-05-24T11:10:45,33.12,79.15
2026-05-24T11:10:50,33.12,79.15
2026-05-24T11:10:55,33.47,79.73
2026-05-24T11:11:00,33.47,79.73
2026-05-24T11:11:05,33.18,79.06
2026-05-24T11:11:10,33.18,79.06
2026-05-24T11:11:15,32.7,77.59
2026-05-24T11:11:20,32.7,77.59
2026-05-24T11:11:25,32.35,76.13
2026-05-24T11:11:30,32.35,76.13
2026-05-24T11:11:35,32.88,77.39
2026-05-24T11:11:40,32.88,77.39
2026-05-24T11:11:45,32.29,76.68
2026-05-24T11:11:50,32.29,76.68
2026-05-24T11:11:55,31.75,75.72
2026-05-24T11:12:00,31.75,75.72
2026-05-24T11:12:05,32.36,77.29
2026-05-24T11:12:10,32.36,77.29
2026-05-24T11:12:15,32.23,77.4
2026-05-24T11:12:20,32.23,77.4
2026-05-24T11:12:25,32.66,78.22
2026-05-24T11:12:30,32.66,78.22
2026-05-24T11:12:35,33.27,79.65
2026-05-24T11:12:40,33.27,79.65
2026-05-24T11:12:45,33.53,80.65
2026-05-24T11:12:50,33.53,80.65
2026-05-24T11:12:55,32.75,78.14
2026-05-24T11:13:00,32.75,78.14
2026-05-24T11:13:05,31.93,76.08
2026-05-24T11:13:10,31.93,76.08
2026-05-24T11:13:15,31.93,75.73
2026-05-24T11:13:20,31.93,75.73
2026-05-24T11:13:25,31.06,74.68
2026-05-24T11:13:30,31.06,74.68
2026-05-24T11:13:35,31.42,75.95
2026-05-24T11:13:40,31.42,75.95
2026-05-24T11:13:45,32.95,78.36
2026-05-24T11:13:50,32.95,78.36
2026-05-24T11:13:55,32.81,78.25
2026-05-24T11:14:00,32.81,78.25
2026-05-24T11:14:05,33.29,79.64
2026-05-24T11:14:10,33.29,79.64
2026-05-24T11:14:15,33.42,80.06
2026-05-24T11:14:20,33.42,80.06
2026-05-24T11:14:25,32.62,78.51
2026-05-24T11:14:30,32.62,78.51
2026-05-24T11:14:35,32.51,78.38
2026-05-24T11:14:40,32.51,78.38
2026-05-24T11:14:45,32.49,77.37
2026-05-24T11:14:50,32.49,77.37
2026-05-24T11:14:55,33.1,78.1
2026-05-24T11:15:00,33.1,78.1
2026-05-24T11:15:05,31.86,75.18
2026-05-24T11:15:10,31.86,75.18
2026-05-24T11:15:15,29.79,70.85
2026-05-24T11:15:20,29.79,70.85
2026-05-24T11:15:25,30.03,71.32
2026-05-24T11:15:30,30.03,71.32
2026-05-24T11:15:35,30.83,72.96
2026-05-24T11:15:40,30.83,72.96
2026-05-24T11:15:45,31.6,75.55
2026-05-24T11:15:50,31.6,75.55
2026-05-24T11:15:55,32.37,76.93
2026-05-24T11:16:00,32.37,76.93
2026-05-24T11:16:05,32.66,76.9
2026-05-24T11:16:10,32.66,76.9
2026-05-24T11:16:15,31.71,76.56
2026-05-24T11:16:20,31.71,76.56
2026-05-24T11:16:25,31.83,76.76
2026-05-24T11:16:30,31.83,76.76
2026-05-24T11:16:35,31.54,74.37
2026-05-24T11:16:40,31.54,74.37
2026-05-24T11:16:45,31.19,73.73
2026-05-24T11:16:50,31.19,73.73
2026-05-24T11:16:55,32.35,76.18
2026-05-24T11:17:00,32.35,76.18
2026-05-24T11:17:05,32.52,77.03
2026-05-24T11:17:10,32.52,77.03
2026-05-24T11:17:15,31.36,75.71
2026-05-24T11:17:20,31.36,75.71
2026-05-24T11:17:25,31.89,76.07
2026-05-24T11:17:30,31.89,76.07
2026-05-24T11:17:35,32.96,78.12
2026-05-24T11:17:40,32.96,78.12
2026-05-24T11:17:45,32.8,78.33
2026-05-24T11:17:50,32.8,78.33
2026-05-24T11:17:55,32.18,76.27
2026-05-24T11:18:00,32.18,76.27
2026-05-24T11:18:05,31.76,74.88
2026-05-24T11:18:10,31.76,74.88
2026-05-24T11:18:15,31.61,75.78
2026-05-24T11:18:20,31.61,75.78
2026-05-24T11:18:25,31.48,76.41
2026-05-24T11:18:30,31.48,76.41
2026-05-24T11:18:35,32.1,77.22
2026-05-24T11:18:40,32.1,77.22
2026-05-24T11:18:45,32.19,77.04
2026-05-24T11:18:50,32.19,77.04
2026-05-24T11:18:55,32.09,76.95
2026-05-24T11:19:00,32.09,76.95
2026-05-24T11:19:05,31.87,76.3
2026-05-24T11:19:10,31.87,76.3
2026-05-24T11:19:15,31.77,76.31
2026-05-24T11:19:20,31.77,76.31
2026-05-24T11:19:25,32.38,78.15
2026-05-24T11:19:30,32.38,78.15
2026-05-24T11:19:35,32.79,78.08
2026-05-24T11:19:40,32.79,78.08
2026-05-24T11:19:45,31.73,75.59
2026-05-24T11:19:50,31.73,75.59
2026-05-24T11:19:55,30.81,73.76
2026-05-24T11:20:00,30.81,73.76
2026-05-24T11:20:05,30.95,74.34
2026-05-24T11:20:10,30.95,74.34
2026-05-24T11:20:15,29.28,70.86
2026-05-24T11:20:20,29.28,70.86
2026-05-24T11:20:25,29.3,70.46
2026-05-24T11:20:30,29.3,70.46
2026-05-24T11:20:35,31.06,75.11
2026-05-24T11:20:40,31.06,75.11
2026-05-24T11:20:45,32.02,76.97
2026-05-24T11:20:50,32.02,76.97
2026-05-24T11:20:55,32.36,76.66
2026-05-24T11:21:00,32.36,76.66
2026-05-24T11:21:05,32.16,76.2
2026-05-24T11:21:10,32.16,76.2
2026-05-24T11:21:15,31.22,73.98
2026-05-24T11:21:20,31.22,73.98
2026-05-24T11:21:25,30.58,73.58
2026-05-24T11:21:30,30.58,73.58
2026-05-24T11:21:35,31.84,77.51
2026-05-24T11:21:40,31.84,77.51
2026-05-24T11:21:45,38.64,78.69
2026-05-24T11:21:50,38.64,78.69
2026-05-24T11:21:55,38.6,77.99
2026-05-24T11:22:00,38.6,77.99
2026-05-24T11:22:05,32.38,77.18
2026-05-24T11:22:10,32.38,77.18
2026-05-24T11:22:15,31.67,75.66
2026-05-24T11:22:20,31.67,75.66
2026-05-24T11:22:25,32.1,77.06
2026-05-24T11:22:30,32.1,77.06
2026-05-24T11:22:35,31.67,76.1
2026-05-24T11:22:40,31.67,76.1
2026-05-24T11:22:45,31.72,80.12
2026-05-24T11:22:50,31.72,80.12
2026-05-24T11:22:55,33.4,84.17
2026-05-24T11:23:00,33.4,84.17
2026-05-24T11:23:05,38.66,76.54
2026-05-24T11:23:10,38.66,76.54
2026-05-24T11:23:15,37.1,73.3
2026-05-24T11:23:20,37.1,73.3
2026-05-24T11:23:25,31.98,76.84
2026-05-24T11:23:30,31.98,76.84
2026-05-24T11:23:35,32.42,77.4
2026-05-24T11:23:40,32.42,77.4
2026-05-24T11:23:45,31.94,76.43
2026-05-24T11:23:50,31.94,76.43
2026-05-24T11:23:55,32.56,80.48
2026-05-24T11:24:00,32.56,80.48
2026-05-24T11:24:05,39.12,80.39
2026-05-24T11:24:10,39.12,80.39
2026-05-24T11:24:15,38.74,77.03
2026-05-24T11:24:20,38.74,77.03
2026-05-24T11:24:25,267.73,73.91
2026-05-24T11:24:30,267.73,73.91
2026-05-24T11:24:35,266.35,70.68
2026-05-24T11:24:40,266.35,70.68
2026-05-24T11:24:45,30.74,73.82
2026-05-24T11:24:50,30.74,73.82
2026-05-24T11:24:55,32.46,77.6
2026-05-24T11:25:00,32.46,77.6
2026-05-24T11:25:05,31.5,75.61
2026-05-24T11:25:10,31.5,75.61
2026-05-24T11:25:15,29.69,71.84
2026-05-24T11:25:20,29.69,71.84
2026-05-24T11:25:25,30.46,74.23
2026-05-24T11:25:30,30.46,74.23
2026-05-24T11:25:35,31.82,77.39
2026-05-24T11:25:40,31.82,77.39
2026-05-24T11:25:45,31.44,75.74
2026-05-24T11:25:50,31.44,75.74
2026-05-24T11:25:55,31.63,75.86
2026-05-24T11:26:00,31.63,75.86
2026-05-24T11:26:05,30.66,73.86
2026-05-24T11:26:10,30.66,73.86
2026-05-24T11:26:15,30.06,71.57
2026-05-24T11:26:20,30.06,71.57
2026-05-24T11:26:25,31.33,74.91
2026-05-24T11:26:30,31.33,74.91
2026-05-24T11:26:35,32.05,77.87
2026-05-24T11:26:40,32.05,77.87
2026-05-24T11:26:45,32.62,78.86
2026-05-24T11:26:50,32.62,78.86
2026-05-24T11:26:55,38.66,80.63
2026-05-24T11:27:00,38.66,80.63
2026-05-24T11:27:05,37.38,77.8
2026-05-24T11:27:10,37.38,77.8
2026-05-24T11:27:15,30.85,74.77
2026-05-24T11:27:20,30.85,74.77
2026-05-24T11:27:25,32.18,77.35
2026-05-24T11:27:30,32.18,77.35
2026-05-24T11:27:35,33.25,79.75
2026-05-24T11:27:40,33.25,79.75
2026-05-24T11:27:45,32.22,77.38
2026-05-24T11:27:50,32.22,77.38
2026-05-24T11:27:55,31.5,79.41
2026-05-24T11:28:00,31.5,79.41
2026-05-24T11:28:05,39.52,83.89
2026-05-24T11:28:10,39.52,83.89
2026-05-24T11:28:15,40.26,81.77
2026-05-24T11:28:20,40.26,81.77
2026-05-24T11:28:25,33.84,81.32
2026-05-24T11:28:30,33.84,81.32
2026-05-24T11:28:35,34.14,81.63
2026-05-24T11:28:40,34.14,81.63
2026-05-24T11:28:45,33.83,80.66
2026-05-24T11:28:50,33.83,80.66
2026-05-24T11:28:55,33.96,80.79
2026-05-24T11:29:00,33.96,80.79
2026-05-24T11:29:05,34.07,81.69
2026-05-24T11:29:10,34.07,81.69
2026-05-24T11:29:15,33.21,80.43
2026-05-24T11:29:20,33.21,80.43
2026-05-24T11:29:25,33.6,81.33
2026-05-24T11:29:30,33.6,81.33
2026-05-24T11:29:35,34.17,82.65
2026-05-24T11:29:40,34.17,82.65
2026-05-24T11:29:45,34.12,82.66
2026-05-24T11:29:50,34.12,82.66
2026-05-24T11:29:55,34.1,82.14
2026-05-24T11:30:00,34.1,82.14
2026-05-24T11:30:05,32.49,77.62
2026-05-24T11:30:10,32.49,77.62
2026-05-24T11:30:15,30.37,73.52
2026-05-24T11:30:20,30.37,73.52
2026-05-24T11:30:25,30.7,74.59
2026-05-24T11:30:30,30.7,74.59
2026-05-24T11:30:35,33.2,79.35
2026-05-24T11:30:40,33.2,79.35
2026-05-24T11:30:45,33.52,81.1
2026-05-24T11:30:50,33.52,81.1
2026-05-24T11:30:55,32.82,80.7
2026-05-24T11:31:00,32.82,80.7
2026-05-24T11:31:05,33.17,82.83
2026-05-24T11:31:10,33.17,82.83
2026-05-24T11:31:15,40.44,85.51
2026-05-24T11:31:20,40.44,85.51
2026-05-24T11:31:25,40.7,84.72
2026-05-24T11:31:30,40.7,84.72
2026-05-24T11:31:35,33.68,81.97
2026-05-24T11:31:40,33.68,81.97
2026-05-24T11:31:45,33.99,80.85
2026-05-24T11:31:50,33.99,80.85
2026-05-24T11:31:55,33.87,81.96
2026-05-24T11:32:00,33.87,81.96
2026-05-24T11:32:05,32.63,80.18
2026-05-24T11:32:10,32.63,80.18
2026-05-24T11:32:15,32.44,79.49
2026-05-24T11:32:20,32.44,79.49
2026-05-24T11:32:25,33.34,81.24
2026-05-24T11:32:30,33.34,81.24
2026-05-24T11:32:35,33.82,82.02
2026-05-24T11:32:40,33.82,82.02
2026-05-24T11:32:45,33.54,82.01
2026-05-24T11:32:50,33.54,82.01
2026-05-24T11:32:55,33.03,80.8
2026-05-24T11:33:00,33.03,80.8
2026-05-24T11:33:05,32.54,79.45
2026-05-24T11:33:10,32.54,79.45
2026-05-24T11:33:15,32.58,80.1
2026-05-24T11:33:20,32.58,80.1
2026-05-24T11:33:25,33.27,82.1
2026-05-24T11:33:30,33.27,82.1
2026-05-24T11:33:35,33.86,81.46
2026-05-24T11:33:40,33.86,81.46
2026-05-24T11:33:45,33.9,80.27
2026-05-24T11:33:50,33.9,80.27
2026-05-24T11:33:55,33.45,80.23
2026-05-24T11:34:00,33.45,80.23
2026-05-24T11:34:05,33.42,81.26
2026-05-24T11:34:10,33.42,81.26
2026-05-24T11:34:15,34.03,82.09
2026-05-24T11:34:20,34.03,82.09
2026-05-24T11:34:25,34.27,82.13
2026-05-24T11:34:30,34.27,82.13
2026-05-24T11:34:35,34.26,82.02
2026-05-24T11:34:40,34.26,82.02
2026-05-24T11:34:45,34.15,82.91
2026-05-24T11:34:50,34.15,82.91
2026-05-24T11:34:55,34.0,83.02
2026-05-24T11:35:00,34.0,83.02
2026-05-24T11:35:05,32.83,79.63
2026-05-24T11:35:10,32.83,79.63
2026-05-24T11:35:15,31.78,77.62
2026-05-24T11:35:20,31.78,77.62
2026-05-24T11:35:25,33.23,85.19
2026-05-24T11:35:30,33.23,85.19
2026-05-24T11:35:35,33.4,85.09
2026-05-24T11:35:40,33.4,85.09
2026-05-24T11:35:45,39.45,79.3
2026-05-24T11:35:50,39.45,79.3
2026-05-24T11:35:55,40.62,82.1
2026-05-24T11:36:00,40.62,82.1
2026-05-24T11:36:05,33.3,80.56
2026-05-24T11:36:10,33.3,80.56
2026-05-24T11:36:15,32.73,79.28
2026-05-24T11:36:20,32.73,79.28
2026-05-24T11:36:25,39.81,83.46
2026-05-24T11:36:30,39.81,83.46
2026-05-24T11:36:35,39.26,82.29
2026-05-24T11:36:40,39.26,82.29
2026-05-24T11:36:45,33.02,80.07
2026-05-24T11:36:50,33.02,80.07
2026-05-24T11:36:55,34.07,82.06
2026-05-24T11:37:00,34.07,82.06
2026-05-24T11:37:05,33.53,80.15
2026-05-24T11:37:10,33.53,80.15
2026-05-24T11:37:15,32.41,78.19
2026-05-24T11:37:20,32.41,78.19
2026-05-24T11:37:25,31.77,77.08
2026-05-24T11:37:30,31.77,77.08
2026-05-24T11:37:35,32.36,78.9
2026-05-24T11:37:40,32.36,78.9
2026-05-24T11:37:45,33.8,82.95
2026-05-24T11:37:50,33.8,82.95
2026-05-24T11:37:55,33.88,82.87
2026-05-24T11:38:00,33.88,82.87
2026-05-24T11:38:05,32.27,78.98
2026-05-24T11:38:10,32.27,78.98
2026-05-24T11:38:15,31.26,76.4
2026-05-24T11:38:20,31.26,76.4
2026-05-24T11:38:25,32.38,79.31
2026-05-24T11:38:30,32.38,79.31
2026-05-24T11:38:35,32.89,80.5
2026-05-24T11:38:40,32.89,80.5
2026-05-24T11:38:45,32.71,80.06
2026-05-24T11:38:50,32.71,80.06
2026-05-24T11:38:55,33.91,83.09
2026-05-24T11:39:00,33.91,83.09
2026-05-24T11:39:05,33.07,80.37
2026-05-24T11:39:10,33.07,80.37
2026-05-24T11:39:15,30.46,73.84
2026-05-24T11:39:20,30.46,73.84
2026-05-24T11:39:25,31.09,75.2
2026-05-24T11:39:30,31.09,75.2
2026-05-24T11:39:35,39.06,83.0
2026-05-24T11:39:40,39.06,83.0
2026-05-24T11:39:45,39.07,83.5
2026-05-24T11:39:50,39.07,83.5
2026-05-24T11:39:55,33.06,81.15
2026-05-24T11:40:00,33.06,81.15
2026-05-24T11:40:05,32.58,79.1
2026-05-24T11:40:10,32.58,79.1
2026-05-24T11:40:15,29.5,71.82
2026-05-24T11:40:20,29.5,71.82
2026-05-24T11:40:25,28.3,70.34
2026-05-24T11:40:30,28.3,70.34
2026-05-24T11:40:35,31.09,76.66
2026-05-24T11:40:40,31.09,76.66
2026-05-24T11:40:45,32.74,80.01
2026-05-24T11:40:50,32.74,80.01
2026-05-24T11:40:55,31.44,76.2
2026-05-24T11:41:00,31.44,76.2
2026-05-24T11:41:05,30.87,74.78
2026-05-24T11:41:10,30.87,74.78
2026-05-24T11:41:15,31.42,76.2
2026-05-24T11:41:20,31.42,76.2
2026-05-24T11:41:25,31.8,78.29
2026-05-24T11:41:30,31.8,78.29
2026-05-24T11:41:35,32.51,80.25
2026-05-24T11:41:40,32.51,80.25
2026-05-24T11:41:45,32.85,80.58
2026-05-24T11:41:50,32.85,80.58
2026-05-24T11:41:55,32.82,79.79
2026-05-24T11:42:00,32.82,79.79
2026-05-24T11:42:05,32.04,77.86
2026-05-24T11:42:10,32.04,77.86
2026-05-24T11:42:15,30.62,74.61
2026-05-24T11:42:20,30.62,74.61
2026-05-24T11:42:25,31.01,75.55
2026-05-24T11:42:30,31.01,75.55
2026-05-24T11:42:35,31.5,77.02
2026-05-24T11:42:40,31.5,77.02
2026-05-24T11:42:45,31.81,77.69
2026-05-24T11:42:50,31.81,77.69
2026-05-24T11:42:55,31.74,78.36
2026-05-24T11:43:00,31.74,78.36
2026-05-24T11:43:05,31.59,77.78
2026-05-24T11:43:10,31.59,77.78
2026-05-24T11:43:15,32.12,78.52
2026-05-24T11:43:20,32.12,78.52
2026-05-24T11:43:25,32.18,78.99
2026-05-24T11:43:30,32.18,78.99
2026-05-24T11:43:35,32.57,81.36
2026-05-24T11:43:40,32.57,81.36
2026-05-24T11:43:45,39.55,81.0
2026-05-24T11:43:50,39.55,81.0
2026-05-24T11:43:55,39.19,79.54
2026-05-24T11:44:00,39.19,79.54
2026-05-24T11:44:05,32.01,79.89
2026-05-24T11:44:10,32.01,79.89
2026-05-24T11:44:15,31.19,76.95
2026-05-24T11:44:20,31.19,76.95
2026-05-24T11:44:25,31.63,77.67
2026-05-24T11:44:30,31.63,77.67
2026-05-24T11:44:35,32.32,79.19
2026-05-24T11:44:40,32.32,79.19
2026-05-24T11:44:45,32.27,81.26
2026-05-24T11:44:50,32.27,81.26
2026-05-24T11:44:55,38.66,80.74
2026-05-24T11:45:00,38.66,80.74
2026-05-24T11:45:05,37.16,74.01
2026-05-24T11:45:10,37.16,74.01
2026-05-24T11:45:15,28.78,70.07
2026-05-24T11:45:20,28.78,70.07
2026-05-24T11:45:25,29.42,72.26
2026-05-24T11:45:30,29.42,72.26
2026-05-24T11:45:35,31.87,78.2
2026-05-24T11:45:40,31.87,78.2
2026-05-24T11:45:45,32.36,78.92
2026-05-24T11:45:50,32.36,78.92
2026-05-24T11:45:55,32.99,79.71
2026-05-24T11:46:00,32.99,79.71
2026-05-24T11:46:05,32.59,78.16
2026-05-24T11:46:10,32.59,78.16
2026-05-24T11:46:15,31.38,75.71
2026-05-24T11:46:20,31.38,75.71
2026-05-24T11:46:25,31.91,77.74
2026-05-24T11:46:30,31.91,77.74
2026-05-24T11:46:35,32.8,80.03
2026-05-24T11:46:40,32.8,80.03
2026-05-24T11:46:45,32.04,78.25
2026-05-24T11:46:50,32.04,78.25
2026-05-24T11:46:55,31.27,76.19
2026-05-24T11:47:00,31.27,76.19
2026-05-24T11:47:05,31.93,79.04
2026-05-24T11:47:10,31.93,79.04
2026-05-24T11:47:15,32.05,80.24
2026-05-24T11:47:20,32.05,80.24
2026-05-24T11:47:25,31.99,79.28
2026-05-24T11:47:30,31.99,79.28
2026-05-24T11:47:35,32.2,78.99
2026-05-24T11:47:40,32.2,78.99
2026-05-24T11:47:45,31.66,77.27
2026-05-24T11:47:50,31.66,77.27
2026-05-24T11:47:55,31.51,77.4
2026-05-24T11:48:00,31.51,77.4
2026-05-24T11:48:05,32.46,79.23
2026-05-24T11:48:10,32.46,79.23
2026-05-24T11:48:15,30.95,75.57
2026-05-24T11:48:20,30.95,75.57
2026-05-24T11:48:25,31.01,76.58
2026-05-24T11:48:30,31.01,76.58
2026-05-24T11:48:35,32.51,79.45
2026-05-24T11:48:40,32.51,79.45
2026-05-24T11:48:45,32.55,81.5
2026-05-24T11:48:50,32.55,81.5
2026-05-24T11:48:55,34.27,90.83
2026-05-24T11:49:00,34.27,90.83
2026-05-24T11:49:05,40.48,87.23
2026-05-24T11:49:10,40.48,87.23
2026-05-24T11:49:15,38.16,78.83
2026-05-24T11:49:20,38.16,78.83
2026-05-24T11:49:25,31.63,78.88
2026-05-24T11:49:30,31.63,78.88
2026-05-24T11:49:35,32.77,80.89
2026-05-24T11:49:40,32.77,80.89
2026-05-24T11:49:45,32.11,78.69
2026-05-24T11:49:50,32.11,78.69
2026-05-24T11:49:55,31.86,78.31
2026-05-24T11:50:00,31.86,78.31
2026-05-24T11:50:05,32.83,82.29
2026-05-24T11:50:10,32.83,82.29
2026-05-24T11:50:15,32.97,81.74
2026-05-24T11:50:20,32.97,81.74
2026-05-24T11:50:25,33.21,81.77
2026-05-24T11:50:30,33.21,81.77
2026-05-24T11:50:35,32.96,80.0
2026-05-24T11:50:40,32.96,80.0
2026-05-24T11:50:45,31.26,75.56
2026-05-24T11:50:50,31.26,75.56
2026-05-24T11:50:55,29.42,71.44
2026-05-24T11:51:00,29.42,71.44
2026-05-24T11:51:05,27.96,67.69
2026-05-24T11:51:10,27.96,67.69
2026-05-24T11:51:15,25.82,63.02
2026-05-24T11:51:20,25.82,63.02
2026-05-24T11:51:25,23.83,58.07
2026-05-24T11:51:30,23.83,58.07
2026-05-24T11:51:35,22.08,53.72
2026-05-24T11:51:40,22.08,53.72
2026-05-24T11:51:45,19.63,48.46
2026-05-24T11:51:50,19.63,48.46
2026-05-24T11:51:55,17.33,42.28
2026-05-24T11:52:00,17.33,42.28
2026-05-24T11:52:05,15.08,39.21
2026-05-24T11:52:10,15.08,39.21
2026-05-24T11:52:15,19.41,33.78
2026-05-24T11:52:20,19.41,33.78
2026-05-24T11:52:25,16.82,25.21
2026-05-24T11:52:30,16.82,25.21
2026-05-24T11:52:35,7.4,18.2
2026-05-24T11:52:40,7.4,18.2
2026-05-24T11:52:45,5.28,12.23
2026-05-24T11:52:50,5.28,12.23
2026-05-24T11:52:55,3.22,7.34
2026-05-24T11:53:00,3.22,7.34
2026-05-24T11:53:05,1.26,2.63
2026-05-24T11:53:10,1.26,2.63
2026-05-24T11:53:15,0.44,3.4
2026-05-24T11:53:20,0.44,3.4
2026-05-24T11:53:25,7.26,4.27
2026-05-24T11:53:30,7.26,4.27
2026-05-24T11:53:35,7.06,1.17
2026-05-24T11:53:40,7.06,1.17
2026-05-24T11:53:45,0.09,0.06
2026-05-24T11:53:50,0.09,0.06
2026-05-24T11:53:55,0.1,0.07
2026-05-24T11:54:00,0.1,0.07
2026-05-24T11:54:05,0.1,0.07
2026-05-24T11:54:10,0.1,0.07
2026-05-24T11:54:15,0.11,0.08
2026-05-24T11:54:20,0.11,0.08
2026-05-24T11:54:25,0.08,0.06
2026-05-24T11:54:30,0.08,0.06
2026-05-24T11:54:35,0.09,0.06
2026-05-24T11:54:40,0.09,0.06
2026-05-24T11:54:45,0.26,0.28
2026-05-24T11:54:50,0.26,0.28
2026-05-24T11:54:55,0.22,0.26
2026-05-24T11:55:00,0.22,0.26
2026-05-24T11:55:05,0.12,0.09
2026-05-24T11:55:10,0.12,0.09
2026-05-24T11:55:15,0.14,0.11
2026-05-24T11:55:20,0.14,0.11
2026-05-24T11:55:25,0.09,0.07
2026-05-24T11:55:30,0.09,0.07
2026-05-24T11:55:35,0.09,0.06
2026-05-24T11:55:40,0.09,0.06
2026-05-24T11:55:45,0.11,0.08
2026-05-24T11:55:50,0.11,0.08
2026-05-24T11:55:55,0.1,0.07
2026-05-24T11:56:00,0.1,0.07
2026-05-24T11:56:05,0.14,0.11
2026-05-24T11:56:10,0.14,0.11
2026-05-24T11:56:15,0.22,3.07
2026-05-24T11:56:20,0.22,3.07
2026-05-24T11:56:25,6.84,3.79
2026-05-24T11:56:30,6.84,3.79
2026-05-24T11:56:35,6.77,0.84
2026-05-24T11:56:40,6.77,0.84
2026-05-24T11:56:45,0.12,0.14
2026-05-24T11:56:50,0.12,0.14
2026-05-24T11:56:55,0.11,0.13
2026-05-24T11:57:00,0.11,0.13
2026-05-24T11:57:05,0.1,0.06
2026-05-24T11:57:10,0.1,0.06
2026-05-24T11:57:15,0.15,0.12
2026-05-24T11:57:20,0.15,0.12
2026-05-24T11:57:25,7.2,4.04
2026-05-24T11:57:30,7.2,4.04
2026-05-24T11:57:35,7.16,3.99
2026-05-24T11:57:40,7.16,3.99
2026-05-24T11:57:45,0.08,0.05
2026-05-24T11:57:50,0.08,0.05
2026-05-24T11:57:55,0.06,0.05
2026-05-24T11:58:00,0.06,0.05
2026-05-24T11:58:05,0.09,0.06
2026-05-24T11:58:10,0.09,0.06
2026-05-24T11:58:15,0.12,0.08
2026-05-24T11:58:20,0.12,0.08
2026-05-24T11:58:25,0.1,0.07
2026-05-24T11:58:30,0.1,0.07
2026-05-24T11:58:35,0.09,0.06
2026-05-24T11:58:40,0.09,0.06
2026-05-24T11:58:45,0.09,0.12
2026-05-24T11:58:50,0.09,0.12
2026-05-24T11:58:55,0.11,0.14
2026-05-24T11:59:00,0.11,0.14
2026-05-24T11:59:05,0.21,0.2
2026-05-24T11:59:10,0.21,0.2
2026-05-24T11:59:15,0.22,0.19
2026-05-24T11:59:20,0.22,0.19
2026-05-24T11:59:25,0.12,0.08
2026-05-24T11:59:30,0.12,0.08
2026-05-24T11:59:35,0.09,0.06
2026-05-24T11:59:40,0.09,0.06
2026-05-24T11:59:45,0.1,0.07
2026-05-24T11:59:50,0.1,0.07
2026-05-24T11:59:55,0.13,0.1
2026-05-24T12:00:00,0.13,0.1
2026-05-24T12:00:05,0.13,0.11
2026-05-24T12:00:10,0.13,0.11
2026-05-24T12:00:15,0.14,0.12
2026-05-24T12:00:20,0.14,0.12
2026-05-24T12:00:25,0.19,3.04
2026-05-24T12:00:30,0.19,3.04
2026-05-24T12:00:35,6.86,3.2
2026-05-24T12:00:40,6.86,3.2
2026-05-24T12:00:45,6.86,0.96
2026-05-24T12:00:50,6.86,0.96
2026-05-24T12:00:55,0.14,0.76
2026-05-24T12:01:00,0.14,0.76
2026-05-24T12:01:05,0.16,0.17
2026-05-24T12:01:10,0.16,0.17
2026-05-24T12:01:15,0.18,0.19
2026-05-24T12:01:20,0.18,0.19
2026-05-24T12:01:25,0.2,3.04
2026-05-24T12:01:30,0.2,3.04
2026-05-24T12:01:35,6.88,3.79
2026-05-24T12:01:40,6.88,3.79
2026-05-24T12:01:45,6.77,0.82
2026-05-24T12:01:50,6.77,0.82
2026-05-24T12:01:55,0.12,0.09
2026-05-24T12:02:00,0.12,0.09
2026-05-24T12:02:05,0.14,0.1
2026-05-24T12:02:10,0.14,0.1
2026-05-24T12:02:15,0.12,0.07
2026-05-24T12:02:20,0.12,0.07
2026-05-24T12:02:25,0.1,0.07
2026-05-24T12:02:30,0.1,0.07
2026-05-24T12:02:35,0.2,0.2
2026-05-24T12:02:40,0.2,0.2
2026-05-24T12:02:45,0.83,1.01
2026-05-24T12:02:50,0.83,1.01
2026-05-24T12:02:55,2.63,1.57
2026-05-24T12:03:00,2.63,1.57
2026-05-24T12:03:05,3.69,2.15
2026-05-24T12:03:10,3.69,2.15
2026-05-24T12:03:15,3.27,4.97
2026-05-24T12:03:20,3.27,4.97
2026-05-24T12:03:25,2.49,5.09
2026-05-24T12:03:30,2.49,5.09
2026-05-24T12:03:35,1.52,2.45
2026-05-24T12:03:40,1.2,1.93
