timestamp,cpu_total_pct,mem_used_mb,mem_total_mb,pg_active,pg_idle,pg_cache_hit_ratio,pg_tps_delta,target_pid_cpu_pct,target_pid_mem_mb
2026-05-24T03:31:42,6.4,2252,7941,0,2,99.99,1,5.5,197.5
2026-05-24T03:31:48,5.0,2245,7941,0,2,99.99,11,3.4,198.2
2026-05-24T03:31:53,10.2,2199,7941,0,2,99.99,7,9.0,142.7
2026-05-24T03:31:58,12.9,2201,7941,0,3,99.99,19,11.5,143.4
2026-05-24T03:32:03,18.9,2203,7941,0,3,99.99,16,17.6,145.2
2026-05-24T03:32:08,18.9,2198,7941,0,3,99.99,28,17.2,149.3
2026-05-24T03:32:14,22.0,2199,7941,0,3,99.99,38,21.1,150.7
2026-05-24T03:32:19,26.5,2211,7941,0,3,99.99,30,25.1,158.7
2026-05-24T03:32:24,37.2,2215,7941,0,4,99.99,36,36.2,159.4
2026-05-24T03:32:29,34.6,2214,7941,0,4,99.99,42,34.0,159.7
2026-05-24T03:32:35,37.1,2221,7941,0,4,99.99,61,35.9,168.5
2026-05-24T03:32:40,43.0,2222,7941,0,4,99.99,44,42.6,172.5
2026-05-24T03:32:45,48.6,2210,7941,0,3,99.99,68,48.1,173.4
2026-05-24T03:32:50,46.2,2218,7941,0,3,99.99,62,45.6,175.6
2026-05-24T03:32:56,55.9,2218,7941,0,4,99.99,74,55.9,175.9
2026-05-24T03:33:01,56.5,2226,7941,0,3,99.99,67,56.4,180.4
2026-05-24T03:33:06,65.6,2226,7941,0,4,99.99,80,66.6,176.0
2026-05-24T03:33:11,69.8,2220,7941,0,4,99.99,74,71.5,176.8
2026-05-24T03:33:17,65.8,2227,7941,0,6,99.99,98,66.2,176.9
2026-05-24T03:33:22,66.2,2226,7941,0,6,99.99,91,66.5,177.2
2026-05-24T03:33:27,72.8,2228,7941,0,5,99.99,90,73.4,177.2
2026-05-24T03:33:32,80.7,2221,7941,0,5,99.99,86,81.8,177.5
2026-05-24T03:33:38,81.4,2235,7941,0,5,99.99,110,82.8,180.9
2026-05-24T03:33:43,83.8,2235,7941,0,5,99.99,114,85.2,181.0
2026-05-24T03:33:48,94.2,2232,7941,0,5,99.99,123,95.3,181.0
2026-05-24T03:33:54,92.3,2241,7941,0,5,99.99,114,96.0,181.8
2026-05-24T03:33:59,96.3,2232,7941,0,5,99.99,123,99.1,181.9
2026-05-24T03:34:04,97.2,2226,7941,0,5,99.99,136,98.7,181.9
2026-05-24T03:34:10,99.6,2226,7941,0,5,99.99,113,103.3,182.2
2026-05-24T03:34:15,99.8,2221,7941,0,5,99.99,124,101.9,182.3
2026-05-24T03:34:21,99.9,2222,7941,0,5,99.99,121,106.6,182.4
2026-05-24T03:34:26,99.9,2224,7941,0,5,99.99,131,101.8,182.5
2026-05-24T03:34:31,99.9,2226,7941,0,5,99.99,128,103.8,184.0
2026-05-24T03:34:37,99.9,2225,7941,0,5,99.99,140,102.8,184.0
2026-05-24T03:34:42,99.9,2236,7941,0,5,99.99,139,103.0,184.3
2026-05-24T03:34:47,100.0,2224,7941,0,5,99.99,136,103.6,184.3
2026-05-24T03:34:53,100.0,2223,7941,0,4,99.99,119,104.4,184.7
2026-05-24T03:34:58,100.0,2227,7941,0,5,99.99,130,104.4,184.7
2026-05-24T03:35:03,99.9,2231,7941,1,5,99.99,145,103.6,185.0
2026-05-24T03:35:09,99.6,2230,7941,0,6,99.99,102,104.8,185.1
2026-05-24T03:35:14,100.0,2231,7941,0,4,99.99,138,103.6,185.5
2026-05-24T03:35:20,100.0,2235,7941,0,5,99.99,144,104.2,185.7
2026-05-24T03:35:25,100.0,2234,7941,0,5,99.99,145,104.6,185.9
2026-05-24T03:35:31,100.0,2238,7941,0,5,99.99,135,104.6,186.4
2026-05-24T03:35:36,99.9,2234,7941,0,4,99.99,132,102.9,186.4
2026-05-24T03:35:41,100.0,2242,7941,0,5,99.99,140,105.2,186.8
2026-05-24T03:35:47,99.9,2236,7941,0,9,99.99,106,102.5,186.8
2026-05-24T03:35:52,100.0,2244,7941,0,9,99.99,125,103.6,186.9
2026-05-24T03:35:57,99.9,2230,7941,0,5,99.99,157,101.8,186.9
2026-05-24T03:36:03,100.0,2237,7941,0,5,99.99,130,104.5,186.9
2026-05-24T03:36:08,99.9,2233,7941,0,5,99.99,140,103.3,186.9
2026-05-24T03:36:13,99.9,2232,7941,0,5,99.99,141,101.9,186.9
2026-05-24T03:36:19,99.9,2235,7941,0,5,99.99,123,102.2,187.0
2026-05-24T03:36:24,100.0,2228,7941,0,4,99.99,155,104.5,187.0
2026-05-24T03:36:30,99.9,2232,7941,0,4,99.99,126,104.5,187.2
2026-05-24T03:36:35,99.9,2240,7941,0,4,99.99,122,102.8,187.4
2026-05-24T03:36:40,99.8,2237,7941,0,4,99.99,135,102.0,187.4
2026-05-24T03:36:46,99.9,2243,7941,0,6,99.99,137,102.8,187.7
2026-05-24T03:36:51,100.0,2245,7941,1,6,99.99,119,103.5,187.9
2026-05-24T03:36:56,100.0,2235,7941,0,8,99.99,124,102.8,188.0
2026-05-24T03:37:01,99.9,2233,7941,0,7,99.99,147,102.5,188.2
2026-05-24T03:37:07,99.9,2234,7941,0,6,99.99,139,101.8,188.2
2026-05-24T03:37:12,100.0,2238,7941,0,4,99.99,138,104.4,188.3
2026-05-24T03:37:18,99.9,2233,7941,0,5,99.99,132,102.4,188.3
2026-05-24T03:37:23,100.0,2229,7941,0,5,99.99,101,102.2,188.5
2026-05-24T03:37:28,100.0,2230,7941,0,5,99.99,166,104.2,188.7
2026-05-24T03:37:34,99.9,2234,7941,0,6,99.99,144,102.4,189.0
2026-05-24T03:37:39,99.9,2239,7941,0,7,99.99,119,104.3,189.0
2026-05-24T03:37:44,99.9,2236,7941,1,5,99.99,135,101.8,189.0
2026-05-24T03:37:50,100.0,2238,7941,0,6,99.99,146,104.5,189.0
2026-05-24T03:37:55,99.9,2232,7941,0,6,99.99,128,103.6,189.0
2026-05-24T03:38:00,100.0,2234,7941,0,5,99.99,138,104.8,189.3
2026-05-24T03:38:06,100.0,2233,7941,0,5,99.99,137,102.6,189.3
2026-05-24T03:38:11,100.0,2237,7941,0,5,99.99,125,104.6,189.6
2026-05-24T03:38:17,99.9,2237,7941,0,5,99.99,146,103.0,189.6
2026-05-24T03:38:22,100.0,2232,7941,0,5,99.99,135,105.0,189.6
2026-05-24T03:38:27,100.0,2235,7941,0,5,99.99,122,103.0,189.8
2026-05-24T03:38:33,99.9,2244,7941,0,5,99.99,126,102.8,189.8
2026-05-24T03:38:38,99.9,2247,7941,0,7,99.99,130,102.1,189.8
2026-05-24T03:38:43,100.0,2247,7941,0,8,99.99,127,104.5,190.1
2026-05-24T03:38:49,99.9,2240,7941,0,7,99.99,155,101.4,190.1
2026-05-24T03:38:54,99.9,2234,7941,0,4,99.99,132,102.5,190.4
2026-05-24T03:38:59,99.9,2243,7941,0,4,99.99,134,102.0,190.5
2026-05-24T03:39:05,100.0,2238,7941,0,4,99.99,110,103.9,190.5
2026-05-24T03:39:10,100.0,2244,7941,0,4,99.99,116,106.0,190.5
2026-05-24T03:39:15,99.9,2241,7941,0,4,99.99,131,102.6,190.6
2026-05-24T03:39:21,100.0,2249,7941,0,7,99.99,130,104.7,190.6
2026-05-24T03:39:26,99.8,2245,7941,0,8,99.99,114,103.4,190.6
2026-05-24T03:39:32,100.0,2245,7941,0,7,99.99,135,103.8,190.6
2026-05-24T03:39:37,99.9,2239,7941,0,5,99.99,164,101.8,190.6
2026-05-24T03:39:42,100.0,2243,7941,0,4,99.99,122,103.6,190.8
2026-05-24T03:39:48,100.0,2234,7941,0,4,99.99,144,102.6,190.8
2026-05-24T03:39:53,99.8,2239,7941,0,4,99.99,131,103.0,190.8
2026-05-24T03:39:58,100.0,2240,7941,0,4,99.99,128,104.0,190.8
2026-05-24T03:40:04,100.0,2246,7941,0,5,99.99,119,104.0,190.9
2026-05-24T03:40:09,99.8,2246,7941,0,7,99.99,107,106.2,190.9
2026-05-24T03:40:15,99.9,2245,7941,0,8,99.99,129,102.5,190.9
2026-05-24T03:40:20,99.8,2246,7941,0,8,99.99,112,102.4,190.9
2026-05-24T03:40:25,99.9,2237,7941,0,6,99.99,133,101.9,190.9
2026-05-24T03:40:31,100.0,2243,7941,0,5,99.99,137,104.6,190.9
2026-05-24T03:40:36,100.0,2247,7941,0,4,99.99,130,105.2,190.9
2026-05-24T03:40:42,99.9,2248,7941,0,4,99.99,132,103.1,190.9
2026-05-24T03:40:47,100.0,2243,7941,0,4,99.99,128,103.2,191.0
2026-05-24T03:40:52,99.9,2244,7941,0,4,99.99,138,102.6,191.0
2026-05-24T03:40:58,99.8,2243,7941,0,3,99.99,147,102.6,191.0
2026-05-24T03:41:03,100.0,2248,7941,0,6,99.99,109,103.4,191.0
2026-05-24T03:41:08,99.9,2243,7941,0,7,99.99,138,103.5,191.0
2026-05-24T03:41:14,100.0,2238,7941,0,6,99.99,132,103.5,191.0
2026-05-24T03:41:19,99.9,2237,7941,0,6,99.99,123,101.2,191.0
2026-05-24T03:41:24,99.9,2236,7941,0,5,99.99,145,101.6,191.1
2026-05-24T03:41:30,100.0,2248,7941,0,5,99.99,113,104.7,191.1
2026-05-24T03:41:35,100.0,2241,7941,0,5,99.99,133,101.0,191.1
2026-05-24T03:41:40,100.0,2244,7941,0,5,99.99,154,102.6,191.1
2026-05-24T03:41:46,100.0,2239,7941,0,5,99.99,128,103.5,191.1
2026-05-24T03:41:51,99.9,2247,7941,0,5,99.99,137,103.6,191.1
2026-05-24T03:41:56,100.0,2243,7941,0,5,99.99,143,104.2,191.3
2026-05-24T03:42:02,99.9,2244,7941,0,5,99.99,134,104.0,191.3
2026-05-24T03:42:07,99.9,2242,7941,0,5,99.99,122,104.9,191.3
2026-05-24T03:42:13,100.0,2241,7941,1,4,99.99,116,104.0,191.3
2026-05-24T03:42:18,99.9,2235,7941,0,4,99.99,139,101.8,191.3
2026-05-24T03:42:23,99.8,2237,7941,0,4,99.99,147,102.9,191.3
2026-05-24T03:42:29,100.0,2237,7941,0,4,99.99,137,104.3,191.3
2026-05-24T03:42:34,99.9,2238,7941,0,4,99.99,130,102.0,191.3
2026-05-24T03:42:39,100.0,2259,7941,0,5,99.99,133,103.2,191.3
2026-05-24T03:42:45,100.0,2245,7941,0,7,99.99,123,103.0,191.3
2026-05-24T03:42:50,100.0,2252,7941,0,7,99.99,120,105.4,191.3
2026-05-24T03:42:55,99.9,2244,7941,1,4,99.99,155,103.1,191.3
2026-05-24T03:43:01,99.9,2235,7941,0,4,99.99,135,103.5,191.8
2026-05-24T03:43:06,99.9,2244,7941,0,4,99.99,122,102.1,191.8
2026-05-24T03:43:11,99.9,2240,7941,0,4,99.99,139,103.1,191.9
2026-05-24T03:43:17,99.9,2239,7941,0,4,99.99,132,102.4,191.9
2026-05-24T03:43:22,99.9,2247,7941,0,5,99.99,123,102.2,192.0
2026-05-24T03:43:27,100.0,2251,7941,0,7,99.99,122,104.4,192.0
2026-05-24T03:43:33,100.0,2250,7941,0,9,99.99,125,103.8,192.0
2026-05-24T03:43:38,99.9,2252,7941,1,8,99.99,131,101.6,192.0
2026-05-24T03:43:44,100.0,2240,7941,0,5,99.99,153,105.1,192.0
2026-05-24T03:43:49,99.9,2237,7941,0,5,99.99,130,103.5,192.0
2026-05-24T03:43:54,100.0,2239,7941,0,5,99.99,119,103.3,192.0
2026-05-24T03:44:00,99.9,2241,7941,0,5,99.99,147,101.6,192.0
2026-05-24T03:44:05,100.0,2247,7941,0,5,99.99,127,102.4,192.0
2026-05-24T03:44:10,100.0,2241,7941,0,5,99.99,146,102.2,192.0
2026-05-24T03:44:16,99.7,2247,7941,0,5,99.99,143,102.0,192.0
2026-05-24T03:44:21,100.0,2243,7941,0,5,99.99,134,103.9,192.0
2026-05-24T03:44:26,100.0,2243,7941,0,6,99.99,147,103.4,192.1
2026-05-24T03:44:32,99.9,2243,7941,0,6,99.99,124,103.0,192.1
2026-05-24T03:44:37,99.9,2234,7941,0,4,99.99,148,102.8,192.1
2026-05-24T03:44:42,100.0,2239,7941,0,4,99.99,120,104.0,192.1
2026-05-24T03:44:48,99.9,2243,7941,0,4,99.99,130,102.5,192.1
2026-05-24T03:44:53,100.0,2241,7941,0,4,99.99,130,102.3,192.3
2026-05-24T03:44:58,100.0,2243,7941,0,6,99.99,132,101.4,192.3
2026-05-24T03:45:04,99.5,2248,7941,0,7,99.99,117,101.6,192.3
2026-05-24T03:45:09,99.5,2245,7941,1,5,99.99,112,106.4,192.3
2026-05-24T03:45:15,100.0,2241,7941,0,7,99.99,124,102.4,192.3
2026-05-24T03:45:20,100.0,2239,7941,0,6,99.99,130,104.4,192.3
2026-05-24T03:45:25,99.9,2238,7941,1,4,99.99,143,101.4,192.3
2026-05-24T03:45:31,99.8,2238,7941,1,3,99.99,140,102.8,192.3
2026-05-24T03:45:36,99.8,2237,7941,0,4,99.99,133,103.5,192.3
2026-05-24T03:45:41,99.9,2246,7941,0,4,99.99,117,103.4,192.3
2026-05-24T03:45:47,100.0,2218,7941,0,5,99.99,151,103.9,192.3
2026-05-24T03:45:52,100.0,2220,7941,0,6,99.99,132,103.4,192.3
2026-05-24T03:45:57,100.0,2210,7941,0,5,99.99,139,102.4,192.3
2026-05-24T03:46:03,100.0,2214,7941,0,5,99.99,137,105.6,192.3
2026-05-24T03:46:08,99.9,2211,7941,0,5,99.99,118,104.5,192.3
2026-05-24T03:46:14,100.0,2216,7941,0,6,99.99,120,103.8,192.4
2026-05-24T03:46:19,99.9,2217,7941,0,4,99.99,149,102.0,192.4
2026-05-24T03:46:24,99.9,2219,7941,0,6,99.99,129,103.2,192.4
2026-05-24T03:46:30,100.0,2214,7941,0,5,99.99,145,104.0,192.4
2026-05-24T03:46:35,99.9,2216,7941,0,5,99.99,133,104.6,192.5
2026-05-24T03:46:41,100.0,2223,7941,0,5,99.99,131,102.6,192.5
2026-05-24T03:46:46,100.0,2211,7941,0,5,99.99,118,104.1,192.5
2026-05-24T03:46:51,99.8,2213,7941,0,4,99.99,129,104.0,192.5
2026-05-24T03:46:57,99.9,2217,7941,1,3,99.99,125,102.4,192.5
2026-05-24T03:47:02,99.9,2217,7941,0,4,99.99,136,103.8,192.7
2026-05-24T03:47:08,99.9,2219,7941,0,4,99.99,121,104.2,192.7
2026-05-24T03:47:13,99.9,2211,7941,0,4,99.99,134,103.5,192.7
2026-05-24T03:47:18,99.9,2218,7941,0,5,99.99,127,104.4,192.7
2026-05-24T03:47:24,100.0,2217,7941,0,6,99.99,112,104.5,192.7
2026-05-24T03:47:29,100.0,2225,7941,0,9,99.99,135,103.0,192.7
2026-05-24T03:47:35,100.0,2222,7941,0,8,99.99,132,104.5,192.8
2026-05-24T03:47:40,100.0,2219,7941,0,6,99.99,157,101.8,192.8
2026-05-24T03:47:45,100.0,2211,7941,0,5,99.99,127,105.9,192.9
2026-05-24T03:47:51,99.9,2209,7941,0,5,99.99,126,103.2,192.9
2026-05-24T03:47:56,100.0,2212,7941,0,4,99.99,141,104.0,193.0
2026-05-24T03:48:01,100.0,2210,7941,0,4,99.99,144,103.9,193.0
2026-05-24T03:48:07,99.8,2210,7941,0,4,99.99,133,102.8,193.0
2026-05-24T03:48:12,100.0,2216,7941,0,4,99.99,124,104.8,193.0
2026-05-24T03:48:17,100.0,2224,7941,0,6,99.99,118,105.0,193.0
2026-05-24T03:48:23,100.0,2223,7941,0,7,99.99,145,103.6,193.1
2026-05-24T03:48:28,100.0,2224,7941,0,9,99.99,129,102.8,193.1
2026-05-24T03:48:33,99.8,2218,7941,0,7,99.99,120,102.4,193.1
2026-05-24T03:48:39,99.9,2219,7941,0,5,99.99,140,100.8,193.1
2026-05-24T03:48:44,100.0,2212,7941,0,5,99.99,137,102.3,193.1
2026-05-24T03:48:49,99.9,2218,7941,0,5,99.99,147,102.9,193.1
2026-05-24T03:48:55,100.0,2212,7941,0,5,99.99,129,102.9,193.1
2026-05-24T03:49:00,100.0,2225,7941,0,5,99.99,139,103.6,193.1
2026-05-24T03:49:05,100.0,2216,7941,0,5,99.99,132,102.5,193.1
2026-05-24T03:49:11,100.0,2223,7941,1,4,99.99,130,104.2,193.1
2026-05-24T03:49:16,99.9,2211,7941,1,3,99.99,141,101.8,193.1
2026-05-24T03:49:21,99.9,2220,7941,0,4,99.99,139,102.4,193.1
2026-05-24T03:49:27,99.9,2225,7941,1,3,99.99,149,102.8,193.1
2026-05-24T03:49:32,99.9,2220,7941,0,5,99.99,109,104.1,193.1
2026-05-24T03:49:37,100.0,2228,7941,0,7,99.99,149,104.4,193.1
2026-05-24T03:49:43,99.9,2236,7941,0,8,99.99,123,102.4,193.1
2026-05-24T03:49:48,99.9,2222,7941,0,6,99.99,144,104.2,193.1
2026-05-24T03:49:53,100.0,2229,7941,0,6,99.99,109,104.3,193.1
2026-05-24T03:49:59,100.0,2214,7941,0,5,99.99,148,103.8,193.1
2026-05-24T03:50:04,99.9,2212,7941,0,5,99.99,136,101.6,193.1
2026-05-24T03:50:09,99.9,2218,7941,0,5,99.99,97,104.2,193.1
2026-05-24T03:50:15,100.0,2213,7941,0,5,99.99,126,104.0,193.1
2026-05-24T03:50:20,99.9,2218,7941,0,4,99.99,144,104.0,193.1
2026-05-24T03:50:26,99.9,2214,7941,0,5,99.99,133,102.0,193.1
2026-05-24T03:50:31,100.0,2214,7941,0,6,99.99,122,105.0,193.1
2026-05-24T03:50:36,99.9,2215,7941,0,5,99.99,137,104.8,193.1
2026-05-24T03:50:42,99.9,2240,7941,0,7,99.99,129,102.5,194.0
2026-05-24T03:50:47,100.0,2223,7941,0,6,99.99,142,104.4,194.0
2026-05-24T03:50:52,100.0,2223,7941,1,4,99.99,126,101.6,194.1
2026-05-24T03:50:58,100.0,2215,7941,0,5,99.99,135,104.7,194.1
2026-05-24T03:51:03,100.0,2221,7941,0,4,99.99,130,104.1,196.4
2026-05-24T03:51:09,99.9,2233,7941,0,4,99.99,137,102.6,202.1
2026-05-24T03:51:14,100.0,2234,7941,0,5,99.99,127,104.2,209.2
2026-05-24T03:51:19,100.0,2237,7941,0,5,99.99,136,103.6,212.0
2026-05-24T03:51:25,100.0,2246,7941,0,7,99.99,123,104.5,212.1
2026-05-24T03:51:30,100.0,2235,7941,0,5,99.99,142,103.7,212.1
2026-05-24T03:51:35,99.9,2234,7941,0,5,99.99,133,102.2,212.1
2026-05-24T03:51:41,100.0,2244,7941,0,5,99.99,129,102.8,212.1
2026-05-24T03:51:46,99.9,2241,7941,0,4,99.99,136,102.6,212.1
2026-05-24T03:51:51,99.9,2241,7941,0,4,99.99,129,104.6,212.1
2026-05-24T03:51:57,100.0,2231,7941,0,4,99.99,136,104.8,212.1
2026-05-24T03:52:02,99.9,2238,7941,1,3,99.99,142,102.9,212.1
2026-05-24T03:52:08,99.9,2234,7941,0,6,99.99,114,103.4,212.1
2026-05-24T03:52:13,99.9,2236,7941,0,5,99.99,138,104.5,212.1
2026-05-24T03:52:18,100.0,2236,7941,0,5,99.99,160,103.1,212.1
2026-05-24T03:52:24,99.9,2234,7941,1,4,99.99,123,103.8,212.1
2026-05-24T03:52:29,99.8,2239,7941,1,4,99.99,132,102.6,212.1
2026-05-24T03:52:34,100.0,2243,7941,0,5,99.99,114,104.6,212.1
2026-05-24T03:52:40,100.0,2240,7941,0,5,99.99,144,101.9,212.1
2026-05-24T03:52:45,99.9,2235,7941,0,6,99.99,138,102.3,212.1
2026-05-24T03:52:50,100.0,2236,7941,0,7,99.99,131,104.5,212.1
2026-05-24T03:52:56,100.0,2231,7941,0,5,99.99,144,104.1,212.1
2026-05-24T03:53:01,100.0,2240,7941,0,5,99.99,141,103.9,212.1
2026-05-24T03:53:07,99.9,2235,7941,1,4,99.99,132,103.6,212.1
2026-05-24T03:53:12,99.9,2236,7941,0,4,99.99,139,103.5,212.1
2026-05-24T03:53:17,100.0,2236,7941,0,5,99.99,134,104.8,212.1
2026-05-24T03:53:23,100.0,2237,7941,0,5,99.99,125,103.0,212.1
2026-05-24T03:53:28,99.9,2229,7941,0,5,99.99,146,101.0,212.1
2026-05-24T03:53:33,99.8,2233,7941,0,6,99.99,116,101.2,212.1
2026-05-24T03:53:38,99.9,2249,7941,0,5,99.99,149,101.3,212.1
2026-05-24T03:53:44,99.9,2232,7941,1,4,99.99,133,102.3,212.1
2026-05-24T03:53:49,100.0,2235,7941,0,5,99.99,128,103.4,212.1
2026-05-24T03:53:54,100.0,2232,7941,0,5,99.99,139,104.6,212.1
2026-05-24T03:54:00,99.9,2230,7941,0,4,99.99,125,103.8,212.1
2026-05-24T03:54:05,99.9,2233,7941,0,4,99.99,127,103.3,212.1
2026-05-24T03:54:11,100.0,2241,7941,0,4,99.99,113,104.4,212.1
2026-05-24T03:54:16,99.9,2237,7941,0,4,99.99,158,105.6,212.1
2026-05-24T03:54:21,99.9,2240,7941,0,4,99.99,122,102.1,212.1
2026-05-24T03:54:27,100.0,2234,7941,0,5,99.99,121,104.6,212.1
2026-05-24T03:54:32,99.9,2234,7941,0,5,99.99,136,101.9,212.1
2026-05-24T03:54:37,99.9,2242,7941,0,7,99.99,140,102.8,212.1
2026-05-24T03:54:43,100.0,2238,7941,0,8,99.99,112,103.3,212.1
2026-05-24T03:54:48,99.9,2230,7941,0,5,99.99,138,103.3,212.1
2026-05-24T03:54:53,100.0,2228,7941,0,4,99.99,161,102.6,212.1
2026-05-24T03:54:59,100.0,2238,7941,0,4,99.99,137,103.6,212.1
2026-05-24T03:55:04,100.0,2235,7941,0,4,99.99,131,103.0,212.1
2026-05-24T03:55:10,99.9,2241,7941,0,5,99.99,114,105.0,212.1
2026-05-24T03:55:15,100.0,2241,7941,0,7,99.99,128,104.0,212.1
2026-05-24T03:55:20,100.0,2248,7941,0,8,99.99,132,104.5,212.1
2026-05-24T03:55:26,100.0,2237,7941,0,8,99.99,144,102.5,212.1
2026-05-24T03:55:31,99.8,2232,7941,0,6,99.99,150,103.0,212.1
2026-05-24T03:55:36,100.0,2232,7941,0,5,99.99,134,103.0,212.1
2026-05-24T03:55:42,100.0,2244,7941,0,4,99.99,138,103.3,212.1
2026-05-24T03:55:47,100.0,2231,7941,0,4,99.99,123,102.4,212.2
2026-05-24T03:55:52,100.0,2237,7941,0,4,99.99,134,103.7,212.2
2026-05-24T03:55:58,99.9,2234,7941,0,4,99.99,143,101.4,212.2
2026-05-24T03:56:03,99.9,2242,7941,0,6,99.99,104,103.4,212.3
2026-05-24T03:56:08,99.9,2241,7941,0,7,99.99,126,101.6,212.3
2026-05-24T03:56:13,99.9,2240,7941,0,7,99.99,111,101.3,212.3
2026-05-24T03:56:19,100.0,2237,7941,1,6,99.99,164,103.1,212.3
2026-05-24T03:56:24,99.9,2235,7941,0,6,99.99,138,104.7,212.5
2026-05-24T03:56:30,100.0,2240,7941,0,5,99.99,144,105.2,212.5
2026-05-24T03:56:35,100.0,2229,7941,0,5,99.99,130,103.5,212.5
2026-05-24T03:56:40,100.0,2239,7941,0,5,99.99,114,102.0,212.5
2026-05-24T03:56:46,99.8,2230,7941,0,5,99.99,122,103.7,212.5
2026-05-24T03:56:51,99.9,2235,7941,0,5,99.99,121,105.0,212.5
2026-05-24T03:56:57,100.0,2230,7941,0,5,99.99,150,103.6,212.5
2026-05-24T03:57:02,100.0,2238,7941,0,5,99.99,139,103.6,212.6
2026-05-24T03:57:07,99.9,2230,7941,1,4,99.99,132,103.2,212.6
2026-05-24T03:57:13,100.0,2233,7941,0,4,99.99,144,105.1,212.6
2026-05-24T03:57:18,99.8,2233,7941,0,5,99.99,118,102.2,212.6
2026-05-24T03:57:23,100.0,2237,7941,0,5,99.99,146,103.4,212.6
2026-05-24T03:57:29,99.9,2240,7941,0,6,99.99,122,101.4,212.6
2026-05-24T03:57:34,99.9,2238,7941,0,8,99.99,148,103.0,212.6
2026-05-24T03:57:39,100.0,2256,7941,0,8,99.99,111,101.0,212.6
2026-05-24T03:57:44,100.0,2238,7941,0,6,99.99,160,102.3,212.6
2026-05-24T03:57:50,100.0,2243,7941,0,5,99.99,120,104.2,212.7
2026-05-24T03:57:55,100.0,2241,7941,0,5,99.99,134,103.8,212.7
2026-05-24T03:58:01,100.0,2239,7941,0,5,99.99,134,104.5,212.7
2026-05-24T03:58:06,99.9,2240,7941,0,5,99.99,128,102.2,212.7
2026-05-24T03:58:11,100.0,2238,7941,0,4,99.99,149,104.0,212.7
2026-05-24T03:58:17,100.0,2235,7941,0,5,99.99,122,104.0,212.7
2026-05-24T03:58:22,100.0,2241,7941,0,5,99.99,142,104.3,212.7
2026-05-24T03:58:27,100.0,2237,7941,0,5,99.99,133,103.1,212.7
2026-05-24T03:58:33,100.0,2240,7941,0,5,99.99,115,103.3,212.7
2026-05-24T03:58:38,99.9,2241,7941,0,5,99.99,145,103.8,212.7
2026-05-24T03:58:43,100.0,2244,7941,0,6,99.99,114,102.1,212.7
2026-05-24T03:58:49,100.0,2247,7941,0,8,99.99,135,104.4,212.7
2026-05-24T03:58:54,100.0,2240,7941,0,5,99.99,146,104.2,212.7
2026-05-24T03:58:59,99.8,2242,7941,0,6,99.99,133,102.8,212.7
2026-05-24T03:59:05,99.9,2237,7941,0,5,99.99,132,102.8,212.7
2026-05-24T03:59:10,100.0,2231,7941,0,5,99.99,112,105.1,212.7
2026-05-24T03:59:16,100.0,2238,7941,0,6,99.99,142,103.5,212.7
2026-05-24T03:59:21,100.0,2242,7941,0,6,99.99,123,102.5,212.7
2026-05-24T03:59:26,100.0,2234,7941,0,4,99.99,157,104.2,212.7
2026-05-24T03:59:32,100.0,2234,7941,0,4,99.99,137,105.0,212.7
2026-05-24T03:59:37,100.0,2236,7941,0,4,99.99,127,104.6,212.7
2026-05-24T03:59:43,100.0,2249,7941,0,5,99.99,119,104.0,212.7
2026-05-24T03:59:48,100.0,2242,7941,0,7,99.99,127,103.8,212.7
2026-05-24T03:59:53,100.0,2240,7941,0,7,99.99,142,103.6,212.7
2026-05-24T03:59:59,99.9,2243,7941,0,9,99.99,132,101.1,212.7
2026-05-24T04:00:04,99.9,2234,7941,1,5,99.99,124,101.8,212.7
2026-05-24T04:00:10,98.8,2237,7941,0,6,99.99,72,110.2,212.7
2026-05-24T04:00:16,99.7,2237,7941,0,6,99.99,115,105.0,212.7
2026-05-24T04:00:21,99.9,2242,7941,0,5,99.99,119,105.6,212.7
2026-05-24T04:00:27,99.9,2237,7941,0,5,99.99,118,103.8,212.7
2026-05-24T04:00:32,100.0,2236,7941,0,4,99.99,146,101.8,212.7
2026-05-24T04:00:37,99.9,2240,7941,0,4,99.99,116,103.5,212.7
2026-05-24T04:00:43,99.9,2234,7941,0,4,99.99,123,103.0,212.7
2026-05-24T04:00:48,100.0,2236,7941,0,3,99.99,138,104.0,212.7
2026-05-24T04:00:53,99.9,2247,7941,0,6,99.99,122,105.5,212.7
2026-05-24T04:00:59,100.0,2244,7941,0,8,99.99,115,103.8,212.7
2026-05-24T04:01:04,99.9,2242,7941,0,8,99.99,139,101.8,212.7
2026-05-24T04:01:10,100.0,2240,7941,0,7,99.99,167,104.4,212.7
2026-05-24T04:01:15,99.9,2234,7941,0,5,99.99,138,102.8,212.7
2026-05-24T04:01:20,100.0,2238,7941,0,4,99.99,125,104.1,212.7
2026-05-24T04:01:26,99.9,2236,7941,0,4,99.99,149,102.4,212.7
2026-05-24T04:01:31,99.9,2237,7941,0,4,99.99,126,103.1,212.7
2026-05-24T04:01:36,99.9,2237,7941,0,4,99.99,130,103.3,212.7
2026-05-24T04:01:42,100.0,2251,7941,0,4,99.99,126,103.5,212.7
2026-05-24T04:01:47,100.0,2248,7941,0,7,99.99,123,104.2,212.7
2026-05-24T04:01:52,99.9,2246,7941,1,7,99.99,151,101.6,212.7
2026-05-24T04:01:58,100.0,2240,7941,1,8,99.99,134,103.6,212.7
2026-05-24T04:02:03,99.9,2236,7941,0,5,99.99,139,103.8,212.7
2026-05-24T04:02:09,100.0,2238,7941,0,6,99.99,136,104.7,212.7
2026-05-24T04:02:14,99.9,2236,7941,0,6,99.99,140,103.6,212.7
2026-05-24T04:02:19,99.9,2235,7941,0,5,99.99,134,103.0,212.7
2026-05-24T04:02:25,99.9,2239,7941,0,5,99.99,142,102.8,212.7
2026-05-24T04:02:30,100.0,2238,7941,0,5,99.99,119,104.0,212.7
2026-05-24T04:02:35,99.9,2233,7941,0,5,99.99,129,103.2,212.7
2026-05-24T04:02:41,99.9,2243,7941,0,5,99.99,132,102.6,212.7
2026-05-24T04:02:46,100.0,2233,7941,0,5,99.99,141,104.4,212.7
2026-05-24T04:02:51,100.0,2233,7941,0,5,99.99,126,101.3,212.7
2026-05-24T04:02:57,100.0,2237,7941,0,5,99.99,148,105.8,212.7
2026-05-24T04:03:02,100.0,2235,7941,0,5,99.99,125,104.5,212.7
2026-05-24T04:03:08,99.9,2236,7941,0,4,99.99,131,102.6,212.7
2026-05-24T04:03:13,100.0,2245,7941,0,5,99.99,131,104.5,212.7
2026-05-24T04:03:18,100.0,2240,7941,0,5,99.99,128,103.0,212.7
2026-05-24T04:03:24,100.0,2240,7941,0,6,99.99,132,103.1,212.7
2026-05-24T04:03:29,100.0,2246,7941,0,9,99.99,98,104.2,212.7
2026-05-24T04:03:34,99.8,2238,7941,1,6,99.99,171,102.5,212.7
2026-05-24T04:03:40,99.9,2243,7941,0,6,99.99,136,101.8,212.7
2026-05-24T04:03:45,100.0,2237,7941,0,5,99.99,142,104.3,212.7
2026-05-24T04:03:51,99.9,2248,7941,0,5,99.99,123,104.6,212.7
2026-05-24T04:03:56,100.0,2235,7941,0,5,99.99,132,103.2,212.7
2026-05-24T04:04:01,100.0,2237,7941,0,5,99.99,130,103.8,212.7
2026-05-24T04:04:07,100.0,2243,7941,0,5,99.99,116,104.1,212.7
2026-05-24T04:04:12,100.0,2242,7941,0,5,99.99,133,103.5,212.7
2026-05-24T04:04:17,99.9,2241,7941,0,5,99.99,143,102.1,212.7
2026-05-24T04:04:23,100.0,2240,7941,1,4,99.99,137,104.9,212.7
2026-05-24T04:04:28,100.0,2248,7941,0,6,99.99,123,104.2,212.7
2026-05-24T04:04:34,99.9,2251,7941,2,6,99.99,125,104.4,212.7
2026-05-24T04:04:39,99.9,2242,7941,0,8,99.99,122,103.4,212.7
2026-05-24T04:04:44,100.0,2241,7941,0,7,99.99,157,104.2,212.7
2026-05-24T04:04:50,100.0,2233,7941,0,5,99.99,124,104.0,212.7
2026-05-24T04:04:55,100.0,2238,7941,0,4,99.99,139,103.6,212.7
2026-05-24T04:05:01,100.0,2241,7941,0,5,99.99,129,104.0,212.7
2026-05-24T04:05:06,99.8,2234,7941,0,5,99.99,108,100.7,212.7
2026-05-24T04:05:11,99.9,2238,7941,0,5,99.99,129,103.2,212.7
2026-05-24T04:05:17,100.0,2237,7941,0,5,99.99,154,104.3,212.7
2026-05-24T04:05:22,100.0,2244,7941,0,7,99.99,107,104.0,212.7
2026-05-24T04:05:27,100.0,2248,7941,0,8,99.99,155,103.6,212.7
2026-05-24T04:05:33,100.0,2252,7941,0,7,99.99,130,105.6,212.7
2026-05-24T04:05:38,100.0,2249,7941,0,6,99.99,136,102.2,212.7
2026-05-24T04:05:44,100.0,2242,7941,0,4,99.99,133,104.7,212.7
2026-05-24T04:05:49,100.0,2236,7941,0,4,99.99,131,104.0,212.7
2026-05-24T04:05:54,99.9,2233,7941,0,4,99.99,144,102.5,212.7
2026-05-24T04:06:00,100.0,2236,7941,0,4,99.99,113,102.3,212.7
2026-05-24T04:06:05,99.9,2244,7941,0,5,99.99,123,103.2,212.7
2026-05-24T04:06:10,99.9,2235,7941,0,5,99.99,114,102.3,212.7
2026-05-24T04:06:16,99.9,2238,7941,0,6,99.99,129,101.6,212.7
2026-05-24T04:06:21,100.0,2243,7941,0,6,99.99,140,103.8,212.7
2026-05-24T04:06:26,100.0,2237,7941,0,5,99.99,150,104.3,212.7
2026-05-24T04:06:32,100.0,2240,7941,0,4,99.99,119,104.0,212.7
2026-05-24T04:06:37,100.0,2240,7941,0,5,99.99,115,103.4,212.7
2026-05-24T04:06:43,100.0,2237,7941,0,5,99.99,143,105.6,212.7
2026-05-24T04:06:48,99.8,2236,7941,0,5,99.99,125,103.4,212.7
2026-05-24T04:06:53,100.0,2245,7941,0,7,99.99,132,102.5,212.7
2026-05-24T04:06:59,100.0,2244,7941,0,8,99.99,145,103.2,212.7
2026-05-24T04:07:04,99.9,2236,7941,0,6,99.99,139,102.8,212.7
2026-05-24T04:07:09,100.0,2244,7941,0,6,99.99,106,103.3,212.7
2026-05-24T04:07:15,99.9,2233,7941,0,5,99.99,173,101.8,212.7
2026-05-24T04:07:20,99.9,2237,7941,0,5,99.99,110,104.2,212.7
2026-05-24T04:07:25,99.9,2238,7941,0,5,99.99,141,102.8,212.7
2026-05-24T04:07:31,99.9,2239,7941,0,5,99.99,138,104.2,212.7
2026-05-24T04:07:36,100.0,2233,7941,0,5,99.99,133,102.5,212.7
2026-05-24T04:07:41,100.0,2251,7941,0,5,99.99,142,104.2,212.7
2026-05-24T04:07:47,99.8,2247,7941,0,5,99.99,122,103.2,212.7
2026-05-24T04:07:52,99.9,2244,7941,0,5,99.99,139,103.9,212.7
2026-05-24T04:07:58,99.9,2240,7941,0,6,99.99,139,103.6,212.7
2026-05-24T04:08:03,100.0,2236,7941,0,5,99.99,118,104.5,212.7
2026-05-24T04:08:08,99.9,2236,7941,0,7,99.99,119,101.4,212.7
2026-05-24T04:08:14,100.0,2245,7941,0,6,99.99,164,103.7,212.7
2026-05-24T04:08:19,100.0,2234,7941,0,5,99.99,133,103.2,212.7
2026-05-24T04:08:24,100.0,2234,7941,0,5,99.99,137,104.0,212.7
2026-05-24T04:08:30,99.9,2233,7941,0,5,99.99,135,103.0,212.7
2026-05-24T04:08:35,99.9,2237,7941,0,5,99.99,146,101.8,212.7
2026-05-24T04:08:40,100.0,2241,7941,0,5,99.99,140,104.8,212.7
2026-05-24T04:08:46,100.0,2238,7941,0,5,99.99,137,103.0,212.7
2026-05-24T04:08:51,100.0,2248,7941,0,5,99.99,128,104.5,212.7
2026-05-24T04:08:56,100.0,2237,7941,0,5,99.99,141,102.2,212.7
2026-05-24T04:09:02,99.9,2239,7941,0,5,99.99,127,104.8,212.7
2026-05-24T04:09:07,99.7,1688,7941,0,5,99.99,125,100.6,212.7
2026-05-24T04:09:13,99.9,1687,7941,0,5,99.99,119,103.4,212.7
2026-05-24T04:09:18,100.0,1688,7941,0,7,99.99,134,104.5,212.7
2026-05-24T04:09:23,100.0,1682,7941,0,6,99.99,117,103.8,212.7
2026-05-24T04:09:29,100.0,1681,7941,0,5,99.99,156,104.5,212.7
2026-05-24T04:09:34,100.0,1676,7941,0,4,99.99,151,104.8,212.7
2026-05-24T04:09:40,99.9,1689,7941,0,4,99.99,115,102.4,212.7
2026-05-24T04:09:45,99.9,1688,7941,0,4,99.99,149,100.9,212.7
2026-05-24T04:09:50,99.9,1686,7941,0,4,99.99,122,102.0,212.7
2026-05-24T04:09:56,100.0,1687,7941,0,5,99.99,125,103.7,212.7
2026-05-24T04:10:01,99.9,1706,7941,0,7,99.99,130,103.2,212.7
2026-05-24T04:10:06,99.7,1694,7941,0,6,99.99,100,103.6,212.7
2026-05-24T04:10:12,99.8,1693,7941,0,7,99.99,123,104.4,212.7
2026-05-24T04:10:17,99.8,1697,7941,0,8,99.99,133,104.5,212.7
2026-05-24T04:10:23,99.9,1695,7941,0,6,99.99,115,105.7,212.7
2026-05-24T04:10:28,100.0,1693,7941,0,5,99.99,142,103.0,212.7
2026-05-24T04:10:34,99.9,1695,7941,0,6,99.99,143,104.2,212.7
2026-05-24T04:10:39,100.0,1687,7941,0,5,99.99,131,103.6,212.7
2026-05-24T04:10:44,99.9,1683,7941,1,3,99.99,131,103.0,212.7
2026-05-24T04:10:50,100.0,1690,7941,0,4,99.99,132,103.1,212.7
2026-05-24T04:10:55,99.9,1689,7941,0,4,99.99,136,102.4,212.7
2026-05-24T04:11:01,100.0,1692,7941,0,3,99.99,135,105.8,212.7
2026-05-24T04:11:06,100.0,1688,7941,0,4,99.99,138,105.2,212.7
2026-05-24T04:11:12,100.0,1705,7941,0,6,99.99,131,106.0,212.7
2026-05-24T04:11:17,99.9,1709,7941,0,7,99.99,137,103.6,212.7
2026-05-24T04:11:22,100.0,1696,7941,0,8,99.99,142,103.8,212.7
2026-05-24T04:11:28,99.9,1687,7941,1,5,99.99,124,105.4,212.7
2026-05-24T04:11:33,100.0,1688,7941,0,5,99.99,142,103.3,212.7
2026-05-24T04:11:38,99.9,1701,7941,1,5,99.99,136,102.3,212.7
2026-05-24T04:11:44,99.9,1699,7941,1,4,99.99,126,102.8,212.7
2026-05-24T04:11:49,99.9,1689,7941,0,5,99.99,132,102.6,212.7
2026-05-24T04:11:54,100.0,1691,7941,0,5,99.99,147,103.6,212.7
2026-05-24T04:12:00,100.0,1684,7941,0,5,99.99,133,103.0,212.7
2026-05-24T04:12:05,99.9,1686,7941,0,4,99.99,118,104.1,212.7
2026-05-24T04:12:11,100.0,1691,7941,0,5,99.99,157,103.4,212.7
2026-05-24T04:12:16,100.0,1695,7941,0,6,99.99,122,104.2,212.7
2026-05-24T04:12:21,100.0,1689,7941,1,5,99.99,124,104.4,212.7
2026-05-24T04:12:27,100.0,1681,7941,0,5,99.99,150,103.3,212.7
2026-05-24T04:12:32,99.9,1685,7941,0,5,99.99,140,102.6,212.7
2026-05-24T04:12:37,100.0,1685,7941,0,5,99.99,131,103.2,212.7
2026-05-24T04:12:43,99.9,1684,7941,0,5,99.99,121,103.0,212.7
2026-05-24T04:12:48,100.0,1685,7941,0,5,99.99,147,102.5,212.7
2026-05-24T04:12:53,99.9,1697,7941,0,4,99.99,138,104.8,212.7
2026-05-24T04:12:59,100.0,1690,7941,0,4,99.99,124,104.2,212.7
2026-05-24T04:13:04,100.0,1686,7941,0,4,99.99,137,103.0,212.7
2026-05-24T04:13:09,100.0,1686,7941,0,4,99.99,123,102.7,212.7
2026-05-24T04:13:15,100.0,1689,7941,0,4,99.99,133,103.5,212.7
2026-05-24T04:13:20,100.0,1694,7941,1,5,99.99,142,105.8,212.7
2026-05-24T04:13:26,100.0,1688,7941,1,7,99.99,131,103.2,212.7
2026-05-24T04:13:31,99.9,1688,7941,0,7,99.99,141,102.7,212.7
2026-05-24T04:13:36,99.8,1687,7941,1,5,99.99,139,104.2,212.7
2026-05-24T04:13:42,100.0,1694,7941,0,5,99.99,116,104.8,212.7
2026-05-24T04:13:47,99.9,1693,7941,0,5,99.99,138,103.6,212.7
2026-05-24T04:13:53,100.0,1696,7941,0,5,99.99,140,104.3,212.7
2026-05-24T04:13:58,100.0,1697,7941,0,5,99.99,122,105.0,212.7
2026-05-24T04:14:04,99.9,1687,7941,0,5,99.99,125,104.2,212.7
2026-05-24T04:14:09,100.0,1614,7941,0,5,99.99,127,103.4,212.7
2026-05-24T04:14:14,99.9,1617,7941,0,7,99.99,126,103.6,212.7
2026-05-24T04:14:20,99.9,1621,7941,0,7,99.99,128,104.0,212.7
2026-05-24T04:14:25,100.0,1615,7941,0,6,99.99,164,105.7,212.7
2026-05-24T04:14:31,100.0,1616,7941,0,6,99.99,121,105.9,212.7
2026-05-24T04:14:36,100.0,1620,7941,0,6,99.99,129,104.6,212.7
2026-05-24T04:14:42,100.0,1620,7941,0,5,99.99,125,104.0,212.7
2026-05-24T04:14:47,100.0,1615,7941,0,5,99.99,134,103.7,212.7
2026-05-24T04:14:52,100.0,1619,7941,0,5,99.99,130,103.9,212.7
2026-05-24T04:14:58,100.0,1605,7941,0,5,99.99,140,102.8,212.7
2026-05-24T04:15:03,99.9,1610,7941,0,5,99.99,116,101.1,212.7
2026-05-24T04:15:08,99.8,1608,7941,0,5,99.99,136,104.2,212.7
2026-05-24T04:15:14,99.9,1609,7941,0,5,99.99,128,104.8,212.7
2026-05-24T04:15:19,100.0,1605,7941,0,5,99.99,121,103.5,212.7
2026-05-24T04:15:25,99.9,1604,7941,0,4,99.99,152,104.8,212.7
2026-05-24T04:15:30,99.9,1604,7941,0,5,99.99,117,104.4,212.7
2026-05-24T04:15:35,100.0,1610,7941,0,5,99.99,130,104.2,212.7
2026-05-24T04:15:41,100.0,1609,7941,0,5,99.99,116,105.4,212.7
2026-05-24T04:15:46,100.0,1610,7941,0,6,99.99,136,101.9,212.7
2026-05-24T04:15:52,100.0,1607,7941,0,5,99.99,127,105.5,212.7
2026-05-24T04:15:57,100.0,1614,7941,0,7,99.99,143,105.4,212.7
2026-05-24T04:16:02,99.9,1614,7941,0,8,99.99,129,103.4,212.7
2026-05-24T04:16:08,99.9,1608,7941,0,6,99.99,127,105.5,212.7
2026-05-24T04:16:13,100.0,1601,7941,0,5,99.99,135,103.6,212.7
2026-05-24T04:16:19,100.0,1610,7941,0,5,99.99,134,104.7,212.7
2026-05-24T04:16:24,100.0,1605,7941,0,5,99.99,118,106.3,212.7
2026-05-24T04:16:30,99.9,1607,7941,0,4,99.99,131,105.2,212.7
2026-05-24T04:16:35,100.0,1609,7941,1,5,99.99,136,103.8,212.7
2026-05-24T04:16:40,100.0,1623,7941,0,6,99.99,126,103.7,212.7
2026-05-24T04:16:46,100.0,1621,7941,0,6,99.99,131,104.4,212.7
2026-05-24T04:16:51,100.0,1614,7941,0,6,99.99,134,103.8,212.7
2026-05-24T04:16:57,100.0,1603,7941,0,5,99.99,143,102.0,212.7
2026-05-24T04:17:02,100.0,1619,7941,0,5,99.99,109,104.9,212.7
2026-05-24T04:17:07,99.9,1613,7941,0,5,99.99,122,103.0,212.7
2026-05-24T04:17:13,99.9,1614,7941,0,5,99.99,139,102.5,212.7
2026-05-24T04:17:18,99.9,1606,7941,0,5,99.99,133,105.0,212.7
2026-05-24T04:17:24,100.0,1603,7941,1,5,99.99,130,105.7,212.7
2026-05-24T04:17:29,99.7,1607,7941,0,5,99.99,118,103.2,212.7
2026-05-24T04:17:35,99.9,1612,7941,0,4,99.99,109,104.7,212.7
2026-05-24T04:17:40,100.0,1606,7941,0,5,99.99,141,104.2,212.7
2026-05-24T04:17:45,100.0,1607,7941,0,5,99.99,114,102.2,212.7
2026-05-24T04:17:51,99.9,1608,7941,0,4,99.99,109,102.2,212.7
2026-05-24T04:17:56,99.9,1603,7941,0,5,99.99,140,102.2,212.7
2026-05-24T04:18:01,99.9,1607,7941,0,5,99.99,130,105.5,212.7
2026-05-24T04:18:07,100.0,1614,7941,0,5,99.99,132,106.0,212.7
2026-05-24T04:18:12,99.9,1613,7941,0,5,99.99,132,102.7,212.7
2026-05-24T04:18:18,100.0,1616,7941,0,7,99.99,111,104.4,212.7
2026-05-24T04:18:23,100.0,1618,7941,0,10,99.99,131,101.8,212.7
2026-05-24T04:18:28,100.0,1619,7941,0,10,99.99,154,104.8,212.7
2026-05-24T04:18:34,100.0,1604,7941,1,5,99.99,145,103.6,212.7
2026-05-24T04:18:39,99.9,1609,7941,0,5,99.99,124,102.8,212.7
2026-05-24T04:18:45,100.0,1604,7941,0,5,99.99,134,105.6,212.7
2026-05-24T04:18:50,100.0,1608,7941,0,5,99.99,138,104.0,212.7
2026-05-24T04:18:55,100.0,1608,7941,0,5,99.99,134,105.0,212.7
2026-05-24T04:19:01,100.0,1611,7941,0,5,99.99,151,104.8,212.7
2026-05-24T04:19:06,100.0,1607,7941,0,5,99.99,105,106.5,212.7
2026-05-24T04:19:12,100.0,1608,7941,0,5,99.99,112,104.3,212.7
2026-05-24T04:19:17,100.0,1612,7941,0,5,99.99,166,104.4,212.7
2026-05-24T04:19:22,100.0,1616,7941,1,4,99.99,117,104.4,212.7
2026-05-24T04:19:28,100.0,1604,7941,0,5,99.99,138,104.2,212.7
2026-05-24T04:19:33,100.0,1611,7941,0,5,99.99,106,104.4,212.7
2026-05-24T04:19:39,100.0,1629,7941,0,5,99.99,161,103.8,212.7
2026-05-24T04:19:44,99.8,1619,7941,0,6,99.99,113,103.2,212.7
2026-05-24T04:19:49,99.9,1620,7941,0,8,99.99,108,103.6,212.7
2026-05-24T04:19:55,100.0,1613,7941,0,8,99.99,124,103.5,212.7
2026-05-24T04:20:00,100.0,1613,7941,0,6,99.99,135,104.8,212.7
2026-05-24T04:20:06,99.5,1608,7941,0,6,99.99,151,99.9,212.7
2026-05-24T04:20:11,99.9,1608,7941,0,5,99.99,113,103.0,212.7
2026-05-24T04:20:16,100.0,1602,7941,0,4,99.99,135,103.6,212.7
2026-05-24T04:20:22,100.0,1609,7941,2,2,99.99,136,103.8,212.7
2026-05-24T04:20:27,100.0,1608,7941,0,4,99.99,132,104.7,212.7
2026-05-24T04:20:32,100.0,1611,7941,0,4,99.99,149,103.6,212.7
2026-05-24T04:20:38,100.0,1611,7941,0,5,99.99,133,104.7,212.7
2026-05-24T04:20:43,100.0,1623,7941,0,6,99.99,153,104.5,212.7
2026-05-24T04:20:49,100.0,1622,7941,0,7,99.99,122,104.7,212.7
2026-05-24T04:20:54,99.9,1614,7941,1,7,99.99,132,102.5,212.7
2026-05-24T04:20:59,99.9,1611,7941,0,7,99.99,129,103.4,212.7
2026-05-24T04:21:04,100.0,1606,7941,0,5,99.99,158,102.0,212.7
2026-05-24T04:21:10,100.0,1615,7941,0,4,99.99,124,105.1,212.7
2026-05-24T04:21:15,100.0,1603,7941,0,3,99.99,130,104.0,212.7
2026-05-24T04:21:21,99.9,1608,7941,0,4,99.99,130,103.5,212.7
2026-05-24T04:21:26,100.0,1614,7941,0,4,99.99,135,102.6,212.7
2026-05-24T04:21:31,99.9,1608,7941,0,4,99.99,115,103.2,212.7
2026-05-24T04:21:37,99.9,1613,7941,0,4,99.99,144,103.2,212.7
2026-05-24T04:21:42,100.0,1618,7941,0,6,99.99,146,103.2,212.7
2026-05-24T04:21:47,100.0,1613,7941,0,6,99.99,130,104.7,212.7
2026-05-24T04:21:53,100.0,1614,7941,0,8,99.99,112,104.8,212.7
2026-05-24T04:21:58,100.0,1612,7941,0,7,99.99,162,104.6,212.7
2026-05-24T04:22:03,100.0,1609,7941,0,6,99.99,127,101.4,212.7
2026-05-24T04:22:09,99.9,1608,7941,0,5,99.99,116,104.8,212.7
2026-05-24T04:22:14,100.0,1606,7941,0,4,99.99,148,103.6,212.7
2026-05-24T04:22:19,99.9,1608,7941,1,3,99.99,141,102.5,212.7
2026-05-24T04:22:25,100.0,1605,7941,0,4,99.99,142,102.5,212.7
2026-05-24T04:22:30,100.0,1613,7941,0,4,99.99,121,106.1,212.7
2026-05-24T04:22:35,100.0,1615,7941,0,5,99.99,137,102.0,212.7
2026-05-24T04:22:41,100.0,1631,7941,0,7,99.99,127,102.0,212.7
2026-05-24T04:22:46,99.9,1619,7941,0,7,99.99,133,102.0,212.7
2026-05-24T04:22:51,99.9,1612,7941,0,5,99.99,116,102.8,212.7
2026-05-24T04:22:57,99.9,1604,7941,0,5,99.99,142,102.5,212.7
2026-05-24T04:23:02,100.0,1611,7941,0,5,99.99,139,103.4,212.7
2026-05-24T04:23:07,100.0,1615,7941,0,5,99.99,139,103.5,212.7
2026-05-24T04:23:13,100.0,1614,7941,0,6,99.99,133,104.9,212.7
2026-05-24T04:23:18,100.0,1612,7941,0,8,99.99,111,103.5,212.7
2026-05-24T04:23:24,100.0,1612,7941,0,6,99.99,147,104.8,212.7
2026-05-24T04:23:29,99.9,1607,7941,0,5,99.99,143,103.4,212.7
2026-05-24T04:23:34,100.0,1604,7941,1,4,99.99,147,104.0,212.7
2026-05-24T04:23:40,100.0,1611,7941,0,5,99.99,119,105.5,212.7
2026-05-24T04:23:45,100.0,1605,7941,0,5,99.99,146,102.4,212.7
2026-05-24T04:23:50,99.9,1612,7941,0,5,99.99,128,102.1,212.7
2026-05-24T04:23:56,100.0,1603,7941,0,4,99.99,137,102.4,212.7
2026-05-24T04:24:01,100.0,1616,7941,0,3,99.99,122,105.0,212.7
2026-05-24T04:24:06,99.8,1604,7941,0,4,99.99,130,103.8,212.8
2026-05-24T04:24:12,99.9,1611,7941,0,4,99.99,130,104.1,212.8
2026-05-24T04:24:17,100.0,1616,7941,0,5,99.99,122,103.4,212.8
2026-05-24T04:24:23,100.0,1621,7941,0,6,99.99,144,104.2,212.8
2026-05-24T04:24:28,100.0,1619,7941,0,9,99.99,127,103.6,212.8
2026-05-24T04:24:33,99.9,1614,7941,0,9,99.99,111,104.4,212.8
2026-05-24T04:24:39,100.0,1609,7941,0,6,99.99,180,104.4,212.8
2026-05-24T04:24:44,100.0,1604,7941,0,5,99.99,125,102.4,212.8
2026-05-24T04:24:49,99.9,1611,7941,0,5,99.99,150,102.8,212.8
2026-05-24T04:24:55,100.0,1616,7941,0,5,99.99,115,104.7,212.8
2026-05-24T04:25:00,100.0,1612,7941,0,5,99.99,140,105.0,212.8
2026-05-24T04:25:06,99.6,1608,7941,0,5,99.99,120,99.9,212.8
2026-05-24T04:25:11,99.9,1604,7941,0,5,99.99,112,106.4,212.8
2026-05-24T04:25:17,99.7,1605,7941,1,4,99.99,132,103.0,212.8
2026-05-24T04:25:22,99.9,1613,7941,0,5,99.99,113,105.7,212.8
2026-05-24T04:25:27,100.0,1617,7941,0,6,99.99,144,102.1,212.8
2026-05-24T04:25:33,100.0,1614,7941,0,7,99.99,122,102.5,212.8
2026-05-24T04:25:38,99.9,1611,7941,0,8,99.99,117,102.0,212.8
2026-05-24T04:25:43,100.0,1619,7941,0,7,99.99,121,103.0,212.8
2026-05-24T04:25:49,99.9,1605,7941,0,4,99.99,167,102.5,212.8
2026-05-24T04:25:54,100.0,1603,7941,0,5,99.99,124,104.7,212.8
2026-05-24T04:25:59,100.0,1612,7941,0,5,99.99,137,104.4,212.8
2026-05-24T04:26:05,100.0,1607,7941,0,5,99.99,138,104.8,212.8
2026-05-24T04:26:10,100.0,1610,7941,0,5,99.99,120,103.6,212.8
2026-05-24T04:26:16,99.9,1608,7941,0,5,99.99,122,103.2,212.8
2026-05-24T04:26:21,100.0,1608,7941,0,5,99.99,122,104.8,212.8
2026-05-24T04:26:26,99.8,1607,7941,0,5,99.99,145,101.9,212.8
2026-05-24T04:26:32,99.9,1609,7941,0,5,99.99,130,103.5,212.8
2026-05-24T04:26:37,99.9,1616,7941,0,5,99.99,127,102.3,212.8
2026-05-24T04:26:42,100.0,1619,7941,0,6,99.99,116,103.6,212.8
2026-05-24T04:26:48,100.0,1619,7941,0,8,99.99,133,103.5,212.8
2026-05-24T04:26:53,100.0,1612,7941,0,8,99.99,149,104.0,212.8
2026-05-24T04:26:58,100.0,1614,7941,0,7,99.99,146,104.2,212.8
2026-05-24T04:27:04,99.9,1603,7941,0,5,99.99,136,101.6,212.8
2026-05-24T04:27:09,100.0,1610,7941,0,3,99.99,126,105.7,212.8
2026-05-24T04:27:15,100.0,1607,7941,0,4,99.99,132,104.0,212.8
2026-05-24T04:27:20,99.9,1610,7941,0,4,99.99,120,103.0,212.8
2026-05-24T04:27:25,99.9,1614,7941,1,4,99.99,146,104.2,212.8
2026-05-24T04:27:31,100.0,1614,7941,0,7,99.99,128,104.6,212.8
2026-05-24T04:27:36,100.0,1618,7941,0,7,99.99,139,102.9,212.8
2026-05-24T04:27:41,99.9,1615,7941,0,8,99.99,126,103.4,212.8
2026-05-24T04:27:47,100.0,1619,7941,0,7,99.99,141,104.4,212.8
2026-05-24T04:27:52,100.0,1617,7941,0,6,99.99,125,104.2,212.8
2026-05-24T04:27:58,100.0,1604,7941,0,5,99.99,147,104.0,212.8
2026-05-24T04:28:03,100.0,1606,7941,0,5,99.99,137,103.2,212.8
2026-05-24T04:28:08,99.9,1614,7941,0,5,99.99,122,104.1,212.8
2026-05-24T04:28:14,100.0,1610,7941,0,7,99.99,119,104.0,212.8
2026-05-24T04:28:19,100.0,1614,7941,0,7,99.99,141,103.9,212.8
2026-05-24T04:28:24,99.9,1606,7941,0,5,99.99,137,103.5,212.8
2026-05-24T04:28:30,100.0,1604,7941,0,5,99.99,129,105.7,212.8
2026-05-24T04:28:35,99.9,1605,7941,0,5,99.99,125,106.0,212.8
2026-05-24T04:28:41,99.9,1628,7941,0,5,99.99,118,103.5,212.8
2026-05-24T04:28:46,100.0,1604,7941,1,4,99.99,150,101.2,212.8
2026-05-24T04:28:51,99.9,1616,7941,0,3,99.99,118,104.8,212.8
2026-05-24T04:28:57,100.0,1613,7941,0,5,99.99,144,103.8,212.8
2026-05-24T04:29:02,100.0,1615,7941,0,7,99.99,115,102.8,212.8
2026-05-24T04:29:08,100.0,1609,7941,0,7,99.99,147,103.5,212.8
2026-05-24T04:29:13,100.0,1604,7941,0,5,99.99,115,105.2,212.8
2026-05-24T04:29:18,100.0,1616,7941,0,5,99.99,128,104.5,212.8
2026-05-24T04:29:24,99.9,1610,7941,0,5,99.99,147,103.4,212.8
2026-05-24T04:29:29,100.0,1610,7941,0,5,99.99,132,104.8,212.8
2026-05-24T04:29:34,99.9,1606,7941,0,5,99.99,129,101.8,212.8
2026-05-24T04:29:40,100.0,1607,7941,0,5,99.99,133,103.8,212.8
2026-05-24T04:29:45,99.9,1605,7941,0,4,99.99,118,105.4,212.8
2026-05-24T04:29:51,100.0,1608,7941,1,3,99.99,133,104.4,212.8
2026-05-24T04:29:56,100.0,1606,7941,0,3,99.99,145,103.0,212.8
2026-05-24T04:30:01,99.9,1609,7941,0,4,99.99,139,104.0,212.8
2026-05-24T04:30:07,99.8,1616,7941,0,5,99.99,109,107.5,212.8
2026-05-24T04:30:12,99.9,1614,7941,0,6,99.99,129,103.5,212.8
2026-05-24T04:30:18,99.9,1616,7941,0,7,99.99,127,102.5,212.8
2026-05-24T04:30:23,100.0,1621,7941,0,9,99.99,148,103.5,212.8
2026-05-24T04:30:28,100.0,1618,7941,0,7,99.99,128,103.8,212.8
2026-05-24T04:30:34,100.0,1609,7941,0,5,99.99,146,102.5,212.8
2026-05-24T04:30:39,100.0,1608,7941,0,5,99.99,132,104.6,212.8
2026-05-24T04:30:45,99.9,1610,7941,0,5,99.99,145,103.0,212.8
2026-05-24T04:30:50,100.0,1614,7941,0,5,99.99,124,105.5,212.8
2026-05-24T04:30:55,100.0,1614,7941,0,5,99.99,130,104.3,212.8
2026-05-24T04:31:01,100.0,1619,7941,0,5,99.99,143,104.5,212.8
2026-05-24T04:31:06,100.0,1619,7941,0,5,99.99,133,104.2,212.8
2026-05-24T04:31:11,99.9,1605,7941,0,4,99.99,141,103.8,212.8
2026-05-24T04:31:17,100.0,1606,7941,0,4,99.99,134,102.8,212.8
2026-05-24T04:31:22,99.9,1614,7941,0,4,99.99,134,103.8,212.8
2026-05-24T04:31:27,100.0,1609,7941,0,4,99.99,127,103.5,212.8
2026-05-24T04:31:33,100.0,1612,7941,0,6,99.99,117,104.7,212.8
2026-05-24T04:31:38,100.0,1619,7941,0,8,99.99,151,104.0,212.8
2026-05-24T04:31:44,100.0,1632,7941,0,7,99.99,130,104.1,212.8
2026-05-24T04:31:49,99.9,1614,7941,0,6,99.99,136,102.0,212.8
2026-05-24T04:31:54,99.9,1611,7941,0,6,99.99,147,103.5,212.8
2026-05-24T04:32:00,99.9,1607,7941,1,5,99.99,130,104.1,212.8
2026-05-24T04:32:05,99.9,1615,7941,1,5,99.99,115,102.5,212.8
2026-05-24T04:32:10,99.8,1699,7941,0,5,99.99,117,103.0,212.8
2026-05-24T04:32:16,100.0,1689,7941,0,5,99.99,141,104.3,212.8
2026-05-24T04:32:21,100.0,1697,7941,0,5,99.99,124,104.7,212.8
2026-05-24T04:32:27,100.0,1697,7941,0,5,99.99,150,104.4,212.8
2026-05-24T04:32:32,100.0,1696,7941,0,4,99.99,110,105.6,212.8
2026-05-24T04:32:38,99.9,1696,7941,0,5,99.99,143,102.4,212.8
2026-05-24T04:32:43,100.0,1700,7941,0,6,99.99,133,103.8,212.8
2026-05-24T04:32:48,100.0,1697,7941,0,6,99.99,139,103.5,212.8
2026-05-24T04:32:54,99.9,1694,7941,0,5,99.99,140,104.5,212.8
2026-05-24T04:32:59,99.9,1696,7941,0,5,99.99,115,103.8,212.8
2026-05-24T04:33:04,100.0,1690,7941,0,5,99.99,131,104.1,212.8
2026-05-24T04:33:10,99.9,1694,7941,0,5,99.99,136,102.8,212.8
2026-05-24T04:33:15,99.9,1696,7941,0,6,99.99,137,102.9,212.8
2026-05-24T04:33:20,99.9,1698,7941,0,6,99.99,117,102.3,212.8
2026-05-24T04:33:26,100.0,1691,7941,0,5,99.99,143,102.6,212.8
2026-05-24T04:33:31,100.0,1702,7941,0,5,99.99,128,105.4,212.8
2026-05-24T04:33:37,100.0,1702,7941,0,5,99.99,142,106.5,212.8
2026-05-24T04:33:42,99.9,1697,7941,0,5,99.99,110,102.4,212.8
2026-05-24T04:33:47,100.0,1692,7941,0,5,99.99,139,102.8,212.8
2026-05-24T04:33:53,99.9,1701,7941,0,5,99.99,126,103.8,212.8
2026-05-24T04:33:58,100.0,1693,7941,0,4,99.99,127,103.8,212.8
2026-05-24T04:34:04,100.0,1703,7941,0,5,99.99,129,104.1,212.8
2026-05-24T04:34:09,100.0,1695,7941,0,6,99.99,129,102.5,212.8
2026-05-24T04:34:14,100.0,1694,7941,0,5,99.99,129,102.9,212.8
2026-05-24T04:34:20,100.0,1696,7941,0,6,99.99,135,104.6,212.8
2026-05-24T04:34:25,99.9,1692,7941,0,5,99.99,147,101.5,212.8
2026-05-24T04:34:30,100.0,1708,7941,0,4,99.99,131,105.2,212.8
2026-05-24T04:34:36,100.0,1702,7941,0,4,99.99,129,105.6,212.8
2026-05-24T04:34:41,100.0,1701,7941,0,4,99.99,137,104.0,212.8
2026-05-24T04:34:47,100.0,1700,7941,0,4,99.99,120,104.0,212.8
2026-05-24T04:34:52,100.0,1706,7941,0,6,99.99,124,104.3,212.8
2026-05-24T04:34:57,99.9,1705,7941,0,8,99.99,130,102.0,212.8
2026-05-24T04:35:03,99.6,1699,7941,0,7,99.99,127,103.4,212.8
2026-05-24T04:35:08,99.9,1697,7941,0,7,99.99,123,105.0,212.8
2026-05-24T04:35:13,99.9,1697,7941,0,6,99.99,121,103.2,212.8
2026-05-24T04:35:19,100.0,1692,7941,0,5,99.99,135,104.2,212.8
2026-05-24T04:35:24,100.0,1692,7941,0,5,99.99,123,104.3,212.8
2026-05-24T04:35:30,100.0,1691,7941,0,5,99.99,125,103.4,212.8
2026-05-24T04:35:35,99.9,1699,7941,0,4,99.99,136,103.8,212.8
2026-05-24T04:35:40,99.9,1707,7941,0,5,99.99,134,103.4,212.8
2026-05-24T04:35:46,99.8,1698,7941,0,5,99.99,131,102.6,212.8
2026-05-24T04:35:51,100.0,1697,7941,0,5,99.99,133,103.4,212.8
2026-05-24T04:35:57,99.9,1694,7941,0,5,99.99,127,104.9,212.8
2026-05-24T04:36:02,100.0,1699,7941,0,5,99.99,132,104.0,212.8
2026-05-24T04:36:07,100.0,1702,7941,0,5,99.99,137,106.2,212.8
2026-05-24T04:36:13,99.9,1679,7941,0,6,99.99,124,103.8,212.8
2026-05-24T04:36:18,100.0,1650,7941,0,5,99.99,149,103.0,212.8
2026-05-24T04:36:24,99.9,1655,7941,0,5,99.99,127,104.4,212.8
2026-05-24T04:36:29,100.0,1649,7941,1,4,99.99,141,104.2,212.8
2026-05-24T04:36:34,99.9,1656,7941,0,5,99.99,130,104.6,216.5
2026-05-24T04:36:40,100.0,1670,7941,0,5,99.99,134,105.2,223.9
2026-05-24T04:36:45,100.0,1667,7941,0,4,99.99,130,104.4,224.3
2026-05-24T04:36:51,99.9,1670,7941,0,4,99.99,120,103.6,224.3
2026-05-24T04:36:56,100.0,1657,7941,0,3,99.99,114,102.7,224.3
2026-05-24T04:37:01,99.9,1662,7941,0,4,99.99,159,102.2,224.3
2026-05-24T04:37:07,99.9,1664,7941,0,4,99.99,123,105.4,224.3
2026-05-24T04:37:12,100.0,1670,7941,0,6,99.99,130,104.7,224.3
2026-05-24T04:37:17,100.0,1672,7941,0,8,99.99,118,101.9,224.3
2026-05-24T04:37:23,100.0,1670,7941,0,7,99.99,116,102.9,224.3
2026-05-24T04:37:28,99.9,1676,7941,0,7,99.99,142,104.0,224.3
2026-05-24T04:37:33,99.9,1663,7941,0,5,99.99,153,102.8,224.3
2026-05-24T04:37:39,100.0,1665,7941,0,5,99.99,133,102.8,224.3
2026-05-24T04:37:44,100.0,1674,7941,0,5,99.99,138,103.3,224.3
2026-05-24T04:37:50,100.0,1673,7941,0,5,99.99,127,104.2,230.7
2026-05-24T04:37:55,99.9,1682,7941,0,5,99.99,141,102.5,236.9
2026-05-24T04:38:00,99.9,1691,7941,0,5,99.99,119,102.2,241.1
2026-05-24T04:38:06,100.0,1688,7941,0,5,99.99,149,104.3,241.1
2026-05-24T04:38:11,100.0,1663,7941,0,5,99.99,111,105.3,241.1
2026-05-24T04:38:16,100.0,1653,7941,0,5,99.99,142,103.8,241.2
2026-05-24T04:38:22,99.9,1649,7941,1,4,99.99,142,102.0,241.2
2026-05-24T04:38:27,99.9,1650,7941,0,4,99.99,126,103.8,241.2
2026-05-24T04:38:32,100.0,1643,7941,0,5,99.99,128,104.3,241.2
2026-05-24T04:38:38,99.9,1641,7941,0,6,99.99,142,102.4,241.2
2026-05-24T04:38:43,100.0,1653,7941,0,8,99.99,111,104.8,241.2
2026-05-24T04:38:49,100.0,1641,7941,0,6,99.99,153,104.0,241.2
2026-05-24T04:38:54,100.0,1639,7941,0,5,99.99,132,105.2,241.2
2026-05-24T04:39:00,100.0,1654,7941,0,5,99.99,123,105.7,241.2
2026-05-24T04:39:05,99.9,1642,7941,0,5,99.99,119,102.0,241.2
2026-05-24T04:39:10,99.9,1641,7941,0,4,99.99,115,103.2,241.2
2026-05-24T04:39:16,99.9,1647,7941,0,7,99.99,131,103.8,241.2
2026-05-24T04:39:21,99.8,1648,7941,0,7,99.99,150,103.6,241.2
2026-05-24T04:39:26,99.9,1641,7941,1,6,99.99,135,104.6,241.2
2026-05-24T04:39:32,100.0,1641,7941,0,5,99.99,134,105.7,241.2
2026-05-24T04:39:37,99.9,1645,7941,0,5,99.99,125,104.7,241.2
2026-05-24T04:39:43,100.0,1656,7941,0,5,99.99,122,103.6,241.2
2026-05-24T04:39:48,100.0,1645,7941,0,5,99.99,148,103.3,241.2
2026-05-24T04:39:53,99.9,1641,7941,0,4,99.99,115,101.2,241.2
2026-05-24T04:39:59,100.0,1638,7941,0,4,99.99,166,102.8,241.2
2026-05-24T04:40:04,99.7,1643,7941,0,4,99.99,110,102.4,241.2
2026-05-24T04:40:09,99.7,1642,7941,0,5,99.99,116,101.3,241.2
2026-05-24T04:40:15,100.0,1641,7941,0,6,99.99,137,103.6,241.2
2026-05-24T04:40:20,99.9,1654,7941,0,8,99.99,133,104.1,241.2
2026-05-24T04:40:26,100.0,1643,7941,0,8,99.99,118,103.4,241.2
2026-05-24T04:40:31,100.0,1639,7941,0,7,99.99,159,103.7,241.2
2026-05-24T04:40:36,100.0,1637,7941,0,5,99.99,127,104.8,241.2
2026-05-24T04:40:42,100.0,1645,7941,0,5,99.99,141,104.1,241.2
2026-05-24T04:40:47,99.9,1643,7941,0,5,99.99,110,101.6,241.2
2026-05-24T04:40:52,100.0,1639,7941,0,5,99.99,129,102.8,241.2
2026-05-24T04:40:58,100.0,1637,7941,0,5,99.99,134,103.6,241.2
2026-05-24T04:41:03,99.9,1636,7941,0,5,99.99,134,104.5,241.2
2026-05-24T04:41:09,100.0,1640,7941,0,5,99.99,118,106.0,241.2
2026-05-24T04:41:14,100.0,1644,7941,0,5,99.99,144,102.0,241.2
2026-05-24T04:41:19,99.9,1651,7941,1,4,99.99,119,103.9,241.2
2026-05-24T04:41:25,100.0,1638,7941,0,4,99.99,148,104.2,241.2
2026-05-24T04:41:30,100.0,1641,7941,0,6,99.99,120,101.8,241.2
2026-05-24T04:41:36,100.0,1645,7941,0,6,99.99,126,105.3,241.2
2026-05-24T04:41:41,100.0,1643,7941,0,5,99.99,140,104.7,241.2
2026-05-24T04:41:46,99.9,1642,7941,0,6,99.99,132,102.4,241.2
2026-05-24T04:41:52,100.0,1643,7941,0,5,99.99,152,104.4,241.2
2026-05-24T04:41:57,100.0,1644,7941,0,5,99.99,123,102.5,241.2
2026-05-24T04:42:02,100.0,1649,7941,0,5,99.99,152,102.5,241.2
2026-05-24T04:42:08,100.0,1644,7941,0,5,99.99,126,104.5,241.2
2026-05-24T04:42:13,99.9,1643,7941,0,5,99.99,132,104.0,241.2
2026-05-24T04:42:18,99.9,1641,7941,0,5,99.99,135,102.2,241.2
2026-05-24T04:42:24,99.9,1636,7941,0,4,99.99,135,101.8,241.2
2026-05-24T04:42:29,99.8,1636,7941,1,3,99.99,133,101.4,241.2
2026-05-24T04:42:34,100.0,1640,7941,0,4,99.99,130,102.7,241.2
2026-05-24T04:42:39,100.0,1646,7941,0,6,99.99,133,104.0,241.2
2026-05-24T04:42:45,100.0,1657,7941,0,8,99.99,139,104.7,241.2
2026-05-24T04:42:50,100.0,1641,7941,0,8,99.99,124,104.0,241.2
2026-05-24T04:42:56,100.0,1643,7941,0,7,99.99,152,104.3,241.2
2026-05-24T04:43:01,100.0,1635,7941,0,4,99.99,124,104.2,241.2
2026-05-24T04:43:06,99.9,1633,7941,0,4,99.99,136,103.6,241.2
2026-05-24T04:43:12,99.9,1639,7941,0,4,99.99,118,102.8,241.2
2026-05-24T04:43:17,100.0,1649,7941,0,5,99.99,129,104.2,241.2
2026-05-24T04:43:22,100.0,1660,7941,0,7,99.99,127,105.1,241.2
2026-05-24T04:43:28,100.0,1648,7941,0,8,99.99,132,104.5,241.2
2026-05-24T04:43:33,100.0,1645,7941,0,8,99.99,136,103.8,241.2
2026-05-24T04:43:39,99.9,1636,7941,1,6,99.99,126,102.2,241.2
2026-05-24T04:43:44,99.9,1646,7941,0,5,99.99,128,102.2,241.2
2026-05-24T04:43:49,100.0,1640,7941,0,4,99.99,145,104.2,241.2
2026-05-24T04:43:55,100.0,1639,7941,0,4,99.99,118,103.6,241.2
2026-05-24T04:44:00,100.0,1644,7941,0,4,99.99,126,104.0,241.2
2026-05-24T04:44:05,100.0,1639,7941,0,4,99.99,139,103.6,241.2
2026-05-24T04:44:11,99.9,1646,7941,0,5,99.99,116,103.2,241.2
2026-05-24T04:44:16,99.9,1651,7941,0,7,99.99,143,104.5,241.2
2026-05-24T04:44:22,99.9,1644,7941,2,7,99.99,122,103.8,241.2
2026-05-24T04:44:27,100.0,1645,7941,0,8,99.99,139,103.5,241.2
2026-05-24T04:44:32,99.9,1637,7941,0,6,99.99,133,103.4,241.2
2026-05-24T04:44:38,99.9,1640,7941,0,6,99.99,138,103.5,241.2
2026-05-24T04:44:43,100.0,1645,7941,0,5,99.99,140,104.4,241.2
2026-05-24T04:44:48,100.0,1640,7941,0,5,99.99,124,104.6,241.2
2026-05-24T04:44:54,100.0,1643,7941,0,5,99.99,168,104.7,241.2
2026-05-24T04:44:59,100.0,1643,7941,0,5,99.99,115,103.9,241.2
2026-05-24T04:45:05,99.9,1635,7941,0,5,99.99,110,101.6,241.2
2026-05-24T04:45:10,99.9,1638,7941,0,4,99.99,106,105.7,241.2
2026-05-24T04:45:16,99.9,1638,7941,0,4,99.99,129,104.5,241.2
2026-05-24T04:45:21,99.9,1646,7941,1,3,99.99,130,102.7,241.2
2026-05-24T04:45:26,100.0,1643,7941,0,5,99.99,129,104.0,241.2
2026-05-24T04:45:32,100.0,1652,7941,1,5,99.99,135,104.7,241.2
2026-05-24T04:45:37,100.0,1641,7941,1,7,99.99,125,101.9,241.2
2026-05-24T04:45:42,100.0,1642,7941,0,8,99.99,133,102.2,241.2
2026-05-24T04:45:48,100.0,1638,7941,0,5,99.99,151,102.8,241.2
2026-05-24T04:45:53,99.9,1646,7941,0,4,99.99,136,103.1,241.2
2026-05-24T04:45:58,100.0,1642,7941,0,4,99.99,136,104.5,241.2
2026-05-24T04:46:04,99.9,1641,7941,0,5,99.99,113,104.4,241.4
2026-05-24T04:46:09,100.0,1642,7941,0,5,99.99,150,104.5,241.4
2026-05-24T04:46:14,100.0,1643,7941,0,4,99.99,107,102.2,241.4
2026-05-24T04:46:20,99.9,1640,7941,0,3,99.99,141,103.4,241.4
2026-05-24T04:46:25,100.0,1639,7941,0,5,99.99,133,104.5,241.4
2026-05-24T04:46:31,100.0,1650,7941,0,5,99.99,134,103.8,241.4
2026-05-24T04:46:36,100.0,1648,7941,0,6,99.99,118,103.7,241.4
2026-05-24T04:46:41,99.9,1634,7941,1,4,99.99,137,102.5,241.4
2026-05-24T04:46:47,99.9,1639,7941,0,5,99.99,126,102.8,241.4
2026-05-24T04:46:52,99.9,1634,7941,0,5,99.99,114,103.0,241.4
2026-05-24T04:46:57,99.8,1635,7941,1,4,99.99,154,101.4,241.4
2026-05-24T04:47:02,99.9,1634,7941,0,5,99.99,119,102.4,241.4
2026-05-24T04:47:08,100.0,1633,7941,0,4,99.99,132,105.4,241.4
2026-05-24T04:47:13,99.9,1641,7941,0,4,99.99,126,102.7,241.4
2026-05-24T04:47:19,100.0,1641,7941,0,4,99.99,126,103.5,241.4
2026-05-24T04:47:24,100.0,1651,7941,0,5,99.99,149,103.6,241.4
2026-05-24T04:47:29,100.0,1653,7941,0,7,99.99,96,103.2,241.4
2026-05-24T04:47:35,99.9,1654,7941,1,7,99.99,127,102.0,241.4
2026-05-24T04:47:40,99.9,1656,7941,0,6,99.99,160,101.8,241.4
2026-05-24T04:47:45,100.0,1649,7941,0,5,99.99,121,106.2,241.4
2026-05-24T04:47:51,100.0,1648,7941,0,5,99.99,134,102.7,241.4
2026-05-24T04:47:56,99.9,1644,7941,0,5,99.99,127,105.5,241.4
2026-05-24T04:48:02,100.0,1639,7941,0,5,99.99,152,103.8,241.4
2026-05-24T04:48:07,99.9,1641,7941,0,4,99.99,133,105.0,241.4
2026-05-24T04:48:12,100.0,1651,7941,0,5,99.99,110,105.7,241.4
2026-05-24T04:48:18,100.0,1645,7941,0,5,99.99,146,103.0,241.4
2026-05-24T04:48:23,99.9,1651,7941,0,5,99.99,126,103.7,241.4
2026-05-24T04:48:29,99.8,1654,7941,0,5,99.99,139,102.6,241.4
2026-05-24T04:48:34,100.0,1651,7941,0,5,99.99,141,102.6,241.4
2026-05-24T04:48:39,99.8,1656,7941,0,8,99.99,125,102.3,241.4
2026-05-24T04:48:45,100.0,1642,7941,0,7,99.99,138,104.5,241.4
2026-05-24T04:48:50,99.9,1639,7941,1,4,99.99,138,103.0,241.4
2026-05-24T04:48:55,100.0,1651,7941,0,5,99.99,120,105.0,241.4
2026-05-24T04:49:01,99.9,1650,7941,0,3,99.99,138,103.2,241.4
2026-05-24T04:49:06,99.9,1647,7941,0,5,99.99,120,102.2,241.4
2026-05-24T04:49:11,99.8,1655,7941,0,5,99.99,118,104.0,241.4
2026-05-24T04:49:17,100.0,1647,7941,0,5,99.99,151,104.0,241.4
2026-05-24T04:49:22,100.0,1642,7941,0,6,99.99,106,105.4,241.4
2026-05-24T04:49:28,99.8,1639,7941,0,5,99.99,154,101.8,241.4
2026-05-24T04:49:33,99.9,1647,7941,0,5,99.99,138,105.0,241.4
2026-05-24T04:49:38,100.0,1638,7941,0,4,99.99,115,104.4,241.4
2026-05-24T04:49:44,99.9,1639,7941,0,4,99.99,131,102.8,241.4
2026-05-24T04:49:49,100.0,1650,7941,0,4,99.99,140,103.8,241.4
2026-05-24T04:49:54,100.0,1646,7941,0,4,99.99,148,103.1,241.4
2026-05-24T04:50:00,100.0,1656,7941,0,5,99.99,122,105.2,241.4
2026-05-24T04:50:05,99.8,1655,7941,0,7,99.99,104,102.0,241.4
2026-05-24T04:50:11,100.0,1652,7941,0,9,99.99,104,105.2,241.4
2026-05-24T04:50:16,100.0,1644,7941,0,8,99.99,123,103.2,241.4
2026-05-24T04:50:21,99.9,1639,7941,0,5,99.99,150,102.8,241.4
2026-05-24T04:50:27,100.0,1638,7941,0,4,99.99,146,104.6,241.4
2026-05-24T04:50:32,100.0,1642,7941,0,4,99.99,120,104.7,241.4
2026-05-24T04:50:38,99.9,1640,7941,0,4,99.99,126,104.1,241.4
2026-05-24T04:50:43,99.9,1642,7941,0,5,99.99,135,102.5,241.4
2026-05-24T04:50:48,100.0,1650,7941,0,6,99.99,118,103.9,241.4
2026-05-24T04:50:54,100.0,1650,7941,0,9,99.99,132,104.6,241.4
2026-05-24T04:50:59,100.0,1650,7941,0,7,99.99,154,103.8,241.4
2026-05-24T04:51:04,100.0,1635,7941,0,6,99.99,135,101.3,241.4
2026-05-24T04:51:10,100.0,1634,7941,0,5,99.99,119,105.4,241.4
2026-05-24T04:51:15,99.9,1637,7941,0,5,99.99,150,102.5,241.4
2026-05-24T04:51:21,100.0,1649,7941,0,5,99.99,123,104.6,241.4
2026-05-24T04:51:26,100.0,1641,7941,1,4,99.99,139,103.4,241.4
2026-05-24T04:51:31,99.9,1637,7941,0,6,99.99,129,103.2,241.4
2026-05-24T04:51:37,100.0,1635,7941,0,5,99.99,143,103.6,241.4
2026-05-24T04:51:42,99.9,1656,7941,0,5,99.99,124,102.6,241.4
2026-05-24T04:51:47,100.0,1644,7941,0,6,99.99,132,104.2,241.4
2026-05-24T04:51:53,100.0,1643,7941,0,6,99.99,143,103.6,241.4
2026-05-24T04:51:58,99.9,1635,7941,0,5,99.99,132,103.1,241.4
2026-05-24T04:52:03,100.0,1641,7941,0,4,99.99,133,104.0,241.4
2026-05-24T04:52:09,99.9,1642,7941,0,4,99.99,130,104.6,241.4
2026-05-24T04:52:14,100.0,1635,7941,0,4,99.99,125,104.8,241.4
2026-05-24T04:52:20,100.0,1639,7941,0,4,99.99,128,104.1,241.4
2026-05-24T04:52:25,100.0,1643,7941,0,5,99.99,147,103.3,241.4
2026-05-24T04:52:30,100.0,1641,7941,0,6,99.99,130,105.2,241.4
2026-05-24T04:52:36,99.9,1644,7941,0,7,99.99,125,105.0,241.4
2026-05-24T04:52:41,100.0,1648,7941,0,7,99.99,138,104.2,241.4
2026-05-24T04:52:47,99.9,1647,7941,0,7,99.99,130,102.8,241.4
2026-05-24T04:52:52,99.9,1635,7941,0,5,99.99,126,103.5,241.4
2026-05-24T04:52:57,100.0,1634,7941,0,4,99.99,145,103.8,241.4
2026-05-24T04:53:03,99.9,1636,7941,0,4,99.99,124,102.8,241.4
2026-05-24T04:53:08,100.0,1639,7941,0,4,99.99,133,103.0,241.4
2026-05-24T04:53:13,99.9,1644,7941,0,4,99.99,143,104.6,241.4
2026-05-24T04:53:19,100.0,1641,7941,0,5,99.99,137,101.6,241.4
2026-05-24T04:53:24,100.0,1640,7941,0,7,99.99,140,102.8,241.4
2026-05-24T04:53:29,100.0,1635,7941,0,5,99.99,126,105.7,241.4
2026-05-24T04:53:35,100.0,1642,7941,0,4,99.99,140,103.2,241.4
2026-05-24T04:53:40,100.0,1644,7941,0,4,99.99,147,105.5,241.4
2026-05-24T04:53:46,100.0,1638,7941,1,3,99.99,130,102.8,241.4
2026-05-24T04:53:51,99.9,1639,7941,0,4,99.99,135,104.4,241.4
2026-05-24T04:53:56,100.0,1635,7941,0,4,99.99,146,104.9,241.4
2026-05-24T04:54:02,100.0,1642,7941,0,5,99.99,125,104.2,241.4
2026-05-24T04:54:07,100.0,1640,7941,0,5,99.99,144,102.6,241.4
2026-05-24T04:54:12,100.0,1644,7941,0,6,99.99,128,102.0,241.4
2026-05-24T04:54:18,100.0,1645,7941,0,6,99.99,128,105.2,241.4
2026-05-24T04:54:23,99.9,1641,7941,0,7,99.99,110,103.6,241.4
2026-05-24T04:54:28,100.0,1642,7941,0,5,99.99,144,102.9,241.4
2026-05-24T04:54:34,99.9,1644,7941,0,5,99.99,144,102.8,241.4
2026-05-24T04:54:39,99.9,1643,7941,0,5,99.99,132,102.0,241.4
2026-05-24T04:54:44,100.0,1643,7941,0,5,99.99,123,103.4,241.4
2026-05-24T04:54:50,100.0,1638,7941,0,5,99.99,133,103.6,241.4
2026-05-24T04:54:55,100.0,1640,7941,0,6,99.99,139,103.8,241.4
2026-05-24T04:55:01,100.0,1647,7941,0,6,99.99,133,104.9,241.4
2026-05-24T04:55:06,99.9,1649,7941,0,6,99.99,105,105.3,241.4
2026-05-24T04:55:11,99.9,1636,7941,0,6,99.99,115,103.5,241.4
2026-05-24T04:55:17,99.9,1634,7941,0,5,99.99,122,102.2,241.4
2026-05-24T04:55:22,99.9,1638,7941,0,5,99.99,125,102.9,241.4
2026-05-24T04:55:28,99.8,1640,7941,0,5,99.99,158,104.2,241.4
2026-05-24T04:55:33,100.0,1644,7941,0,4,99.99,128,104.5,241.4
2026-05-24T04:55:38,99.8,1637,7941,0,4,99.99,135,102.9,241.4
2026-05-24T04:55:44,99.9,1654,7941,0,4,99.99,129,101.2,241.4
2026-05-24T04:55:49,100.0,1639,7941,0,4,99.99,124,106.0,241.4
2026-05-24T04:55:55,99.9,1647,7941,0,5,99.99,129,104.0,241.4
2026-05-24T04:56:00,99.9,1644,7941,0,6,99.99,141,102.0,241.4
2026-05-24T04:56:05,100.0,1648,7941,0,7,99.99,143,104.9,241.4
2026-05-24T04:56:11,100.0,1640,7941,0,7,99.99,121,104.2,241.4
2026-05-24T04:56:16,99.9,1638,7941,0,6,99.99,121,101.3,241.4
2026-05-24T04:56:21,100.0,1644,7941,0,5,99.99,141,104.7,241.4
2026-05-24T04:56:27,100.0,1636,7941,0,5,99.99,120,104.1,241.4
2026-05-24T04:56:32,100.0,1635,7941,0,5,99.99,142,102.3,241.4
2026-05-24T04:56:37,100.0,1636,7941,0,5,99.99,131,103.6,241.4
2026-05-24T04:56:43,99.9,1641,7941,0,5,99.99,143,102.0,241.4
2026-05-24T04:56:48,100.0,1640,7941,0,5,99.99,127,104.8,241.4
2026-05-24T04:56:54,100.0,1645,7941,0,5,99.99,141,105.0,241.4
2026-05-24T04:56:59,100.0,1642,7941,1,4,99.99,113,103.7,241.4
2026-05-24T04:57:04,99.9,1637,7941,0,5,99.99,135,102.2,241.4
2026-05-24T04:57:10,100.0,1644,7941,0,5,99.99,126,103.2,241.4
2026-05-24T04:57:15,99.9,1645,7941,0,5,99.99,119,105.1,241.4
2026-05-24T04:57:20,100.0,1645,7941,0,5,99.99,143,103.5,241.4
2026-05-24T04:57:26,99.9,1642,7941,0,6,99.99,135,102.1,241.4
2026-05-24T04:57:31,99.8,1646,7941,0,7,99.99,117,103.1,241.4
2026-05-24T04:57:36,100.0,1639,7941,0,5,99.99,141,103.2,241.4
2026-05-24T04:57:42,100.0,1650,7941,0,5,99.99,125,103.8,241.4
2026-05-24T04:57:47,100.0,1637,7941,0,5,99.99,134,105.2,241.4
2026-05-24T04:57:53,100.0,1640,7941,0,5,99.99,131,103.8,241.4
2026-05-24T04:57:58,99.9,1643,7941,0,4,99.99,135,103.6,241.4
2026-05-24T04:58:03,99.9,1642,7941,0,5,99.99,114,102.0,241.4
2026-05-24T04:58:09,100.0,1645,7941,0,5,99.99,131,105.3,241.4
2026-05-24T04:58:14,100.0,1641,7941,0,4,99.99,133,103.6,241.4
2026-05-24T04:58:20,100.0,1641,7941,0,4,99.99,147,105.2,241.4
2026-05-24T04:58:25,99.8,1640,7941,0,4,99.99,123,103.0,241.4
2026-05-24T04:58:30,99.9,1642,7941,0,5,99.99,126,101.6,241.4
2026-05-24T04:58:36,99.9,1648,7941,1,5,99.99,119,103.0,241.4
2026-05-24T04:58:41,99.9,1658,7941,0,8,99.99,138,104.0,241.4
2026-05-24T04:58:47,100.0,1652,7941,0,9,99.99,137,106.0,241.4
2026-05-24T04:58:52,100.0,1643,7941,0,6,99.99,128,105.1,241.4
2026-05-24T04:58:57,99.8,1638,7941,0,5,99.99,131,103.6,241.4
2026-05-24T04:59:03,100.0,1643,7941,0,5,99.99,148,105.6,241.4
2026-05-24T04:59:08,99.9,1645,7941,0,5,99.99,130,104.8,241.4
2026-05-24T04:59:14,100.0,1645,7941,1,5,99.99,114,104.0,241.4
2026-05-24T04:59:19,100.0,1644,7941,0,5,99.99,137,103.8,241.4
2026-05-24T04:59:25,99.9,1642,7941,0,5,99.99,136,105.7,241.4
2026-05-24T04:59:30,99.9,1644,7941,0,5,99.99,117,103.8,241.4
2026-05-24T04:59:35,99.9,1637,7941,0,5,99.99,142,103.0,241.4
2026-05-24T04:59:41,99.9,1645,7941,0,5,99.99,128,104.1,241.4
2026-05-24T04:59:46,99.9,1643,7941,0,5,99.99,145,102.8,241.4
2026-05-24T04:59:51,99.9,1645,7941,0,5,99.99,130,104.4,241.4
2026-05-24T04:59:57,99.8,1647,7941,0,5,99.99,134,103.0,241.4
2026-05-24T05:00:02,99.9,1643,7941,0,4,99.99,130,104.7,241.4
2026-05-24T05:00:08,99.6,1707,7941,0,5,99.99,113,107.0,241.4
2026-05-24T05:00:14,99.9,1695,7941,0,5,99.99,108,105.9,241.4
2026-05-24T05:00:19,100.0,1693,7941,0,5,99.99,139,102.8,241.4
2026-05-24T05:00:24,100.0,1697,7941,0,8,99.99,117,105.2,241.4
2026-05-24T05:00:30,100.0,1695,7941,0,9,99.99,145,102.0,241.4
2026-05-24T05:00:35,100.0,1692,7941,0,7,99.99,141,103.5,241.4
2026-05-24T05:00:40,99.9,1699,7941,0,6,99.99,141,101.1,241.4
2026-05-24T05:00:46,100.0,1684,7941,0,4,99.99,130,102.8,241.4
2026-05-24T05:00:51,99.9,1694,7941,0,4,99.99,135,104.6,241.4
2026-05-24T05:00:57,100.0,1694,7941,0,4,99.99,125,105.0,241.4
2026-05-24T05:01:02,100.0,1697,7941,0,5,99.99,122,105.2,241.4
2026-05-24T05:01:07,100.0,1695,7941,0,6,99.99,122,104.0,241.4
2026-05-24T05:01:13,99.9,1703,7941,0,7,99.99,131,105.2,241.4
2026-05-24T05:01:18,100.0,1682,7941,0,5,99.99,144,104.8,241.4
2026-05-24T05:01:24,100.0,1699,7941,0,5,99.99,127,104.8,241.4
2026-05-24T05:01:29,99.9,1688,7941,0,5,99.99,136,102.2,241.4
2026-05-24T05:01:35,99.9,1685,7941,0,5,99.99,127,105.6,241.4
2026-05-24T05:01:40,99.9,1693,7941,0,5,99.99,120,104.7,241.4
2026-05-24T05:01:45,99.9,1687,7941,0,5,99.99,128,104.2,241.4
2026-05-24T05:01:51,100.0,1688,7941,1,3,99.99,132,105.3,241.4
2026-05-24T05:01:56,99.9,1681,7941,0,4,99.99,132,103.8,241.4
2026-05-24T05:02:02,100.0,1684,7941,0,4,99.99,144,103.6,241.4
2026-05-24T05:02:07,100.0,1667,7941,0,4,99.99,119,104.4,241.4
2026-05-24T05:02:13,99.9,1665,7941,0,5,99.99,109,103.9,241.4
2026-05-24T05:02:18,99.9,1663,7941,0,7,99.99,134,103.3,241.4
2026-05-24T05:02:23,100.0,1666,7941,0,9,99.99,125,105.0,241.4
2026-05-24T05:02:29,100.0,1659,7941,0,8,99.99,142,103.6,241.4
2026-05-24T05:02:34,100.0,1656,7941,0,6,99.99,144,102.1,241.4
2026-05-24T05:02:39,100.0,1662,7941,0,5,99.99,135,104.2,241.4
2026-05-24T05:02:45,100.0,1662,7941,0,5,99.99,138,103.5,241.4
2026-05-24T05:02:50,100.0,1653,7941,0,4,99.99,141,104.4,241.4
2026-05-24T05:02:55,100.0,1652,7941,0,4,99.99,135,103.0,241.4
2026-05-24T05:03:01,100.0,1666,7941,0,5,99.99,130,103.8,241.4
2026-05-24T05:03:06,99.9,1664,7941,0,5,99.99,139,103.5,241.4
2026-05-24T05:03:12,99.9,1668,7941,0,5,99.99,129,103.3,241.4
2026-05-24T05:03:17,100.0,1660,7941,0,6,99.99,134,104.4,241.4
2026-05-24T05:03:22,100.0,1662,7941,0,7,99.99,132,104.0,241.4
2026-05-24T05:03:28,100.0,1655,7941,0,5,99.99,123,103.5,241.4
2026-05-24T05:03:33,100.0,1659,7941,0,6,99.99,133,103.1,241.4
2026-05-24T05:03:38,99.9,1662,7941,0,6,99.99,127,103.5,241.4
2026-05-24T05:03:44,100.0,1675,7941,0,5,99.99,150,104.5,241.4
2026-05-24T05:03:49,100.0,1665,7941,0,5,99.99,133,103.6,241.4
2026-05-24T05:03:54,100.0,1661,7941,0,5,99.99,150,103.0,241.4
2026-05-24T05:04:00,100.0,1664,7941,0,5,99.99,122,104.0,241.4
2026-05-24T05:04:05,100.0,1658,7941,1,5,99.99,121,102.0,241.4
2026-05-24T05:04:10,100.0,1649,7941,1,4,99.99,142,105.4,241.4
2026-05-24T05:04:16,100.0,1642,7941,0,5,99.99,148,102.6,241.4
2026-05-24T05:04:21,100.0,1655,7941,0,6,99.99,118,105.0,241.4
2026-05-24T05:04:27,99.9,1646,7941,0,7,99.99,122,102.0,241.4
2026-05-24T05:04:32,100.0,1639,7941,0,5,99.99,144,102.1,241.4
2026-05-24T05:04:37,100.0,1644,7941,1,5,99.99,115,103.6,241.4
2026-05-24T05:04:42,100.0,1643,7941,0,5,99.99,161,102.7,241.4
2026-05-24T05:04:48,99.8,1637,7941,0,5,99.99,130,103.2,241.4
2026-05-24T05:04:53,100.0,1637,7941,0,5,99.99,119,102.7,241.4
2026-05-24T05:04:58,99.9,1637,7941,0,5,99.99,141,103.3,241.4
2026-05-24T05:05:04,99.9,1642,7941,0,5,99.99,122,103.0,241.4
2026-05-24T05:05:09,99.8,1642,7941,1,4,99.99,131,105.2,241.4
2026-05-24T05:05:15,100.0,1641,7941,0,4,99.99,144,105.4,241.4
2026-05-24T05:05:20,99.9,1641,7941,0,5,99.99,117,102.9,241.4
2026-05-24T05:05:25,100.0,1647,7941,0,6,99.99,124,104.4,241.4
2026-05-24T05:05:31,100.0,1636,7941,0,5,99.99,126,104.0,241.4
2026-05-24T05:05:36,100.0,1642,7941,0,4,99.99,158,103.4,241.4
2026-05-24T05:05:42,99.9,1654,7941,0,4,99.99,126,102.4,241.4
2026-05-24T05:05:47,100.0,1649,7941,0,4,99.99,130,103.1,241.4
2026-05-24T05:05:52,100.0,1654,7941,0,3,99.99,141,103.6,241.4
2026-05-24T05:05:58,100.0,1641,7941,0,4,99.99,125,103.1,241.4
2026-05-24T05:06:03,100.0,1647,7941,0,6,99.99,125,104.1,241.4
2026-05-24T05:06:08,100.0,1645,7941,0,6,99.99,134,103.2,241.4
2026-05-24T05:06:14,100.0,1648,7941,0,7,99.99,112,105.1,241.4
2026-05-24T05:06:19,100.0,1647,7941,0,8,99.99,144,104.2,241.4
2026-05-24T05:06:25,100.0,1646,7941,0,6,99.99,141,104.5,241.4
2026-05-24T05:06:30,100.0,1642,7941,0,6,99.99,142,103.2,241.4
2026-05-24T05:06:35,100.0,1638,7941,0,5,99.99,146,102.0,241.4
2026-05-24T05:06:41,99.9,1650,7941,0,5,99.99,115,104.9,241.4
2026-05-24T05:06:46,100.0,1643,7941,0,5,99.99,139,104.8,241.4
2026-05-24T05:06:52,100.0,1638,7941,0,5,99.99,116,105.0,241.4
2026-05-24T05:06:57,100.0,1645,7941,0,5,99.99,141,103.6,241.4
2026-05-24T05:07:02,99.9,1648,7941,0,5,99.99,118,103.8,241.4
2026-05-24T05:07:08,99.9,1647,7941,0,5,99.99,149,103.6,241.4
2026-05-24T05:07:13,100.0,1655,7941,0,5,99.99,119,106.0,241.4
2026-05-24T05:07:19,100.0,1649,7941,0,5,99.99,137,104.2,241.4
2026-05-24T05:07:24,100.0,1650,7941,0,5,99.99,138,101.8,241.4
2026-05-24T05:07:29,100.0,1647,7941,0,5,99.99,116,102.4,241.4
2026-05-24T05:07:34,100.0,1648,7941,0,5,99.99,142,104.5,241.4
2026-05-24T05:07:40,100.0,1640,7941,0,5,99.99,131,104.8,241.4
2026-05-24T05:07:45,100.0,1641,7941,0,4,99.99,130,101.5,241.4
2026-05-24T05:07:50,99.8,1636,7941,0,4,99.99,137,102.8,241.4
2026-05-24T05:07:56,99.9,1639,7941,0,4,99.99,135,104.4,241.4
2026-05-24T05:08:01,100.0,1648,7941,0,4,99.99,114,105.0,241.4
2026-05-24T05:08:07,100.0,1651,7941,0,6,99.99,132,103.5,241.4
2026-05-24T05:08:12,100.0,1648,7941,0,6,99.99,124,105.0,241.4
2026-05-24T05:08:17,99.9,1642,7941,0,6,99.99,134,102.7,241.4
2026-05-24T05:08:23,100.0,1649,7941,0,7,99.99,120,104.6,241.4
2026-05-24T05:08:28,100.0,1646,7941,0,6,99.99,143,102.9,241.4
2026-05-24T05:08:33,100.0,1646,7941,0,6,99.99,131,102.7,241.4
2026-05-24T05:08:39,100.0,1644,7941,0,6,99.99,145,101.7,241.4
2026-05-24T05:08:44,100.0,1642,7941,0,6,99.99,143,103.5,241.4
2026-05-24T05:08:50,99.9,1647,7941,0,7,99.99,110,104.8,241.4
2026-05-24T05:08:55,100.0,1647,7941,0,6,99.99,146,103.6,241.4
2026-05-24T05:09:00,100.0,1642,7941,0,5,99.99,135,103.8,241.4
2026-05-24T05:09:06,99.7,1639,7941,0,5,99.99,97,102.5,241.4
2026-05-24T05:09:11,99.9,1649,7941,0,5,99.99,105,103.6,241.4
2026-05-24T05:09:17,100.0,1648,7941,1,3,99.99,145,102.8,241.4
2026-05-24T05:09:22,99.9,1644,7941,0,5,99.99,111,102.6,241.4
2026-05-24T05:09:27,100.0,1649,7941,0,7,99.99,119,101.3,241.4
2026-05-24T05:09:32,100.0,1656,7941,0,7,99.99,139,102.6,241.4
2026-05-24T05:09:38,99.9,1645,7941,0,7,99.99,153,102.9,241.4
2026-05-24T05:09:43,99.9,1645,7941,0,6,99.99,121,102.5,241.4
2026-05-24T05:09:48,99.9,1638,7941,0,4,99.99,147,101.8,241.4
2026-05-24T05:09:54,100.0,1643,7941,1,3,99.99,145,102.6,241.4
2026-05-24T05:09:59,100.0,1645,7941,0,4,99.99,125,103.0,241.4
2026-05-24T05:10:05,99.8,1647,7941,0,5,99.99,105,101.6,241.8
2026-05-24T05:10:10,99.7,1649,7941,0,7,99.99,112,104.3,241.8
2026-05-24T05:10:16,99.9,1649,7941,1,6,99.99,121,102.0,241.8
2026-05-24T05:10:21,100.0,1645,7941,0,7,99.99,104,103.2,241.8
2026-05-24T05:10:26,99.9,1645,7941,0,7,99.99,146,101.0,241.8
2026-05-24T05:10:32,100.0,1641,7941,0,4,99.99,139,104.2,241.8
2026-05-24T05:10:37,100.0,1640,7941,0,5,99.99,136,103.5,241.8
2026-05-24T05:10:42,99.8,1645,7941,0,5,99.99,136,101.4,241.8
2026-05-24T05:10:48,100.0,1640,7941,0,5,99.99,144,103.4,241.8
2026-05-24T05:10:53,99.9,1643,7941,0,6,99.99,127,103.2,241.8
2026-05-24T05:10:58,100.0,1640,7941,2,3,99.99,131,102.8,241.8
2026-05-24T05:11:04,99.9,1639,7941,0,4,99.99,153,104.4,241.8
2026-05-24T05:11:09,99.9,1642,7941,0,5,99.99,117,103.9,241.8
2026-05-24T05:11:15,100.0,1640,7941,0,5,99.99,148,104.2,241.8
2026-05-24T05:11:20,100.0,1657,7941,0,4,99.99,136,105.2,241.8
2026-05-24T05:11:26,100.0,1653,7941,0,5,99.99,129,104.7,241.8
2026-05-24T05:11:31,100.0,1643,7941,0,5,99.99,137,103.6,241.8
2026-05-24T05:11:36,99.9,1647,7941,0,7,99.99,120,102.2,241.8
2026-05-24T05:11:42,100.0,1648,7941,0,7,99.99,129,104.3,241.8
2026-05-24T05:11:47,99.9,1648,7941,0,6,99.99,140,103.4,241.8
2026-05-24T05:11:52,99.9,1645,7941,0,4,99.99,120,102.8,241.8
2026-05-24T05:11:58,99.9,1640,7941,0,5,99.99,146,103.4,241.8
2026-05-24T05:12:03,99.9,1651,7941,0,5,99.99,133,104.0,241.8
2026-05-24T05:12:09,100.0,1647,7941,0,5,99.99,117,105.7,241.8
2026-05-24T05:12:14,99.9,1652,7941,0,5,99.99,135,102.0,241.8
2026-05-24T05:12:19,100.0,1653,7941,0,5,99.99,129,103.6,241.8
2026-05-24T05:12:25,100.0,1649,7941,0,5,99.99,138,104.4,241.8
2026-05-24T05:12:30,99.9,1646,7941,0,5,99.99,122,104.5,241.8
2026-05-24T05:12:35,99.9,1639,7941,1,3,99.99,145,103.4,241.8
2026-05-24T05:12:41,99.9,1650,7941,0,3,99.99,135,103.9,241.8
2026-05-24T05:12:46,99.9,1648,7941,0,4,99.99,117,105.3,241.8
2026-05-24T05:12:52,99.9,1653,7941,0,6,99.99,109,102.6,241.8
2026-05-24T05:12:57,99.9,1650,7941,0,7,99.99,144,101.6,241.8
2026-05-24T05:13:02,100.0,1646,7941,0,7,99.99,163,101.6,241.8
2026-05-24T05:13:08,100.0,1653,7941,0,9,99.99,126,103.4,241.8
2026-05-24T05:13:13,100.0,1641,7941,0,5,99.99,150,104.1,241.8
2026-05-24T05:13:18,100.0,1645,7941,0,5,99.99,119,104.4,241.8
2026-05-24T05:13:24,99.8,1651,7941,0,5,99.99,145,103.2,241.8
2026-05-24T05:13:29,100.0,1650,7941,0,5,99.99,109,104.6,241.8
2026-05-24T05:13:34,100.0,1647,7941,0,4,99.99,148,104.5,241.8
2026-05-24T05:13:40,100.0,1648,7941,0,4,99.99,140,104.6,241.8
2026-05-24T05:13:45,100.0,1641,7941,0,4,99.99,135,105.2,241.8
2026-05-24T05:13:51,100.0,1662,7941,0,4,99.99,130,103.0,241.8
2026-05-24T05:13:56,100.0,1652,7941,0,5,99.99,142,102.6,241.8
2026-05-24T05:14:01,100.0,1663,7941,0,5,99.99,110,104.5,241.8
2026-05-24T05:14:07,100.0,1661,7941,0,6,99.99,151,104.0,241.8
2026-05-24T05:14:12,99.9,1667,7941,0,6,99.99,130,104.2,241.8
2026-05-24T05:14:17,99.9,1658,7941,1,4,99.99,142,102.8,241.8
2026-05-24T05:14:23,100.0,1654,7941,0,5,99.99,133,104.6,241.8
2026-05-24T05:14:28,100.0,1653,7941,0,5,99.99,144,104.0,241.8
2026-05-24T05:14:33,99.9,1653,7941,0,5,99.99,133,102.0,241.8
2026-05-24T05:14:39,100.0,1659,7941,0,5,99.99,128,104.4,241.8
2026-05-24T05:14:44,100.0,1648,7941,0,4,99.99,142,101.3,241.8
2026-05-24T05:14:49,100.0,1653,7941,1,3,99.99,121,105.0,241.8
2026-05-24T05:14:55,100.0,1653,7941,0,4,99.99,134,102.7,241.8
2026-05-24T05:15:00,100.0,1651,7941,0,4,99.99,129,103.6,241.8
2026-05-24T05:15:06,99.9,1659,7941,2,3,99.99,101,103.4,241.8
2026-05-24T05:15:11,100.0,1662,7941,0,7,99.99,124,103.4,241.8
2026-05-24T05:15:16,100.0,1663,7941,0,9,99.99,146,103.8,241.8
2026-05-24T05:15:22,99.9,1655,7941,0,7,99.99,124,104.7,241.8
2026-05-24T05:15:27,100.0,1654,7941,0,5,99.99,142,104.2,241.8
2026-05-24T05:15:32,99.9,1652,7941,0,5,99.99,127,104.2,241.8
2026-05-24T05:15:38,99.9,1656,7941,0,5,99.99,122,101.8,241.8
2026-05-24T05:15:43,99.9,1668,7941,0,5,99.99,153,103.5,241.8
2026-05-24T05:15:49,100.0,1663,7941,0,5,99.99,129,104.0,241.8
2026-05-24T05:15:54,99.9,1653,7941,0,6,99.99,125,103.2,241.8
2026-05-24T05:15:59,100.0,1659,7941,0,6,99.99,135,105.1,241.8
2026-05-24T05:16:05,99.8,1659,7941,0,6,99.99,133,103.3,241.8
2026-05-24T05:16:10,99.9,1656,7941,0,5,99.99,142,105.0,244.7
2026-05-24T05:16:16,100.0,1660,7941,0,5,99.99,136,104.2,249.2
2026-05-24T05:16:21,100.0,1658,7941,0,4,99.99,128,101.0,249.3
2026-05-24T05:16:26,99.9,1660,7941,0,5,99.99,144,104.5,249.5
2026-05-24T05:16:32,100.0,1662,7941,1,4,99.99,126,104.2,249.5
2026-05-24T05:16:37,99.9,1658,7941,0,5,99.99,132,104.6,249.5
2026-05-24T05:16:43,100.0,1666,7941,0,5,99.99,113,104.2,249.5
2026-05-24T05:16:48,99.9,1664,7941,0,5,99.99,149,102.8,249.5
2026-05-24T05:16:53,100.0,1670,7941,0,5,99.99,136,104.7,249.5
2026-05-24T05:16:59,99.9,1658,7941,0,5,99.99,149,103.7,249.5
2026-05-24T05:17:04,99.9,1662,7941,0,5,99.99,111,101.4,249.5
2026-05-24T05:17:09,100.0,1662,7941,1,4,99.99,143,103.0,249.5
2026-05-24T05:17:15,100.0,1661,7941,0,6,99.99,119,104.1,249.6
2026-05-24T05:17:20,100.0,1665,7941,0,6,99.99,132,104.6,249.6
2026-05-24T05:17:25,99.9,1670,7941,0,6,99.99,123,103.8,249.6
2026-05-24T05:17:31,99.9,1661,7941,0,4,99.99,142,105.4,249.6
2026-05-24T05:17:36,100.0,1666,7941,0,3,99.99,122,106.7,249.6
2026-05-24T05:17:42,100.0,1667,7941,0,4,99.99,127,103.5,249.6
2026-05-24T05:17:47,100.0,1658,7941,0,4,99.99,136,102.4,249.6
2026-05-24T05:17:52,100.0,1672,7941,0,5,99.99,125,103.9,249.6
2026-05-24T05:17:58,99.9,1671,7941,0,5,99.99,139,101.4,249.6
2026-05-24T05:18:03,99.9,1671,7941,0,6,99.99,115,103.2,249.6
2026-05-24T05:18:08,99.9,1667,7941,0,7,99.99,125,103.5,249.6
2026-05-24T05:18:14,100.0,1662,7941,0,7,99.99,142,102.2,249.6
2026-05-24T05:18:19,100.0,1664,7941,0,6,99.99,125,105.0,249.6
2026-05-24T05:18:24,100.0,1665,7941,0,6,99.99,164,103.8,249.6
2026-05-24T05:18:30,100.0,1661,7941,0,6,99.99,115,102.0,249.6
2026-05-24T05:18:35,100.0,1664,7941,0,6,99.99,147,103.6,249.6
2026-05-24T05:18:40,99.9,1666,7941,0,5,99.99,148,103.6,249.6
2026-05-24T05:18:46,100.0,1665,7941,0,4,99.99,135,104.4,249.6
2026-05-24T05:18:51,100.0,1657,7941,0,5,99.99,127,102.6,249.6
2026-05-24T05:18:57,100.0,1655,7941,0,4,99.99,134,104.5,249.6
2026-05-24T05:19:02,99.9,1657,7941,0,4,99.99,119,103.2,249.6
2026-05-24T05:19:07,100.0,1662,7941,0,4,99.99,128,104.6,249.6
2026-05-24T05:19:13,100.0,1673,7941,0,4,99.99,127,104.7,249.6
2026-05-24T05:19:18,100.0,1674,7941,0,5,99.99,126,101.1,249.6
2026-05-24T05:19:24,100.0,1674,7941,0,7,99.99,146,104.6,249.6
2026-05-24T05:19:29,100.0,1671,7941,0,8,99.99,123,103.6,249.6
2026-05-24T05:19:34,100.0,1665,7941,0,8,99.99,140,104.0,249.6
2026-05-24T05:19:40,100.0,1663,7941,0,6,99.99,136,105.5,249.6
2026-05-24T05:19:45,100.0,1659,7941,0,5,99.99,130,103.3,249.6
2026-05-24T05:19:51,99.8,1665,7941,0,5,99.99,123,103.8,249.6
2026-05-24T05:19:56,100.0,1660,7941,0,5,99.99,137,103.9,249.6
2026-05-24T05:20:01,100.0,1664,7941,0,4,99.99,164,106.2,249.6
2026-05-24T05:20:08,99.6,1660,7941,0,4,99.99,108,112.5,249.6
2026-05-24T05:20:13,99.9,1667,7941,0,4,99.99,109,104.1,249.6
2026-05-24T05:20:18,100.0,1665,7941,0,4,99.99,135,103.1,249.6
2026-05-24T05:20:24,99.9,1667,7941,0,6,99.99,113,103.6,249.6
2026-05-24T05:20:29,100.0,1668,7941,0,8,99.99,124,104.3,249.6
2026-05-24T05:20:35,100.0,1668,7941,0,7,99.99,147,103.6,249.6
2026-05-24T05:20:40,100.0,1669,7941,0,7,99.99,151,104.2,249.6
2026-05-24T05:20:45,100.0,1660,7941,0,5,99.99,141,104.7,249.6
2026-05-24T05:20:51,100.0,1672,7941,0,5,99.99,131,103.8,249.6
2026-05-24T05:20:56,99.9,1666,7941,0,5,99.99,136,102.0,249.6
2026-05-24T05:21:01,100.0,1669,7941,0,5,99.99,113,104.2,249.6
2026-05-24T05:21:07,99.8,1662,7941,0,4,99.99,125,103.8,249.6
2026-05-24T05:21:12,99.9,1664,7941,0,4,99.99,143,102.8,249.6
2026-05-24T05:21:17,99.9,1668,7941,0,4,99.99,139,102.0,249.6
2026-05-24T05:21:23,99.9,1671,7941,0,4,99.99,110,102.8,249.6
2026-05-24T05:21:28,100.0,1664,7941,0,6,99.99,144,103.2,249.6
2026-05-24T05:21:33,100.0,1670,7941,0,8,99.99,103,103.5,249.6
2026-05-24T05:21:39,100.0,1662,7941,0,8,99.99,136,103.8,249.6
2026-05-24T05:21:44,100.0,1667,7941,0,6,99.99,157,101.0,249.6
2026-05-24T05:21:49,100.0,1672,7941,0,6,99.99,132,104.6,249.6
2026-05-24T05:21:55,100.0,1655,7941,0,5,99.99,128,104.9,249.6
2026-05-24T05:22:00,100.0,1664,7941,0,5,99.99,140,104.5,249.6
2026-05-24T05:22:06,99.9,1655,7941,0,4,99.99,132,103.4,249.6
2026-05-24T05:22:11,100.0,1663,7941,0,3,99.99,132,106.1,249.6
2026-05-24T05:22:17,99.9,1661,7941,0,5,99.99,111,104.6,249.6
2026-05-24T05:22:22,99.9,1671,7941,0,5,99.99,130,103.0,249.6
2026-05-24T05:22:28,100.0,1670,7941,0,6,99.99,149,105.2,249.6
2026-05-24T05:22:33,99.9,1666,7941,0,8,99.99,133,104.0,249.6
2026-05-24T05:22:38,100.0,1662,7941,0,8,99.99,132,101.7,249.6
2026-05-24T05:22:44,100.0,1667,7941,0,6,99.99,141,104.1,249.6
2026-05-24T05:22:49,99.8,1657,7941,0,4,99.99,147,102.6,249.6
2026-05-24T05:22:54,99.9,1654,7941,0,4,99.99,149,103.6,249.6
2026-05-24T05:23:00,100.0,1657,7941,0,4,99.99,120,104.2,249.6
2026-05-24T05:23:05,99.9,1666,7941,0,4,99.99,141,103.6,249.6
2026-05-24T05:23:10,99.9,1663,7941,0,4,99.99,131,103.8,249.6
2026-05-24T05:23:16,100.0,1677,7941,0,6,99.99,133,103.0,249.6
2026-05-24T05:23:21,100.0,1684,7941,0,8,99.99,123,104.7,249.6
2026-05-24T05:23:26,100.0,1679,7941,0,8,99.99,148,102.9,249.6
2026-05-24T05:23:32,99.9,1676,7941,1,7,99.99,118,103.5,249.6
2026-05-24T05:23:37,100.0,1666,7941,0,5,99.99,133,104.7,249.6
2026-05-24T05:23:42,100.0,1674,7941,0,5,99.99,141,104.7,249.6
2026-05-24T05:23:48,100.0,1665,7941,0,5,99.99,138,103.2,249.6
2026-05-24T05:23:53,100.0,1673,7941,0,5,99.99,128,102.5,249.6
2026-05-24T05:23:58,100.0,1665,7941,0,5,99.99,136,102.8,249.6
2026-05-24T05:24:04,100.0,1667,7941,0,5,99.99,137,102.1,249.6
2026-05-24T05:24:09,100.0,1668,7941,0,5,99.99,119,103.5,249.6
2026-05-24T05:24:14,100.0,1670,7941,0,6,99.99,143,104.0,249.6
2026-05-24T05:24:20,99.9,1669,7941,0,7,99.99,120,101.2,249.6
2026-05-24T05:24:25,99.9,1667,7941,1,5,99.99,137,104.6,249.6
2026-05-24T05:24:31,100.0,1666,7941,0,5,99.99,137,105.4,249.6
2026-05-24T05:24:36,99.9,1663,7941,0,4,99.99,156,101.5,249.6
2026-05-24T05:24:41,99.9,1664,7941,0,4,99.99,111,103.0,249.6
2026-05-24T05:24:46,100.0,1664,7941,0,4,99.99,132,101.8,249.6
2026-05-24T05:24:52,99.8,1670,7941,1,5,99.99,139,103.0,249.6
2026-05-24T05:24:57,100.0,1671,7941,0,8,99.99,144,102.3,249.6
2026-05-24T05:25:02,100.0,1676,7941,0,9,99.99,130,102.6,249.6
2026-05-24T05:25:08,99.5,1668,7941,0,8,99.99,112,108.0,249.6
2026-05-24T05:25:14,100.0,1663,7941,0,5,99.99,152,103.7,249.6
2026-05-24T05:25:19,100.0,1667,7941,1,3,99.99,131,104.1,249.6
2026-05-24T05:25:24,100.0,1665,7941,0,4,99.99,137,105.0,249.6
2026-05-24T05:25:30,100.0,1673,7941,0,4,99.99,122,104.0,249.6
2026-05-24T05:25:35,100.0,1667,7941,1,4,99.99,106,104.3,249.6
2026-05-24T05:25:41,100.0,1677,7941,0,6,99.99,145,105.4,249.6
2026-05-24T05:25:46,99.9,1675,7941,0,6,99.99,148,102.6,249.6
2026-05-24T05:25:51,100.0,1671,7941,0,6,99.99,123,103.1,249.6
2026-05-24T05:25:57,99.8,1671,7941,0,7,99.99,131,103.0,249.6
2026-05-24T05:26:02,100.0,1664,7941,0,6,99.99,128,104.2,249.6
2026-05-24T05:26:07,99.9,1666,7941,0,6,99.99,143,103.4,249.6
2026-05-24T05:26:13,100.0,1669,7941,0,6,99.99,116,103.0,249.6
2026-05-24T05:26:18,99.8,1655,7941,0,5,99.99,155,101.0,249.6
2026-05-24T05:26:23,100.0,1664,7941,0,5,99.99,134,103.1,249.6
2026-05-24T05:26:29,99.9,1657,7941,0,4,99.99,131,104.4,249.6
2026-05-24T05:26:34,99.9,1663,7941,0,4,99.99,137,101.8,249.6
2026-05-24T05:26:39,99.9,1662,7941,0,4,99.99,129,105.7,249.6
2026-05-24T05:26:45,99.9,1663,7941,0,4,99.99,147,102.3,249.6
2026-05-24T05:26:50,100.0,1688,7941,0,6,99.99,106,106.3,249.6
2026-05-24T05:26:56,99.9,1696,7941,0,7,99.99,149,102.6,249.6
2026-05-24T05:27:01,100.0,1691,7941,0,7,99.99,145,104.5,249.6
2026-05-24T05:27:07,99.9,1703,7941,0,5,99.99,135,106.7,249.6
2026-05-24T05:27:12,99.9,1706,7941,0,5,99.99,119,104.0,249.6
2026-05-24T05:27:17,99.9,1706,7941,0,5,99.99,150,102.5,249.6
2026-05-24T05:27:23,100.0,1703,7941,0,5,99.99,136,103.6,249.6
2026-05-24T05:27:28,100.0,1706,7941,0,5,99.99,137,104.9,249.6
2026-05-24T05:27:34,100.0,1706,7941,2,3,99.99,138,106.0,249.6
2026-05-24T05:27:39,99.9,1706,7941,0,5,99.99,132,104.1,249.6
2026-05-24T05:27:44,100.0,1725,7941,0,5,99.99,117,103.6,249.6
2026-05-24T05:27:50,100.0,1715,7941,0,4,99.99,150,103.0,249.6
2026-05-24T05:27:55,99.9,1711,7941,0,4,99.99,144,104.3,249.6
2026-05-24T05:28:00,100.0,1705,7941,0,4,99.99,121,103.8,249.6
2026-05-24T05:28:06,100.0,1706,7941,0,4,99.99,122,102.8,249.6
2026-05-24T05:28:11,99.9,1708,7941,0,4,99.99,122,102.0,249.6
2026-05-24T05:28:16,99.9,1708,7941,0,6,99.99,134,103.2,249.6
2026-05-24T05:28:22,99.9,1717,7941,0,7,99.99,129,104.4,249.6
2026-05-24T05:28:27,99.9,1706,7941,0,6,99.99,153,102.4,249.6
2026-05-24T05:28:32,100.0,1706,7941,0,6,99.99,135,103.4,249.6
2026-05-24T05:28:38,100.0,1705,7941,0,6,99.99,130,104.2,249.6
2026-05-24T05:28:43,99.9,1702,7941,0,5,99.99,143,103.2,249.6
2026-05-24T05:28:49,100.0,1702,7941,0,5,99.99,135,104.7,249.6
2026-05-24T05:28:54,99.9,1702,7941,0,5,99.99,139,102.0,249.6
2026-05-24T05:28:59,100.0,1699,7941,0,5,99.99,135,105.1,249.6
2026-05-24T05:29:05,99.9,1697,7941,0,5,99.99,144,103.8,249.6
2026-05-24T05:29:10,100.0,1691,7941,0,5,99.99,134,104.8,249.6
2026-05-24T05:29:16,100.0,1691,7941,0,5,99.99,123,103.9,249.6
2026-05-24T05:29:21,100.0,1692,7941,0,4,99.99,144,102.3,249.6
2026-05-24T05:29:26,100.0,1691,7941,0,4,99.99,142,104.8,249.6
2026-05-24T05:29:32,100.0,1690,7941,0,4,99.99,122,106.6,249.6
2026-05-24T05:29:37,100.0,1702,7941,1,4,99.99,127,104.2,249.6
2026-05-24T05:29:43,99.9,1700,7941,0,7,99.99,117,103.2,249.6
2026-05-24T05:29:48,100.0,1696,7941,0,8,99.99,127,102.4,249.6
2026-05-24T05:29:53,99.9,1694,7941,1,7,99.99,143,103.8,249.6
2026-05-24T05:29:59,100.0,1690,7941,0,5,99.99,149,104.2,249.6
2026-05-24T05:30:04,99.9,1694,7941,1,4,99.99,110,102.6,249.6
2026-05-24T05:30:10,99.7,1703,7941,0,5,99.99,100,109.2,249.6
2026-05-24T05:30:15,99.9,1693,7941,0,5,99.99,116,104.9,249.6
2026-05-24T05:30:21,100.0,1692,7941,0,5,99.99,127,103.6,249.6
2026-05-24T05:30:26,99.8,1707,7941,0,5,99.99,133,104.7,249.6
2026-05-24T05:30:32,100.0,1698,7941,0,5,99.99,123,104.7,249.6
2026-05-24T05:30:37,99.9,1698,7941,0,5,99.99,133,103.4,249.6
2026-05-24T05:30:42,100.0,1701,7941,0,6,99.99,125,103.3,249.6
2026-05-24T05:30:48,100.0,1691,7941,0,5,99.99,121,104.8,249.6
2026-05-24T05:30:53,100.0,1698,7941,0,5,99.99,134,103.8,249.6
2026-05-24T05:30:59,100.0,1702,7941,0,5,99.99,136,103.2,249.6
2026-05-24T05:31:04,99.9,1692,7941,0,4,99.99,125,102.8,249.6
2026-05-24T05:31:09,99.9,1676,7941,0,4,99.99,121,104.8,249.6
2026-05-24T05:31:15,100.0,1676,7941,0,6,99.99,121,104.2,249.6
2026-05-24T05:31:20,99.9,1669,7941,0,6,99.99,128,103.6,249.6
2026-05-24T05:31:25,99.9,1664,7941,0,6,99.99,147,103.0,249.6
2026-05-24T05:31:31,100.0,1667,7941,0,6,99.99,137,104.7,249.6
2026-05-24T05:31:36,99.9,1666,7941,0,5,99.99,133,102.5,249.6
2026-05-24T05:31:42,100.0,1670,7941,0,4,99.99,126,103.0,249.6
2026-05-24T05:31:47,100.0,1673,7941,0,5,99.99,131,103.2,249.6
2026-05-24T05:31:52,100.0,1670,7941,0,5,99.99,116,104.6,249.6
2026-05-24T05:31:58,99.9,1669,7941,0,6,99.99,124,102.6,249.6
2026-05-24T05:32:03,100.0,1671,7941,0,7,99.99,132,103.5,249.6
2026-05-24T05:32:08,100.0,1666,7941,0,6,99.99,163,105.4,249.6
2026-05-24T05:32:14,100.0,1659,7941,0,5,99.99,145,103.0,249.6
2026-05-24T05:32:19,100.0,1663,7941,0,5,99.99,127,105.2,249.6
2026-05-24T05:32:25,100.0,1663,7941,0,5,99.99,138,103.1,249.6
2026-05-24T05:32:30,99.9,1667,7941,0,5,99.99,138,104.4,249.6
2026-05-24T05:32:35,99.9,1660,7941,0,5,99.99,127,101.8,249.6
2026-05-24T05:32:41,99.9,1667,7941,0,5,99.99,122,103.0,249.6
2026-05-24T05:32:46,100.0,1663,7941,0,5,99.99,131,102.0,249.6
2026-05-24T05:32:51,100.0,1663,7941,0,4,99.99,141,104.2,249.6
2026-05-24T05:32:57,100.0,1662,7941,0,5,99.99,147,105.4,249.6
2026-05-24T05:33:02,99.9,1665,7941,0,5,99.99,131,102.6,249.6
2026-05-24T05:33:08,99.8,1673,7941,0,5,99.99,134,103.3,249.6
2026-05-24T05:33:13,100.0,1662,7941,0,5,99.99,123,104.7,249.6
2026-05-24T05:33:18,100.0,1659,7941,0,6,99.99,136,101.2,249.6
2026-05-24T05:33:24,100.0,1666,7941,0,5,99.99,113,104.4,249.6
2026-05-24T05:33:29,99.9,1658,7941,0,5,99.99,131,103.0,249.6
2026-05-24T05:33:34,100.0,1664,7941,1,4,99.99,145,104.7,249.6
2026-05-24T05:33:40,99.9,1672,7941,1,5,99.99,140,102.8,249.6
2026-05-24T05:33:45,99.9,1663,7941,0,5,99.99,129,100.8,249.6
2026-05-24T05:33:50,99.9,1668,7941,0,5,99.99,119,104.1,249.6
2026-05-24T05:33:56,100.0,1655,7941,0,4,99.99,145,103.8,249.6
2026-05-24T05:34:01,99.9,1661,7941,0,4,99.99,130,104.2,249.6
2026-05-24T05:34:07,99.9,1659,7941,0,4,99.99,136,105.0,249.6
2026-05-24T05:34:12,100.0,1667,7941,0,4,99.99,120,103.6,249.6
2026-05-24T05:34:17,99.9,1664,7941,0,6,99.99,122,102.9,249.6
2026-05-24T05:34:23,99.9,1675,7941,0,8,99.99,124,103.8,249.6
2026-05-24T05:34:28,100.0,1668,7941,0,8,99.99,138,102.6,249.6
2026-05-24T05:34:34,100.0,1661,7941,0,6,99.99,134,106.2,249.6
2026-05-24T05:34:39,100.0,1661,7941,0,5,99.99,136,103.3,249.6
2026-05-24T05:34:44,100.0,1659,7941,0,5,99.99,145,103.9,249.6
2026-05-24T05:34:50,100.0,1661,7941,0,5,99.99,117,102.9,249.6
2026-05-24T05:34:55,99.8,1662,7941,0,5,99.99,116,102.6,249.6
2026-05-24T05:35:00,100.0,1664,7941,0,5,99.99,135,105.0,249.6
2026-05-24T05:35:06,99.8,1667,7941,0,5,99.99,115,101.2,249.6
2026-05-24T05:35:11,99.9,1666,7941,0,5,99.99,124,105.2,249.6
2026-05-24T05:35:17,99.9,1667,7941,0,5,99.99,136,103.3,249.6
2026-05-24T05:35:22,100.0,1665,7941,0,6,99.99,120,104.0,249.6
2026-05-24T05:35:27,100.0,1669,7941,0,7,99.99,119,103.1,249.6
2026-05-24T05:35:33,99.9,1663,7941,0,5,99.99,132,103.7,249.6
2026-05-24T05:35:38,100.0,1671,7941,0,5,99.99,139,105.1,249.6
2026-05-24T05:35:44,100.0,1667,7941,0,5,99.99,155,104.6,249.6
2026-05-24T05:35:49,100.0,1665,7941,0,5,99.99,127,105.5,249.6
2026-05-24T05:35:54,100.0,1662,7941,0,5,99.99,134,104.1,249.6
2026-05-24T05:36:00,100.0,1666,7941,0,5,99.99,148,104.4,249.6
2026-05-24T05:36:05,99.9,1661,7941,0,5,99.99,125,103.7,249.6
2026-05-24T05:36:11,99.9,1661,7941,0,5,99.99,130,103.7,249.6
2026-05-24T05:36:16,99.9,1673,7941,1,4,99.99,127,103.2,249.6
2026-05-24T05:36:21,100.0,1662,7941,0,5,99.99,140,103.8,249.6
2026-05-24T05:36:27,100.0,1663,7941,0,5,99.99,132,103.8,249.6
2026-05-24T05:36:32,100.0,1662,7941,0,6,99.99,121,104.4,249.6
2026-05-24T05:36:38,99.8,1671,7941,0,6,99.99,133,103.5,249.6
2026-05-24T05:36:43,100.0,1670,7941,1,5,99.99,143,103.8,249.6
2026-05-24T05:36:48,100.0,1671,7941,0,6,99.99,123,105.5,249.6
2026-05-24T05:36:54,99.9,1663,7941,0,5,99.99,150,102.2,249.6
2026-05-24T05:36:59,99.9,1661,7941,0,5,99.99,133,102.2,249.6
2026-05-24T05:37:04,100.0,1661,7941,0,5,99.99,120,102.6,249.6
2026-05-24T05:37:10,99.9,1664,7941,0,5,99.99,125,102.6,249.6
2026-05-24T05:37:15,100.0,1665,7941,0,5,99.99,130,105.0,249.6
2026-05-24T05:37:21,100.0,1672,7941,0,5,99.99,126,103.1,249.6
2026-05-24T05:37:26,100.0,1661,7941,0,5,99.99,144,103.2,249.6
2026-05-24T05:37:31,99.9,1666,7941,0,5,99.99,130,101.7,249.6
2026-05-24T05:37:37,99.9,1664,7941,0,6,99.99,139,103.0,249.6
2026-05-24T05:37:42,99.9,1670,7941,0,6,99.99,129,103.8,249.6
2026-05-24T05:37:47,100.0,1660,7941,0,5,99.99,129,103.8,249.6
2026-05-24T05:37:53,100.0,1665,7941,0,5,99.99,128,104.4,249.6
2026-05-24T05:37:58,99.9,1666,7941,0,5,99.99,146,103.5,249.6
2026-05-24T05:38:03,100.0,1668,7941,0,5,99.99,130,103.9,249.6
2026-05-24T05:38:09,99.9,1670,7941,0,5,99.99,111,104.7,249.6
2026-05-24T05:38:14,99.9,1660,7941,0,5,99.99,130,103.4,249.6
2026-05-24T05:38:20,99.9,1662,7941,0,5,99.99,133,102.4,249.6
2026-05-24T05:38:25,100.0,1665,7941,0,4,99.99,133,102.4,249.6
2026-05-24T05:38:30,99.9,1662,7941,0,5,99.99,114,102.2,249.6
2026-05-24T05:38:36,100.0,1669,7941,0,5,99.99,153,104.1,249.6
2026-05-24T05:38:41,99.9,1672,7941,0,5,99.99,126,103.8,249.6
2026-05-24T05:38:47,100.0,1664,7941,0,5,99.99,116,105.2,249.6
2026-05-24T05:38:52,99.9,1666,7941,0,5,99.99,131,103.6,249.6
2026-05-24T05:38:57,99.9,1666,7941,0,5,99.99,131,103.5,249.6
2026-05-24T05:39:03,99.9,1669,7941,0,5,99.99,126,104.5,249.6
2026-05-24T05:39:09,99.7,1664,7941,1,4,99.99,103,108.2,249.6
2026-05-24T05:39:14,99.8,1670,7941,0,5,99.99,137,101.7,249.6
2026-05-24T05:39:19,99.9,1666,7941,0,5,99.99,123,102.4,249.6
2026-05-24T05:39:25,99.9,1669,7941,0,5,99.99,138,103.5,249.6
2026-05-24T05:39:30,100.0,1672,7941,0,5,99.99,138,103.4,249.6
2026-05-24T05:39:35,100.0,1663,7941,0,5,99.99,133,103.6,249.6
2026-05-24T05:39:41,99.9,1670,7941,0,5,99.99,116,103.8,249.6
2026-05-24T05:39:46,99.9,1666,7941,0,5,99.99,140,102.8,249.6
2026-05-24T05:39:51,100.0,1668,7941,0,5,99.99,131,102.8,249.6
2026-05-24T05:39:57,100.0,1677,7941,0,5,99.99,126,104.7,249.6
2026-05-24T05:40:02,100.0,1671,7941,0,5,99.99,143,104.7,249.6
2026-05-24T05:40:08,99.6,1677,7941,0,5,99.99,91,106.0,249.6
2026-05-24T05:40:14,100.0,1675,7941,0,5,99.99,129,106.3,249.6
2026-05-24T05:40:19,100.0,1679,7941,0,5,99.99,111,105.7,249.6
2026-05-24T05:40:25,100.0,1674,7941,0,5,99.99,119,104.6,249.6
2026-05-24T05:40:30,100.0,1678,7941,0,6,99.99,137,104.9,249.6
2026-05-24T05:40:35,100.0,1671,7941,0,7,99.99,128,101.8,249.6
2026-05-24T05:40:41,100.0,1684,7941,0,7,99.99,127,102.8,249.6
2026-05-24T05:40:46,99.8,1670,7941,0,5,99.99,148,103.3,249.6
2026-05-24T05:40:51,100.0,1669,7941,0,4,99.99,97,103.3,249.6
2026-05-24T05:40:57,99.9,1672,7941,0,5,99.99,141,104.1,249.6
2026-05-24T05:41:02,99.9,1670,7941,0,4,99.99,143,104.4,249.6
2026-05-24T05:41:08,99.9,1669,7941,0,5,99.99,121,105.2,249.6
2026-05-24T05:41:13,99.9,1674,7941,0,5,99.99,122,104.6,249.6
2026-05-24T05:41:19,100.0,1679,7941,0,4,99.99,136,104.2,249.6
2026-05-24T05:41:24,99.9,1679,7941,0,6,99.99,116,104.2,249.6
2026-05-24T05:41:29,100.0,1682,7941,0,8,99.99,121,103.9,249.6
2026-05-24T05:41:35,100.0,1670,7941,0,5,99.99,138,103.4,249.6
2026-05-24T05:41:40,100.0,1667,7941,0,5,99.99,134,103.6,249.6
2026-05-24T05:41:46,100.0,1670,7941,0,5,99.99,138,104.8,249.6
2026-05-24T05:41:51,99.8,1660,7941,0,4,99.99,128,102.8,249.6
2026-05-24T05:41:56,99.9,1663,7941,0,4,99.99,142,104.1,249.6
2026-05-24T05:42:02,100.0,1672,7941,0,4,99.99,129,104.0,249.6
2026-05-24T05:42:07,99.9,1682,7941,0,5,99.99,126,103.6,249.6
2026-05-24T05:42:13,100.0,1677,7941,0,7,99.99,129,103.8,249.6
2026-05-24T05:42:18,100.0,1674,7941,0,8,99.99,132,102.4,249.6
2026-05-24T05:42:23,100.0,1679,7941,0,7,99.99,115,104.7,249.6
2026-05-24T05:42:29,99.9,1672,7941,0,5,99.99,155,103.1,249.6
2026-05-24T05:42:34,100.0,1675,7941,0,5,99.99,123,104.8,249.6
2026-05-24T05:42:40,100.0,1680,7941,0,5,99.99,150,104.6,249.6
2026-05-24T05:42:45,99.9,1675,7941,0,5,99.99,127,103.4,249.6
2026-05-24T05:42:50,99.7,1679,7941,0,5,99.99,135,103.6,249.6
2026-05-24T05:42:56,100.0,1677,7941,0,5,99.99,136,102.0,249.6
2026-05-24T05:43:01,100.0,1678,7941,0,6,99.99,128,104.8,249.6
2026-05-24T05:43:06,100.0,1676,7941,0,5,99.99,128,104.7,249.6
2026-05-24T05:43:12,100.0,1677,7941,0,5,99.99,150,102.6,249.6
2026-05-24T05:43:17,99.9,1679,7941,0,5,99.99,145,104.0,249.6
2026-05-24T05:43:22,100.0,1671,7941,0,3,99.99,120,103.6,249.6
2026-05-24T05:43:28,100.0,1671,7941,0,4,99.99,133,102.2,249.6
2026-05-24T05:43:33,99.9,1672,7941,0,4,99.99,148,102.6,249.6
2026-05-24T05:43:38,99.9,1673,7941,0,4,99.99,140,101.6,249.6
2026-05-24T05:43:44,100.0,1680,7941,0,5,99.99,128,104.8,249.6
2026-05-24T05:43:49,100.0,1691,7941,0,8,99.99,99,104.6,249.6
2026-05-24T05:43:54,100.0,1695,7941,0,8,99.99,130,104.6,249.6
2026-05-24T05:44:00,100.0,1687,7941,0,7,99.99,138,104.8,249.6
2026-05-24T05:44:05,100.0,1671,7941,0,5,99.99,167,103.8,249.6
2026-05-24T05:44:11,100.0,1673,7941,0,5,99.99,117,104.1,249.6
2026-05-24T05:44:16,100.0,1671,7941,0,5,99.99,148,102.3,249.6
2026-05-24T05:44:21,100.0,1674,7941,0,5,99.99,126,101.8,249.6
2026-05-24T05:44:26,99.9,1673,7941,0,4,99.99,138,101.9,249.6
2026-05-24T05:44:32,99.9,1671,7941,0,4,99.99,124,103.0,249.6
2026-05-24T05:44:37,100.0,1669,7941,0,3,99.99,143,101.6,249.6
2026-05-24T05:44:42,100.0,1675,7941,0,5,99.99,116,103.5,249.6
2026-05-24T05:44:48,100.0,1672,7941,0,5,99.99,151,102.9,249.6
2026-05-24T05:44:53,99.9,1677,7941,0,6,99.99,137,103.3,249.6
2026-05-24T05:44:58,99.9,1677,7941,0,6,99.99,137,104.9,249.6
2026-05-24T05:45:04,99.9,1674,7941,1,5,99.99,127,103.5,249.6
2026-05-24T05:45:09,99.9,1672,7941,0,5,99.99,128,104.0,249.6
2026-05-24T05:45:14,100.0,1672,7941,0,5,99.99,124,104.1,249.6
2026-05-24T05:45:20,100.0,1673,7941,0,5,99.99,146,104.7,249.6
2026-05-24T05:45:25,100.0,1686,7941,0,5,99.99,129,102.4,249.6
2026-05-24T05:45:31,100.0,1677,7941,0,5,99.99,141,103.8,249.6
2026-05-24T05:45:36,100.0,1669,7941,0,6,99.99,127,104.4,249.6
2026-05-24T05:45:41,99.9,1669,7941,0,5,99.99,141,104.3,249.6
2026-05-24T05:45:47,100.0,1673,7941,0,3,99.99,130,104.7,249.6
2026-05-24T05:45:52,100.0,1668,7941,0,4,99.99,131,102.9,249.6
2026-05-24T05:45:57,100.0,1675,7941,0,4,99.99,137,104.0,249.6
2026-05-24T05:46:03,99.9,1673,7941,0,4,99.99,131,103.2,249.6
2026-05-24T05:46:08,100.0,1679,7941,0,5,99.99,135,104.9,249.6
2026-05-24T05:46:13,100.0,1677,7941,0,7,99.99,125,102.2,249.6
2026-05-24T05:46:19,99.9,1676,7941,1,7,99.99,143,102.6,249.6
2026-05-24T05:46:24,100.0,1676,7941,0,7,99.99,131,101.8,249.6
2026-05-24T05:46:29,99.9,1674,7941,0,6,99.99,139,102.8,249.6
2026-05-24T05:46:35,100.0,1665,7941,0,4,99.99,141,103.8,249.6
2026-05-24T05:46:40,99.8,1666,7941,0,3,99.99,132,102.3,249.6
2026-05-24T05:46:45,100.0,1669,7941,0,4,99.99,128,104.0,249.6
2026-05-24T05:46:51,99.9,1671,7941,0,4,99.99,130,101.8,249.6
2026-05-24T05:46:56,100.0,1668,7941,0,5,99.99,135,103.7,249.6
2026-05-24T05:47:01,99.9,1679,7941,0,5,99.99,135,103.8,249.6
2026-05-24T05:47:07,100.0,1680,7941,0,6,99.99,128,103.8,249.6
2026-05-24T05:47:12,100.0,1670,7941,0,6,99.99,143,105.7,249.6
2026-05-24T05:47:18,100.0,1669,7941,0,5,99.99,128,104.8,249.6
2026-05-24T05:47:23,100.0,1684,7941,0,6,99.99,133,106.0,249.6
2026-05-24T05:47:28,100.0,1667,7941,1,4,99.99,129,103.8,249.6
2026-05-24T05:47:34,100.0,1667,7941,0,4,99.99,139,102.7,249.6
2026-05-24T05:47:39,100.0,1673,7941,0,4,99.99,118,103.2,249.6
2026-05-24T05:47:44,99.9,1681,7941,0,4,99.99,139,102.2,249.6
2026-05-24T05:47:50,99.9,1673,7941,0,5,99.99,125,103.0,249.6
2026-05-24T05:47:55,100.0,1671,7941,0,7,99.99,147,104.3,249.6
2026-05-24T05:48:00,100.0,1667,7941,0,5,99.99,125,104.7,249.6
2026-05-24T05:48:06,100.0,1666,7941,1,4,99.99,131,102.2,249.6
2026-05-24T05:48:11,99.9,1671,7941,1,4,99.99,140,102.2,249.6
2026-05-24T05:48:16,100.0,1669,7941,0,5,99.99,156,103.6,249.6
2026-05-24T05:48:22,99.9,1666,7941,0,4,99.99,115,103.4,249.6
2026-05-24T05:48:27,100.0,1671,7941,0,4,99.99,143,104.6,249.6
2026-05-24T05:48:32,100.0,1669,7941,0,4,99.99,132,102.8,249.6
2026-05-24T05:48:38,100.0,1676,7941,0,6,99.99,117,103.8,249.6
2026-05-24T05:48:43,100.0,1683,7941,0,9,99.99,119,105.3,249.6
2026-05-24T05:48:49,99.8,1671,7941,0,7,99.99,153,102.6,249.6
2026-05-24T05:48:54,100.0,1669,7941,0,5,99.99,125,105.7,249.6
2026-05-24T05:48:59,100.0,1669,7941,0,5,99.99,137,104.0,249.6
2026-05-24T05:49:05,99.9,1671,7941,0,4,99.99,120,101.8,249.6
2026-05-24T05:49:10,99.9,1668,7941,0,4,99.99,138,105.2,249.6
2026-05-24T05:49:15,99.9,1667,7941,1,3,99.99,128,102.6,249.6
2026-05-24T05:49:21,100.0,1676,7941,0,5,99.99,132,104.6,249.6
2026-05-24T05:49:26,99.9,1679,7941,0,6,99.99,128,104.5,249.6
2026-05-24T05:49:32,100.0,1685,7941,0,7,99.99,136,104.5,249.6
2026-05-24T05:49:37,99.9,1672,7941,0,7,99.99,130,103.7,249.6
2026-05-24T05:49:42,99.8,1677,7941,0,6,99.99,154,103.2,249.6
2026-05-24T05:49:48,100.0,1672,7941,0,5,99.99,151,103.6,249.6
2026-05-24T05:49:53,100.0,1670,7941,0,5,99.99,123,104.2,249.6
2026-05-24T05:49:58,99.9,1666,7941,0,5,99.99,127,102.2,249.6
2026-05-24T05:50:04,100.0,1671,7941,1,5,99.99,121,103.3,249.6
2026-05-24T05:50:09,99.8,1667,7941,0,5,99.99,107,103.0,249.6
2026-05-24T05:50:14,99.9,1670,7941,0,5,99.99,126,102.8,249.6
2026-05-24T05:50:20,99.9,1666,7941,0,5,99.99,134,103.8,249.6
2026-05-24T05:50:25,99.9,1675,7941,0,5,99.99,119,102.8,249.6
2026-05-24T05:50:31,100.0,1677,7941,0,5,99.99,145,104.4,249.6
2026-05-24T05:50:36,100.0,1677,7941,0,5,99.99,132,103.3,249.6
2026-05-24T05:50:41,100.0,1679,7941,0,5,99.99,134,104.3,249.6
2026-05-24T05:50:47,100.0,1668,7941,0,4,99.99,138,103.6,249.6
2026-05-24T05:50:52,99.9,1667,7941,0,5,99.99,116,103.3,249.6
2026-05-24T05:50:57,100.0,1671,7941,0,5,99.99,139,104.6,249.6
2026-05-24T05:51:03,100.0,1670,7941,0,5,99.99,115,103.0,249.6
2026-05-24T05:51:08,100.0,1674,7941,0,5,99.99,140,103.4,249.6
2026-05-24T05:51:13,100.0,1675,7941,0,5,99.99,109,105.7,249.6
2026-05-24T05:51:19,100.0,1680,7941,0,6,99.99,149,103.8,249.6
2026-05-24T05:51:24,100.0,1685,7941,0,6,99.99,136,104.7,249.6
2026-05-24T05:51:30,100.0,1678,7941,0,5,99.99,114,102.8,249.6
2026-05-24T05:51:35,99.9,1672,7941,2,3,99.99,132,104.1,249.6
2026-05-24T05:51:40,100.0,1687,7941,0,5,99.99,137,104.1,249.6
2026-05-24T05:51:46,100.0,1681,7941,0,5,99.99,142,104.0,249.6
2026-05-24T05:51:51,100.0,1685,7941,0,6,99.99,137,103.2,249.6
2026-05-24T05:51:56,99.9,1678,7941,0,6,99.99,139,104.7,249.6
2026-05-24T05:52:02,99.9,1672,7941,0,6,99.99,130,102.2,249.6
2026-05-24T05:52:07,100.0,1678,7941,0,5,99.99,132,104.7,249.6
2026-05-24T05:52:13,100.0,1677,7941,0,5,99.99,141,105.4,249.6
2026-05-24T05:52:18,100.0,1668,7941,0,5,99.99,137,102.6,249.6
2026-05-24T05:52:23,99.9,1681,7941,0,5,99.99,128,103.7,249.6
2026-05-24T05:52:29,100.0,1671,7941,1,4,99.99,138,103.5,249.6
2026-05-24T05:52:34,100.0,1677,7941,0,5,99.99,131,103.6,249.6
2026-05-24T05:52:39,100.0,1679,7941,0,4,99.99,138,104.2,249.6
2026-05-24T05:52:45,100.0,1677,7941,0,4,99.99,139,102.4,249.6
2026-05-24T05:52:50,100.0,1686,7941,0,5,99.99,120,104.0,249.6
2026-05-24T05:52:55,100.0,1694,7941,0,4,99.99,151,103.2,249.6
2026-05-24T05:53:01,100.0,1702,7941,0,7,99.99,119,103.9,249.6
2026-05-24T05:53:06,99.9,1689,7941,0,7,99.99,140,103.9,249.6
2026-05-24T05:53:11,100.0,1696,7941,0,7,99.99,123,103.8,249.6
2026-05-24T05:53:17,100.0,1688,7941,1,3,99.99,143,103.1,249.6
2026-05-24T05:53:22,100.0,1690,7941,1,4,99.99,140,103.6,249.6
2026-05-24T05:53:27,99.9,1681,7941,0,5,99.99,129,102.2,249.6
2026-05-24T05:53:33,99.9,1686,7941,0,5,99.99,137,102.6,249.6
2026-05-24T05:53:38,99.9,1694,7941,0,5,99.99,140,102.6,249.6
2026-05-24T05:53:43,100.0,1696,7941,0,5,99.99,128,103.6,249.6
2026-05-24T05:53:49,99.9,1683,7941,0,5,99.99,132,103.3,249.6
2026-05-24T05:53:54,100.0,1692,7941,0,5,99.99,155,104.2,249.6
2026-05-24T05:54:00,100.0,1693,7941,0,5,99.99,118,104.5,249.6
2026-05-24T05:54:05,100.0,1690,7941,0,5,99.99,149,104.0,249.6
2026-05-24T05:54:10,100.0,1703,7941,0,5,99.99,122,104.8,249.6
2026-05-24T05:54:16,99.9,1699,7941,0,5,99.99,124,100.8,249.6
2026-05-24T05:54:21,100.0,1708,7941,1,4,99.99,141,105.2,249.6
2026-05-24T05:54:26,99.9,1719,7941,0,6,99.99,108,103.0,249.6
2026-05-24T05:54:32,99.9,1720,7941,0,6,99.99,148,103.0,249.6
2026-05-24T05:54:37,100.0,1709,7941,0,5,99.99,136,103.8,249.6
2026-05-24T05:54:43,100.0,1738,7941,0,5,99.99,143,103.5,249.6
2026-05-24T05:54:48,100.0,1717,7941,0,5,99.99,123,105.2,249.6
2026-05-24T05:54:53,100.0,1709,7941,0,4,99.99,144,103.9,249.6
2026-05-24T05:54:59,100.0,1707,7941,0,4,99.99,124,104.8,249.6
2026-05-24T05:55:04,99.4,1711,7941,0,5,99.99,126,102.4,249.6
2026-05-24T05:55:10,100.0,1711,7941,0,5,99.99,123,102.3,249.6
2026-05-24T05:55:15,100.0,1712,7941,0,5,99.99,151,103.2,249.6
2026-05-24T05:55:20,99.9,1722,7941,0,7,99.99,135,103.0,249.6
2026-05-24T05:55:25,100.0,1714,7941,0,8,99.99,139,101.8,249.6
2026-05-24T05:55:31,100.0,1716,7941,1,5,99.99,136,102.9,249.6
2026-05-24T05:55:36,100.0,1716,7941,0,5,99.99,143,104.2,249.6
2026-05-24T05:55:42,100.0,1711,7941,0,5,99.99,133,105.0,249.6
2026-05-24T05:55:47,100.0,1705,7941,0,4,99.99,146,103.0,249.6
2026-05-24T05:55:52,100.0,1713,7941,0,4,99.99,136,105.2,249.6
2026-05-24T05:55:58,100.0,1716,7941,0,4,99.99,131,103.2,249.6
2026-05-24T05:56:03,99.9,1721,7941,0,4,99.99,131,103.0,249.6
2026-05-24T05:56:08,99.9,1718,7941,0,5,99.99,139,102.7,249.6
2026-05-24T05:56:14,100.0,1719,7941,0,5,99.99,130,102.3,249.6
2026-05-24T05:56:19,100.0,1723,7941,0,7,99.99,136,103.4,249.6
2026-05-24T05:56:24,100.0,1726,7941,0,7,99.99,122,103.4,249.6
2026-05-24T05:56:30,100.0,1727,7941,0,5,99.99,136,105.8,249.6
2026-05-24T05:56:35,100.0,1717,7941,0,4,99.99,151,103.9,249.6
2026-05-24T05:56:41,100.0,1722,7941,0,4,99.99,141,104.9,249.6
2026-05-24T05:56:46,100.0,1713,7941,0,4,99.99,125,102.5,249.6
2026-05-24T05:56:51,100.0,1719,7941,0,4,99.99,133,105.6,249.6
2026-05-24T05:56:57,100.0,1715,7941,0,4,99.99,130,102.2,249.6
2026-05-24T05:57:02,100.0,1720,7941,0,4,99.99,135,104.4,249.6
2026-05-24T05:57:07,99.9,1727,7941,0,4,99.99,142,102.2,249.6
2026-05-24T05:57:13,99.9,1726,7941,0,5,99.99,135,104.2,249.6
2026-05-24T05:57:18,100.0,1723,7941,0,7,99.99,117,103.8,249.6
2026-05-24T05:57:23,100.0,1725,7941,0,7,99.99,138,104.3,249.6
2026-05-24T05:57:29,100.0,1714,7941,0,5,99.99,128,104.0,249.6
2026-05-24T05:57:34,100.0,1717,7941,0,4,99.99,136,104.2,249.6
2026-05-24T05:57:40,100.0,1726,7941,0,4,99.99,133,104.0,249.6
2026-05-24T05:57:45,99.9,1718,7941,0,4,99.99,130,103.0,249.6
2026-05-24T05:57:50,99.9,1724,7941,0,4,99.99,137,104.4,249.6
2026-05-24T05:57:56,99.9,1725,7941,0,6,99.99,120,104.0,249.6
2026-05-24T05:58:01,100.0,1736,7941,1,7,99.99,118,104.2,249.6
2026-05-24T05:58:07,99.9,1724,7941,0,6,99.99,156,104.5,249.6
2026-05-24T05:58:12,100.0,1731,7941,1,6,99.99,137,105.6,249.6
2026-05-24T05:58:17,99.9,1716,7941,0,5,99.99,142,103.0,249.6
2026-05-24T05:58:23,100.0,1715,7941,1,3,99.99,112,104.0,249.6
2026-05-24T05:58:28,100.0,1723,7941,0,4,99.99,144,103.7,249.6
2026-05-24T05:58:34,100.0,1733,7941,0,4,99.99,132,104.5,249.6
2026-05-24T05:58:39,100.0,1726,7941,0,6,99.99,122,102.4,249.6
2026-05-24T05:58:44,99.9,1730,7941,0,8,99.99,124,102.8,249.6
2026-05-24T05:58:50,100.0,1728,7941,1,8,99.99,139,104.3,249.6
2026-05-24T05:58:55,100.0,1718,7941,1,5,99.99,136,104.0,249.6
2026-05-24T05:59:00,99.9,1718,7941,0,5,99.99,137,103.7,249.6
2026-05-24T05:59:06,100.0,1722,7941,0,5,99.99,146,102.5,249.6
2026-05-24T05:59:11,99.9,1713,7941,0,5,99.99,115,104.1,249.6
2026-05-24T05:59:16,100.0,1693,7941,0,5,99.99,140,101.6,249.6
2026-05-24T05:59:22,99.9,1682,7941,0,6,99.99,134,102.1,249.6
2026-05-24T05:59:27,99.9,1681,7941,0,5,99.99,141,103.3,249.6
2026-05-24T05:59:33,100.0,1681,7941,0,4,99.99,132,104.2,249.6
2026-05-24T05:59:38,99.9,1680,7941,0,4,99.99,125,102.8,249.6
2026-05-24T05:59:43,100.0,1678,7941,0,4,99.99,153,103.8,249.6
2026-05-24T05:59:49,100.0,1685,7941,0,4,99.99,120,104.3,249.6
2026-05-24T05:59:54,99.8,1687,7941,0,4,99.99,124,104.8,249.6
2026-05-24T05:59:59,100.0,1686,7941,0,5,99.99,131,103.0,249.6
2026-05-24T06:00:05,99.8,1688,7941,1,5,99.99,102,103.6,249.6
2026-05-24T06:00:11,99.9,1694,7941,0,7,99.99,81,107.8,249.6
2026-05-24T06:00:16,99.7,1700,7941,0,5,99.99,93,105.6,249.6
2026-05-24T06:00:22,99.8,1690,7941,0,6,99.99,115,102.4,249.6
2026-05-24T06:00:27,99.9,1693,7941,0,7,99.99,109,103.6,249.6
2026-05-24T06:00:32,99.9,1695,7941,0,9,99.99,114,102.4,249.6
2026-05-24T06:00:38,100.0,1688,7941,2,3,99.99,146,102.6,249.6
2026-05-24T06:00:43,100.0,1692,7941,0,5,99.99,132,102.3,249.6
2026-05-24T06:00:48,100.0,1691,7941,0,5,99.99,140,104.0,249.6
2026-05-24T06:00:54,100.0,1691,7941,0,5,99.99,131,102.7,249.6
2026-05-24T06:00:59,99.9,1688,7941,0,5,99.99,133,102.8,249.6
2026-05-24T06:01:05,100.0,1688,7941,0,5,99.99,136,105.4,249.6
2026-05-24T06:01:10,100.0,1697,7941,0,5,99.99,120,102.7,249.6
2026-05-24T06:01:15,100.0,1692,7941,0,5,99.99,129,103.4,249.6
2026-05-24T06:01:21,99.9,1696,7941,0,5,99.99,123,105.0,249.6
2026-05-24T06:01:26,100.0,1698,7941,0,6,99.99,157,102.8,249.6
2026-05-24T06:01:31,99.9,1697,7941,0,7,99.99,117,103.5,249.6
2026-05-24T06:01:37,99.9,1689,7941,0,5,99.99,135,103.4,249.6
2026-05-24T06:01:42,100.0,1699,7941,0,6,99.99,113,102.1,249.6
2026-05-24T06:01:47,99.9,1716,7941,1,4,99.99,164,102.4,249.6
2026-05-24T06:01:53,100.0,1717,7941,0,5,99.99,103,102.6,249.6
2026-05-24T06:01:58,100.0,1723,7941,0,6,99.99,137,104.2,249.6
2026-05-24T06:02:04,99.9,1717,7941,0,5,99.99,132,102.8,249.6
2026-05-24T06:02:09,100.0,1719,7941,0,5,99.99,104,104.6,249.6
2026-05-24T06:02:14,99.9,1714,7941,1,4,99.99,140,102.6,249.6
2026-05-24T06:02:20,100.0,1711,7941,0,5,99.99,128,103.8,249.6
2026-05-24T06:02:25,100.0,1712,7941,0,5,99.99,144,102.8,249.6
2026-05-24T06:02:31,100.0,1719,7941,0,6,99.99,108,104.5,249.6
2026-05-24T06:02:36,100.0,1719,7941,0,6,99.99,105,103.8,249.6
2026-05-24T06:02:41,99.7,1740,7941,0,6,99.99,155,102.0,249.6
2026-05-24T06:02:47,99.9,1730,7941,0,7,99.99,136,104.8,249.6
2026-05-24T06:02:52,99.9,1720,7941,0,5,99.99,118,102.9,249.6
2026-05-24T06:02:57,99.9,1724,7941,0,5,99.99,143,103.8,249.6
2026-05-24T06:03:03,99.9,1722,7941,0,5,99.99,122,104.0,249.6
2026-05-24T06:03:08,100.0,1713,7941,0,5,99.99,139,102.2,249.6
2026-05-24T06:03:13,99.9,1711,7941,0,4,99.99,125,102.5,249.6
2026-05-24T06:03:19,100.0,1716,7941,0,4,99.99,126,103.0,249.6
2026-05-24T06:03:24,99.9,1711,7941,0,4,99.99,123,101.8,249.6
2026-05-24T06:03:29,99.9,1715,7941,0,4,99.99,140,101.9,249.6
2026-05-24T06:03:35,100.0,1719,7941,0,4,99.99,143,104.0,249.6
2026-05-24T06:03:40,99.9,1719,7941,0,6,99.99,121,102.4,249.6
2026-05-24T06:03:46,99.9,1725,7941,0,8,99.99,123,104.7,249.6
2026-05-24T06:03:51,100.0,1722,7941,0,9,99.99,134,103.2,249.6
2026-05-24T06:03:56,99.9,1714,7941,0,6,99.99,147,103.2,249.6
2026-05-24T06:04:02,100.0,1713,7941,0,5,99.99,134,104.4,249.6
2026-05-24T06:04:07,99.8,1717,7941,1,4,99.99,126,103.0,249.6
2026-05-24T06:04:12,99.9,1717,7941,0,5,99.99,126,103.8,249.6
2026-05-24T06:04:18,99.9,1714,7941,0,5,99.99,141,103.5,249.6
2026-05-24T06:04:23,99.9,1719,7941,0,5,99.99,130,103.2,249.6
2026-05-24T06:04:29,99.8,1722,7941,0,6,99.99,136,103.7,249.6
2026-05-24T06:04:34,100.0,1715,7941,0,6,99.99,142,104.0,249.6
2026-05-24T06:04:39,100.0,1715,7941,0,6,99.99,113,103.6,249.6
2026-05-24T06:04:45,100.0,1710,7941,0,5,99.99,173,104.7,249.6
2026-05-24T06:04:50,100.0,1711,7941,0,5,99.99,132,103.4,249.6
2026-05-24T06:04:55,100.0,1710,7941,0,5,99.99,136,103.8,249.6
2026-05-24T06:05:01,100.0,1715,7941,0,5,99.99,142,104.4,249.6
2026-05-24T06:05:06,99.9,1714,7941,0,4,99.99,123,103.6,249.6
2026-05-24T06:05:11,99.9,1710,7941,0,4,99.99,116,102.8,249.6
2026-05-24T06:05:17,100.0,1683,7941,0,4,99.99,144,103.0,249.6
2026-05-24T06:05:22,100.0,1692,7941,0,5,99.99,137,104.7,249.6
2026-05-24T06:05:27,100.0,1686,7941,0,7,99.99,109,103.2,249.6
2026-05-24T06:05:33,100.0,1683,7941,0,6,99.99,154,104.7,249.6
2026-05-24T06:05:38,99.9,1684,7941,0,5,99.99,136,103.0,249.6
2026-05-24T06:05:43,100.0,1682,7941,0,5,99.99,130,103.6,249.6
2026-05-24T06:05:49,99.9,1677,7941,0,5,99.99,142,102.6,249.6
2026-05-24T06:05:54,99.9,1679,7941,0,5,99.99,142,102.1,249.6
2026-05-24T06:05:59,99.9,1683,7941,0,4,99.99,120,102.5,249.6
2026-05-24T06:06:05,100.0,1692,7941,0,6,99.99,137,104.0,249.6
2026-05-24T06:06:10,100.0,1682,7941,0,5,99.99,140,105.4,249.6
2026-05-24T06:06:15,99.9,1678,7941,0,5,99.99,146,102.8,249.6
2026-05-24T06:06:21,99.9,1683,7941,0,5,99.99,120,102.9,249.6
2026-05-24T06:06:26,100.0,1685,7941,0,5,99.99,148,104.4,249.6
2026-05-24T06:06:31,99.9,1695,7941,1,4,99.99,140,103.1,249.6
2026-05-24T06:06:37,100.0,1697,7941,0,5,99.99,140,104.4,249.6
2026-05-24T06:06:42,99.9,1688,7941,0,5,99.99,139,104.0,249.6
2026-05-24T06:06:48,100.0,1691,7941,0,6,99.99,133,104.5,249.6
2026-05-24T06:06:53,100.0,1686,7941,0,5,99.99,103,102.0,249.6
2026-05-24T06:06:58,100.0,1691,7941,0,6,99.99,146,103.9,249.6
2026-05-24T06:07:04,99.9,1690,7941,0,6,99.99,158,102.7,249.6
2026-05-24T06:07:09,99.9,1686,7941,0,6,99.99,122,104.0,249.6
2026-05-24T06:07:14,100.0,1681,7941,0,5,99.99,135,104.8,249.6
2026-05-24T06:07:20,100.0,1682,7941,0,5,99.99,139,104.5,249.6
2026-05-24T06:07:25,100.0,1681,7941,0,5,99.99,124,102.5,249.6
2026-05-24T06:07:30,100.0,1682,7941,0,5,99.99,130,104.4,249.6
2026-05-24T06:07:36,99.9,1674,7941,0,5,99.99,128,102.2,249.6
2026-05-24T06:07:41,100.0,1674,7941,0,5,99.99,148,103.5,249.6
2026-05-24T06:07:46,100.0,1680,7941,0,5,99.99,139,102.9,249.6
2026-05-24T06:07:52,99.9,1676,7941,0,5,99.99,119,103.3,249.6
2026-05-24T06:07:57,100.0,1673,7941,0,5,99.99,151,103.8,249.6
2026-05-24T06:08:02,100.0,1680,7941,0,4,99.99,131,104.5,249.6
2026-05-24T06:08:08,100.0,1677,7941,0,5,99.99,134,104.6,249.6
2026-05-24T06:08:13,100.0,1674,7941,1,4,99.99,136,104.0,249.6
2026-05-24T06:08:19,100.0,1679,7941,0,4,99.99,133,104.7,249.6
2026-05-24T06:08:24,100.0,1676,7941,0,4,99.99,138,103.6,249.6
2026-05-24T06:08:29,99.9,1682,7941,0,4,99.99,131,103.8,249.6
2026-05-24T06:08:35,100.0,1677,7941,0,4,99.99,125,103.2,249.6
2026-05-24T06:08:40,100.0,1682,7941,0,4,99.99,127,104.7,249.6
2026-05-24T06:08:45,100.0,1688,7941,0,5,99.99,129,102.6,249.6
2026-05-24T06:08:51,100.0,1690,7941,0,8,99.99,120,104.7,249.6
2026-05-24T06:08:56,100.0,1685,7941,0,8,99.99,143,103.7,249.6
2026-05-24T06:09:02,100.0,1682,7941,0,7,99.99,155,104.5,249.6
2026-05-24T06:09:07,99.8,1684,7941,1,5,99.99,108,105.6,249.6
2026-05-24T06:09:13,99.9,1685,7941,0,5,99.99,124,102.0,249.6
2026-05-24T06:09:18,100.0,1683,7941,0,4,99.99,155,103.7,249.6
2026-05-24T06:09:23,99.9,1678,7941,0,4,99.99,121,105.6,249.6
2026-05-24T06:09:29,100.0,1675,7941,0,4,99.99,140,103.8,249.6
2026-05-24T06:09:34,99.9,1678,7941,0,5,99.99,143,103.8,249.6
2026-05-24T06:09:40,100.0,1692,7941,1,6,99.99,137,105.6,249.6
2026-05-24T06:09:45,99.9,1680,7941,0,6,99.99,126,101.6,249.6
2026-05-24T06:09:50,99.8,1681,7941,0,7,99.99,127,103.0,249.6
2026-05-24T06:09:56,100.0,1681,7941,0,7,99.99,133,105.2,249.6
2026-05-24T06:10:01,100.0,1679,7941,1,5,99.99,160,103.7,249.6
2026-05-24T06:10:07,99.7,1678,7941,0,6,99.99,117,108.0,249.6
2026-05-24T06:10:12,99.8,1683,7941,0,6,99.99,146,103.5,249.6
2026-05-24T06:10:17,99.9,1681,7941,0,5,99.99,124,102.0,249.6
2026-05-24T06:10:23,99.9,1686,7941,0,5,99.99,127,102.9,249.6
2026-05-24T06:10:28,100.0,1677,7941,0,4,99.99,132,104.6,249.6
2026-05-24T06:10:33,99.9,1672,7941,0,4,99.99,124,101.6,249.6
2026-05-24T06:10:39,99.9,1678,7941,0,2,99.99,138,102.0,249.6
2026-05-24T06:10:44,99.9,1695,7941,0,4,99.99,134,100.2,249.6
2026-05-24T06:10:49,99.9,1682,7941,0,4,99.99,116,102.2,249.6
2026-05-24T06:10:55,100.0,1689,7941,0,5,99.99,144,104.2,249.6
2026-05-24T06:11:00,99.9,1688,7941,0,6,99.99,129,103.9,249.6
2026-05-24T06:11:05,100.0,1684,7941,0,6,99.99,124,103.9,249.6
2026-05-24T06:11:11,99.9,1680,7941,0,6,99.99,138,101.6,249.6
2026-05-24T06:11:16,100.0,1678,7941,0,5,99.99,131,103.8,249.6
2026-05-24T06:11:21,100.0,1694,7941,0,5,99.99,149,103.8,249.6
2026-05-24T06:11:27,99.8,1680,7941,1,4,99.99,127,102.5,249.6
2026-05-24T06:11:32,100.0,1679,7941,0,5,99.99,125,102.2,249.6
2026-05-24T06:11:37,100.0,1679,7941,0,5,99.99,147,105.3,249.6
2026-05-24T06:11:43,100.0,1685,7941,0,5,99.99,121,105.0,249.6
2026-05-24T06:11:48,100.0,1678,7941,0,5,99.99,147,103.8,249.6
2026-05-24T06:11:53,100.0,1683,7941,0,5,99.99,145,104.5,249.6
2026-05-24T06:11:59,100.0,1686,7941,0,5,99.99,115,104.4,249.6
2026-05-24T06:12:04,99.9,1686,7941,0,3,99.99,135,102.6,249.6
2026-05-24T06:12:10,100.0,1685,7941,0,4,99.99,130,103.6,249.6
2026-05-24T06:12:15,99.9,1690,7941,0,5,99.99,129,102.6,249.6
2026-05-24T06:12:20,100.0,1684,7941,0,6,99.99,104,103.8,249.6
2026-05-24T06:12:25,99.8,1678,7941,0,5,99.99,152,101.8,249.6
2026-05-24T06:12:31,100.0,1686,7941,0,5,99.99,139,104.6,249.6
2026-05-24T06:12:36,100.0,1683,7941,0,5,99.99,134,103.7,249.6
2026-05-24T06:12:42,100.0,1681,7941,0,2,99.99,139,101.6,249.6
2026-05-24T06:12:47,99.8,1682,7941,0,4,99.99,135,102.0,249.6
2026-05-24T06:12:52,100.0,1689,7941,0,4,99.99,126,104.6,249.6
2026-05-24T06:12:58,100.0,1683,7941,0,5,99.99,129,103.3,249.6
2026-05-24T06:13:03,100.0,1691,7941,0,7,99.99,97,103.4,249.6
2026-05-24T06:13:08,100.0,1699,7941,0,8,99.99,137,104.5,249.6
2026-05-24T06:13:14,99.9,1687,7941,0,6,99.99,147,103.2,249.6
2026-05-24T06:13:19,99.9,1678,7941,0,5,99.99,146,103.9,249.6
2026-05-24T06:13:24,100.0,1686,7941,0,5,99.99,138,104.0,249.6
2026-05-24T06:13:30,100.0,1696,7941,0,5,99.99,123,105.0,249.6
2026-05-24T06:13:35,100.0,1689,7941,0,5,99.99,133,103.4,249.6
2026-05-24T06:13:41,100.0,1694,7941,0,6,99.99,125,104.6,249.6
2026-05-24T06:13:46,99.9,1689,7941,0,7,99.99,133,102.2,249.6
2026-05-24T06:13:51,100.0,1685,7941,0,6,99.99,145,102.2,249.6
2026-05-24T06:13:57,100.0,1680,7941,2,3,99.99,116,104.7,249.6
2026-05-24T06:14:02,100.0,1685,7941,0,5,99.99,136,104.0,249.6
2026-05-24T06:14:07,99.9,1687,7941,0,5,99.99,134,103.8,249.6
2026-05-24T06:14:13,100.0,1690,7941,0,4,99.99,114,104.0,249.6
2026-05-24T06:14:18,100.0,1683,7941,0,4,99.99,127,103.8,249.6
2026-05-24T06:14:23,100.0,1686,7941,0,4,99.99,139,103.4,249.6
2026-05-24T06:14:29,99.9,1681,7941,0,4,99.99,141,103.0,249.6
2026-05-24T06:14:34,100.0,1692,7941,0,6,99.99,130,103.3,249.6
2026-05-24T06:14:39,99.9,1690,7941,0,8,99.99,147,104.5,249.6
2026-05-24T06:14:45,100.0,1686,7941,0,8,99.99,115,103.6,249.6
2026-05-24T06:14:50,100.0,1686,7941,0,8,99.99,117,103.4,249.6
2026-05-24T06:14:56,100.0,1677,7941,0,5,99.99,146,105.3,249.6
2026-05-24T06:15:01,100.0,1679,7941,1,3,99.99,161,104.8,249.6
2026-05-24T06:15:07,99.6,1680,7941,0,4,99.99,90,104.4,249.6
2026-05-24T06:15:12,99.8,1677,7941,1,3,99.99,132,103.1,249.6
2026-05-24T06:15:17,100.0,1687,7941,1,3,99.99,134,104.2,249.6
2026-05-24T06:15:23,99.9,1689,7941,0,6,99.99,115,101.5,249.6
2026-05-24T06:15:28,99.9,1689,7941,0,8,99.99,122,102.9,249.6
2026-05-24T06:15:33,100.0,1690,7941,0,9,99.99,130,103.8,249.6
2026-05-24T06:15:39,100.0,1681,7941,0,7,99.99,151,101.1,249.6
2026-05-24T06:15:44,100.0,1689,7941,0,5,99.99,144,104.1,249.6
2026-05-24T06:15:49,99.9,1686,7941,0,5,99.99,137,102.2,249.6
2026-05-24T06:15:55,99.9,1682,7941,0,5,99.99,132,103.3,249.6
2026-05-24T06:16:00,100.0,1678,7941,0,5,99.99,131,102.3,249.6
2026-05-24T06:16:05,100.0,1680,7941,0,5,99.99,120,104.9,249.6
2026-05-24T06:16:11,100.0,1689,7941,0,4,99.99,141,103.2,249.6
2026-05-24T06:16:16,99.9,1685,7941,0,5,99.99,135,104.0,249.6
2026-05-24T06:16:21,99.9,1679,7941,0,5,99.99,134,102.2,249.6
2026-05-24T06:16:27,100.0,1683,7941,0,6,99.99,130,103.5,249.6
2026-05-24T06:16:32,100.0,1683,7941,0,4,99.99,140,103.2,249.6
2026-05-24T06:16:37,99.9,1685,7941,0,4,99.99,132,103.2,249.6
2026-05-24T06:16:43,100.0,1694,7941,0,4,99.99,129,105.0,249.6
2026-05-24T06:16:48,100.0,1680,7941,1,3,99.99,149,102.4,249.6
2026-05-24T06:16:54,100.0,1692,7941,0,6,99.99,128,106.5,249.6
2026-05-24T06:16:59,99.9,1692,7941,0,8,99.99,108,104.2,249.6
2026-05-24T06:17:04,100.0,1685,7941,0,6,99.99,154,103.0,249.6
2026-05-24T06:17:10,99.8,1700,7941,0,6,99.99,133,102.6,249.6
2026-05-24T06:17:15,100.0,1704,7941,0,6,99.99,138,103.8,249.6
2026-05-24T06:17:20,99.9,1691,7941,0,5,99.99,136,102.8,249.6
2026-05-24T06:17:26,100.0,1693,7941,0,5,99.99,130,104.6,249.6
2026-05-24T06:17:31,99.9,1684,7941,0,5,99.99,134,101.9,249.6
2026-05-24T06:17:36,100.0,1685,7941,0,5,99.99,127,102.1,249.6
2026-05-24T06:17:42,99.9,1685,7941,0,5,99.99,138,104.0,249.6
2026-05-24T06:17:47,100.0,1691,7941,0,5,99.99,156,102.6,249.6
2026-05-24T06:17:53,99.8,1694,7941,0,5,99.99,110,103.6,249.6
2026-05-24T06:17:58,99.9,1688,7941,0,5,99.99,148,103.6,249.6
2026-05-24T06:18:03,99.8,1693,7941,0,6,99.99,124,103.1,249.6
2026-05-24T06:18:09,100.0,1694,7941,0,6,99.99,117,105.0,249.6
2026-05-24T06:18:14,99.9,1699,7941,0,6,99.99,154,104.2,249.6
2026-05-24T06:18:20,100.0,1701,7941,0,5,99.99,134,104.2,249.6
2026-05-24T06:18:25,99.9,1693,7941,0,6,99.99,131,104.8,249.6
2026-05-24T06:18:30,99.9,1684,7941,0,5,99.99,117,103.0,249.6
2026-05-24T06:18:36,100.0,1688,7941,1,3,99.99,138,103.6,249.6
2026-05-24T06:18:41,100.0,1718,7941,0,4,99.99,127,103.5,249.6
2026-05-24T06:18:46,99.9,1685,7941,0,4,99.99,146,102.5,249.6
2026-05-24T06:18:52,99.8,1692,7941,0,4,99.99,127,101.6,249.6
2026-05-24T06:18:57,100.0,1691,7941,0,4,99.99,128,102.3,249.6
2026-05-24T06:19:02,99.9,1697,7941,0,5,99.99,139,102.0,249.6
2026-05-24T06:19:08,99.8,1694,7941,0,6,99.99,116,104.8,249.6
2026-05-24T06:19:13,100.0,1703,7941,0,7,99.99,119,104.5,249.6
2026-05-24T06:19:19,99.8,1697,7941,0,8,99.99,131,103.4,249.6
2026-05-24T06:19:24,100.0,1694,7941,0,7,99.99,135,103.4,249.6
2026-05-24T06:19:29,100.0,1689,7941,0,6,99.99,127,103.6,249.6
2026-05-24T06:19:35,100.0,1688,7941,0,6,99.99,154,102.6,249.6
2026-05-24T06:19:40,100.0,1690,7941,0,5,99.99,136,106.2,249.6
2026-05-24T06:19:45,99.9,1692,7941,1,3,99.99,127,101.4,249.6
2026-05-24T06:19:51,100.0,1702,7941,0,5,99.99,123,105.5,249.6
2026-05-24T06:19:56,100.0,1686,7941,0,5,99.99,150,104.0,249.6
2026-05-24T06:20:02,99.7,1688,7941,0,5,99.99,127,104.0,249.6
2026-05-24T06:20:08,99.6,1687,7941,1,4,99.99,90,117.2,249.6
2026-05-24T06:20:14,99.9,1693,7941,0,5,99.99,117,104.6,249.6
2026-05-24T06:20:19,99.9,1688,7941,0,5,99.99,118,105.0,249.6
2026-05-24T06:20:25,100.0,1699,7941,0,6,99.99,129,106.6,249.6
2026-05-24T06:20:30,100.0,1696,7941,0,8,99.99,113,103.9,249.6
2026-05-24T06:20:35,99.9,1700,7941,0,7,99.99,151,104.3,249.6
2026-05-24T06:20:41,100.0,1699,7941,0,7,99.99,128,105.3,249.6
2026-05-24T06:20:46,99.9,1687,7941,0,5,99.99,155,102.2,249.6
2026-05-24T06:20:51,100.0,1689,7941,0,5,99.99,117,101.0,249.6
2026-05-24T06:20:57,99.9,1684,7941,0,4,99.99,138,101.9,249.6
2026-05-24T06:21:02,100.0,1688,7941,0,4,99.99,121,103.9,249.6
2026-05-24T06:21:08,99.9,1694,7941,0,4,99.99,117,104.8,249.6
2026-05-24T06:21:13,99.9,1687,7941,0,4,99.99,136,105.1,249.6
2026-05-24T06:21:19,100.0,1696,7941,0,4,99.99,144,105.8,249.6
2026-05-24T06:21:24,100.0,1702,7941,0,8,99.99,141,106.0,249.6
2026-05-24T06:21:29,100.0,1697,7941,0,8,99.99,134,105.2,249.6
2026-05-24T06:21:35,99.9,1699,7941,0,8,99.99,121,104.6,249.6
2026-05-24T06:21:40,100.0,1692,7941,0,6,99.99,141,103.4,249.6
2026-05-24T06:21:46,100.0,1689,7941,0,5,99.99,134,104.4,249.6
2026-05-24T06:21:51,100.0,1690,7941,0,5,99.99,128,102.8,249.6
2026-05-24T06:21:56,99.9,1691,7941,0,5,99.99,135,102.0,249.6
2026-05-24T06:22:02,100.0,1695,7941,0,5,99.99,130,104.2,249.6
2026-05-24T06:22:07,100.0,1693,7941,0,5,99.99,133,103.9,249.6
2026-05-24T06:22:12,99.9,1696,7941,0,6,99.99,129,103.4,249.6
2026-05-24T06:22:18,100.0,1693,7941,0,8,99.99,112,104.3,249.6
2026-05-24T06:22:23,100.0,1683,7941,0,6,99.99,137,102.0,249.6
2026-05-24T06:22:29,99.9,1682,7941,0,5,99.99,143,103.8,249.6
2026-05-24T06:22:34,100.0,1692,7941,0,5,99.99,136,104.0,249.6
2026-05-24T06:22:39,100.0,1695,7941,0,5,99.99,117,105.0,249.6
2026-05-24T06:22:45,99.9,1683,7941,0,5,99.99,121,102.5,249.6
2026-05-24T06:22:50,99.9,1683,7941,0,5,99.99,146,104.9,249.6
2026-05-24T06:22:56,99.9,1688,7941,0,6,99.99,122,104.2,249.6
2026-05-24T06:23:01,100.0,1686,7941,1,5,99.99,139,105.4,249.6
2026-05-24T06:23:06,99.9,1691,7941,0,4,99.99,137,104.4,249.6
2026-05-24T06:23:12,99.9,1683,7941,0,5,99.99,119,103.0,249.6
2026-05-24T06:23:17,100.0,1687,7941,0,5,99.99,134,102.9,249.6
2026-05-24T06:23:23,100.0,1688,7941,0,5,99.99,140,104.5,249.6
2026-05-24T06:23:28,100.0,1684,7941,1,4,99.99,127,102.5,249.6
2026-05-24T06:23:33,100.0,1688,7941,0,5,99.99,123,104.2,249.6
2026-05-24T06:23:39,99.9,1695,7941,0,5,99.99,140,104.9,249.6
2026-05-24T06:23:44,99.9,1692,7941,0,6,99.99,127,103.9,249.6
2026-05-24T06:23:50,100.0,1694,7941,0,7,99.99,129,104.6,249.6
2026-05-24T06:23:55,100.0,1698,7941,0,7,99.99,128,104.2,249.6
2026-05-24T06:24:00,100.0,1692,7941,0,6,99.99,143,105.2,249.6
2026-05-24T06:24:06,99.8,1687,7941,0,6,99.99,141,103.6,249.6
2026-05-24T06:24:11,100.0,1697,7941,0,5,99.99,132,104.0,249.6
2026-05-24T06:24:17,100.0,1688,7941,0,5,99.99,125,103.8,249.6
2026-05-24T06:24:22,100.0,1697,7941,0,4,99.99,132,103.5,249.6
2026-05-24T06:24:28,100.0,1700,7941,0,4,99.99,138,105.8,249.6
2026-05-24T06:24:33,99.9,1691,7941,0,4,99.99,126,105.1,249.6
2026-05-24T06:24:38,99.9,1743,7941,0,4,99.99,119,96.2,249.6
2026-05-24T06:24:44,100.0,1734,7941,0,5,99.99,136,103.2,249.6
2026-05-24T06:24:49,99.9,1740,7941,0,7,99.99,119,100.2,249.6
2026-05-24T06:24:54,100.0,1697,7941,0,8,99.99,138,100.1,249.6
2026-05-24T06:25:00,100.0,1691,7941,0,8,99.99,123,103.8,249.6
2026-05-24T06:25:05,99.4,1691,7941,0,7,99.99,106,99.9,249.6
2026-05-24T06:25:11,99.9,1687,7941,0,5,99.99,127,105.2,249.6
2026-05-24T06:25:16,99.9,1690,7941,0,5,99.99,123,105.7,249.6
2026-05-24T06:25:22,100.0,1689,7941,0,5,99.99,138,103.0,249.6
2026-05-24T06:25:27,100.0,1696,7941,0,5,99.99,110,105.0,249.6
2026-05-24T06:25:33,99.8,1697,7941,0,6,99.99,140,104.6,249.6
2026-05-24T06:25:38,100.0,1686,7941,0,5,99.99,129,104.8,249.6
2026-05-24T06:25:43,100.0,1688,7941,0,5,99.99,140,103.8,249.6
2026-05-24T06:25:49,100.0,1689,7941,0,5,99.99,141,103.0,249.6
2026-05-24T06:25:54,99.8,1692,7941,1,4,99.99,133,104.4,249.6
2026-05-24T06:26:00,99.9,1695,7941,0,5,99.99,135,103.3,249.6
2026-05-24T06:26:05,100.0,1696,7941,1,4,99.99,128,102.6,249.6
2026-05-24T06:26:10,99.9,1694,7941,0,5,99.99,131,103.6,249.6
2026-05-24T06:26:16,100.0,1688,7941,0,5,99.99,134,102.6,249.6
2026-05-24T06:26:21,99.9,1690,7941,1,4,99.99,104,102.7,249.6
2026-05-24T06:26:26,100.0,1691,7941,0,6,99.99,109,101.8,249.6
2026-05-24T06:26:32,99.9,1697,7941,0,8,99.99,132,102.6,249.6
2026-05-24T06:26:37,99.9,1689,7941,0,6,99.99,144,102.6,249.6
2026-05-24T06:26:42,100.0,1698,7941,0,5,99.99,141,103.5,249.6
2026-05-24T06:26:48,99.9,1694,7941,0,5,99.99,145,104.0,249.6
2026-05-24T06:26:53,100.0,1691,7941,0,5,99.99,129,104.5,249.6
2026-05-24T06:26:58,99.9,1692,7941,0,5,99.99,130,104.6,249.6
2026-05-24T06:27:04,100.0,1693,7941,0,5,99.99,127,105.2,249.6
2026-05-24T06:27:09,100.0,1690,7941,0,5,99.99,129,103.4,249.6
2026-05-24T06:27:15,99.9,1691,7941,0,5,99.99,116,102.5,249.6
2026-05-24T06:27:20,100.0,1698,7941,0,5,99.99,117,104.2,249.6
2026-05-24T06:27:25,99.6,1698,7941,0,5,99.99,144,101.2,249.6
2026-05-24T06:27:31,100.0,1697,7941,0,4,99.99,108,102.9,249.6
2026-05-24T06:27:36,100.0,1698,7941,0,6,99.99,166,104.8,249.6
2026-05-24T06:27:41,99.9,1708,7941,0,6,99.99,112,102.0,249.6
2026-05-24T06:27:47,100.0,1687,7941,0,4,99.99,115,103.4,249.6
2026-05-24T06:27:52,99.9,1691,7941,0,4,99.99,124,103.4,249.6
2026-05-24T06:27:57,100.0,1688,7941,0,4,99.99,149,101.8,249.6
2026-05-24T06:28:03,99.8,1692,7941,0,4,99.99,117,102.2,249.6
2026-05-24T06:28:08,100.0,1698,7941,0,5,99.99,128,105.7,249.6
2026-05-24T06:28:14,99.9,1701,7941,0,8,99.99,130,104.4,249.6
2026-05-24T06:28:19,100.0,1699,7941,0,8,99.99,140,104.2,249.6
2026-05-24T06:28:25,99.9,1697,7941,0,6,99.99,144,104.1,249.6
2026-05-24T06:28:30,100.0,1697,7941,0,5,99.99,119,104.2,249.6
2026-05-24T06:28:35,99.9,1686,7941,0,5,99.99,134,102.6,249.6
2026-05-24T06:28:41,100.0,1688,7941,0,5,99.99,139,102.8,249.6
2026-05-24T06:28:46,100.0,1690,7941,0,5,99.99,128,103.8,249.6
2026-05-24T06:28:51,99.9,1687,7941,0,4,99.99,145,101.6,249.6
2026-05-24T06:28:57,100.0,1688,7941,0,5,99.99,123,104.1,249.6
2026-05-24T06:29:02,100.0,1702,7941,0,5,99.99,136,105.0,249.6
2026-05-24T06:29:08,100.0,1702,7941,0,5,99.99,121,105.0,249.6
2026-05-24T06:29:13,100.0,1694,7941,0,5,99.99,122,104.9,249.6
2026-05-24T06:29:19,100.0,1691,7941,0,4,99.99,117,104.4,249.6
2026-05-24T06:29:24,99.9,1693,7941,0,5,99.99,162,102.2,249.6
2026-05-24T06:29:29,100.0,1696,7941,0,5,99.99,138,103.5,249.6
2026-05-24T06:29:35,100.0,1687,7941,0,4,99.99,135,104.8,249.6
2026-05-24T06:29:40,100.0,1689,7941,0,5,99.99,129,104.4,249.6
2026-05-24T06:29:45,100.0,1690,7941,0,5,99.99,133,103.2,249.6
2026-05-24T06:29:51,100.0,1694,7941,0,5,99.99,122,104.4,249.6
2026-05-24T06:29:56,100.0,1690,7941,0,6,99.99,131,103.0,249.6
2026-05-24T06:30:01,100.0,1685,7941,1,3,99.99,160,105.2,249.6
2026-05-24T06:30:07,99.7,1686,7941,0,4,99.99,107,112.5,249.6
2026-05-24T06:30:13,100.0,1689,7941,0,3,99.99,127,105.9,249.6
2026-05-24T06:30:18,99.9,1692,7941,0,4,99.99,151,103.6,249.6
2026-05-24T06:30:24,100.0,1699,7941,0,8,99.99,122,103.7,249.6
2026-05-24T06:30:29,99.9,1701,7941,0,8,99.99,131,104.7,249.6
2026-05-24T06:30:34,100.0,1701,7941,0,8,99.99,141,104.0,249.6
2026-05-24T06:30:40,100.0,1689,7941,0,6,99.99,136,103.2,249.6
2026-05-24T06:30:45,100.0,1696,7941,0,5,99.99,154,104.5,249.6
2026-05-24T06:30:51,100.0,1698,7941,0,5,99.99,127,104.3,249.6
2026-05-24T06:30:56,100.0,1693,7941,0,5,99.99,145,102.8,249.6
2026-05-24T06:31:01,99.9,1695,7941,1,4,99.99,119,102.6,249.6
2026-05-24T06:31:06,99.9,1688,7941,0,5,99.99,141,102.6,249.6
2026-05-24T06:31:12,100.0,1692,7941,0,5,99.99,135,104.2,249.6
2026-05-24T06:31:17,100.0,1692,7941,0,5,99.99,136,104.8,249.6
2026-05-24T06:31:23,100.0,1694,7941,0,5,99.99,140,104.0,249.6
2026-05-24T06:31:28,100.0,1690,7941,0,5,99.99,122,102.3,249.6
2026-05-24T06:31:33,100.0,1697,7941,0,5,99.99,135,102.8,249.6
2026-05-24T06:31:39,100.0,1697,7941,0,4,99.99,143,104.0,249.6
2026-05-24T06:31:44,100.0,1704,7941,0,4,99.99,156,102.3,249.6
2026-05-24T06:31:49,99.9,1698,7941,0,4,99.99,113,102.8,249.6
2026-05-24T06:31:55,100.0,1703,7941,0,4,99.99,156,103.6,249.6
2026-05-24T06:32:00,100.0,1692,7941,0,5,99.99,127,102.8,249.6
2026-05-24T06:32:05,99.9,1698,7941,0,7,99.99,134,103.3,249.6
2026-05-24T06:32:11,100.0,1706,7941,0,8,99.99,139,103.9,249.6
2026-05-24T06:32:16,100.0,1698,7941,1,6,99.99,138,103.4,249.6
2026-05-24T06:32:21,100.0,1704,7941,0,8,99.99,133,103.6,249.6
2026-05-24T06:32:27,100.0,1690,7941,0,5,99.99,143,104.4,249.6
2026-05-24T06:32:32,100.0,1694,7941,0,5,99.99,138,103.2,249.6
2026-05-24T06:32:38,99.9,1692,7941,0,5,99.99,118,104.3,249.6
2026-05-24T06:32:43,100.0,1697,7941,0,5,99.99,150,104.8,249.6
2026-05-24T06:32:48,99.9,1690,7941,0,5,99.99,147,103.6,249.6
2026-05-24T06:32:54,100.0,1701,7941,1,5,99.99,117,104.5,249.6
2026-05-24T06:32:59,100.0,1692,7941,0,5,99.99,155,104.4,249.6
2026-05-24T06:33:04,100.0,1697,7941,0,4,99.99,107,103.7,249.6
2026-05-24T06:33:10,100.0,1700,7941,0,5,99.99,142,104.7,249.6
2026-05-24T06:33:15,100.0,1693,7941,0,5,99.99,136,105.1,249.6
2026-05-24T06:33:21,100.0,1690,7941,0,4,99.99,133,102.1,249.6
2026-05-24T06:33:26,99.9,1703,7941,0,6,99.99,126,103.8,249.6
2026-05-24T06:33:31,100.0,1704,7941,0,6,99.99,141,102.5,249.6
2026-05-24T06:33:37,100.0,1697,7941,0,6,99.99,135,104.4,249.6
2026-05-24T06:33:42,99.9,1698,7941,0,7,99.99,131,102.2,249.6
2026-05-24T06:33:47,100.0,1690,7941,0,5,99.99,146,102.6,249.6
2026-05-24T06:33:53,99.9,1691,7941,0,4,99.99,131,102.2,249.6
2026-05-24T06:33:58,99.9,1688,7941,0,4,99.99,128,102.2,249.6
2026-05-24T06:34:03,99.9,1693,7941,0,4,99.99,130,102.6,249.6
2026-05-24T06:34:09,100.0,1699,7941,0,5,99.99,112,104.0,249.6
2026-05-24T06:34:14,99.9,1694,7941,0,5,99.99,154,102.8,249.6
2026-05-24T06:34:19,100.0,1694,7941,0,5,99.99,136,103.0,249.6
2026-05-24T06:34:25,100.0,1698,7941,0,6,99.99,124,102.9,249.6
2026-05-24T06:34:30,99.9,1694,7941,0,5,99.99,132,102.0,249.6
2026-05-24T06:34:35,100.0,1692,7941,0,5,99.99,143,102.4,249.6
2026-05-24T06:34:40,100.0,1705,7941,0,5,99.99,150,104.9,249.6
2026-05-24T06:34:46,100.0,1692,7941,0,5,99.99,132,104.2,249.6
2026-05-24T06:34:51,100.0,1695,7941,0,5,99.99,119,104.1,249.6
2026-05-24T06:34:57,99.8,1696,7941,0,5,99.99,138,102.8,249.6
2026-05-24T06:35:02,100.0,1704,7941,1,5,99.99,139,103.0,249.6
2026-05-24T06:35:07,99.7,1694,7941,1,4,99.99,102,104.8,249.6
2026-05-24T06:35:13,100.0,1701,7941,0,5,99.99,134,104.6,249.6
2026-05-24T06:35:18,99.9,1692,7941,0,3,99.99,134,104.8,249.6
2026-05-24T06:35:24,99.9,1699,7941,0,4,99.99,129,102.6,249.6
2026-05-24T06:35:29,100.0,1707,7941,0,4,99.99,135,105.0,249.6
2026-05-24T06:35:34,100.0,1707,7941,0,5,99.99,132,104.7,249.6
2026-05-24T06:35:40,100.0,1712,7941,0,7,99.99,122,105.0,249.6
2026-05-24T06:35:45,100.0,1705,7941,0,8,99.99,120,103.6,249.6
2026-05-24T06:35:51,100.0,1697,7941,0,7,99.99,150,102.4,249.6
2026-05-24T06:35:56,99.9,1692,7941,0,6,99.99,133,102.6,249.6
2026-05-24T06:36:01,99.9,1693,7941,0,5,99.99,159,102.6,249.6
2026-05-24T06:36:07,100.0,1691,7941,0,5,99.99,132,105.4,249.6
2026-05-24T06:36:12,100.0,1703,7941,0,5,99.99,135,105.6,249.6
2026-05-24T06:36:18,100.0,1709,7941,0,5,99.99,128,104.3,249.6
2026-05-24T06:36:23,100.0,1709,7941,0,6,99.99,123,104.2,249.6
2026-05-24T06:36:28,99.8,1779,7941,0,7,99.99,132,90.4,249.6
2026-05-24T06:36:34,100.0,1778,7941,0,6,99.99,124,93.5,249.6
2026-05-24T06:36:39,100.0,1716,7941,0,7,99.99,141,103.9,249.6
2026-05-24T06:36:44,100.0,1699,7941,0,5,99.99,124,103.8,249.6
2026-05-24T06:36:50,99.9,1702,7941,0,5,99.99,118,102.2,249.6
2026-05-24T06:36:55,99.9,1693,7941,0,5,99.99,123,102.4,249.6
2026-05-24T06:37:00,100.0,1699,7941,1,4,99.99,141,104.7,249.6
2026-05-24T06:37:06,99.9,1695,7941,0,5,99.99,130,103.6,249.6
2026-05-24T06:37:11,100.0,1696,7941,0,5,99.99,116,104.8,249.6
2026-05-24T06:37:17,100.0,1705,7941,0,5,99.99,129,105.1,249.6
2026-05-24T06:37:22,100.0,1697,7941,0,5,99.99,121,105.2,249.6
2026-05-24T06:37:28,100.0,1693,7941,0,6,99.99,125,104.7,249.6
2026-05-24T06:37:33,100.0,1693,7941,0,4,99.99,142,102.8,249.6
2026-05-24T06:37:38,100.0,1692,7941,1,4,99.99,131,105.3,249.6
2026-05-24T06:37:44,100.0,1727,7941,1,5,99.99,125,102.8,249.6
2026-05-24T06:37:49,99.9,1701,7941,0,3,99.99,147,103.0,249.6
2026-05-24T06:37:54,100.0,1709,7941,0,4,99.99,127,104.0,249.6
2026-05-24T06:38:00,100.0,1708,7941,0,5,99.99,136,105.4,249.6
2026-05-24T06:38:05,100.0,1698,7941,0,5,99.99,122,105.6,249.6
2026-05-24T06:38:11,100.0,1694,7941,1,4,99.99,135,102.9,249.6
2026-05-24T06:38:16,100.0,1700,7941,0,6,99.99,124,104.2,249.6
2026-05-24T06:38:21,99.9,1702,7941,0,6,99.99,110,103.0,249.6
2026-05-24T06:38:27,100.0,1707,7941,0,6,99.99,141,105.2,249.6
2026-05-24T06:38:32,99.9,1709,7941,0,6,99.99,117,103.5,249.6
2026-05-24T06:38:38,100.0,1708,7941,0,8,99.99,124,105.9,249.6
2026-05-24T06:38:43,99.9,1704,7941,0,6,99.99,137,104.0,249.6
2026-05-24T06:38:48,100.0,1697,7941,0,6,99.99,141,102.5,249.6
2026-05-24T06:38:54,99.9,1703,7941,0,6,99.99,143,106.0,249.6
2026-05-24T06:38:59,99.9,1706,7941,0,6,99.99,110,106.5,249.6
2026-05-24T06:39:05,100.0,1699,7941,0,5,99.99,149,102.9,249.6
2026-05-24T06:39:10,99.9,1696,7941,0,5,99.99,116,102.4,249.6
2026-05-24T06:39:16,100.0,1697,7941,0,5,99.99,123,104.0,249.6
2026-05-24T06:39:21,100.0,1702,7941,0,6,99.99,132,104.8,249.6
2026-05-24T06:39:26,100.0,1697,7941,0,7,99.99,140,103.2,249.6
2026-05-24T06:39:32,100.0,1693,7941,0,5,99.99,135,103.8,249.6
2026-05-24T06:39:37,100.0,1700,7941,0,5,99.99,134,105.2,249.6
2026-05-24T06:39:43,99.8,1706,7941,0,5,99.99,133,102.9,249.6
2026-05-24T06:39:48,99.9,1710,7941,0,5,99.99,123,103.4,249.6
2026-05-24T06:39:53,100.0,1701,7941,0,5,99.99,133,104.4,249.6
2026-05-24T06:39:59,99.9,1700,7941,0,4,99.99,129,103.0,249.6
2026-05-24T06:40:04,99.9,1699,7941,0,3,99.99,120,102.4,249.6
2026-05-24T06:40:10,100.0,1698,7941,1,3,99.99,122,107.8,249.6
2026-05-24T06:40:15,99.9,1696,7941,0,4,99.99,133,103.9,249.6
2026-05-24T06:40:21,99.9,1705,7941,0,5,99.99,109,103.9,249.6
2026-05-24T06:40:26,99.9,1705,7941,0,7,99.99,125,103.5,249.6
2026-05-24T06:40:31,99.9,1709,7941,0,8,99.99,118,104.7,249.6
2026-05-24T06:40:37,100.0,1702,7941,0,8,99.99,146,106.6,249.6
2026-05-24T06:40:42,100.0,1697,7941,0,6,99.99,146,104.5,249.6
2026-05-24T06:40:48,99.8,1695,7941,0,5,99.99,126,103.0,249.6
2026-05-24T06:40:53,99.9,1693,7941,0,5,99.99,134,105.7,249.6
2026-05-24T06:40:59,99.9,1695,7941,0,5,99.99,141,104.0,249.6
2026-05-24T06:41:04,99.9,1699,7941,0,5,99.99,125,103.2,249.6
2026-05-24T06:41:09,99.9,1697,7941,0,5,99.99,108,104.5,249.6
2026-05-24T06:41:15,100.0,1699,7941,0,5,99.99,113,104.2,249.6
2026-05-24T06:41:20,100.0,1695,7941,0,5,99.99,131,103.0,249.6
2026-05-24T06:41:26,99.9,1698,7941,0,5,99.99,124,102.5,249.6
2026-05-24T06:41:31,99.9,1707,7941,0,6,99.99,132,102.1,249.6
2026-05-24T06:41:36,100.0,1702,7941,0,6,99.99,126,103.7,249.6
2026-05-24T06:41:42,99.9,1698,7941,0,6,99.99,120,102.0,249.6
2026-05-24T06:41:47,99.9,1697,7941,0,6,99.99,136,102.2,249.6
2026-05-24T06:41:52,100.0,1693,7941,1,4,99.99,142,103.9,249.6
2026-05-24T06:41:58,99.9,1701,7941,1,4,99.99,118,106.1,249.6
2026-05-24T06:42:03,99.9,1709,7941,0,5,99.99,129,102.1,249.6
2026-05-24T06:42:09,100.0,1698,7941,0,5,99.99,129,106.2,249.6
2026-05-24T06:42:14,100.0,1693,7941,0,5,99.99,143,104.3,249.6
2026-05-24T06:42:19,100.0,1702,7941,0,6,99.99,135,105.1,249.6
2026-05-24T06:42:25,100.0,1697,7941,0,5,99.99,131,104.7,249.6
2026-05-24T06:42:30,99.9,1697,7941,0,5,99.99,115,102.3,249.6
2026-05-24T06:42:36,100.0,1692,7941,0,5,99.99,142,103.8,249.6
2026-05-24T06:42:41,99.9,1700,7941,0,5,99.99,119,103.4,249.6
2026-05-24T06:42:46,100.0,1694,7941,0,5,99.99,130,105.4,249.6
2026-05-24T06:42:52,99.9,1697,7941,0,5,99.99,135,103.5,249.6
2026-05-24T06:42:57,100.0,1698,7941,0,5,99.99,138,104.4,249.6
2026-05-24T06:43:03,100.0,1693,7941,0,4,99.99,115,103.5,249.6
2026-05-24T06:43:08,99.9,1698,7941,0,4,99.99,130,103.8,249.6
2026-05-24T06:43:13,99.9,1703,7941,0,4,99.99,117,103.2,249.6
2026-05-24T06:43:19,100.0,1700,7941,0,5,99.99,131,104.5,249.6
2026-05-24T06:43:24,99.9,1700,7941,0,7,99.99,123,101.4,249.6
2026-05-24T06:43:30,99.9,1701,7941,0,8,99.99,144,104.0,249.6
2026-05-24T06:43:35,100.0,1703,7941,0,8,99.99,134,102.4,249.6
2026-05-24T06:43:40,100.0,1691,7941,2,3,99.99,127,104.5,249.6
2026-05-24T06:43:46,99.9,1697,7941,0,5,99.99,127,105.2,249.6
2026-05-24T06:43:51,99.9,1696,7941,1,4,99.99,128,101.8,249.6
2026-05-24T06:43:56,100.0,1690,7941,0,4,99.99,136,104.4,249.6
2026-05-24T06:44:02,100.0,1698,7941,0,5,99.99,126,101.6,249.6
2026-05-24T06:44:07,100.0,1706,7941,0,5,99.99,131,105.2,249.6
2026-05-24T06:44:13,100.0,1696,7941,0,4,99.99,117,105.4,249.6
2026-05-24T06:44:18,100.0,1698,7941,0,6,99.99,131,103.6,249.6
2026-05-24T06:44:23,100.0,1710,7941,0,8,99.99,120,104.5,249.6
2026-05-24T06:44:29,99.9,1699,7941,0,7,99.99,140,103.7,249.6
2026-05-24T06:44:34,100.0,1709,7941,0,9,99.99,127,102.8,249.6
2026-05-24T06:44:40,99.9,1692,7941,0,5,99.99,129,103.0,249.6
2026-05-24T06:44:45,100.0,1697,7941,0,5,99.99,133,104.5,249.6
2026-05-24T06:44:50,99.9,1699,7941,0,5,99.99,113,102.8,249.6
2026-05-24T06:44:56,100.0,1699,7941,0,4,99.99,149,103.5,249.6
2026-05-24T06:45:01,100.0,1702,7941,0,4,99.99,130,103.2,249.6
2026-05-24T06:45:07,99.7,1692,7941,0,4,99.99,101,108.7,249.6
2026-05-24T06:45:12,100.0,1697,7941,0,4,99.99,125,103.5,249.6
2026-05-24T06:45:18,99.9,1699,7941,0,5,99.99,118,102.2,249.7
2026-05-24T06:45:23,100.0,1706,7941,0,7,99.99,116,104.4,249.7
2026-05-24T06:45:28,100.0,1699,7941,0,7,99.99,163,104.0,249.7
2026-05-24T06:45:34,100.0,1704,7941,1,9,99.99,112,103.5,249.7
2026-05-24T06:45:39,100.0,1701,7941,0,6,99.99,146,104.5,249.7
2026-05-24T06:45:45,99.8,1692,7941,1,4,99.99,144,103.4,249.7
2026-05-24T06:45:50,100.0,1698,7941,0,5,99.99,135,105.1,249.7
2026-05-24T06:45:55,100.0,1692,7941,0,5,99.99,126,103.6,249.7
2026-05-24T06:46:01,99.8,1691,7941,0,5,99.99,129,103.4,249.7
2026-05-24T06:46:06,99.9,1690,7941,0,5,99.99,121,105.0,249.7
2026-05-24T06:46:12,100.0,1694,7941,0,5,99.99,127,105.0,249.7
2026-05-24T06:46:17,100.0,1702,7941,0,5,99.99,125,103.3,249.7
2026-05-24T06:46:22,99.9,1695,7941,0,5,99.99,137,104.1,249.7
2026-05-24T06:46:28,100.0,1694,7941,0,5,99.99,136,102.7,249.7
2026-05-24T06:46:33,100.0,1696,7941,0,5,99.99,107,105.0,249.7
2026-05-24T06:46:39,100.0,1697,7941,1,3,99.99,154,104.2,249.7
2026-05-24T06:46:44,99.9,1700,7941,0,5,99.99,131,103.5,249.7
2026-05-24T06:46:49,100.0,1710,7941,0,5,99.99,120,103.5,249.7
2026-05-24T06:46:55,99.9,1700,7941,0,5,99.99,126,103.4,249.7
2026-05-24T06:47:00,100.0,1703,7941,0,6,99.99,132,103.5,249.7
2026-05-24T06:47:05,100.0,1695,7941,1,3,99.99,121,103.9,249.7
2026-05-24T06:47:11,99.9,1698,7941,0,5,99.99,126,102.6,249.7
2026-05-24T06:47:16,99.8,1699,7941,0,5,99.99,110,103.9,249.7
2026-05-24T06:47:22,99.9,1705,7941,0,5,99.99,124,105.0,249.7
2026-05-24T06:47:27,100.0,1700,7941,0,6,99.99,139,104.8,249.7
2026-05-24T06:47:33,100.0,1697,7941,0,5,99.99,154,105.2,249.7
2026-05-24T06:47:38,100.0,1690,7941,1,3,99.99,140,104.8,249.7
2026-05-24T06:47:43,99.9,1705,7941,0,4,99.99,124,104.5,249.7
2026-05-24T06:47:49,99.9,1704,7941,0,4,99.99,140,103.5,249.7
2026-05-24T06:47:54,100.0,1705,7941,0,4,99.99,125,104.4,249.7
2026-05-24T06:48:00,99.9,1696,7941,0,4,99.99,131,103.3,249.7
2026-05-24T06:48:05,100.0,1696,7941,0,5,99.99,124,103.2,249.7
2026-05-24T06:48:10,99.9,1697,7941,0,5,99.99,137,102.5,249.7
2026-05-24T06:48:16,100.0,1697,7941,0,5,99.99,149,103.6,249.7
2026-05-24T06:48:21,99.9,1696,7941,0,6,99.99,114,102.2,249.7
2026-05-24T06:48:26,100.0,1703,7941,0,7,99.99,139,103.7,249.7
2026-05-24T06:48:32,100.0,1695,7941,0,6,99.99,139,104.0,249.7
2026-05-24T06:48:37,100.0,1690,7941,0,4,99.99,137,101.2,249.7
2026-05-24T06:48:42,99.9,1696,7941,0,4,99.99,125,103.7,249.7
2026-05-24T06:48:48,100.0,1700,7941,0,4,99.99,126,104.4,249.7
2026-05-24T06:48:53,100.0,1703,7941,0,4,99.99,140,102.5,249.7
2026-05-24T06:48:58,100.0,1702,7941,1,6,99.99,113,103.6,249.7
2026-05-24T06:49:04,100.0,1711,7941,0,8,99.99,147,104.2,249.7
2026-05-24T06:49:09,99.9,1700,7941,0,7,99.99,128,103.7,249.7
2026-05-24T06:49:14,99.9,1700,7941,0,6,99.99,146,103.2,249.7
2026-05-24T06:49:20,100.0,1697,7941,0,5,99.99,131,104.6,249.7
2026-05-24T06:49:25,100.0,1695,7941,1,4,99.99,124,104.5,249.7
2026-05-24T06:49:30,100.0,1699,7941,0,5,99.99,132,103.5,249.7
2026-05-24T06:49:36,99.9,1695,7941,0,5,99.99,156,103.1,249.7
2026-05-24T06:49:41,99.9,1696,7941,0,5,99.99,135,103.2,249.7
2026-05-24T06:49:46,99.9,1691,7941,0,5,99.99,132,103.6,249.7
2026-05-24T06:49:52,100.0,1695,7941,0,5,99.99,133,105.2,249.7
2026-05-24T06:49:57,100.0,1699,7941,0,5,99.99,131,102.8,249.7
2026-05-24T06:50:03,100.0,1706,7941,0,5,99.99,140,105.5,249.7
2026-05-24T06:50:08,99.8,1695,7941,0,5,99.99,109,107.9,249.7
2026-05-24T06:50:14,99.8,1695,7941,0,5,99.99,124,105.6,249.7
2026-05-24T06:50:19,100.0,1695,7941,0,5,99.99,119,104.0,249.7
2026-05-24T06:50:25,99.9,1700,7941,0,6,99.99,113,103.6,249.7
2026-05-24T06:50:30,100.0,1698,7941,0,6,99.99,152,101.7,249.7
2026-05-24T06:50:35,100.0,1692,7941,0,5,99.99,116,103.5,249.7
2026-05-24T06:50:41,100.0,1697,7941,0,5,99.99,156,105.8,249.7
2026-05-24T06:50:46,100.0,1700,7941,0,5,99.99,126,104.0,249.7
2026-05-24T06:50:52,100.0,1690,7941,0,4,99.99,143,104.0,249.7
2026-05-24T06:50:57,100.0,1699,7941,0,4,99.99,119,104.7,249.7
2026-05-24T06:51:03,99.9,1694,7941,0,4,99.99,141,104.1,249.7
2026-05-24T06:51:08,99.9,1697,7941,0,5,99.99,132,103.2,249.7
2026-05-24T06:51:13,100.0,1696,7941,0,6,99.99,137,104.0,249.7
2026-05-24T06:51:19,100.0,1690,7941,0,5,99.99,142,103.8,249.7
2026-05-24T06:51:24,100.0,1693,7941,0,6,99.99,135,102.4,249.7
2026-05-24T06:51:29,100.0,1695,7941,0,7,99.99,119,104.5,249.7
2026-05-24T06:51:35,100.0,1692,7941,0,6,99.99,153,104.1,249.7
2026-05-24T06:51:40,100.0,1700,7941,1,5,99.99,113,105.6,249.7
2026-05-24T06:51:46,100.0,1702,7941,0,6,99.99,140,102.3,249.7
2026-05-24T06:51:51,99.9,1703,7941,0,6,99.99,137,102.5,249.7
2026-05-24T06:51:56,99.9,1693,7941,0,6,99.99,138,104.0,249.7
2026-05-24T06:52:02,100.0,1698,7941,0,5,99.99,121,104.4,249.7
2026-05-24T06:52:07,100.0,1701,7941,0,5,99.99,146,104.3,249.7
2026-05-24T06:52:12,99.8,1696,7941,1,4,99.99,147,102.2,249.7
2026-05-24T06:52:18,100.0,1692,7941,0,5,99.99,129,104.7,249.7
2026-05-24T06:52:23,100.0,1702,7941,0,5,99.99,129,103.6,249.7
2026-05-24T06:52:29,100.0,1700,7941,0,5,99.99,122,105.2,249.7
2026-05-24T06:52:34,99.8,1692,7941,0,5,99.99,136,102.6,249.7
2026-05-24T06:52:39,99.9,1694,7941,0,5,99.99,131,102.6,249.7
2026-05-24T06:52:45,100.0,1702,7941,0,6,99.99,127,103.0,249.7
2026-05-24T06:52:50,99.9,1707,7941,0,6,99.99,143,104.5,249.7
2026-05-24T06:52:55,100.0,1707,7941,0,6,99.99,131,102.6,249.7
2026-05-24T06:53:01,100.0,1697,7941,0,6,99.99,121,105.6,249.7
2026-05-24T06:53:06,100.0,1692,7941,1,4,99.99,139,104.5,249.8
2026-05-24T06:53:12,100.0,1701,7941,0,5,99.99,144,104.9,249.8
2026-05-24T06:53:17,100.0,1695,7941,0,5,99.99,119,103.4,249.8
2026-05-24T06:53:22,100.0,1697,7941,0,5,99.99,153,101.8,249.8
2026-05-24T06:53:28,100.0,1696,7941,0,5,99.99,137,102.4,249.8
2026-05-24T06:53:33,100.0,1697,7941,0,5,99.99,128,105.0,249.8
2026-05-24T06:53:38,99.9,1703,7941,0,5,99.99,148,102.3,249.8
2026-05-24T06:53:44,100.0,1694,7941,0,6,99.99,134,104.1,249.8
2026-05-24T06:53:49,100.0,1695,7941,0,4,99.99,130,103.8,249.8
2026-05-24T06:53:55,100.0,1693,7941,0,4,99.99,144,104.0,249.8
2026-05-24T06:54:00,100.0,1698,7941,0,4,99.99,124,105.0,249.8
2026-05-24T06:54:05,99.9,1699,7941,0,4,99.99,111,103.6,249.8
2026-05-24T06:54:11,100.0,1700,7941,0,6,99.99,125,103.0,249.8
2026-05-24T06:54:16,99.9,1700,7941,1,6,99.99,129,102.2,249.8
2026-05-24T06:54:21,99.9,1703,7941,0,7,99.99,117,101.9,249.8
2026-05-24T06:54:27,100.0,1695,7941,0,6,99.99,143,102.6,249.8
2026-05-24T06:54:32,99.9,1694,7941,0,5,99.99,124,102.6,249.8
2026-05-24T06:54:37,100.0,1700,7941,0,5,99.99,133,103.8,249.8
2026-05-24T06:54:43,100.0,1696,7941,0,5,99.99,133,102.4,249.8
2026-05-24T06:54:48,100.0,1696,7941,0,5,99.99,143,101.9,249.8
2026-05-24T06:54:53,100.0,1698,7941,0,5,99.99,118,105.8,249.8
2026-05-24T06:54:59,100.0,1702,7941,0,5,99.99,130,104.8,249.8
2026-05-24T06:55:04,99.8,1701,7941,0,5,99.99,142,103.2,249.8
2026-05-24T06:55:10,99.8,1709,7941,0,5,99.99,110,104.5,249.8
2026-05-24T06:55:15,99.9,1704,7941,0,5,99.99,140,103.7,249.8
2026-05-24T06:55:20,100.0,1707,7941,0,6,99.99,123,105.5,249.8
2026-05-24T06:55:26,99.9,1706,7941,0,8,99.99,133,102.9,249.8
2026-05-24T06:55:31,100.0,1704,7941,0,8,99.99,117,104.5,249.8
2026-05-24T06:55:37,100.0,1706,7941,0,7,99.99,144,102.6,249.8
2026-05-24T06:55:42,99.9,1696,7941,0,5,99.99,131,102.4,249.8
2026-05-24T06:55:47,100.0,1699,7941,0,5,99.99,157,104.3,249.8
2026-05-24T06:55:53,100.0,1694,7941,0,5,99.99,129,103.8,249.8
2026-05-24T06:55:58,100.0,1707,7941,0,5,99.99,120,103.8,249.8
2026-05-24T06:56:03,99.9,1699,7941,0,5,99.99,142,101.6,249.8
2026-05-24T06:56:09,99.9,1697,7941,0,5,99.99,112,103.5,249.8
2026-05-24T06:56:14,100.0,1702,7941,0,6,99.99,129,104.2,249.8
2026-05-24T06:56:19,99.9,1711,7941,0,8,99.99,116,102.8,249.8
2026-05-24T06:56:25,99.8,1707,7941,0,7,99.99,139,102.3,249.8
2026-05-24T06:56:30,100.0,1691,7941,0,5,99.99,128,102.6,249.8
2026-05-24T06:56:35,99.9,1698,7941,0,5,99.99,134,101.8,249.8
2026-05-24T06:56:41,100.0,1700,7941,0,5,99.99,132,104.0,249.8
2026-05-24T06:56:46,99.9,1703,7941,0,5,99.99,128,104.7,249.8
2026-05-24T06:56:51,99.9,1702,7941,0,6,99.99,125,102.8,249.8
2026-05-24T06:56:57,100.0,1696,7941,0,6,99.99,145,102.2,249.8
2026-05-24T06:57:02,100.0,1696,7941,0,5,99.99,131,103.3,249.8
2026-05-24T06:57:07,99.8,1695,7941,0,6,99.99,133,103.5,249.8
2026-05-24T06:57:13,100.0,1705,7941,0,6,99.99,129,105.3,249.8
2026-05-24T06:57:18,100.0,1688,7941,0,4,99.99,138,102.8,249.8
2026-05-24T06:57:24,99.8,1693,7941,1,4,99.99,143,103.8,249.8
2026-05-24T06:57:29,100.0,1697,7941,0,4,99.99,114,103.5,249.8
2026-05-24T06:57:34,100.0,1703,7941,0,4,99.99,139,103.9,249.8
2026-05-24T06:57:40,100.0,1706,7941,0,6,99.99,119,105.8,249.8
2026-05-24T06:57:45,99.9,1713,7941,0,7,99.99,119,101.0,249.7
2026-05-24T06:57:51,100.0,1693,7941,0,5,99.99,140,103.2,249.7
2026-05-24T06:57:56,100.0,1701,7941,0,4,99.99,137,105.3,249.7
2026-05-24T06:58:01,100.0,1700,7941,0,4,99.99,148,104.1,249.7
2026-05-24T06:58:07,100.0,1692,7941,0,4,99.99,127,104.4,249.7
2026-05-24T06:58:12,100.0,1700,7941,0,4,99.99,129,103.6,249.7
2026-05-24T06:58:18,99.9,1701,7941,0,4,99.99,143,103.6,249.7
2026-05-24T06:58:23,99.9,1704,7941,0,5,99.99,122,104.0,249.7
2026-05-24T06:58:28,100.0,1702,7941,0,6,99.99,134,104.3,249.7
2026-05-24T06:58:34,99.9,1710,7941,1,8,99.99,131,102.2,249.7
2026-05-24T06:58:39,100.0,1713,7941,0,7,99.99,127,105.5,249.7
2026-05-24T06:58:45,100.0,1699,7941,0,6,99.99,137,104.0,249.7
2026-05-24T06:58:50,100.0,1700,7941,0,6,99.99,116,102.6,249.7
2026-05-24T06:58:55,100.0,1698,7941,0,5,99.99,143,103.8,249.8
2026-05-24T06:59:01,100.0,1696,7941,0,4,99.99,132,103.7,249.8
2026-05-24T06:59:06,99.8,1694,7941,0,4,99.99,118,102.0,249.8
2026-05-24T06:59:11,99.9,1695,7941,0,4,99.99,113,104.4,249.8
2026-05-24T06:59:17,99.9,1697,7941,0,4,99.99,134,103.8,249.8
2026-05-24T06:59:22,100.0,1704,7941,0,5,99.99,130,104.7,249.8
2026-05-24T06:59:28,99.9,1711,7941,0,7,99.99,126,101.3,249.8
2026-05-24T06:59:33,100.0,1707,7941,0,9,99.99,124,101.6,249.8
2026-05-24T06:59:38,99.9,1704,7941,0,7,99.99,127,104.2,249.8
2026-05-24T06:59:44,100.0,1706,7941,2,6,99.99,153,103.3,249.8
2026-05-24T06:59:49,100.0,1704,7941,0,5,99.99,128,105.2,249.8
2026-05-24T06:59:54,99.9,1706,7941,0,5,99.99,141,103.1,249.8
2026-05-24T07:00:00,100.0,1701,7941,0,5,99.99,113,103.5,249.8
2026-05-24T07:00:05,99.6,1738,7941,0,5,99.99,96,98.5,249.8
2026-05-24T07:00:11,99.7,1735,7941,0,5,99.99,84,108.6,249.8
2026-05-24T07:00:17,99.6,1732,7941,0,5,99.99,109,105.8,249.8
2026-05-24T07:00:22,100.0,1737,7941,0,5,99.99,117,104.2,249.8
2026-05-24T07:00:28,99.9,1741,7941,0,6,99.99,111,105.8,249.8
2026-05-24T07:00:33,99.9,1742,7941,0,8,99.99,134,102.8,249.8
2026-05-24T07:00:38,99.9,1733,7941,0,8,99.99,127,103.8,249.8
2026-05-24T07:00:44,100.0,1740,7941,1,6,99.99,135,104.2,249.8
2026-05-24T07:00:49,100.0,1733,7941,0,5,99.99,152,102.6,249.8
2026-05-24T07:00:54,99.8,1738,7941,0,5,99.99,123,103.5,249.8
2026-05-24T07:01:00,100.0,1739,7941,0,5,99.99,120,105.3,249.8
2026-05-24T07:01:05,99.9,1755,7941,0,5,99.99,132,103.5,249.8
2026-05-24T07:01:11,99.9,1740,7941,0,5,99.99,120,102.6,249.8
2026-05-24T07:01:16,99.7,1745,7941,0,7,99.99,134,103.2,249.8
2026-05-24T07:01:21,100.0,1749,7941,0,7,99.99,151,104.5,249.8
2026-05-24T07:01:27,100.0,1745,7941,0,7,99.99,146,103.2,249.8
2026-05-24T07:01:32,99.9,1740,7941,0,5,99.99,120,102.0,249.8
2026-05-24T07:01:37,100.0,1739,7941,0,4,99.99,138,102.5,249.8
2026-05-24T07:01:43,99.9,1738,7941,0,4,99.99,106,103.6,249.8
2026-05-24T07:01:48,100.0,1738,7941,1,3,99.99,142,103.3,249.8
2026-05-24T07:01:54,100.0,1752,7941,0,5,99.99,153,103.6,249.8
2026-05-24T07:01:59,100.0,1752,7941,0,5,99.99,123,104.5,249.8
2026-05-24T07:02:04,100.0,1751,7941,0,6,99.99,125,103.1,249.8
2026-05-24T07:02:10,99.9,1752,7941,0,8,99.99,129,103.8,249.8
2026-05-24T07:02:15,100.0,1740,7941,0,7,99.99,152,102.8,249.8
2026-05-24T07:02:20,100.0,1738,7941,0,5,99.99,128,104.5,249.8
2026-05-24T07:02:26,100.0,1741,7941,0,5,99.99,143,104.5,249.8
2026-05-24T07:02:31,100.0,1742,7941,0,5,99.99,127,106.2,249.8
2026-05-24T07:02:37,100.0,1744,7941,0,5,99.99,114,105.4,249.8
2026-05-24T07:02:42,99.9,1747,7941,0,5,99.99,135,103.3,249.8
2026-05-24T07:02:48,99.9,1737,7941,0,5,99.99,131,103.3,249.8
2026-05-24T07:02:53,99.9,1747,7941,0,5,99.99,129,105.7,249.8
2026-05-24T07:02:58,100.0,1741,7941,0,5,99.99,146,104.6,249.8
2026-05-24T07:03:04,99.9,1745,7941,1,4,99.99,121,102.4,249.8
2026-05-24T07:03:09,99.8,1737,7941,0,5,99.99,116,103.0,249.8
2026-05-24T07:03:14,99.9,1739,7941,0,6,99.99,137,102.2,249.8
2026-05-24T07:03:20,99.9,1730,7941,0,5,99.99,131,104.4,249.8
2026-05-24T07:03:25,100.0,1727,7941,0,4,99.99,135,103.2,249.8
2026-05-24T07:03:31,100.0,1727,7941,0,4,99.99,127,104.6,249.8
2026-05-24T07:03:36,99.9,1730,7941,0,4,99.99,143,104.4,249.8
2026-05-24T07:03:41,99.9,1738,7941,1,5,99.99,114,102.1,249.8
2026-05-24T07:03:47,100.0,1735,7941,0,7,99.99,151,103.5,249.8
2026-05-24T07:03:52,100.0,1739,7941,0,9,99.99,96,104.8,249.8
2026-05-24T07:03:58,100.0,1730,7941,0,6,99.99,131,103.2,249.8
2026-05-24T07:04:03,99.8,1728,7941,0,5,99.99,136,101.7,249.8
2026-05-24T07:04:08,99.8,1720,7941,0,5,99.99,134,103.6,249.8
2026-05-24T07:04:14,100.0,1704,7941,0,5,99.99,119,104.0,249.8
2026-05-24T07:04:19,99.9,1705,7941,0,5,99.99,111,102.7,249.8
2026-05-24T07:04:24,100.0,1698,7941,0,5,99.99,135,101.8,249.8
2026-05-24T07:04:30,100.0,1698,7941,0,5,99.99,125,102.4,249.8
2026-05-24T07:04:35,99.9,1695,7941,0,5,99.99,120,103.2,249.8
2026-05-24T07:04:40,100.0,1704,7941,0,5,99.99,139,104.8,249.8
2026-05-24T07:04:46,99.9,1701,7941,0,5,99.99,108,103.4,249.8
2026-05-24T07:04:51,99.9,1703,7941,0,5,99.99,144,103.8,249.8
2026-05-24T07:04:56,100.0,1706,7941,0,6,99.99,144,102.7,249.8
2026-05-24T07:05:02,100.0,1712,7941,0,6,99.99,130,103.8,249.8
2026-05-24T07:05:07,99.8,1706,7941,0,6,99.99,138,105.0,249.8
2026-05-24T07:05:13,100.0,1709,7941,0,5,99.99,134,104.5,249.8
2026-05-24T07:05:18,100.0,1699,7941,0,4,99.99,142,104.0,249.8
2026-05-24T07:05:23,99.9,1697,7941,1,3,99.99,128,104.5,249.8
2026-05-24T07:05:29,100.0,1698,7941,0,4,99.99,143,103.0,249.8
2026-05-24T07:05:34,100.0,1702,7941,0,4,99.99,123,104.8,249.8
2026-05-24T07:05:40,100.0,1707,7941,0,5,99.99,124,104.2,249.8
2026-05-24T07:05:45,100.0,1700,7941,0,5,99.99,145,103.2,249.8
2026-05-24T07:05:50,99.9,1706,7941,0,5,99.99,127,102.3,249.8
2026-05-24T07:05:55,100.0,1699,7941,0,6,99.99,123,102.0,249.8
2026-05-24T07:06:01,100.0,1699,7941,0,6,99.99,144,104.2,249.8
2026-05-24T07:06:06,100.0,1702,7941,0,5,99.99,120,103.9,249.8
2026-05-24T07:06:11,99.9,1701,7941,0,5,99.99,147,102.5,249.8
2026-05-24T07:06:17,100.0,1702,7941,0,5,99.99,123,103.8,249.8
2026-05-24T07:06:22,100.0,1696,7941,1,2,99.99,137,104.6,249.8
2026-05-24T07:06:28,100.0,1698,7941,0,4,99.99,142,104.6,249.8
2026-05-24T07:06:33,100.0,1697,7941,0,4,99.99,132,103.8,249.8
2026-05-24T07:06:38,100.0,1695,7941,0,3,99.99,131,103.2,249.8
2026-05-24T07:06:44,100.0,1710,7941,0,4,99.99,137,104.8,249.8
2026-05-24T07:06:49,99.7,1699,7941,0,6,99.99,122,102.0,249.8
2026-05-24T07:06:54,100.0,1702,7941,1,6,99.99,131,102.7,249.8
2026-05-24T07:07:00,100.0,1708,7941,1,7,99.99,135,105.0,249.8
2026-05-24T07:07:05,100.0,1697,7941,0,6,99.99,137,103.0,249.8
2026-05-24T07:07:10,100.0,1699,7941,0,5,99.99,147,104.8,249.8
2026-05-24T07:07:16,99.9,1699,7941,0,5,99.99,137,103.3,249.8
2026-05-24T07:07:21,100.0,1704,7941,0,5,99.99,133,105.0,249.8
2026-05-24T07:07:27,100.0,1697,7941,0,5,99.99,146,103.2,249.8
2026-05-24T07:07:32,100.0,1706,7941,0,5,99.99,129,105.5,249.8
2026-05-24T07:07:37,99.9,1699,7941,0,5,99.99,133,105.0,249.8
2026-05-24T07:07:43,100.0,1707,7941,0,5,99.99,148,105.2,249.8
2026-05-24T07:07:48,99.9,1699,7941,0,5,99.99,156,104.2,249.8
2026-05-24T07:07:54,100.0,1698,7941,0,5,99.99,119,106.5,249.8
2026-05-24T07:07:59,99.9,1695,7941,0,5,99.99,136,103.0,249.8
2026-05-24T07:08:04,100.0,1705,7941,0,5,99.99,148,103.1,249.8
2026-05-24T07:08:10,100.0,1703,7941,0,5,99.99,120,105.0,249.8
2026-05-24T07:08:15,100.0,1710,7941,0,5,99.99,135,104.2,249.8
2026-05-24T07:08:20,99.9,1706,7941,0,5,99.99,131,102.8,249.8
2026-05-24T07:08:26,99.8,1707,7941,0,5,99.99,122,103.0,249.8
2026-05-24T07:08:31,100.0,1718,7941,0,5,99.99,157,104.9,249.8
2026-05-24T07:08:37,99.9,1712,7941,0,7,99.99,107,102.0,249.8
2026-05-24T07:08:42,100.0,1718,7941,1,8,99.99,124,101.6,249.8
2026-05-24T07:08:47,100.0,1699,7941,0,5,99.99,151,101.6,249.8
2026-05-24T07:08:52,100.0,1706,7941,0,5,99.99,155,104.6,249.8
2026-05-24T07:08:58,100.0,1704,7941,0,5,99.99,128,103.0,249.8
2026-05-24T07:09:03,100.0,1712,7941,0,5,99.99,123,103.5,249.8
2026-05-24T07:09:09,100.0,1705,7941,0,5,99.99,131,105.6,249.8
2026-05-24T07:09:14,99.9,1703,7941,0,5,99.99,110,103.0,249.8
2026-05-24T07:09:19,100.0,1713,7941,0,5,99.99,142,104.4,249.8
2026-05-24T07:09:25,99.9,1698,7941,0,5,99.99,147,103.2,249.8
2026-05-24T07:09:30,99.9,1695,7941,1,3,99.99,128,103.5,249.8
2026-05-24T07:09:35,100.0,1697,7941,0,4,99.99,142,105.2,249.8
2026-05-24T07:09:41,100.0,1701,7941,0,4,99.99,136,104.2,249.8
2026-05-24T07:09:46,100.0,1702,7941,0,5,99.99,140,104.8,249.8
2026-05-24T07:09:52,100.0,1710,7941,0,6,99.99,148,103.1,249.8
2026-05-24T07:09:57,100.0,1705,7941,0,8,99.99,121,102.6,249.8
2026-05-24T07:10:02,99.9,1707,7941,0,7,99.99,128,102.2,249.8
2026-05-24T07:10:08,99.9,1698,7941,0,5,99.99,118,105.8,249.8
2026-05-24T07:10:13,99.9,1708,7941,0,5,99.99,141,106.0,249.8
2026-05-24T07:10:19,99.9,1706,7941,0,5,99.99,140,104.8,249.8
2026-05-24T07:10:24,100.0,1704,7941,0,5,99.99,125,104.2,249.8
2026-05-24T07:10:30,99.9,1701,7941,0,5,99.99,127,104.0,249.8
2026-05-24T07:10:35,99.9,1702,7941,0,6,99.99,130,103.6,249.8
2026-05-24T07:10:40,100.0,1701,7941,0,6,99.99,134,103.3,249.8
2026-05-24T07:10:46,99.9,1700,7941,0,4,99.99,142,104.0,249.8
2026-05-24T07:10:51,100.0,1704,7941,1,4,99.99,130,104.6,249.8
2026-05-24T07:10:56,100.0,1705,7941,0,5,99.99,138,104.2,249.8
2026-05-24T07:11:02,100.0,1709,7941,0,5,99.99,112,104.1,249.8
2026-05-24T07:11:07,100.0,1711,7941,0,5,99.99,144,104.0,249.8
2026-05-24T07:11:13,100.0,1709,7941,0,5,99.99,120,103.2,249.8
2026-05-24T07:11:18,99.9,1705,7941,0,5,99.99,135,103.2,249.8
2026-05-24T07:11:23,100.0,1705,7941,1,3,99.99,130,103.9,249.8
2026-05-24T07:11:29,100.0,1705,7941,0,5,99.99,133,104.6,249.8
2026-05-24T07:11:34,99.9,1705,7941,0,5,99.99,138,101.9,249.8
2026-05-24T07:11:39,100.0,1706,7941,0,4,99.99,137,103.8,249.8
2026-05-24T07:11:45,100.0,1710,7941,0,7,99.99,129,105.0,249.8
2026-05-24T07:11:50,99.9,1708,7941,0,6,99.99,119,103.6,249.8
2026-05-24T07:11:55,100.0,1707,7941,0,6,99.99,145,102.8,249.8
2026-05-24T07:12:01,100.0,1703,7941,0,5,99.99,138,104.0,249.8
2026-05-24T07:12:06,100.0,1708,7941,0,5,99.99,124,106.3,249.8
2026-05-24T07:12:12,99.8,1708,7941,0,5,99.99,123,103.6,249.8
2026-05-24T07:12:17,99.9,1706,7941,0,5,99.99,128,102.5,249.8
2026-05-24T07:12:22,99.9,1706,7941,0,5,99.99,126,101.6,249.8
2026-05-24T07:12:28,100.0,1701,7941,0,5,99.99,131,106.0,249.8
2026-05-24T07:12:33,99.9,1710,7941,0,6,99.99,123,104.4,249.8
2026-05-24T07:12:39,100.0,1706,7941,0,6,99.99,135,103.7,249.8
2026-05-24T07:12:44,99.9,1700,7941,0,5,99.99,147,103.7,249.8
2026-05-24T07:12:49,100.0,1703,7941,2,3,99.99,118,104.8,249.8
2026-05-24T07:12:55,100.0,1701,7941,0,5,99.99,134,103.0,249.8
2026-05-24T07:13:00,99.9,1700,7941,0,5,99.99,146,101.8,249.8
2026-05-24T07:13:06,99.9,1719,7941,0,7,99.99,134,105.2,249.8
2026-05-24T07:13:11,99.9,1708,7941,0,6,99.99,131,102.2,249.8
2026-05-24T07:13:16,100.0,1701,7941,0,5,99.99,132,103.2,249.8
2026-05-24T07:13:22,100.0,1707,7941,1,4,99.99,148,104.4,249.8
2026-05-24T07:13:27,100.0,1709,7941,0,5,99.99,136,104.4,249.8
2026-05-24T07:13:32,100.0,1712,7941,0,5,99.99,133,104.4,249.8
2026-05-24T07:13:38,99.9,1710,7941,0,7,99.99,146,103.8,249.8
2026-05-24T07:13:43,100.0,1707,7941,0,6,99.99,143,104.5,249.8
2026-05-24T07:13:49,99.8,1707,7941,0,6,99.99,133,103.5,249.8
2026-05-24T07:13:54,100.0,1707,7941,0,5,99.99,136,103.8,249.8
2026-05-24T07:13:59,100.0,1700,7941,0,5,99.99,137,103.6,249.8
2026-05-24T07:14:05,99.8,1705,7941,0,5,99.99,116,102.9,249.8
2026-05-24T07:14:10,99.8,1708,7941,0,5,99.99,149,103.3,249.8
2026-05-24T07:14:15,99.9,1708,7941,0,5,99.99,126,104.0,249.8
2026-05-24T07:14:21,100.0,1706,7941,0,5,99.99,128,104.8,249.8
2026-05-24T07:14:26,100.0,1704,7941,0,5,99.99,148,104.0,249.8
2026-05-24T07:14:32,100.0,1711,7941,0,5,99.99,109,105.1,249.8
2026-05-24T07:14:37,99.9,1711,7941,0,5,99.99,156,102.8,249.8
2026-05-24T07:14:42,100.0,1708,7941,0,6,99.99,120,103.4,249.8
2026-05-24T07:14:48,100.0,1705,7941,0,7,99.99,142,104.5,249.8
2026-05-24T07:14:53,99.8,1702,7941,0,4,99.99,138,103.1,249.8
2026-05-24T07:14:58,99.9,1705,7941,0,5,99.99,131,103.6,249.8
2026-05-24T07:15:04,99.9,1710,7941,0,5,99.99,142,103.0,249.8
2026-05-24T07:15:09,100.0,1709,7941,0,5,99.99,116,107.3,249.8
2026-05-24T07:15:15,99.9,1704,7941,0,5,99.99,123,102.8,249.8
2026-05-24T07:15:20,100.0,1709,7941,1,4,99.99,129,104.2,249.8
2026-05-24T07:15:26,100.0,1709,7941,0,5,99.99,126,103.8,249.8
2026-05-24T07:15:31,100.0,1707,7941,0,5,99.99,129,102.8,249.8
2026-05-24T07:15:36,100.0,1703,7941,0,5,99.99,146,104.7,249.8
2026-05-24T07:15:42,99.9,1704,7941,0,5,99.99,105,102.6,249.8
2026-05-24T07:15:47,99.9,1707,7941,0,5,99.99,154,103.8,249.8
2026-05-24T07:15:52,99.9,1706,7941,0,5,99.99,133,103.1,249.8
2026-05-24T07:15:58,100.0,1703,7941,0,5,99.99,135,104.4,249.8
2026-05-24T07:16:03,100.0,1701,7941,0,6,99.99,118,104.3,249.8
2026-05-24T07:16:08,99.9,1703,7941,0,6,99.99,127,102.6,249.8
2026-05-24T07:16:14,99.9,1706,7941,0,5,99.99,152,104.8,249.8
2026-05-24T07:16:19,100.0,1706,7941,0,5,99.99,118,103.7,249.8
2026-05-24T07:16:25,100.0,1701,7941,0,5,99.99,144,102.8,249.8
2026-05-24T07:16:30,100.0,1710,7941,0,4,99.99,117,104.2,249.8
2026-05-24T07:16:35,100.0,1703,7941,0,4,99.99,144,103.8,249.8
2026-05-24T07:16:41,99.9,1704,7941,0,4,99.99,121,103.2,249.8
2026-05-24T07:16:46,100.0,1703,7941,0,4,99.99,124,101.6,249.8
2026-05-24T07:16:51,100.0,1707,7941,0,4,99.99,146,102.1,249.8
2026-05-24T07:16:57,100.0,1706,7941,0,7,99.99,126,104.0,249.8
2026-05-24T07:17:02,100.0,1710,7941,0,6,99.99,139,103.6,249.8
2026-05-24T07:17:07,99.9,1704,7941,0,5,99.99,139,103.1,249.8
2026-05-24T07:17:13,99.9,1709,7941,0,6,99.99,129,103.2,249.8
2026-05-24T07:17:18,100.0,1709,7941,0,6,99.99,149,103.4,249.8
2026-05-24T07:17:24,100.0,1709,7941,0,4,99.99,129,105.8,249.8
2026-05-24T07:17:29,99.9,1704,7941,0,4,99.99,131,103.6,249.8
2026-05-24T07:17:34,100.0,1711,7941,0,4,99.99,147,104.1,249.8
2026-05-24T07:17:40,100.0,1707,7941,0,5,99.99,115,104.2,249.8
2026-05-24T07:17:45,100.0,1717,7941,0,6,99.99,133,103.6,249.8
2026-05-24T07:17:50,99.9,1714,7941,0,8,99.99,131,101.8,249.8
2026-05-24T07:17:56,100.0,1708,7941,0,7,99.99,159,102.9,249.8
2026-05-24T07:18:01,100.0,1704,7941,0,5,99.99,138,104.3,249.8
2026-05-24T07:18:06,99.9,1706,7941,0,5,99.99,102,104.5,249.8
2026-05-24T07:18:12,99.9,1704,7941,0,5,99.99,139,103.4,249.8
2026-05-24T07:18:17,99.9,1703,7941,0,5,99.99,148,102.8,249.8
2026-05-24T07:18:23,99.9,1710,7941,0,5,99.99,133,105.0,249.8
2026-05-24T07:18:28,100.0,1715,7941,0,5,99.99,135,104.6,249.8
2026-05-24T07:18:33,100.0,1715,7941,0,5,99.99,128,104.0,249.8
2026-05-24T07:18:39,99.9,1701,7941,0,4,99.99,147,102.0,249.8
2026-05-24T07:18:44,100.0,1704,7941,0,4,99.99,131,104.0,249.8
2026-05-24T07:18:49,100.0,1702,7941,0,4,99.99,133,104.0,249.8
2026-05-24T07:18:55,99.9,1704,7941,0,4,99.99,134,103.2,249.8
2026-05-24T07:19:00,100.0,1708,7941,0,5,99.99,112,103.0,249.8
2026-05-24T07:19:05,99.8,1710,7941,0,5,99.99,153,102.2,249.8
2026-05-24T07:19:11,99.9,1712,7941,0,7,99.99,114,103.2,249.8
2026-05-24T07:19:16,99.9,1720,7941,0,8,99.99,136,102.0,249.8
2026-05-24T07:19:22,100.0,1710,7941,0,6,99.99,134,103.6,249.8
2026-05-24T07:19:27,100.0,1711,7941,0,7,99.99,124,102.2,249.8
2026-05-24T07:19:32,100.0,1706,7941,0,5,99.99,129,103.6,249.8
2026-05-24T07:19:38,100.0,1709,7941,0,5,99.99,134,103.5,249.8
2026-05-24T07:19:43,99.9,1707,7941,1,5,99.99,146,103.2,249.8
2026-05-24T07:19:48,100.0,1721,7941,0,5,99.99,126,102.0,249.8
2026-05-24T07:19:54,100.0,1728,7941,0,5,99.99,152,105.1,249.8
2026-05-24T07:19:59,100.0,1733,7941,0,5,99.99,132,103.2,249.8
2026-05-24T07:20:04,100.0,1721,7941,0,5,99.99,132,103.2,249.8
2026-05-24T07:20:10,99.9,1715,7941,0,5,99.99,112,105.9,249.8
2026-05-24T07:20:15,100.0,1715,7941,0,5,99.99,147,102.2,249.8
2026-05-24T07:20:21,100.0,1708,7941,0,5,99.99,116,104.0,249.8
2026-05-24T07:20:26,100.0,1717,7941,0,6,99.99,122,103.8,249.8
2026-05-24T07:20:31,99.9,1716,7941,0,7,99.99,125,102.6,249.8
2026-05-24T07:20:37,99.9,1708,7941,0,6,99.99,150,102.5,249.8
2026-05-24T07:20:42,99.9,1715,7941,0,5,99.99,144,104.3,249.8
2026-05-24T07:20:47,100.0,1710,7941,0,4,99.99,150,104.0,249.8
2026-05-24T07:20:53,100.0,1707,7941,0,4,99.99,132,104.2,249.8
2026-05-24T07:20:58,100.0,1707,7941,0,4,99.99,128,102.2,249.8
2026-05-24T07:21:03,100.0,1711,7941,0,4,99.99,129,104.0,249.8
2026-05-24T07:21:09,100.0,1717,7941,0,6,99.99,120,104.6,249.8
2026-05-24T07:21:14,99.9,1715,7941,0,7,99.99,127,101.3,249.8
2026-05-24T07:21:19,100.0,1710,7941,0,7,99.99,154,104.5,249.8
2026-05-24T07:21:25,100.0,1711,7941,0,6,99.99,137,104.5,249.8
2026-05-24T07:21:30,100.0,1713,7941,0,5,99.99,135,103.1,249.8
2026-05-24T07:21:36,99.9,1712,7941,0,5,99.99,142,102.6,249.8
2026-05-24T07:21:41,100.0,1718,7941,1,4,99.99,140,103.2,249.8
2026-05-24T07:21:46,99.9,1717,7941,0,5,99.99,137,103.2,249.8
2026-05-24T07:21:52,99.9,1720,7941,0,5,99.99,117,104.7,249.8
2026-05-24T07:21:57,99.9,1725,7941,1,4,99.99,146,104.6,249.8
2026-05-24T07:22:02,100.0,1713,7941,0,5,99.99,123,103.4,249.8
2026-05-24T07:22:08,99.9,1714,7941,0,5,99.99,137,102.8,249.8
2026-05-24T07:22:13,100.0,1717,7941,0,5,99.99,133,104.4,249.8
2026-05-24T07:22:18,100.0,1719,7941,0,5,99.99,139,104.8,249.8
2026-05-24T07:22:24,99.9,1708,7941,1,5,99.99,134,102.5,249.8
2026-05-24T07:22:29,99.9,1705,7941,0,4,99.99,129,102.6,249.8
2026-05-24T07:22:34,100.0,1715,7941,0,4,99.99,139,105.4,249.8
2026-05-24T07:22:40,100.0,1728,7941,0,4,99.99,131,106.2,249.8
2026-05-24T07:22:45,100.0,1725,7941,0,5,99.99,140,104.2,249.8
2026-05-24T07:22:51,100.0,1724,7941,0,7,99.99,117,105.2,249.8
2026-05-24T07:22:56,99.9,1719,7941,0,6,99.99,145,104.8,249.8
2026-05-24T07:23:02,100.0,1707,7941,0,3,99.99,149,105.1,249.8
2026-05-24T07:23:07,100.0,1709,7941,0,4,99.99,110,105.0,249.8
2026-05-24T07:23:12,100.0,1714,7941,0,4,99.99,136,104.4,249.8
2026-05-24T07:23:18,100.0,1716,7941,0,4,99.99,134,101.8,249.8
2026-05-24T07:23:23,100.0,1721,7941,0,6,99.99,129,104.8,249.8
2026-05-24T07:23:29,100.0,1721,7941,0,9,99.99,125,104.4,249.8
2026-05-24T07:23:34,99.8,1725,7941,0,10,99.99,147,102.2,249.8
2026-05-24T07:23:39,100.0,1713,7941,0,6,99.99,118,104.6,249.8
2026-05-24T07:23:45,100.0,1715,7941,0,5,99.99,172,103.4,249.8
2026-05-24T07:23:50,100.0,1711,7941,0,5,99.99,129,103.8,249.8
2026-05-24T07:23:55,100.0,1710,7941,0,4,99.99,137,103.9,249.8
2026-05-24T07:24:01,99.9,1709,7941,0,4,99.99,140,103.2,249.8
2026-05-24T07:24:06,99.9,1718,7941,0,3,99.99,139,105.2,249.8
2026-05-24T07:24:11,100.0,1720,7941,0,4,99.99,119,104.0,249.8
2026-05-24T07:24:17,100.0,1710,7941,0,4,99.99,122,104.2,249.8
2026-05-24T07:24:22,100.0,1721,7941,0,5,99.99,130,105.1,249.8
2026-05-24T07:24:28,99.8,1724,7941,0,6,99.99,115,103.0,249.8
2026-05-24T07:24:33,100.0,1717,7941,0,8,99.99,138,104.7,249.9
2026-05-24T07:24:38,99.9,1720,7941,1,8,99.99,122,102.8,249.9
2026-05-24T07:24:44,99.9,1716,7941,0,7,99.99,147,102.2,249.9
2026-05-24T07:24:49,99.9,1709,7941,0,5,99.99,144,103.2,249.9
2026-05-24T07:24:55,100.0,1716,7941,0,3,99.99,135,104.2,249.9
2026-05-24T07:25:00,100.0,1714,7941,0,5,99.99,143,103.6,249.9
2026-05-24T07:25:05,99.8,1712,7941,0,5,99.99,95,101.4,249.9
2026-05-24T07:25:11,99.9,1714,7941,0,5,99.99,124,104.5,249.9
2026-05-24T07:25:16,100.0,1711,7941,0,5,99.99,127,101.7,249.9
2026-05-24T07:25:21,100.0,1716,7941,0,6,99.99,154,104.2,249.9
2026-05-24T07:25:27,100.0,1717,7941,0,8,99.99,136,105.2,249.9
2026-05-24T07:25:32,99.8,1713,7941,0,6,99.99,132,103.5,249.9
2026-05-24T07:25:38,100.0,1711,7941,0,6,99.99,139,104.6,249.9
2026-05-24T07:25:43,100.0,1713,7941,0,6,99.99,123,102.9,249.9
2026-05-24T07:25:48,100.0,1711,7941,0,5,99.99,151,101.9,249.9
2026-05-24T07:25:54,100.0,1716,7941,1,5,99.99,136,103.8,249.9
2026-05-24T07:25:59,100.0,1714,7941,0,6,99.99,146,102.6,249.9
2026-05-24T07:26:04,99.9,1713,7941,0,5,99.99,117,104.0,249.9
2026-05-24T07:26:10,99.9,1714,7941,0,5,99.99,135,102.8,249.9
2026-05-24T07:26:15,99.9,1710,7941,0,5,99.99,131,104.2,249.9
2026-05-24T07:26:20,100.0,1710,7941,0,4,99.99,119,105.0,249.9
2026-05-24T07:26:26,100.0,1708,7941,0,4,99.99,133,103.5,249.9
2026-05-24T07:26:31,99.9,1707,7941,0,4,99.99,131,103.9,249.9
2026-05-24T07:26:36,100.0,1704,7941,0,4,99.99,132,104.6,249.9
2026-05-24T07:26:42,100.0,1712,7941,0,4,99.99,130,103.5,249.9
2026-05-24T07:26:47,100.0,1708,7941,0,4,99.99,129,103.2,249.9
2026-05-24T07:26:52,99.9,1714,7941,0,6,99.99,119,102.8,249.9
2026-05-24T07:26:58,99.9,1713,7941,0,7,99.99,143,102.7,249.9
2026-05-24T07:27:03,100.0,1712,7941,0,6,99.99,135,102.3,249.9
2026-05-24T07:27:08,99.9,1712,7941,0,8,99.99,118,102.2,249.9
2026-05-24T07:27:14,99.9,1707,7941,1,5,99.99,151,101.4,249.9
2026-05-24T07:27:19,99.9,1711,7941,0,6,99.99,140,103.4,249.9
2026-05-24T07:27:24,99.9,1712,7941,0,5,99.99,126,103.5,249.9
2026-05-24T07:27:30,100.0,1712,7941,0,5,99.99,134,103.0,249.9
2026-05-24T07:27:35,99.9,1713,7941,0,5,99.99,138,104.0,249.9
2026-05-24T07:27:40,99.9,1714,7941,0,5,99.99,132,102.6,249.9
2026-05-24T07:27:46,100.0,1711,7941,0,5,99.99,137,104.6,249.9
2026-05-24T07:27:51,99.9,1710,7941,1,4,99.99,126,102.0,249.9
2026-05-24T07:27:56,99.9,1707,7941,0,4,99.99,112,101.2,249.9
2026-05-24T07:28:02,100.0,1711,7941,0,4,99.99,146,103.4,249.9
2026-05-24T07:28:07,99.9,1707,7941,0,5,99.99,126,103.1,249.9
2026-05-24T07:28:13,99.9,1713,7941,0,6,99.99,117,104.5,249.9
2026-05-24T07:28:18,100.0,1708,7941,0,6,99.99,147,102.8,249.9
2026-05-24T07:28:23,100.0,1714,7941,0,5,99.99,126,103.6,249.9
2026-05-24T07:28:29,99.9,1705,7941,0,4,99.99,135,102.6,249.9
2026-05-24T07:28:34,100.0,1710,7941,0,4,99.99,131,102.8,249.9
2026-05-24T07:28:39,99.9,1714,7941,0,4,99.99,130,104.6,249.9
2026-05-24T07:28:45,100.0,1714,7941,0,6,99.99,149,104.6,249.9
2026-05-24T07:28:50,100.0,1719,7941,1,7,99.99,124,103.8,249.9
2026-05-24T07:28:56,99.9,1716,7941,0,8,99.99,128,102.1,249.9
2026-05-24T07:29:01,99.9,1709,7941,0,6,99.99,152,103.9,249.9
2026-05-24T07:29:06,99.9,1707,7941,0,4,99.99,133,105.0,249.9
2026-05-24T07:29:12,99.8,1707,7941,0,4,99.99,129,102.1,249.9
2026-05-24T07:29:17,99.9,1708,7941,1,3,99.99,124,101.8,249.9
2026-05-24T07:29:22,100.0,1710,7941,0,4,99.99,124,101.9,249.9
2026-05-24T07:29:28,99.9,1719,7941,0,5,99.99,133,102.8,249.9
2026-05-24T07:29:33,100.0,1717,7941,0,6,99.99,134,105.1,249.9
2026-05-24T07:29:39,100.0,1716,7941,0,6,99.99,115,104.8,249.9
2026-05-24T07:29:44,100.0,1717,7941,1,7,99.99,146,102.8,249.9
2026-05-24T07:29:49,99.9,1711,7941,0,8,99.99,120,102.5,249.9
2026-05-24T07:29:55,100.0,1713,7941,0,7,99.99,152,103.2,249.9
2026-05-24T07:30:00,99.9,1709,7941,0,5,99.99,121,105.0,249.9
2026-05-24T07:30:06,99.7,1708,7941,0,5,99.99,100,102.2,249.9
2026-05-24T07:30:11,99.7,1710,7941,0,5,99.99,114,105.3,249.9
2026-05-24T07:30:17,100.0,1709,7941,0,5,99.99,126,105.5,249.9
2026-05-24T07:30:22,100.0,1715,7941,0,5,99.99,119,104.5,249.9
2026-05-24T07:30:28,99.9,1716,7941,0,7,99.99,124,104.7,249.9
2026-05-24T07:30:33,99.8,1722,7941,0,10,99.99,116,102.1,249.9
2026-05-24T07:30:38,100.0,1710,7941,0,7,99.99,149,103.1,249.9
2026-05-24T07:30:44,99.8,1718,7941,1,5,99.99,112,103.8,249.9
2026-05-24T07:30:49,99.8,1715,7941,1,5,99.99,155,101.4,249.9
2026-05-24T07:30:54,100.0,1714,7941,2,3,99.99,138,104.2,249.9
2026-05-24T07:31:00,100.0,1712,7941,0,5,99.99,126,104.2,249.9
2026-05-24T07:31:05,100.0,1712,7941,0,5,99.99,115,102.0,249.9
2026-05-24T07:31:10,99.9,1711,7941,0,5,99.99,112,101.8,249.9
2026-05-24T07:31:16,100.0,1718,7941,0,6,99.99,139,102.4,249.9
2026-05-24T07:31:21,100.0,1721,7941,0,6,99.99,121,104.2,249.9
2026-05-24T07:31:27,99.8,1715,7941,0,5,99.99,145,102.8,249.9
2026-05-24T07:31:32,99.9,1719,7941,0,5,99.99,131,104.8,249.9
2026-05-24T07:31:37,100.0,1711,7941,0,5,99.99,152,103.6,249.9
2026-05-24T07:31:43,99.9,1735,7941,0,5,99.99,103,102.8,249.9
2026-05-24T07:31:48,100.0,1732,7941,0,5,99.99,142,102.8,249.9
2026-05-24T07:31:53,99.9,1714,7941,0,5,99.99,127,102.2,249.9
2026-05-24T07:31:59,99.9,1712,7941,0,4,99.99,130,103.2,249.9
2026-05-24T07:32:04,99.9,1723,7941,0,5,99.99,132,103.8,249.9
2026-05-24T07:32:10,99.9,1722,7941,0,5,99.99,132,103.8,249.9
2026-05-24T07:32:15,99.9,1723,7941,0,5,99.99,139,103.2,249.9
2026-05-24T07:32:20,100.0,1719,7941,0,5,99.99,121,103.4,249.9
2026-05-24T07:32:26,99.9,1721,7941,0,5,99.99,127,103.2,249.9
2026-05-24T07:32:31,99.9,1729,7941,0,4,99.99,126,105.7,249.9
2026-05-24T07:32:37,100.0,1717,7941,0,6,99.99,126,103.4,249.9
2026-05-24T07:32:42,99.9,1720,7941,0,6,99.99,125,103.8,249.9
2026-05-24T07:32:47,99.8,1718,7941,0,5,99.99,127,102.1,249.9
2026-05-24T07:32:53,99.9,1714,7941,0,5,99.99,119,103.0,249.9
2026-05-24T07:32:58,99.8,1716,7941,0,5,99.99,116,102.0,249.9
2026-05-24T07:33:03,99.9,1721,7941,0,5,99.99,129,102.4,249.9
2026-05-24T07:33:09,100.0,1728,7941,0,5,99.99,125,104.9,249.9
2026-05-24T07:33:14,100.0,1721,7941,0,5,99.99,123,104.8,249.9
2026-05-24T07:33:20,99.8,1725,7941,0,5,99.99,119,102.0,249.9
2026-05-24T07:33:25,100.0,1719,7941,0,6,99.99,128,104.8,249.9
2026-05-24T07:33:30,99.9,1730,7941,0,7,99.99,133,104.5,249.9
2026-05-24T07:33:36,100.0,1729,7941,0,8,99.99,124,104.0,249.9
2026-05-24T07:33:41,100.0,1715,7941,0,5,99.99,137,102.6,249.9
2026-05-24T07:33:47,100.0,1728,7941,0,5,99.99,130,104.7,249.9
2026-05-24T07:33:52,99.9,1716,7941,0,5,99.99,128,104.5,249.9
2026-05-24T07:33:57,99.9,1724,7941,0,5,99.99,145,103.8,249.9
2026-05-24T07:34:03,99.8,1727,7941,0,5,99.99,129,105.2,249.9
2026-05-24T07:34:08,99.9,1719,7941,0,5,99.99,126,104.6,249.9
2026-05-24T07:34:14,100.0,1722,7941,0,6,99.99,113,105.6,249.9
2026-05-24T07:34:19,99.9,1722,7941,0,6,99.99,112,105.1,249.9
2026-05-24T07:34:25,99.9,1714,7941,0,5,99.99,146,102.1,249.9
2026-05-24T07:34:30,99.8,1720,7941,0,5,99.99,131,102.8,249.9
2026-05-24T07:34:36,100.0,1714,7941,0,5,99.99,128,104.6,249.9
2026-05-24T07:34:41,100.0,1722,7941,1,4,99.99,126,107.2,249.9
2026-05-24T07:34:47,99.8,1721,7941,0,5,99.99,131,103.8,249.9
2026-05-24T07:34:52,100.0,1721,7941,0,6,99.99,127,103.6,249.9
2026-05-24T07:34:57,100.0,1719,7941,0,6,99.99,136,102.8,249.9
2026-05-24T07:35:03,99.9,1719,7941,0,6,99.99,135,103.8,249.9
2026-05-24T07:35:08,100.0,1724,7941,0,5,99.99,135,104.0,249.9
2026-05-24T07:35:13,100.0,1712,7941,0,5,99.99,120,103.2,249.9
2026-05-24T07:35:19,99.9,1713,7941,0,5,99.99,150,102.6,249.9
2026-05-24T07:35:24,100.0,1714,7941,0,5,99.99,123,104.9,249.9
2026-05-24T07:35:29,99.9,1711,7941,0,4,99.99,138,102.8,249.9
2026-05-24T07:35:35,100.0,1713,7941,0,4,99.99,139,101.1,249.9
2026-05-24T07:35:40,100.0,1717,7941,0,4,99.99,119,102.5,249.9
2026-05-24T07:35:45,99.9,1718,7941,0,4,99.99,144,104.0,249.9
2026-05-24T07:35:51,100.0,1718,7941,0,6,99.99,122,103.7,249.9
2026-05-24T07:35:56,99.9,1720,7941,0,6,99.99,137,103.7,249.9
2026-05-24T07:36:01,99.8,1712,7941,0,5,99.99,135,102.5,249.9
2026-05-24T07:36:07,99.9,1713,7941,0,7,99.99,127,103.8,249.9
2026-05-24T07:36:12,100.0,1712,7941,1,5,99.99,132,101.4,249.9
2026-05-24T07:36:17,99.9,1718,7941,0,6,99.99,116,102.0,249.9
2026-05-24T07:36:22,100.0,1710,7941,0,5,99.99,144,103.0,249.9
2026-05-24T07:36:28,100.0,1712,7941,0,5,99.99,135,103.2,249.9
2026-05-24T07:36:33,99.9,1712,7941,0,5,99.99,127,103.2,249.9
2026-05-24T07:36:38,100.0,1709,7941,0,5,99.99,133,104.2,249.9
2026-05-24T07:36:44,100.0,1715,7941,0,5,99.99,144,104.0,249.9
2026-05-24T07:36:49,100.0,1713,7941,0,5,99.99,135,102.6,249.9
2026-05-24T07:36:55,100.0,1724,7941,0,5,99.99,125,104.7,249.9
2026-05-24T07:37:00,100.0,1710,7941,1,3,99.99,139,102.5,249.9
2026-05-24T07:37:05,100.0,1719,7941,0,5,99.99,129,104.9,249.9
2026-05-24T07:37:11,100.0,1716,7941,0,5,99.99,122,102.5,249.9
2026-05-24T07:37:16,100.0,1720,7941,0,5,99.99,150,104.5,249.9
2026-05-24T07:37:21,99.9,1717,7941,0,6,99.99,148,104.1,249.9
2026-05-24T07:37:27,99.9,1710,7941,0,5,99.99,126,102.8,249.9
2026-05-24T07:37:32,99.9,1707,7941,0,4,99.99,132,103.3,249.9
2026-05-24T07:37:37,100.0,1712,7941,0,4,99.99,139,105.3,249.9
2026-05-24T07:37:43,100.0,1717,7941,0,4,99.99,137,105.1,249.9
2026-05-24T07:37:48,100.0,1716,7941,1,4,99.99,143,103.8,249.9
2026-05-24T07:37:54,100.0,1716,7941,0,6,99.99,129,104.5,249.9
2026-05-24T07:37:59,100.0,1715,7941,0,6,99.99,127,102.8,249.9
2026-05-24T07:38:04,99.9,1714,7941,0,6,99.99,149,102.0,249.9
2026-05-24T07:38:10,100.0,1715,7941,0,7,99.99,99,103.6,249.9
2026-05-24T07:38:15,99.9,1713,7941,0,6,99.99,147,102.6,249.9
2026-05-24T07:38:20,99.8,1707,7941,0,4,99.99,149,105.0,249.9
2026-05-24T07:38:26,100.0,1706,7941,0,3,99.99,136,103.0,249.9
2026-05-24T07:38:31,100.0,1719,7941,0,5,99.99,138,104.2,249.9
2026-05-24T07:38:36,100.0,1717,7941,0,6,99.99,149,103.9,249.9
2026-05-24T07:38:42,99.9,1716,7941,0,6,99.99,132,104.9,249.9
2026-05-24T07:38:47,100.0,1705,7941,2,2,99.99,134,103.2,249.9
2026-05-24T07:38:53,100.0,1713,7941,0,4,99.99,139,104.6,249.9
2026-05-24T07:38:58,100.0,1713,7941,0,4,99.99,136,103.2,249.9
2026-05-24T07:39:03,99.9,1713,7941,0,5,99.99,117,102.0,249.9
2026-05-24T07:39:09,100.0,1715,7941,0,5,99.99,130,104.6,249.9
2026-05-24T07:39:14,98.1,1709,7941,0,5,99.99,130,100.3,249.9
2026-05-24T07:39:19,96.4,1717,7941,0,5,99.99,131,100.0,249.9
2026-05-24T07:39:25,98.5,1708,7941,0,5,99.99,138,100.7,249.9
2026-05-24T07:39:30,95.3,1712,7941,0,6,99.99,117,98.0,249.9
2026-05-24T07:39:35,88.8,1715,7941,0,6,99.99,127,90.6,249.9
2026-05-24T07:39:41,86.3,1709,7941,0,5,99.99,96,88.2,249.9
2026-05-24T07:39:46,88.5,1712,7941,0,4,99.99,119,90.0,249.9
2026-05-24T07:39:51,78.9,1711,7941,0,4,99.99,100,79.7,249.9
2026-05-24T07:39:56,75.8,1709,7941,0,4,99.99,116,76.2,249.9
2026-05-24T07:40:02,80.0,1724,7941,0,4,99.99,102,83.1,249.9
2026-05-24T07:40:07,74.1,1710,7941,0,5,99.99,86,78.2,249.9
2026-05-24T07:40:12,69.4,1709,7941,0,4,99.99,78,69.2,249.9
2026-05-24T07:40:18,64.7,1708,7941,0,4,99.99,85,64.5,249.9
2026-05-24T07:40:23,61.7,1717,7941,0,4,99.99,74,62.3,249.9
2026-05-24T07:40:28,52.6,1717,7941,0,4,99.99,90,52.5,249.9
2026-05-24T07:40:34,55.9,1713,7941,0,4,99.99,72,56.9,249.9
2026-05-24T07:40:39,49.6,1718,7941,0,4,99.99,51,49.2,249.9
2026-05-24T07:40:44,44.5,1718,7941,0,3,99.99,74,43.8,249.9
2026-05-24T07:40:49,39.6,1709,7941,0,3,99.99,53,38.9,249.9
2026-05-24T07:40:55,35.4,1712,7941,0,3,99.99,55,34.7,249.9
2026-05-24T07:41:00,33.4,1713,7941,0,4,99.99,33,32.6,249.9
2026-05-24T07:41:05,29.2,1720,7941,0,4,99.99,45,28.2,249.9
2026-05-24T07:41:10,24.6,1627,7941,0,4,99.99,39,23.6,152.4
2026-05-24T07:41:16,24.0,1614,7941,0,4,99.99,29,22.1,157.1
2026-05-24T07:41:21,17.7,1621,7941,0,3,99.99,20,16.8,158.2
2026-05-24T07:41:26,13.6,1625,7941,0,3,99.99,27,12.0,159.2
2026-05-24T07:41:31,10.2,1623,7941,0,3,99.99,16,9.0,162.6
2026-05-24T07:41:36,6.0,1621,7941,0,2,99.99,16,4.3,165.3
2026-05-24T07:41:42,4.1,1624,7941,0,2,99.99,5,2.8,165.5
2026-05-24T07:41:47,2.0,1620,7941,0,2,99.99,7,0.1,165.5
