timestamp,cpu_total_pct,mem_used_mb,mem_total_mb,pg_active,pg_idle,pg_cache_hit_ratio,pg_tps_delta,target_pid_cpu_pct,target_pid_mem_mb
2026-05-24T07:42:58,2.5,1651,7941,0,2,99.99,9,1.6,122.3
2026-05-24T07:43:03,8.3,1626,7941,0,2,99.99,4,6.9,122.7
2026-05-24T07:43:09,11.3,1617,7941,0,2,99.99,16,9.9,124.7
2026-05-24T07:43:14,16.6,1616,7941,0,2,99.99,20,15.3,129.0
2026-05-24T07:43:19,17.3,1631,7941,0,3,99.99,16,15.8,131.9
2026-05-24T07:43:24,22.1,1626,7941,0,3,99.99,25,21.0,138.5
2026-05-24T07:43:30,31.2,1625,7941,0,3,99.99,28,30.5,139.8
2026-05-24T07:43:35,28.6,1631,7941,0,4,99.99,32,27.5,142.7
2026-05-24T07:43:40,35.0,1649,7941,0,4,99.99,33,34.4,154.3
2026-05-24T07:43:45,35.0,1648,7941,0,3,99.99,43,33.9,155.3
2026-05-24T07:43:50,43.6,1651,7941,0,3,99.99,37,43.5,157.9
2026-05-24T07:43:56,42.9,1654,7941,0,3,99.99,49,42.4,157.9
2026-05-24T07:44:01,49.7,1653,7941,0,4,99.99,49,49.5,153.9
2026-05-24T07:44:06,56.1,1650,7941,0,4,99.99,61,56.0,157.5
2026-05-24T07:44:11,54.9,1653,7941,0,3,99.99,50,54.9,157.8
2026-05-24T07:44:17,58.4,1647,7941,0,4,99.99,65,58.6,158.0
2026-05-24T07:44:22,65.7,1654,7941,0,5,99.99,60,66.2,158.7
2026-05-24T07:44:27,63.2,1655,7941,0,5,99.99,77,63.2,159.2
2026-05-24T07:44:32,63.6,1661,7941,0,5,99.99,69,63.8,164.2
2026-05-24T07:44:38,72.1,1657,7941,0,5,99.99,77,73.2,165.0
2026-05-24T07:44:43,72.1,1661,7941,1,4,99.99,71,72.3,165.2
2026-05-24T07:44:48,82.1,1660,7941,0,5,99.99,90,83.8,165.3
2026-05-24T07:44:53,80.3,1658,7941,0,4,99.99,91,81.8,165.6
2026-05-24T07:44:59,87.2,1666,7941,0,4,99.99,107,89.8,165.8
2026-05-24T07:45:04,97.2,1661,7941,0,5,99.99,73,99.5,166.2
2026-05-24T07:45:09,93.0,1661,7941,0,5,99.99,94,95.0,167.9
2026-05-24T07:45:15,94.0,1668,7941,0,5,99.99,111,99.2,168.1
2026-05-24T07:45:20,97.3,1662,7941,0,4,99.99,97,101.0,169.0
2026-05-24T07:45:25,99.3,1671,7941,0,6,99.99,100,101.2,169.2
2026-05-24T07:45:31,100.0,1674,7941,1,5,99.99,109,104.5,169.2
2026-05-24T07:45:36,99.9,1666,7941,0,6,99.99,110,102.8,169.3
2026-05-24T07:45:41,100.0,1666,7941,0,4,99.99,116,103.1,171.9
2026-05-24T07:45:47,99.9,1640,7941,0,5,99.99,121,101.8,171.9
2026-05-24T07:45:52,100.0,1636,7941,0,5,99.99,117,103.1,172.0
2026-05-24T07:45:57,100.0,1643,7941,0,5,99.99,99,104.5,179.2
2026-05-24T07:46:03,100.0,1655,7941,0,5,99.99,88,103.7,184.3
2026-05-24T07:46:08,100.0,1649,7941,0,4,99.99,125,102.2,184.3
2026-05-24T07:46:13,99.9,1656,7941,0,4,99.99,104,104.4,184.4
2026-05-24T07:46:19,99.9,1652,7941,0,7,99.99,100,101.9,184.5
2026-05-24T07:46:24,99.9,1657,7941,1,7,99.99,112,101.7,186.6
2026-05-24T07:46:29,100.0,1655,7941,1,4,99.99,123,103.2,188.5
2026-05-24T07:46:34,100.0,1660,7941,0,4,99.99,109,105.3,188.6
2026-05-24T07:46:40,100.0,1659,7941,0,4,99.99,101,103.8,189.5
2026-05-24T07:46:45,99.9,1667,7941,0,6,99.99,117,102.5,200.3
2026-05-24T07:46:51,100.0,1669,7941,0,6,99.99,103,105.4,204.4
2026-05-24T07:46:56,99.9,1670,7941,0,5,99.99,124,102.2,204.7
2026-05-24T07:47:01,100.0,1678,7941,0,4,99.99,109,105.8,204.7
2026-05-24T07:47:07,99.9,1673,7941,0,4,99.99,112,101.9,204.7
2026-05-24T07:47:12,99.8,1679,7941,0,3,99.99,99,102.2,204.7
2026-05-24T07:47:18,99.8,1684,7941,0,5,99.99,97,106.3,204.8
2026-05-24T07:47:23,99.9,1684,7941,0,6,99.99,92,103.1,204.8
2026-05-24T07:47:28,99.9,1688,7941,0,9,99.99,110,103.3,205.0
2026-05-24T07:47:34,100.0,1672,7941,1,7,99.99,109,104.4,205.2
2026-05-24T07:47:39,99.8,1667,7941,0,6,99.99,125,102.6,205.2
2026-05-24T07:47:44,100.0,1673,7941,0,6,99.99,124,104.3,205.2
2026-05-24T07:47:50,99.9,1666,7941,0,5,99.99,101,104.0,206.0
2026-05-24T07:47:55,99.9,1673,7941,0,5,99.99,108,103.4,206.1
2026-05-24T07:48:01,100.0,1675,7941,0,5,99.99,107,104.8,206.2
2026-05-24T07:48:06,99.8,1668,7941,0,5,99.99,98,103.6,206.2
2026-05-24T07:48:11,100.0,1676,7941,0,5,99.99,107,106.1,210.4
2026-05-24T07:48:17,99.9,1683,7941,0,5,99.99,122,102.5,221.6
2026-05-24T07:48:22,99.9,1696,7941,0,5,99.99,103,103.8,231.1
2026-05-24T07:48:28,99.9,1702,7941,0,5,99.99,97,104.5,238.7
2026-05-24T07:48:33,99.9,1706,7941,0,6,99.99,109,103.8,238.7
2026-05-24T07:48:38,99.9,1710,7941,1,5,99.99,106,103.6,239.0
2026-05-24T07:48:44,99.9,1711,7941,0,5,99.99,111,102.5,239.2
2026-05-24T07:48:49,99.9,1702,7941,0,5,99.99,111,103.2,239.3
2026-05-24T07:48:54,99.9,1709,7941,0,5,99.99,100,105.6,239.3
2026-05-24T07:49:00,100.0,1701,7941,0,5,99.99,113,102.6,239.3
2026-05-24T07:49:05,99.9,1708,7941,0,6,99.99,105,104.0,243.4
2026-05-24T07:49:11,99.9,1723,7941,0,6,99.99,111,105.5,254.6
2026-05-24T07:49:16,99.8,1737,7941,0,6,99.99,107,103.8,265.7
2026-05-24T07:49:22,100.0,1739,7941,0,5,99.99,110,104.2,277.0
2026-05-24T07:49:27,99.9,1743,7941,0,5,99.99,110,104.2,282.6
2026-05-24T07:49:32,99.9,1745,7941,0,4,99.99,105,102.8,282.8
2026-05-24T07:49:38,100.0,1745,7941,0,4,99.99,106,102.9,282.9
2026-05-24T07:49:43,99.8,1756,7941,0,4,99.99,112,101.8,282.9
2026-05-24T07:49:48,99.9,1747,7941,1,3,99.99,98,102.1,282.9
2026-05-24T07:49:54,99.9,1750,7941,0,5,99.99,114,103.0,283.2
2026-05-24T07:49:59,99.8,1751,7941,0,7,99.99,94,103.1,283.3
2026-05-24T07:50:04,99.6,1751,7941,0,7,99.99,93,102.2,283.3
2026-05-24T07:50:10,99.9,1757,7941,2,5,99.99,99,104.6,283.3
2026-05-24T07:50:15,99.9,1753,7941,0,6,99.99,98,105.8,283.3
2026-05-24T07:50:21,99.9,1753,7941,0,6,99.99,92,103.2,283.3
2026-05-24T07:50:26,99.9,1766,7941,0,7,99.99,101,104.7,283.3
2026-05-24T07:50:31,100.0,1746,7941,0,6,99.99,107,103.6,283.3
2026-05-24T07:50:37,99.9,1745,7941,0,5,99.99,90,101.7,283.3
2026-05-24T07:50:42,99.9,1745,7941,0,5,99.99,123,102.8,283.3
2026-05-24T07:50:47,100.0,1752,7941,0,4,99.99,110,102.8,283.4
2026-05-24T07:50:53,99.8,1755,7941,0,5,99.99,106,103.7,283.4
2026-05-24T07:50:58,100.0,1752,7941,0,5,99.99,111,103.6,283.4
2026-05-24T07:51:04,99.9,1756,7941,0,5,99.99,87,104.6,283.5
2026-05-24T07:51:09,99.8,1760,7941,1,4,99.99,114,106.5,283.5
2026-05-24T07:51:14,100.0,1762,7941,0,7,99.99,103,104.2,283.5
2026-05-24T07:51:20,99.9,1771,7941,0,8,99.99,106,104.0,283.5
2026-05-24T07:51:25,99.9,1752,7941,0,6,99.99,108,103.6,283.5
2026-05-24T07:51:31,100.0,1753,7941,0,6,99.99,106,104.7,283.7
2026-05-24T07:51:36,99.7,1758,7941,0,6,99.99,99,104.2,283.7
2026-05-24T07:51:42,100.0,1757,7941,0,5,99.99,117,104.0,283.7
2026-05-24T07:51:47,100.0,1750,7941,0,4,99.99,118,104.3,283.7
2026-05-24T07:51:52,99.9,1751,7941,0,4,99.99,103,102.6,283.9
2026-05-24T07:51:58,99.9,1750,7941,0,4,99.99,108,104.4,283.9
2026-05-24T07:52:03,99.9,1750,7941,2,2,99.99,115,104.4,283.9
2026-05-24T07:52:09,99.9,1752,7941,0,5,99.99,89,105.6,284.0
2026-05-24T07:52:14,99.9,1751,7941,0,4,99.99,101,103.0,284.2
2026-05-24T07:52:19,99.9,1758,7941,0,8,99.99,99,104.7,284.2
2026-05-24T07:52:25,99.9,1753,7941,0,6,99.99,105,103.2,284.2
2026-05-24T07:52:30,99.9,1749,7941,0,6,99.99,106,102.9,284.2
2026-05-24T07:52:35,99.9,1748,7941,0,5,99.99,120,103.8,284.2
2026-05-24T07:52:41,100.0,1752,7941,0,4,99.99,97,104.4,284.2
2026-05-24T07:52:46,99.9,1760,7941,1,4,99.99,113,102.4,284.2
2026-05-24T07:52:52,99.8,1760,7941,0,5,99.99,100,104.8,284.2
2026-05-24T07:52:57,100.0,1748,7941,0,5,99.99,99,103.7,284.2
2026-05-24T07:53:03,100.0,1761,7941,0,6,99.99,109,104.4,284.2
2026-05-24T07:53:08,100.0,1760,7941,0,6,99.99,97,103.8,284.2
2026-05-24T07:53:13,100.0,1755,7941,0,5,99.99,97,104.8,284.2
2026-05-24T07:53:19,100.0,1747,7941,0,5,99.99,117,101.2,284.2
2026-05-24T07:53:24,100.0,1752,7941,0,5,99.99,108,103.1,284.3
2026-05-24T07:53:29,99.9,1752,7941,0,5,99.99,106,104.4,284.5
2026-05-24T07:53:35,99.9,1749,7941,0,4,99.99,113,102.2,284.5
2026-05-24T07:53:40,100.0,1757,7941,0,4,99.99,104,107.7,284.5
2026-05-24T07:53:46,100.0,1759,7941,1,4,99.99,104,103.8,284.5
2026-05-24T07:53:51,100.0,1754,7941,0,5,99.99,98,104.5,284.6
2026-05-24T07:53:56,99.9,1749,7941,0,4,99.99,102,101.9,284.6
2026-05-24T07:54:02,99.7,1755,7941,0,6,99.99,104,102.5,284.7
2026-05-24T07:54:07,99.9,1754,7941,0,6,99.99,95,105.7,284.7
2026-05-24T07:54:13,100.0,1751,7941,0,5,99.99,107,105.5,284.7
2026-05-24T07:54:18,99.8,1758,7941,0,5,99.99,96,102.8,284.7
2026-05-24T07:54:23,100.0,1760,7941,0,5,99.99,115,103.7,284.7
2026-05-24T07:54:29,100.0,1756,7941,0,5,99.99,107,103.7,284.7
2026-05-24T07:54:34,100.0,1754,7941,0,5,99.99,101,106.0,284.7
2026-05-24T07:54:40,99.8,1749,7941,0,5,99.99,99,103.3,284.7
2026-05-24T07:54:45,100.0,1758,7941,0,5,99.99,113,105.5,284.7
2026-05-24T07:54:51,100.0,1752,7941,0,6,99.99,102,106.2,284.7
2026-05-24T07:54:56,100.0,1746,7941,0,5,99.99,114,104.2,284.7
2026-05-24T07:55:02,100.0,1747,7941,0,5,99.99,108,104.9,284.7
2026-05-24T07:55:08,99.5,1745,7941,0,4,99.99,83,111.2,284.7
2026-05-24T07:55:13,99.9,1747,7941,0,5,99.99,102,102.8,285.9
2026-05-24T07:55:18,99.8,1759,7941,1,4,99.99,109,103.6,287.7
2026-05-24T07:55:24,99.9,1762,7941,0,6,99.99,104,105.2,287.8
2026-05-24T07:55:29,99.9,1759,7941,0,8,99.99,97,103.0,288.1
2026-05-24T07:55:34,99.9,1754,7941,1,6,99.99,106,101.2,288.1
2026-05-24T07:55:40,99.9,1751,7941,0,6,99.99,112,103.8,288.2
2026-05-24T07:55:45,99.9,1749,7941,0,4,99.99,108,102.3,288.6
2026-05-24T07:55:51,99.9,1749,7941,0,4,99.99,100,104.2,288.6
2026-05-24T07:55:56,100.0,1755,7941,0,3,99.99,109,103.9,288.6
2026-05-24T07:56:01,99.9,1755,7941,0,4,99.99,102,103.4,288.6
2026-05-24T07:56:07,99.7,1758,7941,0,5,99.99,97,102.8,288.6
2026-05-24T07:56:12,99.9,1766,7941,0,7,99.99,79,104.0,288.6
2026-05-24T07:56:17,99.9,1764,7941,0,9,99.99,128,102.1,288.6
2026-05-24T07:56:23,99.9,1760,7941,2,6,99.99,98,103.7,288.8
2026-05-24T07:56:28,99.9,1760,7941,0,6,99.99,110,104.6,288.8
2026-05-24T07:56:34,99.9,1755,7941,0,6,99.99,122,104.4,288.8
2026-05-24T07:56:39,99.9,1753,7941,0,5,99.99,102,102.9,288.8
2026-05-24T07:56:44,99.9,1764,7941,0,5,99.99,116,102.6,288.9
2026-05-24T07:56:50,99.8,1753,7941,0,5,99.99,94,103.5,289.0
2026-05-24T07:56:55,100.0,1756,7941,0,5,99.99,116,105.2,289.1
2026-05-24T07:57:01,100.0,1759,7941,0,5,99.99,114,104.0,289.2
2026-05-24T07:57:06,99.8,1751,7941,0,5,99.99,99,106.0,289.2
2026-05-24T07:57:12,99.9,1752,7941,0,4,99.99,111,105.8,289.2
2026-05-24T07:57:17,99.8,1756,7941,1,2,99.99,101,101.9,289.2
2026-05-24T07:57:22,100.0,1768,7941,0,4,99.99,95,104.4,289.2
2026-05-24T07:57:28,99.8,1754,7941,0,4,99.99,106,102.5,289.2
2026-05-24T07:57:33,99.8,1759,7941,1,5,99.99,100,101.8,289.2
2026-05-24T07:57:38,99.9,1763,7941,0,8,99.99,90,104.6,289.2
2026-05-24T07:57:44,99.9,1775,7941,0,8,99.99,112,102.8,289.2
2026-05-24T07:57:49,100.0,1762,7941,0,7,99.99,118,102.7,289.2
2026-05-24T07:57:54,99.9,1752,7941,1,4,99.99,94,103.4,289.2
2026-05-24T07:58:00,99.9,1754,7941,0,4,99.99,116,103.8,289.2
2026-05-24T07:58:05,99.8,1756,7941,0,5,99.99,109,105.5,289.2
2026-05-24T07:58:11,100.0,1757,7941,0,4,99.99,96,105.6,289.2
2026-05-24T07:58:16,100.0,1749,7941,0,4,99.99,112,103.2,289.2
2026-05-24T07:58:22,100.0,1755,7941,0,3,99.99,86,104.4,289.2
2026-05-24T07:58:27,99.9,1760,7941,0,4,99.99,112,104.4,289.2
2026-05-24T07:58:32,99.9,1763,7941,0,5,99.99,91,104.0,289.2
2026-05-24T07:58:38,100.0,1763,7941,0,7,99.99,98,103.0,289.2
2026-05-24T07:58:43,100.0,1773,7941,0,8,99.99,122,102.5,289.6
2026-05-24T07:58:48,100.0,1758,7941,0,8,99.99,107,103.2,289.6
2026-05-24T07:58:54,100.0,1755,7941,0,6,99.99,107,104.4,289.6
2026-05-24T07:58:59,99.9,1752,7941,0,5,99.99,117,102.1,289.6
2026-05-24T07:59:04,99.9,1753,7941,0,4,99.99,89,101.2,289.6
2026-05-24T07:59:10,99.9,1754,7941,1,4,99.99,103,103.0,289.6
2026-05-24T07:59:15,99.9,1761,7941,0,5,99.99,103,103.7,289.6
2026-05-24T07:59:21,99.9,1758,7941,0,5,99.99,94,104.6,289.6
2026-05-24T07:59:26,100.0,1757,7941,0,5,99.99,102,103.4,289.6
2026-05-24T07:59:31,100.0,1763,7941,0,5,99.99,106,105.6,289.8
2026-05-24T07:59:37,99.9,1758,7941,0,5,99.99,93,103.5,289.8
2026-05-24T07:59:42,99.9,1757,7941,1,4,99.99,87,102.6,289.8
2026-05-24T07:59:47,99.9,1769,7941,0,7,99.99,88,100.6,289.8
2026-05-24T07:59:53,100.0,1755,7941,0,6,99.99,132,102.0,289.8
2026-05-24T07:59:58,99.9,1761,7941,0,6,99.99,88,103.2,289.8
2026-05-24T08:00:04,99.6,1763,7941,1,6,99.99,114,104.2,289.8
2026-05-24T08:00:10,99.3,1769,7941,0,6,99.99,63,110.9,289.8
2026-05-24T08:00:15,99.9,1760,7941,0,5,99.99,91,106.5,289.8
2026-05-24T08:00:21,99.9,1762,7941,0,5,99.99,95,104.2,289.9
2026-05-24T08:00:26,99.9,1757,7941,0,4,99.99,102,104.8,290.0
2026-05-24T08:00:32,99.9,1761,7941,1,5,99.99,102,105.8,290.0
2026-05-24T08:00:37,99.9,1761,7941,0,5,99.99,104,102.9,290.0
2026-05-24T08:00:42,100.0,1763,7941,1,7,99.99,97,104.0,290.3
2026-05-24T08:00:48,99.8,1773,7941,0,6,99.99,113,102.8,290.3
2026-05-24T08:00:53,100.0,1757,7941,0,5,99.99,104,105.0,290.3
2026-05-24T08:00:59,100.0,1755,7941,0,5,99.99,114,104.6,290.3
2026-05-24T08:01:04,100.0,1760,7941,0,5,99.99,100,104.2,290.3
2026-05-24T08:01:09,99.9,1756,7941,0,4,99.99,100,103.6,290.3
2026-05-24T08:01:15,99.8,1759,7941,0,4,99.99,107,103.6,290.3
2026-05-24T08:01:20,100.0,1760,7941,0,4,99.99,105,103.4,290.3
2026-05-24T08:01:25,99.9,1761,7941,0,4,99.99,102,102.4,290.3
2026-05-24T08:01:31,99.8,1763,7941,0,7,99.99,90,102.9,290.5
2026-05-24T08:01:36,100.0,1764,7941,0,8,99.99,103,104.6,290.5
2026-05-24T08:01:42,100.0,1766,7941,2,6,99.99,112,103.6,290.5
2026-05-24T08:01:47,99.9,1769,7941,0,7,99.99,117,103.8,290.5
2026-05-24T08:01:53,100.0,1762,7941,0,4,99.99,112,105.5,290.5
2026-05-24T08:01:58,100.0,1764,7941,0,5,99.99,121,103.8,290.6
2026-05-24T08:02:03,99.9,1760,7941,0,5,99.99,98,104.4,290.6
2026-05-24T08:02:09,99.9,1756,7941,0,5,99.99,108,102.9,290.6
2026-05-24T08:02:14,100.0,1757,7941,0,5,99.99,106,102.0,290.6
2026-05-24T08:02:19,99.9,1764,7941,0,5,99.99,108,104.8,290.6
2026-05-24T08:02:25,100.0,1761,7941,0,5,99.99,99,104.1,290.6
2026-05-24T08:02:30,99.9,1754,7941,0,5,99.99,104,103.1,290.6
2026-05-24T08:02:36,99.9,1761,7941,0,5,99.99,103,104.0,290.6
2026-05-24T08:02:41,99.9,1757,7941,0,5,99.99,106,104.2,290.6
2026-05-24T08:02:47,99.9,1767,7941,0,5,99.99,100,105.2,290.6
2026-05-24T08:02:52,100.0,1757,7941,0,5,99.99,103,103.1,290.6
2026-05-24T08:02:57,99.9,1751,7941,0,4,99.99,97,102.9,290.6
2026-05-24T08:03:02,99.9,1753,7941,0,4,99.99,98,101.4,290.6
2026-05-24T08:03:08,99.9,1759,7941,0,4,99.99,124,103.0,290.6
2026-05-24T08:03:13,100.0,1761,7941,0,6,99.99,87,102.6,290.6
2026-05-24T08:03:18,100.0,1766,7941,0,8,99.99,109,104.7,290.6
2026-05-24T08:03:24,100.0,1765,7941,0,8,99.99,100,105.6,290.6
2026-05-24T08:03:29,100.0,1757,7941,0,6,99.99,125,101.6,290.6
2026-05-24T08:03:34,100.0,1757,7941,0,5,99.99,133,103.4,290.6
2026-05-24T08:03:40,99.9,1757,7941,0,5,99.99,106,103.8,290.6
2026-05-24T08:03:45,100.0,1777,7941,0,5,99.99,107,104.3,290.6
2026-05-24T08:03:50,100.0,1766,7941,0,5,99.99,109,102.0,290.6
2026-05-24T08:03:56,100.0,1758,7941,0,5,99.99,113,101.4,290.6
2026-05-24T08:04:01,99.9,1756,7941,0,5,99.99,116,102.6,290.6
2026-05-24T08:04:06,99.9,1754,7941,0,5,99.99,99,103.4,290.6
2026-05-24T08:04:12,100.0,1763,7941,0,5,99.99,117,105.2,290.6
2026-05-24T08:04:17,100.0,1769,7941,0,5,99.99,114,104.9,290.6
2026-05-24T08:04:22,99.9,1766,7941,0,5,99.99,98,104.4,290.6
2026-05-24T08:04:28,99.9,1761,7941,0,5,99.99,114,102.5,290.6
2026-05-24T08:04:33,100.0,1757,7941,0,4,99.99,114,103.8,290.6
2026-05-24T08:04:38,100.0,1756,7941,0,3,99.99,108,103.4,290.6
2026-05-24T08:04:44,100.0,1782,7941,0,4,99.99,126,103.8,290.6
2026-05-24T08:04:49,99.8,1760,7941,0,4,99.99,103,102.6,290.6
2026-05-24T08:04:54,99.9,1764,7941,0,4,99.99,95,103.8,290.6
2026-05-24T08:05:00,99.9,1758,7941,0,6,99.99,114,102.0,290.6
2026-05-24T08:05:05,100.0,1756,7941,0,6,99.99,101,103.6,290.6
2026-05-24T08:05:10,99.9,1763,7941,0,6,99.99,80,103.5,290.6
2026-05-24T08:05:16,99.8,1763,7941,0,7,99.99,120,103.6,290.6
2026-05-24T08:05:21,100.0,1758,7941,0,5,99.99,128,104.5,290.6
2026-05-24T08:05:26,100.0,1759,7941,0,5,99.99,111,104.8,290.6
2026-05-24T08:05:32,100.0,1755,7941,0,5,99.99,113,104.8,290.6
2026-05-24T08:05:37,99.9,1758,7941,0,5,99.99,115,103.6,290.6
2026-05-24T08:05:43,100.0,1764,7941,0,6,99.99,93,105.0,290.6
2026-05-24T08:05:48,100.0,1758,7941,0,6,99.99,102,104.0,290.6
2026-05-24T08:05:53,100.0,1753,7941,0,5,99.99,112,104.7,290.6
2026-05-24T08:05:59,100.0,1754,7941,0,5,99.99,120,101.8,290.6
2026-05-24T08:06:04,100.0,1754,7941,0,5,99.99,112,102.2,290.6
2026-05-24T08:06:09,100.0,1769,7941,0,5,99.99,96,104.7,290.6
2026-05-24T08:06:15,100.0,1767,7941,0,4,99.99,128,104.2,290.6
2026-05-24T08:06:20,100.0,1763,7941,0,5,99.99,98,104.8,290.6
2026-05-24T08:06:25,99.9,1756,7941,0,5,99.99,125,103.6,290.6
2026-05-24T08:06:31,100.0,1758,7941,0,4,99.99,102,104.0,290.6
2026-05-24T08:06:36,100.0,1763,7941,0,4,99.99,100,104.7,290.6
2026-05-24T08:06:42,99.9,1760,7941,0,5,99.99,105,104.4,290.6
2026-05-24T08:06:47,99.9,1774,7941,0,5,99.99,115,101.8,290.6
2026-05-24T08:06:52,100.0,1766,7941,0,5,99.99,92,103.6,290.6
2026-05-24T08:06:57,99.9,1755,7941,0,5,99.99,128,103.0,290.6
2026-05-24T08:07:03,100.0,1767,7941,0,5,99.99,106,103.7,290.6
2026-05-24T08:07:08,100.0,1758,7941,0,5,99.99,102,104.5,290.6
2026-05-24T08:07:14,100.0,1753,7941,0,4,99.99,96,103.2,290.6
2026-05-24T08:07:19,99.8,1752,7941,0,4,99.99,109,101.5,290.6
2026-05-24T08:07:24,99.9,1752,7941,0,4,99.99,128,101.6,290.6
2026-05-24T08:07:29,99.9,1753,7941,0,4,99.99,95,103.2,290.6
2026-05-24T08:07:35,100.0,1758,7941,0,4,99.99,117,104.0,290.6
2026-05-24T08:07:40,99.9,1762,7941,0,4,99.99,111,103.4,290.6
2026-05-24T08:07:45,100.0,1765,7941,0,5,99.99,105,104.0,290.6
2026-05-24T08:07:51,100.0,1769,7941,0,6,99.99,106,104.6,290.6
2026-05-24T08:07:56,100.0,1760,7941,0,4,99.99,114,103.3,290.6
2026-05-24T08:08:02,100.0,1768,7941,0,6,99.99,101,105.8,290.6
2026-05-24T08:08:07,100.0,1760,7941,0,5,99.99,112,105.3,290.6
2026-05-24T08:08:12,100.0,1756,7941,0,5,99.99,107,103.8,290.6
2026-05-24T08:08:18,100.0,1757,7941,0,4,99.99,104,104.0,290.6
2026-05-24T08:08:23,100.0,1761,7941,0,4,99.99,115,104.7,290.6
2026-05-24T08:08:28,100.0,1761,7941,0,5,99.99,124,103.0,290.6
2026-05-24T08:08:34,100.0,1774,7941,0,5,99.99,86,104.3,290.6
2026-05-24T08:08:39,100.0,1766,7941,0,5,99.99,97,104.0,290.6
2026-05-24T08:08:45,100.0,1769,7941,0,5,99.99,111,103.3,290.6
2026-05-24T08:08:50,100.0,1762,7941,2,3,99.99,116,103.1,290.6
2026-05-24T08:08:55,100.0,1762,7941,1,7,99.99,103,103.9,290.6
2026-05-24T08:09:01,99.9,1753,7941,0,6,99.99,108,103.5,290.6
2026-05-24T08:09:06,99.7,1756,7941,0,5,99.99,86,106.5,290.6
2026-05-24T08:09:12,100.0,1757,7941,0,5,99.99,89,104.5,290.8
2026-05-24T08:09:17,100.0,1760,7941,0,5,99.99,124,103.8,290.8
2026-05-24T08:09:22,100.0,1761,7941,0,5,99.99,111,104.0,290.8
2026-05-24T08:09:28,100.0,1759,7941,0,4,99.99,101,105.4,290.8
2026-05-24T08:09:33,100.0,1759,7941,0,4,99.99,104,102.5,290.8
2026-05-24T08:09:38,99.8,1764,7941,0,4,99.99,105,103.4,290.8
2026-05-24T08:09:44,100.0,1758,7941,0,3,99.99,110,102.8,290.8
2026-05-24T08:09:49,99.9,1767,7941,0,5,99.99,96,104.1,290.8
2026-05-24T08:09:54,100.0,1764,7941,0,8,99.99,100,102.6,290.8
2026-05-24T08:10:00,99.9,1763,7941,0,8,99.99,117,102.4,290.8
2026-05-24T08:10:05,99.8,1765,7941,0,7,99.99,87,102.0,290.8
2026-05-24T08:10:10,99.9,1761,7941,0,6,99.99,95,104.7,290.8
2026-05-24T08:10:16,99.9,1761,7941,0,4,99.99,112,103.2,290.8
2026-05-24T08:10:21,99.9,1761,7941,0,4,99.99,104,104.8,290.8
2026-05-24T08:10:27,100.0,1753,7941,0,4,99.99,106,103.4,290.8
2026-05-24T08:10:32,99.9,1753,7941,0,4,99.99,103,102.9,290.8
2026-05-24T08:10:37,99.9,1756,7941,0,6,99.99,100,102.8,290.8
2026-05-24T08:10:43,100.0,1774,7941,1,6,99.99,108,104.8,290.8
2026-05-24T08:10:48,99.9,1760,7941,0,4,99.99,121,102.7,290.8
2026-05-24T08:10:53,100.0,1759,7941,0,6,99.99,89,104.3,290.8
2026-05-24T08:10:59,100.0,1761,7941,0,5,99.99,117,105.7,290.8
2026-05-24T08:11:04,100.0,1765,7941,0,6,99.99,107,103.4,290.8
2026-05-24T08:11:10,100.0,1761,7941,0,5,99.99,104,105.8,290.8
2026-05-24T08:11:15,100.0,1765,7941,0,5,99.99,104,103.8,290.8
2026-05-24T08:11:20,100.0,1760,7941,0,5,99.99,115,105.0,290.8
2026-05-24T08:11:26,100.0,1764,7941,0,5,99.99,108,104.9,290.8
2026-05-24T08:11:31,100.0,1756,7941,0,5,99.99,98,104.5,290.8
2026-05-24T08:11:37,100.0,1759,7941,0,5,99.99,118,104.5,290.8
2026-05-24T08:11:42,99.9,1754,7941,0,4,99.99,113,104.0,290.8
2026-05-24T08:11:47,99.9,1760,7941,0,4,99.99,117,103.0,290.8
2026-05-24T08:11:53,100.0,1764,7941,0,4,99.99,86,104.8,290.8
2026-05-24T08:11:58,100.0,1764,7941,0,4,99.99,108,103.0,290.8
2026-05-24T08:12:03,99.8,1770,7941,0,5,99.99,103,103.0,290.8
2026-05-24T08:12:09,100.0,1765,7941,0,5,99.99,107,104.0,290.8
2026-05-24T08:12:14,99.9,1760,7941,0,6,99.99,99,103.8,290.8
2026-05-24T08:12:19,100.0,1764,7941,1,5,99.99,98,102.8,290.8
2026-05-24T08:12:25,99.9,1783,7941,0,6,99.99,117,104.2,290.8
2026-05-24T08:12:30,99.9,1779,7941,0,6,99.99,100,103.2,290.8
2026-05-24T08:12:35,100.0,1766,7941,0,5,99.99,101,103.1,290.8
2026-05-24T08:12:41,100.0,1768,7941,0,5,99.99,114,107.0,290.8
2026-05-24T08:12:46,99.8,1777,7941,0,5,99.99,122,104.0,290.8
2026-05-24T08:12:52,100.0,1769,7941,0,6,99.99,94,104.1,290.8
2026-05-24T08:12:57,100.0,1766,7941,2,3,99.99,111,101.8,290.8
2026-05-24T08:13:02,100.0,1769,7941,0,4,99.99,101,102.6,290.8
2026-05-24T08:13:07,100.0,1762,7941,0,4,99.99,107,101.4,290.8
2026-05-24T08:13:13,99.9,1766,7941,0,4,99.99,103,102.8,290.8
2026-05-24T08:13:18,100.0,1765,7941,0,4,99.99,104,102.8,290.8
2026-05-24T08:13:24,100.0,1778,7941,0,4,99.99,100,104.4,290.8
2026-05-24T08:13:29,99.9,1774,7941,0,5,99.99,98,104.6,290.8
2026-05-24T08:13:34,100.0,1775,7941,0,8,99.99,120,104.0,290.8
2026-05-24T08:13:40,99.9,1773,7941,0,9,99.99,94,103.6,290.8
2026-05-24T08:13:45,100.0,1772,7941,0,9,99.99,113,103.5,290.8
2026-05-24T08:13:50,99.9,1765,7941,0,6,99.99,121,102.8,290.8
2026-05-24T08:13:56,99.9,1764,7941,0,6,99.99,118,102.7,290.8
2026-05-24T08:14:01,100.0,1774,7941,0,5,99.99,115,105.4,290.8
2026-05-24T08:14:06,99.9,1772,7941,0,5,99.99,101,103.8,290.8
2026-05-24T08:14:12,100.0,1767,7941,0,5,99.99,95,103.8,290.8
2026-05-24T08:14:17,99.9,1767,7941,0,5,99.99,106,104.0,290.8
2026-05-24T08:14:23,100.0,1779,7941,0,5,99.99,119,104.8,290.8
2026-05-24T08:14:28,99.9,1772,7941,0,6,99.99,118,103.0,290.8
2026-05-24T08:14:33,100.0,1765,7941,0,5,99.99,98,104.4,290.8
2026-05-24T08:14:39,100.0,1765,7941,0,3,99.99,124,103.2,290.8
2026-05-24T08:14:44,99.8,1778,7941,0,4,99.99,91,101.2,290.8
2026-05-24T08:14:49,99.9,1779,7941,0,4,99.99,107,102.0,290.8
2026-05-24T08:14:54,99.9,1774,7941,0,4,99.99,114,103.4,290.8
2026-05-24T08:15:00,100.0,1771,7941,0,6,99.99,106,105.2,290.8
2026-05-24T08:15:05,99.9,1781,7941,0,8,99.99,91,103.8,290.8
2026-05-24T08:15:11,100.0,1771,7941,0,8,99.99,101,104.4,290.8
2026-05-24T08:15:16,100.0,1774,7941,0,8,99.99,103,102.5,290.8
2026-05-24T08:15:21,99.9,1761,7941,0,6,99.99,106,102.0,290.8
2026-05-24T08:15:27,100.0,1756,7941,0,5,99.99,110,105.2,290.8
2026-05-24T08:15:32,100.0,1756,7941,0,5,99.99,111,101.9,290.8
2026-05-24T08:15:37,100.0,1754,7941,0,5,99.99,94,103.1,290.8
2026-05-24T08:15:43,100.0,1751,7941,0,4,99.99,106,102.6,290.8
2026-05-24T08:15:48,100.0,1755,7941,0,3,99.99,111,103.1,290.8
2026-05-24T08:15:53,100.0,1759,7941,0,4,99.99,112,103.8,290.8
2026-05-24T08:15:59,99.9,1758,7941,0,4,99.99,102,103.0,290.8
2026-05-24T08:16:04,100.0,1757,7941,0,5,99.99,102,102.8,290.8
2026-05-24T08:16:09,99.8,1765,7941,0,5,99.99,124,103.6,290.8
2026-05-24T08:16:15,100.0,1761,7941,0,5,99.99,101,105.0,290.8
2026-05-24T08:16:20,100.0,1765,7941,0,7,99.99,90,104.8,290.8
2026-05-24T08:16:25,100.0,1759,7941,0,7,99.99,119,103.3,290.8
2026-05-24T08:16:31,100.0,1754,7941,0,5,99.99,126,105.0,290.8
2026-05-24T08:16:36,99.8,1754,7941,0,6,99.99,89,102.2,290.8
2026-05-24T08:16:42,100.0,1752,7941,1,4,99.99,123,103.4,290.8
2026-05-24T08:16:47,100.0,1761,7941,1,4,99.99,94,103.7,290.8
2026-05-24T08:16:52,99.9,1768,7941,0,4,99.99,113,103.8,290.8
2026-05-24T08:16:58,100.0,1762,7941,0,4,99.99,111,105.2,290.8
2026-05-24T08:17:03,100.0,1762,7941,1,3,99.99,98,102.9,290.8
2026-05-24T08:17:08,100.0,1762,7941,0,4,99.99,122,103.5,290.8
2026-05-24T08:17:14,100.0,1766,7941,0,4,99.99,110,104.5,290.8
2026-05-24T08:17:19,100.0,1769,7941,0,5,99.99,89,103.4,290.8
2026-05-24T08:17:24,100.0,1764,7941,0,6,99.99,105,103.9,290.8
2026-05-24T08:17:30,100.0,1756,7941,0,5,99.99,130,103.0,290.8
2026-05-24T08:17:35,100.0,1759,7941,1,4,99.99,101,104.0,290.8
2026-05-24T08:17:41,100.0,1762,7941,0,5,99.99,117,104.2,290.8
2026-05-24T08:17:46,99.8,1754,7941,1,3,99.99,102,102.1,290.8
2026-05-24T08:17:51,100.0,1761,7941,1,3,99.99,102,103.8,290.8
2026-05-24T08:17:57,100.0,1760,7941,0,4,99.99,105,104.5,290.8
2026-05-24T08:18:02,100.0,1767,7941,0,4,99.99,99,103.3,290.8
2026-05-24T08:18:07,100.0,1756,7941,0,4,99.99,105,104.5,290.8
2026-05-24T08:18:13,99.9,1767,7941,0,5,99.99,113,104.6,290.8
2026-05-24T08:18:18,100.0,1773,7941,0,8,99.99,112,103.7,290.8
2026-05-24T08:18:23,100.0,1770,7941,0,8,99.99,105,103.8,290.8
2026-05-24T08:18:29,100.0,1764,7941,0,7,99.99,109,104.5,290.8
2026-05-24T08:18:34,100.0,1762,7941,0,6,99.99,103,104.0,290.8
2026-05-24T08:18:40,99.9,1754,7941,0,5,99.99,107,103.6,290.8
2026-05-24T08:18:45,100.0,1757,7941,0,5,99.99,113,102.8,290.8
2026-05-24T08:18:50,100.0,1761,7941,0,5,99.99,126,105.1,290.8
2026-05-24T08:18:56,100.0,1778,7941,0,5,99.99,98,104.2,290.8
2026-05-24T08:19:01,100.0,1768,7941,0,5,99.99,101,103.0,290.8
2026-05-24T08:19:06,99.8,1763,7941,0,5,99.99,114,103.8,290.8
2026-05-24T08:19:12,100.0,1766,7941,0,6,99.99,113,104.9,290.8
2026-05-24T08:19:17,100.0,1764,7941,0,8,99.99,96,104.4,290.8
2026-05-24T08:19:22,99.8,1755,7941,0,5,99.99,112,101.2,290.8
2026-05-24T08:19:28,100.0,1756,7941,0,5,99.99,128,104.2,290.8
2026-05-24T08:19:33,100.0,1756,7941,1,3,99.99,104,103.8,290.8
2026-05-24T08:19:39,100.0,1759,7941,0,4,99.99,111,104.4,290.8
2026-05-24T08:19:44,99.9,1761,7941,0,4,99.99,93,104.3,290.8
2026-05-24T08:19:49,99.9,1763,7941,0,4,99.99,117,102.3,290.8
2026-05-24T08:19:55,99.9,1771,7941,0,6,99.99,107,102.8,290.8
2026-05-24T08:20:00,100.0,1765,7941,0,8,99.99,106,105.0,290.8
2026-05-24T08:20:05,99.7,1769,7941,0,9,99.99,74,102.8,290.8
2026-05-24T08:20:11,100.0,1775,7941,0,11,99.99,101,103.4,290.8
2026-05-24T08:20:16,99.9,1755,7941,0,5,99.99,107,104.1,290.8
2026-05-24T08:20:22,100.0,1764,7941,0,5,99.99,115,106.0,290.8
2026-05-24T08:20:27,100.0,1763,7941,0,5,99.99,96,103.5,290.8
2026-05-24T08:20:32,99.9,1763,7941,0,5,99.99,103,102.0,290.8
2026-05-24T08:20:38,99.9,1759,7941,0,6,99.99,106,102.8,290.8
2026-05-24T08:20:43,99.9,1782,7941,1,5,99.99,105,101.8,290.8
2026-05-24T08:20:48,100.0,1778,7941,0,5,99.99,112,102.6,290.8
2026-05-24T08:20:54,100.0,1768,7941,0,4,99.99,111,103.5,290.8
2026-05-24T08:20:59,100.0,1774,7941,0,4,99.99,110,103.9,290.8
2026-05-24T08:21:04,100.0,1776,7941,0,4,99.99,113,104.2,290.8
2026-05-24T08:21:10,99.9,1781,7941,0,5,99.99,100,103.8,290.8
2026-05-24T08:21:15,100.0,1780,7941,0,6,99.99,100,103.9,290.8
2026-05-24T08:21:20,99.9,1767,7941,0,5,99.99,122,102.6,290.8
2026-05-24T08:21:26,100.0,1778,7941,0,7,99.99,110,102.5,290.8
2026-05-24T08:21:31,100.0,1771,7941,0,8,99.99,92,102.5,290.8
2026-05-24T08:21:36,100.0,1767,7941,0,5,99.99,110,105.7,290.8
2026-05-24T08:21:42,99.9,1769,7941,0,5,99.99,102,102.4,290.8
2026-05-24T08:21:47,100.0,1766,7941,0,5,99.99,116,103.6,290.8
2026-05-24T08:21:52,99.9,1775,7941,0,5,99.99,99,105.0,290.8
2026-05-24T08:21:58,99.9,1768,7941,0,5,99.99,130,102.6,290.8
2026-05-24T08:22:03,100.0,1773,7941,0,5,99.99,111,105.1,290.8
2026-05-24T08:22:08,99.9,1766,7941,0,5,99.99,111,103.7,290.8
2026-05-24T08:22:14,100.0,1768,7941,0,6,99.99,96,104.8,290.8
2026-05-24T08:22:19,100.0,1766,7941,0,4,99.99,111,103.6,290.8
2026-05-24T08:22:25,100.0,1770,7941,0,4,99.99,115,104.8,290.8
2026-05-24T08:22:30,99.9,1773,7941,0,5,99.99,104,102.8,290.8
2026-05-24T08:22:35,100.0,1774,7941,0,5,99.99,116,103.4,290.8
2026-05-24T08:22:41,100.0,1770,7941,0,6,99.99,92,103.8,290.8
2026-05-24T08:22:46,99.9,1784,7941,0,7,99.99,108,103.4,290.8
2026-05-24T08:22:51,100.0,1776,7941,0,6,99.99,119,101.9,290.8
2026-05-24T08:22:57,99.9,1771,7941,0,5,99.99,107,103.5,290.8
2026-05-24T08:23:02,100.0,1773,7941,0,4,99.99,110,103.3,290.8
2026-05-24T08:23:07,99.8,1763,7941,0,4,99.99,108,101.6,290.8
2026-05-24T08:23:13,99.9,1769,7941,0,4,99.99,98,104.6,290.8
2026-05-24T08:23:18,100.0,1770,7941,0,4,99.99,112,104.2,290.8
2026-05-24T08:23:23,100.0,1785,7941,1,5,99.99,96,104.6,290.8
2026-05-24T08:23:29,99.8,1783,7941,0,8,99.99,87,103.6,290.8
2026-05-24T08:23:34,100.0,1765,7941,0,8,99.99,127,104.7,290.8
2026-05-24T08:23:40,100.0,1758,7941,0,5,99.99,122,104.0,290.8
2026-05-24T08:23:45,100.0,1763,7941,0,5,99.99,126,104.4,290.8
2026-05-24T08:23:50,99.9,1754,7941,0,5,99.99,106,104.6,290.8
2026-05-24T08:23:56,100.0,1755,7941,0,4,99.99,101,103.3,290.8
2026-05-24T08:24:01,99.9,1769,7941,0,5,99.99,108,103.9,290.8
2026-05-24T08:24:07,99.8,1766,7941,0,5,99.99,96,105.6,290.8
2026-05-24T08:24:12,100.0,1759,7941,0,5,99.99,112,104.9,290.8
2026-05-24T08:24:17,100.0,1758,7941,0,5,99.99,103,104.7,290.8
2026-05-24T08:24:23,99.9,1764,7941,0,5,99.99,107,104.3,290.8
2026-05-24T08:24:28,99.9,1758,7941,0,5,99.99,115,104.7,290.8
2026-05-24T08:24:34,99.8,1754,7941,0,5,99.99,106,102.2,290.8
2026-05-24T08:24:39,99.9,1760,7941,0,5,99.99,91,103.2,290.8
2026-05-24T08:24:44,99.9,1771,7941,0,5,99.99,118,100.2,290.8
2026-05-24T08:24:50,100.0,1768,7941,0,5,99.99,89,104.0,290.8
2026-05-24T08:24:55,100.0,1757,7941,0,5,99.99,109,102.5,290.8
2026-05-24T08:25:00,99.9,1760,7941,0,5,99.99,94,103.8,290.8
2026-05-24T08:25:06,99.9,1759,7941,0,5,99.99,108,102.8,290.8
2026-05-24T08:25:11,99.9,1764,7941,0,5,99.99,96,103.6,290.8
2026-05-24T08:25:16,100.0,1767,7941,0,5,99.99,107,104.0,290.8
2026-05-24T08:25:22,100.0,1760,7941,1,5,99.99,99,104.9,290.8
2026-05-24T08:25:27,99.8,1759,7941,0,7,99.99,104,103.6,290.8
2026-05-24T08:25:33,99.9,1752,7941,0,5,99.99,115,104.1,290.8
2026-05-24T08:25:38,99.8,1761,7941,0,5,99.99,105,104.0,290.8
2026-05-24T08:25:43,100.0,1758,7941,0,5,99.99,106,104.5,290.8
2026-05-24T08:25:49,100.0,1755,7941,2,2,99.99,122,102.8,290.8
2026-05-24T08:25:54,100.0,1756,7941,0,5,99.99,114,104.4,290.8
2026-05-24T08:25:59,100.0,1754,7941,0,5,99.99,91,104.1,290.8
2026-05-24T08:26:05,99.8,1756,7941,0,4,99.99,106,103.4,290.8
2026-05-24T08:26:10,100.0,1759,7941,0,4,99.99,106,104.8,290.8
2026-05-24T08:26:16,99.9,1756,7941,0,4,99.99,120,102.4,290.8
2026-05-24T08:26:21,99.9,1764,7941,0,4,99.99,99,102.9,290.8
2026-05-24T08:26:26,99.9,1763,7941,0,6,99.99,106,102.8,290.8
2026-05-24T08:26:32,100.0,1771,7941,0,8,99.99,101,105.0,290.8
2026-05-24T08:26:37,99.9,1759,7941,0,7,99.99,119,104.6,290.8
2026-05-24T08:26:43,100.0,1761,7941,0,7,99.99,99,104.4,290.8
2026-05-24T08:26:48,100.0,1757,7941,0,5,99.99,113,106.3,290.8
2026-05-24T08:26:53,100.0,1761,7941,0,5,99.99,113,103.8,290.8
2026-05-24T08:26:59,100.0,1762,7941,0,4,99.99,99,105.2,290.8
2026-05-24T08:27:04,100.0,1761,7941,0,4,99.99,107,105.6,290.8
2026-05-24T08:27:10,99.9,1761,7941,0,4,99.99,99,102.2,290.8
2026-05-24T08:27:15,99.9,1759,7941,0,4,99.99,124,102.2,290.8
2026-05-24T08:27:20,100.0,1762,7941,0,6,99.99,96,103.6,290.8
2026-05-24T08:27:26,100.0,1764,7941,0,8,99.99,98,104.0,290.8
2026-05-24T08:27:31,99.9,1763,7941,0,7,99.99,102,102.0,290.8
2026-05-24T08:27:36,99.9,1756,7941,0,5,99.99,108,103.5,290.8
2026-05-24T08:27:42,99.9,1763,7941,0,5,99.99,107,103.5,290.8
2026-05-24T08:27:47,100.0,1759,7941,0,5,99.99,111,103.8,290.8
2026-05-24T08:27:53,99.9,1755,7941,0,4,99.99,101,104.1,290.8
2026-05-24T08:27:58,100.0,1766,7941,0,4,99.99,113,105.8,290.8
2026-05-24T08:28:03,100.0,1767,7941,1,3,99.99,104,105.8,290.8
2026-05-24T08:28:09,100.0,1759,7941,0,5,99.99,90,104.6,290.8
2026-05-24T08:28:14,100.0,1771,7941,0,8,99.99,110,104.4,290.8
2026-05-24T08:28:20,100.0,1770,7941,0,9,99.99,113,103.3,290.8
2026-05-24T08:28:25,99.9,1759,7941,0,7,99.99,96,104.4,290.8
2026-05-24T08:28:30,100.0,1759,7941,1,5,99.99,109,103.4,290.8
2026-05-24T08:28:36,100.0,1758,7941,0,6,99.99,103,106.2,290.8
2026-05-24T08:28:41,100.0,1762,7941,0,5,99.99,111,104.2,290.8
2026-05-24T08:28:47,100.0,1767,7941,0,5,99.99,111,105.2,290.8
2026-05-24T08:28:52,100.0,1770,7941,0,5,99.99,111,102.8,290.8
2026-05-24T08:28:57,99.9,1763,7941,0,5,99.99,109,104.2,290.8
2026-05-24T08:29:03,100.0,1759,7941,0,5,99.99,91,103.6,290.8
2026-05-24T08:29:08,99.8,1761,7941,0,5,99.99,117,104.1,290.8
2026-05-24T08:29:14,99.9,1760,7941,0,4,99.99,106,102.8,290.8
2026-05-24T08:29:19,99.8,1768,7941,0,5,99.99,99,103.6,290.8
2026-05-24T08:29:24,99.8,1764,7941,0,5,99.99,105,104.4,290.8
2026-05-24T08:29:30,100.0,1769,7941,0,5,99.99,107,105.2,290.9
2026-05-24T08:29:35,100.0,1764,7941,0,5,99.99,107,104.6,290.9
2026-05-24T08:29:41,100.0,1769,7941,0,5,99.99,108,105.8,290.9
2026-05-24T08:29:46,100.0,1769,7941,0,7,99.99,105,103.0,290.9
2026-05-24T08:29:52,100.0,1759,7941,0,5,99.99,104,104.5,290.9
2026-05-24T08:29:57,99.9,1767,7941,0,5,99.99,116,104.0,290.9
2026-05-24T08:30:02,99.9,1770,7941,0,5,99.99,102,103.9,290.9
2026-05-24T08:30:08,99.9,1770,7941,0,5,99.99,94,108.2,290.9
2026-05-24T08:30:14,99.9,1774,7941,0,5,99.99,97,104.7,290.9
2026-05-24T08:30:19,99.9,1768,7941,0,4,99.99,94,103.4,290.9
2026-05-24T08:30:24,99.8,1769,7941,0,5,99.99,127,104.4,290.9
2026-05-24T08:30:30,99.9,1771,7941,0,5,99.99,79,104.2,290.9
2026-05-24T08:30:35,99.9,1771,7941,0,5,99.99,116,104.0,290.9
2026-05-24T08:30:41,99.9,1766,7941,0,4,99.99,92,105.0,290.9
2026-05-24T08:30:46,99.9,1783,7941,0,5,99.99,101,102.6,290.9
2026-05-24T08:30:51,100.0,1776,7941,0,6,99.99,106,102.8,290.9
2026-05-24T08:30:57,100.0,1774,7941,0,5,99.99,108,104.3,290.9
2026-05-24T08:31:02,100.0,1773,7941,0,6,99.99,100,104.8,290.9
2026-05-24T08:31:08,100.0,1769,7941,0,5,99.99,102,103.6,290.9
2026-05-24T08:31:13,100.0,1765,7941,0,5,99.99,104,104.8,290.9
2026-05-24T08:31:18,100.0,1771,7941,0,7,99.99,107,106.0,290.9
2026-05-24T08:31:24,100.0,1776,7941,0,6,99.99,119,103.6,290.9
2026-05-24T08:31:29,100.0,1772,7941,0,5,99.99,107,104.8,290.9
2026-05-24T08:31:35,100.0,1778,7941,2,3,99.99,101,104.8,290.9
2026-05-24T08:31:40,99.9,1779,7941,0,5,99.99,107,103.1,290.9
2026-05-24T08:31:45,99.9,1770,7941,0,5,99.99,116,102.8,290.9
2026-05-24T08:31:51,100.0,1776,7941,1,4,99.99,115,106.2,290.9
2026-05-24T08:31:56,100.0,1774,7941,0,6,99.99,115,105.7,290.9
2026-05-24T08:32:02,99.9,1776,7941,1,5,99.99,108,105.5,290.9
2026-05-24T08:32:07,99.9,1773,7941,0,5,99.99,95,103.3,290.9
2026-05-24T08:32:12,100.0,1770,7941,0,5,99.99,94,104.0,290.9
2026-05-24T08:32:18,100.0,1770,7941,0,5,99.99,110,103.8,290.9
2026-05-24T08:32:23,99.9,1772,7941,0,5,99.99,99,105.8,290.9
2026-05-24T08:32:29,99.9,1770,7941,0,5,99.99,112,102.8,290.9
2026-05-24T08:32:34,100.0,1767,7941,0,6,99.99,109,102.7,290.9
2026-05-24T08:32:39,99.9,1768,7941,0,7,99.99,112,103.1,290.9
2026-05-24T08:32:45,100.0,1769,7941,0,6,99.99,102,103.8,290.9
2026-05-24T08:32:50,100.0,1766,7941,0,5,99.99,104,103.6,290.9
2026-05-24T08:32:55,100.0,1762,7941,0,5,99.99,103,102.4,290.9
2026-05-24T08:33:01,99.9,1766,7941,0,5,99.99,106,103.0,290.9
2026-05-24T08:33:06,99.9,1764,7941,0,5,99.99,104,101.8,290.9
2026-05-24T08:33:11,100.0,1774,7941,0,4,99.99,100,104.2,290.9
2026-05-24T08:33:16,99.9,1770,7941,0,4,99.99,123,102.1,290.9
2026-05-24T08:33:22,100.0,1768,7941,0,4,99.99,93,104.6,290.9
2026-05-24T08:33:27,99.9,1760,7941,0,5,99.99,116,103.9,290.9
2026-05-24T08:33:33,100.0,1763,7941,0,7,99.99,107,104.0,290.9
2026-05-24T08:33:38,100.0,1761,7941,0,7,99.99,112,103.6,290.9
2026-05-24T08:33:43,99.9,1785,7941,0,8,99.99,94,103.5,290.9
2026-05-24T08:33:49,99.9,1768,7941,0,6,99.99,130,102.9,290.9
2026-05-24T08:33:54,99.9,1754,7941,0,5,99.99,121,102.5,290.9
2026-05-24T08:33:59,100.0,1757,7941,2,3,99.99,102,104.4,290.9
2026-05-24T08:34:05,100.0,1761,7941,0,5,99.99,110,102.2,291.0
2026-05-24T08:34:10,99.9,1759,7941,0,5,99.99,103,105.0,291.0
2026-05-24T08:34:15,99.9,1759,7941,0,5,99.99,107,103.5,291.0
2026-05-24T08:34:21,100.0,1756,7941,0,6,99.99,112,102.5,291.0
2026-05-24T08:34:26,100.0,1758,7941,0,6,99.99,107,104.8,291.0
2026-05-24T08:34:32,100.0,1758,7941,0,5,99.99,104,104.3,291.0
2026-05-24T08:34:37,100.0,1763,7941,0,5,99.99,108,105.9,291.0
2026-05-24T08:34:42,100.0,1758,7941,1,4,99.99,92,102.3,291.0
2026-05-24T08:34:48,99.9,1756,7941,0,5,99.99,117,102.5,291.0
2026-05-24T08:34:53,100.0,1762,7941,0,6,99.99,114,103.8,291.0
2026-05-24T08:34:58,100.0,1769,7941,0,6,99.99,119,105.8,291.0
2026-05-24T08:35:04,99.7,1763,7941,0,5,99.99,94,102.4,291.1
2026-05-24T08:35:09,99.9,1758,7941,0,4,99.99,98,105.1,291.1
2026-05-24T08:35:15,100.0,1758,7941,1,4,99.99,110,103.8,291.1
2026-05-24T08:35:20,99.9,1762,7941,0,4,99.99,94,103.2,291.2
2026-05-24T08:35:25,100.0,1761,7941,0,5,99.99,102,103.6,291.2
2026-05-24T08:35:31,100.0,1765,7941,0,4,99.99,117,103.6,291.2
2026-05-24T08:35:36,100.0,1763,7941,0,4,99.99,109,102.0,291.2
2026-05-24T08:35:41,99.9,1758,7941,0,4,99.99,105,104.9,291.2
2026-05-24T08:35:47,100.0,1756,7941,0,4,99.99,103,101.5,291.2
2026-05-24T08:35:52,99.9,1767,7941,0,6,99.99,110,102.7,291.2
2026-05-24T08:35:57,100.0,1761,7941,0,7,99.99,104,102.0,291.2
2026-05-24T08:36:03,100.0,1762,7941,0,5,99.99,102,103.3,291.2
2026-05-24T08:36:08,99.9,1760,7941,0,5,99.99,113,102.6,291.2
2026-05-24T08:36:13,99.9,1756,7941,0,5,99.99,104,104.2,291.2
2026-05-24T08:36:19,99.9,1760,7941,0,5,99.99,110,103.1,291.2
2026-05-24T08:36:24,99.9,1760,7941,0,5,99.99,104,102.5,291.2
2026-05-24T08:36:29,100.0,1765,7941,0,5,99.99,91,104.5,291.2
2026-05-24T08:36:35,100.0,1758,7941,0,5,99.99,120,103.8,291.2
2026-05-24T08:36:40,100.0,1756,7941,0,4,99.99,109,105.0,291.2
2026-05-24T08:36:45,100.0,1774,7941,0,4,99.99,110,102.4,291.2
2026-05-24T08:36:51,100.0,1766,7941,0,4,99.99,101,103.2,291.2
2026-05-24T08:36:56,100.0,1764,7941,0,5,99.99,103,103.2,291.2
2026-05-24T08:37:01,100.0,1766,7941,0,6,99.99,94,102.9,291.2
2026-05-24T08:37:07,99.8,1762,7941,0,6,99.99,119,102.6,291.2
2026-05-24T08:37:12,100.0,1770,7941,0,9,99.99,97,104.7,291.2
2026-05-24T08:37:18,100.0,1761,7941,0,7,99.99,124,104.6,291.2
2026-05-24T08:37:23,99.9,1761,7941,0,5,99.99,124,101.8,291.2
2026-05-24T08:37:28,99.9,1764,7941,0,5,99.99,93,103.0,291.2
2026-05-24T08:37:34,100.0,1761,7941,0,5,99.99,126,105.2,291.2
2026-05-24T08:37:39,99.9,1764,7941,0,5,99.99,104,103.4,291.2
2026-05-24T08:37:44,100.0,1762,7941,0,6,99.99,105,104.7,291.2
2026-05-24T08:37:50,100.0,1772,7941,0,6,99.99,106,104.6,291.2
2026-05-24T08:37:55,99.9,1771,7941,0,7,99.99,116,104.3,291.2
2026-05-24T08:38:01,100.0,1756,7941,0,5,99.99,112,104.0,291.2
2026-05-24T08:38:06,100.0,1763,7941,0,5,99.99,110,103.8,291.2
2026-05-24T08:38:11,100.0,1767,7941,0,5,99.99,101,103.5,291.2
2026-05-24T08:38:17,100.0,1772,7941,0,3,99.99,107,103.6,291.2
2026-05-24T08:38:22,100.0,1773,7941,0,5,99.99,111,104.0,291.2
2026-05-24T08:38:27,100.0,1762,7941,0,5,99.99,106,104.8,291.2
2026-05-24T08:38:33,100.0,1762,7941,0,5,99.99,116,103.5,291.2
2026-05-24T08:38:38,100.0,1765,7941,0,5,99.99,104,104.7,291.2
2026-05-24T08:38:44,100.0,1777,7941,0,5,99.99,101,103.9,291.2
2026-05-24T08:38:49,99.9,1769,7941,0,6,99.99,109,103.0,291.2
2026-05-24T08:38:54,99.8,1767,7941,0,7,99.99,104,102.2,291.2
2026-05-24T08:38:59,99.9,1763,7941,0,5,99.99,118,103.0,291.2
2026-05-24T08:39:05,99.9,1760,7941,0,5,99.99,93,102.8,291.2
2026-05-24T08:39:10,99.9,1762,7941,0,5,99.99,93,104.8,291.2
2026-05-24T08:39:16,100.0,1763,7941,0,5,99.99,102,104.6,291.2
2026-05-24T08:39:21,99.9,1762,7941,1,4,99.99,104,102.7,291.2
2026-05-24T08:39:26,100.0,1768,7941,0,6,99.99,93,104.4,291.2
2026-05-24T08:39:32,99.9,1773,7941,0,6,99.99,109,102.6,291.2
2026-05-24T08:39:37,99.9,1766,7941,0,7,99.99,104,104.6,291.2
2026-05-24T08:39:43,100.0,1760,7941,0,6,99.99,120,103.6,291.2
2026-05-24T08:39:48,99.9,1777,7941,0,5,99.99,111,102.6,291.2
2026-05-24T08:39:53,100.0,1767,7941,0,5,99.99,102,104.5,291.2
2026-05-24T08:39:59,99.9,1766,7941,0,5,99.99,107,101.6,291.2
2026-05-24T08:40:04,99.6,1770,7941,0,5,99.99,93,101.8,291.2
2026-05-24T08:40:10,99.9,1768,7941,0,6,99.99,93,107.5,291.2
2026-05-24T08:40:15,100.0,1760,7941,0,6,99.99,114,102.6,291.2
2026-05-24T08:40:20,100.0,1758,7941,0,5,99.99,81,103.2,291.2
2026-05-24T08:40:26,100.0,1763,7941,1,3,99.99,114,104.8,291.2
2026-05-24T08:40:31,99.9,1764,7941,0,5,99.99,100,105.0,291.2
2026-05-24T08:40:36,100.0,1767,7941,0,5,99.99,112,102.3,291.2
2026-05-24T08:40:42,99.9,1768,7941,0,5,99.99,95,101.8,291.2
2026-05-24T08:40:47,100.0,1774,7941,0,5,99.99,121,104.5,291.2
2026-05-24T08:40:52,99.8,1768,7941,0,5,99.99,103,102.2,291.2
2026-05-24T08:40:58,100.0,1765,7941,0,5,99.99,110,103.6,291.2
2026-05-24T08:41:03,100.0,1764,7941,0,5,99.99,112,104.2,291.2
2026-05-24T08:41:09,99.9,1764,7941,0,4,99.99,104,103.6,291.2
2026-05-24T08:41:14,99.9,1762,7941,0,5,99.99,104,102.4,291.2
2026-05-24T08:41:19,100.0,1763,7941,0,5,99.99,108,102.9,291.2
2026-05-24T08:41:25,99.8,1765,7941,0,6,99.99,104,103.0,291.2
2026-05-24T08:41:30,99.9,1755,7941,0,5,99.99,119,101.7,291.2
2026-05-24T08:41:35,99.8,1768,7941,0,5,99.99,99,102.8,291.2
2026-05-24T08:41:41,100.0,1768,7941,0,5,99.99,113,105.1,291.2
2026-05-24T08:41:46,100.0,1764,7941,0,5,99.99,107,102.0,291.2
2026-05-24T08:41:51,100.0,1766,7941,0,5,99.99,97,105.0,291.2
2026-05-24T08:41:57,100.0,1757,7941,0,5,99.99,113,102.4,291.2
2026-05-24T08:42:02,100.0,1759,7941,0,4,99.99,107,104.2,291.2
2026-05-24T08:42:07,99.9,1757,7941,0,5,99.99,94,101.9,291.2
2026-05-24T08:42:13,99.9,1766,7941,0,6,99.99,95,103.4,291.2
2026-05-24T08:42:18,100.0,1757,7941,0,5,99.99,115,102.5,291.2
2026-05-24T08:42:23,100.0,1761,7941,0,5,99.99,89,104.6,291.2
2026-05-24T08:42:29,99.8,1761,7941,0,5,99.99,120,102.0,291.2
2026-05-24T08:42:34,99.9,1772,7941,0,5,99.99,117,101.6,291.2
2026-05-24T08:42:39,99.9,1766,7941,0,5,99.99,92,102.3,291.2
2026-05-24T08:42:45,99.8,1777,7941,0,5,99.99,107,101.6,291.2
2026-05-24T08:42:50,100.0,1764,7941,0,5,99.99,106,104.8,291.2
2026-05-24T08:42:55,99.8,1773,7941,0,5,99.99,109,103.4,291.2
2026-05-24T08:43:01,99.9,1768,7941,0,5,99.99,102,101.8,291.2
2026-05-24T08:43:06,100.0,1763,7941,0,5,99.99,116,103.8,291.2
2026-05-24T08:43:11,100.0,1773,7941,0,5,99.99,96,105.2,291.2
2026-05-24T08:43:17,100.0,1762,7941,1,4,99.99,112,104.0,291.2
2026-05-24T08:43:22,100.0,1770,7941,0,5,99.99,111,104.4,292.3
2026-05-24T08:43:27,99.8,1770,7941,0,5,99.99,105,102.9,292.5
2026-05-24T08:43:33,99.9,1773,7941,0,5,99.99,106,104.8,292.5
2026-05-24T08:43:38,99.9,1762,7941,0,4,99.99,99,104.1,292.5
2026-05-24T08:43:44,99.9,1766,7941,0,5,99.99,109,102.5,292.5
2026-05-24T08:43:49,99.9,1759,7941,0,4,99.99,101,103.4,292.5
2026-05-24T08:43:54,100.0,1764,7941,0,4,99.99,118,104.7,292.5
2026-05-24T08:44:00,100.0,1765,7941,0,4,99.99,102,104.8,292.5
2026-05-24T08:44:05,100.0,1770,7941,0,5,99.99,107,101.8,292.5
2026-05-24T08:44:10,99.9,1768,7941,0,6,99.99,85,104.4,292.5
2026-05-24T08:44:16,100.0,1770,7941,0,8,99.99,116,101.8,292.5
2026-05-24T08:44:21,99.9,1779,7941,0,9,99.99,96,104.0,292.5
2026-05-24T08:44:26,100.0,1774,7941,0,7,99.99,129,103.6,292.5
2026-05-24T08:44:32,99.9,1761,7941,0,5,99.99,109,104.8,292.5
2026-05-24T08:44:37,99.9,1765,7941,0,5,99.99,105,103.9,292.5
2026-05-24T08:44:43,99.9,1763,7941,0,5,99.99,98,103.2,292.5
2026-05-24T08:44:48,100.0,1764,7941,0,5,99.99,107,104.0,292.5
2026-05-24T08:44:53,99.9,1765,7941,0,5,99.99,103,103.3,292.5
2026-05-24T08:44:59,100.0,1773,7941,0,5,99.99,107,103.8,292.5
2026-05-24T08:45:04,99.6,1773,7941,0,5,99.99,98,103.2,292.5
2026-05-24T08:45:10,99.7,1761,7941,0,5,99.99,75,105.3,292.5
2026-05-24T08:45:15,100.0,1765,7941,0,5,99.99,115,104.7,292.5
2026-05-24T08:45:21,100.0,1769,7941,0,5,99.99,104,105.0,292.5
2026-05-24T08:45:26,100.0,1767,7941,0,5,99.99,104,104.2,292.5
2026-05-24T08:45:31,99.9,1767,7941,0,5,99.99,120,104.0,292.5
2026-05-24T08:45:37,99.9,1763,7941,0,5,99.99,98,103.4,292.5
2026-05-24T08:45:42,99.9,1769,7941,0,6,99.99,101,102.7,292.5
2026-05-24T08:45:47,100.0,1778,7941,0,5,99.99,111,101.7,292.5
2026-05-24T08:45:53,99.8,1765,7941,0,4,99.99,102,102.6,292.5
2026-05-24T08:45:58,99.9,1766,7941,0,5,99.99,116,104.5,292.5
2026-05-24T08:46:03,99.9,1766,7941,0,5,99.99,109,102.8,292.5
2026-05-24T08:46:09,99.9,1761,7941,0,5,99.99,91,103.3,292.5
2026-05-24T08:46:14,99.9,1757,7941,0,4,99.99,107,102.2,292.5
2026-05-24T08:46:19,100.0,1765,7941,0,4,99.99,103,103.5,292.5
2026-05-24T08:46:25,100.0,1761,7941,0,3,99.99,101,104.2,292.5
2026-05-24T08:46:30,99.9,1770,7941,0,4,99.99,115,103.7,292.5
2026-05-24T08:46:35,99.9,1765,7941,0,4,99.99,99,103.6,292.5
2026-05-24T08:46:41,100.0,1769,7941,0,5,99.99,98,104.7,292.5
2026-05-24T08:46:46,99.9,1768,7941,0,7,99.99,92,101.8,292.5
2026-05-24T08:46:51,99.9,1770,7941,0,8,99.99,106,104.4,292.5
2026-05-24T08:46:57,99.8,1771,7941,0,8,99.99,114,102.8,292.5
2026-05-24T08:47:02,99.9,1763,7941,0,6,99.99,106,104.2,292.5
2026-05-24T08:47:08,99.9,1765,7941,0,6,99.99,123,103.0,292.5
2026-05-24T08:47:13,99.9,1773,7941,0,6,99.99,90,104.8,292.5
2026-05-24T08:47:18,100.0,1760,7941,0,5,99.99,112,102.8,292.5
2026-05-24T08:47:24,99.8,1768,7941,0,5,99.99,110,101.8,292.5
2026-05-24T08:47:29,99.8,1768,7941,0,5,99.99,94,103.2,292.5
2026-05-24T08:47:34,100.0,1759,7941,0,5,99.99,100,102.0,292.5
2026-05-24T08:47:40,100.0,1753,7941,0,4,99.99,121,104.6,292.5
2026-05-24T08:47:45,99.9,1758,7941,1,3,99.99,100,102.5,292.5
2026-05-24T08:47:51,99.9,1760,7941,0,4,99.99,104,105.4,292.5
2026-05-24T08:47:56,99.9,1761,7941,0,4,99.99,101,104.4,292.5
2026-05-24T08:48:01,100.0,1760,7941,0,5,99.99,93,105.0,292.5
2026-05-24T08:48:07,99.8,1765,7941,0,6,99.99,103,105.8,292.5
2026-05-24T08:48:12,99.9,1762,7941,0,7,99.99,87,102.4,292.5
2026-05-24T08:48:18,99.9,1767,7941,0,8,99.99,104,103.5,292.5
2026-05-24T08:48:23,100.0,1759,7941,0,6,99.99,119,103.1,292.5
2026-05-24T08:48:28,99.7,1759,7941,0,6,99.99,119,103.2,292.5
2026-05-24T08:48:34,100.0,1763,7941,0,4,99.99,106,104.7,292.5
2026-05-24T08:48:39,99.9,1759,7941,0,5,99.99,113,103.1,292.5
2026-05-24T08:48:45,100.0,1772,7941,0,6,99.99,114,104.7,292.5
2026-05-24T08:48:50,99.9,1770,7941,0,6,99.99,102,104.6,292.5
2026-05-24T08:48:55,99.9,1757,7941,0,5,99.99,101,103.7,292.5
2026-05-24T08:49:01,100.0,1757,7941,0,5,99.99,104,101.7,292.5
2026-05-24T08:49:06,99.8,1762,7941,0,6,99.99,103,103.2,292.5
2026-05-24T08:49:12,100.0,1762,7941,0,4,99.99,113,105.5,292.5
2026-05-24T08:49:17,100.0,1762,7941,0,5,99.99,101,104.0,292.5
2026-05-24T08:49:22,99.8,1757,7941,0,6,99.99,92,102.8,292.5
2026-05-24T08:49:28,99.9,1756,7941,0,5,99.99,123,103.4,292.5
2026-05-24T08:49:33,99.9,1768,7941,0,6,99.99,96,104.4,292.5
2026-05-24T08:49:38,100.0,1757,7941,0,6,99.99,121,103.8,292.5
2026-05-24T08:49:44,99.9,1792,7941,0,5,99.99,107,103.0,292.5
2026-05-24T08:49:49,100.0,1769,7941,0,5,99.99,98,103.6,292.5
2026-05-24T08:49:55,99.9,1756,7941,0,5,99.99,114,102.4,292.5
2026-05-24T08:50:00,99.9,1767,7941,0,5,99.99,99,105.3,292.5
2026-05-24T08:50:05,99.8,1761,7941,1,4,99.99,107,103.0,292.5
2026-05-24T08:50:11,99.9,1762,7941,0,5,99.99,84,107.7,292.5
2026-05-24T08:50:17,99.9,1756,7941,0,5,99.99,112,105.0,292.5
2026-05-24T08:50:22,99.7,1757,7941,0,5,99.99,87,102.8,292.5
2026-05-24T08:50:27,100.0,1758,7941,0,5,99.99,113,103.5,292.5
2026-05-24T08:50:33,100.0,1761,7941,0,4,99.99,91,102.8,292.5
2026-05-24T08:50:38,99.9,1759,7941,0,5,99.99,118,101.8,292.5
2026-05-24T08:50:43,100.0,1766,7941,0,5,99.99,90,105.4,292.5
2026-05-24T08:50:49,100.0,1768,7941,0,5,99.99,126,104.0,292.5
2026-05-24T08:50:54,99.9,1766,7941,0,7,99.99,96,104.7,292.5
2026-05-24T08:51:00,100.0,1767,7941,0,7,99.99,102,104.5,292.5
2026-05-24T08:51:05,99.9,1757,7941,0,5,99.99,102,103.5,292.5
2026-05-24T08:51:10,100.0,1765,7941,0,4,99.99,95,104.2,292.5
2026-05-24T08:51:16,100.0,1763,7941,0,5,99.99,114,104.2,292.5
2026-05-24T08:51:21,99.9,1764,7941,0,5,99.99,98,102.6,292.5
2026-05-24T08:51:27,100.0,1766,7941,0,5,99.99,110,104.3,292.5
2026-05-24T08:51:32,99.9,1761,7941,0,5,99.99,103,102.0,292.5
2026-05-24T08:51:37,99.9,1760,7941,0,4,99.99,107,103.6,292.5
2026-05-24T08:51:43,100.0,1765,7941,0,6,99.99,97,105.2,292.5
2026-05-24T08:51:48,99.8,1767,7941,0,6,99.99,116,102.0,292.5
2026-05-24T08:51:53,99.9,1765,7941,0,5,99.99,98,102.6,292.5
2026-05-24T08:51:59,100.0,1763,7941,0,5,99.99,105,104.9,292.5
2026-05-24T08:52:04,100.0,1760,7941,0,5,99.99,103,103.7,292.5
2026-05-24T08:52:10,99.9,1762,7941,0,6,99.99,96,104.7,292.5
2026-05-24T08:52:15,100.0,1765,7941,0,7,99.99,117,103.0,292.5
2026-05-24T08:52:20,100.0,1769,7941,0,7,99.99,105,105.0,292.5
2026-05-24T08:52:26,99.9,1763,7941,0,5,99.99,105,104.5,292.5
2026-05-24T08:52:31,99.8,1764,7941,0,5,99.99,102,104.3,292.5
2026-05-24T08:52:37,100.0,1761,7941,0,5,99.99,100,103.7,292.5
2026-05-24T08:52:42,99.9,1766,7941,0,5,99.99,112,103.6,292.5
2026-05-24T08:52:47,100.0,1768,7941,0,7,99.99,90,104.2,292.5
2026-05-24T08:52:53,99.9,1773,7941,1,7,99.99,106,102.6,292.5
2026-05-24T08:52:58,100.0,1768,7941,0,8,99.99,117,104.5,292.5
2026-05-24T08:53:04,100.0,1759,7941,0,5,99.99,103,103.8,292.5
2026-05-24T08:53:09,99.9,1758,7941,0,5,99.99,103,104.2,292.5
2026-05-24T08:53:14,99.8,1757,7941,0,5,99.99,112,104.0,292.5
2026-05-24T08:53:20,100.0,1761,7941,0,5,99.99,103,104.0,292.5
2026-05-24T08:53:25,100.0,1757,7941,0,5,99.99,102,103.5,292.5
2026-05-24T08:53:31,99.8,1760,7941,0,5,99.99,103,103.0,292.5
2026-05-24T08:53:36,99.9,1761,7941,1,4,99.99,109,103.8,292.5
2026-05-24T08:53:41,100.0,1757,7941,0,5,99.99,86,103.0,292.5
2026-05-24T08:53:47,99.9,1771,7941,0,4,99.99,121,101.1,292.5
2026-05-24T08:53:52,100.0,1772,7941,0,3,99.99,99,105.0,292.5
2026-05-24T08:53:57,100.0,1771,7941,0,5,99.99,100,104.2,292.5
2026-05-24T08:54:03,100.0,1778,7941,0,5,99.99,106,103.8,292.5
2026-05-24T08:54:08,100.0,1774,7941,0,7,99.99,93,104.4,292.5
2026-05-24T08:54:14,99.9,1773,7941,0,9,99.99,110,104.1,292.5
2026-05-24T08:54:19,99.9,1760,7941,0,5,99.99,114,102.5,292.5
2026-05-24T08:54:24,100.0,1760,7941,0,6,99.99,112,103.4,292.5
2026-05-24T08:54:30,99.9,1762,7941,0,5,99.99,99,104.8,292.5
2026-05-24T08:54:35,99.8,1768,7941,0,5,99.99,113,101.4,292.5
2026-05-24T08:54:41,100.0,1762,7941,1,4,99.99,106,104.8,292.5
2026-05-24T08:54:46,99.8,1765,7941,0,5,99.99,77,101.6,292.5
2026-05-24T08:54:51,100.0,1764,7941,0,5,99.99,108,104.3,292.5
2026-05-24T08:54:56,99.9,1759,7941,0,4,99.99,129,102.6,292.5
2026-05-24T08:55:02,100.0,1769,7941,0,5,99.99,97,105.7,292.5
2026-05-24T08:55:08,99.9,1762,7941,0,6,99.99,105,107.6,292.5
2026-05-24T08:55:13,99.9,1757,7941,0,5,99.99,103,103.6,292.5
2026-05-24T08:55:18,99.9,1758,7941,0,5,99.99,119,102.4,292.5
2026-05-24T08:55:24,100.0,1768,7941,0,5,99.99,109,103.5,292.5
2026-05-24T08:55:29,100.0,1769,7941,0,4,99.99,115,103.0,292.5
2026-05-24T08:55:34,99.9,1755,7941,1,3,99.99,114,102.6,292.5
2026-05-24T08:55:40,99.9,1764,7941,0,4,99.99,101,104.1,292.5
2026-05-24T08:55:45,100.0,1762,7941,0,4,99.99,112,103.4,292.5
2026-05-24T08:55:50,100.0,1767,7941,0,5,99.99,112,103.6,292.5
2026-05-24T08:55:55,100.0,1764,7941,0,4,99.99,108,101.2,292.5
2026-05-24T08:56:01,99.9,1776,7941,0,8,99.99,104,102.9,292.5
2026-05-24T08:56:06,99.8,1761,7941,0,5,99.99,121,104.1,292.5
2026-05-24T08:56:11,100.0,1758,7941,1,3,99.99,92,104.0,292.5
2026-05-24T08:56:17,100.0,1759,7941,0,4,99.99,102,104.9,292.5
2026-05-24T08:56:22,99.9,1759,7941,0,4,99.99,110,101.5,292.5
2026-05-24T08:56:27,99.9,1763,7941,0,4,99.99,107,104.3,292.5
2026-05-24T08:56:33,100.0,1771,7941,0,4,99.99,112,103.6,292.5
2026-05-24T08:56:38,100.0,1770,7941,0,5,99.99,96,104.4,292.5
2026-05-24T08:56:44,99.9,1775,7941,0,8,99.99,125,105.0,292.5
2026-05-24T08:56:49,100.0,1767,7941,0,6,99.99,110,103.4,292.5
2026-05-24T08:56:54,100.0,1765,7941,0,5,99.99,103,102.6,292.5
2026-05-24T08:57:00,100.0,1763,7941,0,5,99.99,107,102.6,292.5
2026-05-24T08:57:05,99.9,1761,7941,0,5,99.99,108,102.3,292.5
2026-05-24T08:57:10,100.0,1767,7941,1,5,99.99,97,104.3,292.5
2026-05-24T08:57:16,100.0,1768,7941,0,5,99.99,113,105.2,292.5
2026-05-24T08:57:21,100.0,1768,7941,0,5,99.99,106,104.0,292.5
2026-05-24T08:57:26,100.0,1762,7941,0,5,99.99,111,104.4,292.5
2026-05-24T08:57:32,100.0,1768,7941,0,5,99.99,105,104.0,292.5
2026-05-24T08:57:37,99.8,1766,7941,0,5,99.99,110,102.8,292.5
2026-05-24T08:57:42,100.0,1766,7941,1,4,99.99,112,101.7,292.5
2026-05-24T08:57:48,99.8,1776,7941,0,5,99.99,108,102.2,292.5
2026-05-24T08:57:53,100.0,1759,7941,0,4,99.99,103,102.8,292.5
2026-05-24T08:57:58,99.8,1760,7941,0,4,99.99,109,102.0,292.5
2026-05-24T08:58:04,99.9,1763,7941,0,4,99.99,115,101.9,292.5
2026-05-24T08:58:09,99.9,1772,7941,1,3,99.99,113,105.5,292.5
2026-05-24T08:58:14,100.0,1782,7941,0,6,99.99,100,104.7,292.5
2026-05-24T08:58:20,100.0,1781,7941,0,8,99.99,99,103.4,292.5
2026-05-24T08:58:25,99.9,1772,7941,0,8,99.99,106,103.4,292.5
2026-05-24T08:58:30,99.9,1771,7941,0,7,99.99,119,103.2,292.5
2026-05-24T08:58:36,100.0,1765,7941,0,5,99.99,119,104.8,292.5
2026-05-24T08:58:41,100.0,1767,7941,0,5,99.99,103,103.4,292.5
2026-05-24T08:58:46,99.8,1766,7941,0,5,99.99,105,102.8,292.5
2026-05-24T08:58:52,100.0,1765,7941,3,2,99.99,107,103.6,292.5
2026-05-24T08:58:57,100.0,1763,7941,0,5,99.99,105,103.5,292.5
2026-05-24T08:59:02,99.8,1772,7941,0,5,99.99,94,102.6,292.5
2026-05-24T08:59:08,100.0,1768,7941,0,5,99.99,99,102.3,292.5
2026-05-24T08:59:13,100.0,1772,7941,0,5,99.99,121,103.3,292.5
2026-05-24T08:59:18,99.9,1769,7941,0,6,99.99,108,103.9,292.5
2026-05-24T08:59:24,100.0,1770,7941,0,6,99.99,107,103.2,292.5
2026-05-24T08:59:29,100.0,1756,7941,0,5,99.99,109,104.8,292.5
2026-05-24T08:59:35,99.9,1756,7941,0,5,99.99,110,103.6,292.5
2026-05-24T08:59:40,100.0,1756,7941,0,5,99.99,102,105.3,292.5
2026-05-24T08:59:45,100.0,1760,7941,0,4,99.99,106,103.6,292.5
2026-05-24T08:59:51,100.0,1761,7941,0,5,99.99,103,104.3,292.5
2026-05-24T08:59:56,100.0,1756,7941,0,5,99.99,110,103.2,292.5
2026-05-24T09:00:01,100.0,1774,7941,0,5,99.99,114,104.0,292.5
2026-05-24T09:00:08,99.5,1803,7941,0,6,99.99,77,112.1,292.5
2026-05-24T09:00:13,99.9,1790,7941,0,7,99.99,88,105.8,292.5
2026-05-24T09:00:19,99.9,1786,7941,0,5,99.99,100,104.5,292.5
2026-05-24T09:00:24,100.0,1794,7941,0,5,99.99,107,103.8,292.5
2026-05-24T09:00:29,99.9,1792,7941,0,6,99.99,105,104.5,292.5
2026-05-24T09:00:35,100.0,1790,7941,0,4,99.99,108,105.4,292.5
2026-05-24T09:00:40,100.0,1794,7941,0,4,99.99,99,103.3,292.5
2026-05-24T09:00:46,100.0,1790,7941,0,4,99.99,99,101.9,292.5
2026-05-24T09:00:51,99.9,1787,7941,0,4,99.99,113,103.5,292.5
2026-05-24T09:00:56,100.0,1792,7941,0,4,99.99,104,104.9,292.5
2026-05-24T09:01:02,99.9,1797,7941,0,7,99.99,96,102.3,292.5
2026-05-24T09:01:07,99.9,1796,7941,0,9,99.99,104,105.2,292.5
2026-05-24T09:01:13,100.0,1795,7941,0,9,99.99,94,103.4,292.5
2026-05-24T09:01:18,100.0,1792,7941,0,6,99.99,154,104.0,292.5
2026-05-24T09:01:23,99.9,1790,7941,0,5,99.99,108,102.8,292.5
2026-05-24T09:01:29,100.0,1788,7941,0,5,99.99,105,104.0,292.5
2026-05-24T09:01:34,99.9,1796,7941,0,5,99.99,104,103.4,292.5
2026-05-24T09:01:39,99.9,1796,7941,0,4,99.99,98,102.2,292.5
2026-05-24T09:01:45,100.0,1801,7941,0,5,99.99,118,103.2,292.5
2026-05-24T09:01:50,99.9,1794,7941,0,5,99.99,96,103.7,292.5
2026-05-24T09:01:55,100.0,1793,7941,0,5,99.99,116,104.1,292.5
2026-05-24T09:02:01,100.0,1793,7941,0,5,99.99,97,104.9,292.5
2026-05-24T09:02:06,99.9,1791,7941,0,5,99.99,114,105.6,292.5
2026-05-24T09:02:12,100.0,1802,7941,1,4,99.99,104,104.7,292.5
2026-05-24T09:02:17,99.8,1796,7941,0,5,99.99,113,104.8,292.5
2026-05-24T09:02:22,100.0,1796,7941,0,6,99.99,91,103.7,292.5
2026-05-24T09:02:28,99.9,1791,7941,0,5,99.99,113,104.4,292.5
2026-05-24T09:02:33,100.0,1800,7941,0,5,99.99,96,104.4,292.5
2026-05-24T09:02:39,100.0,1792,7941,0,5,99.99,113,103.9,292.5
2026-05-24T09:02:44,100.0,1792,7941,0,5,99.99,108,102.2,292.5
2026-05-24T09:02:49,99.9,1793,7941,0,5,99.99,86,102.2,292.5
2026-05-24T09:02:55,100.0,1798,7941,0,5,99.99,111,104.2,292.5
2026-05-24T09:03:00,99.9,1799,7941,0,6,99.99,102,102.7,292.5
2026-05-24T09:03:05,99.8,1808,7941,0,8,99.99,112,105.0,292.5
2026-05-24T09:03:11,99.9,1796,7941,0,6,99.99,111,103.2,292.5
2026-05-24T09:03:16,100.0,1800,7941,0,7,99.99,118,103.7,292.5
2026-05-24T09:03:21,99.9,1797,7941,1,4,99.99,116,104.0,292.5
2026-05-24T09:03:27,100.0,1794,7941,0,5,99.99,98,103.8,292.5
2026-05-24T09:03:32,100.0,1798,7941,0,5,99.99,105,105.0,292.5
2026-05-24T09:03:38,100.0,1801,7941,0,5,99.99,97,102.2,292.5
2026-05-24T09:03:43,99.8,1804,7941,0,3,99.99,112,100.4,292.5
2026-05-24T09:03:48,100.0,1808,7941,0,4,99.99,108,103.8,292.5
2026-05-24T09:03:54,99.9,1804,7941,0,4,99.99,108,102.9,292.5
2026-05-24T09:03:59,100.0,1811,7941,0,5,99.99,115,105.0,292.5
2026-05-24T09:04:04,100.0,1792,7941,0,5,99.99,98,103.3,292.5
2026-05-24T09:04:10,99.9,1787,7941,0,6,99.99,102,103.2,292.5
2026-05-24T09:04:15,100.0,1770,7941,0,8,99.99,117,104.5,292.5
2026-05-24T09:04:20,99.9,1776,7941,0,6,99.99,124,103.4,292.5
2026-05-24T09:04:26,100.0,1774,7941,0,6,99.99,87,103.5,292.5
2026-05-24T09:04:31,100.0,1765,7941,0,5,99.99,119,104.4,292.5
2026-05-24T09:04:37,99.9,1770,7941,0,5,99.99,106,104.8,292.5
2026-05-24T09:04:42,100.0,1768,7941,0,4,99.99,98,104.7,292.5
2026-05-24T09:04:47,100.0,1769,7941,0,4,99.99,113,105.0,292.5
2026-05-24T09:04:53,99.8,1773,7941,0,3,99.99,104,103.0,292.5
2026-05-24T09:04:58,99.9,1773,7941,0,4,99.99,106,103.8,292.5
2026-05-24T09:05:03,99.8,1775,7941,0,5,99.99,94,101.8,292.5
2026-05-24T09:05:09,100.0,1781,7941,0,5,99.99,97,104.9,292.5
2026-05-24T09:05:14,99.9,1782,7941,0,4,99.99,120,103.4,292.5
2026-05-24T09:05:20,100.0,1783,7941,0,5,99.99,95,104.8,292.5
2026-05-24T09:05:25,100.0,1782,7941,0,7,99.99,100,103.2,292.5
2026-05-24T09:05:30,100.0,1777,7941,0,7,99.99,131,105.4,292.5
2026-05-24T09:05:36,99.8,1776,7941,0,8,99.99,105,103.9,292.5
2026-05-24T09:05:41,99.7,1769,7941,1,4,99.99,102,103.4,292.5
2026-05-24T09:05:46,99.9,1781,7941,0,5,99.99,118,102.7,292.5
2026-05-24T09:05:52,99.9,1769,7941,0,5,99.99,92,104.2,292.5
2026-05-24T09:05:57,100.0,1768,7941,0,5,99.99,113,102.3,292.5
2026-05-24T09:06:02,100.0,1778,7941,0,5,99.99,102,102.7,292.5
2026-05-24T09:06:08,99.9,1771,7941,0,5,99.99,103,102.8,292.5
2026-05-24T09:06:13,100.0,1773,7941,1,4,99.99,114,103.9,292.5
2026-05-24T09:06:18,99.8,1774,7941,0,5,99.99,112,102.5,292.5
2026-05-24T09:06:24,100.0,1771,7941,0,5,99.99,103,103.9,292.5
2026-05-24T09:06:29,100.0,1772,7941,0,5,99.99,110,105.0,292.5
2026-05-24T09:06:35,100.0,1770,7941,0,5,99.99,100,105.2,292.5
2026-05-24T09:06:40,100.0,1771,7941,0,5,99.99,107,101.8,292.5
2026-05-24T09:06:45,100.0,1769,7941,1,3,99.99,127,105.0,292.5
2026-05-24T09:06:51,99.8,1776,7941,0,2,99.99,95,103.6,292.5
2026-05-24T09:06:56,99.9,1774,7941,0,4,99.99,129,102.6,292.5
2026-05-24T09:07:01,99.9,1780,7941,0,5,99.99,86,104.4,292.5
2026-05-24T09:07:07,99.9,1779,7941,1,4,99.99,101,106.2,292.5
2026-05-24T09:07:12,99.9,1773,7941,0,5,99.99,101,102.4,292.5
2026-05-24T09:07:18,100.0,1774,7941,0,7,99.99,108,104.4,292.5
2026-05-24T09:07:23,100.0,1770,7941,0,5,99.99,113,102.9,292.5
2026-05-24T09:07:28,100.0,1765,7941,0,5,99.99,116,102.5,292.5
2026-05-24T09:07:34,99.9,1774,7941,0,5,99.99,115,104.2,292.5
2026-05-24T09:07:39,100.0,1765,7941,0,5,99.99,109,104.7,292.5
2026-05-24T09:07:45,99.9,1761,7941,0,5,99.99,96,105.0,292.5
2026-05-24T09:07:50,99.9,1764,7941,0,5,99.99,115,105.2,292.5
2026-05-24T09:07:55,100.0,1773,7941,0,6,99.99,102,104.0,292.5
2026-05-24T09:08:01,99.9,1769,7941,0,6,99.99,107,105.0,292.5
2026-05-24T09:08:06,99.9,1760,7941,0,5,99.99,112,101.8,292.5
2026-05-24T09:08:11,99.9,1759,7941,0,4,99.99,116,104.0,292.5
2026-05-24T09:08:17,100.0,1757,7941,0,4,99.99,110,104.0,292.5
2026-05-24T09:08:22,100.0,1764,7941,0,4,99.99,99,103.9,292.5
2026-05-24T09:08:28,99.9,1765,7941,0,4,99.99,114,104.2,292.5
2026-05-24T09:08:33,100.0,1763,7941,0,4,99.99,103,104.5,292.5
2026-05-24T09:08:38,100.0,1767,7941,1,6,99.99,87,101.8,292.5
2026-05-24T09:08:44,100.0,1774,7941,0,9,99.99,108,104.6,292.5
2026-05-24T09:08:49,100.0,1761,7941,0,8,99.99,121,104.2,292.5
2026-05-24T09:08:54,100.0,1756,7941,0,6,99.99,123,103.5,292.5
2026-05-24T09:09:00,100.0,1755,7941,0,5,99.99,116,105.0,292.5
2026-05-24T09:09:05,99.8,1759,7941,0,5,99.99,89,103.5,292.5
2026-05-24T09:09:11,99.9,1760,7941,0,5,99.99,116,104.7,292.5
2026-05-24T09:09:16,99.9,1757,7941,0,5,99.99,106,102.5,292.5
2026-05-24T09:09:21,99.9,1767,7941,0,7,99.99,92,101.8,292.5
2026-05-24T09:09:26,100.0,1764,7941,0,8,99.99,102,100.9,292.5
2026-05-24T09:09:32,100.0,1766,7941,0,6,99.99,118,104.5,292.5
2026-05-24T09:09:37,100.0,1760,7941,0,5,99.99,125,104.2,292.5
2026-05-24T09:09:43,99.9,1754,7941,0,4,99.99,90,104.4,292.5
2026-05-24T09:09:48,100.0,1752,7941,0,4,99.99,123,103.2,292.5
2026-05-24T09:09:53,100.0,1754,7941,0,4,99.99,109,106.0,292.5
2026-05-24T09:09:59,99.9,1761,7941,0,4,99.99,104,102.0,292.5
2026-05-24T09:10:04,99.7,1760,7941,0,4,99.99,97,100.4,292.5
2026-05-24T09:10:09,99.8,1768,7941,0,7,99.99,88,105.6,292.5
2026-05-24T09:10:15,100.0,1767,7941,0,8,99.99,107,106.0,292.5
2026-05-24T09:10:20,99.9,1758,7941,0,7,99.99,105,102.3,292.5
2026-05-24T09:10:26,100.0,1755,7941,0,6,99.99,106,102.6,292.5
2026-05-24T09:10:31,100.0,1753,7941,0,4,99.99,124,104.2,292.5
2026-05-24T09:10:36,100.0,1755,7941,0,4,99.99,101,105.0,292.5
2026-05-24T09:10:42,100.0,1752,7941,0,4,99.99,108,104.0,292.5
2026-05-24T09:10:47,100.0,1766,7941,0,4,99.99,103,101.4,292.5
2026-05-24T09:10:52,100.0,1762,7941,0,4,99.99,97,103.1,292.5
2026-05-24T09:10:58,99.8,1765,7941,0,6,99.99,106,103.3,292.5
2026-05-24T09:11:03,100.0,1760,7941,0,6,99.99,92,103.8,292.5
2026-05-24T09:11:09,100.0,1773,7941,0,8,99.99,85,104.5,292.5
2026-05-24T09:11:14,99.9,1759,7941,0,7,99.99,146,101.8,292.5
2026-05-24T09:11:19,99.9,1760,7941,0,7,99.99,102,103.0,292.5
2026-05-24T09:11:25,100.0,1764,7941,0,5,99.99,116,104.6,292.5
2026-05-24T09:11:30,99.9,1763,7941,0,5,99.99,84,103.2,292.5
2026-05-24T09:11:35,99.9,1762,7941,0,4,99.99,115,101.4,292.5
2026-05-24T09:11:41,99.9,1755,7941,0,5,99.99,112,103.1,292.5
2026-05-24T09:11:46,100.0,1759,7941,0,5,99.99,110,104.8,292.5
2026-05-24T09:11:51,100.0,1762,7941,0,5,99.99,108,105.8,292.5
2026-05-24T09:11:57,99.9,1764,7941,0,5,99.99,101,104.0,292.5
2026-05-24T09:12:02,99.9,1752,7941,0,4,99.99,112,102.0,292.5
2026-05-24T09:12:07,99.9,1752,7941,0,4,99.99,102,102.8,292.5
2026-05-24T09:12:13,99.9,1753,7941,0,4,99.99,93,104.6,292.5
2026-05-24T09:12:18,100.0,1758,7941,0,4,99.99,100,102.6,292.5
2026-05-24T09:12:24,99.9,1766,7941,0,5,99.99,93,103.8,292.5
2026-05-24T09:12:29,99.9,1765,7941,0,7,99.99,99,103.0,292.5
2026-05-24T09:12:34,100.0,1766,7941,0,8,99.99,111,103.6,292.5
2026-05-24T09:12:40,100.0,1761,7941,0,8,99.99,123,105.3,292.5
2026-05-24T09:12:45,99.9,1758,7941,0,5,99.99,117,102.2,292.5
2026-05-24T09:12:50,100.0,1759,7941,0,5,99.99,113,105.7,292.5
2026-05-24T09:12:56,99.9,1758,7941,0,5,99.99,100,104.9,292.5
2026-05-24T09:13:01,100.0,1762,7941,0,5,99.99,103,103.9,292.5
2026-05-24T09:13:07,99.8,1761,7941,1,4,99.99,82,106.5,292.5
2026-05-24T09:13:12,100.0,1760,7941,0,5,99.99,111,103.4,292.5
2026-05-24T09:13:18,100.0,1757,7941,0,5,99.99,119,103.6,292.5
2026-05-24T09:13:23,100.0,1764,7941,0,7,99.99,101,104.0,292.5
2026-05-24T09:13:28,100.0,1763,7941,0,6,99.99,104,104.7,292.5
2026-05-24T09:13:34,100.0,1761,7941,0,5,99.99,110,103.6,292.5
2026-05-24T09:13:39,100.0,1758,7941,0,5,99.99,115,104.0,292.5
2026-05-24T09:13:45,99.9,1758,7941,0,4,99.99,103,103.5,292.5
2026-05-24T09:13:50,100.0,1757,7941,0,4,99.99,108,102.2,292.5
2026-05-24T09:13:55,100.0,1754,7941,0,4,99.99,105,102.2,292.5
2026-05-24T09:14:00,99.9,1755,7941,0,4,99.99,104,103.6,292.5
2026-05-24T09:14:06,99.9,1758,7941,0,4,99.99,96,101.8,292.5
2026-05-24T09:14:11,99.9,1764,7941,0,6,99.99,101,103.0,292.5
2026-05-24T09:14:16,99.9,1768,7941,0,8,99.99,97,102.2,292.5
2026-05-24T09:14:22,100.0,1760,7941,0,6,99.99,111,102.6,292.5
2026-05-24T09:14:27,100.0,1756,7941,0,6,99.99,112,105.5,292.5
2026-05-24T09:14:33,99.9,1753,7941,0,5,99.99,103,104.3,292.5
2026-05-24T09:14:38,99.9,1753,7941,0,5,99.99,100,103.2,292.5
2026-05-24T09:14:43,100.0,1751,7941,0,4,99.99,107,102.6,292.5
2026-05-24T09:14:49,100.0,1755,7941,0,4,99.99,118,106.5,292.5
2026-05-24T09:14:54,100.0,1765,7941,0,4,99.99,106,104.4,292.5
2026-05-24T09:14:59,100.0,1760,7941,0,3,99.99,108,101.8,292.5
2026-05-24T09:15:05,99.6,1758,7941,0,3,99.99,87,104.1,292.5
2026-05-24T09:15:10,99.8,1755,7941,0,4,99.99,95,103.2,292.5
2026-05-24T09:15:16,99.9,1761,7941,0,5,99.99,96,102.5,292.5
2026-05-24T09:15:21,100.0,1766,7941,0,7,99.99,82,104.4,292.5
2026-05-24T09:15:26,100.0,1770,7941,0,8,99.99,122,102.5,292.5
2026-05-24T09:15:32,99.9,1768,7941,0,8,99.99,114,102.9,292.5
2026-05-24T09:15:37,100.0,1758,7941,0,6,99.99,125,102.0,292.5
2026-05-24T09:15:42,100.0,1751,7941,0,4,99.99,112,104.9,292.5
2026-05-24T09:15:48,100.0,1767,7941,1,3,99.99,101,103.0,292.5
2026-05-24T09:15:53,100.0,1759,7941,0,4,99.99,108,104.5,292.5
2026-05-24T09:15:58,100.0,1759,7941,0,4,99.99,97,103.4,292.5
2026-05-24T09:16:04,100.0,1764,7941,0,7,99.99,111,103.9,292.5
2026-05-24T09:16:09,99.8,1769,7941,0,8,99.99,102,103.6,292.5
2026-05-24T09:16:15,100.0,1764,7941,0,8,99.99,108,103.8,292.5
2026-05-24T09:16:20,100.0,1761,7941,1,4,99.99,117,102.7,292.5
2026-05-24T09:16:25,100.0,1758,7941,0,5,99.99,100,106.0,292.5
2026-05-24T09:16:31,99.9,1754,7941,0,3,99.99,97,104.0,292.5
2026-05-24T09:16:36,99.9,1755,7941,0,5,99.99,97,103.8,292.5
2026-05-24T09:16:41,100.0,1755,7941,0,5,99.99,119,102.0,292.5
2026-05-24T09:16:47,100.0,1757,7941,0,5,99.99,96,102.8,292.5
2026-05-24T09:16:52,100.0,1760,7941,0,4,99.99,105,103.2,292.5
2026-05-24T09:16:57,99.9,1755,7941,0,6,99.99,114,103.8,292.5
2026-05-24T09:17:03,99.9,1760,7941,0,5,99.99,104,104.8,292.5
2026-05-24T09:17:08,100.0,1759,7941,0,5,99.99,94,102.6,292.5
2026-05-24T09:17:14,99.9,1753,7941,0,4,99.99,118,102.7,292.5
2026-05-24T09:17:19,100.0,1759,7941,0,4,99.99,104,105.4,292.5
2026-05-24T09:17:24,100.0,1761,7941,0,4,99.99,109,103.5,292.5
2026-05-24T09:17:30,100.0,1763,7941,0,4,99.99,109,105.5,292.5
2026-05-24T09:17:35,99.9,1762,7941,0,6,99.99,91,102.1,292.5
2026-05-24T09:17:41,100.0,1771,7941,0,8,99.99,106,103.6,292.5
2026-05-24T09:17:46,99.9,1761,7941,0,6,99.99,118,102.5,292.5
2026-05-24T09:17:51,100.0,1758,7941,0,6,99.99,97,102.9,292.5
2026-05-24T09:17:57,99.9,1767,7941,0,6,99.99,108,102.0,292.5
2026-05-24T09:18:02,99.9,1756,7941,0,4,99.99,119,102.1,292.5
2026-05-24T09:18:07,100.0,1757,7941,0,4,99.99,99,103.0,292.5
2026-05-24T09:18:12,99.9,1759,7941,1,3,99.99,121,103.0,292.6
2026-05-24T09:18:18,100.0,1754,7941,0,4,99.99,106,104.2,292.6
2026-05-24T09:18:23,100.0,1759,7941,0,5,99.99,93,104.6,292.6
2026-05-24T09:18:29,99.9,1759,7941,0,5,99.99,124,102.8,292.6
2026-05-24T09:18:34,100.0,1762,7941,0,4,99.99,115,103.6,292.6
2026-05-24T09:18:39,100.0,1761,7941,0,5,99.99,97,101.4,292.6
2026-05-24T09:18:44,100.0,1763,7941,0,5,99.99,104,104.7,292.6
2026-05-24T09:18:50,100.0,1770,7941,0,6,99.99,120,104.3,292.6
2026-05-24T09:18:55,99.9,1773,7941,0,9,99.99,113,104.9,292.6
2026-05-24T09:19:01,100.0,1770,7941,0,9,99.99,110,103.0,292.6
2026-05-24T09:19:06,99.9,1758,7941,0,5,99.99,108,105.0,292.6
2026-05-24T09:19:11,100.0,1763,7941,0,5,99.99,108,104.7,292.6
2026-05-24T09:19:17,99.9,1757,7941,0,4,99.99,108,103.3,292.6
2026-05-24T09:19:22,100.0,1762,7941,0,4,99.99,107,105.0,292.6
2026-05-24T09:19:28,99.9,1765,7941,0,4,99.99,118,103.5,292.6
2026-05-24T09:19:33,99.9,1764,7941,0,4,99.99,106,103.5,292.6
2026-05-24T09:19:38,99.9,1764,7941,0,5,99.99,88,104.3,292.6
2026-05-24T09:19:44,100.0,1768,7941,0,7,99.99,122,102.6,292.6
2026-05-24T09:19:49,99.9,1762,7941,0,6,99.99,104,102.8,292.6
2026-05-24T09:19:54,99.9,1763,7941,0,5,99.99,102,103.3,292.6
2026-05-24T09:20:00,100.0,1767,7941,0,6,99.99,109,103.4,292.6
2026-05-24T09:20:05,99.8,1764,7941,0,5,99.99,114,104.3,292.6
2026-05-24T09:20:11,99.9,1768,7941,0,5,99.99,92,104.5,292.6
2026-05-24T09:20:16,100.0,1761,7941,0,6,99.99,95,103.1,292.6
2026-05-24T09:20:21,99.9,1757,7941,0,5,99.99,103,104.4,292.6
2026-05-24T09:20:27,100.0,1762,7941,0,6,99.99,109,103.4,292.6
2026-05-24T09:20:32,100.0,1763,7941,0,6,99.99,115,103.8,292.6
2026-05-24T09:20:37,99.9,1766,7941,0,5,99.99,113,103.8,292.6
2026-05-24T09:20:43,100.0,1771,7941,0,5,99.99,95,105.2,292.6
2026-05-24T09:20:48,100.0,1772,7941,0,5,99.99,123,100.8,292.6
2026-05-24T09:20:53,100.0,1764,7941,0,5,99.99,98,104.0,292.6
2026-05-24T09:20:59,99.9,1761,7941,0,6,99.99,115,103.8,292.6
2026-05-24T09:21:04,99.8,1762,7941,1,5,99.99,97,101.9,292.5
2026-05-24T09:21:09,99.9,1761,7941,0,5,99.99,116,103.2,292.5
2026-05-24T09:21:15,100.0,1764,7941,0,5,99.99,114,103.9,292.5
2026-05-24T09:21:20,100.0,1764,7941,0,4,99.99,124,105.5,292.5
2026-05-24T09:21:26,100.0,1762,7941,0,4,99.99,111,104.0,292.5
2026-05-24T09:21:31,100.0,1755,7941,0,4,99.99,111,104.7,292.5
2026-05-24T09:21:36,99.9,1758,7941,0,4,99.99,103,104.2,292.5
2026-05-24T09:21:42,99.9,1764,7941,0,6,99.99,93,104.1,292.5
2026-05-24T09:21:47,99.9,1766,7941,0,5,99.99,123,102.2,292.5
2026-05-24T09:21:53,100.0,1768,7941,0,7,99.99,99,105.0,292.5
2026-05-24T09:21:58,100.0,1761,7941,0,7,99.99,103,104.2,292.5
2026-05-24T09:22:03,99.9,1757,7941,0,5,99.99,117,101.8,292.5
2026-05-24T09:22:09,99.9,1764,7941,0,5,99.99,101,104.7,292.5
2026-05-24T09:22:14,99.9,1759,7941,0,5,99.99,117,102.5,292.5
2026-05-24T09:22:19,100.0,1763,7941,1,3,99.99,115,103.2,292.5
2026-05-24T09:22:25,100.0,1760,7941,0,5,99.99,111,103.2,292.5
2026-05-24T09:22:30,100.0,1765,7941,0,5,99.99,96,103.8,292.5
2026-05-24T09:22:35,99.9,1761,7941,0,5,99.99,120,103.4,292.5
2026-05-24T09:22:41,100.0,1769,7941,0,7,99.99,84,105.2,292.5
2026-05-24T09:22:46,100.0,1774,7941,0,8,99.99,116,105.2,292.5
2026-05-24T09:22:51,100.0,1769,7941,0,6,99.99,121,102.4,292.5
2026-05-24T09:22:57,99.9,1761,7941,0,5,99.99,107,102.7,292.5
2026-05-24T09:23:02,99.9,1771,7941,0,5,99.99,109,103.0,292.5
2026-05-24T09:23:07,100.0,1761,7941,0,3,99.99,114,104.4,292.5
2026-05-24T09:23:13,99.9,1767,7941,0,5,99.99,108,102.7,292.5
2026-05-24T09:23:18,99.9,1768,7941,1,4,99.99,103,103.9,292.5
2026-05-24T09:23:24,99.9,1770,7941,0,5,99.99,116,103.8,292.5
2026-05-24T09:23:29,99.9,1767,7941,0,5,99.99,90,104.1,292.5
2026-05-24T09:23:34,100.0,1767,7941,0,5,99.99,103,103.6,292.5
2026-05-24T09:23:40,100.0,1762,7941,0,5,99.99,114,103.2,292.5
2026-05-24T09:23:45,100.0,1775,7941,0,5,99.99,89,103.8,292.5
2026-05-24T09:23:50,99.9,1766,7941,0,6,99.99,129,103.6,292.5
2026-05-24T09:23:56,99.9,1767,7941,0,5,99.99,103,103.6,292.5
2026-05-24T09:24:01,100.0,1775,7941,0,5,99.99,114,103.0,292.5
2026-05-24T09:24:07,100.0,1773,7941,0,5,99.99,107,107.7,292.5
2026-05-24T09:24:12,99.9,1772,7941,0,5,99.99,108,101.8,292.5
2026-05-24T09:24:17,100.0,1765,7941,0,5,99.99,116,102.0,292.5
2026-05-24T09:24:23,100.0,1764,7941,0,5,99.99,96,104.0,292.5
2026-05-24T09:24:28,100.0,1766,7941,1,4,99.99,114,102.9,292.5
2026-05-24T09:24:33,99.9,1764,7941,0,5,99.99,95,102.8,292.5
2026-05-24T09:24:39,99.8,1762,7941,0,5,99.99,109,102.6,292.5
2026-05-24T09:24:44,99.9,1761,7941,0,4,99.99,118,101.8,292.5
2026-05-24T09:24:49,100.0,1761,7941,0,4,99.99,109,103.5,292.5
2026-05-24T09:24:55,100.0,1767,7941,0,3,99.99,97,105.0,292.5
2026-05-24T09:25:00,100.0,1767,7941,0,4,99.99,110,104.6,292.5
2026-05-24T09:25:05,99.7,1766,7941,0,5,99.99,79,102.2,292.5
2026-05-24T09:25:11,99.9,1770,7941,0,6,99.99,109,104.2,292.5
2026-05-24T09:25:16,99.9,1770,7941,0,8,99.99,112,101.8,292.5
2026-05-24T09:25:21,100.0,1771,7941,0,9,99.99,106,104.2,292.5
2026-05-24T09:25:27,100.0,1765,7941,0,7,99.99,114,103.5,292.5
2026-05-24T09:25:32,100.0,1767,7941,0,5,99.99,102,104.4,292.5
2026-05-24T09:25:38,99.9,1764,7941,0,5,99.99,98,104.0,292.5
2026-05-24T09:25:43,100.0,1762,7941,0,5,99.99,123,104.2,292.5
2026-05-24T09:25:48,100.0,1778,7941,0,5,99.99,113,103.5,292.5
2026-05-24T09:25:54,100.0,1761,7941,0,5,99.99,100,105.5,292.5
2026-05-24T09:25:59,99.9,1761,7941,0,5,99.99,105,102.2,292.5
2026-05-24T09:26:05,99.9,1768,7941,0,6,99.99,110,104.2,292.5
2026-05-24T09:26:10,100.0,1765,7941,0,7,99.99,98,103.0,292.5
2026-05-24T09:26:15,99.9,1768,7941,0,7,99.99,104,103.5,292.5
2026-05-24T09:26:21,99.9,1769,7941,0,8,99.99,116,102.2,292.5
2026-05-24T09:26:26,100.0,1761,7941,0,5,99.99,117,104.8,292.5
2026-05-24T09:26:31,100.0,1760,7941,0,5,99.99,111,104.0,292.5
2026-05-24T09:26:37,100.0,1759,7941,0,5,99.99,114,103.3,292.5
2026-05-24T09:26:42,100.0,1757,7941,0,3,99.99,107,104.7,292.5
2026-05-24T09:26:47,100.0,1759,7941,0,4,99.99,113,104.5,292.5
2026-05-24T09:26:53,100.0,1754,7941,0,4,99.99,102,104.2,292.5
2026-05-24T09:26:58,100.0,1759,7941,0,4,99.99,97,104.2,292.5
2026-05-24T09:27:04,100.0,1764,7941,0,5,99.99,103,104.5,292.5
2026-05-24T09:27:09,100.0,1775,7941,0,5,99.99,100,103.6,292.5
2026-05-24T09:27:14,99.9,1770,7941,0,6,99.99,96,103.6,292.5
2026-05-24T09:27:20,100.0,1766,7941,0,7,99.99,115,104.2,292.5
2026-05-24T09:27:25,100.0,1768,7941,0,8,99.99,127,104.2,292.5
2026-05-24T09:27:30,100.0,1765,7941,1,6,99.99,93,104.1,292.5
2026-05-24T09:27:36,100.0,1756,7941,0,5,99.99,104,103.0,292.5
2026-05-24T09:27:41,100.0,1779,7941,0,5,99.99,114,105.6,292.5
2026-05-24T09:27:47,100.0,1764,7941,0,5,99.99,105,104.6,292.5
2026-05-24T09:27:52,99.8,1757,7941,0,5,99.99,113,102.6,292.5
2026-05-24T09:27:57,100.0,1759,7941,0,5,99.99,103,104.6,292.5
2026-05-24T09:28:03,100.0,1768,7941,0,5,99.99,108,104.0,292.5
2026-05-24T09:28:08,99.9,1762,7941,0,5,99.99,110,104.0,292.5
2026-05-24T09:28:14,100.0,1770,7941,0,5,99.99,104,103.3,292.5
2026-05-24T09:28:19,99.9,1763,7941,0,5,99.99,101,104.4,292.5
2026-05-24T09:28:24,99.9,1764,7941,0,6,99.99,126,103.9,292.5
2026-05-24T09:28:30,100.0,1759,7941,0,6,99.99,111,105.7,292.5
2026-05-24T09:28:35,100.0,1758,7941,0,5,99.99,99,103.2,292.5
2026-05-24T09:28:40,100.0,1759,7941,0,5,99.99,111,102.2,292.5
2026-05-24T09:28:46,100.0,1756,7941,0,5,99.99,120,104.2,292.5
2026-05-24T09:28:51,100.0,1757,7941,0,4,99.99,98,104.6,292.5
2026-05-24T09:28:57,100.0,1759,7941,0,4,99.99,122,103.6,292.5
2026-05-24T09:29:02,100.0,1754,7941,0,4,99.99,92,103.5,292.5
2026-05-24T09:29:07,99.9,1758,7941,0,4,99.99,103,103.5,292.5
2026-05-24T09:29:13,100.0,1755,7941,0,4,99.99,107,102.5,292.5
2026-05-24T09:29:18,100.0,1758,7941,1,4,99.99,95,105.0,292.5
2026-05-24T09:29:23,100.0,1765,7941,0,4,99.99,112,104.4,292.5
2026-05-24T09:29:29,99.9,1765,7941,0,5,99.99,124,102.0,292.5
2026-05-24T09:29:34,100.0,1765,7941,0,6,99.99,88,104.2,292.5
2026-05-24T09:29:39,100.0,1769,7941,0,6,99.99,113,104.4,292.5
2026-05-24T09:29:45,100.0,1768,7941,0,6,99.99,104,103.8,292.5
2026-05-24T09:29:50,100.0,1771,7941,0,6,99.99,121,105.7,292.5
2026-05-24T09:29:56,100.0,1760,7941,0,5,99.99,103,102.6,292.5
2026-05-24T09:30:01,100.0,1760,7941,0,5,99.99,110,104.2,292.5
2026-05-24T09:30:07,99.5,1767,7941,0,4,99.99,65,105.0,292.5
2026-05-24T09:30:12,99.9,1759,7941,0,5,99.99,90,106.0,292.5
2026-05-24T09:30:18,99.8,1762,7941,0,5,99.99,118,103.0,292.5
2026-05-24T09:30:23,99.9,1763,7941,0,6,99.99,96,101.8,292.5
2026-05-24T09:30:28,99.9,1767,7941,0,8,99.99,105,103.0,292.5
2026-05-24T09:30:34,100.0,1761,7941,0,7,99.99,120,103.6,292.5
2026-05-24T09:30:39,99.9,1760,7941,0,6,99.99,106,102.1,292.5
2026-05-24T09:30:44,100.0,1757,7941,0,5,99.99,111,103.1,292.5
2026-05-24T09:30:50,99.9,1755,7941,0,5,99.99,102,104.0,292.5
2026-05-24T09:30:55,100.0,1763,7941,0,5,99.99,118,104.6,292.5
2026-05-24T09:31:00,100.0,1762,7941,0,5,99.99,100,105.9,292.5
2026-05-24T09:31:06,99.9,1763,7941,0,5,99.99,109,105.0,292.5
2026-05-24T09:31:11,99.9,1760,7941,0,5,99.99,102,103.8,292.5
2026-05-24T09:31:17,99.9,1759,7941,0,6,99.99,101,102.8,292.5
2026-05-24T09:31:22,100.0,1759,7941,0,6,99.99,103,104.2,292.5
2026-05-24T09:31:27,100.0,1763,7941,1,4,99.99,117,104.0,292.5
2026-05-24T09:31:33,99.9,1754,7941,0,5,99.99,91,102.4,292.5
2026-05-24T09:31:38,99.9,1756,7941,0,5,99.99,113,104.7,292.5
2026-05-24T09:31:43,100.0,1753,7941,0,4,99.99,97,103.0,292.5
2026-05-24T09:31:49,99.9,1767,7941,0,4,99.99,122,102.2,292.5
2026-05-24T09:31:54,100.0,1763,7941,0,4,99.99,106,103.5,292.6
2026-05-24T09:32:00,99.9,1775,7941,0,5,99.99,91,105.1,292.6
2026-05-24T09:32:05,100.0,1769,7941,0,7,99.99,109,102.3,292.6
2026-05-24T09:32:10,99.9,1768,7941,0,8,99.99,102,102.8,292.6
2026-05-24T09:32:16,99.9,1766,7941,0,8,99.99,132,101.8,292.5
2026-05-24T09:32:21,99.8,1758,7941,0,5,99.99,106,103.5,292.5
2026-05-24T09:32:26,99.9,1760,7941,0,5,99.99,98,103.0,292.5
2026-05-24T09:32:32,99.9,1763,7941,0,5,99.99,104,105.4,292.5
2026-05-24T09:32:37,100.0,1762,7941,0,5,99.99,111,103.6,292.5
2026-05-24T09:32:42,99.7,1759,7941,0,5,99.99,116,103.5,292.5
2026-05-24T09:32:48,100.0,1768,7941,0,5,99.99,109,104.5,292.5
2026-05-24T09:32:53,99.8,1759,7941,0,5,99.99,101,104.3,292.5
2026-05-24T09:32:59,100.0,1759,7941,0,4,99.99,113,102.0,292.5
2026-05-24T09:33:04,99.9,1762,7941,0,4,99.99,104,103.7,292.5
2026-05-24T09:33:09,99.9,1762,7941,0,4,99.99,103,102.3,292.5
2026-05-24T09:33:15,100.0,1762,7941,0,4,99.99,102,104.5,292.5
2026-05-24T09:33:20,100.0,1771,7941,0,7,99.99,84,104.2,292.5
2026-05-24T09:33:25,100.0,1773,7941,0,9,99.99,110,102.0,292.5
2026-05-24T09:33:31,100.0,1771,7941,0,9,99.99,108,104.4,292.5
2026-05-24T09:33:36,100.0,1761,7941,0,6,99.99,113,102.8,292.5
2026-05-24T09:33:41,99.9,1766,7941,0,5,99.99,111,103.4,292.5
2026-05-24T09:33:47,100.0,1766,7941,0,5,99.99,112,104.4,292.5
2026-05-24T09:33:52,99.9,1771,7941,0,5,99.99,108,104.2,292.5
2026-05-24T09:33:58,100.0,1756,7941,0,4,99.99,124,103.3,292.5
2026-05-24T09:34:03,99.9,1758,7941,0,4,99.99,106,102.8,292.5
2026-05-24T09:34:08,100.0,1761,7941,0,4,99.99,94,106.2,292.5
2026-05-24T09:34:14,99.9,1772,7941,0,4,99.99,110,103.8,292.5
2026-05-24T09:34:19,100.0,1774,7941,0,5,99.99,109,103.2,292.5
2026-05-24T09:34:24,100.0,1778,7941,0,6,99.99,107,102.4,292.5
2026-05-24T09:34:30,99.9,1765,7941,0,8,99.99,95,103.0,292.5
2026-05-24T09:34:35,99.9,1758,7941,0,5,99.99,111,102.2,292.5
2026-05-24T09:34:40,100.0,1763,7941,0,6,99.99,102,104.1,292.5
2026-05-24T09:34:46,99.9,1767,7941,0,6,99.99,104,104.8,292.5
2026-05-24T09:34:51,100.0,1762,7941,0,5,99.99,104,105.0,292.5
2026-05-24T09:34:57,100.0,1774,7941,0,5,99.99,115,104.2,292.5
2026-05-24T09:35:02,99.9,1760,7941,0,5,99.99,107,103.7,292.5
2026-05-24T09:35:08,99.8,1759,7941,0,5,99.99,77,106.5,292.5
2026-05-24T09:35:13,99.9,1760,7941,0,5,99.99,110,103.2,292.5
2026-05-24T09:35:18,99.9,1769,7941,0,4,99.99,99,102.4,292.5
2026-05-24T09:35:24,99.9,1759,7941,1,5,99.99,116,102.4,292.5
2026-05-24T09:35:29,99.9,1761,7941,0,5,99.99,110,102.3,292.5
2026-05-24T09:35:34,100.0,1759,7941,0,6,99.99,83,105.2,292.5
2026-05-24T09:35:40,99.9,1769,7941,0,6,99.99,101,103.9,294.3
2026-05-24T09:35:45,100.0,1763,7941,0,7,99.99,102,105.2,294.4
2026-05-24T09:35:51,99.8,1755,7941,0,5,99.99,122,103.3,294.5
2026-05-24T09:35:56,100.0,1760,7941,0,5,99.99,110,103.3,294.5
2026-05-24T09:36:01,100.0,1756,7941,0,5,99.99,91,103.8,294.5
2026-05-24T09:36:07,99.9,1759,7941,0,5,99.99,110,104.7,294.5
2026-05-24T09:36:12,100.0,1755,7941,0,5,99.99,108,104.0,294.5
2026-05-24T09:36:18,100.0,1759,7941,0,5,99.99,102,103.8,294.5
2026-05-24T09:36:23,100.0,1766,7941,0,5,99.99,89,104.0,294.7
2026-05-24T09:36:28,99.9,1758,7941,0,6,99.99,113,102.3,294.7
2026-05-24T09:36:34,100.0,1764,7941,0,7,99.99,128,104.4,294.7
2026-05-24T09:36:39,100.0,1763,7941,1,5,99.99,98,106.0,294.8
2026-05-24T09:36:45,99.9,1763,7941,0,6,99.99,104,103.8,294.8
2026-05-24T09:36:50,100.0,1759,7941,0,6,99.99,102,105.2,294.8
2026-05-24T09:36:55,100.0,1760,7941,0,5,99.99,106,104.9,294.8
2026-05-24T09:37:01,100.0,1762,7941,0,6,99.99,116,104.7,294.8
2026-05-24T09:37:06,99.9,1758,7941,0,5,99.99,94,103.3,294.8
2026-05-24T09:37:12,99.8,1756,7941,0,5,99.99,109,103.3,294.8
2026-05-24T09:37:17,100.0,1769,7941,0,4,99.99,94,104.0,294.8
2026-05-24T09:37:22,99.9,1764,7941,0,6,99.99,108,103.5,294.8
2026-05-24T09:37:28,99.9,1756,7941,0,5,99.99,111,101.2,294.8
2026-05-24T09:37:33,100.0,1755,7941,0,5,99.99,105,103.2,294.8
2026-05-24T09:37:38,100.0,1756,7941,0,5,99.99,114,104.1,294.8
2026-05-24T09:37:44,100.0,1759,7941,0,5,99.99,108,103.7,294.8
2026-05-24T09:37:49,99.9,1770,7941,1,3,99.99,85,101.4,294.8
2026-05-24T09:37:54,99.8,1763,7941,0,5,99.99,115,103.4,294.8
2026-05-24T09:38:00,100.0,1763,7941,0,4,99.99,120,104.4,294.8
2026-05-24T09:38:05,99.9,1762,7941,0,5,99.99,96,103.9,294.8
2026-05-24T09:38:11,99.9,1766,7941,0,6,99.99,104,104.4,294.8
2026-05-24T09:38:16,100.0,1763,7941,0,6,99.99,96,104.7,294.8
2026-05-24T09:38:22,100.0,1765,7941,0,7,99.99,103,104.3,294.8
2026-05-24T09:38:27,99.9,1761,7941,0,8,99.99,130,103.0,294.8
2026-05-24T09:38:32,99.9,1756,7941,0,6,99.99,101,103.0,294.8
2026-05-24T09:38:38,100.0,1754,7941,0,5,99.99,104,103.8,294.8
2026-05-24T09:38:43,100.0,1763,7941,0,4,99.99,107,105.7,294.8
2026-05-24T09:38:49,100.0,1758,7941,0,4,99.99,110,104.3,294.8
2026-05-24T09:38:54,99.9,1759,7941,0,5,99.99,109,103.9,294.8
2026-05-24T09:38:59,100.0,1764,7941,0,5,99.99,116,104.3,294.8
2026-05-24T09:39:05,99.6,1768,7941,0,5,99.99,74,102.5,294.8
2026-05-24T09:39:10,99.8,1764,7941,0,5,99.99,89,104.7,294.8
2026-05-24T09:39:16,100.0,1758,7941,0,5,99.99,104,102.4,294.8
2026-05-24T09:39:21,99.9,1762,7941,0,5,99.99,105,105.0,294.8
2026-05-24T09:39:26,99.8,1769,7941,0,6,99.99,97,101.6,294.8
2026-05-24T09:39:32,99.9,1763,7941,0,5,99.99,109,103.9,294.8
2026-05-24T09:39:37,99.9,1762,7941,0,5,99.99,121,102.0,294.8
2026-05-24T09:39:42,100.0,1769,7941,0,6,99.99,95,106.0,294.8
2026-05-24T09:39:48,100.0,1762,7941,0,5,99.99,108,104.0,294.8
2026-05-24T09:39:53,99.8,1760,7941,0,5,99.99,102,103.0,294.8
2026-05-24T09:39:59,99.9,1760,7941,0,5,99.99,117,103.3,294.8
2026-05-24T09:40:04,99.6,1765,7941,0,5,99.99,98,102.8,294.8
2026-05-24T09:40:09,99.7,1761,7941,1,4,99.99,76,103.6,294.8
2026-05-24T09:40:15,100.0,1761,7941,0,5,99.99,95,103.2,294.8
2026-05-24T09:40:20,99.9,1766,7941,0,5,99.99,110,105.6,294.8
2026-05-24T09:40:26,100.0,1762,7941,0,5,99.99,101,104.1,294.8
2026-05-24T09:40:31,99.9,1766,7941,0,8,99.99,92,105.1,294.8
2026-05-24T09:40:37,100.0,1765,7941,0,7,99.99,132,104.4,294.8
2026-05-24T09:40:42,99.9,1758,7941,0,5,99.99,96,102.6,294.8
2026-05-24T09:40:47,99.9,1758,7941,0,5,99.99,108,104.6,294.8
2026-05-24T09:40:53,99.9,1764,7941,0,5,99.99,101,103.5,294.8
2026-05-24T09:40:58,99.9,1759,7941,0,5,99.99,120,103.1,294.8
2026-05-24T09:41:04,100.0,1767,7941,0,6,99.99,110,103.6,294.8
2026-05-24T09:41:09,99.9,1764,7941,0,7,99.99,104,103.0,294.8
2026-05-24T09:41:14,99.9,1765,7941,0,5,99.99,98,103.7,294.8
2026-05-24T09:41:20,100.0,1764,7941,0,5,99.99,99,102.3,294.8
2026-05-24T09:41:25,99.8,1771,7941,0,5,99.99,115,104.2,294.8
2026-05-24T09:41:31,100.0,1761,7941,0,5,99.99,103,104.8,294.8
2026-05-24T09:41:36,99.9,1760,7941,0,5,99.99,106,103.2,294.8
2026-05-24T09:41:41,100.0,1765,7941,1,4,99.99,102,104.8,294.8
2026-05-24T09:41:47,99.9,1774,7941,1,4,99.99,111,102.2,294.8
2026-05-24T09:41:52,100.0,1769,7941,0,5,99.99,103,105.7,294.8
2026-05-24T09:41:58,99.9,1762,7941,0,5,99.99,120,104.7,294.8
2026-05-24T09:42:03,99.9,1770,7941,0,5,99.99,96,103.4,294.8
2026-05-24T09:42:08,99.9,1762,7941,0,5,99.99,106,104.5,294.8
2026-05-24T09:42:14,100.0,1778,7941,0,5,99.99,110,105.0,294.8
2026-05-24T09:42:19,100.0,1768,7941,1,4,99.99,108,103.3,294.8
2026-05-24T09:42:25,99.9,1771,7941,0,6,99.99,115,104.8,294.8
2026-05-24T09:42:30,99.8,1767,7941,0,6,99.99,91,103.0,294.8
2026-05-24T09:42:35,99.9,1766,7941,0,6,99.99,116,103.0,294.8
2026-05-24T09:42:41,100.0,1768,7941,0,6,99.99,106,104.2,294.8
2026-05-24T09:42:46,100.0,1766,7941,0,6,99.99,112,103.4,294.8
2026-05-24T09:42:51,100.0,1761,7941,0,5,99.99,113,102.4,294.8
2026-05-24T09:42:57,99.9,1763,7941,0,5,99.99,116,104.2,294.8
2026-05-24T09:43:02,100.0,1771,7941,0,5,99.99,95,105.1,294.8
2026-05-24T09:43:08,99.9,1765,7941,0,5,99.99,95,102.9,294.8
2026-05-24T09:43:13,99.9,1768,7941,0,5,99.99,106,104.8,294.8
2026-05-24T09:43:18,100.0,1768,7941,0,6,99.99,100,103.3,294.8
2026-05-24T09:43:24,100.0,1764,7941,0,5,99.99,108,103.8,294.8
2026-05-24T09:43:29,100.0,1763,7941,0,5,99.99,98,101.7,294.8
2026-05-24T09:43:35,99.9,1762,7941,0,5,99.99,120,104.0,294.8
2026-05-24T09:43:40,99.9,1758,7941,0,5,99.99,113,103.8,294.8
2026-05-24T09:43:45,99.9,1775,7941,0,5,99.99,110,103.2,294.8
2026-05-24T09:43:51,100.0,1772,7941,1,4,99.99,102,103.0,294.8
2026-05-24T09:43:56,99.9,1759,7941,0,5,99.99,105,102.8,294.8
2026-05-24T09:44:01,100.0,1763,7941,0,5,99.99,102,102.9,294.8
2026-05-24T09:44:07,99.9,1765,7941,0,5,99.99,96,103.4,294.8
2026-05-24T09:44:12,100.0,1762,7941,0,5,99.99,108,102.0,294.8
2026-05-24T09:44:18,100.0,1767,7941,0,4,99.99,107,105.4,294.8
2026-05-24T09:44:23,99.9,1759,7941,0,5,99.99,114,103.4,294.8
2026-05-24T09:44:28,99.9,1770,7941,0,5,99.99,103,103.6,294.8
2026-05-24T09:44:34,99.8,1762,7941,0,4,99.99,112,102.8,294.8
2026-05-24T09:44:39,100.0,1775,7941,0,6,99.99,88,104.4,294.8
2026-05-24T09:44:44,100.0,1771,7941,0,6,99.99,114,104.7,294.8
2026-05-24T09:44:50,99.9,1763,7941,0,6,99.99,93,104.8,294.8
2026-05-24T09:44:55,100.0,1758,7941,0,5,99.99,109,104.6,294.8
2026-05-24T09:45:01,99.8,1770,7941,0,5,99.99,120,105.1,294.8
2026-05-24T09:45:07,99.6,1773,7941,0,5,99.99,80,106.2,294.8
2026-05-24T09:45:12,99.8,1762,7941,1,4,99.99,99,104.0,294.8
2026-05-24T09:45:17,100.0,1767,7941,0,4,99.99,110,104.6,294.8
2026-05-24T09:45:23,100.0,1771,7941,1,4,99.99,100,104.8,294.8
2026-05-24T09:45:28,99.8,1761,7941,0,5,99.99,96,102.4,294.8
2026-05-24T09:45:34,100.0,1762,7941,0,5,99.99,106,103.6,294.8
2026-05-24T09:45:39,100.0,1768,7941,0,7,99.99,99,104.7,294.8
2026-05-24T09:45:44,99.9,1768,7941,0,8,99.99,114,102.8,294.8
2026-05-24T09:45:50,99.9,1761,7941,0,6,99.99,109,103.4,294.8
2026-05-24T09:45:55,99.8,1756,7941,0,5,99.99,106,104.5,294.8
2026-05-24T09:46:01,100.0,1761,7941,0,4,99.99,108,105.0,294.8
2026-05-24T09:46:06,99.9,1759,7941,0,4,99.99,89,102.2,294.8
2026-05-24T09:46:11,99.9,1755,7941,0,4,99.99,102,105.8,294.8
2026-05-24T09:46:17,99.9,1764,7941,1,3,99.99,111,103.8,294.8
2026-05-24T09:46:22,99.9,1766,7941,0,6,99.99,101,104.6,294.8
2026-05-24T09:46:28,99.8,1772,7941,0,8,99.99,91,103.5,294.8
2026-05-24T09:46:33,100.0,1765,7941,0,8,99.99,111,102.6,294.8
2026-05-24T09:46:38,100.0,1759,7941,0,7,99.99,104,104.5,294.8
2026-05-24T09:46:44,100.0,1758,7941,0,5,99.99,118,104.3,294.8
2026-05-24T09:46:49,99.9,1763,7941,0,5,99.99,106,103.2,294.8
2026-05-24T09:46:55,100.0,1769,7941,0,5,99.99,110,103.6,294.8
2026-05-24T09:47:00,99.9,1756,7941,0,5,99.99,94,104.4,294.8
2026-05-24T09:47:05,99.9,1756,7941,0,5,99.99,102,100.8,294.8
2026-05-24T09:47:11,99.9,1759,7941,0,5,99.99,90,102.6,294.8
2026-05-24T09:47:16,100.0,1757,7941,0,5,99.99,105,102.5,294.8
2026-05-24T09:47:21,99.9,1762,7941,0,5,99.99,89,102.9,294.8
2026-05-24T09:47:27,100.0,1764,7941,0,6,99.99,115,102.2,294.8
2026-05-24T09:47:32,99.9,1769,7941,0,7,99.99,102,103.5,294.8
2026-05-24T09:47:37,99.8,1769,7941,0,8,99.99,88,102.1,294.8
2026-05-24T09:47:43,100.0,1765,7941,0,8,99.99,110,103.0,294.8
2026-05-24T09:47:48,100.0,1757,7941,0,5,99.99,120,105.0,294.8
2026-05-24T09:47:54,99.9,1767,7941,0,5,99.99,85,105.2,294.8
2026-05-24T09:47:59,100.0,1763,7941,0,5,99.99,105,103.0,294.8
2026-05-24T09:48:04,99.9,1756,7941,0,4,99.99,108,101.6,294.8
2026-05-24T09:48:10,99.9,1756,7941,0,4,99.99,82,105.2,294.8
2026-05-24T09:48:15,99.9,1756,7941,0,5,99.99,112,102.4,294.8
2026-05-24T09:48:20,100.0,1763,7941,0,5,99.99,103,104.4,294.8
2026-05-24T09:48:26,100.0,1767,7941,0,5,99.99,104,104.6,294.8
2026-05-24T09:48:31,100.0,1757,7941,0,5,99.99,110,105.4,294.8
2026-05-24T09:48:37,99.9,1762,7941,0,4,99.99,106,104.7,294.8
2026-05-24T09:48:42,99.9,1757,7941,0,5,99.99,95,103.8,294.8
2026-05-24T09:48:48,100.0,1763,7941,0,5,99.99,105,103.2,294.8
2026-05-24T09:48:53,99.9,1762,7941,1,5,99.99,108,104.1,294.8
2026-05-24T09:48:58,100.0,1763,7941,0,6,99.99,101,104.2,294.8
2026-05-24T09:49:04,100.0,1768,7941,0,6,99.99,93,104.2,294.8
2026-05-24T09:49:09,99.9,1765,7941,0,6,99.99,93,102.8,294.8
2026-05-24T09:49:15,99.9,1764,7941,0,5,99.99,98,103.4,294.8
2026-05-24T09:49:20,100.0,1760,7941,0,5,99.99,97,104.0,294.8
2026-05-24T09:49:25,99.9,1760,7941,1,4,99.99,111,101.8,294.8
2026-05-24T09:49:31,99.9,1770,7941,0,5,99.99,97,103.6,294.8
2026-05-24T09:49:36,100.0,1764,7941,0,6,99.99,94,104.7,294.8
2026-05-24T09:49:41,99.9,1763,7941,0,6,99.99,114,104.1,294.8
2026-05-24T09:49:47,99.8,1771,7941,0,6,99.99,104,104.4,294.8
2026-05-24T09:49:52,100.0,1763,7941,0,5,99.99,89,104.6,294.8
2026-05-24T09:49:58,99.8,1769,7941,0,5,99.99,111,104.3,294.8
2026-05-24T09:50:03,99.9,1767,7941,0,5,99.99,82,103.6,294.8
2026-05-24T09:50:09,99.6,1766,7941,0,5,99.99,85,104.9,294.8
2026-05-24T09:50:14,99.9,1763,7941,0,5,99.99,109,103.0,294.8
2026-05-24T09:50:20,99.9,1764,7941,1,4,99.99,110,105.7,294.8
2026-05-24T09:50:25,99.8,1762,7941,0,6,99.99,91,103.8,294.8
2026-05-24T09:50:31,100.0,1759,7941,0,5,99.99,97,104.6,294.8
2026-05-24T09:50:36,99.9,1769,7941,0,6,99.99,106,104.4,294.8
2026-05-24T09:50:41,99.9,1759,7941,0,5,99.99,103,103.7,294.8
2026-05-24T09:50:47,100.0,1772,7941,0,5,99.99,111,104.3,294.8
2026-05-24T09:50:52,99.9,1761,7941,0,5,99.99,85,105.0,294.8
2026-05-24T09:50:58,99.9,1762,7941,0,4,99.99,93,105.2,294.8
2026-05-24T09:51:03,100.0,1759,7941,0,5,99.99,117,103.4,294.8
2026-05-24T09:51:09,99.9,1765,7941,0,5,99.99,101,106.5,294.8
2026-05-24T09:51:14,100.0,1770,7941,0,5,99.99,102,105.8,294.8
2026-05-24T09:51:20,100.0,1763,7941,0,5,99.99,103,102.2,294.8
2026-05-24T09:51:25,99.9,1766,7941,0,5,99.99,101,102.2,294.8
2026-05-24T09:51:30,100.0,1771,7941,0,7,99.99,93,103.8,294.8
2026-05-24T09:51:36,99.9,1768,7941,0,6,99.99,120,102.0,294.8
2026-05-24T09:51:41,100.0,1763,7941,0,6,99.99,104,105.2,294.8
2026-05-24T09:51:47,99.9,1767,7941,0,5,99.99,113,103.8,294.8
2026-05-24T09:51:52,99.9,1762,7941,0,5,99.99,89,104.8,294.8
2026-05-24T09:51:57,100.0,1763,7941,1,4,99.99,105,104.8,294.8
2026-05-24T09:52:03,99.9,1763,7941,0,5,99.99,111,102.8,294.8
2026-05-24T09:52:08,99.8,1760,7941,0,5,99.99,100,103.3,294.8
2026-05-24T09:52:14,100.0,1760,7941,1,5,99.99,114,104.2,294.8
2026-05-24T09:52:19,100.0,1771,7941,0,6,99.99,103,104.4,294.8
2026-05-24T09:52:24,100.0,1765,7941,0,5,99.99,108,102.6,294.8
2026-05-24T09:52:30,99.9,1761,7941,0,5,99.99,101,103.6,294.8
2026-05-24T09:52:35,99.9,1761,7941,0,5,99.99,108,102.2,294.8
2026-05-24T09:52:40,99.9,1769,7941,0,5,99.99,101,103.6,294.8
2026-05-24T09:52:46,99.9,1761,7941,0,7,99.99,85,104.1,294.8
2026-05-24T09:52:51,99.9,1768,7941,0,7,99.99,128,104.5,294.8
2026-05-24T09:52:57,99.9,1754,7941,1,4,99.99,105,102.4,294.8
2026-05-24T09:53:02,100.0,1754,7941,0,4,99.99,116,103.2,294.8
2026-05-24T09:53:07,100.0,1758,7941,0,4,99.99,117,104.6,294.8
2026-05-24T09:53:13,100.0,1756,7941,0,4,99.99,108,103.7,294.8
2026-05-24T09:53:18,100.0,1757,7941,0,4,99.99,105,103.4,294.8
2026-05-24T09:53:23,99.9,1762,7941,0,6,99.99,104,102.4,294.8
2026-05-24T09:53:29,100.0,1765,7941,0,7,99.99,118,103.5,294.8
2026-05-24T09:53:34,100.0,1763,7941,0,8,99.99,125,103.0,294.8
2026-05-24T09:53:39,100.0,1763,7941,0,9,99.99,107,103.8,294.8
2026-05-24T09:53:45,100.0,1757,7941,0,6,99.99,109,104.2,294.8
2026-05-24T09:53:50,100.0,1762,7941,0,5,99.99,126,104.5,294.8
2026-05-24T09:53:55,100.0,1766,7941,0,5,99.99,99,104.2,294.8
2026-05-24T09:54:01,100.0,1762,7941,1,4,99.99,106,103.8,294.8
2026-05-24T09:54:06,99.9,1758,7941,0,4,99.99,116,104.5,294.8
2026-05-24T09:54:11,99.9,1753,7941,0,4,99.99,108,103.5,294.8
2026-05-24T09:54:17,100.0,1755,7941,0,5,99.99,100,102.3,294.8
2026-05-24T09:54:22,99.9,1755,7941,0,5,99.99,124,102.5,294.8
2026-05-24T09:54:27,100.0,1760,7941,0,5,99.99,94,104.0,294.8
2026-05-24T09:54:33,100.0,1769,7941,0,6,99.99,111,103.0,294.8
2026-05-24T09:54:38,100.0,1759,7941,0,5,99.99,118,102.4,294.8
2026-05-24T09:54:43,100.0,1756,7941,0,4,99.99,112,103.5,294.8
2026-05-24T09:54:48,99.9,1760,7941,0,4,99.99,119,102.6,294.8
2026-05-24T09:54:54,100.0,1767,7941,0,5,99.99,95,105.3,294.8
2026-05-24T09:54:59,100.0,1760,7941,0,4,99.99,113,104.0,294.8
2026-05-24T09:55:05,100.0,1760,7941,0,6,99.99,88,102.0,294.8
2026-05-24T09:55:10,99.9,1764,7941,0,7,99.99,87,105.0,294.8
2026-05-24T09:55:15,100.0,1761,7941,0,5,99.99,121,102.4,294.8
2026-05-24T09:55:21,99.9,1765,7941,0,6,99.99,101,103.9,294.8
2026-05-24T09:55:26,99.9,1758,7941,0,5,99.99,102,103.8,294.8
2026-05-24T09:55:31,100.0,1755,7941,0,5,99.99,106,103.8,294.8
2026-05-24T09:55:37,100.0,1758,7941,0,4,99.99,107,104.0,294.8
2026-05-24T09:55:42,100.0,1758,7941,0,4,99.99,103,103.2,294.8
2026-05-24T09:55:47,100.0,1764,7941,0,4,99.99,125,104.7,294.8
2026-05-24T09:55:53,100.0,1769,7941,0,5,99.99,97,105.2,294.8
2026-05-24T09:55:58,100.0,1766,7941,0,7,99.99,105,103.5,294.8
2026-05-24T09:56:03,100.0,1763,7941,0,8,99.99,105,101.4,294.8
2026-05-24T09:56:09,100.0,1771,7941,0,8,99.99,102,103.5,294.8
2026-05-24T09:56:14,99.9,1756,7941,0,5,99.99,126,102.4,294.8
2026-05-24T09:56:19,99.8,1764,7941,0,5,99.99,99,103.8,294.8
2026-05-24T09:56:25,100.0,1760,7941,0,5,99.99,116,107.0,294.8
2026-05-24T09:56:30,100.0,1764,7941,0,5,99.99,108,102.3,294.8
2026-05-24T09:56:36,100.0,1765,7941,1,4,99.99,103,103.8,294.8
2026-05-24T09:56:41,99.9,1759,7941,0,5,99.99,108,102.8,294.8
2026-05-24T09:56:46,100.0,1773,7941,0,5,99.99,104,104.7,294.9
2026-05-24T09:56:52,100.0,1774,7941,0,5,99.99,115,105.2,294.9
2026-05-24T09:56:57,99.9,1765,7941,0,5,99.99,105,104.7,294.9
2026-05-24T09:57:02,100.0,1759,7941,0,5,99.99,105,102.0,294.9
2026-05-24T09:57:08,100.0,1764,7941,0,5,99.99,108,103.2,294.9
2026-05-24T09:57:13,100.0,1755,7941,0,5,99.99,105,103.4,294.9
2026-05-24T09:57:18,100.0,1756,7941,0,5,99.99,110,103.0,294.9
2026-05-24T09:57:24,100.0,1762,7941,0,4,99.99,106,103.4,294.9
2026-05-24T09:57:29,100.0,1758,7941,0,4,99.99,105,103.8,294.9
2026-05-24T09:57:34,99.9,1757,7941,0,4,99.99,109,102.3,294.9
2026-05-24T09:57:40,100.0,1757,7941,0,5,99.99,110,102.2,294.9
2026-05-24T09:57:45,100.0,1777,7941,1,5,99.99,112,102.3,294.9
2026-05-24T09:57:50,100.0,1767,7941,0,6,99.99,94,102.0,294.9
2026-05-24T09:57:55,100.0,1763,7941,0,5,99.99,118,103.2,294.9
2026-05-24T09:58:01,100.0,1762,7941,0,4,99.99,112,102.2,294.9
2026-05-24T09:58:06,100.0,1758,7941,0,4,99.99,103,104.8,294.9
2026-05-24T09:58:11,100.0,1770,7941,0,4,99.99,100,104.5,294.9
2026-05-24T09:58:17,100.0,1763,7941,0,4,99.99,105,105.5,294.9
2026-05-24T09:58:22,100.0,1759,7941,0,4,99.99,115,103.3,294.9
2026-05-24T09:58:28,99.9,1762,7941,0,5,99.99,97,103.8,294.9
2026-05-24T09:58:33,99.9,1765,7941,0,5,99.99,122,102.8,294.9
2026-05-24T09:58:38,99.9,1769,7941,0,7,99.99,104,102.0,294.9
2026-05-24T09:58:44,100.0,1765,7941,0,8,99.99,99,104.8,294.9
2026-05-24T09:58:49,100.0,1769,7941,0,7,99.99,114,104.0,294.9
2026-05-24T09:58:54,99.9,1756,7941,0,5,99.99,123,102.0,294.9
2026-05-24T09:59:00,100.0,1760,7941,0,5,99.99,106,104.5,294.9
2026-05-24T09:59:05,100.0,1756,7941,0,4,99.99,117,102.6,294.9
2026-05-24T09:59:10,100.0,1762,7941,0,4,99.99,94,104.6,294.9
2026-05-24T09:59:16,99.9,1757,7941,0,4,99.99,108,103.6,294.9
2026-05-24T09:59:21,100.0,1764,7941,0,4,99.99,115,104.6,294.9
2026-05-24T09:59:26,99.8,1760,7941,0,4,99.99,113,104.2,294.9
2026-05-24T09:59:32,100.0,1761,7941,0,5,99.99,96,102.9,294.9
2026-05-24T09:59:37,100.0,1765,7941,0,8,99.99,109,103.2,294.9
2026-05-24T09:59:42,100.0,1765,7941,0,8,99.99,107,104.2,294.9
2026-05-24T09:59:48,100.0,1759,7941,0,7,99.99,115,103.4,294.9
2026-05-24T09:59:53,100.0,1758,7941,0,5,99.99,111,103.7,294.9
2026-05-24T09:59:59,100.0,1755,7941,0,4,99.99,105,104.0,294.9
2026-05-24T10:00:04,100.0,1759,7941,0,4,99.99,96,102.0,294.9
2026-05-24T10:00:09,99.9,1765,7941,0,4,99.99,73,104.5,294.9
2026-05-24T10:00:15,99.9,1768,7941,0,3,99.99,114,103.8,294.9
2026-05-24T10:00:20,100.0,1771,7941,0,4,99.99,106,105.5,294.9
2026-05-24T10:00:26,99.9,1772,7941,0,7,99.99,91,103.1,294.9
2026-05-24T10:00:31,100.0,1780,7941,0,8,99.99,88,103.8,294.9
2026-05-24T10:00:36,99.9,1769,7941,0,7,99.99,126,103.4,294.9
2026-05-24T10:00:42,100.0,1764,7941,0,5,99.99,108,103.5,294.9
2026-05-24T10:00:47,100.0,1762,7941,0,4,99.99,128,104.3,294.9
2026-05-24T10:00:52,100.0,1768,7941,0,4,99.99,107,105.8,294.9
2026-05-24T10:00:58,100.0,1762,7941,0,4,99.99,108,103.9,294.9
2026-05-24T10:01:03,100.0,1765,7941,0,4,99.99,102,103.6,294.9
2026-05-24T10:01:09,100.0,1765,7941,0,4,99.99,108,104.8,294.9
2026-05-24T10:01:14,100.0,1766,7941,0,4,99.99,112,105.2,294.9
2026-05-24T10:01:19,100.0,1774,7941,0,7,99.99,115,104.5,294.9
2026-05-24T10:01:25,100.0,1774,7941,0,8,99.99,110,104.4,294.9
2026-05-24T10:01:30,100.0,1767,7941,0,5,99.99,107,102.9,294.9
2026-05-24T10:01:36,100.0,1768,7941,0,7,99.99,108,105.4,294.9
2026-05-24T10:01:41,100.0,1766,7941,0,6,99.99,95,103.1,294.9
2026-05-24T10:01:46,100.0,1765,7941,0,4,99.99,125,105.5,294.9
2026-05-24T10:01:52,99.9,1772,7941,0,4,99.99,99,104.0,294.9
2026-05-24T10:01:57,100.0,1770,7941,1,3,99.99,106,104.5,294.9
2026-05-24T10:02:02,100.0,1768,7941,0,4,99.99,102,102.3,294.9
2026-05-24T10:02:08,99.9,1769,7941,1,5,99.99,112,101.8,294.9
2026-05-24T10:02:13,100.0,1768,7941,0,7,99.99,105,103.1,294.9
2026-05-24T10:02:18,100.0,1770,7941,0,7,99.99,105,103.3,294.9
2026-05-24T10:02:24,99.9,1772,7941,0,7,99.99,109,104.2,294.9
2026-05-24T10:02:29,99.9,1763,7941,0,5,99.99,116,103.0,294.9
2026-05-24T10:02:34,100.0,1762,7941,0,4,99.99,111,104.2,294.9
2026-05-24T10:02:40,99.9,1771,7941,0,4,99.99,108,103.0,294.9
2026-05-24T10:02:45,100.0,1761,7941,0,4,99.99,105,103.5,294.9
2026-05-24T10:02:50,100.0,1771,7941,0,4,99.99,116,105.3,294.9
2026-05-24T10:02:56,99.9,1771,7941,0,4,99.99,113,103.6,294.9
2026-05-24T10:03:01,100.0,1779,7941,0,7,99.99,105,105.7,294.9
2026-05-24T10:03:07,99.9,1781,7941,0,8,99.99,115,105.8,294.9
2026-05-24T10:03:12,100.0,1768,7941,0,7,99.99,102,101.7,294.9
2026-05-24T10:03:17,100.0,1777,7941,0,8,99.99,99,104.3,294.9
2026-05-24T10:03:23,100.0,1764,7941,0,5,99.99,124,103.5,294.9
2026-05-24T10:03:28,100.0,1769,7941,0,4,99.99,97,104.5,294.9
2026-05-24T10:03:34,100.0,1764,7941,0,5,99.99,128,104.6,294.9
2026-05-24T10:03:39,100.0,1759,7941,0,5,99.99,107,104.2,294.9
2026-05-24T10:03:44,99.9,1757,7941,0,5,99.99,105,102.2,294.9
2026-05-24T10:03:50,99.9,1759,7941,0,5,99.99,108,102.6,294.9
2026-05-24T10:03:55,100.0,1756,7941,0,5,99.99,109,103.1,294.9
2026-05-24T10:04:00,99.9,1763,7941,0,5,99.99,112,104.5,294.9
2026-05-24T10:04:06,100.0,1759,7941,0,5,99.99,101,106.2,294.9
2026-05-24T10:04:11,100.0,1765,7941,0,5,99.99,125,103.9,294.9
2026-05-24T10:04:17,100.0,1762,7941,0,5,99.99,109,105.5,294.9
2026-05-24T10:04:22,100.0,1761,7941,1,4,99.99,103,104.8,294.9
2026-05-24T10:04:27,99.9,1756,7941,0,3,99.99,112,102.8,294.9
2026-05-24T10:04:33,100.0,1761,7941,0,5,99.99,96,105.5,294.9
2026-05-24T10:04:38,99.9,1768,7941,0,4,99.99,121,104.0,294.9
2026-05-24T10:04:44,99.9,1775,7941,0,6,99.99,106,103.5,294.9
2026-05-24T10:04:49,100.0,1777,7941,0,6,99.99,117,104.3,294.9
2026-05-24T10:04:54,100.0,1780,7941,0,5,99.99,109,105.5,294.9
2026-05-24T10:05:00,100.0,1767,7941,0,5,99.99,105,102.6,294.9
2026-05-24T10:05:05,99.7,1760,7941,1,4,99.99,98,102.8,294.9
2026-05-24T10:05:11,100.0,1766,7941,0,5,99.99,105,104.8,294.9
2026-05-24T10:05:16,100.0,1763,7941,1,4,99.99,112,104.8,294.9
2026-05-24T10:05:21,99.9,1768,7941,0,6,99.99,92,105.0,294.9
2026-05-24T10:05:27,100.0,1766,7941,0,6,99.99,103,104.4,294.9
2026-05-24T10:05:32,100.0,1761,7941,0,5,99.99,120,105.1,294.9
2026-05-24T10:05:38,100.0,1761,7941,0,6,99.99,103,104.7,294.9
2026-05-24T10:05:43,100.0,1765,7941,0,5,99.99,105,104.0,294.9
2026-05-24T10:05:48,100.0,1766,7941,0,5,99.99,129,102.5,294.9
2026-05-24T10:05:54,100.0,1766,7941,0,5,99.99,102,104.8,294.9
2026-05-24T10:05:59,100.0,1759,7941,0,5,99.99,106,102.9,294.9
2026-05-24T10:06:04,99.9,1761,7941,0,6,99.99,100,102.1,294.9
2026-05-24T10:06:10,99.9,1766,7941,0,7,99.99,117,102.8,294.9
2026-05-24T10:06:15,100.0,1759,7941,0,7,99.99,113,104.5,294.9
2026-05-24T10:06:20,99.9,1756,7941,0,5,99.99,105,103.8,294.9
2026-05-24T10:06:26,99.9,1757,7941,0,5,99.99,104,103.2,294.9
2026-05-24T10:06:31,99.9,1761,7941,0,5,99.99,102,102.5,294.9
2026-05-24T10:06:36,100.0,1764,7941,0,5,99.99,108,105.2,294.9
2026-05-24T10:06:42,100.0,1761,7941,0,6,99.99,109,106.0,294.9
2026-05-24T10:06:47,100.0,1755,7941,0,5,99.99,109,102.5,294.9
2026-05-24T10:06:53,100.0,1763,7941,0,5,99.99,110,102.5,294.9
2026-05-24T10:06:58,100.0,1760,7941,0,5,99.99,105,104.8,294.9
2026-05-24T10:07:03,100.0,1755,7941,0,5,99.99,90,103.8,294.9
2026-05-24T10:07:09,100.0,1756,7941,0,4,99.99,138,104.1,294.9
2026-05-24T10:07:14,99.9,1760,7941,0,5,99.99,103,103.3,294.9
2026-05-24T10:07:19,100.0,1771,7941,0,5,99.99,115,105.7,294.9
2026-05-24T10:07:25,100.0,1764,7941,0,6,99.99,103,105.0,294.9
2026-05-24T10:07:30,99.9,1761,7941,0,7,99.99,104,102.5,294.9
2026-05-24T10:07:36,99.9,1773,7941,1,7,99.99,108,102.8,294.9
2026-05-24T10:07:41,99.9,1759,7941,0,6,99.99,104,104.5,294.9
2026-05-24T10:07:46,99.9,1759,7941,0,5,99.99,109,103.8,294.9
2026-05-24T10:07:52,100.0,1755,7941,0,5,99.99,104,102.5,294.9
2026-05-24T10:07:57,100.0,1759,7941,0,5,99.99,113,104.7,294.9
2026-05-24T10:08:02,99.9,1763,7941,0,5,99.99,95,104.7,294.9
2026-05-24T10:08:08,100.0,1764,7941,0,6,99.99,104,102.6,294.9
2026-05-24T10:08:13,99.9,1766,7941,0,6,99.99,117,105.5,294.9
2026-05-24T10:08:19,100.0,1760,7941,0,6,99.99,92,105.0,294.9
2026-05-24T10:08:24,99.9,1755,7941,0,5,99.99,119,103.4,294.9
2026-05-24T10:08:29,99.9,1762,7941,0,5,99.99,95,103.3,294.9
2026-05-24T10:08:35,100.0,1758,7941,0,5,99.99,114,103.8,294.9
2026-05-24T10:08:40,100.0,1761,7941,0,5,99.99,99,104.5,294.9
2026-05-24T10:08:45,100.0,1767,7941,0,5,99.99,104,105.2,294.9
2026-05-24T10:08:51,99.9,1767,7941,0,5,99.99,102,104.7,294.9
2026-05-24T10:08:56,100.0,1754,7941,0,4,99.99,109,104.2,294.9
2026-05-24T10:09:02,100.0,1755,7941,0,4,99.99,121,106.3,294.9
2026-05-24T10:09:07,99.8,1760,7941,0,5,99.99,86,106.7,294.9
2026-05-24T10:09:13,100.0,1767,7941,0,5,99.99,95,105.5,294.9
2026-05-24T10:09:18,100.0,1772,7941,0,5,99.99,111,103.4,294.9
2026-05-24T10:09:23,100.0,1777,7941,0,7,99.99,96,103.8,294.9
2026-05-24T10:09:29,100.0,1759,7941,0,5,99.99,107,102.8,294.9
2026-05-24T10:09:34,100.0,1761,7941,0,5,99.99,134,102.6,294.9
2026-05-24T10:09:39,99.9,1765,7941,0,5,99.99,98,104.5,294.9
2026-05-24T10:09:45,99.8,1759,7941,0,4,99.99,94,103.4,294.9
2026-05-24T10:09:50,99.9,1761,7941,0,4,99.99,101,103.5,294.9
2026-05-24T10:09:56,100.0,1764,7941,1,3,99.99,117,103.5,294.9
2026-05-24T10:10:01,100.0,1770,7941,0,4,99.99,114,105.3,294.9
2026-05-24T10:10:07,99.8,1773,7941,0,5,99.99,73,108.9,294.9
2026-05-24T10:10:12,99.8,1769,7941,0,7,99.99,102,102.2,294.9
2026-05-24T10:10:17,100.0,1770,7941,0,6,99.99,103,103.6,294.9
2026-05-24T10:10:23,100.0,1775,7941,0,8,99.99,102,104.6,294.9
2026-05-24T10:10:28,100.0,1768,7941,0,7,99.99,118,103.8,294.9
2026-05-24T10:10:34,100.0,1775,7941,0,6,99.99,114,104.8,294.9
2026-05-24T10:10:39,100.0,1762,7941,0,5,99.99,116,102.2,294.9
2026-05-24T10:10:44,100.0,1768,7941,0,4,99.99,107,103.4,294.9
2026-05-24T10:10:50,99.9,1778,7941,0,4,99.99,97,104.4,294.9
2026-05-24T10:10:55,100.0,1765,7941,0,4,99.99,114,102.6,294.9
2026-05-24T10:11:00,99.9,1773,7941,1,4,99.99,108,104.8,294.9
2026-05-24T10:11:06,99.7,1778,7941,0,7,99.99,97,106.0,294.9
2026-05-24T10:11:11,99.9,1775,7941,0,8,99.99,104,104.8,294.9
2026-05-24T10:11:17,99.9,1774,7941,0,7,99.99,108,101.9,294.9
2026-05-24T10:11:22,99.9,1768,7941,0,6,99.99,109,102.4,294.9
2026-05-24T10:11:27,100.0,1765,7941,0,5,99.99,107,103.5,294.9
2026-05-24T10:11:33,100.0,1765,7941,0,5,99.99,95,103.6,294.9
2026-05-24T10:11:38,100.0,1772,7941,0,5,99.99,112,104.5,294.9
2026-05-24T10:11:43,100.0,1769,7941,0,4,99.99,123,102.3,294.9
2026-05-24T10:11:49,100.0,1769,7941,0,4,99.99,106,102.8,294.9
2026-05-24T10:11:54,99.9,1771,7941,0,4,99.99,118,101.2,294.9
2026-05-24T10:11:59,100.0,1765,7941,0,5,99.99,114,103.0,294.9
2026-05-24T10:12:04,99.9,1770,7941,0,6,99.99,104,102.5,294.9
2026-05-24T10:12:10,99.9,1767,7941,0,5,99.99,104,102.6,294.9
2026-05-24T10:12:15,100.0,1775,7941,0,6,99.99,110,105.0,294.9
2026-05-24T10:12:21,100.0,1771,7941,0,7,99.99,127,104.2,294.9
2026-05-24T10:12:26,100.0,1770,7941,0,7,99.99,98,104.5,294.9
2026-05-24T10:12:31,99.9,1766,7941,0,6,99.99,103,103.7,294.9
2026-05-24T10:12:37,99.9,1765,7941,0,5,99.99,125,104.4,294.9
2026-05-24T10:12:42,100.0,1771,7941,0,5,99.99,105,105.2,294.9
2026-05-24T10:12:48,100.0,1773,7941,0,5,99.99,110,103.5,294.9
2026-05-24T10:12:53,99.9,1777,7941,0,4,99.99,99,103.4,294.9
2026-05-24T10:12:58,99.9,1772,7941,0,6,99.99,109,103.3,294.9
2026-05-24T10:13:04,99.8,1768,7941,0,5,99.99,104,103.2,294.9
2026-05-24T10:13:09,100.0,1768,7941,0,5,99.99,90,104.2,294.9
2026-05-24T10:13:14,99.9,1767,7941,0,5,99.99,126,103.6,294.9
2026-05-24T10:13:20,100.0,1770,7941,0,5,99.99,104,104.5,294.9
2026-05-24T10:13:25,100.0,1774,7941,0,6,99.99,96,103.3,294.9
2026-05-24T10:13:30,99.8,1764,7941,0,6,99.99,117,103.3,294.9
2026-05-24T10:13:36,100.0,1757,7941,0,6,99.99,99,104.2,294.9
2026-05-24T10:13:41,99.9,1760,7941,0,5,99.99,111,104.7,294.9
2026-05-24T10:13:47,100.0,1755,7941,0,5,99.99,115,103.8,294.9
2026-05-24T10:13:52,100.0,1755,7941,0,5,99.99,105,103.4,294.9
2026-05-24T10:13:57,99.9,1761,7941,0,5,99.99,117,103.9,294.9
2026-05-24T10:14:03,99.9,1763,7941,0,5,99.99,104,103.4,294.9
2026-05-24T10:14:08,99.9,1758,7941,0,5,99.99,106,103.5,294.9
2026-05-24T10:14:13,99.9,1760,7941,0,5,99.99,104,102.0,294.9
2026-05-24T10:14:19,100.0,1759,7941,0,4,99.99,100,101.7,294.9
2026-05-24T10:14:24,100.0,1757,7941,0,5,99.99,112,104.3,294.9
2026-05-24T10:14:29,100.0,1760,7941,0,5,99.99,98,104.5,294.9
2026-05-24T10:14:35,100.0,1761,7941,0,5,99.99,115,104.2,294.9
2026-05-24T10:14:40,99.9,1759,7941,0,6,99.99,93,102.8,294.9
2026-05-24T10:14:46,99.9,1759,7941,0,6,99.99,103,103.2,294.9
2026-05-24T10:14:51,100.0,1759,7941,0,5,99.99,84,103.5,294.9
2026-05-24T10:14:56,100.0,1762,7941,0,5,99.99,139,104.1,294.9
2026-05-24T10:15:02,99.9,1758,7941,0,3,99.99,101,104.3,294.9
2026-05-24T10:15:07,99.9,1761,7941,0,5,99.99,86,109.5,294.9
2026-05-24T10:15:13,99.9,1756,7941,0,4,99.99,111,104.3,294.9
2026-05-24T10:15:18,100.0,1758,7941,0,3,99.99,104,103.2,294.9
2026-05-24T10:15:24,100.0,1761,7941,0,6,99.99,113,105.1,294.9
2026-05-24T10:15:29,99.9,1761,7941,0,6,99.99,102,103.5,294.9
2026-05-24T10:15:34,99.9,1758,7941,0,5,99.99,100,102.2,294.9
2026-05-24T10:15:40,99.9,1762,7941,0,6,99.99,113,103.2,294.9
2026-05-24T10:15:45,99.9,1763,7941,0,6,99.99,113,103.0,294.9
2026-05-24T10:15:50,100.0,1757,7941,0,5,99.99,106,104.2,294.9
2026-05-24T10:15:56,100.0,1754,7941,0,4,99.99,117,102.4,294.9
2026-05-24T10:16:01,100.0,1756,7941,0,4,99.99,106,105.2,294.9
2026-05-24T10:16:07,99.9,1758,7941,0,4,99.99,101,104.2,294.9
2026-05-24T10:16:12,99.9,1761,7941,0,4,99.99,101,103.0,294.9
2026-05-24T10:16:17,100.0,1761,7941,0,6,99.99,108,101.6,294.9
2026-05-24T10:16:22,100.0,1766,7941,0,7,99.99,103,102.1,294.9
2026-05-24T10:16:28,100.0,1759,7941,0,6,99.99,109,104.0,294.9
2026-05-24T10:16:33,99.9,1761,7941,0,6,99.99,111,105.0,294.9
2026-05-24T10:16:39,100.0,1762,7941,0,6,99.99,111,105.0,294.9
2026-05-24T10:16:44,100.0,1765,7941,0,5,99.99,116,105.0,294.9
2026-05-24T10:16:49,100.0,1766,7941,0,5,99.99,115,103.8,294.9
2026-05-24T10:16:55,99.8,1764,7941,0,5,99.99,109,103.5,294.9
2026-05-24T10:17:00,100.0,1756,7941,0,5,99.99,103,105.2,294.9
2026-05-24T10:17:06,99.9,1759,7941,0,5,99.99,107,105.0,294.9
2026-05-24T10:17:11,100.0,1769,7941,0,5,99.99,119,104.0,294.9
2026-05-24T10:17:16,100.0,1761,7941,0,4,99.99,100,103.5,294.9
2026-05-24T10:17:22,100.0,1765,7941,0,5,99.99,102,102.6,294.9
2026-05-24T10:17:27,100.0,1768,7941,0,5,99.99,95,104.0,294.9
2026-05-24T10:17:32,99.9,1761,7941,0,5,99.99,114,101.6,294.9
2026-05-24T10:17:38,100.0,1763,7941,0,7,99.99,122,104.0,294.9
2026-05-24T10:17:43,99.9,1775,7941,1,5,99.99,110,104.2,294.9
2026-05-24T10:17:48,99.9,1769,7941,0,6,99.99,99,103.0,294.9
2026-05-24T10:17:54,99.8,1761,7941,0,5,99.99,118,103.8,294.9
2026-05-24T10:17:59,100.0,1759,7941,0,4,99.99,103,104.6,294.9
2026-05-24T10:18:05,100.0,1764,7941,0,4,99.99,96,103.5,294.9
2026-05-24T10:18:10,100.0,1760,7941,0,4,99.99,108,102.4,294.9
2026-05-24T10:18:15,99.9,1762,7941,0,4,99.99,106,102.2,294.9
2026-05-24T10:18:20,99.9,1767,7941,0,6,99.99,97,103.0,294.9
2026-05-24T10:18:26,99.9,1772,7941,0,7,99.99,118,103.0,294.9
2026-05-24T10:18:31,100.0,1766,7941,0,8,99.99,93,103.1,294.9
2026-05-24T10:18:37,100.0,1766,7941,0,6,99.99,109,103.8,294.9
2026-05-24T10:18:42,99.9,1762,7941,0,5,99.99,112,103.2,294.9
2026-05-24T10:18:47,100.0,1764,7941,0,5,99.99,106,102.8,294.9
2026-05-24T10:18:53,100.0,1765,7941,0,5,99.99,112,102.2,294.9
2026-05-24T10:18:58,99.9,1761,7941,0,4,99.99,91,104.4,294.9
2026-05-24T10:19:03,100.0,1763,7941,0,3,99.99,113,103.1,294.9
2026-05-24T10:19:09,100.0,1764,7941,0,4,99.99,104,104.0,294.9
2026-05-24T10:19:14,99.9,1766,7941,0,5,99.99,111,104.0,294.9
2026-05-24T10:19:20,100.0,1777,7941,0,7,99.99,111,105.6,294.9
2026-05-24T10:19:25,100.0,1773,7941,0,8,99.99,96,106.0,294.9
2026-05-24T10:19:30,99.9,1767,7941,0,7,99.99,116,103.5,294.9
2026-05-24T10:19:36,100.0,1758,7941,0,5,99.99,114,104.2,294.9
2026-05-24T10:19:41,100.0,1766,7941,1,4,99.99,95,104.1,294.9
2026-05-24T10:19:47,99.9,1763,7941,0,5,99.99,111,102.8,294.9
2026-05-24T10:19:52,100.0,1763,7941,0,5,99.99,106,103.9,294.9
2026-05-24T10:19:57,100.0,1765,7941,0,6,99.99,98,104.8,294.9
2026-05-24T10:20:03,99.9,1772,7941,1,7,99.99,112,104.2,294.9
2026-05-24T10:20:08,99.8,1764,7941,0,7,99.99,102,107.1,294.9
2026-05-24T10:20:14,100.0,1763,7941,0,6,99.99,103,104.2,294.9
2026-05-24T10:20:19,99.9,1761,7941,0,6,99.99,106,103.8,294.9
2026-05-24T10:20:25,100.0,1759,7941,0,5,99.99,101,103.3,294.9
2026-05-24T10:20:30,100.0,1770,7941,0,5,99.99,106,104.8,294.9
2026-05-24T10:20:35,100.0,1757,7941,0,4,99.99,118,103.5,294.9
2026-05-24T10:20:41,100.0,1758,7941,0,4,99.99,107,103.8,294.9
2026-05-24T10:20:46,100.0,1786,7941,0,4,99.99,103,103.0,294.9
2026-05-24T10:20:51,99.8,1764,7941,0,4,99.99,117,102.8,294.9
2026-05-24T10:20:57,100.0,1764,7941,1,5,99.99,96,102.7,294.9
2026-05-24T10:21:02,100.0,1773,7941,0,8,99.99,93,104.7,294.9
2026-05-24T10:21:07,99.9,1775,7941,0,7,99.99,114,102.8,294.9
2026-05-24T10:21:13,99.9,1761,7941,0,5,99.99,104,102.8,294.9
2026-05-24T10:21:18,100.0,1760,7941,0,5,99.99,123,102.9,294.9
2026-05-24T10:21:23,100.0,1764,7941,0,5,99.99,122,105.1,294.9
2026-05-24T10:21:29,99.9,1764,7941,0,5,99.99,105,102.7,294.9
2026-05-24T10:21:34,100.0,1761,7941,0,5,99.99,108,104.0,294.9
2026-05-24T10:21:40,100.0,1765,7941,0,5,99.99,123,104.2,294.9
2026-05-24T10:21:45,100.0,1763,7941,0,5,99.99,102,103.2,294.9
2026-05-24T10:21:50,99.9,1768,7941,1,4,99.99,101,102.4,294.9
2026-05-24T10:21:56,100.0,1765,7941,0,5,99.99,107,104.5,294.9
2026-05-24T10:22:01,100.0,1765,7941,1,4,99.99,102,102.5,294.9
2026-05-24T10:22:06,99.8,1771,7941,0,5,99.99,108,104.0,294.9
2026-05-24T10:22:12,99.9,1768,7941,0,5,99.99,111,103.6,294.9
2026-05-24T10:22:17,100.0,1764,7941,0,6,99.99,110,104.3,294.9
2026-05-24T10:22:22,99.8,1759,7941,0,5,99.99,100,102.6,294.9
2026-05-24T10:22:28,99.9,1763,7941,0,4,99.99,104,102.0,294.9
2026-05-24T10:22:33,100.0,1766,7941,0,4,99.99,119,103.8,294.9
2026-05-24T10:22:38,100.0,1760,7941,0,4,99.99,107,105.0,294.9
2026-05-24T10:22:44,99.9,1767,7941,0,4,99.99,110,102.5,294.9
2026-05-24T10:22:49,99.9,1766,7941,0,4,99.99,95,102.6,294.9
2026-05-24T10:22:54,100.0,1770,7941,0,5,99.99,108,103.0,294.9
2026-05-24T10:23:00,100.0,1774,7941,0,9,99.99,111,104.8,294.9
2026-05-24T10:23:05,99.9,1767,7941,0,9,99.99,98,103.8,294.9
2026-05-24T10:23:10,99.9,1762,7941,0,6,99.99,114,102.2,294.9
2026-05-24T10:23:16,100.0,1768,7941,0,6,99.99,102,104.2,294.9
2026-05-24T10:23:21,99.8,1758,7941,0,5,99.99,114,101.8,294.9
2026-05-24T10:23:26,99.9,1762,7941,0,5,99.99,105,103.5,294.9
2026-05-24T10:23:32,99.9,1766,7941,0,5,99.99,101,102.8,294.9
2026-05-24T10:23:37,99.9,1766,7941,0,5,99.99,110,102.5,294.9
2026-05-24T10:23:42,99.8,1760,7941,0,5,99.99,111,101.8,294.9
2026-05-24T10:23:48,100.0,1763,7941,0,5,99.99,116,105.2,294.9
2026-05-24T10:23:53,99.9,1767,7941,0,5,99.99,108,102.6,294.9
2026-05-24T10:23:58,99.9,1771,7941,0,5,99.99,102,103.6,294.9
2026-05-24T10:24:04,99.8,1760,7941,0,5,99.99,109,102.0,294.9
2026-05-24T10:24:09,100.0,1767,7941,0,6,99.99,98,103.3,294.9
2026-05-24T10:24:14,99.9,1764,7941,0,6,99.99,103,104.4,294.9
2026-05-24T10:24:20,100.0,1765,7941,0,6,99.99,113,103.5,294.9
2026-05-24T10:24:25,100.0,1768,7941,0,6,99.99,103,102.8,294.9
2026-05-24T10:24:31,100.0,1764,7941,0,5,99.99,107,104.1,294.9
2026-05-24T10:24:36,100.0,1759,7941,0,4,99.99,117,103.8,294.9
2026-05-24T10:24:41,100.0,1773,7941,0,5,99.99,99,104.8,294.9
2026-05-24T10:24:47,100.0,1771,7941,0,4,99.99,109,103.4,294.9
2026-05-24T10:24:52,100.0,1765,7941,0,5,99.99,109,104.4,294.9
2026-05-24T10:24:57,100.0,1763,7941,0,4,99.99,108,104.7,294.9
2026-05-24T10:25:03,99.8,1758,7941,0,3,99.99,96,102.6,294.9
2026-05-24T10:25:09,99.6,1765,7941,1,3,99.99,91,108.0,294.9
2026-05-24T10:25:14,100.0,1761,7941,0,4,99.99,113,104.4,294.9
2026-05-24T10:25:19,100.0,1774,7941,0,5,99.99,103,104.2,294.9
2026-05-24T10:25:25,100.0,1771,7941,0,7,99.99,113,105.0,294.9
2026-05-24T10:25:30,100.0,1770,7941,0,9,99.99,92,103.0,294.9
2026-05-24T10:25:35,99.8,1774,7941,0,8,99.99,125,101.8,294.9
2026-05-24T10:25:41,100.0,1760,7941,0,6,99.99,104,102.5,294.9
2026-05-24T10:25:46,100.0,1762,7941,0,5,99.99,103,100.9,294.9
2026-05-24T10:25:51,99.9,1768,7941,0,5,99.99,99,104.8,294.9
2026-05-24T10:25:57,100.0,1761,7941,0,5,99.99,111,105.1,294.9
2026-05-24T10:26:02,100.0,1758,7941,0,4,99.99,108,103.5,294.9
2026-05-24T10:26:07,99.9,1761,7941,0,4,99.99,116,102.2,294.9
2026-05-24T10:26:13,100.0,1775,7941,0,4,99.99,108,105.9,294.9
2026-05-24T10:26:18,100.0,1773,7941,0,4,99.99,112,104.3,294.9
2026-05-24T10:26:24,99.9,1778,7941,0,7,99.99,104,104.6,294.9
2026-05-24T10:26:29,100.0,1773,7941,0,8,99.99,103,103.9,294.9
2026-05-24T10:26:34,100.0,1772,7941,0,9,99.99,123,104.4,294.9
2026-05-24T10:26:40,99.9,1771,7941,0,7,99.99,105,104.1,294.9
2026-05-24T10:26:45,99.9,1760,7941,0,5,99.99,101,103.2,294.9
2026-05-24T10:26:51,100.0,1766,7941,0,5,99.99,96,104.6,294.9
2026-05-24T10:26:56,100.0,1762,7941,0,5,99.99,112,103.0,294.9
2026-05-24T10:27:01,100.0,1768,7941,0,5,99.99,119,104.9,294.9
2026-05-24T10:27:07,100.0,1767,7941,0,5,99.99,103,104.2,294.9
2026-05-24T10:27:12,100.0,1773,7941,0,4,99.99,92,104.7,294.9
2026-05-24T10:27:18,99.9,1770,7941,0,4,99.99,128,104.1,294.9
2026-05-24T10:27:23,100.0,1769,7941,0,4,99.99,101,105.5,294.9
2026-05-24T10:27:28,100.0,1770,7941,0,4,99.99,98,103.9,294.9
2026-05-24T10:27:34,99.9,1768,7941,0,6,99.99,98,102.8,294.9
2026-05-24T10:27:39,99.9,1772,7941,0,6,99.99,127,102.8,294.9
2026-05-24T10:27:44,100.0,1769,7941,0,5,99.99,96,102.7,294.9
2026-05-24T10:27:50,100.0,1773,7941,0,6,99.99,115,104.8,294.9
2026-05-24T10:27:55,99.9,1765,7941,0,7,99.99,105,102.8,294.9
2026-05-24T10:28:01,100.0,1768,7941,0,5,99.99,109,106.0,294.9
2026-05-24T10:28:06,99.9,1770,7941,0,5,99.99,114,103.5,294.9
2026-05-24T10:28:11,100.0,1768,7941,0,5,99.99,110,103.3,294.9
2026-05-24T10:28:17,100.0,1762,7941,0,5,99.99,108,102.6,294.9
2026-05-24T10:28:22,100.0,1765,7941,0,5,99.99,100,105.8,294.9
2026-05-24T10:28:28,99.9,1764,7941,0,4,99.99,120,104.6,294.9
2026-05-24T10:28:33,100.0,1767,7941,0,4,99.99,102,104.5,294.9
2026-05-24T10:28:38,99.9,1765,7941,0,4,99.99,120,102.5,294.9
2026-05-24T10:28:44,99.9,1771,7941,1,4,99.99,100,104.8,294.9
2026-05-24T10:28:49,100.0,1791,7941,0,7,99.99,109,100.4,294.9
2026-05-24T10:28:54,99.9,1781,7941,0,8,99.99,101,103.8,294.9
2026-05-24T10:29:00,100.0,1773,7941,0,8,99.99,79,103.0,294.9
2026-05-24T10:29:05,99.9,1767,7941,0,6,99.99,147,103.0,294.9
2026-05-24T10:29:10,99.9,1768,7941,0,6,99.99,98,103.4,294.9
2026-05-24T10:29:16,99.9,1764,7941,0,5,99.99,110,102.6,294.9
2026-05-24T10:29:21,100.0,1765,7941,0,4,99.99,93,104.4,294.9
2026-05-24T10:29:27,100.0,1765,7941,0,5,99.99,112,104.1,294.9
2026-05-24T10:29:32,100.0,1766,7941,0,5,99.99,108,103.7,294.9
2026-05-24T10:29:37,99.9,1770,7941,0,5,99.99,123,104.1,294.9
2026-05-24T10:29:43,100.0,1778,7941,0,5,99.99,97,105.7,294.9
2026-05-24T10:29:48,100.0,1773,7941,0,5,99.99,107,103.0,294.9
2026-05-24T10:29:53,100.0,1772,7941,0,5,99.99,106,102.8,294.9
2026-05-24T10:29:59,99.9,1770,7941,0,6,99.99,111,102.5,294.9
2026-05-24T10:30:04,99.9,1767,7941,0,5,99.99,99,103.8,294.9
2026-05-24T10:30:10,99.4,1770,7941,0,5,99.99,76,109.5,294.9
2026-05-24T10:30:16,99.9,1769,7941,0,5,99.99,88,104.8,294.9
2026-05-24T10:30:21,99.9,1766,7941,0,5,99.99,96,104.7,294.9
2026-05-24T10:30:27,99.9,1774,7941,0,5,99.99,93,104.2,294.9
2026-05-24T10:30:32,99.9,1778,7941,0,8,99.99,111,103.7,294.9
2026-05-24T10:30:37,100.0,1769,7941,0,6,99.99,132,103.2,294.9
2026-05-24T10:30:43,100.0,1763,7941,0,5,99.99,98,102.8,294.9
2026-05-24T10:30:48,100.0,1770,7941,1,4,99.99,107,105.0,294.9
2026-05-24T10:30:54,100.0,1774,7941,0,5,99.99,111,105.0,294.9
2026-05-24T10:30:59,99.9,1764,7941,0,5,99.99,98,103.5,294.9
2026-05-24T10:31:04,99.9,1765,7941,0,5,99.99,102,101.8,294.9
2026-05-24T10:31:10,99.9,1767,7941,0,5,99.99,94,102.4,294.9
2026-05-24T10:31:15,99.9,1764,7941,0,5,99.99,107,102.3,294.9
2026-05-24T10:31:20,100.0,1772,7941,0,7,99.99,113,103.6,294.9
2026-05-24T10:31:25,99.9,1776,7941,0,8,99.99,103,101.8,294.9
2026-05-24T10:31:31,100.0,1768,7941,0,6,99.99,113,103.2,294.9
2026-05-24T10:31:36,100.0,1763,7941,0,5,99.99,104,103.8,294.9
2026-05-24T10:31:42,99.8,1771,7941,0,5,99.99,103,103.8,294.9
2026-05-24T10:31:47,100.0,1776,7941,0,5,99.99,114,101.6,294.9
2026-05-24T10:31:52,100.0,1765,7941,1,4,99.99,95,102.8,294.9
2026-05-24T10:31:58,100.0,1763,7941,0,5,99.99,109,104.6,294.9
2026-05-24T10:32:03,99.9,1766,7941,0,5,99.99,98,102.1,294.9
2026-05-24T10:32:08,99.8,1765,7941,0,5,99.99,99,105.0,294.9
2026-05-24T10:32:14,100.0,1760,7941,0,5,99.99,96,103.6,294.9
2026-05-24T10:32:19,100.0,1758,7941,0,4,99.99,110,103.8,294.9
2026-05-24T10:32:25,100.0,1760,7941,1,3,99.99,122,103.9,294.9
2026-05-24T10:32:30,99.9,1767,7941,0,4,99.99,102,104.2,294.9
2026-05-24T10:32:35,100.0,1766,7941,0,4,99.99,104,102.8,294.9
2026-05-24T10:32:41,99.9,1775,7941,0,5,99.99,102,103.0,294.9
2026-05-24T10:32:46,99.9,1776,7941,1,4,99.99,111,102.4,294.9
2026-05-24T10:32:51,99.9,1775,7941,0,7,99.99,101,103.0,294.9
2026-05-24T10:32:57,100.0,1771,7941,0,7,99.99,99,104.6,294.9
2026-05-24T10:33:02,99.9,1761,7941,0,4,99.99,115,103.0,294.9
2026-05-24T10:33:07,99.9,1767,7941,1,4,99.99,92,104.7,294.9
2026-05-24T10:33:13,99.9,1771,7941,0,5,99.99,100,103.6,294.9
2026-05-24T10:33:18,100.0,1766,7941,0,5,99.99,116,104.9,294.9
2026-05-24T10:33:24,100.0,1769,7941,1,5,99.99,109,104.0,294.9
2026-05-24T10:33:29,99.9,1769,7941,0,5,99.99,116,103.3,294.9
2026-05-24T10:33:34,99.9,1765,7941,1,4,99.99,100,103.2,294.9
2026-05-24T10:33:40,99.9,1763,7941,0,5,99.99,104,104.0,294.9
2026-05-24T10:33:45,99.9,1771,7941,0,5,99.99,114,102.9,294.9
2026-05-24T10:33:51,100.0,1773,7941,1,4,99.99,105,104.8,294.9
2026-05-24T10:33:56,99.9,1765,7941,0,5,99.99,114,104.8,294.9
2026-05-24T10:34:02,100.0,1766,7941,0,5,99.99,99,106.7,294.9
2026-05-24T10:34:07,99.9,1769,7941,0,5,99.99,98,102.5,294.9
2026-05-24T10:34:12,100.0,1768,7941,1,4,99.99,107,102.0,294.9
2026-05-24T10:34:18,100.0,1763,7941,0,5,99.99,108,104.5,294.9
2026-05-24T10:34:23,99.9,1767,7941,0,5,99.99,105,103.4,294.9
2026-05-24T10:34:28,99.9,1776,7941,0,5,99.99,102,104.5,294.9
2026-05-24T10:34:34,100.0,1774,7941,0,5,99.99,107,104.6,294.9
2026-05-24T10:34:39,100.0,1773,7941,0,5,99.99,113,104.6,294.9
2026-05-24T10:34:45,99.8,1765,7941,0,6,99.99,99,103.5,294.9
2026-05-24T10:34:50,99.8,1769,7941,0,6,99.99,100,102.8,294.9
2026-05-24T10:34:55,100.0,1762,7941,0,5,99.99,110,104.0,294.9
2026-05-24T10:35:01,99.9,1761,7941,0,5,99.99,115,101.6,294.9
2026-05-24T10:35:06,99.6,1764,7941,0,6,99.99,80,105.5,294.9
2026-05-24T10:35:12,99.9,1767,7941,0,5,99.99,113,106.7,294.9
2026-05-24T10:35:17,100.0,1765,7941,0,4,99.99,93,102.8,294.9
2026-05-24T10:35:22,100.0,1771,7941,0,5,99.99,120,103.6,294.9
2026-05-24T10:35:28,100.0,1765,7941,0,5,99.99,100,103.5,294.9
2026-05-24T10:35:33,100.0,1766,7941,0,5,99.99,104,103.8,294.9
2026-05-24T10:35:39,99.9,1768,7941,0,5,99.99,125,104.5,294.9
2026-05-24T10:35:44,100.0,1766,7941,0,3,99.99,99,104.7,294.9
2026-05-24T10:35:49,99.9,1769,7941,0,5,99.99,104,102.8,294.9
2026-05-24T10:35:55,100.0,1761,7941,0,4,99.99,101,102.5,294.9
2026-05-24T10:36:00,99.9,1760,7941,0,5,99.99,116,106.4,294.9
2026-05-24T10:36:06,99.8,1768,7941,1,3,99.99,97,102.4,294.9
2026-05-24T10:36:11,100.0,1766,7941,0,5,99.99,98,106.0,294.9
2026-05-24T10:36:16,100.0,1764,7941,0,5,99.99,96,103.0,294.9
2026-05-24T10:36:22,100.0,1771,7941,0,6,99.99,109,104.6,294.9
2026-05-24T10:36:27,99.9,1775,7941,0,7,99.99,103,102.8,294.9
2026-05-24T10:36:33,99.9,1774,7941,0,6,99.99,113,103.6,294.9
2026-05-24T10:36:38,99.9,1771,7941,0,6,99.99,112,104.0,294.9
2026-05-24T10:36:43,100.0,1776,7941,0,6,99.99,102,103.6,294.9
2026-05-24T10:36:49,100.0,1770,7941,0,5,99.99,107,101.6,294.9
2026-05-24T10:36:54,100.0,1768,7941,0,5,99.99,106,104.5,294.9
2026-05-24T10:36:59,100.0,1769,7941,0,5,99.99,107,104.4,294.9
2026-05-24T10:37:05,100.0,1762,7941,0,5,99.99,121,104.0,294.9
2026-05-24T10:37:10,99.9,1773,7941,0,5,99.99,99,105.2,294.9
2026-05-24T10:37:16,99.9,1764,7941,0,4,99.99,110,103.3,294.9
2026-05-24T10:37:21,99.9,1766,7941,0,6,99.99,91,103.8,294.9
2026-05-24T10:37:26,99.8,1772,7941,0,8,99.99,106,102.8,294.9
2026-05-24T10:37:32,100.0,1768,7941,0,8,99.99,104,103.2,294.9
2026-05-24T10:37:37,99.9,1769,7941,0,5,99.99,122,103.0,294.9
2026-05-24T10:37:42,99.9,1796,7941,0,4,99.99,87,100.9,294.9
2026-05-24T10:37:48,99.8,1802,7941,0,4,99.99,110,101.4,294.9
2026-05-24T10:37:53,99.9,1787,7941,1,3,99.99,97,105.3,294.9
2026-05-24T10:37:59,99.9,1777,7941,0,4,99.99,106,103.4,294.9
2026-05-24T10:38:04,99.8,1776,7941,0,4,99.99,103,102.8,294.9
2026-05-24T10:38:09,99.9,1785,7941,0,3,99.99,96,105.3,294.9
2026-05-24T10:38:15,99.9,1782,7941,0,8,99.99,90,103.1,294.9
2026-05-24T10:38:20,100.0,1784,7941,0,8,99.99,108,104.4,294.9
2026-05-24T10:38:26,99.9,1780,7941,0,6,99.99,122,103.6,294.9
2026-05-24T10:38:31,99.9,1776,7941,0,6,99.99,112,102.4,294.9
2026-05-24T10:38:36,99.9,1773,7941,0,5,99.99,100,101.3,294.9
2026-05-24T10:38:41,99.9,1782,7941,0,5,99.99,109,103.9,294.9
2026-05-24T10:38:47,100.0,1775,7941,0,5,99.99,106,103.7,294.9
2026-05-24T10:38:52,100.0,1782,7941,0,5,99.99,88,104.9,294.9
2026-05-24T10:38:58,100.0,1775,7941,0,4,99.99,111,103.8,294.9
2026-05-24T10:39:03,99.9,1773,7941,0,4,99.99,93,102.2,294.9
2026-05-24T10:39:09,99.9,1780,7941,0,4,99.99,89,106.0,294.9
2026-05-24T10:39:14,99.9,1778,7941,0,5,99.99,117,102.6,294.9
2026-05-24T10:39:19,100.0,1780,7941,0,6,99.99,99,104.1,294.9
2026-05-24T10:39:25,99.9,1783,7941,0,8,99.99,118,102.4,294.9
2026-05-24T10:39:30,99.8,1789,7941,0,9,99.99,106,102.5,294.9
2026-05-24T10:39:35,99.9,1777,7941,1,6,99.99,115,102.8,294.9
2026-05-24T10:39:41,99.9,1778,7941,0,6,99.99,101,104.4,294.9
2026-05-24T10:39:46,99.9,1777,7941,0,6,99.99,110,102.8,294.9
2026-05-24T10:39:51,100.0,1775,7941,0,5,99.99,97,103.2,294.9
2026-05-24T10:39:57,99.9,1785,7941,0,5,99.99,120,103.6,294.9
2026-05-24T10:40:02,99.5,1786,7941,1,4,99.99,98,104.4,294.9
2026-05-24T10:40:08,99.9,1778,7941,0,5,99.99,100,105.7,294.9
2026-05-24T10:40:13,100.0,1786,7941,0,5,99.99,95,104.1,294.9
2026-05-24T10:40:19,99.9,1780,7941,0,5,99.99,106,104.0,294.9
2026-05-24T10:40:24,99.9,1785,7941,0,6,99.99,114,102.5,294.9
2026-05-24T10:40:29,100.0,1779,7941,0,6,99.99,115,104.7,294.9
2026-05-24T10:40:35,100.0,1775,7941,0,5,99.99,109,104.3,294.9
2026-05-24T10:40:40,99.9,1773,7941,0,5,99.99,103,104.0,294.9
2026-05-24T10:40:45,100.0,1782,7941,0,5,99.99,104,105.5,294.9
2026-05-24T10:40:51,100.0,1788,7941,0,5,99.99,115,104.5,294.9
2026-05-24T10:40:56,100.0,1776,7941,0,5,99.99,109,103.4,294.9
2026-05-24T10:41:01,99.8,1778,7941,1,4,99.99,111,102.2,294.9
2026-05-24T10:41:07,99.9,1775,7941,0,5,99.99,114,103.2,294.9
2026-05-24T10:41:12,100.0,1774,7941,0,4,99.99,101,104.2,294.9
2026-05-24T10:41:17,99.9,1781,7941,0,5,99.99,104,102.6,294.9
2026-05-24T10:41:23,99.9,1786,7941,1,5,99.99,113,103.6,294.9
2026-05-24T10:41:28,100.0,1779,7941,0,5,99.99,114,105.0,294.9
2026-05-24T10:41:34,99.8,1775,7941,0,5,99.99,93,101.3,294.9
2026-05-24T10:41:39,100.0,1774,7941,0,6,99.99,100,104.2,294.9
2026-05-24T10:41:44,100.0,1770,7941,0,5,99.99,124,105.2,294.9
2026-05-24T10:41:50,100.0,1771,7941,0,5,99.99,113,103.1,294.9
2026-05-24T10:41:55,99.9,1781,7941,0,5,99.99,109,104.3,294.9
2026-05-24T10:42:00,100.0,1781,7941,0,5,99.99,106,105.6,294.9
2026-05-24T10:42:06,100.0,1772,7941,0,5,99.99,102,105.2,294.9
2026-05-24T10:42:11,100.0,1767,7941,0,5,99.99,110,105.8,294.9
2026-05-24T10:42:17,100.0,1765,7941,1,4,99.99,120,101.8,294.9
2026-05-24T10:42:22,99.8,1765,7941,0,5,99.99,102,102.5,294.9
2026-05-24T10:42:27,100.0,1775,7941,0,5,99.99,122,104.4,294.9
2026-05-24T10:42:33,100.0,1775,7941,0,4,99.99,103,103.4,294.9
2026-05-24T10:42:38,100.0,1774,7941,0,5,99.99,112,104.5,294.9
2026-05-24T10:42:43,99.9,1760,7941,0,3,99.99,92,104.0,294.9
2026-05-24T10:42:49,100.0,1765,7941,0,4,99.99,105,103.9,294.9
2026-05-24T10:42:54,100.0,1763,7941,0,5,99.99,117,102.4,294.9
2026-05-24T10:42:59,99.9,1760,7941,0,4,99.99,106,102.2,294.9
2026-05-24T10:43:05,100.0,1763,7941,0,4,99.99,97,103.8,294.9
2026-05-24T10:43:10,99.9,1763,7941,0,4,99.99,122,103.9,294.9
2026-05-24T10:43:15,100.0,1766,7941,0,5,99.99,115,103.9,294.9
2026-05-24T10:43:21,100.0,1773,7941,0,7,99.99,79,103.3,294.9
2026-05-24T10:43:26,100.0,1766,7941,0,6,99.99,124,105.2,294.9
2026-05-24T10:43:32,100.0,1765,7941,0,6,99.99,119,103.2,294.9
2026-05-24T10:43:37,99.9,1769,7941,0,6,99.99,109,103.4,294.9
2026-05-24T10:43:42,100.0,1769,7941,0,5,99.99,108,104.5,294.9
2026-05-24T10:43:48,99.9,1766,7941,0,5,99.99,104,103.2,294.9
2026-05-24T10:43:53,100.0,1766,7941,0,5,99.99,112,104.7,294.9
2026-05-24T10:43:58,100.0,1766,7941,0,5,99.99,102,104.7,294.9
2026-05-24T10:44:04,99.9,1768,7941,0,4,99.99,101,104.0,294.9
2026-05-24T10:44:09,100.0,1772,7941,0,5,99.99,105,105.0,294.9
2026-05-24T10:44:14,100.0,1770,7941,0,5,99.99,118,102.2,294.9
2026-05-24T10:44:20,100.0,1772,7941,0,5,99.99,110,104.6,294.9
2026-05-24T10:44:25,100.0,1766,7941,0,5,99.99,115,104.0,294.9
2026-05-24T10:44:31,100.0,1766,7941,0,5,99.99,108,103.6,294.9
2026-05-24T10:44:36,100.0,1763,7941,0,5,99.99,103,104.7,294.9
2026-05-24T10:44:41,100.0,1761,7941,0,4,99.99,104,103.4,294.9
2026-05-24T10:44:47,100.0,1768,7941,0,5,99.99,97,105.2,294.9
2026-05-24T10:44:52,100.0,1769,7941,0,5,99.99,110,103.2,294.9
2026-05-24T10:44:57,100.0,1762,7941,0,4,99.99,109,103.7,294.9
2026-05-24T10:45:03,99.7,1770,7941,0,6,99.99,104,102.0,294.9
2026-05-24T10:45:08,99.9,1773,7941,0,8,99.99,99,105.3,294.9
2026-05-24T10:45:14,100.0,1766,7941,0,6,99.99,120,103.1,294.9
2026-05-24T10:45:19,100.0,1767,7941,0,7,99.99,113,104.2,294.9
2026-05-24T10:45:24,100.0,1760,7941,0,4,99.99,116,101.5,294.9
2026-05-24T10:45:30,100.0,1767,7941,0,4,99.99,94,105.1,294.9
2026-05-24T10:45:35,99.9,1763,7941,0,4,99.99,111,102.2,294.9
2026-05-24T10:45:40,100.0,1769,7941,0,4,99.99,106,103.6,294.9
2026-05-24T10:45:46,100.0,1764,7941,0,5,99.99,113,103.8,294.9
2026-05-24T10:45:51,100.0,1770,7941,0,7,99.99,117,104.4,294.9
2026-05-24T10:45:56,100.0,1769,7941,0,6,99.99,103,104.2,294.9
2026-05-24T10:46:02,100.0,1769,7941,0,6,99.99,99,104.8,294.9
2026-05-24T10:46:07,100.0,1770,7941,1,6,99.99,113,103.0,294.9
2026-05-24T10:46:13,99.9,1769,7941,0,7,99.99,100,104.9,294.9
2026-05-24T10:46:18,99.9,1761,7941,0,5,99.99,116,103.4,294.9
2026-05-24T10:46:23,100.0,1770,7941,0,4,99.99,96,103.8,294.9
2026-05-24T10:46:29,99.8,1765,7941,0,5,99.99,112,102.6,294.9
2026-05-24T10:46:34,100.0,1768,7941,0,5,99.99,109,104.2,294.9
2026-05-24T10:46:39,99.9,1767,7941,0,5,99.99,100,102.4,294.9
2026-05-24T10:46:45,99.8,1762,7941,0,4,99.99,108,103.4,294.9
2026-05-24T10:46:50,99.9,1775,7941,0,5,99.99,110,102.0,294.9
2026-05-24T10:46:55,100.0,1766,7941,0,5,99.99,95,103.2,294.9
2026-05-24T10:47:01,100.0,1766,7941,0,5,99.99,116,103.5,294.9
2026-05-24T10:47:06,100.0,1763,7941,0,5,99.99,119,106.5,294.9
2026-05-24T10:47:11,100.0,1767,7941,0,5,99.99,95,102.7,294.9
2026-05-24T10:47:17,100.0,1760,7941,0,4,99.99,108,104.7,294.9
2026-05-24T10:47:22,100.0,1761,7941,0,4,99.99,111,103.7,294.9
2026-05-24T10:47:28,100.0,1773,7941,0,3,99.99,115,103.6,294.9
2026-05-24T10:47:33,100.0,1778,7941,0,5,99.99,97,104.7,294.9
2026-05-24T10:47:38,100.0,1776,7941,0,7,99.99,121,104.8,294.9
2026-05-24T10:47:44,99.9,1773,7941,0,9,99.99,99,103.6,294.9
2026-05-24T10:47:49,99.9,1774,7941,1,8,99.99,102,104.2,294.9
2026-05-24T10:47:55,100.0,1762,7941,0,5,99.99,135,103.4,294.9
2026-05-24T10:48:00,99.9,1766,7941,0,5,99.99,106,103.2,294.9
2026-05-24T10:48:05,99.9,1761,7941,0,4,99.99,96,103.9,294.9
2026-05-24T10:48:11,100.0,1766,7941,0,4,99.99,102,104.7,294.9
2026-05-24T10:48:16,100.0,1763,7941,0,4,99.99,118,102.5,294.9
2026-05-24T10:48:21,100.0,1768,7941,0,5,99.99,107,104.5,294.9
2026-05-24T10:48:27,100.0,1772,7941,0,4,99.99,98,104.0,294.9
2026-05-24T10:48:32,100.0,1772,7941,0,5,99.99,118,103.8,294.9
2026-05-24T10:48:37,100.0,1774,7941,0,5,99.99,105,104.8,294.9
2026-05-24T10:48:43,100.0,1772,7941,0,5,99.99,97,105.0,294.9
2026-05-24T10:48:48,99.9,1772,7941,0,5,99.99,114,101.9,294.9
2026-05-24T10:48:54,100.0,1763,7941,0,5,99.99,116,104.4,294.9
2026-05-24T10:48:59,100.0,1770,7941,0,5,99.99,106,103.8,294.9
2026-05-24T10:49:04,100.0,1767,7941,0,4,99.99,109,102.8,294.9
2026-05-24T10:49:10,99.9,1765,7941,0,5,99.99,86,103.2,294.9
2026-05-24T10:49:15,100.0,1771,7941,0,5,99.99,116,102.0,294.9
2026-05-24T10:49:20,99.9,1770,7941,0,5,99.99,91,103.7,294.9
2026-05-24T10:49:26,100.0,1771,7941,0,5,99.99,121,105.1,294.9
2026-05-24T10:49:31,100.0,1767,7941,0,5,99.99,107,103.0,294.9
2026-05-24T10:49:36,99.8,1766,7941,0,5,99.99,113,103.4,294.9
2026-05-24T10:49:42,100.0,1771,7941,0,5,99.99,99,105.9,294.9
2026-05-24T10:49:47,100.0,1768,7941,0,5,99.99,110,104.8,294.9
2026-05-24T10:49:53,100.0,1766,7941,0,4,99.99,103,104.7,294.9
2026-05-24T10:49:58,100.0,1761,7941,0,4,99.99,110,102.0,294.9
2026-05-24T10:50:03,99.9,1759,7941,0,4,99.99,94,101.8,294.9
2026-05-24T10:50:08,100.0,1764,7941,0,4,99.99,99,103.8,294.9
2026-05-24T10:50:14,100.0,1773,7941,0,4,99.99,105,105.0,294.9
2026-05-24T10:50:19,100.0,1778,7941,0,4,99.99,85,102.0,294.9
2026-05-24T10:50:25,100.0,1770,7941,0,7,99.99,103,104.0,294.9
2026-05-24T10:50:30,99.9,1773,7941,0,8,99.99,102,103.4,294.9
2026-05-24T10:50:35,100.0,1769,7941,0,8,99.99,116,105.2,294.9
2026-05-24T10:50:41,100.0,1764,7941,0,6,99.99,106,104.5,294.9
2026-05-24T10:50:46,100.0,1762,7941,0,5,99.99,125,103.5,294.9
2026-05-24T10:50:52,99.9,1763,7941,0,5,99.99,90,104.3,294.9
2026-05-24T10:50:57,99.9,1766,7941,0,5,99.99,120,104.1,294.9
2026-05-24T10:51:02,99.9,1761,7941,0,5,99.99,107,104.0,294.9
2026-05-24T10:51:08,100.0,1763,7941,0,5,99.99,104,102.6,294.9
2026-05-24T10:51:13,100.0,1761,7941,0,5,99.99,110,104.8,294.9
2026-05-24T10:51:18,99.9,1764,7941,0,6,99.99,94,101.9,294.9
2026-05-24T10:51:24,100.0,1770,7941,0,6,99.99,116,104.2,294.9
2026-05-24T10:51:29,100.0,1768,7941,1,5,99.99,99,103.2,294.9
2026-05-24T10:51:35,100.0,1774,7941,0,7,99.99,97,104.7,294.9
2026-05-24T10:51:40,100.0,1767,7941,0,5,99.99,125,105.0,294.9
2026-05-24T10:51:45,100.0,1766,7941,0,5,99.99,98,105.0,294.9
2026-05-24T10:51:51,100.0,1762,7941,0,5,99.99,101,104.4,294.9
2026-05-24T10:51:56,100.0,1769,7941,0,5,99.99,106,105.4,294.9
2026-05-24T10:52:02,100.0,1767,7941,0,5,99.99,108,102.7,294.9
2026-05-24T10:52:07,99.9,1765,7941,0,5,99.99,108,102.9,294.9
2026-05-24T10:52:12,100.0,1766,7941,0,4,99.99,100,104.6,294.9
2026-05-24T10:52:18,100.0,1764,7941,1,4,99.99,113,104.6,294.9
2026-05-24T10:52:23,99.9,1764,7941,0,6,99.99,106,103.8,294.9
2026-05-24T10:52:28,100.0,1770,7941,0,5,99.99,136,104.6,294.9
2026-05-24T10:52:34,99.9,1766,7941,1,5,99.99,98,102.8,294.9
2026-05-24T10:52:39,100.0,1772,7941,0,5,99.99,106,104.4,294.9
2026-05-24T10:52:45,99.9,1771,7941,0,5,99.99,100,103.8,294.9
2026-05-24T10:52:50,100.0,1772,7941,0,5,99.99,95,102.6,294.9
2026-05-24T10:52:55,100.0,1770,7941,0,5,99.99,110,103.7,294.9
2026-05-24T10:53:01,99.9,1778,7941,0,6,99.99,102,103.0,294.9
2026-05-24T10:53:06,99.9,1771,7941,0,5,99.99,112,100.8,294.9
2026-05-24T10:53:11,99.9,1768,7941,0,5,99.99,103,101.9,294.9
2026-05-24T10:53:16,100.0,1766,7941,0,5,99.99,95,103.2,294.9
2026-05-24T10:53:22,100.0,1764,7941,0,5,99.99,126,104.5,294.9
2026-05-24T10:53:27,99.8,1773,7941,0,5,99.99,106,102.4,294.9
2026-05-24T10:53:32,100.0,1767,7941,0,6,99.99,93,103.2,294.9
2026-05-24T10:53:38,99.8,1770,7941,0,5,99.99,104,101.7,294.9
2026-05-24T10:53:43,99.9,1766,7941,0,5,99.99,111,101.2,294.9
2026-05-24T10:53:48,100.0,1757,7941,0,4,99.99,125,103.2,294.9
2026-05-24T10:53:54,100.0,1765,7941,0,4,99.99,104,104.4,294.9
2026-05-24T10:53:59,100.0,1764,7941,0,4,99.99,106,103.6,294.9
2026-05-24T10:54:04,100.0,1761,7941,0,4,99.99,99,103.8,294.9
2026-05-24T10:54:10,99.9,1766,7941,0,4,99.99,102,103.1,294.9
2026-05-24T10:54:15,100.0,1770,7941,0,5,99.99,120,103.8,294.9
2026-05-24T10:54:20,99.9,1767,7941,0,6,99.99,101,104.2,294.9
2026-05-24T10:54:26,100.0,1770,7941,0,7,99.99,94,103.0,294.9
2026-05-24T10:54:31,100.0,1767,7941,0,6,99.99,119,103.6,294.9
2026-05-24T10:54:36,100.0,1770,7941,0,5,99.99,104,104.5,294.9
2026-05-24T10:54:42,100.0,1769,7941,0,5,99.99,93,102.6,294.9
2026-05-24T10:54:47,99.9,1767,7941,0,5,99.99,119,102.5,294.9
2026-05-24T10:54:52,99.9,1763,7941,2,3,99.99,93,102.4,294.9
2026-05-24T10:54:58,99.9,1764,7941,0,7,99.99,107,102.8,294.9
2026-05-24T10:55:03,99.7,1767,7941,0,7,99.99,116,101.8,294.9
2026-05-24T10:55:09,99.9,1764,7941,0,5,99.99,99,107.9,294.9
2026-05-24T10:55:14,99.8,1761,7941,0,5,99.99,115,103.6,294.9
2026-05-24T10:55:20,100.0,1765,7941,0,5,99.99,111,104.8,294.9
2026-05-24T10:55:25,100.0,1761,7941,0,5,99.99,102,105.7,294.9
2026-05-24T10:55:30,99.9,1772,7941,0,5,99.99,100,103.0,294.9
2026-05-24T10:55:36,100.0,1762,7941,0,5,99.99,106,104.5,294.9
2026-05-24T10:55:41,100.0,1762,7941,0,5,99.99,107,102.7,294.9
2026-05-24T10:55:46,99.9,1768,7941,1,5,99.99,108,102.0,294.9
2026-05-24T10:55:52,100.0,1774,7941,0,5,99.99,117,104.8,294.9
2026-05-24T10:55:57,100.0,1772,7941,1,4,99.99,109,104.5,294.9
2026-05-24T10:56:03,100.0,1765,7941,0,5,99.99,112,103.5,294.9
2026-05-24T10:56:08,100.0,1770,7941,1,5,99.99,99,103.7,294.9
2026-05-24T10:56:13,99.9,1767,7941,0,5,99.99,98,105.2,294.9
2026-05-24T10:56:19,100.0,1766,7941,0,4,99.99,120,103.8,294.9
2026-05-24T10:56:24,100.0,1773,7941,0,5,99.99,108,104.2,294.9
2026-05-24T10:56:30,99.9,1773,7941,0,5,99.99,104,104.6,294.9
2026-05-24T10:56:35,100.0,1767,7941,0,6,99.99,120,102.9,294.9
2026-05-24T10:56:40,99.9,1767,7941,0,6,99.99,111,104.7,294.9
2026-05-24T10:56:46,100.0,1767,7941,0,6,99.99,97,103.4,294.9
2026-05-24T10:56:51,99.9,1773,7941,0,5,99.99,109,100.7,294.9
2026-05-24T10:56:56,99.9,1762,7941,0,5,99.99,120,102.8,294.9
2026-05-24T10:57:02,99.9,1763,7941,0,5,99.99,110,103.6,294.9
2026-05-24T10:57:07,99.9,1762,7941,0,5,99.99,97,103.0,294.9
2026-05-24T10:57:12,100.0,1771,7941,0,5,99.99,106,102.2,294.9
2026-05-24T10:57:18,100.0,1763,7941,0,3,99.99,110,102.2,294.9
2026-05-24T10:57:23,100.0,1768,7941,0,5,99.99,105,105.2,294.9
2026-05-24T10:57:28,99.9,1771,7941,0,5,99.99,102,103.1,294.9
2026-05-24T10:57:34,99.9,1762,7941,0,5,99.99,106,104.0,294.9
2026-05-24T10:57:39,100.0,1764,7941,2,2,99.99,101,102.2,294.9
2026-05-24T10:57:44,100.0,1765,7941,0,5,99.99,112,103.0,294.9
2026-05-24T10:57:50,100.0,1774,7941,0,6,99.99,96,103.4,294.9
2026-05-24T10:57:55,100.0,1776,7941,0,6,99.99,114,104.0,294.9
2026-05-24T10:58:01,100.0,1769,7941,0,4,99.99,110,104.5,294.9
2026-05-24T10:58:06,100.0,1768,7941,0,6,99.99,109,103.8,294.9
2026-05-24T10:58:11,100.0,1770,7941,0,6,99.99,95,103.0,294.9
2026-05-24T10:58:17,99.9,1767,7941,0,5,99.99,114,104.0,294.9
2026-05-24T10:58:22,99.9,1773,7941,0,5,99.99,93,102.8,294.9
2026-05-24T10:58:27,100.0,1774,7941,0,5,99.99,116,104.2,294.9
2026-05-24T10:58:33,99.9,1767,7941,0,5,99.99,97,103.2,294.9
2026-05-24T10:58:38,100.0,1769,7941,0,5,99.99,104,101.6,294.9
2026-05-24T10:58:43,100.0,1767,7941,0,6,99.99,101,104.6,294.9
2026-05-24T10:58:49,99.9,1767,7941,0,6,99.99,120,102.2,294.9
2026-05-24T10:58:54,99.9,1766,7941,0,5,99.99,115,103.0,294.9
2026-05-24T10:58:59,100.0,1772,7941,0,6,99.99,98,105.0,294.9
2026-05-24T10:59:05,99.9,1762,7941,0,5,99.99,104,102.2,294.9
2026-05-24T10:59:10,99.8,1764,7941,0,5,99.99,93,103.2,294.9
2026-05-24T10:59:15,99.9,1775,7941,0,5,99.99,120,102.5,294.9
2026-05-24T10:59:21,99.9,1767,7941,0,5,99.99,100,104.2,294.9
2026-05-24T10:59:26,99.8,1768,7941,0,5,99.99,109,101.8,294.9
2026-05-24T10:59:32,99.8,1767,7941,0,5,99.99,103,103.8,294.9
2026-05-24T10:59:37,99.9,1767,7941,0,5,99.99,107,102.6,294.9
2026-05-24T10:59:42,100.0,1771,7941,0,5,99.99,103,104.4,294.9
2026-05-24T10:59:48,100.0,1769,7941,0,5,99.99,110,102.8,294.9
2026-05-24T10:59:53,99.8,1762,7941,0,5,99.99,87,103.2,294.9
2026-05-24T10:59:58,99.9,1766,7941,0,5,99.99,115,103.8,294.9
2026-05-24T11:00:04,99.5,1811,7941,0,5,99.99,93,102.4,294.9
2026-05-24T11:00:10,99.4,1826,7941,0,5,99.99,59,106.5,294.9
2026-05-24T11:00:15,99.6,1833,7941,0,6,99.99,68,103.3,294.9
2026-05-24T11:00:21,99.8,1829,7941,0,6,99.99,90,103.0,294.9
2026-05-24T11:00:26,99.7,1829,7941,0,5,99.99,101,103.0,294.9
2026-05-24T11:00:31,100.0,1823,7941,0,5,99.99,114,104.5,294.9
2026-05-24T11:00:37,99.9,1829,7941,0,7,99.99,104,102.6,294.9
2026-05-24T11:00:42,100.0,1831,7941,0,6,99.99,107,104.8,294.9
2026-05-24T11:00:47,99.9,1827,7941,0,6,99.99,105,101.6,294.9
2026-05-24T11:00:53,100.0,1835,7941,0,5,99.99,116,104.6,294.9
2026-05-24T11:00:58,100.0,1828,7941,1,3,99.99,102,105.3,294.9
2026-05-24T11:01:04,99.9,1824,7941,0,6,99.99,110,103.7,294.9
2026-05-24T11:01:09,99.8,1828,7941,0,5,99.99,116,103.0,294.9
2026-05-24T11:01:14,99.9,1830,7941,0,6,99.99,99,103.0,294.9
2026-05-24T11:01:20,100.0,1834,7941,0,6,99.99,118,104.0,294.9
2026-05-24T11:01:25,99.9,1824,7941,0,6,99.99,107,102.6,294.9
2026-05-24T11:01:31,99.9,1829,7941,1,3,99.99,94,103.6,294.9
2026-05-24T11:01:36,100.0,1824,7941,0,5,99.99,112,102.2,294.9
2026-05-24T11:01:41,99.9,1822,7941,0,5,99.99,95,103.5,294.9
2026-05-24T11:01:47,99.9,1823,7941,0,4,99.99,112,103.8,294.9
2026-05-24T11:01:52,100.0,1824,7941,0,5,99.99,109,102.9,294.9
2026-05-24T11:01:57,99.9,1825,7941,0,5,99.99,103,103.4,294.9
2026-05-24T11:02:03,99.9,1833,7941,0,5,99.99,102,106.5,294.9
2026-05-24T11:02:08,99.9,1799,7941,0,5,99.99,91,104.0,294.9
2026-05-24T11:02:14,99.9,1804,7941,0,5,99.99,119,102.5,294.9
2026-05-24T11:02:19,100.0,1797,7941,0,5,99.99,99,104.2,294.9
2026-05-24T11:02:24,99.9,1794,7941,0,5,99.99,109,104.2,294.9
2026-05-24T11:02:30,99.9,1807,7941,0,5,99.99,92,105.8,294.9
2026-05-24T11:02:35,100.0,1795,7941,0,4,99.99,115,103.6,294.9
2026-05-24T11:02:41,100.0,1796,7941,0,5,99.99,86,102.4,294.9
2026-05-24T11:02:46,99.9,1794,7941,1,4,99.99,103,102.9,294.9
2026-05-24T11:02:51,100.0,1801,7941,0,5,99.99,112,103.2,294.9
2026-05-24T11:02:57,100.0,1801,7941,0,5,99.99,117,104.0,294.9
2026-05-24T11:03:02,99.8,1807,7941,0,5,99.99,103,104.9,294.9
2026-05-24T11:03:07,99.9,1796,7941,0,5,99.99,101,103.3,294.9
2026-05-24T11:03:13,100.0,1801,7941,0,5,99.99,114,105.2,294.9
2026-05-24T11:03:18,100.0,1798,7941,0,5,99.99,106,105.1,294.9
2026-05-24T11:03:24,100.0,1806,7941,0,4,99.99,111,102.6,294.9
2026-05-24T11:03:29,100.0,1816,7941,0,4,99.99,97,103.6,294.9
2026-05-24T11:03:34,99.9,1805,7941,0,4,99.99,111,102.2,294.9
2026-05-24T11:03:40,100.0,1806,7941,0,4,99.99,101,103.8,294.9
2026-05-24T11:03:45,99.9,1809,7941,0,6,99.99,100,102.3,294.9
2026-05-24T11:03:50,99.9,1815,7941,0,8,99.99,96,104.3,294.9
2026-05-24T11:03:56,99.9,1808,7941,0,8,99.99,105,102.4,294.9
2026-05-24T11:04:01,100.0,1806,7941,0,6,99.99,104,104.5,294.9
2026-05-24T11:04:06,99.9,1777,7941,0,5,99.99,100,102.3,294.9
2026-05-24T11:04:12,99.8,1772,7941,0,5,99.99,109,103.4,294.9
2026-05-24T11:04:17,100.0,1766,7941,1,4,99.99,102,106.7,294.9
2026-05-24T11:04:23,100.0,1767,7941,0,4,99.99,112,104.0,294.9
2026-05-24T11:04:28,100.0,1770,7941,0,5,99.99,106,104.2,294.9
2026-05-24T11:04:33,100.0,1773,7941,0,6,99.99,127,102.2,294.9
2026-05-24T11:04:39,100.0,1761,7941,0,4,99.99,101,103.4,294.9
2026-05-24T11:04:44,99.9,1763,7941,0,3,99.99,112,102.2,294.9
2026-05-24T11:04:49,100.0,1772,7941,0,4,99.99,109,102.0,294.9
2026-05-24T11:04:55,100.0,1772,7941,0,5,99.99,97,103.3,294.9
2026-05-24T11:05:00,100.0,1782,7941,1,6,99.99,116,103.6,294.9
2026-05-24T11:05:05,99.9,1780,7941,0,7,99.99,97,101.8,294.9
2026-05-24T11:05:11,99.9,1774,7941,0,8,99.99,104,104.9,294.9
2026-05-24T11:05:16,100.0,1774,7941,0,6,99.99,131,103.9,294.9
2026-05-24T11:05:21,100.0,1769,7941,0,4,99.99,105,105.1,294.9
2026-05-24T11:05:27,99.9,1767,7941,0,4,99.99,117,103.0,294.9
2026-05-24T11:05:32,100.0,1772,7941,0,4,99.99,111,105.3,294.9
2026-05-24T11:05:37,99.8,1771,7941,0,5,99.99,106,102.6,294.9
2026-05-24T11:05:43,99.9,1779,7941,0,6,99.99,107,103.6,294.9
2026-05-24T11:05:48,99.8,1781,7941,0,8,99.99,104,101.6,294.9
2026-05-24T11:05:53,99.9,1785,7941,0,7,99.99,80,102.5,294.9
2026-05-24T11:05:59,100.0,1775,7941,0,7,99.99,124,102.2,294.9
2026-05-24T11:06:04,100.0,1770,7941,0,4,99.99,117,104.8,294.9
2026-05-24T11:06:09,100.0,1770,7941,0,4,99.99,99,102.2,294.9
2026-05-24T11:06:15,100.0,1771,7941,0,4,99.99,113,102.7,294.9
2026-05-24T11:06:20,100.0,1770,7941,0,4,99.99,108,104.8,294.9
2026-05-24T11:06:25,100.0,1769,7941,0,4,99.99,108,104.7,294.9
2026-05-24T11:06:31,99.9,1779,7941,0,5,99.99,93,104.5,294.9
2026-05-24T11:06:36,99.9,1775,7941,0,6,99.99,103,103.0,294.9
2026-05-24T11:06:41,99.9,1773,7941,0,6,99.99,114,101.6,294.9
2026-05-24T11:06:47,100.0,1788,7941,0,6,99.99,116,102.0,294.9
2026-05-24T11:06:52,99.9,1767,7941,0,5,99.99,113,102.9,294.9
2026-05-24T11:06:57,100.0,1767,7941,0,5,99.99,102,103.2,294.9
2026-05-24T11:07:02,100.0,1768,7941,0,5,99.99,108,101.2,294.9
2026-05-24T11:07:08,100.0,1772,7941,0,5,99.99,99,103.8,294.9
2026-05-24T11:07:13,99.9,1773,7941,0,5,99.99,115,102.6,294.9
2026-05-24T11:07:18,100.0,1779,7941,0,5,99.99,109,103.9,294.9
2026-05-24T11:07:24,99.9,1773,7941,0,5,99.99,110,102.6,294.9
2026-05-24T11:07:29,100.0,1774,7941,0,5,99.99,109,104.5,294.9
2026-05-24T11:07:35,100.0,1771,7941,0,5,99.99,107,103.5,294.9
2026-05-24T11:07:40,100.0,1771,7941,0,5,99.99,110,104.2,294.9
2026-05-24T11:07:45,99.9,1766,7941,1,4,99.99,104,105.0,294.9
2026-05-24T11:07:51,100.0,1768,7941,0,4,99.99,96,103.0,294.9
2026-05-24T11:07:56,99.9,1763,7941,0,5,99.99,117,104.5,294.9
2026-05-24T11:08:01,100.0,1763,7941,0,4,99.99,118,104.1,294.9
2026-05-24T11:08:07,99.9,1769,7941,1,4,99.99,97,105.0,294.9
2026-05-24T11:08:12,100.0,1776,7941,0,5,99.99,106,103.8,294.9
2026-05-24T11:08:18,100.0,1762,7941,0,6,99.99,106,104.7,294.9
2026-05-24T11:08:23,100.0,1766,7941,0,7,99.99,100,104.0,294.9
2026-05-24T11:08:28,99.9,1768,7941,0,6,99.99,132,102.4,294.9
2026-05-24T11:08:34,100.0,1767,7941,0,5,99.99,98,104.2,294.9
2026-05-24T11:08:39,100.0,1764,7941,0,5,99.99,96,102.7,294.9
2026-05-24T11:08:44,99.9,1762,7941,0,5,99.99,110,103.1,294.9
2026-05-24T11:08:50,100.0,1764,7941,0,5,99.99,106,103.6,294.9
2026-05-24T11:08:55,99.9,1763,7941,0,5,99.99,114,102.5,294.9
2026-05-24T11:09:00,100.0,1764,7941,0,4,99.99,107,103.2,294.9
2026-05-24T11:09:06,99.9,1763,7941,0,5,99.99,88,101.6,294.9
2026-05-24T11:09:11,100.0,1763,7941,0,5,99.99,106,104.0,294.9
2026-05-24T11:09:16,100.0,1761,7941,0,4,99.99,108,104.1,294.9
2026-05-24T11:09:22,100.0,1771,7941,0,5,99.99,107,104.4,294.9
2026-05-24T11:09:27,99.9,1774,7941,0,6,99.99,108,104.7,294.9
2026-05-24T11:09:32,99.9,1768,7941,0,6,99.99,96,103.5,294.9
2026-05-24T11:09:38,100.0,1772,7941,0,8,99.99,111,102.4,294.9
2026-05-24T11:09:43,99.9,1768,7941,0,8,99.99,110,103.4,294.9
2026-05-24T11:09:48,100.0,1769,7941,0,6,99.99,115,103.6,294.9
2026-05-24T11:09:54,99.9,1761,7941,0,5,99.99,117,103.4,294.9
2026-05-24T11:09:59,100.0,1767,7941,0,5,99.99,107,104.4,294.9
2026-05-24T11:10:04,99.6,1763,7941,0,5,99.99,95,101.6,294.9
2026-05-24T11:10:10,100.0,1765,7941,0,5,99.99,84,104.2,294.9
2026-05-24T11:10:15,100.0,1769,7941,0,5,99.99,125,104.5,294.9
2026-05-24T11:10:21,100.0,1772,7941,2,3,99.99,94,106.2,294.9
2026-05-24T11:10:26,100.0,1780,7941,0,7,99.99,102,105.8,294.9
2026-05-24T11:10:32,100.0,1769,7941,0,6,99.99,109,102.8,294.9
2026-05-24T11:10:37,100.0,1763,7941,0,5,99.99,117,102.5,294.9
2026-05-24T11:10:42,100.0,1765,7941,0,5,99.99,100,103.5,294.9
2026-05-24T11:10:48,100.0,1765,7941,0,5,99.99,112,103.2,294.9
2026-05-24T11:10:53,100.0,1769,7941,0,5,99.99,114,102.6,294.9
2026-05-24T11:10:58,100.0,1764,7941,0,2,99.99,105,105.2,294.9
2026-05-24T11:11:04,99.9,1765,7941,0,5,99.99,110,103.9,294.9
2026-05-24T11:11:09,100.0,1769,7941,0,4,99.99,109,104.8,294.9
2026-05-24T11:11:14,100.0,1775,7941,0,4,99.99,109,104.2,294.9
2026-05-24T11:11:20,100.0,1769,7941,0,6,99.99,101,104.4,294.9
2026-05-24T11:11:25,100.0,1772,7941,0,5,99.99,110,104.9,294.9
2026-05-24T11:11:31,100.0,1769,7941,1,6,99.99,92,104.9,294.9
2026-05-24T11:11:36,100.0,1769,7941,0,6,99.99,123,103.3,294.9
2026-05-24T11:11:42,100.0,1774,7941,0,5,99.99,93,106.0,294.9
2026-05-24T11:11:47,100.0,1771,7941,0,5,99.99,107,105.2,294.9
2026-05-24T11:11:52,100.0,1768,7941,0,5,99.99,101,104.0,294.9
2026-05-24T11:11:58,100.0,1764,7941,0,4,99.99,106,103.8,294.9
2026-05-24T11:12:03,99.9,1766,7941,0,4,99.99,107,101.4,294.9
2026-05-24T11:12:08,100.0,1770,7941,0,4,99.99,119,104.2,294.9
2026-05-24T11:12:14,100.0,1770,7941,0,4,99.99,102,103.0,294.9
2026-05-24T11:12:19,99.9,1769,7941,0,5,99.99,109,101.6,294.9
2026-05-24T11:12:24,100.0,1769,7941,1,6,99.99,89,102.3,294.9
2026-05-24T11:12:30,99.8,1772,7941,0,8,99.99,103,102.8,294.9
2026-05-24T11:12:35,100.0,1765,7941,0,7,99.99,120,104.5,294.9
2026-05-24T11:12:40,99.9,1762,7941,0,5,99.99,114,104.3,294.9
2026-05-24T11:12:46,100.0,1768,7941,0,5,99.99,123,105.1,294.9
2026-05-24T11:12:51,99.9,1769,7941,0,5,99.99,82,103.8,294.9
2026-05-24T11:12:56,100.0,1768,7941,0,5,99.99,114,102.4,294.9
2026-05-24T11:13:02,99.9,1770,7941,0,4,99.99,102,103.2,294.9
2026-05-24T11:13:07,100.0,1772,7941,0,5,99.99,114,104.5,294.9
2026-05-24T11:13:13,100.0,1774,7941,0,5,99.99,106,104.6,294.9
2026-05-24T11:13:18,99.9,1762,7941,0,5,99.99,89,103.3,294.9
2026-05-24T11:13:23,100.0,1771,7941,0,6,99.99,103,105.3,294.9
2026-05-24T11:13:29,99.9,1774,7941,0,7,99.99,98,103.8,294.9
2026-05-24T11:13:34,99.8,1772,7941,0,6,99.99,121,101.4,294.9
2026-05-24T11:13:40,100.0,1772,7941,0,5,99.99,107,104.9,294.9
2026-05-24T11:13:45,99.9,1767,7941,0,5,99.99,105,103.5,294.9
2026-05-24T11:13:50,100.0,1765,7941,0,5,99.99,112,104.0,294.9
2026-05-24T11:13:56,100.0,1768,7941,0,5,99.99,103,103.6,294.9
2026-05-24T11:14:01,100.0,1766,7941,0,5,99.99,121,104.2,294.9
2026-05-24T11:14:06,100.0,1761,7941,0,5,99.99,107,105.0,294.9
2026-05-24T11:14:12,100.0,1765,7941,0,5,99.99,102,104.7,294.9
2026-05-24T11:14:17,99.9,1765,7941,0,5,99.99,123,103.1,294.9
2026-05-24T11:14:22,99.9,1759,7941,0,4,99.99,102,102.4,294.9
2026-05-24T11:14:28,100.0,1768,7941,0,4,99.99,108,103.8,294.9
2026-05-24T11:14:33,100.0,1773,7941,0,4,99.99,104,105.2,294.9
2026-05-24T11:14:39,100.0,1771,7941,0,6,99.99,91,104.4,294.9
2026-05-24T11:14:44,99.8,1773,7941,0,8,99.99,101,103.2,294.9
2026-05-24T11:14:49,99.9,1775,7941,2,7,99.99,121,102.7,294.9
2026-05-24T11:14:55,100.0,1765,7941,0,7,99.99,107,104.0,294.9
2026-05-24T11:15:00,99.9,1765,7941,0,6,99.99,103,103.0,294.9
2026-05-24T11:15:05,99.7,1761,7941,0,5,99.99,90,101.6,294.9
2026-05-24T11:15:11,99.8,1768,7941,0,5,99.99,90,105.2,294.9
2026-05-24T11:15:16,99.9,1763,7941,0,5,99.99,116,103.0,294.9
2026-05-24T11:15:22,100.0,1765,7941,0,5,99.99,88,102.3,294.9
2026-05-24T11:15:27,100.0,1767,7941,0,6,99.99,112,104.5,294.9
2026-05-24T11:15:32,99.9,1767,7941,0,6,99.99,88,104.9,294.9
2026-05-24T11:15:38,99.9,1761,7941,0,5,99.99,115,104.2,294.9
2026-05-24T11:15:43,100.0,1770,7941,0,7,99.99,93,103.6,294.9
2026-05-24T11:15:48,99.7,1765,7941,0,6,99.99,106,101.3,294.9
2026-05-24T11:15:54,99.9,1767,7941,0,7,99.99,125,104.2,294.9
2026-05-24T11:15:59,99.9,1759,7941,0,4,99.99,98,104.4,294.9
2026-05-24T11:16:05,100.0,1759,7941,0,5,99.99,113,102.5,294.9
2026-05-24T11:16:10,100.0,1761,7941,0,5,99.99,111,103.3,294.9
2026-05-24T11:16:15,100.0,1765,7941,0,4,99.99,110,104.0,294.9
2026-05-24T11:16:21,99.9,1770,7941,0,5,99.99,98,104.2,294.9
2026-05-24T11:16:26,100.0,1770,7941,0,4,99.99,117,103.8,294.9
2026-05-24T11:16:31,100.0,1765,7941,0,4,99.99,99,102.8,294.9
2026-05-24T11:16:37,100.0,1770,7941,0,4,99.99,101,103.9,294.9
2026-05-24T11:16:42,100.0,1764,7941,0,6,99.99,90,102.4,294.9
2026-05-24T11:16:47,99.9,1776,7941,1,7,99.99,94,102.0,294.9
2026-05-24T11:16:53,99.9,1772,7941,0,8,99.99,97,102.8,294.9
2026-05-24T11:16:58,100.0,1769,7941,0,7,99.99,130,104.0,294.9
2026-05-24T11:17:03,99.9,1760,7941,0,4,99.99,120,104.0,294.9
2026-05-24T11:17:09,99.8,1770,7941,0,4,99.99,87,104.5,294.9
2026-05-24T11:17:14,99.9,1764,7941,0,4,99.99,112,103.0,294.9
2026-05-24T11:17:20,100.0,1766,7941,0,4,99.99,109,104.1,294.9
2026-05-24T11:17:25,99.9,1773,7941,0,6,99.99,102,103.6,294.9
2026-05-24T11:17:30,99.9,1772,7941,0,8,99.99,97,103.8,294.9
2026-05-24T11:17:36,100.0,1772,7941,0,8,99.99,109,102.2,294.9
2026-05-24T11:17:41,100.0,1767,7941,1,6,99.99,121,105.8,294.9
2026-05-24T11:17:47,100.0,1775,7941,1,5,99.99,103,103.2,294.9
2026-05-24T11:17:52,99.9,1773,7941,0,5,99.99,87,103.0,294.9
2026-05-24T11:17:57,100.0,1765,7941,1,4,99.99,114,103.9,294.9
2026-05-24T11:18:03,99.9,1765,7941,0,5,99.99,108,104.0,294.9
2026-05-24T11:18:08,99.9,1765,7941,0,4,99.99,100,105.3,294.9
2026-05-24T11:18:14,99.9,1766,7941,0,5,99.99,113,103.0,294.9
2026-05-24T11:18:19,100.0,1765,7941,0,5,99.99,111,105.3,294.9
2026-05-24T11:18:24,100.0,1768,7941,0,5,99.99,102,103.0,294.9
2026-05-24T11:18:30,100.0,1767,7941,0,5,99.99,91,103.2,294.9
2026-05-24T11:18:35,100.0,1768,7941,0,5,99.99,118,104.9,294.9
2026-05-24T11:18:41,100.0,1764,7941,0,5,99.99,102,104.2,294.9
2026-05-24T11:18:46,99.9,1770,7941,0,4,99.99,123,104.0,294.9
2026-05-24T11:18:51,100.0,1771,7941,0,5,99.99,93,105.5,294.9
2026-05-24T11:18:57,100.0,1766,7941,0,5,99.99,111,104.4,294.9
2026-05-24T11:19:02,100.0,1766,7941,0,5,99.99,110,105.4,294.9
2026-05-24T11:19:08,99.9,1764,7941,0,5,99.99,103,104.5,294.9
2026-05-24T11:19:13,100.0,1771,7941,0,5,99.99,98,104.5,294.9
2026-05-24T11:19:18,99.9,1766,7941,0,5,99.99,111,101.3,294.9
2026-05-24T11:19:24,99.9,1769,7941,0,6,99.99,110,105.3,294.9
2026-05-24T11:19:29,99.9,1771,7941,0,6,99.99,104,102.6,294.9
2026-05-24T11:19:34,99.9,1770,7941,0,5,99.99,111,102.5,294.9
2026-05-24T11:19:40,100.0,1760,7941,0,4,99.99,96,104.1,294.9
2026-05-24T11:19:45,99.9,1762,7941,0,4,99.99,106,102.4,294.9
2026-05-24T11:19:51,99.9,1769,7941,0,4,99.99,100,103.3,294.9
2026-05-24T11:19:56,100.0,1769,7941,0,4,99.99,105,103.6,294.9
2026-05-24T11:20:01,100.0,1767,7941,2,3,99.99,114,102.8,294.9
2026-05-24T11:20:07,99.7,1773,7941,0,5,99.99,89,104.8,294.9
2026-05-24T11:20:12,99.9,1772,7941,0,7,99.99,79,105.2,294.9
2026-05-24T11:20:18,99.8,1770,7941,0,6,99.99,101,102.4,294.9
2026-05-24T11:20:23,99.8,1773,7941,0,7,99.99,104,103.6,294.9
2026-05-24T11:20:28,99.9,1769,7941,0,6,99.99,105,102.8,294.9
2026-05-24T11:20:34,100.0,1767,7941,0,5,99.99,113,103.3,294.9
2026-05-24T11:20:39,100.0,1772,7941,0,5,99.99,119,105.8,294.9
2026-05-24T11:20:45,99.9,1762,7941,0,5,99.99,94,105.2,294.9
2026-05-24T11:20:50,100.0,1771,7941,0,5,99.99,95,103.7,294.9
2026-05-24T11:20:55,99.9,1769,7941,0,5,99.99,110,102.5,294.9
2026-05-24T11:21:01,100.0,1760,7941,0,4,99.99,126,105.5,294.9
2026-05-24T11:21:06,100.0,1765,7941,0,4,99.99,96,105.4,294.9
2026-05-24T11:21:12,99.9,1765,7941,0,4,99.99,87,105.8,294.9
2026-05-24T11:21:17,100.0,1770,7941,0,4,99.99,110,102.2,294.9
2026-05-24T11:21:23,99.9,1769,7941,0,6,99.99,84,104.2,294.9
2026-05-24T11:21:28,99.9,1774,7941,0,8,99.99,103,102.0,294.9
2026-05-24T11:21:33,100.0,1773,7941,0,8,99.99,99,104.4,294.9
2026-05-24T11:21:39,99.9,1768,7941,0,6,99.99,117,100.4,294.9
2026-05-24T11:21:44,100.0,1767,7941,0,5,99.99,121,104.5,294.9
2026-05-24T11:21:49,100.0,1769,7941,0,5,99.99,112,105.8,294.9
2026-05-24T11:21:55,99.9,1760,7941,1,4,99.99,107,102.2,294.9
2026-05-24T11:22:00,99.9,1765,7941,0,4,99.99,99,105.2,294.9
2026-05-24T11:22:06,99.9,1766,7941,0,6,99.99,118,103.2,294.9
2026-05-24T11:22:11,99.9,1766,7941,0,6,99.99,88,103.8,294.9
2026-05-24T11:22:16,100.0,1778,7941,0,5,99.99,109,103.6,294.9
2026-05-24T11:22:22,99.7,1770,7941,0,5,99.99,112,102.7,294.9
2026-05-24T11:22:27,100.0,1767,7941,0,5,99.99,104,104.0,294.9
2026-05-24T11:22:33,99.9,1766,7941,0,5,99.99,95,104.4,294.9
2026-05-24T11:22:38,99.8,1767,7941,0,5,99.99,119,102.8,294.9
2026-05-24T11:22:43,100.0,1768,7941,2,4,99.99,93,104.7,294.9
2026-05-24T11:22:49,100.0,1766,7941,0,6,99.99,98,102.0,294.9
2026-05-24T11:22:54,99.9,1759,7941,0,5,99.99,142,103.4,294.9
2026-05-24T11:22:59,100.0,1763,7941,0,5,99.99,99,104.8,294.9
2026-05-24T11:23:05,99.8,1766,7941,2,3,99.99,99,105.2,294.9
2026-05-24T11:23:10,99.8,1767,7941,0,5,99.99,87,104.7,294.9
2026-05-24T11:23:16,99.7,1764,7941,0,5,99.99,117,102.4,294.9
2026-05-24T11:23:21,99.9,1762,7941,2,3,99.99,111,104.1,294.9
2026-05-24T11:23:26,100.0,1766,7941,0,5,99.99,115,104.5,294.9
2026-05-24T11:23:32,99.9,1766,7941,0,5,99.99,83,104.2,294.9
2026-05-24T11:23:37,100.0,1762,7941,0,5,99.99,117,102.9,294.9
2026-05-24T11:23:43,99.9,1766,7941,0,5,99.99,95,105.6,294.9
2026-05-24T11:23:48,99.9,1772,7941,0,5,99.99,122,104.7,294.9
2026-05-24T11:23:53,99.9,1768,7941,0,5,99.99,104,103.8,294.9
2026-05-24T11:23:59,99.9,1767,7941,0,5,99.99,112,104.8,294.9
2026-05-24T11:24:04,99.9,1774,7941,0,5,99.99,106,102.4,294.9
2026-05-24T11:24:10,99.9,1781,7941,0,5,99.99,99,105.2,294.9
2026-05-24T11:24:15,100.0,1784,7941,0,5,99.99,114,103.6,294.9
2026-05-24T11:24:20,100.0,1819,7941,0,6,99.99,98,98.5,294.9
2026-05-24T11:24:26,99.8,1825,7941,0,6,99.99,77,80.1,294.9
2026-05-24T11:24:31,100.0,1819,7941,0,6,99.99,94,103.2,294.9
2026-05-24T11:24:36,99.9,1825,7941,0,7,99.99,99,101.2,294.9
2026-05-24T11:24:42,99.9,1843,7941,1,5,99.99,119,102.8,294.9
2026-05-24T11:24:47,100.0,1843,7941,0,6,99.99,104,101.3,294.9
2026-05-24T11:24:53,100.0,1848,7941,0,6,99.99,102,102.3,294.9
2026-05-24T11:24:58,100.0,1857,7941,0,5,99.99,110,102.0,294.9
2026-05-24T11:25:03,99.8,1877,7941,0,5,99.99,92,98.6,294.9
2026-05-24T11:25:09,99.8,1880,7941,0,5,99.99,95,103.6,294.9
2026-05-24T11:25:14,100.0,1872,7941,0,5,99.99,102,101.6,294.9
2026-05-24T11:25:19,100.0,1871,7941,0,5,99.99,108,102.2,294.9
2026-05-24T11:25:25,99.9,1872,7941,0,5,99.99,103,102.7,294.9
2026-05-24T11:25:30,100.0,1873,7941,0,5,99.99,95,104.0,294.9
2026-05-24T11:25:36,99.9,1878,7941,0,6,99.99,114,102.2,294.9
2026-05-24T11:25:41,100.0,1886,7941,0,5,99.99,100,103.0,294.9
2026-05-24T11:25:46,99.9,1885,7941,0,5,99.99,105,102.0,294.9
2026-05-24T11:25:52,99.9,1888,7941,0,4,99.99,91,102.3,294.9
2026-05-24T11:25:57,99.9,1887,7941,0,5,99.99,105,103.2,294.9
2026-05-24T11:26:02,99.8,1897,7941,0,5,99.99,100,89.7,294.9
2026-05-24T11:26:08,99.9,1851,7941,0,5,99.99,99,103.3,294.9
2026-05-24T11:26:13,100.0,1833,7941,0,5,99.99,96,103.1,294.9
2026-05-24T11:26:19,99.9,1828,7941,0,5,99.99,112,101.6,294.9
2026-05-24T11:26:24,99.9,1822,7941,0,6,99.99,91,102.1,294.9
2026-05-24T11:26:29,99.9,1795,7941,0,7,99.99,108,101.8,294.9
2026-05-24T11:26:35,99.9,1772,7941,0,5,99.99,122,102.8,294.9
2026-05-24T11:26:40,100.0,1779,7941,0,5,99.99,91,103.6,294.9
2026-05-24T11:26:45,99.9,1771,7941,1,4,99.99,111,104.5,294.9
2026-05-24T11:26:51,99.9,1778,7941,0,3,99.99,112,103.2,294.9
2026-05-24T11:26:56,100.0,1778,7941,0,4,99.99,95,104.2,294.9
2026-05-24T11:27:02,100.0,1775,7941,0,4,99.99,112,104.6,294.9
2026-05-24T11:27:07,99.9,1784,7941,0,4,99.99,97,105.2,294.9
2026-05-24T11:27:12,100.0,1783,7941,0,6,99.99,94,104.0,294.9
2026-05-24T11:27:18,99.9,1788,7941,0,7,99.99,117,102.4,294.9
2026-05-24T11:27:23,99.9,1784,7941,0,6,99.99,102,105.2,294.9
2026-05-24T11:27:29,100.0,1777,7941,0,5,99.99,96,103.8,294.9
2026-05-24T11:27:34,99.9,1784,7941,0,5,99.99,111,102.0,294.9
2026-05-24T11:27:39,99.9,1789,7941,0,5,99.99,123,103.0,294.9
2026-05-24T11:27:45,99.9,1787,7941,0,5,99.99,81,103.6,294.9
2026-05-24T11:27:50,99.9,1791,7941,0,6,99.99,107,104.0,294.9
2026-05-24T11:27:56,100.0,1779,7941,0,6,99.99,116,105.1,294.9
2026-05-24T11:28:01,100.0,1794,7941,0,8,99.99,100,105.2,294.9
2026-05-24T11:28:06,100.0,1775,7941,0,5,99.99,120,104.8,294.9
2026-05-24T11:28:12,100.0,1784,7941,0,5,99.99,109,103.5,294.9
2026-05-24T11:28:17,100.0,1781,7941,0,5,99.99,114,105.2,294.9
2026-05-24T11:28:22,100.0,1785,7941,0,5,99.99,111,103.8,294.9
2026-05-24T11:28:28,100.0,1782,7941,0,5,99.99,109,101.6,294.9
2026-05-24T11:28:33,100.0,1779,7941,0,5,99.99,110,103.5,294.9
2026-05-24T11:28:38,100.0,1780,7941,0,5,99.99,113,104.4,294.9
2026-05-24T11:28:44,100.0,1786,7941,1,4,99.99,102,105.7,294.9
2026-05-24T11:28:49,100.0,1793,7941,0,6,99.99,100,101.2,294.9
2026-05-24T11:28:54,100.0,1786,7941,0,6,99.99,116,102.4,294.9
2026-05-24T11:29:00,100.0,1785,7941,0,5,99.99,99,104.3,294.9
2026-05-24T11:29:05,99.9,1782,7941,0,6,99.99,119,102.3,294.9
2026-05-24T11:29:10,100.0,1792,7941,1,5,99.99,107,104.0,294.9
2026-05-24T11:29:16,100.0,1788,7941,0,5,99.99,113,104.4,294.9
2026-05-24T11:29:21,99.9,1780,7941,0,5,99.99,108,101.8,294.9
2026-05-24T11:29:26,99.9,1786,7941,0,4,99.99,111,103.0,294.9
2026-05-24T11:29:32,100.0,1786,7941,0,4,99.99,106,102.2,294.9
2026-05-24T11:29:37,100.0,1783,7941,0,4,99.99,114,103.4,294.9
2026-05-24T11:29:42,99.9,1782,7941,0,5,99.99,106,103.2,294.9
2026-05-24T11:29:48,99.9,1776,7941,0,6,99.99,110,102.7,294.9
2026-05-24T11:29:53,99.9,1775,7941,0,6,99.99,114,102.9,294.9
2026-05-24T11:29:58,100.0,1777,7941,0,6,99.99,103,103.4,294.9
2026-05-24T11:30:03,99.4,1781,7941,0,6,99.99,99,100.4,294.9
2026-05-24T11:30:09,99.9,1777,7941,0,5,99.99,92,105.9,294.9
2026-05-24T11:30:14,100.0,1779,7941,0,5,99.99,110,103.2,294.9
2026-05-24T11:30:20,99.9,1774,7941,0,5,99.99,96,102.8,294.9
2026-05-24T11:30:25,100.0,1779,7941,0,6,99.99,113,104.0,294.9
2026-05-24T11:30:30,100.0,1776,7941,0,5,99.99,112,104.4,294.9
2026-05-24T11:30:36,100.0,1782,7941,0,5,99.99,94,104.2,294.9
2026-05-24T11:30:41,100.0,1771,7941,0,4,99.99,117,102.8,294.9
2026-05-24T11:30:47,99.9,1774,7941,0,3,99.99,110,104.7,294.9
2026-05-24T11:30:52,100.0,1784,7941,0,3,99.99,101,103.7,294.9
2026-05-24T11:30:57,100.0,1790,7941,0,3,99.99,107,105.0,294.9
2026-05-24T11:31:03,99.9,1777,7941,0,6,99.99,103,103.0,294.9
2026-05-24T11:31:08,100.0,1779,7941,0,6,99.99,102,101.4,294.9
2026-05-24T11:31:13,99.9,1775,7941,1,5,99.99,104,103.1,294.9
2026-05-24T11:31:18,100.0,1771,7941,0,4,99.99,126,103.0,294.9
2026-05-24T11:31:24,100.0,1778,7941,0,4,99.99,113,103.2,294.9
2026-05-24T11:31:29,99.9,1776,7941,0,4,99.99,102,102.2,294.9
2026-05-24T11:31:34,100.0,1782,7941,0,4,99.99,114,102.0,294.9
2026-05-24T11:31:40,100.0,1782,7941,0,7,99.99,101,102.5,294.9
2026-05-24T11:31:45,100.0,1794,7941,0,8,99.99,122,103.2,294.9
2026-05-24T11:31:50,100.0,1786,7941,0,8,99.99,105,104.7,294.9
2026-05-24T11:31:56,100.0,1775,7941,0,5,99.99,112,105.1,294.9
2026-05-24T11:32:01,100.0,1777,7941,0,5,99.99,110,104.2,294.9
2026-05-24T11:32:07,100.0,1781,7941,0,4,99.99,95,106.3,294.9
2026-05-24T11:32:12,100.0,1778,7941,0,4,99.99,105,103.8,294.9
2026-05-24T11:32:17,99.9,1779,7941,0,4,99.99,121,102.9,294.9
2026-05-24T11:32:23,100.0,1779,7941,0,5,99.99,102,103.9,294.9
2026-05-24T11:32:28,100.0,1778,7941,0,5,99.99,112,104.2,294.9
2026-05-24T11:32:33,100.0,1777,7941,0,4,99.99,110,102.8,294.9
2026-05-24T11:32:39,100.0,1776,7941,0,4,99.99,109,104.4,294.7
2026-05-24T11:32:44,100.0,1773,7941,0,4,99.99,111,103.5,294.7
2026-05-24T11:32:50,100.0,1781,7941,0,6,99.99,94,104.6,294.8
2026-05-24T11:32:55,99.9,1786,7941,0,8,99.99,103,102.2,294.8
2026-05-24T11:33:00,99.9,1782,7941,0,8,99.99,122,105.8,294.8
2026-05-24T11:33:06,99.9,1778,7941,0,5,99.99,99,103.0,294.8
2026-05-24T11:33:11,99.9,1779,7941,0,5,99.99,107,104.2,294.8
2026-05-24T11:33:16,100.0,1785,7941,0,5,99.99,107,104.2,294.8
2026-05-24T11:33:22,100.0,1777,7941,0,4,99.99,113,104.8,294.8
2026-05-24T11:33:27,99.9,1778,7941,0,5,99.99,120,103.6,294.8
2026-05-24T11:33:33,100.0,1775,7941,0,5,99.99,94,104.6,294.8
2026-05-24T11:33:38,100.0,1780,7941,0,5,99.99,99,103.4,294.8
2026-05-24T11:33:43,100.0,1758,7941,0,5,99.99,141,104.4,294.8
2026-05-24T11:33:49,100.0,1754,7941,0,5,99.99,99,103.7,294.8
2026-05-24T11:33:54,100.0,1755,7941,0,5,99.99,99,102.8,294.8
2026-05-24T11:33:59,99.8,1763,7941,0,5,99.99,124,102.6,294.8
2026-05-24T11:34:05,100.0,1755,7941,0,5,99.99,105,101.8,294.8
2026-05-24T11:34:10,100.0,1760,7941,0,5,99.99,108,102.4,294.8
2026-05-24T11:34:15,100.0,1761,7941,0,4,99.99,105,103.7,294.8
2026-05-24T11:34:21,100.0,1760,7941,0,5,99.99,106,103.8,294.8
2026-05-24T11:34:26,100.0,1761,7941,0,5,99.99,118,105.2,294.8
2026-05-24T11:34:31,100.0,1763,7941,0,5,99.99,111,103.0,294.8
2026-05-24T11:34:37,99.8,1753,7941,0,5,99.99,109,102.2,294.8
2026-05-24T11:34:42,99.9,1757,7941,1,4,99.99,115,104.2,294.8
2026-05-24T11:34:47,100.0,1765,7941,0,5,99.99,110,103.9,294.8
2026-05-24T11:34:53,99.9,1764,7941,0,5,99.99,106,103.2,294.8
2026-05-24T11:34:58,100.0,1755,7941,0,4,99.99,112,104.2,294.8
2026-05-24T11:35:03,99.9,1759,7941,0,5,99.99,104,103.3,294.8
2026-05-24T11:35:09,99.9,1751,7941,0,5,99.99,100,104.5,294.8
2026-05-24T11:35:14,100.0,1757,7941,0,5,99.99,114,104.3,294.8
2026-05-24T11:35:20,100.0,1765,7941,0,5,99.99,100,105.8,294.8
2026-05-24T11:35:25,99.9,1757,7941,0,5,99.99,113,103.1,294.8
2026-05-24T11:35:30,100.0,1761,7941,0,4,99.99,113,104.9,294.8
2026-05-24T11:35:36,100.0,1761,7941,0,4,99.99,105,105.6,294.8
2026-05-24T11:35:41,99.9,1766,7941,0,4,99.99,106,102.8,294.8
2026-05-24T11:35:47,100.0,1770,7941,1,3,99.99,117,104.3,294.8
2026-05-24T11:35:52,100.0,1773,7941,0,7,99.99,93,103.1,294.8
2026-05-24T11:35:57,100.0,1774,7941,0,8,99.99,97,104.8,294.8
2026-05-24T11:36:03,100.0,1761,7941,0,5,99.99,131,103.2,294.8
2026-05-24T11:36:08,99.9,1762,7941,0,6,99.99,112,103.6,294.8
2026-05-24T11:36:13,99.9,1767,7941,0,5,99.99,103,106.0,294.8
2026-05-24T11:36:19,100.0,1772,7941,0,4,99.99,121,104.0,294.8
2026-05-24T11:36:24,100.0,1779,7941,0,4,99.99,105,104.4,294.8
2026-05-24T11:36:30,100.0,1784,7941,0,4,99.99,101,104.2,294.8
2026-05-24T11:36:35,100.0,1778,7941,0,4,99.99,115,104.4,294.8
2026-05-24T11:36:40,99.9,1779,7941,0,5,99.99,95,102.1,294.8
2026-05-24T11:36:46,100.0,1781,7941,0,7,99.99,116,102.1,294.8
2026-05-24T11:36:51,99.9,1788,7941,0,9,99.99,99,104.6,294.8
2026-05-24T11:36:56,100.0,1785,7941,0,8,99.99,121,104.6,294.8
2026-05-24T11:37:02,99.9,1776,7941,0,6,99.99,109,102.9,294.8
2026-05-24T11:37:07,99.9,1771,7941,0,5,99.99,110,103.2,294.8
2026-05-24T11:37:12,99.9,1771,7941,0,5,99.99,106,102.5,294.8
2026-05-24T11:37:18,100.0,1776,7941,0,5,99.99,97,104.2,294.8
2026-05-24T11:37:23,100.0,1784,7941,0,3,99.99,106,105.7,294.8
2026-05-24T11:37:29,100.0,1779,7941,1,3,99.99,108,102.5,294.8
2026-05-24T11:37:34,99.9,1787,7941,0,4,99.99,115,102.3,294.8
2026-05-24T11:37:39,99.7,1787,7941,0,4,99.99,108,101.8,294.8
2026-05-24T11:37:44,100.0,1784,7941,0,5,99.99,106,103.5,294.8
2026-05-24T11:37:50,100.0,1786,7941,0,7,99.99,108,103.2,294.8
2026-05-24T11:37:55,99.9,1792,7941,0,8,99.99,85,102.8,294.8
2026-05-24T11:38:00,100.0,1782,7941,0,8,99.99,99,102.9,294.8
2026-05-24T11:38:06,99.9,1777,7941,0,5,99.99,122,103.2,294.7
2026-05-24T11:38:11,100.0,1780,7941,0,3,99.99,105,104.0,294.8
2026-05-24T11:38:17,100.0,1780,7941,0,3,99.99,106,103.6,294.8
2026-05-24T11:38:22,100.0,1778,7941,1,3,99.99,106,104.2,294.8
2026-05-24T11:38:27,100.0,1779,7941,0,3,99.99,105,105.4,294.8
2026-05-24T11:38:33,100.0,1779,7941,0,5,99.99,110,104.2,294.8
2026-05-24T11:38:38,99.9,1785,7941,0,7,99.99,105,104.4,294.8
2026-05-24T11:38:44,99.9,1793,7941,0,9,99.99,90,105.8,294.8
2026-05-24T11:38:49,100.0,1783,7941,1,6,99.99,137,101.8,294.8
2026-05-24T11:38:54,100.0,1789,7941,0,7,99.99,110,103.8,294.8
2026-05-24T11:39:00,100.0,1780,7941,0,6,99.99,111,105.9,294.8
2026-05-24T11:39:05,99.9,1787,7941,0,6,99.99,92,102.8,294.8
2026-05-24T11:39:11,100.0,1791,7941,0,6,99.99,94,106.5,294.8
2026-05-24T11:39:16,99.9,1777,7941,1,5,99.99,112,101.8,294.8
2026-05-24T11:39:21,99.9,1780,7941,0,6,99.99,99,105.0,294.8
2026-05-24T11:39:27,100.0,1775,7941,0,4,99.99,118,102.4,294.8
2026-05-24T11:39:32,100.0,1780,7941,1,3,99.99,99,104.4,294.8
2026-05-24T11:39:37,100.0,1783,7941,0,4,99.99,109,103.7,294.8
2026-05-24T11:39:43,99.9,1783,7941,0,4,99.99,96,102.2,294.8
2026-05-24T11:39:48,100.0,1786,7941,0,3,99.99,108,104.5,294.8
2026-05-24T11:39:53,99.9,1781,7941,1,5,99.99,125,101.8,294.8
2026-05-24T11:39:59,100.0,1789,7941,0,8,99.99,96,104.2,294.8
2026-05-24T11:40:04,99.6,1788,7941,0,9,99.99,107,101.4,294.8
2026-05-24T11:40:10,100.0,1786,7941,1,7,99.99,92,108.3,294.8
2026-05-24T11:40:15,99.9,1781,7941,0,6,99.99,98,102.7,294.8
2026-05-24T11:40:21,99.9,1778,7941,1,4,99.99,94,105.0,294.8
2026-05-24T11:40:26,100.0,1779,7941,0,5,99.99,109,102.0,294.8
2026-05-24T11:40:31,99.9,1784,7941,0,5,99.99,101,103.1,294.8
2026-05-24T11:40:37,100.0,1788,7941,0,5,99.99,114,103.2,294.8
2026-05-24T11:40:42,99.9,1783,7941,0,5,99.99,91,103.5,294.8
2026-05-24T11:40:47,99.9,1786,7941,1,5,99.99,118,103.6,294.8
2026-05-24T11:40:53,100.0,1796,7941,0,5,99.99,98,103.6,294.8
2026-05-24T11:40:58,99.9,1789,7941,0,5,99.99,103,104.2,294.8
2026-05-24T11:41:04,100.0,1787,7941,0,5,99.99,103,103.1,294.8
2026-05-24T11:41:09,99.8,1787,7941,0,5,99.99,89,103.7,294.8
2026-05-24T11:41:14,99.9,1783,7941,0,6,99.99,104,104.0,294.8
2026-05-24T11:41:20,100.0,1790,7941,0,6,99.99,112,105.8,294.8
2026-05-24T11:41:25,99.9,1777,7941,0,5,99.99,101,102.8,294.8
2026-05-24T11:41:30,100.0,1777,7941,0,5,99.99,123,101.6,294.8
2026-05-24T11:41:36,100.0,1779,7941,0,4,99.99,103,109.0,294.8
2026-05-24T11:41:41,99.9,1772,7941,0,5,99.99,112,104.4,294.8
2026-05-24T11:41:47,99.9,1769,7941,0,5,99.99,109,102.8,294.8
2026-05-24T11:41:52,100.0,1757,7941,0,5,99.99,106,102.0,294.8
2026-05-24T11:41:58,100.0,1760,7941,0,5,99.99,99,104.0,294.8
2026-05-24T11:42:03,100.0,1766,7941,0,6,99.99,104,103.2,294.8
2026-05-24T11:42:08,100.0,1756,7941,0,5,99.99,104,104.4,294.8
2026-05-24T11:42:14,100.0,1763,7941,1,4,99.99,107,105.4,294.8
2026-05-24T11:42:19,99.9,1759,7941,0,5,99.99,101,101.8,294.8
2026-05-24T11:42:24,100.0,1762,7941,0,5,99.99,112,104.4,294.8
2026-05-24T11:42:30,99.9,1758,7941,0,5,99.99,89,103.0,294.8
2026-05-24T11:42:35,99.9,1762,7941,0,5,99.99,111,104.0,294.8
2026-05-24T11:42:41,99.9,1756,7941,0,5,99.99,110,104.4,294.8
2026-05-24T11:42:46,99.8,1758,7941,2,3,99.99,97,103.8,294.8
2026-05-24T11:42:51,99.9,1767,7941,0,5,99.99,109,103.8,294.8
2026-05-24T11:42:57,99.9,1763,7941,0,5,99.99,109,102.4,294.8
2026-05-24T11:43:02,100.0,1757,7941,0,5,99.99,98,102.7,294.8
2026-05-24T11:43:07,100.0,1760,7941,0,5,99.99,99,105.0,294.8
2026-05-24T11:43:13,99.9,1760,7941,0,6,99.99,97,104.8,294.8
2026-05-24T11:43:18,100.0,1755,7941,0,5,99.99,112,102.2,294.8
2026-05-24T11:43:24,100.0,1759,7941,0,5,99.99,121,104.0,294.8
2026-05-24T11:43:29,99.9,1759,7941,0,5,99.99,90,105.9,294.8
2026-05-24T11:43:34,99.8,1766,7941,0,5,99.99,119,101.8,294.8
2026-05-24T11:43:40,100.0,1771,7941,0,5,99.99,90,102.8,294.8
2026-05-24T11:43:45,100.0,1760,7941,0,4,99.99,119,103.6,294.8
2026-05-24T11:43:50,99.9,1771,7941,0,5,99.99,100,104.4,294.8
2026-05-24T11:43:56,100.0,1767,7941,0,5,99.99,120,103.9,294.8
2026-05-24T11:44:01,100.0,1763,7941,0,5,99.99,109,103.8,294.8
2026-05-24T11:44:07,99.9,1764,7941,0,5,99.99,93,104.2,294.8
2026-05-24T11:44:12,100.0,1761,7941,0,5,99.99,97,105.2,294.8
2026-05-24T11:44:18,100.0,1761,7941,0,5,99.99,108,104.3,294.8
2026-05-24T11:44:23,100.0,1762,7941,0,5,99.99,116,102.6,294.8
2026-05-24T11:44:28,100.0,1773,7941,0,5,99.99,97,105.2,294.8
2026-05-24T11:44:34,99.9,1780,7941,0,6,99.99,109,102.8,294.8
2026-05-24T11:44:39,100.0,1776,7941,0,6,99.99,104,105.6,294.8
2026-05-24T11:44:45,100.0,1772,7941,0,6,99.99,114,103.8,294.8
2026-05-24T11:44:50,99.9,1776,7941,0,5,99.99,105,106.0,294.8
2026-05-24T11:44:56,100.0,1780,7941,0,5,99.99,110,105.4,294.8
2026-05-24T11:45:01,100.0,1778,7941,0,4,99.99,109,104.7,294.8
2026-05-24T11:45:07,99.2,1779,7941,0,5,99.99,67,108.1,294.8
2026-05-24T11:45:12,100.0,1785,7941,0,5,99.99,91,106.1,294.8
2026-05-24T11:45:18,100.0,1789,7941,0,6,99.99,98,103.0,294.8
2026-05-24T11:45:23,99.9,1789,7941,0,6,99.99,117,102.6,294.8
2026-05-24T11:45:28,100.0,1786,7941,0,6,99.99,119,101.3,294.8
2026-05-24T11:45:34,100.0,1782,7941,0,6,99.99,108,103.0,294.8
2026-05-24T11:45:39,100.0,1775,7941,0,5,99.99,103,104.9,294.8
2026-05-24T11:45:44,100.0,1778,7941,1,4,99.99,101,103.0,294.8
2026-05-24T11:45:50,99.8,1776,7941,0,5,99.99,118,103.8,294.8
2026-05-24T11:45:55,99.9,1774,7941,0,5,99.99,115,101.8,294.8
2026-05-24T11:46:00,100.0,1778,7941,0,5,99.99,94,104.0,294.8
2026-05-24T11:46:06,99.9,1785,7941,0,5,99.99,99,103.8,294.8
2026-05-24T11:46:11,100.0,1783,7941,0,5,99.99,99,104.6,294.8
2026-05-24T11:46:17,99.9,1781,7941,0,5,99.99,117,104.4,294.8
2026-05-24T11:46:22,100.0,1778,7941,0,5,99.99,107,104.0,294.8
2026-05-24T11:46:27,99.9,1779,7941,0,5,99.99,101,103.0,294.8
2026-05-24T11:46:33,99.9,1779,7941,0,5,99.99,107,102.6,294.8
2026-05-24T11:46:38,100.0,1778,7941,0,6,99.99,86,104.7,294.8
2026-05-24T11:46:44,100.0,1777,7941,0,5,99.99,114,102.8,294.8
2026-05-24T11:46:49,99.9,1785,7941,0,5,99.99,99,103.4,294.8
2026-05-24T11:46:54,100.0,1782,7941,0,5,99.99,114,102.5,294.8
2026-05-24T11:47:00,100.0,1781,7941,0,5,99.99,101,104.8,294.8
2026-05-24T11:47:05,99.9,1783,7941,0,5,99.99,110,101.1,294.8
2026-05-24T11:47:10,99.8,1778,7941,0,3,99.99,106,104.0,294.8
2026-05-24T11:47:16,100.0,1781,7941,0,5,99.99,105,105.0,294.8
2026-05-24T11:47:21,99.9,1782,7941,0,6,99.99,91,102.6,294.8
2026-05-24T11:47:26,99.9,1775,7941,0,6,99.99,110,103.2,294.8
2026-05-24T11:47:32,99.9,1776,7941,0,5,99.99,107,102.2,294.8
2026-05-24T11:47:37,99.9,1772,7941,0,5,99.99,101,102.8,294.8
2026-05-24T11:47:42,100.0,1773,7941,0,5,99.99,114,102.7,294.8
2026-05-24T11:47:48,100.0,1771,7941,0,5,99.99,109,104.2,294.8
2026-05-24T11:47:53,100.0,1774,7941,0,5,99.99,83,106.0,294.8
2026-05-24T11:47:59,99.9,1760,7941,0,4,99.99,121,102.5,294.8
2026-05-24T11:48:04,100.0,1755,7941,0,6,99.99,106,104.5,294.8
2026-05-24T11:48:09,99.9,1750,7941,0,5,99.99,92,103.5,294.8
2026-05-24T11:48:15,100.0,1754,7941,0,5,99.99,105,103.8,294.8
2026-05-24T11:48:20,100.0,1755,7941,1,4,99.99,110,103.6,294.8
2026-05-24T11:48:26,100.0,1756,7941,0,4,99.99,102,104.5,294.8
2026-05-24T11:48:31,99.9,1757,7941,0,5,99.99,95,102.8,294.8
2026-05-24T11:48:36,99.9,1754,7941,0,6,99.99,104,104.1,294.8
2026-05-24T11:48:42,100.0,1755,7941,0,6,99.99,109,101.6,294.8
2026-05-24T11:48:47,99.8,1758,7941,0,5,99.99,103,101.4,294.8
2026-05-24T11:48:52,99.9,1776,7941,0,6,99.99,114,104.0,294.8
2026-05-24T11:48:58,100.0,1779,7941,0,6,99.99,93,104.8,294.8
2026-05-24T11:49:03,100.0,1767,7941,0,5,99.99,129,104.2,294.8
2026-05-24T11:49:09,100.0,1771,7941,0,5,99.99,103,105.6,294.8
2026-05-24T11:49:14,99.9,1773,7941,0,5,99.99,90,102.0,294.8
2026-05-24T11:49:19,100.0,1776,7941,0,5,99.99,115,101.8,294.8
2026-05-24T11:49:25,100.0,1774,7941,0,5,99.99,100,104.4,294.8
2026-05-24T11:49:30,100.0,1772,7941,0,4,99.99,104,103.2,294.8
2026-05-24T11:49:35,100.0,1781,7941,0,4,99.99,111,104.7,294.8
2026-05-24T11:49:41,99.9,1777,7941,0,6,99.99,100,106.0,294.8
2026-05-24T11:49:46,100.0,1780,7941,0,9,99.99,85,105.3,294.8
2026-05-24T11:49:52,99.9,1780,7941,0,7,99.99,121,104.6,294.8
2026-05-24T11:49:57,100.0,1775,7941,0,4,99.99,116,102.2,294.8
2026-05-24T11:50:02,100.0,1782,7941,0,5,99.99,113,105.5,294.8
2026-05-24T11:50:08,99.9,1778,7941,0,5,99.99,103,104.2,294.8
2026-05-24T11:50:13,99.9,1779,7941,0,5,99.99,107,103.8,294.8
2026-05-24T11:50:19,99.0,1775,7941,0,5,99.99,104,101.6,294.8
2026-05-24T11:50:24,96.2,1773,7941,0,4,99.99,115,98.2,294.8
2026-05-24T11:50:29,95.9,1785,7941,2,3,99.99,109,98.6,294.8
2026-05-24T11:50:35,96.9,1784,7941,0,5,99.99,103,100.6,294.8
2026-05-24T11:50:40,86.0,1783,7941,0,5,99.99,95,88.7,294.8
2026-05-24T11:50:45,87.1,1782,7941,0,5,99.99,90,89.8,294.8
2026-05-24T11:50:50,85.3,1785,7941,0,5,99.99,85,86.5,294.8
2026-05-24T11:50:56,88.5,1779,7941,0,5,99.99,98,92.3,294.8
2026-05-24T11:51:01,81.4,1778,7941,0,5,99.99,81,83.4,294.8
2026-05-24T11:51:07,79.4,1777,7941,0,5,99.99,72,81.0,294.8
2026-05-24T11:51:12,68.8,1779,7941,0,5,99.99,86,69.5,294.8
2026-05-24T11:51:17,74.0,1778,7941,0,5,99.99,85,75.7,294.8
2026-05-24T11:51:22,68.3,1778,7941,0,4,99.99,63,68.7,294.8
2026-05-24T11:51:28,64.8,1776,7941,0,4,99.99,76,65.0,294.8
2026-05-24T11:51:33,58.1,1780,7941,0,4,99.99,64,57.9,294.8
2026-05-24T11:51:38,55.6,1782,7941,0,4,99.99,66,54.9,294.8
2026-05-24T11:51:43,55.6,1781,7941,0,4,99.99,56,55.6,294.8
2026-05-24T11:51:48,45.7,1770,7941,0,4,99.99,53,44.9,294.8
2026-05-24T11:51:54,49.0,1768,7941,0,4,99.99,53,48.9,294.8
2026-05-24T11:51:59,44.8,1757,7941,0,3,99.99,39,44.2,294.8
2026-05-24T11:52:04,37.2,1759,7941,0,3,99.99,51,36.4,294.8
2026-05-24T11:52:09,37.1,1760,7941,0,3,99.99,34,36.7,294.8
2026-05-24T11:52:15,28.5,1767,7941,0,3,99.99,41,27.5,294.8
2026-05-24T11:52:20,28.6,1774,7941,0,3,99.99,29,27.7,294.8
2026-05-24T11:52:25,26.0,1767,7941,0,3,99.99,32,25.1,294.8
2026-05-24T11:52:30,23.0,1622,7941,0,3,99.99,18,22.3,138.4
2026-05-24T11:52:36,17.4,1609,7941,0,3,99.99,23,16.0,143.4
2026-05-24T11:52:41,13.1,1608,7941,0,3,99.99,14,11.9,144.3
2026-05-24T11:52:46,12.2,1613,7941,0,2,99.99,17,10.8,145.5
2026-05-24T11:52:51,6.6,1617,7941,0,2,99.99,7,5.3,148.6
2026-05-24T11:52:56,2.9,1618,7941,0,2,99.99,7,1.5,150.4
2026-05-24T11:53:02,1.4,1613,7941,0,2,99.99,1,0.1,151.9
2026-05-24T11:53:07,1.8,1614,7941,0,1,99.99,7,0.1,151.9
2026-05-24T11:53:12,1.5,1616,7941,0,1,99.99,1,0.1,151.9
2026-05-24T11:53:17,2.0,1621,7941,0,1,99.99,6,0.1,151.9
2026-05-24T11:53:23,1.5,1632,7941,0,1,99.99,1,0.1,151.9
2026-05-24T11:53:28,1.6,1629,7941,0,1,99.99,6,0.1,151.9
2026-05-24T11:53:33,1.6,1630,7941,0,1,99.99,1,0.1,151.9
2026-05-24T11:53:38,1.9,1626,7941,0,1,99.99,6,0.1,151.9
2026-05-24T11:53:43,1.5,1627,7941,0,1,99.99,1,0.1,151.9
2026-05-24T11:53:49,2.0,1613,7941,0,1,99.99,7,0.1,151.9
2026-05-24T11:53:54,1.5,1620,7941,0,1,99.99,6,0.1,151.9
2026-05-24T11:53:59,1.8,1623,7941,0,1,99.99,1,0.1,151.9
2026-05-24T11:54:04,1.9,1620,7941,0,1,99.99,6,0.1,151.9
2026-05-24T11:54:09,1.5,1618,7941,0,1,99.99,1,0.1,151.9
2026-05-24T11:54:15,1.7,1615,7941,0,1,99.99,6,0.1,151.9
2026-05-24T11:54:20,1.6,1620,7941,0,1,99.99,1,0.1,151.9
2026-05-24T11:54:25,1.8,1616,7941,0,1,99.99,6,0.1,151.9
2026-05-24T11:54:30,1.5,1612,7941,0,1,99.99,1,0.1,151.9
2026-05-24T11:54:36,1.7,1619,7941,0,1,99.99,6,0.1,151.9
2026-05-24T11:54:41,1.6,1616,7941,0,1,99.99,1,0.1,151.9
2026-05-24T11:54:46,2.0,1617,7941,0,1,99.99,6,0.1,151.9
2026-05-24T11:54:51,1.5,1618,7941,0,1,99.99,1,0.1,151.9
2026-05-24T11:54:57,1.8,1616,7941,0,1,99.99,6,0.1,151.9
2026-05-24T11:55:02,1.5,1612,7941,0,1,99.99,1,0.1,151.9
2026-05-24T11:55:07,2.4,1616,7941,0,1,99.99,6,0.1,151.9
2026-05-24T11:55:13,1.5,1617,7941,0,1,99.99,1,0.1,151.9
2026-05-24T11:55:18,1.6,1617,7941,0,1,99.99,6,0.1,151.9
2026-05-24T11:55:23,1.4,1620,7941,0,1,99.99,1,0.1,151.9
2026-05-24T11:55:28,1.6,1616,7941,0,1,99.99,6,0.1,151.9
2026-05-24T11:55:33,1.4,1618,7941,0,1,99.99,1,0.0,151.9
2026-05-24T11:55:39,1.8,1613,7941,0,1,99.99,6,0.1,151.9
2026-05-24T11:55:44,1.5,1612,7941,0,1,99.99,6,0.1,151.9
2026-05-24T11:55:49,1.7,1614,7941,0,1,99.99,1,0.1,151.9
2026-05-24T11:55:54,1.9,1601,7941,0,1,99.99,6,0.1,151.9
2026-05-24T11:55:59,1.4,1610,7941,0,1,99.99,1,0.1,151.9
2026-05-24T11:56:05,1.9,1605,7941,0,1,99.99,6,0.1,151.9
2026-05-24T11:56:10,1.5,1604,7941,0,1,99.99,1,0.1,151.9
2026-05-24T11:56:15,1.9,1608,7941,0,1,99.99,6,0.1,151.9
2026-05-24T11:56:20,1.4,1616,7941,0,1,99.99,1,0.1,151.9
2026-05-24T11:56:26,1.7,1620,7941,0,1,99.99,6,0.1,151.9
2026-05-24T11:56:31,1.3,1618,7941,0,1,99.99,1,0.1,151.9
2026-05-24T11:56:36,1.9,1609,7941,0,1,99.99,6,0.1,151.9
2026-05-24T11:56:41,1.6,1615,7941,0,1,99.99,1,0.1,151.9
2026-05-24T11:56:46,1.9,1614,7941,0,1,99.99,6,0.1,151.9
2026-05-24T11:56:52,1.4,1611,7941,0,1,99.99,1,0.1,151.9
2026-05-24T11:56:57,1.7,1610,7941,0,1,99.99,6,0.1,151.9
2026-05-24T11:57:02,1.4,1617,7941,0,1,99.99,1,0.1,151.9
2026-05-24T11:57:07,1.7,1620,7941,0,1,99.99,6,0.1,151.9
2026-05-24T11:57:13,1.5,1621,7941,0,1,99.99,1,0.0,151.9
2026-05-24T11:57:18,1.6,1621,7941,0,1,99.99,6,0.1,151.9
2026-05-24T11:57:23,1.3,1618,7941,0,1,99.99,1,0.1,151.9
2026-05-24T11:57:28,1.5,1626,7941,0,1,99.99,6,0.1,151.9
2026-05-24T11:57:33,1.4,1621,7941,0,1,99.99,1,0.1,151.9
2026-05-24T11:57:39,1.9,1614,7941,0,1,99.99,6,0.1,151.9
2026-05-24T11:57:44,1.5,1617,7941,0,1,99.99,6,0.1,151.9
2026-05-24T11:57:49,1.7,1620,7941,0,1,99.99,1,0.1,151.9
2026-05-24T11:57:54,1.7,1619,7941,0,1,99.99,6,0.1,151.9
2026-05-24T11:57:59,1.4,1616,7941,0,1,99.99,1,0.1,151.9
2026-05-24T11:58:05,1.8,1611,7941,0,1,99.99,6,0.1,151.9
2026-05-24T11:58:10,1.4,1621,7941,0,1,99.99,1,0.1,151.9
2026-05-24T11:58:15,1.6,1619,7941,0,1,99.99,6,0.1,151.9
2026-05-24T11:58:20,1.3,1617,7941,0,1,99.99,1,0.1,151.9
2026-05-24T11:58:26,1.6,1622,7941,0,1,99.99,6,0.1,151.9
2026-05-24T11:58:31,1.3,1622,7941,0,1,99.99,1,0.1,151.9
2026-05-24T11:58:36,1.7,1613,7941,0,1,99.99,6,0.1,151.9
2026-05-24T11:58:41,1.4,1618,7941,0,1,99.99,1,0.1,151.9
2026-05-24T11:58:46,1.6,1627,7941,0,1,99.99,6,0.1,151.9
2026-05-24T11:58:52,1.4,1621,7941,0,1,99.99,1,0.1,151.9
2026-05-24T11:58:57,1.6,1615,7941,0,1,99.99,6,0.1,151.9
2026-05-24T11:59:02,1.4,1618,7941,0,1,99.99,1,0.1,151.9
2026-05-24T11:59:07,1.5,1617,7941,0,1,99.99,6,0.1,151.9
2026-05-24T11:59:12,1.3,1618,7941,0,1,99.99,1,0.1,151.9
2026-05-24T11:59:18,1.6,1622,7941,0,1,99.99,6,0.1,151.9
2026-05-24T11:59:23,1.4,1623,7941,0,1,99.99,1,0.1,151.9
2026-05-24T11:59:28,1.5,1624,7941,0,1,99.99,6,0.1,151.9
2026-05-24T11:59:33,1.4,1621,7941,0,1,99.99,1,0.1,151.9
2026-05-24T11:59:38,1.9,1617,7941,0,1,99.99,6,0.1,151.9
2026-05-24T11:59:44,1.4,1620,7941,0,1,99.99,2,0.1,151.9
2026-05-24T11:59:49,1.8,1618,7941,0,1,99.99,5,0.1,151.9
2026-05-24T11:59:54,1.6,1603,7941,0,1,99.99,6,0.1,151.9
2026-05-24T11:59:59,1.3,1608,7941,0,1,99.99,1,0.1,151.9
2026-05-24T12:00:04,2.1,1596,7941,0,1,99.99,6,0.1,151.9
2026-05-24T12:00:10,2.3,1602,7941,0,1,99.99,1,0.1,151.9
2026-05-24T12:00:15,2.1,1601,7941,0,1,99.99,6,0.1,151.9
2026-05-24T12:00:20,1.5,1604,7941,0,1,99.99,1,0.1,151.9
2026-05-24T12:00:26,1.7,1595,7941,0,1,99.99,6,0.1,151.9
2026-05-24T12:00:31,1.4,1605,7941,0,1,99.99,1,0.1,151.9
2026-05-24T12:00:36,1.7,1603,7941,0,1,99.99,6,0.1,151.9
2026-05-24T12:00:41,1.4,1604,7941,0,1,99.99,1,0.1,151.9
2026-05-24T12:00:46,1.7,1605,7941,0,1,99.99,6,0.1,151.9
2026-05-24T12:00:52,1.4,1612,7941,0,1,99.99,1,0.1,151.9
2026-05-24T12:00:57,1.7,1604,7941,0,1,99.99,6,0.1,151.9
2026-05-24T12:01:02,1.5,1604,7941,0,1,99.99,1,0.1,151.9
2026-05-24T12:01:07,1.4,1609,7941,0,1,99.99,6,0.1,151.9
2026-05-24T12:01:13,1.4,1604,7941,0,1,99.99,1,0.1,151.9
2026-05-24T12:01:18,1.7,1608,7941,0,1,99.99,6,0.1,151.9
2026-05-24T12:01:23,1.4,1611,7941,0,1,99.99,1,0.1,151.9
2026-05-24T12:01:28,1.6,1620,7941,0,1,99.99,6,0.1,151.9
2026-05-24T12:01:33,1.3,1614,7941,0,1,99.99,1,0.1,151.9
2026-05-24T12:01:39,1.8,1614,7941,0,1,99.99,6,0.1,151.9
2026-05-24T12:01:44,1.4,1618,7941,0,1,99.99,6,0.1,151.9
2026-05-24T12:01:49,1.7,1622,7941,0,1,99.99,1,0.1,151.9
2026-05-24T12:01:54,1.6,1615,7941,0,1,99.99,6,0.1,151.9
2026-05-24T12:01:59,1.3,1614,7941,0,1,99.99,1,0.1,151.9
2026-05-24T12:02:05,1.7,1614,7941,0,1,99.99,6,0.1,151.9
2026-05-24T12:02:10,1.5,1618,7941,0,1,99.99,1,0.1,151.9
2026-05-24T12:02:15,1.5,1614,7941,0,1,99.99,6,0.1,151.9
2026-05-24T12:02:20,1.5,1621,7941,0,1,99.99,1,0.1,151.9
2026-05-24T12:02:25,1.5,1618,7941,0,1,99.99,6,0.1,151.9
2026-05-24T12:02:31,1.3,1624,7941,0,1,99.99,1,0.1,151.9
2026-05-24T12:02:36,2.0,1621,7941,0,1,99.99,6,0.1,151.9
2026-05-24T12:02:41,1.7,1613,7941,0,1,99.99,1,0.1,151.9
2026-05-24T12:02:46,1.9,1614,7941,0,1,99.99,6,0.1,151.9
2026-05-24T12:02:51,1.6,1615,7941,0,1,99.99,1,0.1,151.9
2026-05-24T12:02:57,2.1,1613,7941,0,1,99.99,6,0.1,151.9
2026-05-24T12:03:02,7.1,1665,7941,0,1,99.99,1,0.1,151.9
2026-05-24T12:03:07,2.2,1631,7941,0,1,99.99,6,0.1,151.9
