timestamp,net_rx_kb_s,net_tx_kb_s
2026-05-16T03:47:48,2.18,2.19
2026-05-16T03:47:53,2.18,2.19
2026-05-16T03:47:58,0.19,0.19
2026-05-16T03:48:03,0.19,0.19
2026-05-16T03:48:08,0.25,0.25
2026-05-16T03:48:13,0.25,0.25
2026-05-16T03:48:18,1.44,4.34
2026-05-16T03:48:23,1.44,4.34
2026-05-16T03:48:28,5.93,17.64
2026-05-16T03:48:33,5.93,17.64
2026-05-16T03:48:38,11.38,36.26
2026-05-16T03:48:43,11.38,36.26
2026-05-16T03:48:48,15.38,54.67
2026-05-16T03:48:53,15.38,54.67
2026-05-16T03:48:58,19.59,75.44
2026-05-16T03:49:03,19.59,75.44
2026-05-16T03:49:08,23.53,93.73
2026-05-16T03:49:13,23.53,93.73
2026-05-16T03:49:18,27.87,112.91
2026-05-16T03:49:23,27.87,112.91
2026-05-16T03:49:28,32.51,135.8
2026-05-16T03:49:33,32.51,135.8
2026-05-16T03:49:38,36.09,154.65
2026-05-16T03:49:43,36.09,154.65
2026-05-16T03:49:48,40.11,172.72
2026-05-16T03:49:53,40.11,172.72
2026-05-16T03:49:58,44.93,195.01
2026-05-16T03:50:03,44.93,195.01
2026-05-16T03:50:08,48.81,212.99
2026-05-16T03:50:13,48.81,212.99
2026-05-16T03:50:18,52.05,230.51
2026-05-16T03:50:23,52.05,230.51
2026-05-16T03:50:28,56.03,251.36
2026-05-16T03:50:33,56.03,251.36
2026-05-16T03:50:38,59.93,265.53
2026-05-16T03:50:43,59.93,265.53
2026-05-16T03:50:48,63.92,284.3
2026-05-16T03:50:53,63.92,284.3
2026-05-16T03:50:58,68.05,307.72
2026-05-16T03:51:03,68.05,307.72
2026-05-16T03:51:08,72.6,328.68
2026-05-16T03:51:13,72.6,328.68
2026-05-16T03:51:18,77.39,345.87
2026-05-16T03:51:23,77.39,345.87
2026-05-16T03:51:28,81.33,367.87
2026-05-16T03:51:33,81.33,367.87
2026-05-16T03:51:38,85.15,391.1
2026-05-16T03:51:43,85.15,391.1
2026-05-16T03:51:48,90.22,409.47
2026-05-16T03:51:53,90.22,409.47
2026-05-16T03:51:58,93.5,427.21
2026-05-16T03:52:03,93.5,427.21
2026-05-16T03:52:08,96.37,440.6
2026-05-16T03:52:13,96.37,440.6
2026-05-16T03:52:18,101.74,467.09
2026-05-16T03:52:23,101.74,467.09
2026-05-16T03:52:28,106.58,490.13
2026-05-16T03:52:33,106.58,490.13
2026-05-16T03:52:38,109.49,502.79
2026-05-16T03:52:43,109.49,502.79
2026-05-16T03:52:48,114.16,524.81
2026-05-16T03:52:53,114.16,524.81
2026-05-16T03:52:58,118.99,545.17
2026-05-16T03:53:03,118.99,545.17
2026-05-16T03:53:08,122.04,563.81
2026-05-16T03:53:13,122.04,563.81
2026-05-16T03:53:18,125.4,582.48
2026-05-16T03:53:23,125.4,582.48
2026-05-16T03:53:28,125.82,590.42
2026-05-16T03:53:33,125.82,590.42
2026-05-16T03:53:38,124.68,591.33
2026-05-16T03:53:43,124.68,591.33
2026-05-16T03:53:48,123.73,586.52
2026-05-16T03:53:53,123.73,586.52
2026-05-16T03:53:58,122.7,585.55
2026-05-16T03:54:03,122.7,585.55
2026-05-16T03:54:08,122.46,586.29
2026-05-16T03:54:13,122.46,586.29
2026-05-16T03:54:18,123.99,590.91
2026-05-16T03:54:23,123.99,590.91
2026-05-16T03:54:28,123.89,589.96
2026-05-16T03:54:33,123.89,589.96
2026-05-16T03:54:38,122.7,586.33
2026-05-16T03:54:43,122.7,586.33
2026-05-16T03:54:48,122.9,590.78
2026-05-16T03:54:53,122.9,590.78
2026-05-16T03:54:58,124.13,589.05
2026-05-16T03:55:03,124.13,589.05
2026-05-16T03:55:08,121.77,576.83
2026-05-16T03:55:13,121.77,576.83
2026-05-16T03:55:18,119.6,578.77
2026-05-16T03:55:23,119.6,578.77
2026-05-16T03:55:28,123.08,590.18
2026-05-16T03:55:33,123.08,590.18
2026-05-16T03:55:38,124.2,586.34
2026-05-16T03:55:43,124.2,586.34
2026-05-16T03:55:48,122.33,585.61
2026-05-16T03:55:53,122.33,585.61
2026-05-16T03:55:58,122.37,591.26
2026-05-16T03:56:03,122.37,591.26
2026-05-16T03:56:08,124.74,589.14
2026-05-16T03:56:13,124.74,589.14
2026-05-16T03:56:18,124.26,585.07
2026-05-16T03:56:23,124.26,585.07
2026-05-16T03:56:28,123.27,591.54
2026-05-16T03:56:33,123.27,591.54
2026-05-16T03:56:38,124.51,593.44
2026-05-16T03:56:43,124.51,593.44
2026-05-16T03:56:48,124.53,586.24
2026-05-16T03:56:53,124.53,586.24
2026-05-16T03:56:58,122.97,587.62
2026-05-16T03:57:03,122.97,587.62
2026-05-16T03:57:08,122.96,591.14
2026-05-16T03:57:13,122.96,591.14
2026-05-16T03:57:18,124.96,588.72
2026-05-16T03:57:23,124.96,588.72
2026-05-16T03:57:28,124.68,587.11
2026-05-16T03:57:33,124.68,587.11
2026-05-16T03:57:38,122.68,590.33
2026-05-16T03:57:43,122.68,590.33
2026-05-16T03:57:48,123.11,593.05
2026-05-16T03:57:53,123.11,593.05
2026-05-16T03:57:58,123.92,584.56
2026-05-16T03:58:03,123.92,584.56
2026-05-16T03:58:08,123.2,586.53
2026-05-16T03:58:13,123.2,586.53
2026-05-16T03:58:18,123.1,595.49
2026-05-16T03:58:23,123.1,595.49
2026-05-16T03:58:28,124.32,591.39
2026-05-16T03:58:33,124.32,591.39
2026-05-16T03:58:38,124.23,582.45
2026-05-16T03:58:43,124.23,582.45
2026-05-16T03:58:48,122.72,587.35
2026-05-16T03:58:53,122.72,587.35
2026-05-16T03:58:58,123.6,596.53
2026-05-16T03:59:03,123.6,596.53
2026-05-16T03:59:08,124.69,587.62
2026-05-16T03:59:13,124.69,587.62
2026-05-16T03:59:18,122.68,582.61
2026-05-16T03:59:23,122.68,582.61
2026-05-16T03:59:28,122.27,593.86
2026-05-16T03:59:33,122.27,593.86
2026-05-16T03:59:38,124.39,590.97
2026-05-16T03:59:43,124.39,590.97
2026-05-16T03:59:48,124.03,582.02
2026-05-16T03:59:53,124.03,582.02
2026-05-16T03:59:58,122.25,588.86
2026-05-16T04:00:03,122.25,588.86
2026-05-16T04:00:08,120.7,571.1
2026-05-16T04:00:13,120.7,571.1
2026-05-16T04:00:18,117.79,554.51
2026-05-16T04:00:23,117.79,554.51
2026-05-16T04:00:28,117.78,578.62
2026-05-16T04:00:33,117.78,578.62
2026-05-16T04:00:38,120.77,591.72
2026-05-16T04:00:43,120.77,591.72
2026-05-16T04:00:48,122.59,586.59
2026-05-16T04:00:53,122.59,586.59
2026-05-16T04:00:58,123.81,585.37
2026-05-16T04:01:03,123.81,585.37
2026-05-16T04:01:08,123.56,587.59
2026-05-16T04:01:13,123.56,587.59
2026-05-16T04:01:18,122.54,587.21
2026-05-16T04:01:23,122.54,587.21
2026-05-16T04:01:28,122.95,587.48
2026-05-16T04:01:33,122.95,587.48
2026-05-16T04:01:38,123.53,590.19
2026-05-16T04:01:43,123.53,590.19
2026-05-16T04:01:48,123.16,583.55
2026-05-16T04:01:53,123.16,583.55
2026-05-16T04:01:58,123.3,588.07
2026-05-16T04:02:03,123.3,588.07
2026-05-16T04:02:08,123.4,593.06
2026-05-16T04:02:13,123.4,593.06
2026-05-16T04:02:18,123.25,588.64
2026-05-16T04:02:23,123.25,588.64
2026-05-16T04:02:28,123.85,587.08
2026-05-16T04:02:33,123.85,587.08
2026-05-16T04:02:38,124.07,589.59
2026-05-16T04:02:43,124.07,589.59
2026-05-16T04:02:48,123.47,595.51
2026-05-16T04:02:53,123.47,595.51
2026-05-16T04:02:58,124.08,593.33
2026-05-16T04:03:03,124.08,593.33
2026-05-16T04:03:08,124.25,590.93
2026-05-16T04:03:13,124.25,590.93
2026-05-16T04:03:18,124.02,586.84
2026-05-16T04:03:23,124.02,586.84
2026-05-16T04:03:28,122.5,586.44
2026-05-16T04:03:33,122.5,586.44
2026-05-16T04:03:38,121.95,588.2
2026-05-16T04:03:43,121.95,588.2
2026-05-16T04:03:48,124.01,590.15
2026-05-16T04:03:53,124.01,590.15
2026-05-16T04:03:58,123.7,587.59
2026-05-16T04:04:03,123.7,587.59
2026-05-16T04:04:08,122.98,589.23
2026-05-16T04:04:13,122.98,589.23
2026-05-16T04:04:18,123.33,589.78
2026-05-16T04:04:23,123.33,589.78
2026-05-16T04:04:28,124.15,586.81
2026-05-16T04:04:33,124.15,586.81
2026-05-16T04:04:38,123.59,589.96
2026-05-16T04:04:43,123.59,589.96
2026-05-16T04:04:48,122.92,587.78
2026-05-16T04:04:53,122.92,587.78
2026-05-16T04:04:58,123.99,592.86
2026-05-16T04:05:03,123.99,592.86
2026-05-16T04:05:08,123.95,589.22
2026-05-16T04:05:13,123.95,589.22
2026-05-16T04:05:18,122.67,587.79
2026-05-16T04:05:23,122.67,587.79
2026-05-16T04:05:28,123.13,592.52
2026-05-16T04:05:33,123.13,592.52
2026-05-16T04:05:38,124.38,587.32
2026-05-16T04:05:43,124.38,587.32
2026-05-16T04:05:48,123.28,586.69
2026-05-16T04:05:53,123.28,586.69
2026-05-16T04:05:58,122.71,589.27
2026-05-16T04:06:03,122.71,589.27
2026-05-16T04:06:08,123.84,591.28
2026-05-16T04:06:13,123.84,591.28
2026-05-16T04:06:18,123.75,588.85
2026-05-16T04:06:23,123.75,588.85
2026-05-16T04:06:28,123.44,590.25
2026-05-16T04:06:33,123.44,590.25
2026-05-16T04:06:38,124.6,594.5
2026-05-16T04:06:43,124.6,594.5
2026-05-16T04:06:48,124.65,590.85
2026-05-16T04:06:53,124.65,590.85
2026-05-16T04:06:58,123.16,585.05
2026-05-16T04:07:03,123.16,585.05
2026-05-16T04:07:08,122.32,589.4
2026-05-16T04:07:13,122.32,589.4
2026-05-16T04:07:18,122.57,586.21
2026-05-16T04:07:23,122.57,586.21
2026-05-16T04:07:28,123.51,584.44
2026-05-16T04:07:33,123.51,584.44
2026-05-16T04:07:38,124.41,595.47
2026-05-16T04:07:43,124.41,595.47
2026-05-16T04:07:48,123.8,591.49
2026-05-16T04:07:53,123.8,591.49
2026-05-16T04:07:58,123.86,590.94
2026-05-16T04:08:03,123.86,590.94
2026-05-16T04:08:08,123.14,585.08
2026-05-16T04:08:13,123.14,585.08
2026-05-16T04:08:18,121.93,580.66
2026-05-16T04:08:23,121.93,580.66
2026-05-16T04:08:28,122.81,588.44
2026-05-16T04:08:33,122.81,588.44
2026-05-16T04:08:38,123.63,589.2
2026-05-16T04:08:43,123.63,589.2
2026-05-16T04:08:48,123.77,589.45
2026-05-16T04:08:53,123.77,589.45
2026-05-16T04:08:58,124.36,595.03
2026-05-16T04:09:03,124.36,595.03
2026-05-16T04:09:08,123.84,593.44
2026-05-16T04:09:13,123.84,593.44
2026-05-16T04:09:18,123.49,584.67
2026-05-16T04:09:23,123.49,584.67
2026-05-16T04:09:28,123.73,585.78
2026-05-16T04:09:33,123.73,585.78
2026-05-16T04:09:38,123.38,589.34
2026-05-16T04:09:43,123.38,589.34
2026-05-16T04:09:48,124.72,590.57
2026-05-16T04:09:53,124.72,590.57
2026-05-16T04:09:58,124.83,587.68
2026-05-16T04:10:03,124.83,587.68
2026-05-16T04:10:08,124.03,584.34
2026-05-16T04:10:13,124.03,584.34
2026-05-16T04:10:18,125.23,596.86
2026-05-16T04:10:23,125.23,596.86
2026-05-16T04:10:28,125.43,595.61
2026-05-16T04:10:33,125.43,595.61
2026-05-16T04:10:38,124.86,586.67
2026-05-16T04:10:43,124.86,586.67
2026-05-16T04:10:48,124.56,590.03
2026-05-16T04:10:53,124.56,590.03
2026-05-16T04:10:58,124.26,592.35
2026-05-16T04:11:03,124.26,592.35
2026-05-16T04:11:08,125.32,591.61
2026-05-16T04:11:13,125.32,591.61
2026-05-16T04:11:18,125.51,589.04
2026-05-16T04:11:23,125.51,589.04
2026-05-16T04:11:28,124.88,591.51
2026-05-16T04:11:33,124.88,591.51
2026-05-16T04:11:38,124.78,589.27
2026-05-16T04:11:43,124.78,589.27
2026-05-16T04:11:48,125.17,591.4
2026-05-16T04:11:53,125.17,591.4
2026-05-16T04:11:58,124.22,588.06
2026-05-16T04:12:03,124.22,588.06
2026-05-16T04:12:08,123.29,586.5
2026-05-16T04:12:13,123.29,586.5
2026-05-16T04:12:18,125.07,590.98
2026-05-16T04:12:23,125.07,590.98
2026-05-16T04:12:28,126.07,591.58
2026-05-16T04:12:33,126.07,591.58
2026-05-16T04:12:38,124.19,591.24
2026-05-16T04:12:43,124.19,591.24
2026-05-16T04:12:48,124.56,590.27
2026-05-16T04:12:53,124.56,590.27
2026-05-16T04:12:58,125.93,590.26
2026-05-16T04:13:03,125.93,590.26
2026-05-16T04:13:08,123.95,587.84
2026-05-16T04:13:13,123.95,587.84
2026-05-16T04:13:18,123.92,591.56
2026-05-16T04:13:23,123.92,591.56
2026-05-16T04:13:28,125.87,595.2
2026-05-16T04:13:33,125.87,595.2
2026-05-16T04:13:38,125.39,589.06
2026-05-16T04:13:43,125.39,589.06
2026-05-16T04:13:48,124.3,586.52
2026-05-16T04:13:53,124.3,586.52
2026-05-16T04:13:58,124.48,591.61
2026-05-16T04:14:03,124.48,591.61
2026-05-16T04:14:08,125.28,589.47
2026-05-16T04:14:13,125.28,589.47
2026-05-16T04:14:18,116.89,552.1
2026-05-16T04:14:23,116.89,552.1
2026-05-16T04:14:28,116.64,562.94
2026-05-16T04:14:33,116.64,562.94
2026-05-16T04:14:38,123.93,587.7
2026-05-16T04:14:43,123.93,587.7
2026-05-16T04:14:48,122.72,580.06
2026-05-16T04:14:53,122.72,580.06
2026-05-16T04:14:58,122.57,593.32
2026-05-16T04:15:03,122.57,593.32
2026-05-16T04:15:08,121.59,585.7
2026-05-16T04:15:13,121.59,585.7
2026-05-16T04:15:18,120.64,571.17
2026-05-16T04:15:23,120.64,571.17
2026-05-16T04:15:28,120.86,573.7
2026-05-16T04:15:33,120.86,573.7
2026-05-16T04:15:38,122.45,589.64
2026-05-16T04:15:43,122.45,589.64
2026-05-16T04:15:48,123.35,590.56
2026-05-16T04:15:53,123.35,590.56
2026-05-16T04:15:58,123.45,585.44
2026-05-16T04:16:03,123.45,585.44
2026-05-16T04:16:08,123.44,593.33
2026-05-16T04:16:13,123.44,593.33
2026-05-16T04:16:18,123.38,592.14
2026-05-16T04:16:23,123.38,592.14
2026-05-16T04:16:28,123.3,583.76
2026-05-16T04:16:33,123.3,583.76
2026-05-16T04:16:38,121.95,583.09
2026-05-16T04:16:43,121.95,583.09
2026-05-16T04:16:48,121.32,584.1
2026-05-16T04:16:53,121.32,584.1
2026-05-16T04:16:58,123.31,585.61
2026-05-16T04:17:03,123.31,585.61
2026-05-16T04:17:08,122.41,575.82
2026-05-16T04:17:13,122.41,575.82
2026-05-16T04:17:18,119.29,576.55
2026-05-16T04:17:23,119.29,576.55
2026-05-16T04:17:28,121.54,586.98
2026-05-16T04:17:33,121.54,586.98
2026-05-16T04:17:38,123.02,583.29
2026-05-16T04:17:43,123.02,583.29
2026-05-16T04:17:48,121.45,584.37
2026-05-16T04:17:53,121.45,584.37
2026-05-16T04:17:58,122.67,590.48
2026-05-16T04:18:03,122.67,590.48
2026-05-16T04:18:08,123.67,583.34
2026-05-16T04:18:13,123.67,583.34
2026-05-16T04:18:18,122.38,582.21
2026-05-16T04:18:23,122.38,582.21
2026-05-16T04:18:28,121.73,589.11
2026-05-16T04:18:33,121.73,589.11
2026-05-16T04:18:38,123.38,588.06
2026-05-16T04:18:43,123.38,588.06
2026-05-16T04:18:48,124.31,584.16
2026-05-16T04:18:53,124.31,584.16
2026-05-16T04:18:58,122.77,585.9
2026-05-16T04:19:03,122.77,585.9
2026-05-16T04:19:08,122.73,594.95
2026-05-16T04:19:13,122.73,594.95
2026-05-16T04:19:18,123.24,584.74
2026-05-16T04:19:23,123.24,584.74
2026-05-16T04:19:28,122.2,579.61
2026-05-16T04:19:33,122.2,579.61
2026-05-16T04:19:38,122.09,588.31
2026-05-16T04:19:43,122.09,588.31
2026-05-16T04:19:48,123.6,591.01
2026-05-16T04:19:53,123.6,591.01
2026-05-16T04:19:58,123.69,587.43
2026-05-16T04:20:03,123.69,587.43
2026-05-16T04:20:08,119.95,577.4
2026-05-16T04:20:13,119.95,577.4
2026-05-16T04:20:18,120.56,580.64
2026-05-16T04:20:23,120.56,580.64
2026-05-16T04:20:28,124.01,587.61
2026-05-16T04:20:33,124.01,587.61
2026-05-16T04:20:38,121.16,578.48
2026-05-16T04:20:43,121.16,578.48
2026-05-16T04:20:48,121.14,584.36
2026-05-16T04:20:53,121.14,584.36
2026-05-16T04:20:58,124.1,588.19
2026-05-16T04:21:03,124.1,588.19
2026-05-16T04:21:08,123.36,585.36
2026-05-16T04:21:13,123.36,585.36
2026-05-16T04:21:18,122.13,588.59
2026-05-16T04:21:23,122.13,588.59
2026-05-16T04:21:28,122.83,589.41
2026-05-16T04:21:33,122.83,589.41
2026-05-16T04:21:38,124.39,588.56
2026-05-16T04:21:43,124.39,588.56
2026-05-16T04:21:48,123.83,584.44
2026-05-16T04:21:53,123.83,584.44
2026-05-16T04:21:58,122.9,590.28
2026-05-16T04:22:03,122.9,590.28
2026-05-16T04:22:08,123.35,591.79
2026-05-16T04:22:13,123.35,591.79
2026-05-16T04:22:18,123.63,584.63
2026-05-16T04:22:23,123.63,584.63
2026-05-16T04:22:28,123.07,584.44
2026-05-16T04:22:33,123.07,584.44
2026-05-16T04:22:38,122.08,592.18
2026-05-16T04:22:43,122.08,592.18
2026-05-16T04:22:48,122.87,592.22
2026-05-16T04:22:53,122.87,592.22
2026-05-16T04:22:58,124.04,583.92
2026-05-16T04:23:03,124.04,583.92
2026-05-16T04:23:08,128.88,587.11
2026-05-16T04:23:13,128.88,587.11
2026-05-16T04:23:18,128.37,589.55
2026-05-16T04:23:23,128.37,589.55
2026-05-16T04:23:28,123.44,582.87
2026-05-16T04:23:33,123.44,582.87
2026-05-16T04:23:38,123.32,586.03
2026-05-16T04:23:43,123.32,586.03
2026-05-16T04:23:48,122.43,589.21
2026-05-16T04:23:53,122.43,589.21
2026-05-16T04:23:58,123.25,590.29
2026-05-16T04:24:03,123.25,590.29
2026-05-16T04:24:08,123.3,584.53
2026-05-16T04:24:13,123.3,584.53
2026-05-16T04:24:18,121.86,581.38
2026-05-16T04:24:23,121.86,581.38
2026-05-16T04:24:28,122.06,588.93
2026-05-16T04:24:33,122.06,588.93
2026-05-16T04:24:38,123.6,589.23
2026-05-16T04:24:43,123.6,589.23
2026-05-16T04:24:48,124.09,587.21
2026-05-16T04:24:53,124.09,587.21
2026-05-16T04:24:58,123.42,586.19
2026-05-16T04:25:03,123.42,586.19
2026-05-16T04:25:08,122.1,586.23
2026-05-16T04:25:13,122.1,586.23
2026-05-16T04:25:18,122.23,588.49
2026-05-16T04:25:23,122.23,588.49
2026-05-16T04:25:28,123.74,589.28
2026-05-16T04:25:33,123.74,589.28
2026-05-16T04:25:38,123.34,586.23
2026-05-16T04:25:43,123.34,586.23
2026-05-16T04:25:48,122.42,584.36
2026-05-16T04:25:53,122.42,584.36
2026-05-16T04:25:58,122.71,587.78
2026-05-16T04:26:03,122.71,587.78
2026-05-16T04:26:08,123.03,588.62
2026-05-16T04:26:13,123.03,588.62
2026-05-16T04:26:18,123.26,586.57
2026-05-16T04:26:23,123.26,586.57
2026-05-16T04:26:28,123.96,590.5
2026-05-16T04:26:33,123.96,590.5
2026-05-16T04:26:38,123.06,586.9
2026-05-16T04:26:43,123.06,586.9
2026-05-16T04:26:48,122.71,586.36
2026-05-16T04:26:53,122.71,586.36
2026-05-16T04:26:58,123.42,592.65
2026-05-16T04:27:03,123.42,592.65
2026-05-16T04:27:08,123.57,593.26
2026-05-16T04:27:13,123.57,593.26
2026-05-16T04:27:18,123.2,589.28
2026-05-16T04:27:23,123.2,589.28
2026-05-16T04:27:28,123.02,588.7
2026-05-16T04:27:33,123.02,588.7
2026-05-16T04:27:38,123.26,593.74
2026-05-16T04:27:43,123.26,593.74
2026-05-16T04:27:48,123.04,589.06
2026-05-16T04:27:53,123.04,589.06
2026-05-16T04:27:58,123.41,586.31
2026-05-16T04:28:03,123.41,586.31
2026-05-16T04:28:08,123.14,588.78
2026-05-16T04:28:13,123.14,588.78
2026-05-16T04:28:18,122.76,591.66
2026-05-16T04:28:23,122.76,591.66
2026-05-16T04:28:28,123.94,588.34
2026-05-16T04:28:33,123.94,588.34
2026-05-16T04:28:38,123.76,584.08
2026-05-16T04:28:43,123.76,584.08
2026-05-16T04:28:48,122.06,586.45
2026-05-16T04:28:53,122.06,586.45
2026-05-16T04:28:58,121.97,585.36
2026-05-16T04:29:03,121.97,585.36
2026-05-16T04:29:08,123.14,585.49
2026-05-16T04:29:13,123.14,585.49
2026-05-16T04:29:18,122.65,585.43
2026-05-16T04:29:23,122.65,585.43
2026-05-16T04:29:28,122.04,587.76
2026-05-16T04:29:33,122.04,587.76
2026-05-16T04:29:38,123.64,590.4
2026-05-16T04:29:43,123.64,590.4
2026-05-16T04:29:48,124.48,590.75
2026-05-16T04:29:53,124.48,590.75
2026-05-16T04:29:58,122.61,587.62
2026-05-16T04:30:03,122.61,587.62
2026-05-16T04:30:08,119.64,574.66
2026-05-16T04:30:13,119.64,574.66
2026-05-16T04:30:18,119.69,569.61
2026-05-16T04:30:23,119.69,569.61
2026-05-16T04:30:28,122.74,582.98
2026-05-16T04:30:33,122.74,582.98
2026-05-16T04:30:38,123.19,591.56
2026-05-16T04:30:43,123.19,591.56
2026-05-16T04:30:48,123.5,590.81
2026-05-16T04:30:53,123.5,590.81
2026-05-16T04:30:58,125.16,586.93
2026-05-16T04:31:03,125.16,586.93
2026-05-16T04:31:08,125.31,590.45
2026-05-16T04:31:13,125.31,590.45
2026-05-16T04:31:18,124.74,595.64
2026-05-16T04:31:23,124.74,595.64
2026-05-16T04:31:28,124.84,591.53
2026-05-16T04:31:33,124.84,591.53
2026-05-16T04:31:38,125.3,590.52
2026-05-16T04:31:43,125.3,590.52
2026-05-16T04:31:48,123.09,584.07
2026-05-16T04:31:53,123.09,584.07
2026-05-16T04:31:58,122.66,586.73
2026-05-16T04:32:03,122.66,586.73
2026-05-16T04:32:08,124.58,589.37
2026-05-16T04:32:13,124.58,589.37
2026-05-16T04:32:18,124.91,588.12
2026-05-16T04:32:23,124.91,588.12
2026-05-16T04:32:28,124.56,591.61
2026-05-16T04:32:33,124.56,591.61
2026-05-16T04:32:38,124.34,590.1
2026-05-16T04:32:43,124.34,590.1
2026-05-16T04:32:48,125.39,591.28
2026-05-16T04:32:53,125.39,591.28
2026-05-16T04:32:58,124.05,587.31
2026-05-16T04:33:03,124.05,587.31
2026-05-16T04:33:08,123.42,589.5
2026-05-16T04:33:13,123.42,589.5
2026-05-16T04:33:18,125.14,590.58
2026-05-16T04:33:23,125.14,590.58
2026-05-16T04:33:28,124.85,587.07
2026-05-16T04:33:33,124.85,587.07
2026-05-16T04:33:38,123.68,589.08
2026-05-16T04:33:43,123.68,589.08
2026-05-16T04:33:48,123.56,589.65
2026-05-16T04:33:53,123.56,589.65
2026-05-16T04:33:58,124.27,587.86
2026-05-16T04:34:03,124.27,587.86
2026-05-16T04:34:08,124.13,585.88
2026-05-16T04:34:13,124.13,585.88
2026-05-16T04:34:18,123.66,587.04
2026-05-16T04:34:23,123.66,587.04
2026-05-16T04:34:28,123.82,587.22
2026-05-16T04:34:33,123.82,587.22
2026-05-16T04:34:38,123.77,581.68
2026-05-16T04:34:43,123.77,581.68
2026-05-16T04:34:48,124.83,591.87
2026-05-16T04:34:53,124.83,591.87
2026-05-16T04:34:58,125.23,597.39
2026-05-16T04:35:03,125.23,597.39
2026-05-16T04:35:08,122.48,577.36
2026-05-16T04:35:13,122.48,577.36
2026-05-16T04:35:18,121.2,574.74
2026-05-16T04:35:23,121.2,574.74
2026-05-16T04:35:28,122.32,583.17
2026-05-16T04:35:33,122.32,583.17
2026-05-16T04:35:38,123.85,588.68
2026-05-16T04:35:43,123.85,588.68
2026-05-16T04:35:48,123.56,588.34
2026-05-16T04:35:53,123.56,588.34
2026-05-16T04:35:58,123.13,585.78
2026-05-16T04:36:03,123.13,585.78
2026-05-16T04:36:08,122.49,584.98
2026-05-16T04:36:13,122.49,584.98
2026-05-16T04:36:18,122.0,585.12
2026-05-16T04:36:23,122.0,585.12
2026-05-16T04:36:28,123.12,588.14
2026-05-16T04:36:33,123.12,588.14
2026-05-16T04:36:38,124.01,592.65
2026-05-16T04:36:43,124.01,592.65
2026-05-16T04:36:48,123.57,591.03
2026-05-16T04:36:53,123.57,591.03
2026-05-16T04:36:58,123.25,587.35
2026-05-16T04:37:03,123.25,587.35
2026-05-16T04:37:08,123.63,590.14
2026-05-16T04:37:13,123.63,590.14
2026-05-16T04:37:18,123.48,593.85
2026-05-16T04:37:23,123.48,593.85
2026-05-16T04:37:28,123.52,589.58
2026-05-16T04:37:33,123.52,589.58
2026-05-16T04:37:38,123.2,584.05
2026-05-16T04:37:43,123.2,584.05
2026-05-16T04:37:48,122.15,588.1
2026-05-16T04:37:53,122.15,588.1
2026-05-16T04:37:58,122.05,588.76
2026-05-16T04:38:03,122.05,588.76
2026-05-16T04:38:08,122.83,582.1
2026-05-16T04:38:13,122.83,582.1
2026-05-16T04:38:18,122.89,582.73
2026-05-16T04:38:23,122.89,582.73
2026-05-16T04:38:28,122.64,590.27
2026-05-16T04:38:33,122.64,590.27
2026-05-16T04:38:38,122.8,587.66
2026-05-16T04:38:43,122.8,587.66
2026-05-16T04:38:48,123.14,584.2
2026-05-16T04:38:53,123.14,584.2
2026-05-16T04:38:58,122.51,584.58
2026-05-16T04:39:03,122.51,584.58
2026-05-16T04:39:08,122.32,587.85
2026-05-16T04:39:13,122.32,587.85
2026-05-16T04:39:18,122.87,587.53
2026-05-16T04:39:23,122.87,587.53
2026-05-16T04:39:28,122.64,586.08
2026-05-16T04:39:33,122.64,586.08
2026-05-16T04:39:38,122.47,585.83
2026-05-16T04:39:43,122.47,585.83
2026-05-16T04:39:48,123.23,583.64
2026-05-16T04:39:53,123.23,583.64
2026-05-16T04:39:58,123.75,588.11
2026-05-16T04:40:03,123.75,588.11
2026-05-16T04:40:08,121.98,586.96
2026-05-16T04:40:13,121.98,586.96
2026-05-16T04:40:18,121.58,586.1
2026-05-16T04:40:23,121.58,586.1
2026-05-16T04:40:28,123.22,586.97
2026-05-16T04:40:33,123.22,586.97
2026-05-16T04:40:38,122.68,583.97
2026-05-16T04:40:43,122.68,583.97
2026-05-16T04:40:48,123.1,584.95
2026-05-16T04:40:53,123.1,584.95
2026-05-16T04:40:58,123.42,587.31
2026-05-16T04:41:03,123.42,587.31
2026-05-16T04:41:08,122.88,586.68
2026-05-16T04:41:13,122.88,586.68
2026-05-16T04:41:18,123.28,589.23
2026-05-16T04:41:23,123.28,589.23
2026-05-16T04:41:28,123.15,588.82
2026-05-16T04:41:33,123.15,588.82
2026-05-16T04:41:38,122.74,586.11
2026-05-16T04:41:43,122.74,586.11
2026-05-16T04:41:48,123.06,588.56
2026-05-16T04:41:53,123.06,588.56
2026-05-16T04:41:58,124.31,588.92
2026-05-16T04:42:03,124.31,588.92
2026-05-16T04:42:08,123.29,589.28
2026-05-16T04:42:13,123.29,589.28
2026-05-16T04:42:18,122.07,589.06
2026-05-16T04:42:23,122.07,589.06
2026-05-16T04:42:28,123.49,592.75
2026-05-16T04:42:33,123.49,592.75
2026-05-16T04:42:38,123.34,582.99
2026-05-16T04:42:43,123.34,582.99
2026-05-16T04:42:48,122.22,584.05
2026-05-16T04:42:53,122.22,584.05
2026-05-16T04:42:58,122.72,593.81
2026-05-16T04:43:03,122.72,593.81
2026-05-16T04:43:08,123.15,583.46
2026-05-16T04:43:13,123.15,583.46
2026-05-16T04:43:18,122.54,582.29
2026-05-16T04:43:23,122.54,582.29
2026-05-16T04:43:28,122.09,586.94
2026-05-16T04:43:33,122.09,586.94
2026-05-16T04:43:38,122.41,587.4
2026-05-16T04:43:43,122.41,587.4
2026-05-16T04:43:48,123.6,586.32
2026-05-16T04:43:53,123.6,586.32
2026-05-16T04:43:58,122.84,585.99
2026-05-16T04:44:03,122.84,585.99
2026-05-16T04:44:08,123.1,595.99
2026-05-16T04:44:13,123.1,595.99
2026-05-16T04:44:18,124.54,591.82
2026-05-16T04:44:23,124.54,591.82
2026-05-16T04:44:28,123.54,582.64
2026-05-16T04:44:33,123.54,582.64
2026-05-16T04:44:38,122.29,588.72
2026-05-16T04:44:43,122.29,588.72
2026-05-16T04:44:48,123.6,595.01
2026-05-16T04:44:53,123.6,595.01
2026-05-16T04:44:58,124.63,586.78
2026-05-16T04:45:03,124.63,586.78
2026-05-16T04:45:08,120.66,569.43
2026-05-16T04:45:13,120.66,569.43
2026-05-16T04:45:18,118.22,579.24
2026-05-16T04:45:23,118.22,579.24
2026-05-16T04:45:28,120.95,582.61
2026-05-16T04:45:33,120.95,582.61
2026-05-16T04:45:38,122.68,577.23
2026-05-16T04:45:43,122.68,577.23
2026-05-16T04:45:48,121.92,586.75
2026-05-16T04:45:53,121.92,586.75
2026-05-16T04:45:58,122.81,594.03
2026-05-16T04:46:03,122.81,594.03
2026-05-16T04:46:08,123.48,589.02
2026-05-16T04:46:13,123.48,589.02
2026-05-16T04:46:18,122.26,581.4
2026-05-16T04:46:23,122.26,581.4
2026-05-16T04:46:28,121.12,583.96
2026-05-16T04:46:33,121.12,583.96
2026-05-16T04:46:38,122.69,586.8
2026-05-16T04:46:43,122.69,586.8
2026-05-16T04:46:48,123.69,583.67
2026-05-16T04:46:53,123.69,583.67
2026-05-16T04:46:58,121.94,580.32
2026-05-16T04:47:03,121.94,580.32
2026-05-16T04:47:08,121.67,590.7
2026-05-16T04:47:13,121.67,590.7
2026-05-16T04:47:18,122.99,587.88
2026-05-16T04:47:23,122.99,587.88
2026-05-16T04:47:28,122.75,579.94
2026-05-16T04:47:33,122.75,579.94
2026-05-16T04:47:38,121.41,581.39
2026-05-16T04:47:43,121.41,581.39
2026-05-16T04:47:48,122.33,589.54
2026-05-16T04:47:53,122.33,589.54
2026-05-16T04:47:58,123.16,586.31
2026-05-16T04:48:03,123.16,586.31
2026-05-16T04:48:08,121.85,581.08
2026-05-16T04:48:13,121.85,581.08
2026-05-16T04:48:18,121.35,586.57
2026-05-16T04:48:23,121.35,586.57
2026-05-16T04:48:28,123.26,584.83
2026-05-16T04:48:33,123.26,584.83
2026-05-16T04:48:38,123.41,581.85
2026-05-16T04:48:43,123.41,581.85
2026-05-16T04:48:48,122.09,587.22
2026-05-16T04:48:53,122.09,587.22
2026-05-16T04:48:58,122.43,592.35
2026-05-16T04:49:03,122.43,592.35
2026-05-16T04:49:08,122.46,580.65
2026-05-16T04:49:13,122.46,580.65
2026-05-16T04:49:18,122.1,580.09
2026-05-16T04:49:23,122.1,580.09
2026-05-16T04:49:28,122.18,589.3
2026-05-16T04:49:33,122.18,589.3
2026-05-16T04:49:38,123.26,587.85
2026-05-16T04:49:43,123.26,587.85
2026-05-16T04:49:48,122.95,581.37
2026-05-16T04:49:53,122.95,581.37
2026-05-16T04:49:58,123.21,589.23
2026-05-16T04:50:03,123.21,589.23
2026-05-16T04:50:08,122.41,590.86
2026-05-16T04:50:13,122.41,590.86
2026-05-16T04:50:18,121.91,579.9
2026-05-16T04:50:23,121.91,579.9
2026-05-16T04:50:28,123.02,584.29
2026-05-16T04:50:33,123.02,584.29
2026-05-16T04:50:38,121.75,587.6
2026-05-16T04:50:43,121.75,587.6
2026-05-16T04:50:48,123.39,587.92
2026-05-16T04:50:53,123.39,587.92
2026-05-16T04:50:58,124.01,584.33
2026-05-16T04:51:03,124.01,584.33
2026-05-16T04:51:08,122.0,585.06
2026-05-16T04:51:13,122.0,585.06
2026-05-16T04:51:18,122.8,594.13
2026-05-16T04:51:23,122.8,594.13
2026-05-16T04:51:28,125.08,589.19
2026-05-16T04:51:33,125.08,589.19
2026-05-16T04:51:38,123.42,581.3
2026-05-16T04:51:43,123.42,581.3
2026-05-16T04:51:48,121.03,583.84
2026-05-16T04:51:53,121.03,583.84
2026-05-16T04:51:58,123.3,585.7
2026-05-16T04:52:03,123.3,585.7
2026-05-16T04:52:08,124.9,586.22
2026-05-16T04:52:13,124.9,586.22
2026-05-16T04:52:18,125.19,594.31
2026-05-16T04:52:23,125.19,594.31
2026-05-16T04:52:28,125.63,596.72
2026-05-16T04:52:33,125.63,596.72
2026-05-16T04:52:38,125.07,589.14
2026-05-16T04:52:43,125.07,589.14
2026-05-16T04:52:48,123.47,583.28
2026-05-16T04:52:53,123.47,583.28
2026-05-16T04:52:58,123.28,589.47
2026-05-16T04:53:03,123.28,589.47
2026-05-16T04:53:08,123.96,590.34
2026-05-16T04:53:13,123.96,590.34
2026-05-16T04:53:18,124.65,587.3
2026-05-16T04:53:23,124.65,587.3
2026-05-16T04:53:28,125.1,590.66
2026-05-16T04:53:33,125.1,590.66
2026-05-16T04:53:38,124.16,591.29
2026-05-16T04:53:43,124.16,591.29
2026-05-16T04:53:48,124.44,590.36
2026-05-16T04:53:53,124.44,590.36
2026-05-16T04:53:58,125.72,586.79
2026-05-16T04:54:03,125.72,586.79
2026-05-16T04:54:08,124.2,584.86
2026-05-16T04:54:13,124.2,584.86
2026-05-16T04:54:18,123.96,590.59
2026-05-16T04:54:23,123.96,590.59
2026-05-16T04:54:28,125.52,591.03
2026-05-16T04:54:33,125.52,591.03
2026-05-16T04:54:38,124.47,588.7
2026-05-16T04:54:43,124.47,588.7
2026-05-16T04:54:48,123.37,589.27
2026-05-16T04:54:53,123.37,589.27
2026-05-16T04:54:58,123.72,583.65
2026-05-16T04:55:03,123.72,583.65
2026-05-16T04:55:08,122.59,578.11
2026-05-16T04:55:13,122.59,578.11
2026-05-16T04:55:18,121.44,579.07
2026-05-16T04:55:23,121.44,579.07
2026-05-16T04:55:28,124.06,590.04
2026-05-16T04:55:33,124.06,590.04
2026-05-16T04:55:38,124.57,588.67
2026-05-16T04:55:43,124.57,588.67
2026-05-16T04:55:48,124.03,585.3
2026-05-16T04:55:53,124.03,585.3
2026-05-16T04:55:58,124.55,591.49
2026-05-16T04:56:03,124.55,591.49
2026-05-16T04:56:08,124.45,587.27
2026-05-16T04:56:13,124.45,587.27
2026-05-16T04:56:18,124.72,588.23
2026-05-16T04:56:23,124.72,588.23
2026-05-16T04:56:28,124.8,593.56
2026-05-16T04:56:33,124.8,593.56
2026-05-16T04:56:38,124.23,590.59
2026-05-16T04:56:43,124.23,590.59
2026-05-16T04:56:48,123.57,587.62
2026-05-16T04:56:53,123.57,587.62
2026-05-16T04:56:58,123.44,586.65
2026-05-16T04:57:03,123.44,586.65
2026-05-16T04:57:08,123.2,589.23
2026-05-16T04:57:13,123.2,589.23
2026-05-16T04:57:18,122.99,589.17
2026-05-16T04:57:23,122.99,589.17
2026-05-16T04:57:28,123.33,587.57
2026-05-16T04:57:33,123.33,587.57
2026-05-16T04:57:38,122.63,585.54
2026-05-16T04:57:43,122.63,585.54
2026-05-16T04:57:48,122.27,585.14
2026-05-16T04:57:53,122.27,585.14
2026-05-16T04:57:58,121.7,580.23
2026-05-16T04:58:03,121.7,580.23
2026-05-16T04:58:08,121.25,578.94
2026-05-16T04:58:13,121.25,578.94
2026-05-16T04:58:18,122.49,589.53
2026-05-16T04:58:23,122.49,589.53
2026-05-16T04:58:28,123.39,588.67
2026-05-16T04:58:33,123.39,588.67
2026-05-16T04:58:38,122.66,581.31
2026-05-16T04:58:43,122.66,581.31
2026-05-16T04:58:48,122.53,586.69
2026-05-16T04:58:53,122.53,586.69
2026-05-16T04:58:58,123.21,592.67
2026-05-16T04:59:03,123.21,592.67
2026-05-16T04:59:08,122.65,586.85
2026-05-16T04:59:13,122.65,586.85
2026-05-16T04:59:18,122.74,584.61
2026-05-16T04:59:23,122.74,584.61
2026-05-16T04:59:28,123.1,590.85
2026-05-16T04:59:33,123.1,590.85
2026-05-16T04:59:38,122.62,587.29
2026-05-16T04:59:43,122.62,587.29
2026-05-16T04:59:48,122.95,583.85
2026-05-16T04:59:53,122.95,583.85
2026-05-16T04:59:58,123.0,588.43
2026-05-16T05:00:03,123.0,588.43
2026-05-16T05:00:08,120.89,578.22
2026-05-16T05:00:13,120.89,578.22
2026-05-16T05:00:18,119.15,569.92
2026-05-16T05:00:23,119.15,569.92
2026-05-16T05:00:28,121.08,579.97
2026-05-16T05:00:33,121.08,579.97
2026-05-16T05:00:38,123.0,589.85
2026-05-16T05:00:43,123.0,589.85
2026-05-16T05:00:48,123.0,589.27
2026-05-16T05:00:53,123.0,589.27
2026-05-16T05:00:58,122.44,585.04
2026-05-16T05:01:03,122.44,585.04
2026-05-16T05:01:08,122.18,583.96
2026-05-16T05:01:13,122.18,583.96
2026-05-16T05:01:18,122.93,588.49
2026-05-16T05:01:23,122.93,588.49
2026-05-16T05:01:28,122.89,586.02
2026-05-16T05:01:33,122.89,586.02
2026-05-16T05:01:38,122.93,588.0
2026-05-16T05:01:43,122.93,588.0
2026-05-16T05:01:48,123.19,590.44
2026-05-16T05:01:53,123.19,590.44
2026-05-16T05:01:58,123.6,587.7
2026-05-16T05:02:03,123.6,587.7
2026-05-16T05:02:08,124.07,592.36
2026-05-16T05:02:13,124.07,592.36
2026-05-16T05:02:18,123.24,592.73
2026-05-16T05:02:23,123.24,592.73
2026-05-16T05:02:28,123.02,587.53
2026-05-16T05:02:33,123.02,587.53
2026-05-16T05:02:38,123.45,586.7
2026-05-16T05:02:43,123.45,586.7
2026-05-16T05:02:48,121.88,584.33
2026-05-16T05:02:53,121.88,584.33
2026-05-16T05:02:58,122.34,589.2
2026-05-16T05:03:03,122.34,589.2
2026-05-16T05:03:08,122.93,586.25
2026-05-16T05:03:13,122.93,586.25
2026-05-16T05:03:18,121.51,578.8
2026-05-16T05:03:23,121.51,578.8
2026-05-16T05:03:28,121.65,586.69
2026-05-16T05:03:33,121.65,586.69
2026-05-16T05:03:38,121.52,580.41
2026-05-16T05:03:43,121.52,580.41
2026-05-16T05:03:48,119.0,571.0
2026-05-16T05:03:53,119.0,571.0
2026-05-16T05:03:58,118.09,579.35
2026-05-16T05:04:03,118.09,579.35
2026-05-16T05:04:08,118.75,579.43
2026-05-16T05:04:13,118.75,579.43
2026-05-16T05:04:18,120.2,576.96
2026-05-16T05:04:23,120.2,576.96
2026-05-16T05:04:28,122.03,585.6
2026-05-16T05:04:33,122.03,585.6
2026-05-16T05:04:38,122.71,586.84
2026-05-16T05:04:43,122.71,586.84
2026-05-16T05:04:48,120.52,578.75
2026-05-16T05:04:53,120.52,578.75
2026-05-16T05:04:58,118.32,571.02
2026-05-16T05:05:03,118.32,571.02
2026-05-16T05:05:08,116.4,553.72
2026-05-16T05:05:13,116.4,553.72
2026-05-16T05:05:18,110.15,529.82
2026-05-16T05:05:23,110.15,529.82
2026-05-16T05:05:28,112.36,549.39
2026-05-16T05:05:33,112.36,549.39
2026-05-16T05:05:38,117.84,579.13
2026-05-16T05:05:43,117.84,579.13
2026-05-16T05:05:48,119.16,577.37
2026-05-16T05:05:53,119.16,577.37
2026-05-16T05:05:58,120.54,571.66
2026-05-16T05:06:03,120.54,571.66
2026-05-16T05:06:08,118.17,569.1
2026-05-16T05:06:13,118.17,569.1
2026-05-16T05:06:18,117.75,572.35
2026-05-16T05:06:23,117.75,572.35
2026-05-16T05:06:28,120.78,576.12
2026-05-16T05:06:33,120.78,576.12
2026-05-16T05:06:38,119.81,575.7
2026-05-16T05:06:43,119.81,575.7
2026-05-16T05:06:48,118.83,579.87
2026-05-16T05:06:53,118.83,579.87
2026-05-16T05:06:58,121.64,583.85
2026-05-16T05:07:03,121.64,583.85
2026-05-16T05:07:08,120.34,576.02
2026-05-16T05:07:13,120.34,576.02
2026-05-16T05:07:18,118.96,578.3
2026-05-16T05:07:23,118.96,578.3
2026-05-16T05:07:28,121.09,580.44
2026-05-16T05:07:33,121.09,580.44
2026-05-16T05:07:38,121.52,576.64
2026-05-16T05:07:43,121.52,576.64
2026-05-16T05:07:48,120.73,580.96
2026-05-16T05:07:53,120.73,580.96
2026-05-16T05:07:58,121.68,583.97
2026-05-16T05:08:03,121.68,583.97
2026-05-16T05:08:08,122.79,588.64
2026-05-16T05:08:13,122.79,588.64
2026-05-16T05:08:18,121.69,585.69
2026-05-16T05:08:23,121.69,585.69
2026-05-16T05:08:28,121.67,584.82
2026-05-16T05:08:33,121.67,584.82
2026-05-16T05:08:38,122.24,583.89
2026-05-16T05:08:43,122.24,583.89
2026-05-16T05:08:48,122.49,583.49
2026-05-16T05:08:53,122.49,583.49
2026-05-16T05:08:58,123.11,590.79
2026-05-16T05:09:03,123.11,590.79
2026-05-16T05:09:08,119.43,563.32
2026-05-16T05:09:13,119.43,563.32
2026-05-16T05:09:18,114.61,550.47
2026-05-16T05:09:23,114.61,550.47
2026-05-16T05:09:28,118.19,581.48
2026-05-16T05:09:33,118.19,581.48
2026-05-16T05:09:38,121.92,583.7
2026-05-16T05:09:43,121.92,583.7
2026-05-16T05:09:48,122.63,586.91
2026-05-16T05:09:53,122.63,586.91
2026-05-16T05:09:58,123.42,590.95
2026-05-16T05:10:03,123.42,590.95
2026-05-16T05:10:08,119.42,561.7
2026-05-16T05:10:13,119.42,561.7
2026-05-16T05:10:18,115.58,557.86
2026-05-16T05:10:23,115.58,557.86
2026-05-16T05:10:28,118.37,575.97
2026-05-16T05:10:33,118.37,575.97
2026-05-16T05:10:38,122.0,584.66
2026-05-16T05:10:43,122.0,584.66
2026-05-16T05:10:48,122.74,592.77
2026-05-16T05:10:53,122.74,592.77
2026-05-16T05:10:58,123.96,592.91
2026-05-16T05:11:03,123.96,592.91
2026-05-16T05:11:08,123.39,580.86
2026-05-16T05:11:13,123.39,580.86
2026-05-16T05:11:18,121.93,585.55
2026-05-16T05:11:23,121.93,585.55
2026-05-16T05:11:28,123.0,594.97
2026-05-16T05:11:33,123.0,594.97
2026-05-16T05:11:38,124.41,586.35
2026-05-16T05:11:43,124.41,586.35
2026-05-16T05:11:48,123.0,584.35
2026-05-16T05:11:53,123.0,584.35
2026-05-16T05:11:58,121.67,587.49
2026-05-16T05:12:03,121.67,587.49
2026-05-16T05:12:08,122.79,593.13
2026-05-16T05:12:13,122.79,593.13
2026-05-16T05:12:18,124.44,588.09
2026-05-16T05:12:23,124.44,588.09
2026-05-16T05:12:28,123.46,587.64
2026-05-16T05:12:33,123.46,587.64
2026-05-16T05:12:38,122.72,591.61
2026-05-16T05:12:43,122.72,591.61
2026-05-16T05:12:48,123.89,586.79
2026-05-16T05:12:53,123.89,586.79
2026-05-16T05:12:58,123.54,580.25
2026-05-16T05:13:03,123.54,580.25
2026-05-16T05:13:08,122.46,580.58
2026-05-16T05:13:13,122.46,580.58
2026-05-16T05:13:18,123.37,592.17
2026-05-16T05:13:23,123.37,592.17
2026-05-16T05:13:28,124.54,586.44
2026-05-16T05:13:33,124.54,586.44
2026-05-16T05:13:38,123.99,584.34
2026-05-16T05:13:43,123.99,584.34
2026-05-16T05:13:48,124.22,592.38
2026-05-16T05:13:53,124.22,592.38
2026-05-16T05:13:58,124.41,586.3
2026-05-16T05:14:03,124.41,586.3
2026-05-16T05:14:08,123.5,585.66
2026-05-16T05:14:13,123.5,585.66
2026-05-16T05:14:18,123.43,590.11
2026-05-16T05:14:23,123.43,590.11
2026-05-16T05:14:28,123.65,590.02
2026-05-16T05:14:33,123.65,590.02
2026-05-16T05:14:38,124.01,584.73
2026-05-16T05:14:43,124.01,584.73
2026-05-16T05:14:48,124.88,585.16
2026-05-16T05:14:53,124.88,585.16
2026-05-16T05:14:58,124.52,591.66
2026-05-16T05:15:03,124.52,591.66
2026-05-16T05:15:08,122.61,579.5
2026-05-16T05:15:13,122.61,579.5
2026-05-16T05:15:18,121.64,574.88
2026-05-16T05:15:23,121.64,574.88
2026-05-16T05:15:28,123.17,587.5
2026-05-16T05:15:33,123.17,587.5
2026-05-16T05:15:38,123.71,588.06
2026-05-16T05:15:43,123.71,588.06
2026-05-16T05:15:48,123.91,587.21
2026-05-16T05:15:53,123.91,587.21
2026-05-16T05:15:58,124.5,587.16
2026-05-16T05:16:03,124.5,587.16
2026-05-16T05:16:08,123.41,582.31
2026-05-16T05:16:13,123.41,582.31
2026-05-16T05:16:18,123.54,588.87
2026-05-16T05:16:23,123.54,588.87
2026-05-16T05:16:28,124.24,592.11
2026-05-16T05:16:33,124.24,592.11
2026-05-16T05:16:38,124.31,587.62
2026-05-16T05:16:43,124.31,587.62
2026-05-16T05:16:48,123.45,585.49
2026-05-16T05:16:53,123.45,585.49
2026-05-16T05:16:58,123.74,587.58
2026-05-16T05:17:03,123.74,587.58
2026-05-16T05:17:08,123.83,584.05
2026-05-16T05:17:13,123.83,584.05
2026-05-16T05:17:18,123.37,583.23
2026-05-16T05:17:23,123.37,583.23
2026-05-16T05:17:28,124.46,590.98
2026-05-16T05:17:33,124.46,590.98
2026-05-16T05:17:38,124.06,587.22
2026-05-16T05:17:43,124.06,587.22
2026-05-16T05:17:48,123.51,585.17
2026-05-16T05:17:53,123.51,585.17
2026-05-16T05:17:58,123.96,590.85
2026-05-16T05:18:03,123.96,590.85
2026-05-16T05:18:08,123.7,590.93
2026-05-16T05:18:13,123.7,590.93
2026-05-16T05:18:18,122.95,586.22
2026-05-16T05:18:23,122.95,586.22
2026-05-16T05:18:28,123.14,584.19
2026-05-16T05:18:33,123.14,584.19
2026-05-16T05:18:38,123.29,592.22
2026-05-16T05:18:43,123.29,592.22
2026-05-16T05:18:48,123.05,592.01
2026-05-16T05:18:53,123.05,592.01
2026-05-16T05:18:58,122.56,583.86
2026-05-16T05:19:03,122.56,583.86
2026-05-16T05:19:08,120.67,573.29
2026-05-16T05:19:13,120.67,573.29
2026-05-16T05:19:18,120.18,574.5
2026-05-16T05:19:23,120.18,574.5
2026-05-16T05:19:28,122.25,590.42
2026-05-16T05:19:33,122.25,590.42
2026-05-16T05:19:38,123.19,589.91
2026-05-16T05:19:43,123.19,589.91
2026-05-16T05:19:48,123.46,590.42
2026-05-16T05:19:53,123.46,590.42
2026-05-16T05:19:58,123.45,589.68
2026-05-16T05:20:03,123.45,589.68
2026-05-16T05:20:08,120.94,566.32
2026-05-16T05:20:13,120.94,566.32
2026-05-16T05:20:18,116.2,559.54
2026-05-16T05:20:23,116.2,559.54
2026-05-16T05:20:28,117.67,576.93
2026-05-16T05:20:33,117.67,576.93
2026-05-16T05:20:38,122.22,585.29
2026-05-16T05:20:43,122.22,585.29
2026-05-16T05:20:48,122.74,587.16
2026-05-16T05:20:53,122.74,587.16
2026-05-16T05:20:58,122.46,584.98
2026-05-16T05:21:03,122.46,584.98
2026-05-16T05:21:08,122.08,587.72
2026-05-16T05:21:13,122.08,587.72
2026-05-16T05:21:18,122.49,589.0
2026-05-16T05:21:23,122.49,589.0
2026-05-16T05:21:28,122.88,585.72
2026-05-16T05:21:33,122.88,585.72
2026-05-16T05:21:38,122.57,584.57
2026-05-16T05:21:43,122.57,584.57
2026-05-16T05:21:48,123.31,588.85
2026-05-16T05:21:53,123.31,588.85
2026-05-16T05:21:58,123.21,586.87
2026-05-16T05:22:03,123.21,586.87
2026-05-16T05:22:08,121.96,582.75
2026-05-16T05:22:13,121.96,582.75
2026-05-16T05:22:18,122.12,585.02
2026-05-16T05:22:23,122.12,585.02
2026-05-16T05:22:28,122.5,583.24
2026-05-16T05:22:33,122.5,583.24
2026-05-16T05:22:38,122.48,584.66
2026-05-16T05:22:43,122.48,584.66
2026-05-16T05:22:48,122.34,585.61
2026-05-16T05:22:53,122.34,585.61
2026-05-16T05:22:58,122.07,584.75
2026-05-16T05:23:03,122.07,584.75
2026-05-16T05:23:08,122.0,586.08
2026-05-16T05:23:13,122.0,586.08
2026-05-16T05:23:18,122.65,589.68
2026-05-16T05:23:23,122.65,589.68
2026-05-16T05:23:28,123.13,591.79
2026-05-16T05:23:33,123.13,591.79
2026-05-16T05:23:38,122.45,585.62
2026-05-16T05:23:43,122.45,585.62
2026-05-16T05:23:48,121.76,578.95
2026-05-16T05:23:53,121.76,578.95
2026-05-16T05:23:58,122.57,584.97
2026-05-16T05:24:03,122.57,584.97
2026-05-16T05:24:08,122.26,586.83
2026-05-16T05:24:13,122.26,586.83
2026-05-16T05:24:18,121.33,580.94
2026-05-16T05:24:23,121.33,580.94
2026-05-16T05:24:28,121.8,582.05
2026-05-16T05:24:33,121.8,582.05
2026-05-16T05:24:38,122.28,585.54
2026-05-16T05:24:43,122.28,585.54
2026-05-16T05:24:48,122.87,586.4
2026-05-16T05:24:53,122.87,586.4
2026-05-16T05:24:58,123.7,586.23
2026-05-16T05:25:03,123.7,586.23
2026-05-16T05:25:08,121.94,581.85
2026-05-16T05:25:13,121.94,581.85
2026-05-16T05:25:18,121.19,581.99
2026-05-16T05:25:23,121.19,581.99
2026-05-16T05:25:28,122.82,585.25
2026-05-16T05:25:33,122.82,585.25
2026-05-16T05:25:38,123.3,585.89
2026-05-16T05:25:43,123.3,585.89
2026-05-16T05:25:48,123.0,588.11
2026-05-16T05:25:53,123.0,588.11
2026-05-16T05:25:58,123.01,585.11
2026-05-16T05:26:03,123.01,585.11
2026-05-16T05:26:08,124.01,589.53
2026-05-16T05:26:13,124.01,589.53
2026-05-16T05:26:18,123.48,590.75
2026-05-16T05:26:23,123.48,590.75
2026-05-16T05:26:28,122.55,583.85
2026-05-16T05:26:33,122.55,583.85
2026-05-16T05:26:38,124.12,587.15
2026-05-16T05:26:43,124.12,587.15
2026-05-16T05:26:48,123.17,584.71
2026-05-16T05:26:53,123.17,584.71
2026-05-16T05:26:58,121.5,585.18
2026-05-16T05:27:03,121.5,585.18
2026-05-16T05:27:08,122.18,584.89
2026-05-16T05:27:13,122.18,584.89
2026-05-16T05:27:18,121.99,581.74
2026-05-16T05:27:23,121.99,581.74
2026-05-16T05:27:28,122.32,585.81
2026-05-16T05:27:33,122.32,585.81
2026-05-16T05:27:38,123.55,588.88
2026-05-16T05:27:43,123.55,588.88
2026-05-16T05:27:48,123.54,589.08
2026-05-16T05:27:53,123.54,589.08
2026-05-16T05:27:58,122.61,585.9
2026-05-16T05:28:03,122.61,585.9
2026-05-16T05:28:08,123.15,591.72
2026-05-16T05:28:13,123.15,591.72
2026-05-16T05:28:18,123.44,585.77
2026-05-16T05:28:23,123.44,585.77
2026-05-16T05:28:28,122.8,584.98
2026-05-16T05:28:33,122.8,584.98
2026-05-16T05:28:38,122.42,589.79
2026-05-16T05:28:43,122.42,589.79
2026-05-16T05:28:48,123.54,584.95
2026-05-16T05:28:53,123.54,584.95
2026-05-16T05:28:58,123.15,585.91
2026-05-16T05:29:03,123.15,585.91
2026-05-16T05:29:08,122.77,583.07
2026-05-16T05:29:13,122.77,583.07
2026-05-16T05:29:18,129.14,590.95
2026-05-16T05:29:23,129.14,590.95
2026-05-16T05:29:28,128.55,588.27
2026-05-16T05:29:33,128.55,588.27
2026-05-16T05:29:38,123.0,581.74
2026-05-16T05:29:43,123.0,581.74
2026-05-16T05:29:48,122.88,586.5
2026-05-16T05:29:53,122.88,586.5
2026-05-16T05:29:58,122.28,583.68
2026-05-16T05:30:03,122.28,583.68
2026-05-16T05:30:08,119.05,560.95
2026-05-16T05:30:13,119.05,560.95
2026-05-16T05:30:18,115.64,556.02
2026-05-16T05:30:23,115.64,556.02
2026-05-16T05:30:28,118.69,578.09
2026-05-16T05:30:33,118.69,578.09
2026-05-16T05:30:38,122.28,584.83
2026-05-16T05:30:43,122.28,584.83
2026-05-16T05:30:48,122.34,583.66
2026-05-16T05:30:53,122.34,583.66
2026-05-16T05:30:58,122.62,585.29
2026-05-16T05:31:03,122.62,585.29
2026-05-16T05:31:08,121.68,586.38
2026-05-16T05:31:13,121.68,586.38
2026-05-16T05:31:18,121.51,583.21
2026-05-16T05:31:23,121.51,583.21
2026-05-16T05:31:28,123.6,585.19
2026-05-16T05:31:33,123.6,585.19
2026-05-16T05:31:38,123.61,588.8
2026-05-16T05:31:43,123.61,588.8
2026-05-16T05:31:48,122.84,587.62
2026-05-16T05:31:53,122.84,587.62
2026-05-16T05:31:58,123.17,587.95
2026-05-16T05:32:03,123.17,587.95
2026-05-16T05:32:08,122.72,586.98
2026-05-16T05:32:13,122.72,586.98
2026-05-16T05:32:18,121.85,584.87
2026-05-16T05:32:23,121.85,584.87
2026-05-16T05:32:28,122.43,587.78
2026-05-16T05:32:33,122.43,587.78
2026-05-16T05:32:38,123.39,587.93
2026-05-16T05:32:43,123.39,587.93
2026-05-16T05:32:48,122.76,585.74
2026-05-16T05:32:53,122.76,585.74
2026-05-16T05:32:58,122.48,585.58
2026-05-16T05:33:03,122.48,585.58
2026-05-16T05:33:08,123.47,592.75
2026-05-16T05:33:13,123.47,592.75
2026-05-16T05:33:18,123.22,588.97
2026-05-16T05:33:23,123.22,588.97
2026-05-16T05:33:28,122.8,582.6
2026-05-16T05:33:33,122.8,582.6
2026-05-16T05:33:38,122.58,587.2
2026-05-16T05:33:43,122.58,587.2
2026-05-16T05:33:48,122.73,586.34
2026-05-16T05:33:53,122.73,586.34
2026-05-16T05:33:58,123.25,594.26
2026-05-16T05:34:03,123.25,594.26
2026-05-16T05:34:08,122.47,591.52
2026-05-16T05:34:13,122.47,591.52
2026-05-16T05:34:18,121.77,584.41
2026-05-16T05:34:23,121.77,584.41
2026-05-16T05:34:28,123.58,587.55
2026-05-16T05:34:33,123.58,587.55
2026-05-16T05:34:38,124.71,583.88
2026-05-16T05:34:43,124.71,583.88
2026-05-16T05:34:48,123.26,585.96
2026-05-16T05:34:53,123.26,585.96
2026-05-16T05:34:58,123.58,588.21
2026-05-16T05:35:03,123.58,588.21
2026-05-16T05:35:08,123.04,576.08
2026-05-16T05:35:13,123.04,576.08
2026-05-16T05:35:18,121.15,576.09
2026-05-16T05:35:23,121.15,576.09
2026-05-16T05:35:28,122.38,590.24
2026-05-16T05:35:33,122.38,590.24
2026-05-16T05:35:38,124.16,584.61
2026-05-16T05:35:43,124.16,584.61
2026-05-16T05:35:48,124.49,583.59
2026-05-16T05:35:53,124.49,583.59
2026-05-16T05:35:58,124.49,597.53
2026-05-16T05:36:03,124.49,597.53
2026-05-16T05:36:08,122.64,583.33
2026-05-16T05:36:13,122.64,583.33
2026-05-16T05:36:18,122.61,573.38
2026-05-16T05:36:23,122.61,573.38
2026-05-16T05:36:28,124.11,589.16
2026-05-16T05:36:33,124.11,589.16
2026-05-16T05:36:38,125.0,593.9
2026-05-16T05:36:43,125.0,593.9
2026-05-16T05:36:48,125.52,589.0
2026-05-16T05:36:53,125.52,589.0
2026-05-16T05:36:58,123.56,584.92
2026-05-16T05:37:03,123.56,584.92
2026-05-16T05:37:08,123.8,593.32
2026-05-16T05:37:13,123.8,593.32
2026-05-16T05:37:18,125.96,593.9
2026-05-16T05:37:23,125.96,593.9
2026-05-16T05:37:28,126.06,588.22
2026-05-16T05:37:33,126.06,588.22
2026-05-16T05:37:38,124.67,590.18
2026-05-16T05:37:43,124.67,590.18
2026-05-16T05:37:48,124.52,591.09
2026-05-16T05:37:53,124.52,591.09
2026-05-16T05:37:58,123.89,587.5
2026-05-16T05:38:03,123.89,587.5
2026-05-16T05:38:08,123.82,585.74
2026-05-16T05:38:13,123.82,585.74
2026-05-16T05:38:18,125.1,592.02
2026-05-16T05:38:23,125.1,592.02
2026-05-16T05:38:28,123.69,586.21
2026-05-16T05:38:33,123.69,586.21
2026-05-16T05:38:38,123.61,583.62
2026-05-16T05:38:43,123.61,583.62
2026-05-16T05:38:48,124.69,590.24
2026-05-16T05:38:53,124.69,590.24
2026-05-16T05:38:58,124.05,592.56
2026-05-16T05:39:03,124.05,592.56
2026-05-16T05:39:08,121.93,579.75
2026-05-16T05:39:13,121.93,579.75
2026-05-16T05:39:18,119.09,568.68
2026-05-16T05:39:23,119.09,568.68
2026-05-16T05:39:28,120.52,579.74
2026-05-16T05:39:33,120.52,579.74
2026-05-16T05:39:38,122.99,589.46
2026-05-16T05:39:43,122.99,589.46
2026-05-16T05:39:48,122.68,589.28
2026-05-16T05:39:53,122.68,589.28
2026-05-16T05:39:58,123.34,584.62
2026-05-16T05:40:03,123.34,584.62
2026-05-16T05:40:08,120.37,562.52
2026-05-16T05:40:13,120.37,562.52
2026-05-16T05:40:18,116.12,560.57
2026-05-16T05:40:23,116.12,560.57
2026-05-16T05:40:28,118.82,578.96
2026-05-16T05:40:33,118.82,578.96
2026-05-16T05:40:38,122.25,585.35
2026-05-16T05:40:43,122.25,585.35
2026-05-16T05:40:48,122.24,587.78
2026-05-16T05:40:53,122.24,587.78
2026-05-16T05:40:58,122.59,582.77
2026-05-16T05:41:03,122.59,582.77
2026-05-16T05:41:08,122.98,587.7
2026-05-16T05:41:13,122.98,587.7
2026-05-16T05:41:18,123.21,593.02
2026-05-16T05:41:23,123.21,593.02
2026-05-16T05:41:28,123.76,590.39
2026-05-16T05:41:33,123.76,590.39
2026-05-16T05:41:38,123.06,585.33
2026-05-16T05:41:43,123.06,585.33
2026-05-16T05:41:48,122.28,585.37
2026-05-16T05:41:53,122.28,585.37
2026-05-16T05:41:58,122.02,588.31
2026-05-16T05:42:03,122.02,588.31
2026-05-16T05:42:08,122.44,585.95
2026-05-16T05:42:13,122.44,585.95
2026-05-16T05:42:18,122.01,583.53
2026-05-16T05:42:23,122.01,583.53
2026-05-16T05:42:28,122.35,584.36
2026-05-16T05:42:33,122.35,584.36
2026-05-16T05:42:38,123.25,590.15
2026-05-16T05:42:43,123.25,590.15
2026-05-16T05:42:48,122.4,584.29
2026-05-16T05:42:53,122.4,584.29
2026-05-16T05:42:58,121.66,580.3
2026-05-16T05:43:03,121.66,580.3
2026-05-16T05:43:08,121.64,587.54
2026-05-16T05:43:13,121.64,587.54
2026-05-16T05:43:18,123.02,585.92
2026-05-16T05:43:23,123.02,585.92
2026-05-16T05:43:28,123.72,591.48
2026-05-16T05:43:33,123.72,591.48
2026-05-16T05:43:38,123.47,590.35
2026-05-16T05:43:43,123.47,590.35
2026-05-16T05:43:48,122.95,586.88
2026-05-16T05:43:53,122.95,586.88
2026-05-16T05:43:58,123.34,591.08
2026-05-16T05:44:03,123.34,591.08
2026-05-16T05:44:08,123.89,591.41
2026-05-16T05:44:13,123.89,591.41
2026-05-16T05:44:18,123.35,587.88
2026-05-16T05:44:23,123.35,587.88
2026-05-16T05:44:28,122.75,587.07
2026-05-16T05:44:33,122.75,587.07
2026-05-16T05:44:38,122.65,589.58
2026-05-16T05:44:43,122.65,589.58
2026-05-16T05:44:48,122.67,583.77
2026-05-16T05:44:53,122.67,583.77
2026-05-16T05:44:58,122.94,585.76
2026-05-16T05:45:03,122.94,585.76
2026-05-16T05:45:08,120.13,573.96
2026-05-16T05:45:13,120.13,573.96
2026-05-16T05:45:18,118.44,569.88
2026-05-16T05:45:23,118.44,569.88
2026-05-16T05:45:28,121.68,584.06
2026-05-16T05:45:33,121.68,584.06
2026-05-16T05:45:38,122.67,585.21
2026-05-16T05:45:43,122.67,585.21
2026-05-16T05:45:48,122.23,588.89
2026-05-16T05:45:53,122.23,588.89
2026-05-16T05:45:58,122.89,584.93
2026-05-16T05:46:03,122.89,584.93
2026-05-16T05:46:08,122.84,583.28
2026-05-16T05:46:13,122.84,583.28
2026-05-16T05:46:18,122.67,591.77
2026-05-16T05:46:23,122.67,591.77
2026-05-16T05:46:28,123.7,591.23
2026-05-16T05:46:33,123.7,591.23
2026-05-16T05:46:38,123.72,586.08
2026-05-16T05:46:43,123.72,586.08
2026-05-16T05:46:48,123.22,592.17
2026-05-16T05:46:53,123.22,592.17
2026-05-16T05:46:58,122.69,591.9
2026-05-16T05:47:03,122.69,591.9
2026-05-16T05:47:08,123.34,584.61
2026-05-16T05:47:13,123.34,584.61
2026-05-16T05:47:18,123.09,582.99
2026-05-16T05:47:23,123.09,582.99
2026-05-16T05:47:28,121.97,586.01
2026-05-16T05:47:33,121.97,586.01
2026-05-16T05:47:38,123.05,591.03
2026-05-16T05:47:43,123.05,591.03
2026-05-16T05:47:48,123.67,585.61
2026-05-16T05:47:53,123.67,585.61
2026-05-16T05:47:58,122.09,583.46
2026-05-16T05:48:03,122.09,583.46
2026-05-16T05:48:08,121.36,586.47
2026-05-16T05:48:13,121.36,586.47
2026-05-16T05:48:18,122.47,585.89
2026-05-16T05:48:23,122.47,585.89
2026-05-16T05:48:28,122.59,585.09
2026-05-16T05:48:33,122.59,585.09
2026-05-16T05:48:38,122.44,585.29
2026-05-16T05:48:43,122.44,585.29
2026-05-16T05:48:48,123.03,589.15
2026-05-16T05:48:53,123.03,589.15
2026-05-16T05:48:58,122.96,590.56
2026-05-16T05:49:03,122.96,590.56
2026-05-16T05:49:08,121.46,580.79
2026-05-16T05:49:13,121.46,580.79
2026-05-16T05:49:18,121.14,582.36
2026-05-16T05:49:23,121.14,582.36
2026-05-16T05:49:28,122.22,585.67
2026-05-16T05:49:33,122.22,585.67
2026-05-16T05:49:38,122.66,583.17
2026-05-16T05:49:43,122.66,583.17
2026-05-16T05:49:48,122.45,587.19
2026-05-16T05:49:53,122.45,587.19
2026-05-16T05:49:58,123.55,592.05
2026-05-16T05:50:03,123.55,592.05
2026-05-16T05:50:08,121.04,576.68
2026-05-16T05:50:13,121.04,576.68
2026-05-16T05:50:18,118.55,570.73
2026-05-16T05:50:23,118.55,570.73
2026-05-16T05:50:28,121.49,581.64
2026-05-16T05:50:33,121.49,581.64
2026-05-16T05:50:38,122.59,580.39
2026-05-16T05:50:43,122.59,580.39
2026-05-16T05:50:48,122.29,583.9
2026-05-16T05:50:53,122.29,583.9
2026-05-16T05:50:58,122.56,588.29
2026-05-16T05:51:03,122.56,588.29
2026-05-16T05:51:08,122.23,588.49
2026-05-16T05:51:13,122.23,588.49
2026-05-16T05:51:18,122.06,585.02
2026-05-16T05:51:23,122.06,585.02
2026-05-16T05:51:28,122.9,585.94
2026-05-16T05:51:33,122.9,585.94
2026-05-16T05:51:38,123.34,586.97
2026-05-16T05:51:43,123.34,586.97
2026-05-16T05:51:48,122.5,587.42
2026-05-16T05:51:53,122.5,587.42
2026-05-16T05:51:58,122.99,587.62
2026-05-16T05:52:03,122.99,587.62
2026-05-16T05:52:08,123.28,587.69
2026-05-16T05:52:13,123.28,587.69
2026-05-16T05:52:18,122.77,587.28
2026-05-16T05:52:23,122.77,587.28
2026-05-16T05:52:28,123.85,591.29
2026-05-16T05:52:33,123.85,591.29
2026-05-16T05:52:38,124.02,590.87
2026-05-16T05:52:43,124.02,590.87
2026-05-16T05:52:48,123.06,589.67
2026-05-16T05:52:53,123.06,589.67
2026-05-16T05:52:58,123.36,592.34
2026-05-16T05:53:03,123.36,592.34
2026-05-16T05:53:08,123.8,587.23
2026-05-16T05:53:13,123.8,587.23
2026-05-16T05:53:18,123.05,587.41
2026-05-16T05:53:23,123.05,587.41
2026-05-16T05:53:28,124.01,594.1
2026-05-16T05:53:33,124.01,594.1
2026-05-16T05:53:38,124.33,592.62
2026-05-16T05:53:43,124.33,592.62
2026-05-16T05:53:48,123.35,585.8
2026-05-16T05:53:53,123.35,585.8
2026-05-16T05:53:58,122.91,585.01
2026-05-16T05:54:03,122.91,585.01
2026-05-16T05:54:08,121.61,588.91
2026-05-16T05:54:13,121.61,588.91
2026-05-16T05:54:18,123.2,586.3
2026-05-16T05:54:23,123.2,586.3
2026-05-16T05:54:28,124.34,586.65
2026-05-16T05:54:33,124.34,586.65
2026-05-16T05:54:38,123.67,596.18
2026-05-16T05:54:43,123.67,596.18
2026-05-16T05:54:48,124.06,592.34
2026-05-16T05:54:53,124.06,592.34
2026-05-16T05:54:58,123.74,582.6
2026-05-16T05:55:03,123.74,582.6
2026-05-16T05:55:08,121.11,579.68
2026-05-16T05:55:13,121.11,579.68
2026-05-16T05:55:18,120.97,587.9
2026-05-16T05:55:23,120.97,587.9
2026-05-16T05:55:28,124.5,591.22
2026-05-16T05:55:33,124.5,591.22
2026-05-16T05:55:38,125.05,584.06
2026-05-16T05:55:43,125.05,584.06
2026-05-16T05:55:48,122.79,588.7
2026-05-16T05:55:53,122.79,588.7
2026-05-16T05:55:58,124.22,593.93
2026-05-16T05:56:03,124.22,593.93
2026-05-16T05:56:08,126.0,589.68
2026-05-16T05:56:13,126.0,589.68
2026-05-16T05:56:18,124.09,591.26
2026-05-16T05:56:23,124.09,591.26
2026-05-16T05:56:28,123.02,588.76
2026-05-16T05:56:33,123.02,588.76
2026-05-16T05:56:38,123.71,584.44
2026-05-16T05:56:43,123.71,584.44
2026-05-16T05:56:48,124.64,586.93
2026-05-16T05:56:53,124.64,586.93
2026-05-16T05:56:58,123.72,587.45
2026-05-16T05:57:03,123.72,587.45
2026-05-16T05:57:08,123.21,585.39
2026-05-16T05:57:13,123.21,585.39
2026-05-16T05:57:18,124.64,583.63
2026-05-16T05:57:23,124.64,583.63
2026-05-16T05:57:28,124.66,587.26
2026-05-16T05:57:33,124.66,587.26
2026-05-16T05:57:38,123.9,591.25
2026-05-16T05:57:43,123.9,591.25
2026-05-16T05:57:48,124.62,589.39
2026-05-16T05:57:53,124.62,589.39
2026-05-16T05:57:58,124.61,584.32
2026-05-16T05:58:03,124.61,584.32
2026-05-16T05:58:08,123.34,587.83
2026-05-16T05:58:13,123.34,587.83
2026-05-16T05:58:18,123.75,592.8
2026-05-16T05:58:23,123.75,592.8
2026-05-16T05:58:28,125.09,585.97
2026-05-16T05:58:33,125.09,585.97
2026-05-16T05:58:38,124.16,584.57
2026-05-16T05:58:43,124.16,584.57
2026-05-16T05:58:48,123.2,592.23
2026-05-16T05:58:53,123.2,592.23
2026-05-16T05:58:58,123.78,590.94
2026-05-16T05:59:03,123.78,590.94
2026-05-16T05:59:08,123.28,582.84
2026-05-16T05:59:13,123.28,582.84
2026-05-16T05:59:18,122.81,586.17
2026-05-16T05:59:23,122.81,586.17
2026-05-16T05:59:28,123.96,593.21
2026-05-16T05:59:33,123.96,593.21
2026-05-16T05:59:38,125.11,590.89
2026-05-16T05:59:43,125.11,590.89
2026-05-16T05:59:48,124.92,588.0
2026-05-16T05:59:53,124.92,588.0
2026-05-16T05:59:58,124.56,590.89
2026-05-16T06:00:03,124.56,590.89
2026-05-16T06:00:08,121.85,574.38
2026-05-16T06:00:13,121.85,574.38
2026-05-16T06:00:18,110.41,530.08
2026-05-16T06:00:23,110.41,530.08
2026-05-16T06:00:28,111.38,545.93
2026-05-16T06:00:33,111.38,545.93
2026-05-16T06:00:38,121.51,586.88
2026-05-16T06:00:43,121.51,586.88
2026-05-16T06:00:48,122.57,583.76
2026-05-16T06:00:53,122.57,583.76
2026-05-16T06:00:58,122.62,583.57
2026-05-16T06:01:03,122.62,583.57
2026-05-16T06:01:08,122.27,588.6
2026-05-16T06:01:13,122.27,588.6
2026-05-16T06:01:18,123.44,586.12
2026-05-16T06:01:23,123.44,586.12
2026-05-16T06:01:28,122.11,583.09
2026-05-16T06:01:33,122.11,583.09
2026-05-16T06:01:38,121.71,586.21
2026-05-16T06:01:43,121.71,586.21
2026-05-16T06:01:48,122.53,585.52
2026-05-16T06:01:53,122.53,585.52
2026-05-16T06:01:58,122.6,584.36
2026-05-16T06:02:03,122.6,584.36
2026-05-16T06:02:08,123.44,586.94
2026-05-16T06:02:13,123.44,586.94
2026-05-16T06:02:18,123.07,588.85
2026-05-16T06:02:23,123.07,588.85
2026-05-16T06:02:28,122.95,590.02
2026-05-16T06:02:33,122.95,590.02
2026-05-16T06:02:38,122.91,588.1
2026-05-16T06:02:43,122.91,588.1
2026-05-16T06:02:48,122.7,583.87
2026-05-16T06:02:53,122.7,583.87
2026-05-16T06:02:58,122.22,586.51
2026-05-16T06:03:03,122.22,586.51
2026-05-16T06:03:08,121.96,582.84
2026-05-16T06:03:13,121.96,582.84
2026-05-16T06:03:18,121.7,579.88
2026-05-16T06:03:23,121.7,579.88
2026-05-16T06:03:28,121.94,586.72
2026-05-16T06:03:33,121.94,586.72
2026-05-16T06:03:38,122.21,591.51
2026-05-16T06:03:43,122.21,591.51
2026-05-16T06:03:48,122.8,587.25
2026-05-16T06:03:53,122.8,587.25
2026-05-16T06:03:58,123.24,583.24
2026-05-16T06:04:03,123.24,583.24
2026-05-16T06:04:08,121.74,578.83
2026-05-16T06:04:13,121.74,578.83
2026-05-16T06:04:18,121.47,590.01
2026-05-16T06:04:23,121.47,590.01
2026-05-16T06:04:28,123.62,591.81
2026-05-16T06:04:33,123.62,591.81
2026-05-16T06:04:38,122.69,577.62
2026-05-16T06:04:43,122.69,577.62
2026-05-16T06:04:48,121.93,587.12
2026-05-16T06:04:53,121.93,587.12
2026-05-16T06:04:58,123.21,590.76
2026-05-16T06:05:03,123.21,590.76
2026-05-16T06:05:08,121.2,576.2
2026-05-16T06:05:13,121.2,576.2
2026-05-16T06:05:18,119.95,573.36
2026-05-16T06:05:23,119.95,573.36
2026-05-16T06:05:28,121.67,589.63
2026-05-16T06:05:33,121.67,589.63
2026-05-16T06:05:38,123.06,587.59
2026-05-16T06:05:43,123.06,587.59
2026-05-16T06:05:48,124.01,591.14
2026-05-16T06:05:53,124.01,591.14
2026-05-16T06:05:58,123.51,590.25
2026-05-16T06:06:03,123.51,590.25
2026-05-16T06:06:08,122.71,587.62
2026-05-16T06:06:13,122.71,587.62
2026-05-16T06:06:18,122.69,584.6
2026-05-16T06:06:23,122.69,584.6
2026-05-16T06:06:28,121.75,579.08
2026-05-16T06:06:33,121.75,579.08
2026-05-16T06:06:38,121.94,590.86
2026-05-16T06:06:43,121.94,590.86
2026-05-16T06:06:48,123.33,586.7
2026-05-16T06:06:53,123.33,586.7
2026-05-16T06:06:58,122.76,582.24
2026-05-16T06:07:03,122.76,582.24
2026-05-16T06:07:08,121.38,589.79
2026-05-16T06:07:13,121.38,589.79
2026-05-16T06:07:18,123.56,591.47
2026-05-16T06:07:23,123.56,591.47
2026-05-16T06:07:28,125.16,585.88
2026-05-16T06:07:33,125.16,585.88
2026-05-16T06:07:38,122.71,585.26
2026-05-16T06:07:43,122.71,585.26
2026-05-16T06:07:48,122.42,591.95
2026-05-16T06:07:53,122.42,591.95
2026-05-16T06:07:58,123.96,588.17
2026-05-16T06:08:03,123.96,588.17
2026-05-16T06:08:08,123.48,583.57
2026-05-16T06:08:13,123.48,583.57
2026-05-16T06:08:18,122.37,588.38
2026-05-16T06:08:23,122.37,588.38
2026-05-16T06:08:28,123.09,592.92
2026-05-16T06:08:33,123.09,592.92
2026-05-16T06:08:38,123.21,582.96
2026-05-16T06:08:43,123.21,582.96
2026-05-16T06:08:48,122.18,579.76
2026-05-16T06:08:53,122.18,579.76
2026-05-16T06:08:58,121.6,587.59
2026-05-16T06:09:03,121.6,587.59
2026-05-16T06:09:08,122.06,583.89
2026-05-16T06:09:13,122.06,583.89
2026-05-16T06:09:18,123.1,588.27
2026-05-16T06:09:23,123.1,588.27
2026-05-16T06:09:28,122.93,591.24
2026-05-16T06:09:33,122.93,591.24
2026-05-16T06:09:38,123.21,589.46
2026-05-16T06:09:43,123.21,589.46
2026-05-16T06:09:48,123.79,588.45
2026-05-16T06:09:53,123.79,588.45
2026-05-16T06:09:58,123.37,584.69
2026-05-16T06:10:03,123.37,584.69
2026-05-16T06:10:08,121.2,578.34
2026-05-16T06:10:13,121.2,578.34
2026-05-16T06:10:18,121.42,582.14
2026-05-16T06:10:23,121.42,582.14
2026-05-16T06:10:28,123.81,590.92
2026-05-16T06:10:33,123.81,590.92
2026-05-16T06:10:38,123.03,584.26
2026-05-16T06:10:43,123.03,584.26
2026-05-16T06:10:48,122.56,586.06
2026-05-16T06:10:53,122.56,586.06
2026-05-16T06:10:58,123.22,589.63
2026-05-16T06:11:03,123.22,589.63
2026-05-16T06:11:08,124.15,588.96
2026-05-16T06:11:13,124.15,588.96
2026-05-16T06:11:18,123.38,590.61
2026-05-16T06:11:23,123.38,590.61
2026-05-16T06:11:28,123.11,593.33
2026-05-16T06:11:33,123.11,593.33
2026-05-16T06:11:38,124.39,593.36
2026-05-16T06:11:43,124.39,593.36
2026-05-16T06:11:48,122.75,581.3
2026-05-16T06:11:53,122.75,581.3
2026-05-16T06:11:58,122.16,586.27
2026-05-16T06:12:03,122.16,586.27
2026-05-16T06:12:08,122.94,586.61
2026-05-16T06:12:13,122.94,586.61
2026-05-16T06:12:18,123.86,586.26
2026-05-16T06:12:23,123.86,586.26
2026-05-16T06:12:28,123.56,593.8
2026-05-16T06:12:33,123.56,593.8
2026-05-16T06:12:38,122.47,587.97
2026-05-16T06:12:43,122.47,587.97
2026-05-16T06:12:48,123.25,585.01
2026-05-16T06:12:53,123.25,585.01
2026-05-16T06:12:58,122.95,584.85
2026-05-16T06:13:03,122.95,584.85
2026-05-16T06:13:08,121.97,591.09
2026-05-16T06:13:13,121.97,591.09
2026-05-16T06:13:18,123.64,595.88
2026-05-16T06:13:23,123.64,595.88
2026-05-16T06:13:28,124.52,586.02
2026-05-16T06:13:33,124.52,586.02
2026-05-16T06:13:38,122.74,587.83
2026-05-16T06:13:43,122.74,587.83
2026-05-16T06:13:48,123.03,593.84
2026-05-16T06:13:53,123.03,593.84
2026-05-16T06:13:58,123.79,586.66
2026-05-16T06:14:03,123.79,586.66
2026-05-16T06:14:08,121.73,581.76
2026-05-16T06:14:13,121.73,581.76
2026-05-16T06:14:18,121.0,584.74
2026-05-16T06:14:23,121.0,584.74
2026-05-16T06:14:28,123.18,591.08
2026-05-16T06:14:33,123.18,591.08
2026-05-16T06:14:38,123.5,584.05
2026-05-16T06:14:43,123.5,584.05
2026-05-16T06:14:48,121.68,582.63
2026-05-16T06:14:53,121.68,582.63
2026-05-16T06:14:58,121.81,590.25
2026-05-16T06:15:03,121.81,590.25
2026-05-16T06:15:08,121.63,572.09
2026-05-16T06:15:13,121.63,572.09
2026-05-16T06:15:18,117.97,563.8
2026-05-16T06:15:23,117.97,563.8
2026-05-16T06:15:28,118.82,584.79
2026-05-16T06:15:33,118.82,584.79
2026-05-16T06:15:38,123.52,588.42
2026-05-16T06:15:43,123.52,588.42
2026-05-16T06:15:48,123.63,581.56
2026-05-16T06:15:53,123.63,581.56
2026-05-16T06:15:58,121.97,587.14
2026-05-16T06:16:03,121.97,587.14
2026-05-16T06:16:08,122.57,588.84
2026-05-16T06:16:13,122.57,588.84
2026-05-16T06:16:18,124.16,583.74
2026-05-16T06:16:23,124.16,583.74
2026-05-16T06:16:28,122.8,586.44
2026-05-16T06:16:33,122.8,586.44
2026-05-16T06:16:38,122.72,590.53
2026-05-16T06:16:43,122.72,590.53
2026-05-16T06:16:48,123.41,582.29
2026-05-16T06:16:53,123.41,582.29
2026-05-16T06:16:58,123.81,584.7
2026-05-16T06:17:03,123.81,584.7
2026-05-16T06:17:08,124.42,594.44
2026-05-16T06:17:13,124.42,594.44
2026-05-16T06:17:18,125.0,594.04
2026-05-16T06:17:23,125.0,594.04
2026-05-16T06:17:28,125.04,588.75
2026-05-16T06:17:33,125.04,588.75
2026-05-16T06:17:38,122.15,582.18
2026-05-16T06:17:43,122.15,582.18
2026-05-16T06:17:48,122.22,584.7
2026-05-16T06:17:53,122.22,584.7
2026-05-16T06:17:58,123.95,585.32
2026-05-16T06:18:03,123.95,585.32
2026-05-16T06:18:08,122.96,583.23
2026-05-16T06:18:13,122.96,583.23
2026-05-16T06:18:18,122.67,584.73
2026-05-16T06:18:23,122.67,584.73
2026-05-16T06:18:28,123.98,589.34
2026-05-16T06:18:33,123.98,589.34
2026-05-16T06:18:38,124.06,582.82
2026-05-16T06:18:43,124.06,582.82
2026-05-16T06:18:48,124.29,588.55
2026-05-16T06:18:53,124.29,588.55
2026-05-16T06:18:58,124.59,595.38
2026-05-16T06:19:03,124.59,595.38
2026-05-16T06:19:08,123.83,585.36
2026-05-16T06:19:13,123.83,585.36
2026-05-16T06:19:18,123.56,588.02
2026-05-16T06:19:23,123.56,588.02
2026-05-16T06:19:28,124.37,591.6
2026-05-16T06:19:33,124.37,591.6
2026-05-16T06:19:38,130.22,587.29
2026-05-16T06:19:43,130.22,587.29
2026-05-16T06:19:48,129.53,583.8
2026-05-16T06:19:53,129.53,583.8
2026-05-16T06:19:58,124.3,590.89
2026-05-16T06:20:03,124.3,590.89
2026-05-16T06:20:08,123.46,583.78
2026-05-16T06:20:13,123.46,583.78
2026-05-16T06:20:18,122.56,575.71
2026-05-16T06:20:23,122.56,575.71
2026-05-16T06:20:28,123.25,589.99
2026-05-16T06:20:33,123.25,589.99
2026-05-16T06:20:38,123.12,587.86
2026-05-16T06:20:43,123.12,587.86
2026-05-16T06:20:48,123.88,590.02
2026-05-16T06:20:53,123.88,590.02
2026-05-16T06:20:58,124.71,588.01
2026-05-16T06:21:03,124.71,588.01
2026-05-16T06:21:08,124.37,587.4
2026-05-16T06:21:13,124.37,587.4
2026-05-16T06:21:18,123.27,591.9
2026-05-16T06:21:23,123.27,591.9
2026-05-16T06:21:28,123.29,582.63
2026-05-16T06:21:33,123.29,582.63
2026-05-16T06:21:38,122.75,584.02
2026-05-16T06:21:43,122.75,584.02
2026-05-16T06:21:48,121.98,585.31
2026-05-16T06:21:53,121.98,585.31
2026-05-16T06:21:58,123.09,587.17
2026-05-16T06:22:03,123.09,587.17
2026-05-16T06:22:08,123.27,588.25
2026-05-16T06:22:13,123.27,588.25
2026-05-16T06:22:18,122.66,585.95
2026-05-16T06:22:23,122.66,585.95
2026-05-16T06:22:28,122.27,591.79
2026-05-16T06:22:33,122.27,591.79
2026-05-16T06:22:38,122.39,589.89
2026-05-16T06:22:43,122.39,589.89
2026-05-16T06:22:48,123.07,587.11
2026-05-16T06:22:53,123.07,587.11
2026-05-16T06:22:58,122.9,589.28
2026-05-16T06:23:03,122.9,589.28
2026-05-16T06:23:08,123.06,590.03
2026-05-16T06:23:13,123.06,590.03
2026-05-16T06:23:18,123.96,585.67
2026-05-16T06:23:23,123.96,585.67
2026-05-16T06:23:28,123.3,588.18
2026-05-16T06:23:33,123.3,588.18
2026-05-16T06:23:38,123.01,592.06
2026-05-16T06:23:43,123.01,592.06
2026-05-16T06:23:48,123.63,586.16
2026-05-16T06:23:53,123.63,586.16
2026-05-16T06:23:58,123.5,586.44
2026-05-16T06:24:03,123.5,586.44
2026-05-16T06:24:08,122.22,587.32
2026-05-16T06:24:13,122.22,587.32
2026-05-16T06:24:18,121.92,585.48
2026-05-16T06:24:23,121.92,585.48
2026-05-16T06:24:28,122.98,582.64
2026-05-16T06:24:33,122.98,582.64
2026-05-16T06:24:38,123.19,589.23
2026-05-16T06:24:43,123.19,589.23
2026-05-16T06:24:48,122.99,587.86
2026-05-16T06:24:53,122.99,587.86
2026-05-16T06:24:58,123.1,588.92
2026-05-16T06:25:03,123.1,588.92
2026-05-16T06:25:08,120.3,567.07
2026-05-16T06:25:13,120.3,567.07
2026-05-16T06:25:18,116.96,557.23
2026-05-16T06:25:23,116.96,557.23
2026-05-16T06:25:28,119.44,582.24
2026-05-16T06:25:33,119.44,582.24
2026-05-16T06:25:38,122.26,584.52
2026-05-16T06:25:43,122.26,584.52
2026-05-16T06:25:48,122.59,586.75
2026-05-16T06:25:53,122.59,586.75
2026-05-16T06:25:58,123.54,588.81
2026-05-16T06:26:03,123.54,588.81
2026-05-16T06:26:08,123.1,585.95
2026-05-16T06:26:13,123.1,585.95
2026-05-16T06:26:18,122.66,589.5
2026-05-16T06:26:23,122.66,589.5
2026-05-16T06:26:28,122.9,586.99
2026-05-16T06:26:33,122.9,586.99
2026-05-16T06:26:38,122.73,582.11
2026-05-16T06:26:43,122.73,582.11
2026-05-16T06:26:48,124.02,587.78
2026-05-16T06:26:53,124.02,587.78
2026-05-16T06:26:58,123.97,591.82
2026-05-16T06:27:03,123.97,591.82
2026-05-16T06:27:08,123.5,588.59
2026-05-16T06:27:13,123.5,588.59
2026-05-16T06:27:18,123.4,584.32
2026-05-16T06:27:23,123.4,584.32
2026-05-16T06:27:28,122.92,592.1
2026-05-16T06:27:33,122.92,592.1
2026-05-16T06:27:38,123.63,592.25
2026-05-16T06:27:43,123.63,592.25
2026-05-16T06:27:48,123.55,584.43
2026-05-16T06:27:53,123.55,584.43
2026-05-16T06:27:58,122.47,589.17
2026-05-16T06:28:03,122.47,589.17
2026-05-16T06:28:08,123.47,591.17
2026-05-16T06:28:13,123.47,591.17
2026-05-16T06:28:18,123.3,586.52
2026-05-16T06:28:23,123.3,586.52
2026-05-16T06:28:28,122.28,583.01
2026-05-16T06:28:33,122.28,583.01
2026-05-16T06:28:38,122.81,590.14
2026-05-16T06:28:43,122.81,590.14
2026-05-16T06:28:48,123.61,592.47
2026-05-16T06:28:53,123.61,592.47
2026-05-16T06:28:58,123.21,585.35
2026-05-16T06:29:03,123.21,585.35
2026-05-16T06:29:08,122.25,587.19
2026-05-16T06:29:13,122.25,587.19
2026-05-16T06:29:18,122.74,592.13
2026-05-16T06:29:23,122.74,592.13
2026-05-16T06:29:28,122.88,585.94
2026-05-16T06:29:33,122.88,585.94
2026-05-16T06:29:38,122.48,579.25
2026-05-16T06:29:43,122.48,579.25
2026-05-16T06:29:48,121.06,578.68
2026-05-16T06:29:53,121.06,578.68
2026-05-16T06:29:58,121.76,582.48
2026-05-16T06:30:03,121.76,582.48
2026-05-16T06:30:08,120.56,573.57
2026-05-16T06:30:13,120.56,573.57
2026-05-16T06:30:18,117.42,564.43
2026-05-16T06:30:23,117.42,564.43
2026-05-16T06:30:28,119.33,579.11
2026-05-16T06:30:33,119.33,579.11
2026-05-16T06:30:38,121.91,586.53
2026-05-16T06:30:43,121.91,586.53
2026-05-16T06:30:48,122.42,582.18
2026-05-16T06:30:53,122.42,582.18
2026-05-16T06:30:58,122.77,586.2
2026-05-16T06:31:03,122.77,586.2
2026-05-16T06:31:08,121.3,586.76
2026-05-16T06:31:13,121.3,586.76
2026-05-16T06:31:18,121.78,585.02
2026-05-16T06:31:23,121.78,585.02
2026-05-16T06:31:28,124.01,587.08
2026-05-16T06:31:33,124.01,587.08
2026-05-16T06:31:38,123.12,587.97
2026-05-16T06:31:43,123.12,587.97
2026-05-16T06:31:48,122.59,588.17
2026-05-16T06:31:53,122.59,588.17
2026-05-16T06:31:58,123.96,589.9
2026-05-16T06:32:03,123.96,589.9
2026-05-16T06:32:08,123.53,588.52
2026-05-16T06:32:13,123.53,588.52
2026-05-16T06:32:18,122.38,586.7
2026-05-16T06:32:23,122.38,586.7
2026-05-16T06:32:28,122.14,584.74
2026-05-16T06:32:33,122.14,584.74
2026-05-16T06:32:38,121.84,581.46
2026-05-16T06:32:43,121.84,581.46
2026-05-16T06:32:48,122.26,585.73
2026-05-16T06:32:53,122.26,585.73
2026-05-16T06:32:58,122.44,587.81
2026-05-16T06:33:03,122.44,587.81
2026-05-16T06:33:08,122.43,586.59
2026-05-16T06:33:13,122.43,586.59
2026-05-16T06:33:18,121.76,581.95
2026-05-16T06:33:23,121.76,581.95
2026-05-16T06:33:28,121.42,579.94
2026-05-16T06:33:33,121.42,579.94
2026-05-16T06:33:38,121.93,583.37
2026-05-16T06:33:43,121.93,583.37
2026-05-16T06:33:48,122.47,585.48
2026-05-16T06:33:53,122.47,585.48
2026-05-16T06:33:58,122.14,582.24
2026-05-16T06:34:03,122.14,582.24
2026-05-16T06:34:08,121.64,583.72
2026-05-16T06:34:13,121.64,583.72
2026-05-16T06:34:18,122.35,587.48
2026-05-16T06:34:23,122.35,587.48
2026-05-16T06:34:28,122.52,586.44
2026-05-16T06:34:33,122.52,586.44
2026-05-16T06:34:38,121.79,585.75
2026-05-16T06:34:43,121.79,585.75
2026-05-16T06:34:48,122.72,588.28
2026-05-16T06:34:53,122.72,588.28
2026-05-16T06:34:58,123.38,586.55
2026-05-16T06:35:03,123.38,586.55
2026-05-16T06:35:08,120.04,571.95
2026-05-16T06:35:13,120.04,571.95
2026-05-16T06:35:18,120.26,578.39
2026-05-16T06:35:23,120.26,578.39
2026-05-16T06:35:28,122.38,583.34
2026-05-16T06:35:33,122.38,583.34
2026-05-16T06:35:38,121.79,577.18
2026-05-16T06:35:43,121.79,577.18
2026-05-16T06:35:48,122.14,589.26
2026-05-16T06:35:53,122.14,589.26
2026-05-16T06:35:58,124.01,592.57
2026-05-16T06:36:03,124.01,592.57
2026-05-16T06:36:08,123.35,585.39
2026-05-16T06:36:13,123.35,585.39
2026-05-16T06:36:18,121.56,583.7
2026-05-16T06:36:23,121.56,583.7
2026-05-16T06:36:28,123.06,588.88
2026-05-16T06:36:33,123.06,588.88
2026-05-16T06:36:38,123.2,582.92
2026-05-16T06:36:43,123.2,582.92
2026-05-16T06:36:48,122.68,585.36
2026-05-16T06:36:53,122.68,585.36
2026-05-16T06:36:58,123.1,592.92
2026-05-16T06:37:03,123.1,592.92
2026-05-16T06:37:08,124.14,589.69
2026-05-16T06:37:13,124.14,589.69
2026-05-16T06:37:18,123.75,587.55
2026-05-16T06:37:23,123.75,587.55
2026-05-16T06:37:28,123.52,588.08
2026-05-16T06:37:33,123.52,588.08
2026-05-16T06:37:38,124.07,594.48
2026-05-16T06:37:43,124.07,594.48
2026-05-16T06:37:48,122.73,582.61
2026-05-16T06:37:53,122.73,582.61
2026-05-16T06:37:58,122.78,583.28
2026-05-16T06:38:03,122.78,583.28
2026-05-16T06:38:08,123.6,590.81
2026-05-16T06:38:13,123.6,590.81
2026-05-16T06:38:18,124.88,587.12
2026-05-16T06:38:23,124.88,587.12
2026-05-16T06:38:28,124.59,589.86
2026-05-16T06:38:33,124.59,589.86
2026-05-16T06:38:38,123.84,590.2
2026-05-16T06:38:43,123.84,590.2
2026-05-16T06:38:48,124.34,589.69
2026-05-16T06:38:53,124.34,589.69
2026-05-16T06:38:58,123.78,583.51
2026-05-16T06:39:03,123.78,583.51
2026-05-16T06:39:08,121.76,581.1
2026-05-16T06:39:13,121.76,581.1
2026-05-16T06:39:18,121.23,585.91
2026-05-16T06:39:23,121.23,585.91
2026-05-16T06:39:28,124.26,585.04
2026-05-16T06:39:33,124.26,585.04
2026-05-16T06:39:38,124.16,583.93
2026-05-16T06:39:43,124.16,583.93
2026-05-16T06:39:48,123.76,592.17
2026-05-16T06:39:53,123.76,592.17
2026-05-16T06:39:58,125.42,591.44
2026-05-16T06:40:03,125.42,591.44
2026-05-16T06:40:08,122.35,573.49
2026-05-16T06:40:13,122.35,573.49
2026-05-16T06:40:18,119.59,576.12
2026-05-16T06:40:23,119.59,576.12
2026-05-16T06:40:28,122.35,586.7
2026-05-16T06:40:33,122.35,586.7
2026-05-16T06:40:38,124.59,582.92
2026-05-16T06:40:43,124.59,582.92
2026-05-16T06:40:48,124.06,587.35
2026-05-16T06:40:53,124.06,587.35
2026-05-16T06:40:58,123.84,592.19
2026-05-16T06:41:03,123.84,592.19
2026-05-16T06:41:08,123.74,585.85
2026-05-16T06:41:13,123.74,585.85
2026-05-16T06:41:18,123.36,583.75
2026-05-16T06:41:23,123.36,583.75
2026-05-16T06:41:28,123.44,589.38
2026-05-16T06:41:33,123.44,589.38
2026-05-16T06:41:38,124.05,589.56
2026-05-16T06:41:43,124.05,589.56
2026-05-16T06:41:48,124.53,588.25
2026-05-16T06:41:53,124.53,588.25
2026-05-16T06:41:58,124.25,589.05
2026-05-16T06:42:03,124.25,589.05
2026-05-16T06:42:08,123.65,587.13
2026-05-16T06:42:13,123.65,587.13
2026-05-16T06:42:18,123.61,586.03
2026-05-16T06:42:23,123.61,586.03
2026-05-16T06:42:28,124.18,587.04
2026-05-16T06:42:33,124.18,587.04
2026-05-16T06:42:38,121.95,583.28
2026-05-16T06:42:43,121.95,583.28
2026-05-16T06:42:48,121.31,585.88
2026-05-16T06:42:53,121.31,585.88
2026-05-16T06:42:58,123.76,593.55
2026-05-16T06:43:03,123.76,593.55
2026-05-16T06:43:08,123.73,590.1
2026-05-16T06:43:13,123.73,590.1
2026-05-16T06:43:18,121.81,579.84
2026-05-16T06:43:23,121.81,579.84
2026-05-16T06:43:28,122.25,585.43
2026-05-16T06:43:33,122.25,585.43
2026-05-16T06:43:38,123.91,592.78
2026-05-16T06:43:43,123.91,592.78
2026-05-16T06:43:48,123.8,588.08
2026-05-16T06:43:53,123.8,588.08
2026-05-16T06:43:58,123.2,587.98
2026-05-16T06:44:03,123.2,587.98
2026-05-16T06:44:08,123.15,588.17
2026-05-16T06:44:13,123.15,588.17
2026-05-16T06:44:18,123.46,585.57
2026-05-16T06:44:23,123.46,585.57
2026-05-16T06:44:28,123.12,589.85
2026-05-16T06:44:33,123.12,589.85
2026-05-16T06:44:38,122.04,587.79
2026-05-16T06:44:43,122.04,587.79
2026-05-16T06:44:48,122.45,582.22
2026-05-16T06:44:53,122.45,582.22
2026-05-16T06:44:58,122.92,583.15
2026-05-16T06:45:03,122.92,583.15
2026-05-16T06:45:08,120.99,581.17
2026-05-16T06:45:13,120.99,581.17
2026-05-16T06:45:18,120.56,581.64
2026-05-16T06:45:23,120.56,581.64
2026-05-16T06:45:28,122.97,584.03
2026-05-16T06:45:33,122.97,584.03
2026-05-16T06:45:38,123.9,593.15
2026-05-16T06:45:43,123.9,593.15
2026-05-16T06:45:48,122.3,592.57
2026-05-16T06:45:53,122.3,592.57
2026-05-16T06:45:58,123.53,585.11
2026-05-16T06:46:03,123.53,585.11
2026-05-16T06:46:08,123.28,583.72
2026-05-16T06:46:13,123.28,583.72
2026-05-16T06:46:18,121.73,583.81
2026-05-16T06:46:23,121.73,583.81
2026-05-16T06:46:28,122.93,592.3
2026-05-16T06:46:33,122.93,592.3
2026-05-16T06:46:38,123.93,588.56
2026-05-16T06:46:43,123.93,588.56
2026-05-16T06:46:48,123.32,584.72
2026-05-16T06:46:53,123.32,584.72
2026-05-16T06:46:58,122.52,593.98
2026-05-16T06:47:03,122.52,593.98
2026-05-16T06:47:08,123.96,595.28
2026-05-16T06:47:13,123.96,595.28
2026-05-16T06:47:18,123.58,583.52
2026-05-16T06:47:23,123.58,583.52
2026-05-16T06:47:28,121.71,580.8
2026-05-16T06:47:33,121.71,580.8
2026-05-16T06:47:38,122.85,595.33
2026-05-16T06:47:43,122.85,595.33
2026-05-16T06:47:48,124.48,591.55
2026-05-16T06:47:53,124.48,591.55
2026-05-16T06:47:58,123.5,582.66
2026-05-16T06:48:03,123.5,582.66
2026-05-16T06:48:08,120.79,584.32
2026-05-16T06:48:13,120.79,584.32
2026-05-16T06:48:18,121.52,585.39
2026-05-16T06:48:23,121.52,585.39
2026-05-16T06:48:28,122.76,581.14
2026-05-16T06:48:33,122.76,581.14
2026-05-16T06:48:38,121.83,583.67
2026-05-16T06:48:43,121.83,583.67
2026-05-16T06:48:48,122.28,591.15
2026-05-16T06:48:53,122.28,591.15
2026-05-16T06:48:58,123.14,585.49
2026-05-16T06:49:03,123.14,585.49
2026-05-16T06:49:08,121.45,575.79
2026-05-16T06:49:13,121.45,575.79
2026-05-16T06:49:18,121.13,583.66
2026-05-16T06:49:23,121.13,583.66
2026-05-16T06:49:28,122.5,589.06
2026-05-16T06:49:33,122.5,589.06
2026-05-16T06:49:38,122.09,580.04
2026-05-16T06:49:43,122.09,580.04
2026-05-16T06:49:48,122.37,584.76
2026-05-16T06:49:53,122.37,584.76
2026-05-16T06:49:58,122.38,589.27
2026-05-16T06:50:03,122.38,589.27
2026-05-16T06:50:08,119.36,555.97
2026-05-16T06:50:13,119.36,555.97
2026-05-16T06:50:18,115.75,552.49
2026-05-16T06:50:23,115.75,552.49
2026-05-16T06:50:28,118.38,584.82
2026-05-16T06:50:33,118.38,584.82
2026-05-16T06:50:38,122.58,586.14
2026-05-16T06:50:43,122.58,586.14
2026-05-16T06:50:48,123.17,582.86
2026-05-16T06:50:53,123.17,582.86
2026-05-16T06:50:58,123.63,594.9
2026-05-16T06:51:03,123.63,594.9
2026-05-16T06:51:08,123.03,591.97
2026-05-16T06:51:13,123.03,591.97
2026-05-16T06:51:18,122.46,582.99
2026-05-16T06:51:23,122.46,582.99
2026-05-16T06:51:28,122.9,584.09
2026-05-16T06:51:33,122.9,584.09
2026-05-16T06:51:38,122.92,586.6
2026-05-16T06:51:43,122.92,586.6
2026-05-16T06:51:48,123.0,591.06
2026-05-16T06:51:53,123.0,591.06
2026-05-16T06:51:58,122.68,584.18
2026-05-16T06:52:03,122.68,584.18
2026-05-16T06:52:08,123.59,588.75
2026-05-16T06:52:13,123.59,588.75
2026-05-16T06:52:18,123.52,588.11
2026-05-16T06:52:23,123.52,588.11
2026-05-16T06:52:28,122.48,584.94
2026-05-16T06:52:33,122.48,584.94
2026-05-16T06:52:38,122.76,587.17
2026-05-16T06:52:43,122.76,587.17
2026-05-16T06:52:48,122.16,581.98
2026-05-16T06:52:53,122.16,581.98
2026-05-16T06:52:58,121.25,582.53
2026-05-16T06:53:03,121.25,582.53
2026-05-16T06:53:08,121.21,584.24
2026-05-16T06:53:13,121.21,584.24
2026-05-16T06:53:18,122.15,581.32
2026-05-16T06:53:23,122.15,581.32
2026-05-16T06:53:28,122.92,584.81
2026-05-16T06:53:33,122.92,584.81
2026-05-16T06:53:38,122.42,588.64
2026-05-16T06:53:43,122.42,588.64
2026-05-16T06:53:48,122.0,584.4
2026-05-16T06:53:53,122.0,584.4
2026-05-16T06:53:58,121.58,580.69
2026-05-16T06:54:03,121.58,580.69
2026-05-16T06:54:08,121.07,576.94
2026-05-16T06:54:13,121.07,576.94
2026-05-16T06:54:18,120.9,579.7
2026-05-16T06:54:23,120.9,579.7
2026-05-16T06:54:28,122.53,590.57
2026-05-16T06:54:33,122.53,590.57
2026-05-16T06:54:38,123.01,587.89
2026-05-16T06:54:43,123.01,587.89
2026-05-16T06:54:48,121.21,582.69
2026-05-16T06:54:53,121.21,582.69
2026-05-16T06:54:58,123.01,590.87
2026-05-16T06:55:03,123.01,590.87
2026-05-16T06:55:08,121.57,570.68
2026-05-16T06:55:13,121.57,570.68
2026-05-16T06:55:18,116.76,559.59
2026-05-16T06:55:23,116.76,559.59
2026-05-16T06:55:28,119.28,583.54
2026-05-16T06:55:33,119.28,583.54
2026-05-16T06:55:38,123.08,588.46
2026-05-16T06:55:43,123.08,588.46
2026-05-16T06:55:48,122.87,583.1
2026-05-16T06:55:53,122.87,583.1
2026-05-16T06:55:58,121.82,583.33
2026-05-16T06:56:03,121.82,583.33
2026-05-16T06:56:08,121.13,578.49
2026-05-16T06:56:13,121.13,578.49
2026-05-16T06:56:18,121.96,581.97
2026-05-16T06:56:23,121.96,581.97
2026-05-16T06:56:28,122.33,584.68
2026-05-16T06:56:33,122.33,584.68
2026-05-16T06:56:38,121.53,583.16
2026-05-16T06:56:43,121.53,583.16
2026-05-16T06:56:48,122.32,590.14
2026-05-16T06:56:53,122.32,590.14
2026-05-16T06:56:58,122.78,588.73
2026-05-16T06:57:03,122.78,588.73
2026-05-16T06:57:08,121.93,586.93
2026-05-16T06:57:13,121.93,586.93
2026-05-16T06:57:18,121.6,583.13
2026-05-16T06:57:23,121.6,583.13
2026-05-16T06:57:28,122.38,580.06
2026-05-16T06:57:33,122.38,580.06
2026-05-16T06:57:38,122.21,584.39
2026-05-16T06:57:43,122.21,584.39
2026-05-16T06:57:48,122.04,586.6
2026-05-16T06:57:53,122.04,586.6
2026-05-16T06:57:58,122.69,588.55
2026-05-16T06:58:03,122.69,588.55
2026-05-16T06:58:08,122.7,584.75
2026-05-16T06:58:13,122.7,584.75
2026-05-16T06:58:18,122.27,584.52
2026-05-16T06:58:23,122.27,584.52
2026-05-16T06:58:28,122.18,583.73
2026-05-16T06:58:33,122.18,583.73
2026-05-16T06:58:38,123.48,588.11
2026-05-16T06:58:43,123.48,588.11
2026-05-16T06:58:48,123.59,591.4
2026-05-16T06:58:53,123.59,591.4
2026-05-16T06:58:58,123.35,591.55
2026-05-16T06:59:03,123.35,591.55
2026-05-16T06:59:08,123.85,589.2
2026-05-16T06:59:13,123.85,589.2
2026-05-16T06:59:18,124.18,583.64
2026-05-16T06:59:23,124.18,583.64
2026-05-16T06:59:28,124.18,590.69
2026-05-16T06:59:33,124.18,590.69
2026-05-16T06:59:38,122.75,592.82
2026-05-16T06:59:43,122.75,592.82
2026-05-16T06:59:48,122.89,585.67
2026-05-16T06:59:53,122.89,585.67
2026-05-16T06:59:58,123.78,585.34
2026-05-16T07:00:03,123.78,585.34
2026-05-16T07:00:08,119.95,569.02
2026-05-16T07:00:13,119.95,569.02
2026-05-16T07:00:18,99.7,475.71
2026-05-16T07:00:23,99.7,475.71
2026-05-16T07:00:28,101.05,492.5
2026-05-16T07:00:33,101.05,492.5
2026-05-16T07:00:38,120.65,581.99
2026-05-16T07:00:43,120.65,581.99
2026-05-16T07:00:48,122.17,581.98
2026-05-16T07:00:53,122.17,581.98
2026-05-16T07:00:58,123.23,584.42
2026-05-16T07:01:03,123.23,584.42
2026-05-16T07:01:08,123.35,588.07
2026-05-16T07:01:13,123.35,588.07
2026-05-16T07:01:18,121.95,578.28
2026-05-16T07:01:23,121.95,578.28
2026-05-16T07:01:28,121.71,578.36
2026-05-16T07:01:33,121.71,578.36
2026-05-16T07:01:38,123.25,592.4
2026-05-16T07:01:43,123.25,592.4
2026-05-16T07:01:48,124.47,591.28
2026-05-16T07:01:53,124.47,591.28
2026-05-16T07:01:58,123.21,579.07
2026-05-16T07:02:03,123.21,579.07
2026-05-16T07:02:08,120.54,576.6
2026-05-16T07:02:13,120.54,576.6
2026-05-16T07:02:18,120.53,579.22
2026-05-16T07:02:23,120.53,579.22
2026-05-16T07:02:28,123.03,581.54
2026-05-16T07:02:33,123.03,581.54
2026-05-16T07:02:38,123.13,585.11
2026-05-16T07:02:43,123.13,585.11
2026-05-16T07:02:48,122.09,582.8
2026-05-16T07:02:53,122.09,582.8
2026-05-16T07:02:58,123.21,587.98
2026-05-16T07:03:03,123.21,587.98
2026-05-16T07:03:08,122.78,583.43
2026-05-16T07:03:13,122.78,583.43
2026-05-16T07:03:18,122.26,583.14
2026-05-16T07:03:23,122.26,583.14
2026-05-16T07:03:28,123.84,585.4
2026-05-16T07:03:33,123.84,585.4
2026-05-16T07:03:38,123.65,582.37
2026-05-16T07:03:43,123.65,582.37
2026-05-16T07:03:48,122.4,586.09
2026-05-16T07:03:53,122.4,586.09
2026-05-16T07:03:58,122.27,586.3
2026-05-16T07:04:03,122.27,586.3
2026-05-16T07:04:08,123.41,587.25
2026-05-16T07:04:13,123.41,587.25
2026-05-16T07:04:18,123.84,589.97
2026-05-16T07:04:23,123.84,589.97
2026-05-16T07:04:28,122.94,590.73
2026-05-16T07:04:33,122.94,590.73
2026-05-16T07:04:38,120.78,582.96
2026-05-16T07:04:43,120.78,582.96
2026-05-16T07:04:48,121.44,585.66
2026-05-16T07:04:53,121.44,585.66
2026-05-16T07:04:58,122.88,587.33
2026-05-16T07:05:03,122.88,587.33
2026-05-16T07:05:08,120.08,570.48
2026-05-16T07:05:13,120.08,570.48
2026-05-16T07:05:18,119.78,576.64
2026-05-16T07:05:23,119.78,576.64
2026-05-16T07:05:28,121.98,585.88
2026-05-16T07:05:33,121.98,585.88
2026-05-16T07:05:38,122.63,585.65
2026-05-16T07:05:43,122.63,585.65
2026-05-16T07:05:48,123.0,589.81
2026-05-16T07:05:53,123.0,589.81
2026-05-16T07:05:58,123.06,586.62
2026-05-16T07:06:03,123.06,586.62
2026-05-16T07:06:08,121.92,581.42
2026-05-16T07:06:13,121.92,581.42
2026-05-16T07:06:18,121.45,583.32
2026-05-16T07:06:23,121.45,583.32
2026-05-16T07:06:28,122.59,588.32
2026-05-16T07:06:33,122.59,588.32
2026-05-16T07:06:38,123.28,585.05
2026-05-16T07:06:43,123.28,585.05
2026-05-16T07:06:48,122.93,587.77
2026-05-16T07:06:53,122.93,587.77
2026-05-16T07:06:58,122.82,590.13
2026-05-16T07:07:03,122.82,590.13
2026-05-16T07:07:08,123.03,586.02
2026-05-16T07:07:13,123.03,586.02
2026-05-16T07:07:18,122.5,584.98
2026-05-16T07:07:23,122.5,584.98
2026-05-16T07:07:28,122.64,589.79
2026-05-16T07:07:33,122.64,589.79
2026-05-16T07:07:38,122.87,590.14
2026-05-16T07:07:43,122.87,590.14
2026-05-16T07:07:48,122.45,583.81
2026-05-16T07:07:53,122.45,583.81
2026-05-16T07:07:58,123.21,585.48
2026-05-16T07:08:03,123.21,585.48
2026-05-16T07:08:08,123.36,588.01
2026-05-16T07:08:13,123.36,588.01
2026-05-16T07:08:18,122.2,582.63
2026-05-16T07:08:23,122.2,582.63
2026-05-16T07:08:28,123.32,591.78
2026-05-16T07:08:33,123.32,591.78
2026-05-16T07:08:38,124.0,592.12
2026-05-16T07:08:43,124.0,592.12
2026-05-16T07:08:48,122.88,584.87
2026-05-16T07:08:53,122.88,584.87
2026-05-16T07:08:58,122.6,585.2
2026-05-16T07:09:03,122.6,585.2
2026-05-16T07:09:08,121.85,581.68
2026-05-16T07:09:13,121.85,581.68
2026-05-16T07:09:18,121.38,583.99
2026-05-16T07:09:23,121.38,583.99
2026-05-16T07:09:28,121.7,583.44
2026-05-16T07:09:33,121.7,583.44
2026-05-16T07:09:38,122.55,583.64
2026-05-16T07:09:43,122.55,583.64
2026-05-16T07:09:48,123.22,589.25
2026-05-16T07:09:53,123.22,589.25
2026-05-16T07:09:58,123.58,589.98
2026-05-16T07:10:03,123.58,589.98
2026-05-16T07:10:08,120.87,571.67
2026-05-16T07:10:13,120.87,571.67
2026-05-16T07:10:18,117.3,565.94
2026-05-16T07:10:23,117.3,565.94
2026-05-16T07:10:28,120.01,578.8
2026-05-16T07:10:33,120.01,578.8
2026-05-16T07:10:38,122.18,587.14
2026-05-16T07:10:43,122.18,587.14
2026-05-16T07:10:48,122.3,589.96
2026-05-16T07:10:53,122.3,589.96
2026-05-16T07:10:58,122.95,584.73
2026-05-16T07:11:03,122.95,584.73
2026-05-16T07:11:08,122.48,584.26
2026-05-16T07:11:13,122.48,584.26
2026-05-16T07:11:18,122.14,584.21
2026-05-16T07:11:23,122.14,584.21
2026-05-16T07:11:28,122.45,583.56
2026-05-16T07:11:33,122.45,583.56
2026-05-16T07:11:38,122.89,586.82
2026-05-16T07:11:43,122.89,586.82
2026-05-16T07:11:48,123.49,594.4
2026-05-16T07:11:53,123.49,594.4
2026-05-16T07:11:58,123.82,587.52
2026-05-16T07:12:03,123.82,587.52
2026-05-16T07:12:08,124.18,589.52
2026-05-16T07:12:13,124.18,589.52
2026-05-16T07:12:18,122.86,589.51
2026-05-16T07:12:23,122.86,589.51
2026-05-16T07:12:28,122.99,587.15
2026-05-16T07:12:33,122.99,587.15
2026-05-16T07:12:38,123.66,587.61
2026-05-16T07:12:43,123.66,587.61
2026-05-16T07:12:48,123.64,589.06
2026-05-16T07:12:53,123.64,589.06
2026-05-16T07:12:58,123.54,591.54
2026-05-16T07:13:03,123.54,591.54
2026-05-16T07:13:08,122.11,586.92
2026-05-16T07:13:13,122.11,586.92
2026-05-16T07:13:18,122.1,587.2
2026-05-16T07:13:23,122.1,587.2
2026-05-16T07:13:28,123.62,586.39
2026-05-16T07:13:33,123.62,586.39
2026-05-16T07:13:38,123.65,590.01
2026-05-16T07:13:43,123.65,590.01
2026-05-16T07:13:48,122.73,590.5
2026-05-16T07:13:53,122.73,590.5
2026-05-16T07:13:58,123.75,588.84
2026-05-16T07:14:03,123.75,588.84
2026-05-16T07:14:08,123.11,584.56
2026-05-16T07:14:13,123.11,584.56
2026-05-16T07:14:18,121.85,584.79
2026-05-16T07:14:23,121.85,584.79
2026-05-16T07:14:28,122.23,588.53
2026-05-16T07:14:33,122.23,588.53
2026-05-16T07:14:38,121.84,582.29
2026-05-16T07:14:43,121.84,582.29
2026-05-16T07:14:48,121.73,581.84
2026-05-16T07:14:53,121.73,581.84
2026-05-16T07:14:58,122.74,591.32
2026-05-16T07:15:03,122.74,591.32
2026-05-16T07:15:08,120.72,578.89
2026-05-16T07:15:13,120.72,578.89
2026-05-16T07:15:18,120.41,575.28
2026-05-16T07:15:23,120.41,575.28
2026-05-16T07:15:28,122.12,587.62
2026-05-16T07:15:33,122.12,587.62
2026-05-16T07:15:38,122.52,584.97
2026-05-16T07:15:43,122.52,584.97
2026-05-16T07:15:48,123.25,587.13
2026-05-16T07:15:53,123.25,587.13
2026-05-16T07:15:58,123.2,589.97
2026-05-16T07:16:03,123.2,589.97
2026-05-16T07:16:08,122.86,589.94
2026-05-16T07:16:13,122.86,589.94
2026-05-16T07:16:18,123.58,591.79
2026-05-16T07:16:23,123.58,591.79
2026-05-16T07:16:28,123.85,589.0
2026-05-16T07:16:33,123.85,589.0
2026-05-16T07:16:38,122.59,586.29
2026-05-16T07:16:43,122.59,586.29
2026-05-16T07:16:48,122.44,583.75
2026-05-16T07:16:53,122.44,583.75
2026-05-16T07:16:58,122.66,583.5
2026-05-16T07:17:03,122.66,583.5
2026-05-16T07:17:08,122.5,586.7
2026-05-16T07:17:13,122.5,586.7
2026-05-16T07:17:18,122.59,585.8
2026-05-16T07:17:23,122.59,585.8
2026-05-16T07:17:28,123.66,587.31
2026-05-16T07:17:33,123.66,587.31
2026-05-16T07:17:38,123.38,586.67
2026-05-16T07:17:43,123.38,586.67
2026-05-16T07:17:48,122.34,585.19
2026-05-16T07:17:53,122.34,585.19
2026-05-16T07:17:58,123.11,586.51
2026-05-16T07:18:03,123.11,586.51
2026-05-16T07:18:08,122.68,582.35
2026-05-16T07:18:13,122.68,582.35
2026-05-16T07:18:18,121.56,584.48
2026-05-16T07:18:23,121.56,584.48
2026-05-16T07:18:28,122.29,585.95
2026-05-16T07:18:33,122.29,585.95
2026-05-16T07:18:38,123.51,584.7
2026-05-16T07:18:43,123.51,584.7
2026-05-16T07:18:48,121.94,585.75
2026-05-16T07:18:53,121.94,585.75
2026-05-16T07:18:58,121.86,587.43
2026-05-16T07:19:03,121.86,587.43
2026-05-16T07:19:08,123.08,581.9
2026-05-16T07:19:13,123.08,581.9
2026-05-16T07:19:18,121.96,580.33
2026-05-16T07:19:23,121.96,580.33
2026-05-16T07:19:28,121.56,588.29
2026-05-16T07:19:33,121.56,588.29
2026-05-16T07:19:38,122.95,589.31
2026-05-16T07:19:43,122.95,589.31
2026-05-16T07:19:48,124.76,590.8
2026-05-16T07:19:53,124.76,590.8
2026-05-16T07:19:58,123.29,584.99
2026-05-16T07:20:03,123.29,584.99
2026-05-16T07:20:08,120.38,569.49
2026-05-16T07:20:13,120.38,569.49
2026-05-16T07:20:18,120.11,576.78
2026-05-16T07:20:23,120.11,576.78
2026-05-16T07:20:28,121.96,582.67
2026-05-16T07:20:33,121.96,582.67
2026-05-16T07:20:38,122.84,579.52
2026-05-16T07:20:43,122.84,579.52
2026-05-16T07:20:48,122.46,585.83
2026-05-16T07:20:53,122.46,585.83
2026-05-16T07:20:58,124.06,589.82
2026-05-16T07:21:03,124.06,589.82
2026-05-16T07:21:08,124.96,590.35
2026-05-16T07:21:13,124.96,590.35
2026-05-16T07:21:18,123.4,586.32
2026-05-16T07:21:23,123.4,586.32
2026-05-16T07:21:28,122.6,585.05
2026-05-16T07:21:33,122.6,585.05
2026-05-16T07:21:38,123.59,586.12
2026-05-16T07:21:43,123.59,586.12
2026-05-16T07:21:48,123.94,586.76
2026-05-16T07:21:53,123.94,586.76
2026-05-16T07:21:58,123.7,591.51
2026-05-16T07:22:03,123.7,591.51
2026-05-16T07:22:08,124.31,587.71
2026-05-16T07:22:13,124.31,587.71
2026-05-16T07:22:18,124.77,583.81
2026-05-16T07:22:23,124.77,583.81
2026-05-16T07:22:28,124.19,593.67
2026-05-16T07:22:33,124.19,593.67
2026-05-16T07:22:38,124.09,586.53
2026-05-16T07:22:43,124.09,586.53
2026-05-16T07:22:48,123.73,579.13
2026-05-16T07:22:53,123.73,579.13
2026-05-16T07:22:58,122.68,585.49
2026-05-16T07:23:03,122.68,585.49
2026-05-16T07:23:08,123.76,592.95
2026-05-16T07:23:13,123.76,592.95
2026-05-16T07:23:18,130.46,589.34
2026-05-16T07:23:23,130.46,589.34
2026-05-16T07:23:28,129.7,583.61
2026-05-16T07:23:33,129.7,583.61
2026-05-16T07:23:38,124.05,591.31
2026-05-16T07:23:43,124.05,591.31
2026-05-16T07:23:48,123.5,589.34
2026-05-16T07:23:53,123.5,589.34
2026-05-16T07:23:58,123.98,584.94
2026-05-16T07:24:03,123.98,584.94
2026-05-16T07:24:08,123.09,583.6
2026-05-16T07:24:13,123.09,583.6
2026-05-16T07:24:18,122.33,585.55
2026-05-16T07:24:23,122.33,585.55
2026-05-16T07:24:28,123.96,587.1
2026-05-16T07:24:33,123.96,587.1
2026-05-16T07:24:38,123.58,581.87
2026-05-16T07:24:43,123.58,581.87
2026-05-16T07:24:48,121.87,579.08
2026-05-16T07:24:53,121.87,579.08
2026-05-16T07:24:58,121.61,583.02
2026-05-16T07:25:03,121.61,583.02
2026-05-16T07:25:08,120.15,564.99
2026-05-16T07:25:13,120.15,564.99
2026-05-16T07:25:18,116.74,569.94
2026-05-16T07:25:23,116.74,569.94
2026-05-16T07:25:28,118.9,587.49
2026-05-16T07:25:33,118.9,587.49
2026-05-16T07:25:38,122.26,581.27
2026-05-16T07:25:43,122.26,581.27
2026-05-16T07:25:48,123.11,588.04
2026-05-16T07:25:53,123.11,588.04
2026-05-16T07:25:58,123.16,588.99
2026-05-16T07:26:03,123.16,588.99
2026-05-16T07:26:08,122.74,588.06
2026-05-16T07:26:13,122.74,588.06
2026-05-16T07:26:18,122.83,588.53
2026-05-16T07:26:23,122.83,588.53
2026-05-16T07:26:28,123.03,586.33
2026-05-16T07:26:33,123.03,586.33
2026-05-16T07:26:38,122.24,584.54
2026-05-16T07:26:43,122.24,584.54
2026-05-16T07:26:48,122.5,583.92
2026-05-16T07:26:53,122.5,583.92
2026-05-16T07:26:58,122.63,584.78
2026-05-16T07:27:03,122.63,584.78
2026-05-16T07:27:08,122.31,588.52
2026-05-16T07:27:13,122.31,588.52
2026-05-16T07:27:18,122.82,585.66
2026-05-16T07:27:23,122.82,585.66
2026-05-16T07:27:28,123.45,584.35
2026-05-16T07:27:33,123.45,584.35
2026-05-16T07:27:38,123.65,586.57
2026-05-16T07:27:43,123.65,586.57
2026-05-16T07:27:48,122.76,590.86
2026-05-16T07:27:53,122.76,590.86
2026-05-16T07:27:58,122.65,587.03
2026-05-16T07:28:03,122.65,587.03
2026-05-16T07:28:08,122.61,578.88
2026-05-16T07:28:13,122.61,578.88
2026-05-16T07:28:18,122.25,584.88
2026-05-16T07:28:23,122.25,584.88
2026-05-16T07:28:28,123.88,593.93
2026-05-16T07:28:33,123.88,593.93
2026-05-16T07:28:38,125.39,592.38
2026-05-16T07:28:43,125.39,592.38
2026-05-16T07:28:48,123.85,582.54
2026-05-16T07:28:53,123.85,582.54
2026-05-16T07:28:58,122.3,587.97
2026-05-16T07:29:03,122.3,587.97
2026-05-16T07:29:08,124.02,594.74
2026-05-16T07:29:13,124.02,594.74
2026-05-16T07:29:18,124.66,589.64
2026-05-16T07:29:23,124.66,589.64
2026-05-16T07:29:28,122.63,584.75
2026-05-16T07:29:33,122.63,584.75
2026-05-16T07:29:38,121.79,585.16
2026-05-16T07:29:43,121.79,585.16
2026-05-16T07:29:48,123.49,587.42
2026-05-16T07:29:53,123.49,587.42
2026-05-16T07:29:58,123.49,586.77
2026-05-16T07:30:03,123.49,586.77
2026-05-16T07:30:08,120.1,569.53
2026-05-16T07:30:13,120.1,569.53
2026-05-16T07:30:18,118.93,569.92
2026-05-16T07:30:23,118.93,569.92
2026-05-16T07:30:28,121.6,588.25
2026-05-16T07:30:33,121.6,588.25
2026-05-16T07:30:38,122.05,583.76
2026-05-16T07:30:43,122.05,583.76
2026-05-16T07:30:48,121.32,583.68
2026-05-16T07:30:53,121.32,583.68
2026-05-16T07:30:58,123.03,583.32
2026-05-16T07:31:03,123.03,583.32
2026-05-16T07:31:08,122.83,584.22
2026-05-16T07:31:13,122.83,584.22
2026-05-16T07:31:18,122.3,584.5
2026-05-16T07:31:23,122.3,584.5
2026-05-16T07:31:28,122.81,587.3
2026-05-16T07:31:33,122.81,587.3
2026-05-16T07:31:38,122.77,589.08
2026-05-16T07:31:43,122.77,589.08
2026-05-16T07:31:48,123.36,587.46
2026-05-16T07:31:53,123.36,587.46
2026-05-16T07:31:58,123.3,587.59
2026-05-16T07:32:03,123.3,587.59
2026-05-16T07:32:08,122.43,582.98
2026-05-16T07:32:13,122.43,582.98
2026-05-16T07:32:18,122.28,588.54
2026-05-16T07:32:23,122.28,588.54
2026-05-16T07:32:28,123.51,592.0
2026-05-16T07:32:33,123.51,592.0
2026-05-16T07:32:38,123.65,586.37
2026-05-16T07:32:43,123.65,586.37
2026-05-16T07:32:48,121.97,581.72
2026-05-16T07:32:53,121.97,581.72
2026-05-16T07:32:58,122.59,589.98
2026-05-16T07:33:03,122.59,589.98
2026-05-16T07:33:08,123.74,589.33
2026-05-16T07:33:13,123.74,589.33
2026-05-16T07:33:18,123.24,584.72
2026-05-16T07:33:23,123.24,584.72
2026-05-16T07:33:28,122.34,588.87
2026-05-16T07:33:33,122.34,588.87
2026-05-16T07:33:38,123.12,590.45
2026-05-16T07:33:43,123.12,590.45
2026-05-16T07:33:48,122.73,584.32
2026-05-16T07:33:53,122.73,584.32
2026-05-16T07:33:58,122.18,582.76
2026-05-16T07:34:03,122.18,582.76
2026-05-16T07:34:08,122.57,591.23
2026-05-16T07:34:13,122.57,591.23
2026-05-16T07:34:18,122.69,586.46
2026-05-16T07:34:23,122.69,586.46
2026-05-16T07:34:28,123.35,582.12
2026-05-16T07:34:33,123.35,582.12
2026-05-16T07:34:38,122.16,583.73
2026-05-16T07:34:43,122.16,583.73
2026-05-16T07:34:48,121.92,588.64
2026-05-16T07:34:53,121.92,588.64
2026-05-16T07:34:58,122.85,587.12
2026-05-16T07:35:03,122.85,587.12
2026-05-16T07:35:08,121.39,573.88
2026-05-16T07:35:13,121.39,573.88
2026-05-16T07:35:18,120.75,583.48
2026-05-16T07:35:23,120.75,583.48
2026-05-16T07:35:28,122.63,589.58
2026-05-16T07:35:33,122.63,589.58
2026-05-16T07:35:38,123.38,586.23
2026-05-16T07:35:43,123.38,586.23
2026-05-16T07:35:48,123.22,590.22
2026-05-16T07:35:53,123.22,590.22
2026-05-16T07:35:58,123.5,589.84
2026-05-16T07:36:03,123.5,589.84
2026-05-16T07:36:08,122.74,582.58
2026-05-16T07:36:13,122.74,582.58
2026-05-16T07:36:18,121.56,578.64
2026-05-16T07:36:23,121.56,578.64
2026-05-16T07:36:28,121.85,586.33
2026-05-16T07:36:33,121.85,586.33
2026-05-16T07:36:38,122.63,586.71
2026-05-16T07:36:43,122.63,586.71
2026-05-16T07:36:48,133.37,599.23
2026-05-16T07:36:53,133.37,599.23
2026-05-16T07:36:58,134.75,608.11
2026-05-16T07:37:03,134.75,608.11
2026-05-16T07:37:08,124.47,596.28
2026-05-16T07:37:13,124.47,596.28
2026-05-16T07:37:18,123.62,587.99
2026-05-16T07:37:23,123.62,587.99
2026-05-16T07:37:28,123.75,588.45
2026-05-16T07:37:33,123.75,588.45
2026-05-16T07:37:38,123.26,591.84
2026-05-16T07:37:43,123.26,591.84
2026-05-16T07:37:48,123.38,584.91
2026-05-16T07:37:53,123.38,584.91
2026-05-16T07:37:58,122.35,583.45
2026-05-16T07:38:03,122.35,583.45
2026-05-16T07:38:08,122.15,589.16
2026-05-16T07:38:13,122.15,589.16
2026-05-16T07:38:18,123.18,585.93
2026-05-16T07:38:23,123.18,585.93
2026-05-16T07:38:28,122.79,585.09
2026-05-16T07:38:33,122.79,585.09
2026-05-16T07:38:38,121.7,584.93
2026-05-16T07:38:43,121.7,584.93
2026-05-16T07:38:48,121.89,586.17
2026-05-16T07:38:53,121.89,586.17
2026-05-16T07:38:58,122.89,585.94
2026-05-16T07:39:03,122.89,585.94
2026-05-16T07:39:08,119.46,573.09
2026-05-16T07:39:13,119.46,573.09
2026-05-16T07:39:18,117.49,567.24
2026-05-16T07:39:23,117.49,567.24
2026-05-16T07:39:28,120.78,575.25
2026-05-16T07:39:33,120.78,575.25
2026-05-16T07:39:38,122.04,583.52
2026-05-16T07:39:43,122.04,583.52
2026-05-16T07:39:48,121.62,590.45
2026-05-16T07:39:53,121.62,590.45
2026-05-16T07:39:58,122.42,584.63
2026-05-16T07:40:03,122.42,584.63
2026-05-16T07:40:08,119.98,565.6
2026-05-16T07:40:13,119.98,565.6
2026-05-16T07:40:18,118.83,575.23
2026-05-16T07:40:23,118.83,575.23
2026-05-16T07:40:28,120.72,585.81
2026-05-16T07:40:33,120.72,585.81
2026-05-16T07:40:38,121.62,576.46
2026-05-16T07:40:43,121.62,576.46
2026-05-16T07:40:48,121.18,580.72
2026-05-16T07:40:53,121.18,580.72
2026-05-16T07:40:58,121.17,583.17
2026-05-16T07:41:03,121.17,583.17
2026-05-16T07:41:08,123.28,582.6
2026-05-16T07:41:13,123.28,582.6
2026-05-16T07:41:18,123.6,585.92
2026-05-16T07:41:23,123.6,585.92
2026-05-16T07:41:28,123.83,588.7
2026-05-16T07:41:33,123.83,588.7
2026-05-16T07:41:38,124.27,588.91
2026-05-16T07:41:43,124.27,588.91
2026-05-16T07:41:48,123.69,585.93
2026-05-16T07:41:53,123.69,585.93
2026-05-16T07:41:58,124.17,591.41
2026-05-16T07:42:03,124.17,591.41
2026-05-16T07:42:08,124.84,591.55
2026-05-16T07:42:13,124.84,591.55
2026-05-16T07:42:18,124.69,587.2
2026-05-16T07:42:23,124.69,587.2
2026-05-16T07:42:28,123.29,587.75
2026-05-16T07:42:33,123.29,587.75
2026-05-16T07:42:38,122.47,586.0
2026-05-16T07:42:43,122.47,586.0
2026-05-16T07:42:48,124.03,588.21
2026-05-16T07:42:53,124.03,588.21
2026-05-16T07:42:58,123.69,584.95
2026-05-16T07:43:03,123.69,584.95
2026-05-16T07:43:08,122.72,582.77
2026-05-16T07:43:13,122.72,582.77
2026-05-16T07:43:18,123.96,587.56
2026-05-16T07:43:23,123.96,587.56
2026-05-16T07:43:28,125.14,592.65
2026-05-16T07:43:33,125.14,592.65
2026-05-16T07:43:38,125.3,590.67
2026-05-16T07:43:43,125.3,590.67
2026-05-16T07:43:48,123.88,586.91
2026-05-16T07:43:53,123.88,586.91
2026-05-16T07:43:58,123.22,586.5
2026-05-16T07:44:03,123.22,586.5
2026-05-16T07:44:08,124.43,589.54
2026-05-16T07:44:13,124.43,589.54
2026-05-16T07:44:18,124.46,589.29
2026-05-16T07:44:23,124.46,589.29
2026-05-16T07:44:28,123.45,587.24
2026-05-16T07:44:33,123.45,587.24
2026-05-16T07:44:38,123.16,590.59
2026-05-16T07:44:43,123.16,590.59
2026-05-16T07:44:48,122.99,582.65
2026-05-16T07:44:53,122.99,582.65
2026-05-16T07:44:58,122.37,578.56
2026-05-16T07:45:03,122.37,578.56
2026-05-16T07:45:08,121.57,581.34
2026-05-16T07:45:13,121.57,581.34
2026-05-16T07:45:18,123.54,586.36
2026-05-16T07:45:23,123.54,586.36
2026-05-16T07:45:28,124.49,585.36
2026-05-16T07:45:33,124.49,585.36
2026-05-16T07:45:38,123.63,583.66
2026-05-16T07:45:43,123.63,583.66
2026-05-16T07:45:48,124.52,593.36
2026-05-16T07:45:53,124.52,593.36
2026-05-16T07:45:58,124.27,587.84
2026-05-16T07:46:03,124.27,587.84
2026-05-16T07:46:08,123.17,581.65
2026-05-16T07:46:13,123.17,581.65
2026-05-16T07:46:18,122.72,589.2
2026-05-16T07:46:23,122.72,589.2
2026-05-16T07:46:28,122.35,585.47
2026-05-16T07:46:33,122.35,585.47
2026-05-16T07:46:38,123.03,584.15
2026-05-16T07:46:43,123.03,584.15
2026-05-16T07:46:48,123.21,590.26
2026-05-16T07:46:53,123.21,590.26
2026-05-16T07:46:58,122.26,587.74
2026-05-16T07:47:03,122.26,587.74
2026-05-16T07:47:08,123.1,586.12
2026-05-16T07:47:13,123.1,586.12
2026-05-16T07:47:18,123.75,586.46
2026-05-16T07:47:23,123.75,586.46
2026-05-16T07:47:28,123.46,592.13
2026-05-16T07:47:33,123.46,592.13
2026-05-16T07:47:38,123.56,588.84
2026-05-16T07:47:43,123.56,588.84
2026-05-16T07:47:48,123.33,583.08
2026-05-16T07:47:53,123.33,583.08
2026-05-16T07:47:58,123.06,589.1
2026-05-16T07:48:03,123.06,589.1
2026-05-16T07:48:08,122.48,589.3
2026-05-16T07:48:13,122.48,589.3
2026-05-16T07:48:18,122.61,582.9
2026-05-16T07:48:23,122.61,582.9
2026-05-16T07:48:28,122.7,583.24
2026-05-16T07:48:33,122.7,583.24
2026-05-16T07:48:38,122.44,586.86
2026-05-16T07:48:43,122.44,586.86
2026-05-16T07:48:48,124.89,597.78
2026-05-16T07:48:53,124.89,597.78
2026-05-16T07:48:58,123.8,589.45
2026-05-16T07:49:03,123.8,589.45
2026-05-16T07:49:08,121.48,576.69
2026-05-16T07:49:13,121.48,576.69
2026-05-16T07:49:18,121.91,586.85
2026-05-16T07:49:23,121.91,586.85
2026-05-16T07:49:28,122.71,585.17
2026-05-16T07:49:33,122.71,585.17
2026-05-16T07:49:38,122.63,581.77
2026-05-16T07:49:43,122.63,581.77
2026-05-16T07:49:48,121.84,586.86
2026-05-16T07:49:53,121.84,586.86
2026-05-16T07:49:58,123.29,588.65
2026-05-16T07:50:03,123.29,588.65
2026-05-16T07:50:08,121.3,576.12
2026-05-16T07:50:13,121.3,576.12
2026-05-16T07:50:18,119.09,575.66
2026-05-16T07:50:23,119.09,575.66
2026-05-16T07:50:28,121.85,586.73
2026-05-16T07:50:33,121.85,586.73
2026-05-16T07:50:38,123.28,584.95
2026-05-16T07:50:43,123.28,584.95
2026-05-16T07:50:48,123.33,586.32
2026-05-16T07:50:53,123.33,586.32
2026-05-16T07:50:58,122.82,592.8
2026-05-16T07:51:03,122.82,592.8
2026-05-16T07:51:08,122.34,585.46
2026-05-16T07:51:13,122.34,585.46
2026-05-16T07:51:18,122.48,579.17
2026-05-16T07:51:23,122.48,579.17
2026-05-16T07:51:28,122.16,581.86
2026-05-16T07:51:33,122.16,581.86
2026-05-16T07:51:38,122.93,589.53
2026-05-16T07:51:43,122.93,589.53
2026-05-16T07:51:48,123.32,590.98
2026-05-16T07:51:53,123.32,590.98
2026-05-16T07:51:58,122.29,581.51
2026-05-16T07:52:03,122.29,581.51
2026-05-16T07:52:08,121.98,586.43
2026-05-16T07:52:13,121.98,586.43
2026-05-16T07:52:18,122.25,584.93
2026-05-16T07:52:23,122.25,584.93
2026-05-16T07:52:28,122.54,579.03
2026-05-16T07:52:33,122.54,579.03
2026-05-16T07:52:38,122.04,588.11
2026-05-16T07:52:43,122.04,588.11
2026-05-16T07:52:48,121.22,586.88
2026-05-16T07:52:53,121.22,586.88
2026-05-16T07:52:58,122.94,581.02
2026-05-16T07:53:03,122.94,581.02
2026-05-16T07:53:08,123.23,583.72
2026-05-16T07:53:13,123.23,583.72
2026-05-16T07:53:18,121.98,590.07
2026-05-16T07:53:23,121.98,590.07
2026-05-16T07:53:28,121.99,584.38
2026-05-16T07:53:33,121.99,584.38
2026-05-16T07:53:38,120.13,566.06
2026-05-16T07:53:43,120.13,566.06
2026-05-16T07:53:48,115.26,551.37
2026-05-16T07:53:53,115.26,551.37
2026-05-16T07:53:58,109.97,532.11
2026-05-16T07:54:03,109.97,532.11
2026-05-16T07:54:08,107.27,510.39
2026-05-16T07:54:13,107.27,510.39
2026-05-16T07:54:18,104.03,489.1
2026-05-16T07:54:23,104.03,489.1
2026-05-16T07:54:28,98.86,475.14
2026-05-16T07:54:33,98.86,475.14
2026-05-16T07:54:38,95.9,456.95
2026-05-16T07:54:43,95.9,456.95
2026-05-16T07:54:48,91.8,428.01
2026-05-16T07:54:53,91.8,428.01
2026-05-16T07:54:58,84.58,405.13
2026-05-16T07:55:03,84.58,405.13
2026-05-16T07:55:08,80.69,390.98
2026-05-16T07:55:13,80.69,390.98
2026-05-16T07:55:18,78.67,373.75
2026-05-16T07:55:23,78.67,373.75
2026-05-16T07:55:28,75.21,351.21
2026-05-16T07:55:33,75.21,351.21
2026-05-16T07:55:38,70.8,336.21
2026-05-16T07:55:43,70.8,336.21
2026-05-16T07:55:48,67.26,324.52
2026-05-16T07:55:53,67.26,324.52
2026-05-16T07:55:58,64.21,302.96
2026-05-16T07:56:03,64.21,302.96
2026-05-16T07:56:08,58.7,274.39
2026-05-16T07:56:13,58.7,274.39
2026-05-16T07:56:18,53.62,256.75
2026-05-16T07:56:23,53.62,256.75
2026-05-16T07:56:28,49.98,238.22
2026-05-16T07:56:33,49.98,238.22
2026-05-16T07:56:38,46.12,213.82
2026-05-16T07:56:43,46.12,213.82
2026-05-16T07:56:48,42.11,200.6
2026-05-16T07:56:53,42.11,200.6
2026-05-16T07:56:58,37.47,178.78
2026-05-16T07:57:03,37.47,178.78
2026-05-16T07:57:08,32.88,153.29
2026-05-16T07:57:13,32.88,153.29
2026-05-16T07:57:18,29.02,136.68
2026-05-16T07:57:23,29.02,136.68
2026-05-16T07:57:28,25.27,116.83
2026-05-16T07:57:33,25.27,116.83
2026-05-16T07:57:38,21.45,99.63
2026-05-16T07:57:43,21.45,99.63
2026-05-16T07:57:48,17.74,83.51
2026-05-16T07:57:53,17.74,83.51
2026-05-16T07:57:58,13.48,62.77
2026-05-16T07:58:03,13.48,62.77
2026-05-16T07:58:08,8.76,40.07
2026-05-16T07:58:13,8.76,40.07
2026-05-16T07:58:18,5.06,21.47
2026-05-16T07:58:23,5.06,21.47
2026-05-16T07:58:28,2.33,8.82
2026-05-16T07:58:33,2.33,8.82
2026-05-16T07:58:38,0.64,1.8
2026-05-16T07:58:43,0.64,1.8
2026-05-16T07:58:48,0.14,0.16
2026-05-16T07:58:53,0.1,0.12
