timestamp,net_rx_kb_s,net_tx_kb_s
2026-05-16T08:10:09,0.48,0.55
2026-05-16T08:10:14,0.42,0.55
2026-05-16T08:10:19,0.42,0.55
2026-05-16T08:10:24,0.52,0.65
2026-05-16T08:10:29,0.52,0.65
2026-05-16T08:10:34,1.26,3.06
2026-05-16T08:10:39,1.26,3.06
2026-05-16T08:10:44,4.25,12.13
2026-05-16T08:10:49,4.25,12.13
2026-05-16T08:10:54,9.72,29.41
2026-05-16T08:10:59,9.72,29.41
2026-05-16T08:11:04,14.5,47.48
2026-05-16T08:11:09,14.5,47.48
2026-05-16T08:11:14,19.07,68.59
2026-05-16T08:11:19,19.07,68.59
2026-05-16T08:11:24,23.37,88.36
2026-05-16T08:11:29,23.37,88.36
2026-05-16T08:11:34,27.1,106.13
2026-05-16T08:11:39,27.1,106.13
2026-05-16T08:11:44,31.31,124.61
2026-05-16T08:11:49,31.31,124.61
2026-05-16T08:11:54,35.46,142.23
2026-05-16T08:11:59,35.46,142.23
2026-05-16T08:12:04,39.52,161.96
2026-05-16T08:12:09,39.52,161.96
2026-05-16T08:12:14,43.95,181.95
2026-05-16T08:12:19,43.95,181.95
2026-05-16T08:12:24,48.47,201.56
2026-05-16T08:12:29,48.47,201.56
2026-05-16T08:12:34,52.11,221.19
2026-05-16T08:12:39,52.11,221.19
2026-05-16T08:12:44,56.07,238.89
2026-05-16T08:12:49,56.07,238.89
2026-05-16T08:12:54,60.26,254.98
2026-05-16T08:12:59,60.26,254.98
2026-05-16T08:13:04,64.94,279.18
2026-05-16T08:13:09,64.94,279.18
2026-05-16T08:13:14,69.71,300.72
2026-05-16T08:13:19,69.71,300.72
2026-05-16T08:13:24,73.81,321.07
2026-05-16T08:13:29,73.81,321.07
2026-05-16T08:13:34,77.46,340.48
2026-05-16T08:13:39,77.46,340.48
2026-05-16T08:13:44,81.43,350.74
2026-05-16T08:13:49,81.43,350.74
2026-05-16T08:13:54,85.79,370.33
2026-05-16T08:13:59,85.79,370.33
2026-05-16T08:14:04,89.54,392.28
2026-05-16T08:14:09,89.54,392.28
2026-05-16T08:14:14,94.38,413.39
2026-05-16T08:14:19,94.38,413.39
2026-05-16T08:14:24,98.46,430.16
2026-05-16T08:14:29,98.46,430.16
2026-05-16T08:14:34,101.87,446.21
2026-05-16T08:14:39,101.87,446.21
2026-05-16T08:14:44,105.25,464.93
2026-05-16T08:14:49,105.25,464.93
2026-05-16T08:14:54,109.26,478.51
2026-05-16T08:14:59,109.26,478.51
2026-05-16T08:15:04,110.79,475.47
2026-05-16T08:15:09,110.79,475.47
2026-05-16T08:15:14,108.77,485.06
2026-05-16T08:15:19,108.77,485.06
2026-05-16T08:15:24,116.74,527.93
2026-05-16T08:15:29,116.74,527.93
2026-05-16T08:15:34,126.46,560.96
2026-05-16T08:15:39,126.46,560.96
2026-05-16T08:15:44,126.9,571.71
2026-05-16T08:15:49,126.9,571.71
2026-05-16T08:15:54,125.34,566.09
2026-05-16T08:15:59,125.34,566.09
2026-05-16T08:16:04,125.68,570.65
2026-05-16T08:16:09,125.68,570.65
2026-05-16T08:16:14,125.18,578.71
2026-05-16T08:16:19,125.18,578.71
2026-05-16T08:16:24,125.41,575.73
2026-05-16T08:16:29,125.41,575.73
2026-05-16T08:16:34,126.07,568.78
2026-05-16T08:16:39,126.07,568.78
2026-05-16T08:16:44,124.51,570.3
2026-05-16T08:16:49,124.51,570.3
2026-05-16T08:16:54,123.89,570.64
2026-05-16T08:16:59,123.89,570.64
2026-05-16T08:17:04,124.65,567.39
2026-05-16T08:17:09,124.65,567.39
2026-05-16T08:17:14,124.93,569.85
2026-05-16T08:17:19,124.93,569.85
2026-05-16T08:17:24,124.9,575.01
2026-05-16T08:17:29,124.9,575.01
2026-05-16T08:17:34,126.27,574.95
2026-05-16T08:17:39,126.27,574.95
2026-05-16T08:17:44,125.45,567.51
2026-05-16T08:17:49,125.45,567.51
2026-05-16T08:17:54,124.79,572.13
2026-05-16T08:17:59,124.79,572.13
2026-05-16T08:18:04,125.98,580.62
2026-05-16T08:18:09,125.98,580.62
2026-05-16T08:18:14,126.67,570.71
2026-05-16T08:18:19,126.67,570.71
2026-05-16T08:18:24,126.69,570.78
2026-05-16T08:18:29,126.69,570.78
2026-05-16T08:18:34,125.28,579.44
2026-05-16T08:18:39,125.28,579.44
2026-05-16T08:18:44,126.19,576.23
2026-05-16T08:18:49,126.19,576.23
2026-05-16T08:18:54,126.51,571.87
2026-05-16T08:18:59,126.51,571.87
2026-05-16T08:19:04,124.61,568.76
2026-05-16T08:19:09,124.61,568.76
2026-05-16T08:19:14,125.5,574.39
2026-05-16T08:19:19,125.5,574.39
2026-05-16T08:19:24,126.6,575.16
2026-05-16T08:19:29,126.6,575.16
2026-05-16T08:19:34,125.21,570.17
2026-05-16T08:19:39,125.21,570.17
2026-05-16T08:19:44,125.43,578.99
2026-05-16T08:19:49,125.43,578.99
2026-05-16T08:19:54,125.79,577.9
2026-05-16T08:19:59,125.79,577.9
2026-05-16T08:20:04,122.57,549.84
2026-05-16T08:20:09,122.57,549.84
2026-05-16T08:20:14,119.4,552.73
2026-05-16T08:20:19,119.4,552.73
2026-05-16T08:20:24,122.66,569.4
2026-05-16T08:20:29,122.66,569.4
2026-05-16T08:20:34,126.33,570.29
2026-05-16T08:20:39,126.33,570.29
2026-05-16T08:20:44,125.5,578.52
2026-05-16T08:20:49,125.5,578.52
2026-05-16T08:20:54,126.15,581.89
2026-05-16T08:20:59,126.15,581.89
2026-05-16T08:21:04,126.73,572.68
2026-05-16T08:21:09,126.73,572.68
2026-05-16T08:21:14,125.6,569.23
2026-05-16T08:21:19,125.6,569.23
2026-05-16T08:21:24,125.71,579.73
2026-05-16T08:21:29,125.71,579.73
2026-05-16T08:21:34,127.04,576.2
2026-05-16T08:21:39,127.04,576.2
2026-05-16T08:21:44,125.77,567.3
2026-05-16T08:21:49,125.77,567.3
2026-05-16T08:21:54,126.15,576.06
2026-05-16T08:21:59,126.15,576.06
2026-05-16T08:22:04,127.71,579.53
2026-05-16T08:22:09,127.71,579.53
2026-05-16T08:22:14,127.02,574.96
2026-05-16T08:22:19,127.02,574.96
2026-05-16T08:22:24,125.51,571.76
2026-05-16T08:22:29,125.51,571.76
2026-05-16T08:22:34,125.63,575.75
2026-05-16T08:22:39,125.63,575.75
2026-05-16T08:22:44,127.18,575.06
2026-05-16T08:22:49,127.18,575.06
2026-05-16T08:22:54,126.26,573.2
2026-05-16T08:22:59,126.26,573.2
2026-05-16T08:23:04,124.93,575.13
2026-05-16T08:23:09,124.93,575.13
2026-05-16T08:23:14,126.49,571.47
2026-05-16T08:23:19,126.49,571.47
2026-05-16T08:23:24,127.22,575.64
2026-05-16T08:23:29,127.22,575.64
2026-05-16T08:23:34,125.25,574.58
2026-05-16T08:23:39,125.25,574.58
2026-05-16T08:23:44,126.1,578.13
2026-05-16T08:23:49,126.1,578.13
2026-05-16T08:23:54,127.15,576.63
2026-05-16T08:23:59,127.15,576.63
2026-05-16T08:24:04,125.86,568.44
2026-05-16T08:24:09,125.86,568.44
2026-05-16T08:24:14,125.8,575.41
2026-05-16T08:24:19,125.8,575.41
2026-05-16T08:24:24,126.73,581.63
2026-05-16T08:24:29,126.73,581.63
2026-05-16T08:24:34,127.6,579.47
2026-05-16T08:24:39,127.6,579.47
2026-05-16T08:24:44,126.09,575.3
2026-05-16T08:24:49,126.09,575.3
2026-05-16T08:24:54,125.14,574.54
2026-05-16T08:24:59,125.14,574.54
2026-05-16T08:25:04,123.73,557.35
2026-05-16T08:25:09,123.73,557.35
2026-05-16T08:25:14,123.31,558.93
2026-05-16T08:25:19,123.31,558.93
2026-05-16T08:25:24,125.16,573.82
2026-05-16T08:25:29,125.16,573.82
2026-05-16T08:25:34,126.12,577.94
2026-05-16T08:25:39,126.12,577.94
2026-05-16T08:25:44,126.95,578.14
2026-05-16T08:25:49,126.95,578.14
2026-05-16T08:25:54,126.33,570.49
2026-05-16T08:25:59,126.33,570.49
2026-05-16T08:26:04,126.2,574.65
2026-05-16T08:26:09,126.2,574.65
2026-05-16T08:26:14,125.81,579.24
2026-05-16T08:26:19,125.81,579.24
2026-05-16T08:26:24,131.86,574.96
2026-05-16T08:26:29,131.86,574.96
2026-05-16T08:26:34,132.72,572.54
2026-05-16T08:26:39,132.72,572.54
2026-05-16T08:26:44,126.43,575.71
2026-05-16T08:26:49,126.43,575.71
2026-05-16T08:26:54,125.84,576.86
2026-05-16T08:26:59,125.84,576.86
2026-05-16T08:27:04,125.54,574.48
2026-05-16T08:27:09,125.54,574.48
2026-05-16T08:27:14,125.73,570.55
2026-05-16T08:27:19,125.73,570.55
2026-05-16T08:27:24,126.25,572.38
2026-05-16T08:27:29,126.25,572.38
2026-05-16T08:27:34,126.44,575.85
2026-05-16T08:27:39,126.44,575.85
2026-05-16T08:27:44,125.7,570.66
2026-05-16T08:27:49,125.7,570.66
2026-05-16T08:27:54,124.56,570.29
2026-05-16T08:27:59,124.56,570.29
2026-05-16T08:28:04,125.26,574.9
2026-05-16T08:28:09,125.26,574.9
2026-05-16T08:28:14,126.83,574.86
2026-05-16T08:28:19,126.83,574.86
2026-05-16T08:28:24,125.61,570.69
2026-05-16T08:28:29,125.61,570.69
2026-05-16T08:28:34,124.17,571.63
2026-05-16T08:28:39,124.17,571.63
2026-05-16T08:28:44,125.43,573.32
2026-05-16T08:28:49,125.43,573.32
2026-05-16T08:28:54,126.02,574.15
2026-05-16T08:28:59,126.02,574.15
2026-05-16T08:29:04,125.19,574.67
2026-05-16T08:29:09,125.19,574.67
2026-05-16T08:29:14,125.3,574.63
2026-05-16T08:29:19,125.3,574.63
2026-05-16T08:29:24,125.49,572.77
2026-05-16T08:29:29,125.49,572.77
2026-05-16T08:29:34,125.34,570.42
2026-05-16T08:29:39,125.34,570.42
2026-05-16T08:29:44,126.04,577.26
2026-05-16T08:29:49,126.04,577.26
2026-05-16T08:29:54,126.21,573.71
2026-05-16T08:29:59,126.21,573.71
2026-05-16T08:30:04,120.84,538.39
2026-05-16T08:30:09,120.84,538.39
2026-05-16T08:30:14,108.89,499.78
2026-05-16T08:30:19,108.89,499.78
2026-05-16T08:30:24,111.34,523.94
2026-05-16T08:30:29,111.34,523.94
2026-05-16T08:30:34,121.67,567.2
2026-05-16T08:30:39,121.67,567.2
2026-05-16T08:30:44,123.62,571.62
2026-05-16T08:30:49,123.62,571.62
2026-05-16T08:30:54,124.77,566.85
2026-05-16T08:30:59,124.77,566.85
2026-05-16T08:31:04,124.6,569.2
2026-05-16T08:31:09,124.6,569.2
2026-05-16T08:31:14,124.62,573.85
2026-05-16T08:31:19,124.62,573.85
2026-05-16T08:31:24,125.61,571.48
2026-05-16T08:31:29,125.61,571.48
2026-05-16T08:31:34,125.15,570.86
2026-05-16T08:31:39,125.15,570.86
2026-05-16T08:31:44,124.28,575.57
2026-05-16T08:31:49,124.28,575.57
2026-05-16T08:31:54,126.15,575.61
2026-05-16T08:31:59,126.15,575.61
2026-05-16T08:32:04,125.41,561.15
2026-05-16T08:32:09,125.41,561.15
2026-05-16T08:32:14,123.46,561.25
2026-05-16T08:32:19,123.46,561.25
2026-05-16T08:32:24,125.41,574.25
2026-05-16T08:32:29,125.41,574.25
2026-05-16T08:32:34,127.67,575.42
2026-05-16T08:32:39,127.67,575.42
2026-05-16T08:32:44,128.08,577.31
2026-05-16T08:32:49,128.08,577.31
2026-05-16T08:32:54,126.42,576.23
2026-05-16T08:32:59,126.42,576.23
2026-05-16T08:33:04,124.56,567.02
2026-05-16T08:33:09,124.56,567.02
2026-05-16T08:33:14,125.08,568.18
2026-05-16T08:33:19,125.08,568.18
2026-05-16T08:33:24,124.96,573.32
2026-05-16T08:33:29,124.96,573.32
2026-05-16T08:33:34,124.35,571.99
2026-05-16T08:33:39,124.35,571.99
2026-05-16T08:33:44,125.82,571.35
2026-05-16T08:33:49,125.82,571.35
2026-05-16T08:33:54,125.28,563.98
2026-05-16T08:33:59,125.28,563.98
2026-05-16T08:34:04,124.25,571.01
2026-05-16T08:34:09,124.25,571.01
2026-05-16T08:34:14,124.44,574.49
2026-05-16T08:34:19,124.44,574.49
2026-05-16T08:34:24,124.69,568.33
2026-05-16T08:34:29,124.69,568.33
2026-05-16T08:34:34,125.0,567.71
2026-05-16T08:34:39,125.0,567.71
2026-05-16T08:34:44,125.09,574.07
2026-05-16T08:34:49,125.09,574.07
2026-05-16T08:34:54,124.64,572.12
2026-05-16T08:34:59,124.64,572.12
2026-05-16T08:35:04,120.97,536.81
2026-05-16T08:35:09,120.97,536.81
2026-05-16T08:35:14,116.08,534.24
2026-05-16T08:35:19,116.08,534.24
2026-05-16T08:35:24,120.38,563.95
2026-05-16T08:35:29,120.38,563.95
2026-05-16T08:35:34,127.21,571.95
2026-05-16T08:35:39,127.21,571.95
2026-05-16T08:35:44,126.49,570.93
2026-05-16T08:35:49,126.49,570.93
2026-05-16T08:35:54,125.87,571.64
2026-05-16T08:35:59,125.87,571.64
2026-05-16T08:36:04,126.53,572.74
2026-05-16T08:36:09,126.53,572.74
2026-05-16T08:36:14,127.76,577.04
2026-05-16T08:36:19,127.76,577.04
2026-05-16T08:36:24,128.09,575.37
2026-05-16T08:36:29,128.09,575.37
2026-05-16T08:36:34,127.66,574.44
2026-05-16T08:36:39,127.66,574.44
2026-05-16T08:36:44,126.66,574.56
2026-05-16T08:36:49,126.66,574.56
2026-05-16T08:36:54,125.86,572.66
2026-05-16T08:36:59,125.86,572.66
2026-05-16T08:37:04,126.81,575.89
2026-05-16T08:37:09,126.81,575.89
2026-05-16T08:37:14,126.24,572.24
2026-05-16T08:37:19,126.24,572.24
2026-05-16T08:37:24,125.85,576.27
2026-05-16T08:37:29,125.85,576.27
2026-05-16T08:37:34,126.91,578.44
2026-05-16T08:37:39,126.91,578.44
2026-05-16T08:37:44,126.9,572.15
2026-05-16T08:37:49,126.9,572.15
2026-05-16T08:37:54,125.7,569.01
2026-05-16T08:37:59,125.7,569.01
2026-05-16T08:38:04,125.87,578.95
2026-05-16T08:38:09,125.87,578.95
2026-05-16T08:38:14,125.89,574.79
2026-05-16T08:38:19,125.89,574.79
2026-05-16T08:38:24,125.34,562.5
2026-05-16T08:38:29,125.34,562.5
2026-05-16T08:38:34,125.27,573.85
2026-05-16T08:38:39,125.27,573.85
2026-05-16T08:38:44,126.66,581.37
2026-05-16T08:38:49,126.66,581.37
2026-05-16T08:38:54,126.78,574.13
2026-05-16T08:38:59,126.78,574.13
2026-05-16T08:39:04,124.35,566.78
2026-05-16T08:39:09,124.35,566.78
2026-05-16T08:39:14,124.08,566.98
2026-05-16T08:39:19,124.08,566.98
2026-05-16T08:39:24,125.81,575.63
2026-05-16T08:39:29,125.81,575.63
2026-05-16T08:39:34,126.43,574.95
2026-05-16T08:39:39,126.43,574.95
2026-05-16T08:39:44,125.01,570.71
2026-05-16T08:39:49,125.01,570.71
2026-05-16T08:39:54,126.08,578.52
2026-05-16T08:39:59,126.08,578.52
2026-05-16T08:40:04,125.63,567.24
2026-05-16T08:40:09,125.63,567.24
2026-05-16T08:40:14,121.84,555.14
2026-05-16T08:40:19,121.84,555.14
2026-05-16T08:40:24,122.18,566.36
2026-05-16T08:40:29,122.18,566.36
2026-05-16T08:40:34,125.11,571.99
2026-05-16T08:40:39,125.11,571.99
2026-05-16T08:40:44,126.46,574.24
2026-05-16T08:40:49,126.46,574.24
2026-05-16T08:40:54,125.83,574.97
2026-05-16T08:40:59,125.83,574.97
2026-05-16T08:41:04,126.26,578.92
2026-05-16T08:41:09,126.26,578.92
2026-05-16T08:41:14,127.43,581.15
2026-05-16T08:41:19,127.43,581.15
2026-05-16T08:41:24,126.4,573.35
2026-05-16T08:41:29,126.4,573.35
2026-05-16T08:41:34,124.85,573.94
2026-05-16T08:41:39,124.85,573.94
2026-05-16T08:41:44,125.39,574.84
2026-05-16T08:41:49,125.39,574.84
2026-05-16T08:41:54,125.42,568.64
2026-05-16T08:41:59,125.42,568.64
2026-05-16T08:42:04,124.27,568.37
2026-05-16T08:42:09,124.27,568.37
2026-05-16T08:42:14,125.11,577.83
2026-05-16T08:42:19,125.11,577.83
2026-05-16T08:42:24,126.93,577.48
2026-05-16T08:42:29,126.93,577.48
2026-05-16T08:42:34,127.7,573.24
2026-05-16T08:42:39,127.7,573.24
2026-05-16T08:42:44,125.85,573.26
2026-05-16T08:42:49,125.85,573.26
2026-05-16T08:42:54,125.46,572.21
2026-05-16T08:42:59,125.46,572.21
2026-05-16T08:43:04,126.77,573.39
2026-05-16T08:43:09,126.77,573.39
2026-05-16T08:43:14,125.37,574.12
2026-05-16T08:43:19,125.37,574.12
2026-05-16T08:43:24,125.0,571.81
2026-05-16T08:43:29,125.0,571.81
2026-05-16T08:43:34,125.95,570.0
2026-05-16T08:43:39,125.95,570.0
2026-05-16T08:43:44,125.05,566.97
2026-05-16T08:43:49,125.05,566.97
2026-05-16T08:43:54,125.12,570.68
2026-05-16T08:43:59,125.12,570.68
2026-05-16T08:44:04,125.75,577.13
2026-05-16T08:44:09,125.75,577.13
2026-05-16T08:44:14,125.99,572.3
2026-05-16T08:44:19,125.99,572.3
2026-05-16T08:44:24,125.54,570.52
2026-05-16T08:44:29,125.54,570.52
2026-05-16T08:44:34,125.15,576.05
2026-05-16T08:44:39,125.15,576.05
2026-05-16T08:44:44,126.2,576.7
2026-05-16T08:44:49,126.2,576.7
2026-05-16T08:44:54,125.94,572.39
2026-05-16T08:44:59,125.94,572.39
2026-05-16T08:45:04,121.29,548.52
2026-05-16T08:45:09,121.29,548.52
2026-05-16T08:45:14,118.55,547.31
2026-05-16T08:45:19,118.55,547.31
2026-05-16T08:45:24,121.69,563.03
2026-05-16T08:45:29,121.69,563.03
2026-05-16T08:45:34,124.45,565.69
2026-05-16T08:45:39,124.45,565.69
2026-05-16T08:45:44,125.02,573.02
2026-05-16T08:45:49,125.02,573.02
2026-05-16T08:45:54,126.27,575.39
2026-05-16T08:45:59,126.27,575.39
2026-05-16T08:46:04,126.81,574.44
2026-05-16T08:46:09,126.81,574.44
2026-05-16T08:46:14,124.92,572.9
2026-05-16T08:46:19,124.92,572.9
2026-05-16T08:46:24,125.19,575.41
2026-05-16T08:46:29,125.19,575.41
2026-05-16T08:46:34,126.36,574.87
2026-05-16T08:46:39,126.36,574.87
2026-05-16T08:46:44,125.46,571.38
2026-05-16T08:46:49,125.46,571.38
2026-05-16T08:46:54,124.94,574.8
2026-05-16T08:46:59,124.94,574.8
2026-05-16T08:47:04,125.81,576.69
2026-05-16T08:47:09,125.81,576.69
2026-05-16T08:47:14,125.56,570.87
2026-05-16T08:47:19,125.56,570.87
2026-05-16T08:47:24,125.63,571.8
2026-05-16T08:47:29,125.63,571.8
2026-05-16T08:47:34,125.66,575.76
2026-05-16T08:47:39,125.66,575.76
2026-05-16T08:47:44,125.5,574.31
2026-05-16T08:47:49,125.5,574.31
2026-05-16T08:47:54,125.92,574.42
2026-05-16T08:47:59,125.92,574.42
2026-05-16T08:48:04,124.88,575.59
2026-05-16T08:48:09,124.88,575.59
2026-05-16T08:48:14,125.39,575.93
2026-05-16T08:48:19,125.39,575.93
2026-05-16T08:48:24,126.74,573.09
2026-05-16T08:48:29,126.74,573.09
2026-05-16T08:48:34,126.42,570.07
2026-05-16T08:48:39,126.42,570.07
2026-05-16T08:48:44,125.56,575.31
2026-05-16T08:48:49,125.56,575.31
2026-05-16T08:48:54,126.15,578.86
2026-05-16T08:48:59,126.15,578.86
2026-05-16T08:49:04,125.28,565.22
2026-05-16T08:49:09,125.28,565.22
2026-05-16T08:49:14,123.77,564.67
2026-05-16T08:49:19,123.77,564.67
2026-05-16T08:49:24,124.75,574.99
2026-05-16T08:49:29,124.75,574.99
2026-05-16T08:49:34,126.3,571.11
2026-05-16T08:49:39,126.3,571.11
2026-05-16T08:49:44,126.41,571.05
2026-05-16T08:49:49,126.41,571.05
2026-05-16T08:49:54,124.82,577.3
2026-05-16T08:49:59,124.82,577.3
2026-05-16T08:50:04,123.26,560.23
2026-05-16T08:50:09,123.26,560.23
2026-05-16T08:50:14,121.83,550.56
2026-05-16T08:50:19,121.83,550.56
2026-05-16T08:50:24,122.53,568.28
2026-05-16T08:50:29,122.53,568.28
2026-05-16T08:50:34,124.21,575.45
2026-05-16T08:50:39,124.21,575.45
2026-05-16T08:50:44,125.43,572.16
2026-05-16T08:50:49,125.43,572.16
2026-05-16T08:50:54,125.79,567.32
2026-05-16T08:50:59,125.79,567.32
2026-05-16T08:51:04,124.8,576.3
2026-05-16T08:51:09,124.8,576.3
2026-05-16T08:51:14,125.56,578.17
2026-05-16T08:51:19,125.56,578.17
2026-05-16T08:51:24,125.95,568.57
2026-05-16T08:51:29,125.95,568.57
2026-05-16T08:51:34,124.23,568.11
2026-05-16T08:51:39,124.23,568.11
2026-05-16T08:51:44,124.48,579.61
2026-05-16T08:51:49,124.48,579.61
2026-05-16T08:51:54,125.78,574.6
2026-05-16T08:51:59,125.78,574.6
2026-05-16T08:52:04,125.69,566.62
2026-05-16T08:52:09,125.69,566.62
2026-05-16T08:52:14,125.43,573.8
2026-05-16T08:52:19,125.43,573.8
2026-05-16T08:52:24,125.91,578.06
2026-05-16T08:52:29,125.91,578.06
2026-05-16T08:52:34,126.02,571.47
2026-05-16T08:52:39,126.02,571.47
2026-05-16T08:52:44,125.14,570.17
2026-05-16T08:52:49,125.14,570.17
2026-05-16T08:52:54,125.83,582.1
2026-05-16T08:52:59,125.83,582.1
2026-05-16T08:53:04,127.36,578.99
2026-05-16T08:53:09,127.36,578.99
2026-05-16T08:53:14,127.4,573.42
2026-05-16T08:53:19,127.4,573.42
2026-05-16T08:53:24,126.36,575.96
2026-05-16T08:53:29,126.36,575.96
2026-05-16T08:53:34,127.0,581.09
2026-05-16T08:53:39,127.0,581.09
2026-05-16T08:53:44,128.63,574.66
2026-05-16T08:53:49,128.63,574.66
2026-05-16T08:53:54,127.95,573.97
2026-05-16T08:53:59,127.95,573.97
2026-05-16T08:54:04,127.21,584.3
2026-05-16T08:54:09,127.21,584.3
2026-05-16T08:54:14,128.28,581.83
2026-05-16T08:54:19,128.28,581.83
2026-05-16T08:54:24,129.35,576.75
2026-05-16T08:54:29,129.35,576.75
2026-05-16T08:54:34,127.99,578.88
2026-05-16T08:54:39,127.99,578.88
2026-05-16T08:54:44,127.24,581.83
2026-05-16T08:54:49,127.24,581.83
2026-05-16T08:54:54,128.17,576.02
2026-05-16T08:54:59,128.17,576.02
2026-05-16T08:55:04,124.86,556.99
2026-05-16T08:55:09,124.86,556.99
2026-05-16T08:55:14,121.52,560.56
2026-05-16T08:55:19,121.52,560.56
2026-05-16T08:55:24,124.74,577.97
2026-05-16T08:55:29,124.74,577.97
2026-05-16T08:55:34,127.68,576.23
2026-05-16T08:55:39,127.68,576.23
2026-05-16T08:55:44,126.12,574.02
2026-05-16T08:55:49,126.12,574.02
2026-05-16T08:55:54,126.12,576.37
2026-05-16T08:55:59,126.12,576.37
2026-05-16T08:56:04,127.44,578.02
2026-05-16T08:56:09,127.44,578.02
2026-05-16T08:56:14,127.41,571.86
2026-05-16T08:56:19,127.41,571.86
2026-05-16T08:56:24,127.56,578.24
2026-05-16T08:56:29,127.56,578.24
2026-05-16T08:56:34,127.18,580.32
2026-05-16T08:56:39,127.18,580.32
2026-05-16T08:56:44,126.31,571.1
2026-05-16T08:56:49,126.31,571.1
2026-05-16T08:56:54,127.07,577.1
2026-05-16T08:56:59,127.07,577.1
2026-05-16T08:57:04,127.29,578.19
2026-05-16T08:57:09,127.29,578.19
2026-05-16T08:57:14,127.67,576.83
2026-05-16T08:57:19,127.67,576.83
2026-05-16T08:57:24,128.8,578.81
2026-05-16T08:57:29,128.8,578.81
2026-05-16T08:57:34,127.75,574.58
2026-05-16T08:57:39,127.75,574.58
2026-05-16T08:57:44,127.48,575.95
2026-05-16T08:57:49,127.48,575.95
2026-05-16T08:57:54,127.96,580.13
2026-05-16T08:57:59,127.96,580.13
2026-05-16T08:58:04,127.56,577.79
2026-05-16T08:58:09,127.56,577.79
2026-05-16T08:58:14,127.38,574.84
2026-05-16T08:58:19,127.38,574.84
2026-05-16T08:58:24,126.3,579.25
2026-05-16T08:58:29,126.3,579.25
2026-05-16T08:58:34,125.35,575.79
2026-05-16T08:58:39,125.35,575.79
2026-05-16T08:58:44,126.31,573.18
2026-05-16T08:58:49,126.31,573.18
2026-05-16T08:58:54,125.74,572.7
2026-05-16T08:58:59,125.74,572.7
2026-05-16T08:59:04,125.93,574.91
2026-05-16T08:59:09,125.93,574.91
2026-05-16T08:59:14,125.93,574.45
2026-05-16T08:59:19,125.93,574.45
2026-05-16T08:59:24,126.06,572.99
2026-05-16T08:59:29,126.06,572.99
2026-05-16T08:59:34,126.53,577.18
2026-05-16T08:59:39,126.53,577.18
2026-05-16T08:59:44,126.05,574.25
2026-05-16T08:59:49,126.05,574.25
2026-05-16T08:59:54,126.72,574.54
2026-05-16T08:59:59,126.72,574.54
2026-05-16T09:00:04,121.79,540.81
2026-05-16T09:00:09,121.79,540.81
2026-05-16T09:00:14,107.67,497.93
2026-05-16T09:00:19,107.67,497.93
2026-05-16T09:00:24,111.83,527.3
2026-05-16T09:00:29,111.83,527.3
2026-05-16T09:00:34,124.93,572.79
2026-05-16T09:00:39,124.93,572.79
2026-05-16T09:00:44,124.34,573.41
2026-05-16T09:00:49,124.34,573.41
2026-05-16T09:00:54,124.68,570.99
2026-05-16T09:00:59,124.68,570.99
2026-05-16T09:01:04,124.8,572.06
2026-05-16T09:01:09,124.8,572.06
2026-05-16T09:01:14,124.12,569.89
2026-05-16T09:01:19,124.12,569.89
2026-05-16T09:01:24,124.74,571.15
2026-05-16T09:01:29,124.74,571.15
2026-05-16T09:01:34,125.3,568.58
2026-05-16T09:01:39,125.3,568.58
2026-05-16T09:01:44,126.56,576.06
2026-05-16T09:01:49,126.56,576.06
2026-05-16T09:01:54,126.44,577.84
2026-05-16T09:01:59,126.44,577.84
2026-05-16T09:02:04,126.12,572.88
2026-05-16T09:02:09,126.12,572.88
2026-05-16T09:02:14,126.19,574.84
2026-05-16T09:02:19,126.19,574.84
2026-05-16T09:02:24,125.86,575.58
2026-05-16T09:02:29,125.86,575.58
2026-05-16T09:02:34,126.68,579.86
2026-05-16T09:02:39,126.68,579.86
2026-05-16T09:02:44,126.62,571.52
2026-05-16T09:02:49,126.62,571.52
2026-05-16T09:02:54,124.84,567.82
2026-05-16T09:02:59,124.84,567.82
2026-05-16T09:03:04,124.26,573.67
2026-05-16T09:03:09,124.26,573.67
2026-05-16T09:03:14,125.44,567.04
2026-05-16T09:03:19,125.44,567.04
2026-05-16T09:03:24,125.83,572.74
2026-05-16T09:03:29,125.83,572.74
2026-05-16T09:03:34,125.51,578.25
2026-05-16T09:03:39,125.51,578.25
2026-05-16T09:03:44,126.06,571.97
2026-05-16T09:03:49,126.06,571.97
2026-05-16T09:03:54,126.6,573.7
2026-05-16T09:03:59,126.6,573.7
2026-05-16T09:04:04,125.54,572.77
2026-05-16T09:04:09,125.54,572.77
2026-05-16T09:04:14,124.89,569.43
2026-05-16T09:04:19,124.89,569.43
2026-05-16T09:04:24,125.55,572.8
2026-05-16T09:04:29,125.55,572.8
2026-05-16T09:04:34,126.26,575.27
2026-05-16T09:04:39,126.26,575.27
2026-05-16T09:04:44,125.81,575.14
2026-05-16T09:04:49,125.81,575.14
2026-05-16T09:04:54,126.12,573.57
2026-05-16T09:04:59,126.12,573.57
2026-05-16T09:05:04,122.16,539.96
2026-05-16T09:05:09,122.16,539.96
2026-05-16T09:05:14,118.02,542.22
2026-05-16T09:05:19,118.02,542.22
2026-05-16T09:05:24,123.03,577.28
2026-05-16T09:05:29,123.03,577.28
2026-05-16T09:05:34,126.82,578.72
2026-05-16T09:05:39,126.82,578.72
2026-05-16T09:05:44,125.55,574.0
2026-05-16T09:05:49,125.55,574.0
2026-05-16T09:05:54,126.24,575.06
2026-05-16T09:05:59,126.24,575.06
2026-05-16T09:06:04,126.27,575.63
2026-05-16T09:06:09,126.27,575.63
2026-05-16T09:06:14,125.86,574.39
2026-05-16T09:06:19,125.86,574.39
2026-05-16T09:06:24,126.38,575.51
2026-05-16T09:06:29,126.38,575.51
2026-05-16T09:06:34,126.44,577.19
2026-05-16T09:06:39,126.44,577.19
2026-05-16T09:06:44,127.12,576.72
2026-05-16T09:06:49,127.12,576.72
2026-05-16T09:06:54,126.88,580.38
2026-05-16T09:06:59,126.88,580.38
2026-05-16T09:07:04,127.11,580.81
2026-05-16T09:07:09,127.11,580.81
2026-05-16T09:07:14,127.2,578.86
2026-05-16T09:07:19,127.2,578.86
2026-05-16T09:07:24,126.6,576.78
2026-05-16T09:07:29,126.6,576.78
2026-05-16T09:07:34,126.41,572.08
2026-05-16T09:07:39,126.41,572.08
2026-05-16T09:07:44,126.28,572.96
2026-05-16T09:07:49,126.28,572.96
2026-05-16T09:07:54,126.6,579.44
2026-05-16T09:07:59,126.6,579.44
2026-05-16T09:08:04,127.14,582.05
2026-05-16T09:08:09,127.14,582.05
2026-05-16T09:08:14,127.08,576.7
2026-05-16T09:08:19,127.08,576.7
2026-05-16T09:08:24,125.65,572.16
2026-05-16T09:08:29,125.65,572.16
2026-05-16T09:08:34,125.53,571.78
2026-05-16T09:08:39,125.53,571.78
2026-05-16T09:08:44,126.96,579.04
2026-05-16T09:08:49,126.96,579.04
2026-05-16T09:08:54,127.52,578.4
2026-05-16T09:08:59,127.52,578.4
2026-05-16T09:09:04,125.52,571.4
2026-05-16T09:09:09,125.52,571.4
2026-05-16T09:09:14,124.74,569.31
2026-05-16T09:09:19,124.74,569.31
2026-05-16T09:09:24,126.33,572.56
2026-05-16T09:09:29,126.33,572.56
2026-05-16T09:09:34,126.38,573.32
2026-05-16T09:09:39,126.38,573.32
2026-05-16T09:09:44,126.18,576.6
2026-05-16T09:09:49,126.18,576.6
2026-05-16T09:09:54,126.73,577.82
2026-05-16T09:09:59,126.73,577.82
2026-05-16T09:10:04,124.13,558.48
2026-05-16T09:10:09,124.13,558.48
2026-05-16T09:10:14,121.64,557.26
2026-05-16T09:10:19,121.64,557.26
2026-05-16T09:10:24,124.81,576.74
2026-05-16T09:10:29,124.81,576.74
2026-05-16T09:10:34,127.32,574.75
2026-05-16T09:10:39,127.32,574.75
2026-05-16T09:10:44,127.0,572.14
2026-05-16T09:10:49,127.0,572.14
2026-05-16T09:10:54,126.73,575.47
2026-05-16T09:10:59,126.73,575.47
2026-05-16T09:11:04,126.88,575.36
2026-05-16T09:11:09,126.88,575.36
2026-05-16T09:11:14,128.04,575.06
2026-05-16T09:11:19,128.04,575.06
2026-05-16T09:11:24,127.72,578.73
2026-05-16T09:11:29,127.72,578.73
2026-05-16T09:11:34,127.15,577.37
2026-05-16T09:11:39,127.15,577.37
2026-05-16T09:11:44,128.19,577.82
2026-05-16T09:11:49,128.19,577.82
2026-05-16T09:11:54,128.18,579.34
2026-05-16T09:11:59,128.18,579.34
2026-05-16T09:12:04,127.51,576.22
2026-05-16T09:12:09,127.51,576.22
2026-05-16T09:12:14,127.16,577.62
2026-05-16T09:12:19,127.16,577.62
2026-05-16T09:12:24,128.08,580.26
2026-05-16T09:12:29,128.08,580.26
2026-05-16T09:12:34,127.91,572.91
2026-05-16T09:12:39,127.91,572.91
2026-05-16T09:12:44,127.24,574.85
2026-05-16T09:12:49,127.24,574.85
2026-05-16T09:12:54,127.43,580.16
2026-05-16T09:12:59,127.43,580.16
2026-05-16T09:13:04,125.7,571.26
2026-05-16T09:13:09,125.7,571.26
2026-05-16T09:13:14,125.43,569.26
2026-05-16T09:13:19,125.43,569.26
2026-05-16T09:13:24,126.67,575.09
2026-05-16T09:13:29,126.67,575.09
2026-05-16T09:13:34,126.2,573.5
2026-05-16T09:13:39,126.2,573.5
2026-05-16T09:13:44,125.83,571.16
2026-05-16T09:13:49,125.83,571.16
2026-05-16T09:13:54,126.0,575.26
2026-05-16T09:13:59,126.0,575.26
2026-05-16T09:14:04,126.26,574.59
2026-05-16T09:14:09,126.26,574.59
2026-05-16T09:14:14,127.49,578.3
2026-05-16T09:14:19,127.49,578.3
2026-05-16T09:14:24,127.58,578.0
2026-05-16T09:14:29,127.58,578.0
2026-05-16T09:14:34,127.11,577.52
2026-05-16T09:14:39,127.11,577.52
2026-05-16T09:14:44,127.46,578.56
2026-05-16T09:14:49,127.46,578.56
2026-05-16T09:14:54,128.2,570.61
2026-05-16T09:14:59,128.2,570.61
2026-05-16T09:15:04,125.6,561.49
2026-05-16T09:15:09,125.6,561.49
2026-05-16T09:15:14,123.59,568.43
2026-05-16T09:15:19,123.59,568.43
2026-05-16T09:15:24,126.23,574.7
2026-05-16T09:15:29,126.23,574.7
2026-05-16T09:15:34,127.7,570.33
2026-05-16T09:15:39,127.7,570.33
2026-05-16T09:15:44,127.03,577.27
2026-05-16T09:15:49,127.03,577.27
2026-05-16T09:15:54,514.96,585.06
2026-05-16T09:15:59,514.96,585.06
2026-05-16T09:16:04,515.76,573.93
2026-05-16T09:16:09,515.76,573.93
2026-05-16T09:16:14,127.64,574.29
2026-05-16T09:16:19,127.64,574.29
2026-05-16T09:16:24,127.14,583.12
2026-05-16T09:16:29,127.14,583.12
2026-05-16T09:16:34,128.18,578.86
2026-05-16T09:16:39,128.18,578.86
2026-05-16T09:16:44,128.83,574.62
2026-05-16T09:16:49,128.83,574.62
2026-05-16T09:16:54,127.76,576.52
2026-05-16T09:16:59,127.76,576.52
2026-05-16T09:17:04,127.34,581.62
2026-05-16T09:17:09,127.34,581.62
2026-05-16T09:17:14,127.93,575.54
2026-05-16T09:17:19,127.93,575.54
2026-05-16T09:17:24,126.98,571.35
2026-05-16T09:17:29,126.98,571.35
2026-05-16T09:17:34,126.6,579.86
2026-05-16T09:17:39,126.6,579.86
2026-05-16T09:17:44,127.68,576.84
2026-05-16T09:17:49,127.68,576.84
2026-05-16T09:17:54,128.14,570.98
2026-05-16T09:17:59,128.14,570.98
2026-05-16T09:18:04,126.36,573.39
2026-05-16T09:18:09,126.36,573.39
2026-05-16T09:18:14,126.16,577.66
2026-05-16T09:18:19,126.16,577.66
2026-05-16T09:18:24,128.72,576.51
2026-05-16T09:18:29,128.72,576.51
2026-05-16T09:18:34,127.25,573.2
2026-05-16T09:18:39,127.25,573.2
2026-05-16T09:18:44,126.34,583.58
2026-05-16T09:18:49,126.34,583.58
2026-05-16T09:18:54,127.4,577.66
2026-05-16T09:18:59,127.4,577.66
2026-05-16T09:19:04,126.07,562.49
2026-05-16T09:19:09,126.07,562.49
2026-05-16T09:19:14,124.7,569.97
2026-05-16T09:19:19,124.7,569.97
2026-05-16T09:19:24,126.02,579.22
2026-05-16T09:19:29,126.02,579.22
2026-05-16T09:19:34,127.02,572.79
2026-05-16T09:19:39,127.02,572.79
2026-05-16T09:19:44,125.97,571.09
2026-05-16T09:19:49,125.97,571.09
2026-05-16T09:19:54,125.08,574.06
2026-05-16T09:19:59,125.08,574.06
2026-05-16T09:20:04,122.38,548.2
2026-05-16T09:20:09,122.38,548.2
2026-05-16T09:20:14,118.24,538.14
2026-05-16T09:20:19,118.24,538.14
2026-05-16T09:20:24,121.18,566.84
2026-05-16T09:20:29,121.18,566.84
2026-05-16T09:20:34,125.44,575.47
2026-05-16T09:20:39,125.44,575.47
2026-05-16T09:20:44,125.38,571.52
2026-05-16T09:20:49,125.38,571.52
2026-05-16T09:20:54,125.46,573.04
2026-05-16T09:20:59,125.46,573.04
2026-05-16T09:21:04,125.52,573.05
2026-05-16T09:21:09,125.52,573.05
2026-05-16T09:21:14,125.71,573.58
2026-05-16T09:21:19,125.71,573.58
2026-05-16T09:21:24,125.17,571.04
2026-05-16T09:21:29,125.17,571.04
2026-05-16T09:21:34,124.8,572.19
2026-05-16T09:21:39,124.8,572.19
2026-05-16T09:21:44,125.35,570.87
2026-05-16T09:21:49,125.35,570.87
2026-05-16T09:21:54,126.49,572.68
2026-05-16T09:21:59,126.49,572.68
2026-05-16T09:22:04,126.09,575.61
2026-05-16T09:22:09,126.09,575.61
2026-05-16T09:22:14,125.25,570.28
2026-05-16T09:22:19,125.25,570.28
2026-05-16T09:22:24,126.27,577.49
2026-05-16T09:22:29,126.27,577.49
2026-05-16T09:22:34,126.19,576.38
2026-05-16T09:22:39,126.19,576.38
2026-05-16T09:22:44,126.4,576.51
2026-05-16T09:22:49,126.4,576.51
2026-05-16T09:22:54,126.83,575.68
2026-05-16T09:22:59,126.83,575.68
2026-05-16T09:23:04,125.93,573.67
2026-05-16T09:23:09,125.93,573.67
2026-05-16T09:23:14,126.11,576.97
2026-05-16T09:23:19,126.11,576.97
2026-05-16T09:23:24,127.52,574.98
2026-05-16T09:23:29,127.52,574.98
2026-05-16T09:23:34,126.28,573.69
2026-05-16T09:23:39,126.28,573.69
2026-05-16T09:23:44,124.56,574.44
2026-05-16T09:23:49,124.56,574.44
2026-05-16T09:23:54,126.62,576.74
2026-05-16T09:23:59,126.62,576.74
2026-05-16T09:24:04,127.24,576.99
2026-05-16T09:24:09,127.24,576.99
2026-05-16T09:24:14,125.72,576.98
2026-05-16T09:24:19,125.72,576.98
2026-05-16T09:24:24,125.14,575.46
2026-05-16T09:24:29,125.14,575.46
2026-05-16T09:24:34,126.09,572.45
2026-05-16T09:24:39,126.09,572.45
2026-05-16T09:24:44,126.99,577.12
2026-05-16T09:24:49,126.99,577.12
2026-05-16T09:24:54,126.87,580.82
2026-05-16T09:24:59,126.87,580.82
2026-05-16T09:25:04,123.92,560.09
2026-05-16T09:25:09,123.92,560.09
2026-05-16T09:25:14,122.77,557.69
2026-05-16T09:25:19,122.77,557.69
2026-05-16T09:25:24,124.15,572.38
2026-05-16T09:25:29,124.15,572.38
2026-05-16T09:25:34,124.81,571.5
2026-05-16T09:25:39,124.81,571.5
2026-05-16T09:25:44,125.97,571.35
2026-05-16T09:25:49,125.97,571.35
2026-05-16T09:25:54,126.04,573.21
2026-05-16T09:25:59,126.04,573.21
2026-05-16T09:26:04,127.2,577.82
2026-05-16T09:26:09,127.2,577.82
2026-05-16T09:26:14,127.19,580.15
2026-05-16T09:26:19,127.19,580.15
2026-05-16T09:26:24,126.05,571.98
2026-05-16T09:26:29,126.05,571.98
2026-05-16T09:26:34,125.78,571.74
2026-05-16T09:26:39,125.78,571.74
2026-05-16T09:26:44,126.09,578.6
2026-05-16T09:26:49,126.09,578.6
2026-05-16T09:26:54,126.92,577.69
2026-05-16T09:26:59,126.92,577.69
2026-05-16T09:27:04,124.87,568.02
2026-05-16T09:27:09,124.87,568.02
2026-05-16T09:27:14,124.87,568.4
2026-05-16T09:27:19,124.87,568.4
2026-05-16T09:27:24,127.32,575.02
2026-05-16T09:27:29,127.32,575.02
2026-05-16T09:27:34,127.09,577.27
2026-05-16T09:27:39,127.09,577.27
2026-05-16T09:27:44,126.28,576.73
2026-05-16T09:27:49,126.28,576.73
2026-05-16T09:27:54,132.62,573.32
2026-05-16T09:27:59,132.62,573.32
2026-05-16T09:28:04,132.33,576.79
2026-05-16T09:28:09,132.33,576.79
2026-05-16T09:28:14,126.07,576.16
2026-05-16T09:28:19,126.07,576.16
2026-05-16T09:28:24,126.1,572.31
2026-05-16T09:28:29,126.1,572.31
2026-05-16T09:28:34,125.73,572.29
2026-05-16T09:28:39,125.73,572.29
2026-05-16T09:28:44,126.53,574.64
2026-05-16T09:28:49,126.53,574.64
2026-05-16T09:28:54,126.33,577.29
2026-05-16T09:28:59,126.33,577.29
2026-05-16T09:29:04,126.39,575.0
2026-05-16T09:29:09,126.39,575.0
2026-05-16T09:29:14,126.4,572.4
2026-05-16T09:29:19,126.4,572.4
2026-05-16T09:29:24,125.91,577.5
2026-05-16T09:29:29,125.91,577.5
2026-05-16T09:29:34,125.81,573.37
2026-05-16T09:29:39,125.81,573.37
2026-05-16T09:29:44,125.9,573.19
2026-05-16T09:29:49,125.9,573.19
2026-05-16T09:29:54,126.31,575.2
2026-05-16T09:29:59,126.31,575.2
2026-05-16T09:30:04,122.85,546.19
2026-05-16T09:30:09,122.85,546.19
2026-05-16T09:30:14,118.41,545.52
2026-05-16T09:30:19,118.41,545.52
2026-05-16T09:30:24,121.21,563.96
2026-05-16T09:30:29,121.21,563.96
2026-05-16T09:30:34,124.28,569.4
2026-05-16T09:30:39,124.28,569.4
2026-05-16T09:30:44,124.86,577.79
2026-05-16T09:30:49,124.86,577.79
2026-05-16T09:30:54,125.76,572.38
2026-05-16T09:30:59,125.76,572.38
2026-05-16T09:31:04,125.33,571.58
2026-05-16T09:31:09,125.33,571.58
2026-05-16T09:31:14,125.23,576.33
2026-05-16T09:31:19,125.23,576.33
2026-05-16T09:31:24,125.99,576.47
2026-05-16T09:31:29,125.99,576.47
2026-05-16T09:31:34,126.67,575.0
2026-05-16T09:31:39,126.67,575.0
2026-05-16T09:31:44,126.03,573.39
2026-05-16T09:31:49,126.03,573.39
2026-05-16T09:31:54,125.21,575.18
2026-05-16T09:31:59,125.21,575.18
2026-05-16T09:32:04,125.87,575.69
2026-05-16T09:32:09,125.87,575.69
2026-05-16T09:32:14,126.17,572.2
2026-05-16T09:32:19,126.17,572.2
2026-05-16T09:32:24,125.89,574.47
2026-05-16T09:32:29,125.89,574.47
2026-05-16T09:32:34,125.31,575.22
2026-05-16T09:32:39,125.31,575.22
2026-05-16T09:32:44,125.21,570.98
2026-05-16T09:32:49,125.21,570.98
2026-05-16T09:32:54,125.78,571.98
2026-05-16T09:32:59,125.78,571.98
2026-05-16T09:33:04,124.72,573.51
2026-05-16T09:33:09,124.72,573.51
2026-05-16T09:33:14,123.97,570.98
2026-05-16T09:33:19,123.97,570.98
2026-05-16T09:33:24,125.14,570.37
2026-05-16T09:33:29,125.14,570.37
2026-05-16T09:33:34,125.62,574.72
2026-05-16T09:33:39,125.62,574.72
2026-05-16T09:33:44,124.38,569.69
2026-05-16T09:33:49,124.38,569.69
2026-05-16T09:33:54,125.22,565.83
2026-05-16T09:33:59,125.22,565.83
2026-05-16T09:34:04,125.37,571.55
2026-05-16T09:34:09,125.37,571.55
2026-05-16T09:34:14,124.84,575.76
2026-05-16T09:34:19,124.84,575.76
2026-05-16T09:34:24,126.63,576.47
2026-05-16T09:34:29,126.63,576.47
2026-05-16T09:34:34,126.18,570.3
2026-05-16T09:34:39,126.18,570.3
2026-05-16T09:34:44,125.34,572.88
2026-05-16T09:34:49,125.34,572.88
2026-05-16T09:34:54,126.51,580.12
2026-05-16T09:34:59,126.51,580.12
2026-05-16T09:35:04,122.54,544.86
2026-05-16T09:35:09,122.54,544.86
2026-05-16T09:35:14,119.49,544.8
2026-05-16T09:35:19,119.49,544.8
2026-05-16T09:35:24,123.3,575.62
2026-05-16T09:35:29,123.3,575.62
2026-05-16T09:35:34,124.91,565.83
2026-05-16T09:35:39,124.91,565.83
2026-05-16T09:35:44,126.65,572.64
2026-05-16T09:35:49,126.65,572.64
2026-05-16T09:35:54,127.83,581.79
2026-05-16T09:35:59,127.83,581.79
2026-05-16T09:36:04,126.96,576.27
2026-05-16T09:36:09,126.96,576.27
2026-05-16T09:36:14,127.26,573.83
2026-05-16T09:36:19,127.26,573.83
2026-05-16T09:36:24,126.71,577.58
2026-05-16T09:36:29,126.71,577.58
2026-05-16T09:36:34,128.01,581.27
2026-05-16T09:36:39,128.01,581.27
2026-05-16T09:36:44,127.79,575.66
2026-05-16T09:36:49,127.79,575.66
2026-05-16T09:36:54,125.93,571.02
2026-05-16T09:36:59,125.93,571.02
2026-05-16T09:37:04,126.98,573.99
2026-05-16T09:37:09,126.98,573.99
2026-05-16T09:37:14,127.02,578.98
2026-05-16T09:37:19,127.02,578.98
2026-05-16T09:37:24,126.78,573.5
2026-05-16T09:37:29,126.78,573.5
2026-05-16T09:37:34,127.72,575.39
2026-05-16T09:37:39,127.72,575.39
2026-05-16T09:37:44,127.32,578.43
2026-05-16T09:37:49,127.32,578.43
2026-05-16T09:37:54,126.81,576.71
2026-05-16T09:37:59,126.81,576.71
2026-05-16T09:38:04,128.18,579.37
2026-05-16T09:38:09,128.18,579.37
2026-05-16T09:38:14,128.76,575.83
2026-05-16T09:38:19,128.76,575.83
2026-05-16T09:38:24,127.91,575.5
2026-05-16T09:38:29,127.91,575.5
2026-05-16T09:38:34,127.46,577.03
2026-05-16T09:38:39,127.46,577.03
2026-05-16T09:38:44,127.54,575.66
2026-05-16T09:38:49,127.54,575.66
2026-05-16T09:38:54,126.11,571.17
2026-05-16T09:38:59,126.11,571.17
2026-05-16T09:39:04,126.14,572.61
2026-05-16T09:39:09,126.14,572.61
2026-05-16T09:39:14,127.1,576.69
2026-05-16T09:39:19,127.1,576.69
2026-05-16T09:39:24,126.67,574.2
2026-05-16T09:39:29,126.67,574.2
2026-05-16T09:39:34,127.8,572.87
2026-05-16T09:39:39,127.8,572.87
2026-05-16T09:39:44,126.9,575.18
2026-05-16T09:39:49,126.9,575.18
2026-05-16T09:39:54,127.47,580.45
2026-05-16T09:39:59,127.47,580.45
2026-05-16T09:40:04,126.59,572.23
2026-05-16T09:40:09,126.59,572.23
2026-05-16T09:40:14,124.69,564.05
2026-05-16T09:40:19,124.69,564.05
2026-05-16T09:40:24,126.67,573.6
2026-05-16T09:40:29,126.67,573.6
2026-05-16T09:40:34,126.42,574.99
2026-05-16T09:40:39,126.42,574.99
2026-05-16T09:40:44,126.46,577.15
2026-05-16T09:40:49,126.46,577.15
2026-05-16T09:40:54,126.89,577.63
2026-05-16T09:40:59,126.89,577.63
2026-05-16T09:41:04,125.99,575.67
2026-05-16T09:41:09,125.99,575.67
2026-05-16T09:41:14,125.94,574.68
2026-05-16T09:41:19,125.94,574.68
2026-05-16T09:41:24,126.65,575.46
2026-05-16T09:41:29,126.65,575.46
2026-05-16T09:41:34,126.5,576.43
2026-05-16T09:41:39,126.5,576.43
2026-05-16T09:41:44,126.25,579.66
2026-05-16T09:41:49,126.25,579.66
2026-05-16T09:41:54,125.62,576.55
2026-05-16T09:41:59,125.62,576.55
2026-05-16T09:42:04,126.25,573.8
2026-05-16T09:42:09,126.25,573.8
2026-05-16T09:42:14,126.02,575.94
2026-05-16T09:42:19,126.02,575.94
2026-05-16T09:42:24,125.53,573.03
2026-05-16T09:42:29,125.53,573.03
2026-05-16T09:42:34,126.66,574.26
2026-05-16T09:42:39,126.66,574.26
2026-05-16T09:42:44,125.98,570.97
2026-05-16T09:42:49,125.98,570.97
2026-05-16T09:42:54,125.92,571.16
2026-05-16T09:42:59,125.92,571.16
2026-05-16T09:43:04,125.4,574.06
2026-05-16T09:43:09,125.4,574.06
2026-05-16T09:43:14,125.51,573.68
2026-05-16T09:43:19,125.51,573.68
2026-05-16T09:43:24,126.37,576.06
2026-05-16T09:43:29,126.37,576.06
2026-05-16T09:43:34,126.14,575.32
2026-05-16T09:43:39,126.14,575.32
2026-05-16T09:43:44,126.41,576.24
2026-05-16T09:43:49,126.41,576.24
2026-05-16T09:43:54,125.39,572.14
2026-05-16T09:43:59,125.39,572.14
2026-05-16T09:44:04,125.23,572.37
2026-05-16T09:44:09,125.23,572.37
2026-05-16T09:44:14,125.73,575.41
2026-05-16T09:44:19,125.73,575.41
2026-05-16T09:44:24,126.26,571.68
2026-05-16T09:44:29,126.26,571.68
2026-05-16T09:44:34,126.57,574.85
2026-05-16T09:44:39,126.57,574.85
2026-05-16T09:44:44,124.83,575.94
2026-05-16T09:44:49,124.83,575.94
2026-05-16T09:44:54,124.65,569.85
2026-05-16T09:44:59,124.65,569.85
2026-05-16T09:45:04,124.33,558.23
2026-05-16T09:45:09,124.33,558.23
2026-05-16T09:45:14,122.5,564.22
2026-05-16T09:45:19,122.5,564.22
2026-05-16T09:45:24,124.03,576.95
2026-05-16T09:45:29,124.03,576.95
2026-05-16T09:45:34,125.54,571.26
2026-05-16T09:45:39,125.54,571.26
2026-05-16T09:45:44,124.34,567.72
2026-05-16T09:45:49,124.34,567.72
2026-05-16T09:45:54,124.75,571.5
2026-05-16T09:45:59,124.75,571.5
2026-05-16T09:46:04,126.68,578.38
2026-05-16T09:46:09,126.68,578.38
2026-05-16T09:46:14,127.23,579.56
2026-05-16T09:46:19,127.23,579.56
2026-05-16T09:46:24,126.1,577.13
2026-05-16T09:46:29,126.1,577.13
2026-05-16T09:46:34,125.03,572.43
2026-05-16T09:46:39,125.03,572.43
2026-05-16T09:46:44,125.57,567.97
2026-05-16T09:46:49,125.57,567.97
2026-05-16T09:46:54,125.69,573.74
2026-05-16T09:46:59,125.69,573.74
2026-05-16T09:47:04,124.7,573.17
2026-05-16T09:47:09,124.7,573.17
2026-05-16T09:47:14,124.87,567.4
2026-05-16T09:47:19,124.87,567.4
2026-05-16T09:47:24,125.49,568.11
2026-05-16T09:47:29,125.49,568.11
2026-05-16T09:47:34,124.45,573.56
2026-05-16T09:47:39,124.45,573.56
2026-05-16T09:47:44,124.88,578.4
2026-05-16T09:47:49,124.88,578.4
2026-05-16T09:47:54,127.18,574.41
2026-05-16T09:47:59,127.18,574.41
2026-05-16T09:48:04,125.6,570.62
2026-05-16T09:48:09,125.6,570.62
2026-05-16T09:48:14,124.01,570.07
2026-05-16T09:48:19,124.01,570.07
2026-05-16T09:48:24,125.37,571.24
2026-05-16T09:48:29,125.37,571.24
2026-05-16T09:48:34,125.22,571.25
2026-05-16T09:48:39,125.22,571.25
2026-05-16T09:48:44,124.58,568.43
2026-05-16T09:48:49,124.58,568.43
2026-05-16T09:48:54,125.34,570.38
2026-05-16T09:48:59,125.34,570.38
2026-05-16T09:49:04,125.08,572.9
2026-05-16T09:49:09,125.08,572.9
2026-05-16T09:49:14,125.13,574.88
2026-05-16T09:49:19,125.13,574.88
2026-05-16T09:49:24,125.98,577.23
2026-05-16T09:49:29,125.98,577.23
2026-05-16T09:49:34,125.87,575.23
2026-05-16T09:49:39,125.87,575.23
2026-05-16T09:49:44,125.99,574.22
2026-05-16T09:49:49,125.99,574.22
2026-05-16T09:49:54,125.76,576.8
2026-05-16T09:49:59,125.76,576.8
2026-05-16T09:50:04,122.32,552.76
2026-05-16T09:50:09,122.32,552.76
2026-05-16T09:50:14,119.88,548.04
2026-05-16T09:50:19,119.88,548.04
2026-05-16T09:50:24,123.47,575.29
2026-05-16T09:50:29,123.47,575.29
2026-05-16T09:50:34,125.08,571.17
2026-05-16T09:50:39,125.08,571.17
2026-05-16T09:50:44,124.47,565.06
2026-05-16T09:50:49,124.47,565.06
2026-05-16T09:50:54,125.92,576.66
2026-05-16T09:50:59,125.92,576.66
2026-05-16T09:51:04,125.2,577.33
2026-05-16T09:51:09,125.2,577.33
2026-05-16T09:51:14,125.51,573.39
2026-05-16T09:51:19,125.51,573.39
2026-05-16T09:51:24,125.72,570.32
2026-05-16T09:51:29,125.72,570.32
2026-05-16T09:51:34,125.07,571.51
2026-05-16T09:51:39,125.07,571.51
2026-05-16T09:51:44,126.08,577.63
2026-05-16T09:51:49,126.08,577.63
2026-05-16T09:51:54,126.73,578.26
2026-05-16T09:51:59,126.73,578.26
2026-05-16T09:52:04,126.72,576.48
2026-05-16T09:52:09,126.72,576.48
2026-05-16T09:52:14,125.81,572.63
2026-05-16T09:52:19,125.81,572.63
2026-05-16T09:52:24,125.44,571.46
2026-05-16T09:52:29,125.44,571.46
2026-05-16T09:52:34,126.11,572.99
2026-05-16T09:52:39,126.11,572.99
2026-05-16T09:52:44,125.44,575.72
2026-05-16T09:52:49,125.44,575.72
2026-05-16T09:52:54,125.19,574.32
2026-05-16T09:52:59,125.19,574.32
2026-05-16T09:53:04,126.36,574.56
2026-05-16T09:53:09,126.36,574.56
2026-05-16T09:53:14,125.18,570.87
2026-05-16T09:53:19,125.18,570.87
2026-05-16T09:53:24,124.48,566.7
2026-05-16T09:53:29,124.48,566.7
2026-05-16T09:53:34,125.2,569.83
2026-05-16T09:53:39,125.2,569.83
2026-05-16T09:53:44,124.76,568.3
2026-05-16T09:53:49,124.76,568.3
2026-05-16T09:53:54,125.63,573.96
2026-05-16T09:53:59,125.63,573.96
2026-05-16T09:54:04,124.3,577.12
2026-05-16T09:54:09,124.3,577.12
2026-05-16T09:54:14,123.5,575.54
2026-05-16T09:54:19,123.5,575.54
2026-05-16T09:54:24,125.14,573.34
2026-05-16T09:54:29,125.14,573.34
2026-05-16T09:54:34,125.21,573.19
2026-05-16T09:54:39,125.21,573.19
2026-05-16T09:54:44,126.48,577.32
2026-05-16T09:54:49,126.48,577.32
2026-05-16T09:54:54,126.53,575.12
2026-05-16T09:54:59,126.53,575.12
2026-05-16T09:55:04,121.52,546.03
2026-05-16T09:55:09,121.52,546.03
2026-05-16T09:55:14,116.78,538.27
2026-05-16T09:55:19,116.78,538.27
2026-05-16T09:55:24,121.64,561.25
2026-05-16T09:55:29,121.64,561.25
2026-05-16T09:55:34,126.37,570.7
2026-05-16T09:55:39,126.37,570.7
2026-05-16T09:55:44,125.46,576.22
2026-05-16T09:55:49,125.46,576.22
2026-05-16T09:55:54,125.05,570.51
2026-05-16T09:55:59,125.05,570.51
2026-05-16T09:56:04,124.76,565.14
2026-05-16T09:56:09,124.76,565.14
2026-05-16T09:56:14,124.69,570.72
2026-05-16T09:56:19,124.69,570.72
2026-05-16T09:56:24,126.07,574.92
2026-05-16T09:56:29,126.07,574.92
2026-05-16T09:56:34,127.17,572.8
2026-05-16T09:56:39,127.17,572.8
2026-05-16T09:56:44,126.82,573.56
2026-05-16T09:56:49,126.82,573.56
2026-05-16T09:56:54,127.45,574.53
2026-05-16T09:56:59,127.45,574.53
2026-05-16T09:57:04,125.98,568.81
2026-05-16T09:57:09,125.98,568.81
2026-05-16T09:57:14,126.15,570.39
2026-05-16T09:57:19,126.15,570.39
2026-05-16T09:57:24,128.2,578.74
2026-05-16T09:57:29,128.2,578.74
2026-05-16T09:57:34,126.27,571.08
2026-05-16T09:57:39,126.27,571.08
2026-05-16T09:57:44,125.75,568.99
2026-05-16T09:57:49,125.75,568.99
2026-05-16T09:57:54,126.2,574.02
2026-05-16T09:57:59,126.2,574.02
2026-05-16T09:58:04,125.18,567.21
2026-05-16T09:58:09,125.18,567.21
2026-05-16T09:58:14,125.51,574.03
2026-05-16T09:58:19,125.51,574.03
2026-05-16T09:58:24,126.17,576.0
2026-05-16T09:58:29,126.17,576.0
2026-05-16T09:58:34,126.77,570.66
2026-05-16T09:58:39,126.77,570.66
2026-05-16T09:58:44,126.02,575.87
2026-05-16T09:58:49,126.02,575.87
2026-05-16T09:58:54,126.72,577.38
2026-05-16T09:58:59,126.72,577.38
2026-05-16T09:59:04,125.83,576.2
2026-05-16T09:59:09,125.83,576.2
2026-05-16T09:59:14,124.92,574.32
2026-05-16T09:59:19,124.92,574.32
2026-05-16T09:59:24,127.23,574.77
2026-05-16T09:59:29,127.23,574.77
2026-05-16T09:59:34,127.54,575.47
2026-05-16T09:59:39,127.54,575.47
2026-05-16T09:59:44,126.92,572.82
2026-05-16T09:59:49,126.92,572.82
2026-05-16T09:59:54,126.03,574.74
2026-05-16T09:59:59,126.03,574.74
2026-05-16T10:00:04,122.74,550.78
2026-05-16T10:00:09,122.74,550.78
2026-05-16T10:00:14,104.9,469.82
2026-05-16T10:00:19,104.9,469.82
2026-05-16T10:00:24,105.54,493.9
2026-05-16T10:00:29,105.54,493.9
2026-05-16T10:00:34,122.88,571.04
2026-05-16T10:00:39,122.88,571.04
2026-05-16T10:00:44,126.43,565.97
2026-05-16T10:00:49,126.43,565.97
2026-05-16T10:00:54,127.6,571.86
2026-05-16T10:00:59,127.6,571.86
2026-05-16T10:01:04,126.93,583.6
2026-05-16T10:01:09,126.93,583.6
2026-05-16T10:01:14,127.7,576.39
2026-05-16T10:01:19,127.7,576.39
2026-05-16T10:01:24,126.9,568.13
2026-05-16T10:01:29,126.9,568.13
2026-05-16T10:01:34,125.35,575.34
2026-05-16T10:01:39,125.35,575.34
2026-05-16T10:01:44,126.2,579.25
2026-05-16T10:01:49,126.2,579.25
2026-05-16T10:01:54,128.03,576.46
2026-05-16T10:01:59,128.03,576.46
2026-05-16T10:02:04,126.42,571.09
2026-05-16T10:02:09,126.42,571.09
2026-05-16T10:02:14,125.06,574.87
2026-05-16T10:02:19,125.06,574.87
2026-05-16T10:02:24,127.08,578.21
2026-05-16T10:02:29,127.08,578.21
2026-05-16T10:02:34,126.57,569.08
2026-05-16T10:02:39,126.57,569.08
2026-05-16T10:02:44,124.88,571.55
2026-05-16T10:02:49,124.88,571.55
2026-05-16T10:02:54,125.6,577.03
2026-05-16T10:02:59,125.6,577.03
2026-05-16T10:03:04,126.67,571.24
2026-05-16T10:03:09,126.67,571.24
2026-05-16T10:03:14,125.61,571.63
2026-05-16T10:03:19,125.61,571.63
2026-05-16T10:03:24,125.31,576.92
2026-05-16T10:03:29,125.31,576.92
2026-05-16T10:03:34,126.27,575.22
2026-05-16T10:03:39,126.27,575.22
2026-05-16T10:03:44,126.55,572.71
2026-05-16T10:03:49,126.55,572.71
2026-05-16T10:03:54,125.67,574.11
2026-05-16T10:03:59,125.67,574.11
2026-05-16T10:04:04,125.51,574.64
2026-05-16T10:04:09,125.51,574.64
2026-05-16T10:04:14,126.34,570.89
2026-05-16T10:04:19,126.34,570.89
2026-05-16T10:04:24,126.4,575.17
2026-05-16T10:04:29,126.4,575.17
2026-05-16T10:04:34,125.95,579.89
2026-05-16T10:04:39,125.95,579.89
2026-05-16T10:04:44,126.24,579.51
2026-05-16T10:04:49,126.24,579.51
2026-05-16T10:04:54,126.44,570.09
2026-05-16T10:04:59,126.44,570.09
2026-05-16T10:05:04,124.06,567.3
2026-05-16T10:05:09,124.06,567.3
2026-05-16T10:05:14,123.51,571.84
2026-05-16T10:05:19,123.51,571.84
2026-05-16T10:05:24,126.84,574.65
2026-05-16T10:05:29,126.84,574.65
2026-05-16T10:05:34,127.97,578.79
2026-05-16T10:05:39,127.97,578.79
2026-05-16T10:05:44,126.73,578.96
2026-05-16T10:05:49,126.73,578.96
2026-05-16T10:05:54,126.92,579.82
2026-05-16T10:05:59,126.92,579.82
2026-05-16T10:06:04,126.21,571.69
2026-05-16T10:06:09,126.21,571.69
2026-05-16T10:06:14,124.14,569.96
2026-05-16T10:06:19,124.14,569.96
2026-05-16T10:06:24,124.71,574.69
2026-05-16T10:06:29,124.71,574.69
2026-05-16T10:06:34,126.86,573.09
2026-05-16T10:06:39,126.86,573.09
2026-05-16T10:06:44,126.51,575.62
2026-05-16T10:06:49,126.51,575.62
2026-05-16T10:06:54,125.88,577.89
2026-05-16T10:06:59,125.88,577.89
2026-05-16T10:07:04,126.36,571.65
2026-05-16T10:07:09,126.36,571.65
2026-05-16T10:07:14,125.87,569.26
2026-05-16T10:07:19,125.87,569.26
2026-05-16T10:07:24,125.95,579.59
2026-05-16T10:07:29,125.95,579.59
2026-05-16T10:07:34,126.55,579.56
2026-05-16T10:07:39,126.55,579.56
2026-05-16T10:07:44,126.14,570.5
2026-05-16T10:07:49,126.14,570.5
2026-05-16T10:07:54,125.28,572.59
2026-05-16T10:07:59,125.28,572.59
2026-05-16T10:08:04,125.1,574.75
2026-05-16T10:08:09,125.1,574.75
2026-05-16T10:08:14,126.15,572.15
2026-05-16T10:08:19,126.15,572.15
2026-05-16T10:08:24,125.9,569.77
2026-05-16T10:08:29,125.9,569.77
2026-05-16T10:08:34,124.98,573.38
2026-05-16T10:08:39,124.98,573.38
2026-05-16T10:08:44,125.49,575.39
2026-05-16T10:08:49,125.49,575.39
2026-05-16T10:08:54,126.5,573.26
2026-05-16T10:08:59,126.5,573.26
2026-05-16T10:09:04,121.6,550.01
2026-05-16T10:09:09,121.6,550.01
2026-05-16T10:09:14,117.62,543.01
2026-05-16T10:09:19,117.62,543.01
2026-05-16T10:09:24,121.99,561.91
2026-05-16T10:09:29,121.99,561.91
2026-05-16T10:09:34,124.93,565.01
2026-05-16T10:09:39,124.93,565.01
2026-05-16T10:09:44,124.96,578.98
2026-05-16T10:09:49,124.96,578.98
2026-05-16T10:09:54,125.7,578.15
2026-05-16T10:09:59,125.7,578.15
2026-05-16T10:10:04,124.7,555.62
2026-05-16T10:10:09,124.7,555.62
2026-05-16T10:10:14,121.28,556.76
2026-05-16T10:10:19,121.28,556.76
2026-05-16T10:10:24,122.31,568.0
2026-05-16T10:10:29,122.31,568.0
2026-05-16T10:10:34,125.93,570.19
2026-05-16T10:10:39,125.93,570.19
2026-05-16T10:10:44,125.7,571.15
2026-05-16T10:10:49,125.7,571.15
2026-05-16T10:10:54,125.28,574.87
2026-05-16T10:10:59,125.28,574.87
2026-05-16T10:11:04,126.56,575.78
2026-05-16T10:11:09,126.56,575.78
2026-05-16T10:11:14,125.64,567.22
2026-05-16T10:11:19,125.64,567.22
2026-05-16T10:11:24,123.64,569.2
2026-05-16T10:11:29,123.64,569.2
2026-05-16T10:11:34,124.95,572.85
2026-05-16T10:11:39,124.95,572.85
2026-05-16T10:11:44,126.33,571.77
2026-05-16T10:11:49,126.33,571.77
2026-05-16T10:11:54,124.47,572.53
2026-05-16T10:11:59,124.47,572.53
2026-05-16T10:12:04,124.33,572.37
2026-05-16T10:12:09,124.33,572.37
2026-05-16T10:12:14,125.75,571.47
2026-05-16T10:12:19,125.75,571.47
2026-05-16T10:12:24,125.21,566.71
2026-05-16T10:12:29,125.21,566.71
2026-05-16T10:12:34,124.95,574.87
2026-05-16T10:12:39,124.95,574.87
2026-05-16T10:12:44,125.93,577.22
2026-05-16T10:12:49,125.93,577.22
2026-05-16T10:12:54,126.63,572.1
2026-05-16T10:12:59,126.63,572.1
2026-05-16T10:13:04,126.15,576.5
2026-05-16T10:13:09,126.15,576.5
2026-05-16T10:13:14,125.77,578.38
2026-05-16T10:13:19,125.77,578.38
2026-05-16T10:13:24,127.1,575.03
2026-05-16T10:13:29,127.1,575.03
2026-05-16T10:13:34,127.44,574.29
2026-05-16T10:13:39,127.44,574.29
2026-05-16T10:13:44,126.77,579.42
2026-05-16T10:13:49,126.77,579.42
2026-05-16T10:13:54,126.49,578.32
2026-05-16T10:13:59,126.49,578.32
2026-05-16T10:14:04,125.67,572.83
2026-05-16T10:14:09,125.67,572.83
2026-05-16T10:14:14,125.41,571.98
2026-05-16T10:14:19,125.41,571.98
2026-05-16T10:14:24,126.78,581.57
2026-05-16T10:14:29,126.78,581.57
2026-05-16T10:14:34,127.36,579.78
2026-05-16T10:14:39,127.36,579.78
2026-05-16T10:14:44,126.4,572.38
2026-05-16T10:14:49,126.4,572.38
2026-05-16T10:14:54,126.23,578.08
2026-05-16T10:14:59,126.23,578.08
2026-05-16T10:15:04,123.24,558.53
2026-05-16T10:15:09,123.24,558.53
2026-05-16T10:15:14,121.86,556.24
2026-05-16T10:15:19,121.86,556.24
2026-05-16T10:15:24,125.61,574.26
2026-05-16T10:15:29,125.61,574.26
2026-05-16T10:15:34,126.29,574.94
2026-05-16T10:15:39,126.29,574.94
2026-05-16T10:15:44,126.19,581.12
2026-05-16T10:15:49,126.19,581.12
2026-05-16T10:15:54,127.09,578.28
2026-05-16T10:15:59,127.09,578.28
2026-05-16T10:16:04,126.4,575.06
2026-05-16T10:16:09,126.4,575.06
2026-05-16T10:16:14,125.82,574.64
2026-05-16T10:16:19,125.82,574.64
2026-05-16T10:16:24,126.15,573.3
2026-05-16T10:16:29,126.15,573.3
2026-05-16T10:16:34,126.36,572.05
2026-05-16T10:16:39,126.36,572.05
2026-05-16T10:16:44,125.67,573.23
2026-05-16T10:16:49,125.67,573.23
2026-05-16T10:16:54,126.33,579.39
2026-05-16T10:16:59,126.33,579.39
2026-05-16T10:17:04,126.98,575.1
2026-05-16T10:17:09,126.98,575.1
2026-05-16T10:17:14,125.8,573.2
2026-05-16T10:17:19,125.8,573.2
2026-05-16T10:17:24,126.23,575.58
2026-05-16T10:17:29,126.23,575.58
2026-05-16T10:17:34,126.85,574.9
2026-05-16T10:17:39,126.85,574.9
2026-05-16T10:17:44,126.34,572.23
2026-05-16T10:17:49,126.34,572.23
2026-05-16T10:17:54,126.02,570.6
2026-05-16T10:17:59,126.02,570.6
2026-05-16T10:18:04,125.77,574.06
2026-05-16T10:18:09,125.77,574.06
2026-05-16T10:18:14,126.12,573.36
2026-05-16T10:18:19,126.12,573.36
2026-05-16T10:18:24,125.94,571.56
2026-05-16T10:18:29,125.94,571.56
2026-05-16T10:18:34,126.17,567.88
2026-05-16T10:18:39,126.17,567.88
2026-05-16T10:18:44,126.37,569.22
2026-05-16T10:18:49,126.37,569.22
2026-05-16T10:18:54,125.04,568.67
2026-05-16T10:18:59,125.04,568.67
2026-05-16T10:19:04,124.15,565.34
2026-05-16T10:19:09,124.15,565.34
2026-05-16T10:19:14,122.86,555.75
2026-05-16T10:19:19,122.86,555.75
2026-05-16T10:19:24,122.98,558.31
2026-05-16T10:19:29,122.98,558.31
2026-05-16T10:19:34,124.88,564.9
2026-05-16T10:19:39,124.88,564.9
2026-05-16T10:19:44,124.5,558.04
2026-05-16T10:19:49,124.5,558.04
2026-05-16T10:19:54,124.45,561.73
2026-05-16T10:19:59,124.45,561.73
2026-05-16T10:20:04,123.04,555.42
2026-05-16T10:20:09,123.04,555.42
2026-05-16T10:20:14,122.0,557.65
2026-05-16T10:20:19,122.0,557.65
2026-05-16T10:20:24,124.9,566.31
2026-05-16T10:20:29,124.9,566.31
2026-05-16T10:20:34,125.71,571.54
2026-05-16T10:20:39,125.71,571.54
2026-05-16T10:20:44,125.61,575.27
2026-05-16T10:20:49,125.61,575.27
2026-05-16T10:20:54,126.33,573.92
2026-05-16T10:20:59,126.33,573.92
2026-05-16T10:21:04,125.54,575.43
2026-05-16T10:21:09,125.54,575.43
2026-05-16T10:21:14,125.57,574.27
2026-05-16T10:21:19,125.57,574.27
2026-05-16T10:21:24,127.81,576.03
2026-05-16T10:21:29,127.81,576.03
2026-05-16T10:21:34,128.4,574.64
2026-05-16T10:21:39,128.4,574.64
2026-05-16T10:21:44,126.51,573.61
2026-05-16T10:21:49,126.51,573.61
2026-05-16T10:21:54,127.36,584.83
2026-05-16T10:21:59,127.36,584.83
2026-05-16T10:22:04,128.21,579.11
2026-05-16T10:22:09,128.21,579.11
2026-05-16T10:22:14,126.21,566.3
2026-05-16T10:22:19,126.21,566.3
2026-05-16T10:22:24,125.39,568.61
2026-05-16T10:22:29,125.39,568.61
2026-05-16T10:22:34,126.8,574.37
2026-05-16T10:22:39,126.8,574.37
2026-05-16T10:22:44,127.6,578.71
2026-05-16T10:22:49,127.6,578.71
2026-05-16T10:22:54,127.07,577.08
2026-05-16T10:22:59,127.07,577.08
2026-05-16T10:23:04,127.0,576.81
2026-05-16T10:23:09,127.0,576.81
2026-05-16T10:23:14,126.51,572.63
2026-05-16T10:23:19,126.51,572.63
2026-05-16T10:23:24,126.22,573.4
2026-05-16T10:23:29,126.22,573.4
2026-05-16T10:23:34,125.9,576.49
2026-05-16T10:23:39,125.9,576.49
2026-05-16T10:23:44,126.3,575.53
2026-05-16T10:23:49,126.3,575.53
2026-05-16T10:23:54,126.7,577.49
2026-05-16T10:23:59,126.7,577.49
2026-05-16T10:24:04,125.04,574.5
2026-05-16T10:24:09,125.04,574.5
2026-05-16T10:24:14,124.8,574.11
2026-05-16T10:24:19,124.8,574.11
2026-05-16T10:24:24,125.73,572.5
2026-05-16T10:24:29,125.73,572.5
2026-05-16T10:24:34,125.84,572.77
2026-05-16T10:24:39,125.84,572.77
2026-05-16T10:24:44,126.63,580.09
2026-05-16T10:24:49,126.63,580.09
2026-05-16T10:24:54,126.37,575.74
2026-05-16T10:24:59,126.37,575.74
2026-05-16T10:25:04,123.79,565.75
2026-05-16T10:25:09,123.79,565.75
2026-05-16T10:25:14,123.98,564.87
2026-05-16T10:25:19,123.98,564.87
2026-05-16T10:25:24,125.88,575.0
2026-05-16T10:25:29,125.88,575.0
2026-05-16T10:25:34,126.24,573.44
2026-05-16T10:25:39,126.24,573.44
2026-05-16T10:25:44,126.02,575.5
2026-05-16T10:25:49,126.02,575.5
2026-05-16T10:25:54,125.58,576.17
2026-05-16T10:25:59,125.58,576.17
2026-05-16T10:26:04,126.11,570.8
2026-05-16T10:26:09,126.11,570.8
2026-05-16T10:26:14,126.27,575.65
2026-05-16T10:26:19,126.27,575.65
2026-05-16T10:26:24,126.27,576.1
2026-05-16T10:26:29,126.27,576.1
2026-05-16T10:26:34,126.33,573.46
2026-05-16T10:26:39,126.33,573.46
2026-05-16T10:26:44,125.91,571.98
2026-05-16T10:26:49,125.91,571.98
2026-05-16T10:26:54,125.1,571.67
2026-05-16T10:26:59,125.1,571.67
2026-05-16T10:27:04,125.22,575.97
2026-05-16T10:27:09,125.22,575.97
2026-05-16T10:27:14,125.82,572.76
2026-05-16T10:27:19,125.82,572.76
2026-05-16T10:27:24,126.06,569.58
2026-05-16T10:27:29,126.06,569.58
2026-05-16T10:27:34,126.11,574.38
2026-05-16T10:27:39,126.11,574.38
2026-05-16T10:27:44,125.58,576.02
2026-05-16T10:27:49,125.58,576.02
2026-05-16T10:27:54,125.93,574.67
2026-05-16T10:27:59,125.93,574.67
2026-05-16T10:28:04,125.94,570.15
2026-05-16T10:28:09,125.94,570.15
2026-05-16T10:28:14,125.76,571.06
2026-05-16T10:28:19,125.76,571.06
2026-05-16T10:28:24,126.0,576.23
2026-05-16T10:28:29,126.0,576.23
2026-05-16T10:28:34,126.17,581.05
2026-05-16T10:28:39,126.17,581.05
2026-05-16T10:28:44,126.57,574.87
2026-05-16T10:28:49,126.57,574.87
2026-05-16T10:28:54,126.94,573.96
2026-05-16T10:28:59,126.94,573.96
2026-05-16T10:29:04,132.88,578.59
2026-05-16T10:29:09,132.88,578.59
2026-05-16T10:29:14,132.15,576.27
2026-05-16T10:29:19,132.15,576.27
2026-05-16T10:29:24,126.08,574.59
2026-05-16T10:29:29,126.08,574.59
2026-05-16T10:29:34,126.49,573.14
2026-05-16T10:29:39,126.49,573.14
2026-05-16T10:29:44,125.76,577.25
2026-05-16T10:29:49,125.76,577.25
2026-05-16T10:29:54,125.52,574.99
2026-05-16T10:29:59,125.52,574.99
2026-05-16T10:30:04,124.67,562.63
2026-05-16T10:30:09,124.67,562.63
2026-05-16T10:30:14,123.38,562.03
2026-05-16T10:30:19,123.38,562.03
2026-05-16T10:30:24,124.25,572.22
2026-05-16T10:30:29,124.25,572.22
2026-05-16T10:30:34,126.35,576.3
2026-05-16T10:30:39,126.35,576.3
2026-05-16T10:30:44,126.91,574.92
2026-05-16T10:30:49,126.91,574.92
2026-05-16T10:30:54,126.12,577.43
2026-05-16T10:30:59,126.12,577.43
2026-05-16T10:31:04,126.21,574.73
2026-05-16T10:31:09,126.21,574.73
2026-05-16T10:31:14,126.8,574.12
2026-05-16T10:31:19,126.8,574.12
2026-05-16T10:31:24,126.32,577.35
2026-05-16T10:31:29,126.32,577.35
2026-05-16T10:31:34,125.77,577.4
2026-05-16T10:31:39,125.77,577.4
2026-05-16T10:31:44,126.45,576.82
2026-05-16T10:31:49,126.45,576.82
2026-05-16T10:31:54,125.35,567.43
2026-05-16T10:31:59,125.35,567.43
2026-05-16T10:32:04,125.66,572.75
2026-05-16T10:32:09,125.66,572.75
2026-05-16T10:32:14,126.68,578.02
2026-05-16T10:32:19,126.68,578.02
2026-05-16T10:32:24,126.48,572.73
2026-05-16T10:32:29,126.48,572.73
2026-05-16T10:32:34,127.11,579.28
2026-05-16T10:32:39,127.11,579.28
2026-05-16T10:32:44,126.61,577.47
2026-05-16T10:32:49,126.61,577.47
2026-05-16T10:32:54,126.24,574.13
2026-05-16T10:32:59,126.24,574.13
2026-05-16T10:33:04,126.88,574.02
2026-05-16T10:33:09,126.88,574.02
2026-05-16T10:33:14,126.64,577.91
2026-05-16T10:33:19,126.64,577.91
2026-05-16T10:33:24,125.92,582.6
2026-05-16T10:33:29,125.92,582.6
2026-05-16T10:33:34,126.09,568.23
2026-05-16T10:33:39,126.09,568.23
2026-05-16T10:33:44,125.97,569.4
2026-05-16T10:33:49,125.97,569.4
2026-05-16T10:33:54,125.09,579.4
2026-05-16T10:33:59,125.09,579.4
2026-05-16T10:34:04,124.91,573.11
2026-05-16T10:34:09,124.91,573.11
2026-05-16T10:34:14,125.88,566.86
2026-05-16T10:34:19,125.88,566.86
2026-05-16T10:34:24,125.96,573.34
2026-05-16T10:34:29,125.96,573.34
2026-05-16T10:34:34,126.3,583.96
2026-05-16T10:34:39,126.3,583.96
2026-05-16T10:34:44,127.73,582.56
2026-05-16T10:34:49,127.73,582.56
2026-05-16T10:34:54,127.18,573.99
2026-05-16T10:34:59,127.18,573.99
2026-05-16T10:35:04,123.95,565.57
2026-05-16T10:35:09,123.95,565.57
2026-05-16T10:35:14,124.88,572.14
2026-05-16T10:35:19,124.88,572.14
2026-05-16T10:35:24,127.33,574.18
2026-05-16T10:35:29,127.33,574.18
2026-05-16T10:35:34,125.91,573.68
2026-05-16T10:35:39,125.91,573.68
2026-05-16T10:35:44,125.46,579.35
2026-05-16T10:35:49,125.46,579.35
2026-05-16T10:35:54,127.1,576.54
2026-05-16T10:35:59,127.1,576.54
2026-05-16T10:36:04,126.21,570.0
2026-05-16T10:36:09,126.21,570.0
2026-05-16T10:36:14,125.26,571.67
2026-05-16T10:36:19,125.26,571.67
2026-05-16T10:36:24,125.87,579.32
2026-05-16T10:36:29,125.87,579.32
2026-05-16T10:36:34,126.37,576.35
2026-05-16T10:36:39,126.37,576.35
2026-05-16T10:36:44,126.59,569.7
2026-05-16T10:36:49,126.59,569.7
2026-05-16T10:36:54,125.49,575.37
2026-05-16T10:36:59,125.49,575.37
2026-05-16T10:37:04,126.88,581.19
2026-05-16T10:37:09,126.88,581.19
2026-05-16T10:37:14,127.71,578.73
2026-05-16T10:37:19,127.71,578.73
2026-05-16T10:37:24,127.01,576.12
2026-05-16T10:37:29,127.01,576.12
2026-05-16T10:37:34,126.01,577.59
2026-05-16T10:37:39,126.01,577.59
2026-05-16T10:37:44,126.0,574.98
2026-05-16T10:37:49,126.0,574.98
2026-05-16T10:37:54,127.01,571.89
2026-05-16T10:37:59,127.01,571.89
2026-05-16T10:38:04,125.15,573.57
2026-05-16T10:38:09,125.15,573.57
2026-05-16T10:38:14,125.28,578.38
2026-05-16T10:38:19,125.28,578.38
2026-05-16T10:38:24,126.95,578.19
2026-05-16T10:38:29,126.95,578.19
2026-05-16T10:38:34,126.34,569.58
2026-05-16T10:38:39,126.34,569.58
2026-05-16T10:38:44,125.4,574.45
2026-05-16T10:38:49,125.4,574.45
2026-05-16T10:38:54,125.89,575.92
2026-05-16T10:38:59,125.89,575.92
2026-05-16T10:39:04,124.01,555.74
2026-05-16T10:39:09,124.01,555.74
2026-05-16T10:39:14,122.26,558.14
2026-05-16T10:39:19,122.26,558.14
2026-05-16T10:39:24,125.1,577.07
2026-05-16T10:39:29,125.1,577.07
2026-05-16T10:39:34,128.27,579.39
2026-05-16T10:39:39,128.27,579.39
2026-05-16T10:39:44,128.28,576.1
2026-05-16T10:39:49,128.28,576.1
2026-05-16T10:39:54,126.74,575.1
2026-05-16T10:39:59,126.74,575.1
2026-05-16T10:40:04,124.31,555.67
2026-05-16T10:40:09,124.31,555.67
2026-05-16T10:40:14,121.86,547.63
2026-05-16T10:40:19,121.86,547.63
2026-05-16T10:40:24,124.67,576.95
2026-05-16T10:40:29,124.67,576.95
2026-05-16T10:40:34,126.64,577.39
2026-05-16T10:40:39,126.64,577.39
2026-05-16T10:40:44,126.91,567.94
2026-05-16T10:40:49,126.91,567.94
2026-05-16T10:40:54,127.53,576.61
2026-05-16T10:40:59,127.53,576.61
2026-05-16T10:41:04,126.72,577.95
2026-05-16T10:41:09,126.72,577.95
2026-05-16T10:41:14,127.09,573.98
2026-05-16T10:41:19,127.09,573.98
2026-05-16T10:41:24,128.01,573.59
2026-05-16T10:41:29,128.01,573.59
2026-05-16T10:41:34,127.38,580.17
2026-05-16T10:41:39,127.38,580.17
2026-05-16T10:41:44,127.28,577.25
2026-05-16T10:41:49,127.28,577.25
2026-05-16T10:41:54,127.96,571.44
2026-05-16T10:41:59,127.96,571.44
2026-05-16T10:42:04,125.78,571.06
2026-05-16T10:42:09,125.78,571.06
2026-05-16T10:42:14,125.51,575.19
2026-05-16T10:42:19,125.51,575.19
2026-05-16T10:42:24,127.64,575.43
2026-05-16T10:42:29,127.64,575.43
2026-05-16T10:42:34,127.23,574.16
2026-05-16T10:42:39,127.23,574.16
2026-05-16T10:42:44,126.24,576.45
2026-05-16T10:42:49,126.24,576.45
2026-05-16T10:42:54,125.88,572.1
2026-05-16T10:42:59,125.88,572.1
2026-05-16T10:43:04,126.95,571.21
2026-05-16T10:43:09,126.95,571.21
2026-05-16T10:43:14,126.58,574.82
2026-05-16T10:43:19,126.58,574.82
2026-05-16T10:43:24,126.65,578.4
2026-05-16T10:43:29,126.65,578.4
2026-05-16T10:43:34,128.42,574.4
2026-05-16T10:43:39,128.42,574.4
2026-05-16T10:43:44,127.78,575.35
2026-05-16T10:43:49,127.78,575.35
2026-05-16T10:43:54,126.21,580.66
2026-05-16T10:43:59,126.21,580.66
2026-05-16T10:44:04,126.43,574.88
2026-05-16T10:44:09,126.43,574.88
2026-05-16T10:44:14,125.33,565.49
2026-05-16T10:44:19,125.33,565.49
2026-05-16T10:44:24,124.57,571.47
2026-05-16T10:44:29,124.57,571.47
2026-05-16T10:44:34,126.21,577.9
2026-05-16T10:44:39,126.21,577.9
2026-05-16T10:44:44,127.11,575.83
2026-05-16T10:44:49,127.11,575.83
2026-05-16T10:44:54,127.23,576.74
2026-05-16T10:44:59,127.23,576.74
2026-05-16T10:45:04,123.55,557.14
2026-05-16T10:45:09,123.55,557.14
2026-05-16T10:45:14,120.87,551.74
2026-05-16T10:45:19,120.87,551.74
2026-05-16T10:45:24,123.59,570.52
2026-05-16T10:45:29,123.59,570.52
2026-05-16T10:45:34,126.47,576.96
2026-05-16T10:45:39,126.47,576.96
2026-05-16T10:45:44,126.38,573.65
2026-05-16T10:45:49,126.38,573.65
2026-05-16T10:45:54,126.07,576.09
2026-05-16T10:45:59,126.07,576.09
2026-05-16T10:46:04,126.84,580.52
2026-05-16T10:46:09,126.84,580.52
2026-05-16T10:46:14,126.94,579.26
2026-05-16T10:46:19,126.94,579.26
2026-05-16T10:46:24,126.67,576.68
2026-05-16T10:46:29,126.67,576.68
2026-05-16T10:46:34,126.22,571.45
2026-05-16T10:46:39,126.22,571.45
2026-05-16T10:46:44,126.43,576.51
2026-05-16T10:46:49,126.43,576.51
2026-05-16T10:46:54,125.85,572.51
2026-05-16T10:46:59,125.85,572.51
2026-05-16T10:47:04,125.33,573.03
2026-05-16T10:47:09,125.33,573.03
2026-05-16T10:47:14,126.06,575.83
2026-05-16T10:47:19,126.06,575.83
2026-05-16T10:47:24,126.78,577.4
2026-05-16T10:47:29,126.78,577.4
2026-05-16T10:47:34,126.56,573.75
2026-05-16T10:47:39,126.56,573.75
2026-05-16T10:47:44,125.68,568.71
2026-05-16T10:47:49,125.68,568.71
2026-05-16T10:47:54,126.16,576.44
2026-05-16T10:47:59,126.16,576.44
2026-05-16T10:48:04,126.31,575.37
2026-05-16T10:48:09,126.31,575.37
2026-05-16T10:48:14,125.45,575.7
2026-05-16T10:48:19,125.45,575.7
2026-05-16T10:48:24,125.95,572.93
2026-05-16T10:48:29,125.95,572.93
2026-05-16T10:48:34,125.96,573.71
2026-05-16T10:48:39,125.96,573.71
2026-05-16T10:48:44,125.91,575.68
2026-05-16T10:48:49,125.91,575.68
2026-05-16T10:48:54,126.14,570.5
2026-05-16T10:48:59,126.14,570.5
2026-05-16T10:49:04,126.02,578.59
2026-05-16T10:49:09,126.02,578.59
2026-05-16T10:49:14,126.05,575.15
2026-05-16T10:49:19,126.05,575.15
2026-05-16T10:49:24,126.22,573.72
2026-05-16T10:49:29,126.22,573.72
2026-05-16T10:49:34,125.84,577.11
2026-05-16T10:49:39,125.84,577.11
2026-05-16T10:49:44,126.26,570.89
2026-05-16T10:49:49,126.26,570.89
2026-05-16T10:49:54,126.19,571.01
2026-05-16T10:49:59,126.19,571.01
2026-05-16T10:50:04,123.4,561.97
2026-05-16T10:50:09,123.4,561.97
2026-05-16T10:50:14,122.53,565.7
2026-05-16T10:50:19,122.53,565.7
2026-05-16T10:50:24,124.83,573.94
2026-05-16T10:50:29,124.83,573.94
2026-05-16T10:50:34,126.38,572.18
2026-05-16T10:50:39,126.38,572.18
2026-05-16T10:50:44,126.01,576.1
2026-05-16T10:50:49,126.01,576.1
2026-05-16T10:50:54,126.33,575.09
2026-05-16T10:50:59,126.33,575.09
2026-05-16T10:51:04,126.45,573.52
2026-05-16T10:51:09,126.45,573.52
2026-05-16T10:51:14,126.96,579.7
2026-05-16T10:51:19,126.96,579.7
2026-05-16T10:51:24,127.03,580.36
2026-05-16T10:51:29,127.03,580.36
2026-05-16T10:51:34,126.76,576.74
2026-05-16T10:51:39,126.76,576.74
2026-05-16T10:51:44,126.82,575.85
2026-05-16T10:51:49,126.82,575.85
2026-05-16T10:51:54,125.84,574.24
2026-05-16T10:51:59,125.84,574.24
2026-05-16T10:52:04,125.9,575.12
2026-05-16T10:52:09,125.9,575.12
2026-05-16T10:52:14,126.3,575.29
2026-05-16T10:52:19,126.3,575.29
2026-05-16T10:52:24,125.59,572.32
2026-05-16T10:52:29,125.59,572.32
2026-05-16T10:52:34,126.25,579.13
2026-05-16T10:52:39,126.25,579.13
2026-05-16T10:52:44,126.77,571.91
2026-05-16T10:52:49,126.77,571.91
2026-05-16T10:52:54,125.86,570.42
2026-05-16T10:52:59,125.86,570.42
2026-05-16T10:53:04,124.68,578.23
2026-05-16T10:53:09,124.68,578.23
2026-05-16T10:53:14,125.31,572.1
2026-05-16T10:53:19,125.31,572.1
2026-05-16T10:53:24,127.42,574.72
2026-05-16T10:53:29,127.42,574.72
2026-05-16T10:53:34,126.06,575.55
2026-05-16T10:53:39,126.06,575.55
2026-05-16T10:53:44,125.54,578.64
2026-05-16T10:53:49,125.54,578.64
2026-05-16T10:53:54,126.74,575.31
2026-05-16T10:53:59,126.74,575.31
2026-05-16T10:54:04,125.78,569.47
2026-05-16T10:54:09,125.78,569.47
2026-05-16T10:54:14,125.11,578.97
2026-05-16T10:54:19,125.11,578.97
2026-05-16T10:54:24,126.35,577.78
2026-05-16T10:54:29,126.35,577.78
2026-05-16T10:54:34,126.43,573.38
2026-05-16T10:54:39,126.43,573.38
2026-05-16T10:54:44,125.5,572.97
2026-05-16T10:54:49,125.5,572.97
2026-05-16T10:54:54,126.08,577.39
2026-05-16T10:54:59,126.08,577.39
2026-05-16T10:55:04,124.56,565.58
2026-05-16T10:55:09,124.56,565.58
2026-05-16T10:55:14,123.41,562.03
2026-05-16T10:55:19,123.41,562.03
2026-05-16T10:55:24,125.45,579.31
2026-05-16T10:55:29,125.45,579.31
2026-05-16T10:55:34,126.68,573.44
2026-05-16T10:55:39,126.68,573.44
2026-05-16T10:55:44,126.51,570.35
2026-05-16T10:55:49,126.51,570.35
2026-05-16T10:55:54,126.41,578.91
2026-05-16T10:55:59,126.41,578.91
2026-05-16T10:56:04,126.54,579.22
2026-05-16T10:56:09,126.54,579.22
2026-05-16T10:56:14,126.35,574.33
2026-05-16T10:56:19,126.35,574.33
2026-05-16T10:56:24,126.24,573.9
2026-05-16T10:56:29,126.24,573.9
2026-05-16T10:56:34,127.21,580.14
2026-05-16T10:56:39,127.21,580.14
2026-05-16T10:56:44,126.36,576.14
2026-05-16T10:56:49,126.36,576.14
2026-05-16T10:56:54,125.67,569.81
2026-05-16T10:56:59,125.67,569.81
2026-05-16T10:57:04,126.62,579.78
2026-05-16T10:57:09,126.62,579.78
2026-05-16T10:57:14,126.34,579.82
2026-05-16T10:57:19,126.34,579.82
2026-05-16T10:57:24,126.51,571.65
2026-05-16T10:57:29,126.51,571.65
2026-05-16T10:57:34,127.19,579.46
2026-05-16T10:57:39,127.19,579.46
2026-05-16T10:57:44,126.04,575.14
2026-05-16T10:57:49,126.04,575.14
2026-05-16T10:57:54,125.27,572.06
2026-05-16T10:57:59,125.27,572.06
2026-05-16T10:58:04,126.36,578.07
2026-05-16T10:58:09,126.36,578.07
2026-05-16T10:58:14,126.01,573.95
2026-05-16T10:58:19,126.01,573.95
2026-05-16T10:58:24,125.32,574.78
2026-05-16T10:58:29,125.32,574.78
2026-05-16T10:58:34,126.0,572.71
2026-05-16T10:58:39,126.0,572.71
2026-05-16T10:58:44,127.11,578.74
2026-05-16T10:58:49,127.11,578.74
2026-05-16T10:58:54,127.46,578.61
2026-05-16T10:58:59,127.46,578.61
2026-05-16T10:59:04,126.05,573.63
2026-05-16T10:59:09,126.05,573.63
2026-05-16T10:59:14,125.22,574.1
2026-05-16T10:59:19,125.22,574.1
2026-05-16T10:59:24,125.92,574.32
2026-05-16T10:59:29,125.92,574.32
2026-05-16T10:59:34,125.59,575.96
2026-05-16T10:59:39,125.59,575.96
2026-05-16T10:59:44,125.15,571.9
2026-05-16T10:59:49,125.15,571.9
2026-05-16T10:59:54,125.81,572.84
2026-05-16T10:59:59,125.81,572.84
2026-05-16T11:00:04,122.96,545.91
2026-05-16T11:00:09,122.96,545.91
2026-05-16T11:00:14,104.68,470.6
2026-05-16T11:00:19,104.68,470.6
2026-05-16T11:00:24,103.19,486.35
2026-05-16T11:00:29,103.19,486.35
2026-05-16T11:00:34,119.18,557.78
2026-05-16T11:00:39,119.18,557.78
2026-05-16T11:00:44,124.03,569.4
2026-05-16T11:00:49,124.03,569.4
2026-05-16T11:00:54,126.92,576.59
2026-05-16T11:00:59,126.92,576.59
2026-05-16T11:01:04,127.11,577.78
2026-05-16T11:01:09,127.11,577.78
2026-05-16T11:01:14,127.38,573.79
2026-05-16T11:01:19,127.38,573.79
2026-05-16T11:01:24,127.41,576.11
2026-05-16T11:01:29,127.41,576.11
2026-05-16T11:01:34,126.35,579.72
2026-05-16T11:01:39,126.35,579.72
2026-05-16T11:01:44,127.63,581.03
2026-05-16T11:01:49,127.63,581.03
2026-05-16T11:01:54,128.55,569.59
2026-05-16T11:01:59,128.55,569.59
2026-05-16T11:02:04,127.16,573.45
2026-05-16T11:02:09,127.16,573.45
2026-05-16T11:02:14,127.61,587.31
2026-05-16T11:02:19,127.61,587.31
2026-05-16T11:02:24,129.15,580.79
2026-05-16T11:02:29,129.15,580.79
2026-05-16T11:02:34,128.14,574.38
2026-05-16T11:02:39,128.14,574.38
2026-05-16T11:02:44,126.24,578.38
2026-05-16T11:02:49,126.24,578.38
2026-05-16T11:02:54,127.59,579.53
2026-05-16T11:02:59,127.59,579.53
2026-05-16T11:03:04,126.05,563.29
2026-05-16T11:03:09,126.05,563.29
2026-05-16T11:03:14,124.38,566.27
2026-05-16T11:03:19,124.38,566.27
2026-05-16T11:03:24,127.11,580.5
2026-05-16T11:03:29,127.11,580.5
2026-05-16T11:03:34,127.2,570.47
2026-05-16T11:03:39,127.2,570.47
2026-05-16T11:03:44,126.06,568.0
2026-05-16T11:03:49,126.06,568.0
2026-05-16T11:03:54,127.32,580.19
2026-05-16T11:03:59,127.32,580.19
2026-05-16T11:04:04,126.74,577.06
2026-05-16T11:04:09,126.74,577.06
2026-05-16T11:04:14,126.2,572.9
2026-05-16T11:04:19,126.2,572.9
2026-05-16T11:04:24,127.02,573.13
2026-05-16T11:04:29,127.02,573.13
2026-05-16T11:04:34,127.21,573.7
2026-05-16T11:04:39,127.21,573.7
2026-05-16T11:04:44,126.97,576.66
2026-05-16T11:04:49,126.97,576.66
2026-05-16T11:04:54,127.14,573.93
2026-05-16T11:04:59,127.14,573.93
2026-05-16T11:05:04,124.89,555.16
2026-05-16T11:05:09,124.89,555.16
2026-05-16T11:05:14,121.63,554.54
2026-05-16T11:05:19,121.63,554.54
2026-05-16T11:05:24,124.95,576.64
2026-05-16T11:05:29,124.95,576.64
2026-05-16T11:05:34,127.38,576.48
2026-05-16T11:05:39,127.38,576.48
2026-05-16T11:05:44,127.08,577.48
2026-05-16T11:05:49,127.08,577.48
2026-05-16T11:05:54,127.04,579.89
2026-05-16T11:05:59,127.04,579.89
2026-05-16T11:06:04,124.15,565.65
2026-05-16T11:06:09,124.15,565.65
2026-05-16T11:06:14,124.36,569.27
2026-05-16T11:06:19,124.36,569.27
2026-05-16T11:06:24,126.42,575.53
2026-05-16T11:06:29,126.42,575.53
2026-05-16T11:06:34,125.29,569.83
2026-05-16T11:06:39,125.29,569.83
2026-05-16T11:06:44,125.65,572.85
2026-05-16T11:06:49,125.65,572.85
2026-05-16T11:06:54,126.82,577.32
2026-05-16T11:06:59,126.82,577.32
2026-05-16T11:07:04,127.44,578.72
2026-05-16T11:07:09,127.44,578.72
2026-05-16T11:07:14,126.67,574.74
2026-05-16T11:07:19,126.67,574.74
2026-05-16T11:07:24,126.35,577.5
2026-05-16T11:07:29,126.35,577.5
2026-05-16T11:07:34,126.31,574.24
2026-05-16T11:07:39,126.31,574.24
2026-05-16T11:07:44,126.69,575.18
2026-05-16T11:07:49,126.69,575.18
2026-05-16T11:07:54,126.83,577.15
2026-05-16T11:07:59,126.83,577.15
2026-05-16T11:08:04,125.82,572.09
2026-05-16T11:08:09,125.82,572.09
2026-05-16T11:08:14,126.54,577.44
2026-05-16T11:08:19,126.54,577.44
2026-05-16T11:08:24,126.42,576.74
2026-05-16T11:08:29,126.42,576.74
2026-05-16T11:08:34,126.19,575.77
2026-05-16T11:08:39,126.19,575.77
2026-05-16T11:08:44,126.57,577.8
2026-05-16T11:08:49,126.57,577.8
2026-05-16T11:08:54,126.92,574.32
2026-05-16T11:08:59,126.92,574.32
2026-05-16T11:09:04,124.35,564.85
2026-05-16T11:09:09,124.35,564.85
2026-05-16T11:09:14,123.87,571.14
2026-05-16T11:09:19,123.87,571.14
2026-05-16T11:09:24,126.69,577.43
2026-05-16T11:09:29,126.69,577.43
2026-05-16T11:09:34,126.42,570.95
2026-05-16T11:09:39,126.42,570.95
2026-05-16T11:09:44,125.14,572.48
2026-05-16T11:09:49,125.14,572.48
2026-05-16T11:09:54,125.52,576.37
2026-05-16T11:09:59,125.52,576.37
2026-05-16T11:10:04,123.71,550.56
2026-05-16T11:10:09,123.71,550.56
2026-05-16T11:10:14,120.43,548.26
2026-05-16T11:10:19,120.43,548.26
2026-05-16T11:10:24,123.86,577.22
2026-05-16T11:10:29,123.86,577.22
2026-05-16T11:10:34,126.53,574.44
2026-05-16T11:10:39,126.53,574.44
2026-05-16T11:10:44,125.57,574.96
2026-05-16T11:10:49,125.57,574.96
2026-05-16T11:10:54,125.54,576.81
2026-05-16T11:10:59,125.54,576.81
2026-05-16T11:11:04,126.72,578.48
2026-05-16T11:11:09,126.72,578.48
2026-05-16T11:11:14,126.46,574.69
2026-05-16T11:11:19,126.46,574.69
2026-05-16T11:11:24,125.9,574.6
2026-05-16T11:11:29,125.9,574.6
2026-05-16T11:11:34,126.31,578.75
2026-05-16T11:11:39,126.31,578.75
2026-05-16T11:11:44,126.58,574.4
2026-05-16T11:11:49,126.58,574.4
2026-05-16T11:11:54,127.54,576.7
2026-05-16T11:11:59,127.54,576.7
2026-05-16T11:12:04,126.63,578.09
2026-05-16T11:12:09,126.63,578.09
2026-05-16T11:12:14,126.26,575.95
2026-05-16T11:12:19,126.26,575.95
2026-05-16T11:12:24,125.27,568.52
2026-05-16T11:12:29,125.27,568.52
2026-05-16T11:12:34,124.47,571.14
2026-05-16T11:12:39,124.47,571.14
2026-05-16T11:12:44,126.14,580.02
2026-05-16T11:12:49,126.14,580.02
2026-05-16T11:12:54,126.83,575.51
2026-05-16T11:12:59,126.83,575.51
2026-05-16T11:13:04,124.7,570.9
2026-05-16T11:13:09,124.7,570.9
2026-05-16T11:13:14,124.81,573.81
2026-05-16T11:13:19,124.81,573.81
2026-05-16T11:13:24,127.13,574.51
2026-05-16T11:13:29,127.13,574.51
2026-05-16T11:13:34,127.09,575.3
2026-05-16T11:13:39,127.09,575.3
2026-05-16T11:13:44,125.8,576.55
2026-05-16T11:13:49,125.8,576.55
2026-05-16T11:13:54,126.05,572.98
2026-05-16T11:13:59,126.05,572.98
2026-05-16T11:14:04,126.41,574.94
2026-05-16T11:14:09,126.41,574.94
2026-05-16T11:14:14,124.61,573.01
2026-05-16T11:14:19,124.61,573.01
2026-05-16T11:14:24,124.06,568.32
2026-05-16T11:14:29,124.06,568.32
2026-05-16T11:14:34,124.99,571.1
2026-05-16T11:14:39,124.99,571.1
2026-05-16T11:14:44,125.65,571.48
2026-05-16T11:14:49,125.65,571.48
2026-05-16T11:14:54,125.68,575.1
2026-05-16T11:14:59,125.68,575.1
2026-05-16T11:15:04,122.58,552.84
2026-05-16T11:15:09,122.58,552.84
2026-05-16T11:15:14,119.96,543.49
2026-05-16T11:15:19,119.96,543.49
2026-05-16T11:15:24,122.45,571.66
2026-05-16T11:15:29,122.45,571.66
2026-05-16T11:15:34,125.57,575.61
2026-05-16T11:15:39,125.57,575.61
2026-05-16T11:15:44,127.41,577.54
2026-05-16T11:15:49,127.41,577.54
2026-05-16T11:15:54,127.05,578.35
2026-05-16T11:15:59,127.05,578.35
2026-05-16T11:16:04,126.19,578.04
2026-05-16T11:16:09,126.19,578.04
2026-05-16T11:16:14,126.65,582.45
2026-05-16T11:16:19,126.65,582.45
2026-05-16T11:16:24,125.99,570.96
2026-05-16T11:16:29,125.99,570.96
2026-05-16T11:16:34,125.21,571.38
2026-05-16T11:16:39,125.21,571.38
2026-05-16T11:16:44,125.48,573.26
2026-05-16T11:16:49,125.48,573.26
2026-05-16T11:16:54,126.59,575.8
2026-05-16T11:16:59,126.59,575.8
2026-05-16T11:17:04,126.19,578.26
2026-05-16T11:17:09,126.19,578.26
2026-05-16T11:17:14,125.51,568.77
2026-05-16T11:17:19,125.51,568.77
2026-05-16T11:17:24,125.8,569.61
2026-05-16T11:17:29,125.8,569.61
2026-05-16T11:17:34,125.7,571.06
2026-05-16T11:17:39,125.7,571.06
2026-05-16T11:17:44,125.86,574.92
2026-05-16T11:17:49,125.86,574.92
2026-05-16T11:17:54,126.06,576.6
2026-05-16T11:17:59,126.06,576.6
2026-05-16T11:18:04,126.11,577.28
2026-05-16T11:18:09,126.11,577.28
2026-05-16T11:18:14,126.39,578.41
2026-05-16T11:18:19,126.39,578.41
2026-05-16T11:18:24,126.74,571.86
2026-05-16T11:18:29,126.74,571.86
2026-05-16T11:18:34,126.02,574.93
2026-05-16T11:18:39,126.02,574.93
2026-05-16T11:18:44,126.01,578.29
2026-05-16T11:18:49,126.01,578.29
2026-05-16T11:18:54,126.56,573.32
2026-05-16T11:18:59,126.56,573.32
2026-05-16T11:19:04,126.05,573.95
2026-05-16T11:19:09,126.05,573.95
2026-05-16T11:19:14,126.2,575.33
2026-05-16T11:19:19,126.2,575.33
2026-05-16T11:19:24,126.69,574.28
2026-05-16T11:19:29,126.69,574.28
2026-05-16T11:19:34,126.05,572.59
2026-05-16T11:19:39,126.05,572.59
2026-05-16T11:19:44,125.63,574.85
2026-05-16T11:19:49,125.63,574.85
2026-05-16T11:19:54,126.3,575.94
2026-05-16T11:19:59,126.3,575.94
2026-05-16T11:20:04,122.24,547.23
2026-05-16T11:20:09,122.24,547.23
2026-05-16T11:20:14,119.25,548.72
2026-05-16T11:20:19,119.25,548.72
2026-05-16T11:20:24,123.84,572.45
2026-05-16T11:20:29,123.84,572.45
2026-05-16T11:20:34,126.2,571.37
2026-05-16T11:20:39,126.2,571.37
2026-05-16T11:20:44,126.25,579.7
2026-05-16T11:20:49,126.25,579.7
2026-05-16T11:20:54,126.98,580.25
2026-05-16T11:20:59,126.98,580.25
2026-05-16T11:21:04,126.23,569.44
2026-05-16T11:21:09,126.23,569.44
2026-05-16T11:21:14,124.8,568.43
2026-05-16T11:21:19,124.8,568.43
2026-05-16T11:21:24,125.19,574.71
2026-05-16T11:21:29,125.19,574.71
2026-05-16T11:21:34,126.78,574.11
2026-05-16T11:21:39,126.78,574.11
2026-05-16T11:21:44,127.18,571.94
2026-05-16T11:21:49,127.18,571.94
2026-05-16T11:21:54,126.31,575.6
2026-05-16T11:21:59,126.31,575.6
2026-05-16T11:22:04,127.32,577.34
2026-05-16T11:22:09,127.32,577.34
2026-05-16T11:22:14,128.47,575.68
2026-05-16T11:22:19,128.47,575.68
2026-05-16T11:22:24,127.28,573.86
2026-05-16T11:22:29,127.28,573.86
2026-05-16T11:22:34,125.47,571.47
2026-05-16T11:22:39,125.47,571.47
2026-05-16T11:22:44,124.31,565.37
2026-05-16T11:22:49,124.31,565.37
2026-05-16T11:22:54,124.11,558.74
2026-05-16T11:22:59,124.11,558.74
2026-05-16T11:23:04,125.11,566.52
2026-05-16T11:23:09,125.11,566.52
2026-05-16T11:23:14,125.49,569.32
2026-05-16T11:23:19,125.49,569.32
2026-05-16T11:23:24,124.47,561.77
2026-05-16T11:23:29,124.47,561.77
2026-05-16T11:23:34,124.26,561.18
2026-05-16T11:23:39,124.26,561.18
2026-05-16T11:23:44,125.89,566.34
2026-05-16T11:23:49,125.89,566.34
2026-05-16T11:23:54,127.92,577.14
2026-05-16T11:23:59,127.92,577.14
2026-05-16T11:24:04,125.75,578.93
2026-05-16T11:24:09,125.75,578.93
2026-05-16T11:24:14,125.51,574.97
2026-05-16T11:24:19,125.51,574.97
2026-05-16T11:24:24,128.24,579.91
2026-05-16T11:24:29,128.24,579.91
2026-05-16T11:24:34,127.24,576.9
2026-05-16T11:24:39,127.24,576.9
2026-05-16T11:24:44,127.79,578.0
2026-05-16T11:24:49,127.79,578.0
2026-05-16T11:24:54,128.97,581.97
2026-05-16T11:24:59,128.97,581.97
2026-05-16T11:25:04,125.22,560.97
2026-05-16T11:25:09,125.22,560.97
2026-05-16T11:25:14,122.91,560.81
2026-05-16T11:25:19,122.91,560.81
2026-05-16T11:25:24,125.22,573.07
2026-05-16T11:25:29,125.22,573.07
2026-05-16T11:25:34,126.36,571.41
2026-05-16T11:25:39,126.36,571.41
2026-05-16T11:25:44,127.28,577.24
2026-05-16T11:25:49,127.28,577.24
2026-05-16T11:25:54,128.19,577.68
2026-05-16T11:25:59,128.19,577.68
2026-05-16T11:26:04,127.72,576.17
2026-05-16T11:26:09,127.72,576.17
2026-05-16T11:26:14,127.51,580.14
2026-05-16T11:26:19,127.51,580.14
2026-05-16T11:26:24,126.7,575.53
2026-05-16T11:26:29,126.7,575.53
2026-05-16T11:26:34,127.17,571.02
2026-05-16T11:26:39,127.17,571.02
2026-05-16T11:26:44,127.45,576.75
2026-05-16T11:26:49,127.45,576.75
2026-05-16T11:26:54,126.34,581.43
2026-05-16T11:26:59,126.34,581.43
2026-05-16T11:27:04,125.33,567.63
2026-05-16T11:27:09,125.33,567.63
2026-05-16T11:27:14,125.12,564.14
2026-05-16T11:27:19,125.12,564.14
2026-05-16T11:27:24,125.91,579.3
2026-05-16T11:27:29,125.91,579.3
2026-05-16T11:27:34,127.55,581.43
2026-05-16T11:27:39,127.55,581.43
2026-05-16T11:27:44,128.03,573.62
2026-05-16T11:27:49,128.03,573.62
2026-05-16T11:27:54,126.63,570.22
2026-05-16T11:27:59,126.63,570.22
2026-05-16T11:28:04,126.17,575.17
2026-05-16T11:28:09,126.17,575.17
2026-05-16T11:28:14,126.95,569.87
2026-05-16T11:28:19,126.95,569.87
2026-05-16T11:28:24,127.46,565.57
2026-05-16T11:28:29,127.46,565.57
2026-05-16T11:28:34,126.27,574.97
2026-05-16T11:28:39,126.27,574.97
2026-05-16T11:28:44,126.66,574.16
2026-05-16T11:28:49,126.66,574.16
2026-05-16T11:28:54,128.27,572.75
2026-05-16T11:28:59,128.27,572.75
2026-05-16T11:29:04,126.32,575.62
2026-05-16T11:29:09,126.32,575.62
2026-05-16T11:29:14,125.99,581.12
2026-05-16T11:29:19,125.99,581.12
2026-05-16T11:29:24,127.93,579.84
2026-05-16T11:29:29,127.93,579.84
2026-05-16T11:29:34,128.01,572.8
2026-05-16T11:29:39,128.01,572.8
2026-05-16T11:29:44,127.72,575.87
2026-05-16T11:29:49,127.72,575.87
2026-05-16T11:29:54,127.24,574.6
2026-05-16T11:29:59,127.24,574.6
2026-05-16T11:30:04,130.87,553.24
2026-05-16T11:30:09,130.87,553.24
2026-05-16T11:30:14,127.38,551.66
2026-05-16T11:30:19,127.38,551.66
2026-05-16T11:30:24,123.68,574.02
2026-05-16T11:30:29,123.68,574.02
2026-05-16T11:30:34,127.77,574.24
2026-05-16T11:30:39,127.77,574.24
2026-05-16T11:30:44,126.84,570.53
2026-05-16T11:30:49,126.84,570.53
2026-05-16T11:30:54,125.43,571.72
2026-05-16T11:30:59,125.43,571.72
2026-05-16T11:31:04,126.19,573.09
2026-05-16T11:31:09,126.19,573.09
2026-05-16T11:31:14,127.53,572.89
2026-05-16T11:31:19,127.53,572.89
2026-05-16T11:31:24,127.54,574.46
2026-05-16T11:31:29,127.54,574.46
2026-05-16T11:31:34,127.74,582.01
2026-05-16T11:31:39,127.74,582.01
2026-05-16T11:31:44,127.96,575.91
2026-05-16T11:31:49,127.96,575.91
2026-05-16T11:31:54,127.42,572.5
2026-05-16T11:31:59,127.42,572.5
2026-05-16T11:32:04,127.31,579.64
2026-05-16T11:32:09,127.31,579.64
2026-05-16T11:32:14,127.53,575.79
2026-05-16T11:32:19,127.53,575.79
2026-05-16T11:32:24,127.84,572.82
2026-05-16T11:32:29,127.84,572.82
2026-05-16T11:32:34,127.84,575.15
2026-05-16T11:32:39,127.84,575.15
2026-05-16T11:32:44,128.13,583.4
2026-05-16T11:32:49,128.13,583.4
2026-05-16T11:32:54,128.07,578.46
2026-05-16T11:32:59,128.07,578.46
2026-05-16T11:33:04,125.88,565.9
2026-05-16T11:33:09,125.88,565.9
2026-05-16T11:33:14,125.74,573.46
2026-05-16T11:33:19,125.74,573.46
2026-05-16T11:33:24,127.62,576.81
2026-05-16T11:33:29,127.62,576.81
2026-05-16T11:33:34,128.24,574.73
2026-05-16T11:33:39,128.24,574.73
2026-05-16T11:33:44,127.89,574.86
2026-05-16T11:33:49,127.89,574.86
2026-05-16T11:33:54,126.46,575.03
2026-05-16T11:33:59,126.46,575.03
2026-05-16T11:34:04,127.52,576.39
2026-05-16T11:34:09,127.52,576.39
2026-05-16T11:34:14,128.35,573.12
2026-05-16T11:34:19,128.35,573.12
2026-05-16T11:34:24,127.09,573.28
2026-05-16T11:34:29,127.09,573.28
2026-05-16T11:34:34,127.34,577.88
2026-05-16T11:34:39,127.34,577.88
2026-05-16T11:34:44,127.96,578.32
2026-05-16T11:34:49,127.96,578.32
2026-05-16T11:34:54,127.25,571.76
2026-05-16T11:34:59,127.25,571.76
2026-05-16T11:35:04,122.34,545.41
2026-05-16T11:35:09,122.34,545.41
2026-05-16T11:35:14,120.02,546.96
2026-05-16T11:35:19,120.02,546.96
2026-05-16T11:35:24,125.32,571.26
2026-05-16T11:35:29,125.32,571.26
2026-05-16T11:35:34,126.06,570.07
2026-05-16T11:35:39,126.06,570.07
2026-05-16T11:35:44,126.02,577.52
2026-05-16T11:35:49,126.02,577.52
2026-05-16T11:35:54,128.24,574.34
2026-05-16T11:35:59,128.24,574.34
2026-05-16T11:36:04,126.0,563.34
2026-05-16T11:36:09,126.0,563.34
2026-05-16T11:36:14,125.57,575.15
2026-05-16T11:36:19,125.57,575.15
2026-05-16T11:36:24,127.49,581.72
2026-05-16T11:36:29,127.49,581.72
2026-05-16T11:36:34,128.09,570.67
2026-05-16T11:36:39,128.09,570.67
2026-05-16T11:36:44,126.41,569.54
2026-05-16T11:36:49,126.41,569.54
2026-05-16T11:36:54,125.63,576.2
2026-05-16T11:36:59,125.63,576.2
2026-05-16T11:37:04,127.56,572.76
2026-05-16T11:37:09,127.56,572.76
2026-05-16T11:37:14,126.68,568.4
2026-05-16T11:37:19,126.68,568.4
2026-05-16T11:37:24,125.63,573.74
2026-05-16T11:37:29,125.63,573.74
2026-05-16T11:37:34,127.03,573.76
2026-05-16T11:37:39,127.03,573.76
2026-05-16T11:37:44,127.55,568.11
2026-05-16T11:37:49,127.55,568.11
2026-05-16T11:37:54,126.07,570.45
2026-05-16T11:37:59,126.07,570.45
2026-05-16T11:38:04,124.97,574.59
2026-05-16T11:38:09,124.97,574.59
2026-05-16T11:38:14,125.96,574.32
2026-05-16T11:38:19,125.96,574.32
2026-05-16T11:38:24,125.93,573.14
2026-05-16T11:38:29,125.93,573.14
2026-05-16T11:38:34,124.83,569.98
2026-05-16T11:38:39,124.83,569.98
2026-05-16T11:38:44,124.56,570.6
2026-05-16T11:38:49,124.56,570.6
2026-05-16T11:38:54,126.32,575.19
2026-05-16T11:38:59,126.32,575.19
2026-05-16T11:39:04,122.79,545.09
2026-05-16T11:39:09,122.79,545.09
2026-05-16T11:39:14,115.66,534.91
2026-05-16T11:39:19,115.66,534.91
2026-05-16T11:39:24,120.58,565.13
2026-05-16T11:39:29,120.58,565.13
2026-05-16T11:39:34,126.23,573.12
2026-05-16T11:39:39,126.23,573.12
2026-05-16T11:39:44,124.88,572.68
2026-05-16T11:39:49,124.88,572.68
2026-05-16T11:39:54,125.78,572.03
2026-05-16T11:39:59,125.78,572.03
2026-05-16T11:40:04,122.87,550.77
2026-05-16T11:40:09,122.87,550.77
2026-05-16T11:40:14,115.0,531.62
2026-05-16T11:40:19,115.0,531.62
2026-05-16T11:40:24,116.55,545.51
2026-05-16T11:40:29,116.55,545.51
2026-05-16T11:40:34,123.32,568.51
2026-05-16T11:40:39,123.32,568.51
2026-05-16T11:40:44,124.89,574.77
2026-05-16T11:40:49,124.89,574.77
2026-05-16T11:40:54,125.41,569.62
2026-05-16T11:40:59,125.41,569.62
2026-05-16T11:41:04,124.76,564.67
2026-05-16T11:41:09,124.76,564.67
2026-05-16T11:41:14,124.47,575.11
2026-05-16T11:41:19,124.47,575.11
2026-05-16T11:41:24,125.55,576.89
2026-05-16T11:41:29,125.55,576.89
2026-05-16T11:41:34,125.86,566.25
2026-05-16T11:41:39,125.86,566.25
2026-05-16T11:41:44,125.56,576.03
2026-05-16T11:41:49,125.56,576.03
2026-05-16T11:41:54,125.69,579.29
2026-05-16T11:41:59,125.69,579.29
2026-05-16T11:42:04,122.82,557.35
2026-05-16T11:42:09,122.82,557.35
2026-05-16T11:42:14,122.02,558.88
2026-05-16T11:42:19,122.02,558.88
2026-05-16T11:42:24,125.0,575.61
2026-05-16T11:42:29,125.0,575.61
2026-05-16T11:42:34,126.6,571.41
2026-05-16T11:42:39,126.6,571.41
2026-05-16T11:42:44,126.84,572.96
2026-05-16T11:42:49,126.84,572.96
2026-05-16T11:42:54,126.52,578.51
2026-05-16T11:42:59,126.52,578.51
2026-05-16T11:43:04,126.17,575.09
2026-05-16T11:43:09,126.17,575.09
2026-05-16T11:43:14,126.56,570.16
2026-05-16T11:43:19,126.56,570.16
2026-05-16T11:43:24,127.49,575.86
2026-05-16T11:43:29,127.49,575.86
2026-05-16T11:43:34,126.13,575.09
2026-05-16T11:43:39,126.13,575.09
2026-05-16T11:43:44,126.78,574.71
2026-05-16T11:43:49,126.78,574.71
2026-05-16T11:43:54,128.5,578.4
2026-05-16T11:43:59,128.5,578.4
2026-05-16T11:44:04,126.84,574.73
2026-05-16T11:44:09,126.84,574.73
2026-05-16T11:44:14,126.14,573.89
2026-05-16T11:44:19,126.14,573.89
2026-05-16T11:44:24,127.64,578.01
2026-05-16T11:44:29,127.64,578.01
2026-05-16T11:44:34,128.38,580.31
2026-05-16T11:44:39,128.38,580.31
2026-05-16T11:44:44,126.85,572.68
2026-05-16T11:44:49,126.85,572.68
2026-05-16T11:44:54,127.3,575.0
2026-05-16T11:44:59,127.3,575.0
2026-05-16T11:45:04,125.13,556.75
2026-05-16T11:45:09,125.13,556.75
2026-05-16T11:45:14,121.34,552.55
2026-05-16T11:45:19,121.34,552.55
2026-05-16T11:45:24,124.94,575.4
2026-05-16T11:45:29,124.94,575.4
2026-05-16T11:45:34,127.76,573.61
2026-05-16T11:45:39,127.76,573.61
2026-05-16T11:45:44,127.48,576.92
2026-05-16T11:45:49,127.48,576.92
2026-05-16T11:45:54,127.91,577.75
2026-05-16T11:45:59,127.91,577.75
2026-05-16T11:46:04,128.06,577.79
2026-05-16T11:46:09,128.06,577.79
2026-05-16T11:46:14,127.34,576.31
2026-05-16T11:46:19,127.34,576.31
2026-05-16T11:46:24,127.03,571.43
2026-05-16T11:46:29,127.03,571.43
2026-05-16T11:46:34,127.22,578.32
2026-05-16T11:46:39,127.22,578.32
2026-05-16T11:46:44,128.09,579.49
2026-05-16T11:46:49,128.09,579.49
2026-05-16T11:46:54,128.6,579.58
2026-05-16T11:46:59,128.6,579.58
2026-05-16T11:47:04,127.97,581.27
2026-05-16T11:47:09,127.97,581.27
2026-05-16T11:47:14,127.13,578.63
2026-05-16T11:47:19,127.13,578.63
2026-05-16T11:47:24,127.41,575.89
2026-05-16T11:47:29,127.41,575.89
2026-05-16T11:47:34,127.73,571.89
2026-05-16T11:47:39,127.73,571.89
2026-05-16T11:47:44,127.18,581.97
2026-05-16T11:47:49,127.18,581.97
2026-05-16T11:47:54,126.93,580.74
2026-05-16T11:47:59,126.93,580.74
2026-05-16T11:48:04,126.39,567.51
2026-05-16T11:48:09,126.39,567.51
2026-05-16T11:48:14,126.53,574.68
2026-05-16T11:48:19,126.53,574.68
2026-05-16T11:48:24,126.49,580.49
2026-05-16T11:48:29,126.49,580.49
2026-05-16T11:48:34,126.46,578.86
2026-05-16T11:48:39,126.46,578.86
2026-05-16T11:48:44,126.84,574.72
2026-05-16T11:48:49,126.84,574.72
2026-05-16T11:48:54,125.63,572.88
2026-05-16T11:48:59,125.63,572.88
2026-05-16T11:49:04,125.3,577.99
2026-05-16T11:49:09,125.3,577.99
2026-05-16T11:49:14,125.88,571.94
2026-05-16T11:49:19,125.88,571.94
2026-05-16T11:49:24,124.29,565.65
2026-05-16T11:49:29,124.29,565.65
2026-05-16T11:49:34,124.79,577.27
2026-05-16T11:49:39,124.79,577.27
2026-05-16T11:49:44,127.19,581.65
2026-05-16T11:49:49,127.19,581.65
2026-05-16T11:49:54,127.18,573.7
2026-05-16T11:49:59,127.18,573.7
2026-05-16T11:50:04,123.64,551.16
2026-05-16T11:50:09,123.64,551.16
2026-05-16T11:50:14,120.66,556.45
2026-05-16T11:50:19,120.66,556.45
2026-05-16T11:50:24,124.4,581.38
2026-05-16T11:50:29,124.4,581.38
2026-05-16T11:50:34,126.94,575.65
2026-05-16T11:50:39,126.94,575.65
2026-05-16T11:50:44,126.06,576.86
2026-05-16T11:50:49,126.06,576.86
2026-05-16T11:50:54,126.58,579.72
2026-05-16T11:50:59,126.58,579.72
2026-05-16T11:51:04,125.79,571.23
2026-05-16T11:51:09,125.79,571.23
2026-05-16T11:51:14,125.53,572.11
2026-05-16T11:51:19,125.53,572.11
2026-05-16T11:51:24,125.68,577.72
2026-05-16T11:51:29,125.68,577.72
2026-05-16T11:51:34,125.72,574.16
2026-05-16T11:51:39,125.72,574.16
2026-05-16T11:51:44,125.77,572.84
2026-05-16T11:51:49,125.77,572.84
2026-05-16T11:51:54,125.52,573.47
2026-05-16T11:51:59,125.52,573.47
2026-05-16T11:52:04,126.22,574.48
2026-05-16T11:52:09,126.22,574.48
2026-05-16T11:52:14,125.93,573.65
2026-05-16T11:52:19,125.93,573.65
2026-05-16T11:52:24,125.74,571.89
2026-05-16T11:52:29,125.74,571.89
2026-05-16T11:52:34,126.45,576.86
2026-05-16T11:52:39,126.45,576.86
2026-05-16T11:52:44,126.36,574.86
2026-05-16T11:52:49,126.36,574.86
2026-05-16T11:52:54,125.82,573.2
2026-05-16T11:52:59,125.82,573.2
2026-05-16T11:53:04,126.24,575.02
2026-05-16T11:53:09,126.24,575.02
2026-05-16T11:53:14,125.95,576.23
2026-05-16T11:53:19,125.95,576.23
2026-05-16T11:53:24,125.24,577.2
2026-05-16T11:53:29,125.24,577.2
2026-05-16T11:53:34,126.32,573.61
2026-05-16T11:53:39,126.32,573.61
2026-05-16T11:53:44,126.45,571.77
2026-05-16T11:53:49,126.45,571.77
2026-05-16T11:53:54,125.05,574.44
2026-05-16T11:53:59,125.05,574.44
2026-05-16T11:54:04,125.12,572.91
2026-05-16T11:54:09,125.12,572.91
2026-05-16T11:54:14,126.24,573.81
2026-05-16T11:54:19,126.24,573.81
2026-05-16T11:54:24,125.39,575.58
2026-05-16T11:54:29,125.39,575.58
2026-05-16T11:54:34,125.56,571.24
2026-05-16T11:54:39,125.56,571.24
2026-05-16T11:54:44,127.68,576.37
2026-05-16T11:54:49,127.68,576.37
2026-05-16T11:54:54,126.7,578.42
2026-05-16T11:54:59,126.7,578.42
2026-05-16T11:55:04,123.54,571.72
2026-05-16T11:55:09,123.54,571.72
2026-05-16T11:55:14,124.11,569.16
2026-05-16T11:55:19,124.11,569.16
2026-05-16T11:55:24,126.29,569.89
2026-05-16T11:55:29,126.29,569.89
2026-05-16T11:55:34,124.94,576.1
2026-05-16T11:55:39,124.94,576.1
2026-05-16T11:55:44,125.42,576.93
2026-05-16T11:55:49,125.42,576.93
2026-05-16T11:55:54,127.46,573.95
2026-05-16T11:55:59,127.46,573.95
2026-05-16T11:56:04,124.95,568.03
2026-05-16T11:56:09,124.95,568.03
2026-05-16T11:56:14,123.81,574.67
2026-05-16T11:56:19,123.81,574.67
2026-05-16T11:56:24,126.35,575.77
2026-05-16T11:56:29,126.35,575.77
2026-05-16T11:56:34,126.2,565.47
2026-05-16T11:56:39,126.2,565.47
2026-05-16T11:56:44,124.26,572.39
2026-05-16T11:56:49,124.26,572.39
2026-05-16T11:56:54,124.86,575.3
2026-05-16T11:56:59,124.86,575.3
2026-05-16T11:57:04,126.61,571.88
2026-05-16T11:57:09,126.61,571.88
2026-05-16T11:57:14,125.3,567.86
2026-05-16T11:57:19,125.3,567.86
2026-05-16T11:57:24,125.03,576.96
2026-05-16T11:57:29,125.03,576.96
2026-05-16T11:57:34,126.41,580.0
2026-05-16T11:57:39,126.41,580.0
2026-05-16T11:57:44,126.52,574.06
2026-05-16T11:57:49,126.52,574.06
2026-05-16T11:57:54,125.55,572.34
2026-05-16T11:57:59,125.55,572.34
2026-05-16T11:58:04,125.0,573.21
2026-05-16T11:58:09,125.0,573.21
2026-05-16T11:58:14,125.94,572.9
2026-05-16T11:58:19,125.94,572.9
2026-05-16T11:58:24,126.3,572.15
2026-05-16T11:58:29,126.3,572.15
2026-05-16T11:58:34,125.37,578.28
2026-05-16T11:58:39,125.37,578.28
2026-05-16T11:58:44,125.73,576.1
2026-05-16T11:58:49,125.73,576.1
2026-05-16T11:58:54,126.14,571.88
2026-05-16T11:58:59,126.14,571.88
2026-05-16T11:59:04,125.68,576.09
2026-05-16T11:59:09,125.68,576.09
2026-05-16T11:59:14,125.67,580.67
2026-05-16T11:59:19,125.67,580.67
2026-05-16T11:59:24,125.87,576.51
2026-05-16T11:59:29,125.87,576.51
2026-05-16T11:59:34,125.6,570.54
2026-05-16T11:59:39,125.6,570.54
2026-05-16T11:59:44,124.54,571.28
2026-05-16T11:59:49,124.54,571.28
2026-05-16T11:59:54,126.15,575.0
2026-05-16T11:59:59,126.15,575.0
2026-05-16T12:00:04,123.51,546.94
2026-05-16T12:00:09,123.51,546.94
2026-05-16T12:00:14,99.75,458.15
2026-05-16T12:00:19,99.75,458.15
2026-05-16T12:00:24,102.38,483.2
2026-05-16T12:00:29,102.38,483.2
2026-05-16T12:00:34,124.89,572.41
2026-05-16T12:00:39,124.89,572.41
2026-05-16T12:00:44,125.86,576.6
2026-05-16T12:00:49,125.86,576.6
2026-05-16T12:00:54,126.17,573.72
2026-05-16T12:00:59,126.17,573.72
2026-05-16T12:01:04,125.99,578.45
2026-05-16T12:01:09,125.99,578.45
2026-05-16T12:01:14,125.89,576.03
2026-05-16T12:01:19,125.89,576.03
2026-05-16T12:01:24,126.32,572.15
2026-05-16T12:01:29,126.32,572.15
2026-05-16T12:01:34,126.0,575.79
2026-05-16T12:01:39,126.0,575.79
2026-05-16T12:01:44,125.44,576.65
2026-05-16T12:01:49,125.44,576.65
2026-05-16T12:01:54,125.8,577.24
2026-05-16T12:01:59,125.8,577.24
2026-05-16T12:02:04,126.1,572.8
2026-05-16T12:02:09,126.1,572.8
2026-05-16T12:02:14,126.44,580.75
2026-05-16T12:02:19,126.44,580.75
2026-05-16T12:02:24,126.37,578.11
2026-05-16T12:02:29,126.37,578.11
2026-05-16T12:02:34,126.22,569.04
2026-05-16T12:02:39,126.22,569.04
2026-05-16T12:02:44,126.26,574.48
2026-05-16T12:02:49,126.26,574.48
2026-05-16T12:02:54,125.8,576.92
2026-05-16T12:02:59,125.8,576.92
2026-05-16T12:03:04,126.53,573.4
2026-05-16T12:03:09,126.53,573.4
2026-05-16T12:03:14,126.79,575.11
2026-05-16T12:03:19,126.79,575.11
2026-05-16T12:03:24,125.0,576.63
2026-05-16T12:03:29,125.0,576.63
2026-05-16T12:03:34,126.15,575.06
2026-05-16T12:03:39,126.15,575.06
2026-05-16T12:03:44,126.83,572.5
2026-05-16T12:03:49,126.83,572.5
2026-05-16T12:03:54,124.97,567.73
2026-05-16T12:03:59,124.97,567.73
2026-05-16T12:04:04,125.48,575.49
2026-05-16T12:04:09,125.48,575.49
2026-05-16T12:04:14,126.62,570.79
2026-05-16T12:04:19,126.62,570.79
2026-05-16T12:04:24,127.06,572.53
2026-05-16T12:04:29,127.06,572.53
2026-05-16T12:04:34,127.86,585.82
2026-05-16T12:04:39,127.86,585.82
2026-05-16T12:04:44,128.55,582.54
2026-05-16T12:04:49,128.55,582.54
2026-05-16T12:04:54,127.19,572.62
2026-05-16T12:04:59,127.19,572.62
2026-05-16T12:05:04,121.83,535.98
2026-05-16T12:05:09,121.83,535.98
2026-05-16T12:05:14,118.54,539.63
2026-05-16T12:05:19,118.54,539.63
2026-05-16T12:05:24,123.82,574.56
2026-05-16T12:05:29,123.82,574.56
2026-05-16T12:05:34,127.49,574.73
2026-05-16T12:05:39,127.49,574.73
2026-05-16T12:05:44,128.2,583.25
2026-05-16T12:05:49,128.2,583.25
2026-05-16T12:05:54,129.81,576.32
2026-05-16T12:05:59,129.81,576.32
2026-05-16T12:06:04,128.33,566.77
2026-05-16T12:06:09,128.33,566.77
2026-05-16T12:06:14,127.03,577.41
2026-05-16T12:06:19,127.03,577.41
2026-05-16T12:06:24,128.52,576.05
2026-05-16T12:06:29,128.52,576.05
2026-05-16T12:06:34,129.77,572.73
2026-05-16T12:06:39,129.77,572.73
2026-05-16T12:06:44,128.49,578.63
2026-05-16T12:06:49,128.49,578.63
2026-05-16T12:06:54,127.87,576.92
2026-05-16T12:06:59,127.87,576.92
2026-05-16T12:07:04,129.27,571.07
2026-05-16T12:07:09,129.27,571.07
2026-05-16T12:07:14,127.86,571.01
2026-05-16T12:07:19,127.86,571.01
2026-05-16T12:07:24,127.82,576.9
2026-05-16T12:07:29,127.82,576.9
2026-05-16T12:07:34,129.46,578.18
2026-05-16T12:07:39,129.46,578.18
2026-05-16T12:07:44,128.69,570.5
2026-05-16T12:07:49,128.69,570.5
2026-05-16T12:07:54,128.19,573.27
2026-05-16T12:07:59,128.19,573.27
2026-05-16T12:08:04,128.76,582.63
2026-05-16T12:08:09,128.76,582.63
2026-05-16T12:08:14,129.54,582.39
2026-05-16T12:08:19,129.54,582.39
2026-05-16T12:08:24,129.63,572.79
2026-05-16T12:08:29,129.63,572.79
2026-05-16T12:08:34,128.57,574.61
2026-05-16T12:08:39,128.57,574.61
2026-05-16T12:08:44,127.82,577.71
2026-05-16T12:08:49,127.82,577.71
2026-05-16T12:08:54,128.05,571.86
2026-05-16T12:08:59,128.05,571.86
2026-05-16T12:09:04,124.06,547.7
2026-05-16T12:09:09,124.06,547.7
2026-05-16T12:09:14,117.91,533.08
2026-05-16T12:09:19,117.91,533.08
2026-05-16T12:09:24,121.53,559.06
2026-05-16T12:09:29,121.53,559.06
2026-05-16T12:09:34,125.85,573.77
2026-05-16T12:09:39,125.85,573.77
2026-05-16T12:09:44,125.94,576.01
2026-05-16T12:09:49,125.94,576.01
2026-05-16T12:09:54,128.1,578.73
2026-05-16T12:09:59,128.1,578.73
2026-05-16T12:10:04,125.0,552.38
2026-05-16T12:10:09,125.0,552.38
2026-05-16T12:10:14,116.79,528.94
2026-05-16T12:10:19,116.79,528.94
2026-05-16T12:10:24,117.96,546.73
2026-05-16T12:10:29,117.96,546.73
2026-05-16T12:10:34,123.59,561.61
2026-05-16T12:10:39,123.59,561.61
2026-05-16T12:10:44,124.03,569.42
2026-05-16T12:10:49,124.03,569.42
2026-05-16T12:10:54,125.93,572.05
2026-05-16T12:10:59,125.93,572.05
2026-05-16T12:11:04,126.17,565.07
2026-05-16T12:11:09,126.17,565.07
2026-05-16T12:11:14,126.45,577.84
2026-05-16T12:11:19,126.45,577.84
2026-05-16T12:11:24,127.92,578.37
2026-05-16T12:11:29,127.92,578.37
2026-05-16T12:11:34,127.35,572.2
2026-05-16T12:11:39,127.35,572.2
2026-05-16T12:11:44,126.09,575.45
2026-05-16T12:11:49,126.09,575.45
2026-05-16T12:11:54,127.18,574.45
2026-05-16T12:11:59,127.18,574.45
2026-05-16T12:12:04,126.21,568.19
2026-05-16T12:12:09,126.21,568.19
2026-05-16T12:12:14,124.72,563.92
2026-05-16T12:12:19,124.72,563.92
2026-05-16T12:12:24,126.12,570.69
2026-05-16T12:12:29,126.12,570.69
2026-05-16T12:12:34,126.08,572.24
2026-05-16T12:12:39,126.08,572.24
2026-05-16T12:12:44,124.67,566.04
2026-05-16T12:12:49,124.67,566.04
2026-05-16T12:12:54,125.35,576.75
2026-05-16T12:12:59,125.35,576.75
2026-05-16T12:13:04,124.71,572.57
2026-05-16T12:13:09,124.71,572.57
2026-05-16T12:13:14,124.13,563.99
2026-05-16T12:13:19,124.13,563.99
2026-05-16T12:13:24,124.19,569.41
2026-05-16T12:13:29,124.19,569.41
2026-05-16T12:13:34,124.94,568.53
2026-05-16T12:13:39,124.94,568.53
2026-05-16T12:13:44,126.15,572.44
2026-05-16T12:13:49,126.15,572.44
2026-05-16T12:13:54,125.15,573.64
2026-05-16T12:13:59,125.15,573.64
2026-05-16T12:14:04,125.45,572.66
2026-05-16T12:14:09,125.45,572.66
2026-05-16T12:14:14,125.94,573.51
2026-05-16T12:14:19,125.94,573.51
2026-05-16T12:14:24,125.77,574.93
2026-05-16T12:14:29,125.77,574.93
2026-05-16T12:14:34,125.71,573.95
2026-05-16T12:14:39,125.71,573.95
2026-05-16T12:14:44,126.38,574.96
2026-05-16T12:14:49,126.38,574.96
2026-05-16T12:14:54,126.2,576.23
2026-05-16T12:14:59,126.2,576.23
2026-05-16T12:15:04,122.06,543.23
2026-05-16T12:15:09,122.06,543.23
2026-05-16T12:15:14,117.02,531.65
2026-05-16T12:15:19,117.02,531.65
2026-05-16T12:15:24,120.31,564.74
2026-05-16T12:15:29,120.31,564.74
2026-05-16T12:15:34,124.36,571.8
2026-05-16T12:15:39,124.36,571.8
2026-05-16T12:15:44,125.62,569.34
2026-05-16T12:15:49,125.62,569.34
2026-05-16T12:15:54,125.07,560.24
2026-05-16T12:15:59,125.07,560.24
2026-05-16T12:16:04,121.0,538.37
2026-05-16T12:16:09,121.0,538.37
2026-05-16T12:16:14,116.04,519.76
2026-05-16T12:16:19,116.04,519.76
2026-05-16T12:16:24,111.72,508.13
2026-05-16T12:16:29,111.72,508.13
2026-05-16T12:16:34,108.59,484.58
2026-05-16T12:16:39,108.59,484.58
2026-05-16T12:16:44,104.18,462.45
2026-05-16T12:16:49,104.18,462.45
2026-05-16T12:16:54,99.32,449.85
2026-05-16T12:16:59,99.32,449.85
2026-05-16T12:17:04,94.62,423.33
2026-05-16T12:17:09,94.62,423.33
2026-05-16T12:17:14,90.41,403.38
2026-05-16T12:17:19,90.41,403.38
2026-05-16T12:17:24,86.3,390.34
2026-05-16T12:17:29,86.3,390.34
2026-05-16T12:17:34,82.62,373.07
2026-05-16T12:17:39,82.62,373.07
2026-05-16T12:17:44,78.67,348.7
2026-05-16T12:17:49,78.67,348.7
2026-05-16T12:17:54,74.34,330.99
2026-05-16T12:17:59,74.34,330.99
2026-05-16T12:18:04,70.0,318.48
2026-05-16T12:18:09,70.0,318.48
2026-05-16T12:18:14,67.02,298.12
2026-05-16T12:18:19,67.02,298.12
2026-05-16T12:18:24,62.83,276.12
2026-05-16T12:18:29,62.83,276.12
2026-05-16T12:18:34,57.72,260.14
2026-05-16T12:18:39,57.72,260.14
2026-05-16T12:18:44,54.92,245.79
2026-05-16T12:18:49,54.92,245.79
2026-05-16T12:18:54,50.57,220.9
2026-05-16T12:18:59,50.57,220.9
2026-05-16T12:19:04,44.97,201.39
2026-05-16T12:19:09,44.97,201.39
2026-05-16T12:19:14,40.88,183.08
2026-05-16T12:19:19,40.88,183.08
2026-05-16T12:19:24,36.8,160.18
2026-05-16T12:19:29,36.8,160.18
2026-05-16T12:19:34,32.52,142.41
2026-05-16T12:19:39,32.52,142.41
2026-05-16T12:19:44,28.57,127.16
2026-05-16T12:19:49,28.57,127.16
2026-05-16T12:19:54,23.99,106.14
2026-05-16T12:19:59,23.99,106.14
2026-05-16T12:20:04,19.53,85.27
2026-05-16T12:20:09,19.53,85.27
2026-05-16T12:20:14,15.25,66.12
2026-05-16T12:20:19,15.25,66.12
2026-05-16T12:20:24,11.0,47.79
2026-05-16T12:20:29,11.0,47.79
2026-05-16T12:20:34,7.14,29.19
2026-05-16T12:20:39,7.14,29.19
2026-05-16T12:20:44,3.06,10.18
2026-05-16T12:20:49,3.06,10.18
2026-05-16T12:20:54,0.56,1.15
2026-05-16T12:20:59,0.56,1.15
2026-05-16T12:21:04,0.2,0.25
2026-05-16T12:21:09,0.2,0.25
2026-05-16T12:21:14,0.11,0.14
2026-05-16T12:21:19,0.11,0.14
2026-05-16T12:21:24,0.11,0.17
2026-05-16T12:21:29,0.11,0.17
2026-05-16T12:21:34,0.13,0.19
2026-05-16T12:21:39,0.13,0.19
2026-05-16T12:21:44,0.14,0.14
2026-05-16T12:21:49,0.14,0.14
2026-05-16T12:21:54,0.11,0.12
2026-05-16T12:21:59,0.11,0.12
2026-05-16T12:22:04,0.18,0.24
2026-05-16T12:22:09,0.18,0.24
2026-05-16T12:22:14,0.32,0.38
2026-05-16T12:22:19,0.32,0.38
2026-05-16T12:22:24,0.24,0.25
2026-05-16T12:22:29,0.24,0.25
2026-05-16T12:22:34,0.11,0.12
2026-05-16T12:22:39,0.11,0.12
2026-05-16T12:22:44,0.21,0.67
2026-05-16T12:22:49,0.21,0.67
2026-05-16T12:22:54,0.85,2.31
2026-05-16T12:22:59,0.85,2.31
2026-05-16T12:23:04,1.36,3.39
2026-05-16T12:23:09,0.89,2.24
