timestamp,cpu_total_pct,mem_used_mb,mem_total_mb,pg_active,pg_idle,pg_cache_hit_ratio,pg_tps_delta,target_pid_cpu_pct,target_pid_mem_mb
2026-05-16T08:10:33,10.6,1319,7941,0,3,100.00,3,9.7,185.6
2026-05-16T08:10:38,7.4,1280,7941,0,3,100.00,16,5.3,187.6
2026-05-16T08:10:44,9.9,1232,7941,0,3,100.00,34,8.2,125.9
2026-05-16T08:10:49,8.6,1220,7941,0,3,100.00,43,6.6,131.7
2026-05-16T08:10:54,8.8,1226,7941,0,3,100.00,44,6.8,139.8
2026-05-16T08:10:59,10.5,1235,7941,0,4,100.00,72,8.5,143.3
2026-05-16T08:11:05,11.9,1246,7941,0,5,100.00,64,9.1,159.2
2026-05-16T08:11:10,11.3,1250,7941,0,5,100.00,96,9.2,163.1
2026-05-16T08:11:15,11.0,1249,7941,0,4,100.00,111,8.2,161.7
2026-05-16T08:11:20,12.1,1247,7941,0,4,100.00,101,9.4,161.8
2026-05-16T08:11:26,13.4,1246,7941,0,4,100.00,135,10.2,162.8
2026-05-16T08:11:31,12.8,1249,7941,0,4,100.00,141,10.1,163.1
2026-05-16T08:11:36,13.0,1248,7941,0,4,100.00,141,9.8,163.7
2026-05-16T08:11:41,14.9,1257,7941,0,5,100.00,144,11.3,167.5
2026-05-16T08:11:47,13.8,1257,7941,0,5,100.00,190,10.4,167.9
2026-05-16T08:11:52,14.6,1260,7941,0,5,100.00,146,11.3,168.0
2026-05-16T08:11:57,14.2,1247,7941,0,5,100.00,195,10.5,168.2
2026-05-16T08:12:02,16.8,1247,7941,0,4,100.00,219,13.2,168.3
2026-05-16T08:12:08,17.3,1251,7941,0,5,100.00,205,12.7,168.4
2026-05-16T08:12:13,17.0,1255,7941,0,5,100.00,239,12.8,168.5
2026-05-16T08:12:18,18.3,1253,7941,0,6,100.00,241,13.7,168.9
2026-05-16T08:12:23,20.9,1254,7941,0,6,100.00,255,15.8,169.3
2026-05-16T08:12:29,17.5,1253,7941,0,5,100.00,268,12.8,171.6
2026-05-16T08:12:34,19.8,1258,7941,0,5,100.00,282,14.5,172.1
2026-05-16T08:12:39,19.3,1260,7941,0,6,100.00,323,14.1,172.3
2026-05-16T08:12:45,20.8,1255,7941,0,6,100.00,267,15.4,172.6
2026-05-16T08:12:50,20.7,1257,7941,0,5,100.00,273,15.2,172.6
2026-05-16T08:12:55,22.0,1254,7941,0,5,100.00,388,16.4,172.8
2026-05-16T08:13:00,20.3,1259,7941,0,6,100.00,322,15.0,173.8
2026-05-16T08:13:06,29.4,1265,7941,0,7,100.00,339,22.6,177.1
2026-05-16T08:13:11,21.8,1269,7941,0,7,100.00,396,16.2,181.3
2026-05-16T08:13:16,25.3,1270,7941,0,6,100.00,385,18.3,185.4
2026-05-16T08:13:22,23.8,1276,7941,1,5,100.00,383,17.5,185.5
2026-05-16T08:13:27,24.7,1273,7941,0,6,100.00,390,17.9,192.6
2026-05-16T08:13:32,23.9,1284,7941,0,7,100.00,368,17.4,195.4
2026-05-16T08:13:38,24.3,1284,7941,0,6,100.00,423,17.5,199.5
2026-05-16T08:13:43,23.5,1287,7941,0,7,100.00,428,16.6,199.5
2026-05-16T08:13:48,24.7,1285,7941,0,7,100.00,428,17.9,199.7
2026-05-16T08:13:53,22.5,1283,7941,0,6,100.00,482,16.0,199.7
2026-05-16T08:13:59,24.8,1308,7941,0,7,100.00,498,17.8,218.5
2026-05-16T08:14:04,26.1,1337,7941,0,10,100.00,497,18.5,241.3
2026-05-16T08:14:09,26.7,1354,7941,0,10,100.00,481,19.6,255.9
2026-05-16T08:14:15,26.1,1347,7941,0,8,100.00,531,18.4,255.9
2026-05-16T08:14:20,28.0,1348,7941,0,7,100.00,485,20.4,256.0
2026-05-16T08:14:25,28.3,1352,7941,0,7,100.00,591,20.3,256.1
2026-05-16T08:14:31,26.4,1349,7941,0,7,100.00,476,18.9,256.1
2026-05-16T08:14:36,27.0,1353,7941,0,8,100.00,530,18.6,256.3
2026-05-16T08:14:41,27.5,1349,7941,0,8,100.00,621,19.8,256.3
2026-05-16T08:14:46,29.5,1236,7941,1,7,100.00,499,20.8,256.3
2026-05-16T08:14:52,31.8,1221,7941,0,8,100.00,621,22.1,256.4
2026-05-16T08:14:57,29.3,1243,7941,0,8,100.00,564,20.8,261.3
2026-05-16T08:15:02,33.8,1245,7941,1,10,100.00,630,26.3,261.4
2026-05-16T08:15:08,46.5,1243,7941,0,11,100.00,546,36.9,261.6
2026-05-16T08:15:13,37.1,1246,7941,0,11,100.00,627,26.8,261.6
2026-05-16T08:15:19,34.1,1232,7941,0,8,100.00,619,24.2,261.8
2026-05-16T08:15:24,37.0,1233,7941,0,9,100.00,720,25.9,261.9
2026-05-16T08:15:29,34.1,1232,7941,0,9,100.00,616,24.1,262.2
2026-05-16T08:15:35,34.2,1257,7941,0,10,100.00,685,23.1,284.2
2026-05-16T08:15:40,29.7,1257,7941,0,10,100.00,696,18.6,284.2
2026-05-16T08:15:45,29.2,1254,7941,1,7,100.00,686,18.9,284.2
2026-05-16T08:15:51,29.1,1257,7941,0,8,100.00,748,19.1,284.4
2026-05-16T08:15:56,30.1,1265,7941,1,8,100.00,657,19.7,292.8
2026-05-16T08:16:01,28.4,1267,7941,1,8,100.00,703,18.4,292.8
2026-05-16T08:16:07,32.7,1274,7941,0,9,100.00,718,21.2,292.8
2026-05-16T08:16:12,28.6,1274,7941,1,8,100.00,646,19.0,292.8
2026-05-16T08:16:17,30.3,1273,7941,0,9,100.00,663,19.6,293.0
2026-05-16T08:16:23,30.4,1269,7941,0,9,100.00,780,19.7,293.0
2026-05-16T08:16:28,29.4,1267,7941,0,9,100.00,613,19.1,293.0
2026-05-16T08:16:33,29.5,1262,7941,0,8,100.00,709,19.4,293.0
2026-05-16T08:16:39,28.2,1268,7941,1,7,100.00,701,18.4,293.0
2026-05-16T08:16:44,26.0,1270,7941,0,8,100.00,686,16.7,293.1
2026-05-16T08:16:49,29.7,1267,7941,0,9,100.00,654,19.4,293.1
2026-05-16T08:16:54,27.4,1267,7941,0,8,100.00,665,17.9,293.3
2026-05-16T08:17:00,29.0,1271,7941,1,8,100.00,738,19.1,293.3
2026-05-16T08:17:05,32.4,1276,7941,1,8,100.00,704,20.8,293.3
2026-05-16T08:17:10,29.5,1272,7941,0,9,100.00,601,19.4,293.3
2026-05-16T08:17:16,30.3,1272,7941,0,9,100.00,748,19.5,293.3
2026-05-16T08:17:21,27.8,1273,7941,0,8,100.00,722,18.1,293.3
2026-05-16T08:17:26,27.7,1276,7941,0,9,100.00,602,17.6,293.3
2026-05-16T08:17:32,30.9,1274,7941,0,9,100.00,710,20.4,293.3
2026-05-16T08:17:37,26.5,1268,7941,0,8,100.00,649,16.9,293.3
2026-05-16T08:17:42,24.5,1274,7941,1,8,100.00,685,15.2,293.3
2026-05-16T08:17:47,25.1,1274,7941,1,8,100.00,724,15.5,293.3
2026-05-16T08:17:53,23.6,1275,7941,0,9,100.00,579,15.4,293.3
2026-05-16T08:17:58,25.3,1272,7941,0,9,100.00,759,16.4,293.3
2026-05-16T08:18:03,29.7,1273,7941,0,9,100.00,734,19.3,293.3
2026-05-16T08:18:09,25.2,1276,7941,0,9,100.00,659,16.2,293.3
2026-05-16T08:18:14,25.5,1268,7941,0,8,100.00,753,16.5,293.3
2026-05-16T08:18:19,23.9,1267,7941,0,8,100.00,577,15.7,293.3
2026-05-16T08:18:24,27.2,1271,7941,0,8,100.00,764,17.4,293.3
2026-05-16T08:18:30,26.8,1271,7941,1,7,100.00,706,17.9,293.3
2026-05-16T08:18:35,24.1,1270,7941,0,8,100.00,609,15.4,293.3
2026-05-16T08:18:40,25.8,1265,7941,0,8,100.00,762,16.4,293.3
2026-05-16T08:18:46,24.8,1267,7941,0,8,100.00,655,16.0,293.3
2026-05-16T08:18:51,23.9,1272,7941,0,9,100.00,682,15.9,293.3
2026-05-16T08:18:56,26.2,1269,7941,0,9,100.00,690,16.8,293.3
2026-05-16T08:19:01,24.8,1263,7941,0,8,100.00,743,16.2,293.3
2026-05-16T08:19:07,31.6,1271,7941,0,11,100.00,598,21.4,293.3
2026-05-16T08:19:12,24.8,1270,7941,0,10,100.00,736,16.4,293.3
2026-05-16T08:19:17,24.3,1264,7941,0,8,100.00,646,15.4,293.3
2026-05-16T08:19:23,26.0,1269,7941,0,8,100.00,728,16.9,293.3
2026-05-16T08:19:28,25.1,1268,7941,0,8,100.00,727,16.1,293.3
2026-05-16T08:19:33,25.2,1278,7941,0,8,100.00,604,16.6,293.3
2026-05-16T08:19:38,24.6,1264,7941,0,8,100.00,779,15.6,293.3
2026-05-16T08:19:44,23.4,1265,7941,0,8,100.00,564,14.4,293.3
2026-05-16T08:19:49,22.1,1265,7941,0,8,100.00,713,14.1,293.4
2026-05-16T08:19:54,22.1,1266,7941,0,8,100.00,745,14.6,293.4
2026-05-16T08:19:59,21.4,1274,7941,0,7,100.00,607,13.6,293.4
2026-05-16T08:20:05,34.0,1270,7941,0,10,100.00,675,22.9,293.7
2026-05-16T08:20:10,30.4,1267,7941,0,10,100.00,633,20.3,293.7
2026-05-16T08:20:16,26.1,1268,7941,0,9,100.00,688,16.9,293.9
2026-05-16T08:20:21,26.8,1268,7941,0,8,100.00,671,17.2,294.0
2026-05-16T08:20:26,24.2,1270,7941,0,8,100.00,708,15.4,294.0
2026-05-16T08:20:31,21.6,1266,7941,0,7,100.00,710,14.1,294.0
2026-05-16T08:20:37,24.5,1269,7941,0,8,100.00,698,15.7,294.0
2026-05-16T08:20:42,21.7,1271,7941,0,8,100.00,553,14.5,294.0
2026-05-16T08:20:47,23.4,1265,7941,0,7,100.00,757,14.8,294.0
2026-05-16T08:20:52,23.8,1265,7941,1,6,100.00,748,15.2,294.0
2026-05-16T08:20:57,22.4,1274,7941,0,9,100.00,591,14.3,294.0
2026-05-16T08:21:03,27.0,1272,7941,0,9,100.00,767,17.4,294.0
2026-05-16T08:21:08,24.5,1266,7941,0,7,100.00,682,15.5,294.0
2026-05-16T08:21:13,22.4,1270,7941,0,9,100.00,588,14.5,294.0
2026-05-16T08:21:19,24.4,1281,7941,0,9,100.00,696,15.7,294.0
2026-05-16T08:21:24,23.6,1277,7941,0,9,100.00,725,15.5,294.0
2026-05-16T08:21:29,23.3,1270,7941,1,6,100.00,711,14.9,294.0
2026-05-16T08:21:34,25.4,1274,7941,0,9,100.00,716,16.4,294.0
2026-05-16T08:21:40,21.7,1269,7941,0,8,100.00,592,14.1,294.0
2026-05-16T08:21:45,23.8,1276,7941,0,8,100.00,722,15.4,294.0
2026-05-16T08:21:50,22.2,1273,7941,0,9,100.00,715,14.4,294.0
2026-05-16T08:21:55,22.6,1271,7941,0,9,100.00,667,14.6,294.0
2026-05-16T08:22:01,22.2,1267,7941,0,8,100.00,706,14.4,294.0
2026-05-16T08:22:06,24.4,1267,7941,0,8,100.00,665,15.8,294.0
2026-05-16T08:22:11,22.1,1267,7941,0,7,100.00,712,14.2,294.0
2026-05-16T08:22:16,24.4,1266,7941,1,6,100.00,746,15.7,294.0
2026-05-16T08:22:22,22.3,1273,7941,1,6,100.00,569,14.4,294.0
2026-05-16T08:22:27,22.6,1269,7941,0,7,100.00,706,14.4,294.0
2026-05-16T08:22:32,24.2,1275,7941,0,8,100.00,735,15.8,294.0
2026-05-16T08:22:37,22.1,1275,7941,0,8,100.00,694,14.2,294.0
2026-05-16T08:22:43,23.0,1267,7941,0,7,100.00,630,14.5,294.0
2026-05-16T08:22:48,21.5,1273,7941,0,7,100.00,655,13.8,294.0
2026-05-16T08:22:53,21.8,1270,7941,1,6,100.00,661,14.2,294.0
2026-05-16T08:22:58,25.3,1274,7941,0,7,100.00,812,16.6,294.0
2026-05-16T08:23:04,23.9,1279,7941,1,7,100.00,592,15.6,294.0
2026-05-16T08:23:09,24.3,1269,7941,0,8,100.00,697,15.7,294.0
2026-05-16T08:23:14,25.3,1267,7941,0,7,100.00,724,16.2,294.0
2026-05-16T08:23:19,24.2,1268,7941,0,7,100.00,671,15.6,294.0
2026-05-16T08:23:25,26.3,1275,7941,0,8,100.00,627,16.7,294.0
2026-05-16T08:23:30,23.8,1283,7941,0,8,100.00,695,15.4,294.0
2026-05-16T08:23:35,24.0,1269,7941,0,8,100.00,673,15.6,294.0
2026-05-16T08:23:40,24.9,1270,7941,0,8,100.00,785,15.8,294.0
2026-05-16T08:23:46,22.1,1270,7941,1,6,100.00,578,13.9,294.0
2026-05-16T08:23:51,21.0,1279,7941,0,7,100.00,790,13.7,294.0
2026-05-16T08:23:56,20.4,1267,7941,0,7,100.00,656,13.1,294.0
2026-05-16T08:24:01,23.0,1269,7941,0,8,100.00,685,14.9,294.0
2026-05-16T08:24:07,28.0,1269,7941,0,8,100.00,736,18.1,294.0
2026-05-16T08:24:12,21.3,1271,7941,1,7,100.00,627,13.9,294.0
2026-05-16T08:24:17,22.5,1271,7941,1,6,100.00,640,14.6,294.0
2026-05-16T08:24:23,24.6,1271,7941,0,7,100.00,741,16.2,294.1
2026-05-16T08:24:28,21.5,1272,7941,0,7,100.00,666,14.1,294.1
2026-05-16T08:24:33,23.4,1263,7941,0,7,100.00,737,15.3,294.2
2026-05-16T08:24:38,21.7,1267,7941,0,7,100.00,614,13.6,294.2
2026-05-16T08:24:43,20.7,1280,7941,0,9,100.00,650,13.5,294.2
2026-05-16T08:24:49,21.9,1271,7941,0,9,100.00,739,13.7,294.2
2026-05-16T08:24:54,22.8,1270,7941,0,8,100.00,629,14.4,294.2
2026-05-16T08:24:59,23.5,1269,7941,0,7,100.00,751,15.3,294.2
2026-05-16T08:25:04,33.7,1272,7941,0,11,100.00,603,22.1,294.2
2026-05-16T08:25:10,23.9,1280,7941,0,11,100.00,659,15.2,294.2
2026-05-16T08:25:15,25.1,1269,7941,0,8,100.00,689,16.6,294.2
2026-05-16T08:25:20,24.1,1266,7941,0,8,100.00,736,15.8,294.2
2026-05-16T08:25:26,24.8,1269,7941,0,8,100.00,609,16.2,294.2
2026-05-16T08:25:31,24.2,1267,7941,0,7,100.00,687,15.8,294.2
2026-05-16T08:25:36,25.4,1280,7941,0,11,100.00,634,16.8,294.2
2026-05-16T08:25:41,26.4,1277,7941,1,10,100.00,718,16.9,294.2
2026-05-16T08:25:46,25.1,1262,7941,0,8,100.00,716,16.2,294.5
2026-05-16T08:25:52,26.4,1279,7941,0,11,100.00,682,16.8,294.5
2026-05-16T08:25:57,27.0,1276,7941,0,11,100.00,748,17.5,294.5
2026-05-16T08:26:02,27.0,1268,7941,0,8,100.00,609,17.6,294.5
2026-05-16T08:26:08,30.3,1268,7941,0,9,100.00,770,19.8,294.5
2026-05-16T08:26:13,25.9,1274,7941,1,8,100.00,645,17.4,294.5
2026-05-16T08:26:18,26.8,1270,7941,0,8,100.00,662,16.2,294.5
2026-05-16T08:26:23,26.5,1267,7941,0,7,100.00,691,17.1,294.5
2026-05-16T08:26:29,24.4,1269,7941,1,6,100.00,749,16.0,294.5
2026-05-16T08:26:34,28.6,1266,7941,0,9,100.00,663,18.5,294.5
2026-05-16T08:26:39,25.2,1271,7941,0,9,100.00,629,16.1,294.5
2026-05-16T08:26:44,25.7,1262,7941,0,7,100.00,744,16.3,294.6
2026-05-16T08:26:50,24.7,1263,7941,0,7,100.00,706,16.2,294.6
2026-05-16T08:26:55,26.4,1262,7941,2,6,100.00,650,16.8,294.6
2026-05-16T08:27:00,26.6,1267,7941,0,8,100.00,712,17.1,294.6
2026-05-16T08:27:06,32.0,1272,7941,1,7,100.00,689,21.2,294.6
2026-05-16T08:27:11,27.6,1271,7941,0,8,100.00,692,18.4,294.6
2026-05-16T08:27:16,26.4,1273,7941,0,7,100.00,700,16.8,294.6
2026-05-16T08:27:21,26.2,1271,7941,0,8,100.00,658,16.9,294.6
2026-05-16T08:27:27,25.7,1274,7941,0,8,100.00,621,16.8,294.6
2026-05-16T08:27:32,25.2,1264,7941,0,8,100.00,724,16.4,294.6
2026-05-16T08:27:37,24.3,1261,7941,1,6,100.00,669,15.4,294.6
2026-05-16T08:27:43,27.1,1269,7941,0,8,100.00,691,17.3,294.6
2026-05-16T08:27:48,27.8,1270,7941,0,8,100.00,727,17.8,294.6
2026-05-16T08:27:53,27.1,1276,7941,0,8,100.00,661,17.8,294.6
2026-05-16T08:27:58,28.4,1278,7941,0,8,100.00,794,18.1,294.6
2026-05-16T08:28:04,31.0,1274,7941,1,9,100.00,590,20.5,294.6
2026-05-16T08:28:09,27.7,1270,7941,0,9,100.00,674,17.8,294.6
2026-05-16T08:28:14,30.2,1260,7941,0,8,100.00,711,19.9,294.6
2026-05-16T08:28:20,26.7,1263,7941,0,8,100.00,648,17.6,294.6
2026-05-16T08:28:25,28.0,1265,7941,0,9,100.00,701,17.9,294.6
2026-05-16T08:28:30,26.4,1269,7941,0,9,100.00,670,17.0,294.6
2026-05-16T08:28:35,29.2,1269,7941,0,9,100.00,698,19.2,294.6
2026-05-16T08:28:41,28.0,1273,7941,0,8,100.00,724,18.4,294.6
2026-05-16T08:28:46,27.7,1262,7941,0,8,100.00,671,17.9,294.6
2026-05-16T08:28:51,28.9,1268,7941,0,9,100.00,659,18.6,294.6
2026-05-16T08:28:57,28.3,1271,7941,1,9,100.00,724,18.2,294.6
2026-05-16T08:29:02,28.6,1276,7941,1,8,100.00,660,19.2,294.6
2026-05-16T08:29:07,32.5,1271,7941,0,8,100.00,703,21.3,294.6
2026-05-16T08:29:13,27.7,1271,7941,0,8,100.00,759,18.0,294.6
2026-05-16T08:29:18,27.2,1265,7941,1,7,100.00,617,17.5,294.6
2026-05-16T08:29:23,29.6,1267,7941,2,6,100.00,732,19.1,294.6
2026-05-16T08:29:29,26.8,1262,7941,1,7,100.00,692,17.5,294.7
2026-05-16T08:29:34,28.7,1258,7941,0,7,100.00,647,18.6,294.7
2026-05-16T08:29:39,28.8,1264,7941,1,7,100.00,703,18.6,294.7
2026-05-16T08:29:45,32.0,1262,7941,0,8,100.00,729,20.9,294.7
2026-05-16T08:29:50,29.4,1268,7941,0,10,100.00,686,19.2,294.7
2026-05-16T08:29:55,30.9,1265,7941,0,10,100.00,700,20.0,294.7
2026-05-16T08:30:01,31.2,1272,7941,0,9,100.00,689,20.7,294.7
2026-05-16T08:30:06,37.4,1279,7941,2,8,100.00,476,28.2,294.7
2026-05-16T08:30:12,40.9,1279,7941,0,11,100.00,677,28.2,294.7
2026-05-16T08:30:17,39.6,1271,7941,0,11,100.00,635,26.7,294.7
2026-05-16T08:30:23,36.3,1274,7941,1,10,100.00,714,24.1,294.7
2026-05-16T08:30:28,38.6,1271,7941,0,10,100.00,708,24.9,294.8
2026-05-16T08:30:34,33.1,1266,7941,0,10,100.00,615,22.1,294.8
2026-05-16T08:30:39,34.9,1261,7941,0,8,100.00,687,23.1,294.8
2026-05-16T08:30:44,34.2,1265,7941,1,8,100.00,756,21.9,294.9
2026-05-16T08:30:50,29.9,1266,7941,0,9,100.00,630,19.8,294.9
2026-05-16T08:30:55,32.3,1270,7941,0,8,100.00,740,20.8,294.9
2026-05-16T08:31:00,30.9,1269,7941,0,9,100.00,636,20.4,294.9
2026-05-16T08:31:06,34.6,1274,7941,0,9,100.00,691,22.4,294.9
2026-05-16T08:31:11,36.1,1280,7941,0,11,100.00,753,23.6,294.9
2026-05-16T08:31:16,28.7,1270,7941,1,10,100.00,598,18.4,294.9
2026-05-16T08:31:22,33.0,1269,7941,0,10,100.00,755,21.8,294.9
2026-05-16T08:31:27,30.1,1271,7941,1,9,100.00,668,19.7,294.9
2026-05-16T08:31:32,31.6,1259,7941,0,8,100.00,661,20.6,294.9
2026-05-16T08:31:38,34.6,1264,7941,0,8,100.00,746,22.7,295.9
2026-05-16T08:31:43,33.8,1271,7941,0,9,100.00,670,22.4,295.9
2026-05-16T08:31:48,31.5,1269,7941,0,9,100.00,744,20.4,295.9
2026-05-16T08:31:54,31.5,1266,7941,0,9,100.00,689,20.5,295.9
2026-05-16T08:31:59,31.1,1266,7941,1,7,100.00,663,20.1,296.0
2026-05-16T08:32:04,36.8,1267,7941,0,11,100.00,648,24.5,296.1
2026-05-16T08:32:10,31.2,1273,7941,0,11,100.00,633,20.5,296.1
2026-05-16T08:32:15,31.5,1270,7941,0,10,100.00,755,20.4,296.1
2026-05-16T08:32:20,31.7,1285,7941,1,9,100.00,697,20.9,296.1
2026-05-16T08:32:26,32.1,1267,7941,0,10,100.00,657,20.9,296.1
2026-05-16T08:32:31,29.8,1270,7941,1,9,100.00,741,19.2,296.1
2026-05-16T08:32:36,33.1,1263,7941,0,8,100.00,680,21.8,296.1
2026-05-16T08:32:42,30.9,1269,7941,0,9,100.00,664,20.3,296.1
2026-05-16T08:32:47,32.1,1271,7941,0,9,100.00,703,20.6,296.1
2026-05-16T08:32:52,32.3,1272,7941,0,9,100.00,684,21.4,296.1
2026-05-16T08:32:58,29.8,1278,7941,0,9,100.00,722,19.1,296.1
2026-05-16T08:33:03,34.0,1278,7941,0,9,100.00,672,22.7,296.1
2026-05-16T08:33:08,33.0,1273,7941,0,10,100.00,609,21.9,296.1
2026-05-16T08:33:14,30.4,1271,7941,0,9,100.00,765,19.7,296.1
2026-05-16T08:33:19,31.6,1268,7941,0,9,100.00,613,20.3,296.1
2026-05-16T08:33:24,33.2,1264,7941,0,9,100.00,725,21.1,296.1
2026-05-16T08:33:30,31.7,1269,7941,0,9,100.00,678,21.1,296.1
2026-05-16T08:33:35,31.5,1264,7941,0,8,100.00,686,20.6,296.1
2026-05-16T08:33:41,34.7,1273,7941,0,9,100.00,733,22.5,296.1
2026-05-16T08:33:46,34.4,1275,7941,0,11,100.00,612,22.1,296.3
2026-05-16T08:33:51,33.2,1266,7941,0,10,100.00,731,21.9,296.3
2026-05-16T08:33:57,35.6,1267,7941,0,10,100.00,727,23.4,296.3
2026-05-16T08:34:02,33.2,1272,7941,1,9,100.00,669,22.1,296.3
2026-05-16T08:34:08,37.6,1271,7941,0,10,100.00,691,24.8,296.3
2026-05-16T08:34:13,34.6,1268,7941,0,9,100.00,686,22.9,296.3
2026-05-16T08:34:18,32.6,1271,7941,0,9,100.00,680,21.1,296.3
2026-05-16T08:34:24,34.4,1277,7941,0,10,100.00,729,22.4,296.3
2026-05-16T08:34:29,32.3,1273,7941,1,9,100.00,654,21.1,296.3
2026-05-16T08:34:35,37.3,1276,7941,0,10,100.00,732,24.2,296.3
2026-05-16T08:34:40,35.0,1268,7941,0,10,100.00,632,22.7,296.3
2026-05-16T08:34:45,34.3,1266,7941,0,9,100.00,721,22.6,296.3
2026-05-16T08:34:51,31.5,1268,7941,0,10,100.00,670,20.5,296.3
2026-05-16T08:34:56,32.0,1276,7941,0,10,100.00,665,20.6,296.3
2026-05-16T08:35:01,32.6,1270,7941,2,8,100.00,733,21.8,296.3
2026-05-16T08:35:07,41.8,1270,7941,0,11,100.00,561,29.3,296.3
2026-05-16T08:35:13,33.9,1271,7941,1,10,100.00,613,22.6,297.4
2026-05-16T08:35:18,26.6,1271,7941,0,8,100.00,703,17.2,297.4
2026-05-16T08:35:23,31.4,1272,7941,0,8,100.00,698,20.5,297.4
2026-05-16T08:35:29,28.7,1263,7941,1,7,100.00,684,18.2,297.4
2026-05-16T08:35:34,31.1,1274,7941,0,9,100.00,709,20.4,297.4
2026-05-16T08:35:39,29.0,1278,7941,1,8,100.00,683,18.9,297.4
2026-05-16T08:35:44,27.3,1269,7941,2,7,100.00,652,17.4,297.5
2026-05-16T08:35:50,27.9,1273,7941,0,8,100.00,757,18.1,297.5
2026-05-16T08:35:55,29.6,1272,7941,0,8,100.00,692,19.1,297.5
2026-05-16T08:36:00,29.6,1278,7941,0,8,100.00,672,19.3,297.5
2026-05-16T08:36:06,34.9,1269,7941,0,9,100.00,595,22.9,297.5
2026-05-16T08:36:11,30.0,1275,7941,0,9,100.00,773,19.5,297.5
2026-05-16T08:36:16,30.0,1273,7941,0,8,100.00,700,19.6,297.5
2026-05-16T08:36:22,28.7,1276,7941,0,8,100.00,706,18.6,297.5
2026-05-16T08:36:27,29.2,1268,7941,0,8,100.00,688,18.8,297.5
2026-05-16T08:36:32,29.2,1268,7941,1,7,100.00,651,18.9,297.5
2026-05-16T08:36:38,29.9,1276,7941,1,7,100.00,727,19.7,297.5
2026-05-16T08:36:43,28.8,1280,7941,0,9,100.00,673,18.6,297.5
2026-05-16T08:36:48,30.4,1269,7941,0,9,100.00,693,19.0,297.5
2026-05-16T08:36:53,28.5,1263,7941,0,8,100.00,633,18.6,297.5
2026-05-16T08:36:59,27.5,1271,7941,0,8,100.00,747,17.9,297.5
2026-05-16T08:37:04,30.1,1271,7941,1,7,100.00,719,19.7,297.5
2026-05-16T08:37:09,29.3,1265,7941,0,9,100.00,679,18.9,297.5
2026-05-16T08:37:15,25.5,1271,7941,0,9,100.00,656,16.4,297.5
2026-05-16T08:37:20,25.4,1270,7941,0,11,100.00,706,16.2,297.5
2026-05-16T08:37:25,24.7,1276,7941,0,11,100.00,616,16.2,297.5
2026-05-16T08:37:30,23.8,1265,7941,0,8,100.00,695,15.3,297.5
2026-05-16T08:37:36,23.2,1261,7941,1,6,100.00,702,14.9,297.5
2026-05-16T08:37:41,24.1,1271,7941,0,7,100.00,660,15.8,297.5
2026-05-16T08:37:46,25.9,1271,7941,0,8,100.00,716,17.0,297.5
2026-05-16T08:37:51,22.9,1270,7941,1,7,100.00,691,15.0,297.5
2026-05-16T08:37:57,26.3,1271,7941,1,8,100.00,658,16.8,297.5
2026-05-16T08:38:02,25.6,1272,7941,1,8,100.00,742,16.9,297.5
2026-05-16T08:38:07,25.1,1269,7941,0,9,100.00,532,16.2,297.5
2026-05-16T08:38:12,23.5,1267,7941,0,7,100.00,768,15.0,297.5
2026-05-16T08:38:18,24.1,1270,7941,0,7,100.00,644,15.8,297.5
2026-05-16T08:38:23,25.0,1268,7941,0,7,100.00,702,16.2,297.5
2026-05-16T08:38:28,23.8,1264,7941,0,7,100.00,747,14.9,297.5
2026-05-16T08:38:33,23.6,1269,7941,0,7,100.00,605,15.3,297.5
2026-05-16T08:38:39,27.8,1267,7941,0,8,100.00,757,17.5,297.5
2026-05-16T08:38:44,24.7,1271,7941,0,8,100.00,654,16.0,297.5
2026-05-16T08:38:49,21.8,1272,7941,0,7,100.00,685,14.2,297.5
2026-05-16T08:38:55,25.2,1265,7941,0,8,100.00,617,16.0,297.5
2026-05-16T08:39:00,23.1,1271,7941,0,8,100.00,752,14.6,297.5
2026-05-16T08:39:05,35.6,1270,7941,1,10,100.00,674,23.4,297.5
2026-05-16T08:39:10,27.8,1274,7941,0,11,100.00,605,18.5,297.5
2026-05-16T08:39:16,24.3,1267,7941,0,7,100.00,741,15.3,297.5
2026-05-16T08:39:21,23.8,1266,7941,0,7,100.00,751,15.2,297.5
2026-05-16T08:39:26,24.3,1268,7941,0,9,100.00,630,15.5,297.5
2026-05-16T08:39:32,24.1,1266,7941,0,8,100.00,647,16.2,297.5
2026-05-16T08:39:37,26.7,1266,7941,0,8,100.00,740,17.4,297.5
2026-05-16T08:39:42,24.6,1265,7941,0,8,100.00,623,15.6,297.5
2026-05-16T08:39:47,24.7,1268,7941,0,7,100.00,714,16.0,297.5
2026-05-16T08:39:53,23.6,1268,7941,0,8,100.00,709,15.4,297.5
2026-05-16T08:39:58,24.9,1265,7941,0,8,100.00,647,16.0,297.5
2026-05-16T08:40:03,31.2,1274,7941,0,10,100.00,747,21.2,297.5
2026-05-16T08:40:09,34.9,1271,7941,0,10,100.00,633,23.7,297.5
2026-05-16T08:40:14,29.5,1274,7941,1,7,100.00,660,19.3,297.5
2026-05-16T08:40:19,31.2,1276,7941,0,9,100.00,732,20.2,297.5
2026-05-16T08:40:25,27.7,1274,7941,0,9,100.00,674,18.4,297.5
2026-05-16T08:40:30,25.0,1267,7941,1,6,100.00,718,16.1,297.5
2026-05-16T08:40:35,26.2,1261,7941,1,5,100.00,651,16.9,297.5
2026-05-16T08:40:40,26.5,1270,7941,0,8,100.00,688,17.2,297.5
2026-05-16T08:40:46,28.1,1267,7941,0,8,100.00,743,18.1,297.5
2026-05-16T08:40:51,25.3,1267,7941,0,8,100.00,612,16.4,297.5
2026-05-16T08:40:56,27.7,1270,7941,0,9,100.00,688,17.3,297.5
2026-05-16T08:41:02,25.4,1273,7941,0,9,100.00,720,16.3,297.5
2026-05-16T08:41:07,27.3,1268,7941,0,8,100.00,692,18.1,297.5
2026-05-16T08:41:12,27.0,1269,7941,0,8,100.00,642,17.9,297.5
2026-05-16T08:41:17,23.9,1270,7941,1,7,100.00,774,15.3,297.5
2026-05-16T08:41:23,25.4,1267,7941,1,8,100.00,543,16.4,297.5
2026-05-16T08:41:28,24.6,1272,7941,0,9,100.00,733,15.9,297.5
2026-05-16T08:41:33,23.1,1265,7941,0,7,100.00,677,14.8,297.5
2026-05-16T08:41:38,25.5,1266,7941,0,8,100.00,757,16.5,297.5
2026-05-16T08:41:44,24.9,1275,7941,0,8,100.00,716,16.1,297.5
2026-05-16T08:41:49,23.0,1270,7941,0,7,100.00,643,14.6,297.5
2026-05-16T08:41:54,26.0,1266,7941,0,8,100.00,676,16.8,297.5
2026-05-16T08:41:59,23.9,1268,7941,0,8,100.00,673,15.7,297.5
2026-05-16T08:42:05,32.0,1267,7941,0,9,100.00,658,21.2,297.5
2026-05-16T08:42:10,24.9,1265,7941,0,9,100.00,726,16.4,297.5
2026-05-16T08:42:15,23.6,1264,7941,0,8,100.00,652,15.2,297.5
2026-05-16T08:42:21,25.5,1272,7941,0,9,100.00,727,16.4,297.5
2026-05-16T08:42:26,25.2,1271,7941,0,9,100.00,612,16.2,297.5
2026-05-16T08:42:31,23.2,1265,7941,1,6,100.00,742,15.0,297.5
2026-05-16T08:42:36,26.0,1269,7941,0,8,100.00,705,16.6,297.5
2026-05-16T08:42:42,26.7,1268,7941,1,7,100.00,681,17.4,297.5
2026-05-16T08:42:47,26.0,1270,7941,1,7,100.00,697,17.1,297.5
2026-05-16T08:42:52,28.0,1272,7941,2,9,100.00,643,17.5,297.5
2026-05-16T08:42:58,26.4,1277,7941,0,11,100.00,679,17.1,297.5
2026-05-16T08:43:03,29.0,1270,7941,0,10,100.00,717,18.9,297.5
2026-05-16T08:43:08,30.5,1267,7941,0,10,100.00,657,19.7,297.5
2026-05-16T08:43:13,28.0,1274,7941,0,9,100.00,703,18.7,297.5
2026-05-16T08:43:19,28.3,1267,7941,0,9,100.00,722,17.6,297.5
2026-05-16T08:43:24,28.6,1267,7941,0,8,100.00,640,18.3,297.5
2026-05-16T08:43:29,26.9,1266,7941,0,7,100.00,746,17.8,297.5
2026-05-16T08:43:35,30.0,1277,7941,1,8,100.00,655,19.5,297.5
2026-05-16T08:43:40,26.0,1278,7941,0,9,100.00,703,16.7,297.5
2026-05-16T08:43:45,32.1,1273,7941,1,8,100.00,700,20.6,297.5
2026-05-16T08:43:51,27.9,1266,7941,0,9,100.00,615,17.9,297.5
2026-05-16T08:43:56,29.2,1275,7941,0,9,100.00,698,19.0,297.5
2026-05-16T08:44:01,31.1,1273,7941,0,9,100.00,705,20.2,297.6
2026-05-16T08:44:06,31.3,1272,7941,1,9,100.00,729,20.1,297.6
2026-05-16T08:44:12,30.4,1275,7941,0,10,100.00,613,20.1,297.6
2026-05-16T08:44:17,30.1,1271,7941,0,9,100.00,743,19.6,297.6
2026-05-16T08:44:22,29.6,1271,7941,0,9,100.00,637,19.6,297.6
2026-05-16T08:44:28,29.7,1269,7941,0,9,100.00,783,19.4,297.6
2026-05-16T08:44:33,28.8,1269,7941,0,9,100.00,635,18.9,297.6
2026-05-16T08:44:38,29.2,1273,7941,2,7,100.00,656,19.6,297.6
2026-05-16T08:44:44,31.1,1273,7941,0,9,100.00,739,20.6,297.6
2026-05-16T08:44:49,27.9,1274,7941,0,9,100.00,665,17.8,297.6
2026-05-16T08:44:54,27.4,1265,7941,0,8,100.00,712,17.3,297.6
2026-05-16T08:44:59,25.4,1271,7941,0,9,100.00,618,16.6,297.6
2026-05-16T08:45:05,36.4,1272,7941,0,10,100.00,626,25.4,298.0
2026-05-16T08:45:10,33.8,1269,7941,0,10,100.00,708,22.4,298.0
2026-05-16T08:45:16,29.2,1267,7941,0,9,100.00,665,18.9,298.0
2026-05-16T08:45:21,33.1,1282,7941,2,9,100.00,708,21.8,298.0
2026-05-16T08:45:26,33.3,1272,7941,0,11,100.00,673,22.1,298.0
2026-05-16T08:45:32,29.6,1264,7941,0,8,100.00,630,19.4,298.0
2026-05-16T08:45:37,30.3,1271,7941,0,9,100.00,734,19.7,298.0
2026-05-16T08:45:42,26.4,1272,7941,0,9,100.00,631,17.2,298.0
2026-05-16T08:45:47,26.8,1269,7941,0,8,100.00,664,17.2,298.0
2026-05-16T08:45:53,27.4,1265,7941,0,8,100.00,809,17.8,298.0
2026-05-16T08:45:58,27.1,1279,7941,0,8,100.00,612,17.3,298.0
2026-05-16T08:46:03,33.5,1274,7941,0,11,100.00,705,21.5,298.0
2026-05-16T08:46:09,31.4,1273,7941,0,11,100.00,717,20.6,298.0
2026-05-16T08:46:14,30.3,1272,7941,0,9,100.00,682,19.4,298.0
2026-05-16T08:46:19,30.6,1279,7941,0,9,100.00,714,20.1,298.0
2026-05-16T08:46:25,28.2,1269,7941,0,8,100.00,666,18.4,298.0
2026-05-16T08:46:30,29.1,1269,7941,0,8,100.00,717,18.8,298.0
2026-05-16T08:46:35,30.5,1271,7941,1,7,100.00,716,19.5,298.0
2026-05-16T08:46:41,27.6,1268,7941,0,8,100.00,612,18.1,298.0
2026-05-16T08:46:46,30.0,1268,7941,1,7,100.00,755,19.7,298.0
2026-05-16T08:46:51,30.2,1268,7941,0,8,100.00,687,19.6,298.0
2026-05-16T08:46:57,30.1,1271,7941,1,8,100.00,654,20.0,298.0
2026-05-16T08:47:02,30.4,1271,7941,1,8,100.00,780,20.3,298.0
2026-05-16T08:47:07,29.1,1276,7941,0,9,100.00,598,19.1,298.0
2026-05-16T08:47:13,26.2,1276,7941,1,7,100.00,700,16.8,298.0
2026-05-16T08:47:18,29.2,1273,7941,0,8,100.00,651,18.9,298.0
2026-05-16T08:47:23,28.6,1271,7941,0,8,100.00,722,18.4,298.0
2026-05-16T08:47:28,27.3,1266,7941,0,8,100.00,771,17.8,298.0
2026-05-16T08:47:34,26.5,1274,7941,0,8,100.00,610,17.1,298.0
2026-05-16T08:47:39,29.4,1274,7941,1,7,100.00,678,19.0,298.0
2026-05-16T08:47:44,28.3,1276,7941,0,9,100.00,685,18.3,298.0
2026-05-16T08:47:50,24.6,1281,7941,0,9,100.00,673,15.9,298.0
2026-05-16T08:47:55,28.4,1276,7941,0,9,100.00,675,18.1,298.0
2026-05-16T08:48:00,28.4,1270,7941,0,8,100.00,697,18.9,298.0
2026-05-16T08:48:05,32.2,1271,7941,0,11,100.00,689,21.7,298.0
2026-05-16T08:48:11,26.4,1278,7941,0,11,100.00,721,16.7,298.0
2026-05-16T08:48:16,24.5,1261,7941,0,7,100.00,632,15.2,298.0
2026-05-16T08:48:21,28.3,1265,7941,0,8,100.00,747,18.2,298.0
2026-05-16T08:48:26,25.9,1267,7941,0,8,100.00,673,16.7,298.0
2026-05-16T08:48:32,25.1,1272,7941,0,8,100.00,660,16.7,298.0
2026-05-16T08:48:37,27.7,1266,7941,0,8,100.00,764,17.3,298.0
2026-05-16T08:48:42,25.0,1268,7941,0,8,100.00,555,16.7,298.0
2026-05-16T08:48:47,25.1,1269,7941,0,8,100.00,726,16.2,298.0
2026-05-16T08:48:53,26.3,1264,7941,0,8,100.00,710,16.9,298.0
2026-05-16T08:48:58,26.0,1273,7941,0,8,100.00,632,16.9,298.0
2026-05-16T08:49:03,32.7,1277,7941,0,10,100.00,759,21.1,298.0
2026-05-16T08:49:09,28.8,1274,7941,0,10,100.00,598,19.2,298.0
2026-05-16T08:49:14,24.7,1264,7941,1,6,100.00,657,16.0,298.0
2026-05-16T08:49:19,25.1,1270,7941,0,8,100.00,759,15.9,298.0
2026-05-16T08:49:24,24.9,1264,7941,0,8,100.00,593,15.9,298.0
2026-05-16T08:49:30,25.3,1261,7941,0,6,100.00,778,16.5,298.0
2026-05-16T08:49:35,29.8,1273,7941,0,9,100.00,676,19.4,298.0
2026-05-16T08:49:40,25.4,1276,7941,0,9,100.00,614,16.4,298.0
2026-05-16T08:49:46,27.4,1266,7941,1,7,100.00,727,17.2,298.0
2026-05-16T08:49:51,24.1,1273,7941,1,7,100.00,651,15.8,298.0
2026-05-16T08:49:56,22.8,1273,7941,1,6,100.00,715,14.8,298.0
2026-05-16T08:50:01,27.2,1278,7941,4,7,100.00,783,18.1,298.0
2026-05-16T08:50:07,40.6,1279,7941,0,11,100.00,543,28.2,298.0
2026-05-16T08:50:13,33.0,1270,7941,0,10,100.00,741,21.0,298.0
2026-05-16T08:50:18,31.8,1267,7941,0,8,100.00,722,20.9,298.0
2026-05-16T08:50:23,32.9,1278,7941,0,9,100.00,636,21.6,298.0
2026-05-16T08:50:28,29.8,1270,7941,1,8,100.00,713,19.1,298.0
2026-05-16T08:50:34,26.5,1271,7941,1,8,100.00,644,17.4,298.0
2026-05-16T08:50:39,26.7,1275,7941,0,9,100.00,650,17.1,298.0
2026-05-16T08:50:44,27.0,1268,7941,0,9,100.00,751,17.5,298.0
2026-05-16T08:50:50,24.1,1266,7941,1,7,100.00,643,15.7,298.0
2026-05-16T08:50:55,25.1,1271,7941,0,8,100.00,670,16.1,298.0
2026-05-16T08:51:00,25.8,1269,7941,0,8,100.00,716,17.1,298.0
2026-05-16T08:51:05,29.7,1267,7941,0,9,100.00,676,19.3,298.0
2026-05-16T08:51:11,27.8,1268,7941,0,9,100.00,664,17.8,298.0
2026-05-16T08:51:16,23.7,1266,7941,0,8,100.00,679,15.0,298.0
2026-05-16T08:51:21,29.4,1262,7941,1,7,100.00,713,19.7,298.0
2026-05-16T08:51:26,26.6,1272,7941,1,7,100.00,674,17.1,298.0
2026-05-16T08:51:32,23.3,1273,7941,0,8,100.00,698,14.9,298.0
2026-05-16T08:51:37,27.1,1272,7941,0,8,100.00,718,17.5,298.0
2026-05-16T08:51:42,24.6,1271,7941,1,7,100.00,644,15.8,298.0
2026-05-16T08:51:48,24.9,1268,7941,0,8,100.00,642,15.8,298.0
2026-05-16T08:51:53,25.5,1272,7941,1,7,100.00,733,16.4,298.0
2026-05-16T08:51:58,25.1,1272,7941,1,7,100.00,689,16.6,298.0
2026-05-16T08:52:03,30.3,1279,7941,0,11,100.00,662,19.6,298.0
2026-05-16T08:52:09,25.7,1272,7941,0,11,100.00,668,16.9,298.0
2026-05-16T08:52:14,24.5,1265,7941,0,7,100.00,755,15.4,298.0
2026-05-16T08:52:19,26.2,1271,7941,0,7,100.00,701,16.9,298.0
2026-05-16T08:52:24,25.6,1271,7941,0,7,100.00,695,16.4,298.0
2026-05-16T08:52:30,24.8,1274,7941,0,8,100.00,609,15.8,298.0
2026-05-16T08:52:35,28.3,1271,7941,0,8,100.00,793,17.8,298.0
2026-05-16T08:52:40,24.1,1270,7941,0,8,100.00,593,16.1,298.0
2026-05-16T08:52:45,25.7,1267,7941,0,7,100.00,698,16.0,298.0
2026-05-16T08:52:51,26.7,1271,7941,0,8,100.00,671,17.5,298.0
2026-05-16T08:52:56,24.8,1268,7941,1,7,100.00,709,15.8,298.0
2026-05-16T08:53:01,26.6,1274,7941,0,9,100.00,735,17.5,298.0
2026-05-16T08:53:07,28.0,1269,7941,0,9,100.00,609,18.4,298.0
2026-05-16T08:53:12,25.7,1271,7941,1,7,100.00,748,17.0,298.0
2026-05-16T08:53:17,27.6,1272,7941,0,8,100.00,693,17.2,298.0
2026-05-16T08:53:23,25.4,1279,7941,0,8,100.00,678,16.6,298.0
2026-05-16T08:53:28,26.9,1274,7941,0,7,100.00,713,17.4,298.0
2026-05-16T08:53:33,26.8,1271,7941,1,6,100.00,690,17.7,298.0
2026-05-16T08:53:38,24.6,1274,7941,0,7,100.00,631,15.6,298.0
2026-05-16T08:53:44,24.1,1267,7941,0,7,100.00,754,15.3,298.0
2026-05-16T08:53:49,20.1,1266,7941,1,6,100.00,663,12.8,298.0
2026-05-16T08:53:54,23.7,1261,7941,0,7,100.00,707,15.1,298.0
2026-05-16T08:53:59,24.1,1265,7941,0,7,100.00,664,15.5,298.0
2026-05-16T08:54:05,24.7,1265,7941,0,8,100.00,644,16.2,298.0
2026-05-16T08:54:10,22.5,1270,7941,0,8,100.00,630,14.6,298.0
2026-05-16T08:54:15,22.9,1266,7941,1,7,100.00,754,14.6,298.0
2026-05-16T08:54:20,22.3,1274,7941,0,8,100.00,678,14.3,298.0
2026-05-16T08:54:26,25.3,1273,7941,1,7,100.00,708,15.8,298.0
2026-05-16T08:54:31,21.9,1275,7941,0,8,100.00,666,14.8,298.0
2026-05-16T08:54:36,24.2,1261,7941,1,6,100.00,658,15.5,298.0
2026-05-16T08:54:41,23.3,1274,7941,0,8,100.00,689,14.9,298.0
2026-05-16T08:54:47,22.0,1267,7941,0,8,100.00,651,14.2,298.0
2026-05-16T08:54:52,24.9,1270,7941,0,8,100.00,758,16.3,298.0
2026-05-16T08:54:57,22.3,1268,7941,1,7,100.00,604,14.3,298.0
2026-05-16T08:55:02,24.7,1273,7941,0,10,100.00,740,16.6,298.0
2026-05-16T08:55:08,32.4,1273,7941,0,11,100.00,677,21.9,298.1
2026-05-16T08:55:13,22.3,1276,7941,0,10,100.00,662,14.4,298.1
2026-05-16T08:55:18,25.0,1262,7941,0,6,100.00,681,16.0,298.1
2026-05-16T08:55:24,24.7,1270,7941,0,9,100.00,660,16.2,298.1
2026-05-16T08:55:29,22.5,1269,7941,0,9,100.00,663,14.8,298.1
2026-05-16T08:55:34,25.7,1264,7941,0,7,100.00,725,16.7,298.1
2026-05-16T08:55:39,21.1,1267,7941,0,7,100.00,672,13.5,298.1
2026-05-16T08:55:45,23.7,1275,7941,0,6,100.00,676,14.9,298.1
2026-05-16T08:55:50,23.3,1272,7941,0,9,100.00,695,15.1,298.1
2026-05-16T08:55:55,21.8,1272,7941,0,9,100.00,658,14.1,298.1
2026-05-16T08:56:00,21.5,1261,7941,0,7,100.00,676,13.8,298.1
2026-05-16T08:56:06,25.7,1265,7941,0,8,100.00,682,16.3,298.1
2026-05-16T08:56:11,22.2,1270,7941,0,8,100.00,698,14.3,298.1
2026-05-16T08:56:16,24.3,1267,7941,0,7,100.00,731,15.4,298.1
2026-05-16T08:56:21,23.5,1273,7941,0,9,100.00,679,15.3,298.1
2026-05-16T08:56:27,23.6,1267,7941,1,7,100.00,646,15.0,298.1
2026-05-16T08:56:32,23.5,1271,7941,1,7,100.00,700,15.0,298.1
2026-05-16T08:56:37,22.5,1275,7941,0,8,100.00,654,14.3,298.1
2026-05-16T08:56:42,23.0,1276,7941,0,8,100.00,772,15.3,298.1
2026-05-16T08:56:48,23.4,1262,7941,0,7,100.00,669,15.0,298.1
2026-05-16T08:56:53,23.1,1272,7941,0,9,100.00,670,14.9,298.1
2026-05-16T08:56:58,22.8,1273,7941,0,9,100.00,675,14.8,298.1
2026-05-16T08:57:03,27.3,1268,7941,1,7,100.00,669,17.9,298.1
2026-05-16T08:57:09,25.8,1277,7941,0,8,100.00,642,16.8,298.1
2026-05-16T08:57:14,22.6,1266,7941,3,5,100.00,774,14.5,298.1
2026-05-16T08:57:19,21.6,1276,7941,0,7,100.00,642,14.1,298.1
2026-05-16T08:57:24,23.2,1269,7941,0,7,100.00,685,15.3,298.1
2026-05-16T08:57:29,22.2,1280,7941,0,8,100.00,687,14.4,298.1
2026-05-16T08:57:35,22.8,1274,7941,0,9,100.00,688,14.5,298.1
2026-05-16T08:57:40,21.9,1273,7941,1,8,100.00,692,14.0,298.1
2026-05-16T08:57:45,22.8,1263,7941,1,5,100.00,660,14.4,298.1
2026-05-16T08:57:50,22.2,1267,7941,0,6,100.00,736,14.3,298.1
2026-05-16T08:57:56,21.6,1261,7941,0,6,100.00,649,13.6,298.1
2026-05-16T08:58:01,21.9,1269,7941,0,7,100.00,660,14.3,298.1
2026-05-16T08:58:06,25.9,1271,7941,0,8,100.00,703,16.9,298.1
2026-05-16T08:58:11,24.6,1276,7941,0,8,100.00,714,16.4,298.1
2026-05-16T08:58:17,24.2,1268,7941,0,7,100.00,705,15.4,298.1
2026-05-16T08:58:22,22.8,1277,7941,0,7,100.00,637,14.8,298.1
2026-05-16T08:58:27,22.5,1280,7941,0,7,100.00,666,14.3,298.1
2026-05-16T08:58:32,23.4,1259,7941,0,6,100.00,708,15.3,298.1
2026-05-16T08:58:38,22.6,1263,7941,0,7,100.00,650,14.6,298.1
2026-05-16T08:58:43,23.5,1268,7941,0,8,100.00,745,15.2,298.1
2026-05-16T08:58:48,22.4,1269,7941,0,8,100.00,612,14.7,298.1
2026-05-16T08:58:53,22.0,1268,7941,0,8,100.00,676,14.1,298.1
2026-05-16T08:58:59,23.0,1265,7941,0,7,100.00,709,14.6,298.1
2026-05-16T08:59:04,24.7,1275,7941,0,9,100.00,666,15.3,298.1
2026-05-16T08:59:09,24.0,1277,7941,0,9,100.00,688,15.7,298.1
2026-05-16T08:59:14,25.4,1281,7941,0,8,100.00,666,16.2,298.1
2026-05-16T08:59:20,26.0,1288,7941,0,9,100.00,761,16.4,298.3
2026-05-16T08:59:25,27.1,1284,7941,1,8,100.00,730,17.5,298.3
2026-05-16T08:59:30,24.4,1284,7941,0,9,100.00,564,16.0,298.3
2026-05-16T08:59:35,26.1,1265,7941,0,7,100.00,752,16.7,298.3
2026-05-16T08:59:41,28.4,1277,7941,0,8,100.00,647,18.5,298.3
2026-05-16T08:59:46,23.9,1272,7941,0,8,100.00,712,15.2,298.3
2026-05-16T08:59:51,27.1,1272,7941,0,9,100.00,740,18.0,298.3
2026-05-16T08:59:57,25.8,1270,7941,0,9,100.00,606,16.1,298.3
2026-05-16T09:00:02,27.5,1284,7941,0,10,100.00,714,19.1,298.3
2026-05-16T09:00:08,42.3,1330,7941,1,10,100.00,580,29.8,298.4
2026-05-16T09:00:13,41.6,1317,7941,0,11,100.00,588,28.7,298.5
2026-05-16T09:00:19,35.0,1305,7941,0,10,100.00,644,22.7,298.5
2026-05-16T09:00:24,40.3,1302,7941,0,9,100.00,741,26.1,298.7
2026-05-16T09:00:30,33.8,1308,7941,0,9,100.00,684,22.4,298.7
2026-05-16T09:00:35,32.6,1296,7941,0,8,100.00,710,20.8,298.7
2026-05-16T09:00:40,30.4,1312,7941,0,9,100.00,673,19.9,298.7
2026-05-16T09:00:46,30.9,1304,7941,0,9,100.00,678,20.4,298.7
2026-05-16T09:00:51,28.9,1306,7941,0,9,100.00,610,18.9,298.7
2026-05-16T09:00:56,27.6,1298,7941,0,8,100.00,736,18.0,298.7
2026-05-16T09:01:02,26.7,1305,7941,1,8,100.00,681,17.5,298.8
2026-05-16T09:01:07,31.6,1308,7941,0,9,100.00,718,20.8,298.8
2026-05-16T09:01:12,27.3,1310,7941,0,9,100.00,696,17.9,298.8
2026-05-16T09:01:17,26.4,1304,7941,0,8,100.00,687,17.0,298.8
2026-05-16T09:01:23,30.2,1310,7941,0,8,100.00,628,19.9,298.8
2026-05-16T09:01:28,25.8,1307,7941,0,8,100.00,762,16.7,298.8
2026-05-16T09:01:33,27.9,1298,7941,1,6,100.00,674,18.5,298.8
2026-05-16T09:01:39,26.8,1306,7941,1,7,100.00,640,17.4,298.8
2026-05-16T09:01:44,27.7,1300,7941,1,7,100.00,703,17.7,298.8
2026-05-16T09:01:49,25.5,1305,7941,0,8,100.00,675,16.4,298.8
2026-05-16T09:01:54,23.3,1302,7941,0,7,100.00,736,14.8,298.8
2026-05-16T09:02:00,24.1,1306,7941,0,7,100.00,699,15.8,298.8
2026-05-16T09:02:05,29.8,1306,7941,1,10,100.00,701,19.2,298.8
2026-05-16T09:02:10,27.5,1307,7941,0,11,100.00,664,18.0,298.8
2026-05-16T09:02:16,26.0,1302,7941,1,8,100.00,673,16.6,298.8
2026-05-16T09:02:21,26.8,1312,7941,0,9,100.00,702,17.7,298.8
2026-05-16T09:02:26,25.5,1304,7941,0,7,100.00,659,16.4,298.8
2026-05-16T09:02:31,27.0,1310,7941,0,8,100.00,706,17.5,298.8
2026-05-16T09:02:37,24.6,1296,7941,0,8,100.00,675,15.8,298.8
2026-05-16T09:02:42,27.2,1287,7941,0,8,100.00,705,18.2,298.8
2026-05-16T09:02:47,26.0,1279,7941,0,9,100.00,697,16.8,298.8
2026-05-16T09:02:52,27.8,1283,7941,0,9,100.00,640,18.4,298.8
2026-05-16T09:02:58,28.3,1285,7941,0,9,100.00,663,18.4,298.8
2026-05-16T09:03:03,28.2,1281,7941,0,9,100.00,688,18.6,298.8
2026-05-16T09:03:08,28.7,1273,7941,0,8,100.00,691,18.5,298.8
2026-05-16T09:03:14,26.9,1276,7941,0,8,100.00,723,17.3,298.8
2026-05-16T09:03:19,24.4,1273,7941,1,7,100.00,711,15.8,298.8
2026-05-16T09:03:24,28.3,1274,7941,0,8,100.00,617,18.4,298.8
2026-05-16T09:03:29,25.3,1275,7941,0,8,100.00,691,16.6,298.8
2026-05-16T09:03:35,27.6,1274,7941,0,8,100.00,695,17.8,298.8
2026-05-16T09:03:40,26.6,1277,7941,1,8,100.00,680,17.5,298.8
2026-05-16T09:03:45,27.2,1280,7941,1,8,100.00,663,17.2,298.8
2026-05-16T09:03:50,23.6,1282,7941,2,7,100.00,619,15.3,298.8
2026-05-16T09:03:56,26.6,1271,7941,0,7,100.00,760,17.2,298.8
2026-05-16T09:04:01,24.6,1274,7941,0,8,100.00,685,15.9,298.8
2026-05-16T09:04:06,29.8,1275,7941,0,8,100.00,686,19.6,298.8
2026-05-16T09:04:12,25.6,1277,7941,0,8,100.00,651,16.7,298.8
2026-05-16T09:04:17,24.2,1273,7941,0,8,100.00,758,15.2,298.8
2026-05-16T09:04:22,24.8,1274,7941,0,8,100.00,673,16.1,298.8
2026-05-16T09:04:27,25.5,1271,7941,0,7,100.00,661,16.9,298.8
2026-05-16T09:04:33,25.6,1268,7941,0,8,100.00,681,17.0,298.8
2026-05-16T09:04:38,26.8,1280,7941,0,10,100.00,726,17.2,298.8
2026-05-16T09:04:43,22.4,1281,7941,0,10,100.00,636,14.3,298.8
2026-05-16T09:04:49,21.3,1264,7941,1,6,100.00,674,13.6,298.8
2026-05-16T09:04:54,22.2,1268,7941,1,8,100.00,780,14.1,298.8
2026-05-16T09:04:59,22.1,1269,7941,0,8,100.00,570,14.2,298.8
2026-05-16T09:05:04,28.8,1271,7941,0,10,100.00,582,20.8,298.8
2026-05-16T09:05:10,22.5,1274,7941,0,10,100.00,672,14.5,298.9
2026-05-16T09:05:15,21.2,1266,7941,0,9,100.00,637,13.6,298.9
2026-05-16T09:05:20,23.0,1270,7941,0,8,100.00,763,14.8,298.9
2026-05-16T09:05:25,23.0,1265,7941,0,8,100.00,652,14.5,298.9
2026-05-16T09:05:31,22.1,1269,7941,0,8,100.00,683,14.4,298.9
2026-05-16T09:05:36,22.6,1271,7941,0,8,100.00,655,14.4,298.9
2026-05-16T09:05:41,22.8,1262,7941,0,8,100.00,721,14.7,298.9
2026-05-16T09:05:46,25.0,1269,7941,0,8,100.00,740,15.7,298.9
2026-05-16T09:05:51,21.6,1267,7941,0,8,100.00,587,14.4,298.9
2026-05-16T09:05:57,22.3,1265,7941,0,7,100.00,664,14.2,298.9
2026-05-16T09:06:02,24.5,1276,7941,0,9,100.00,737,16.2,298.9
2026-05-16T09:06:07,24.9,1276,7941,0,9,100.00,661,15.8,298.9
2026-05-16T09:06:13,21.6,1272,7941,0,7,100.00,737,13.9,298.9
2026-05-16T09:06:18,23.7,1276,7941,0,7,100.00,676,15.2,298.9
2026-05-16T09:06:23,24.7,1268,7941,1,6,100.00,749,16.1,298.9
2026-05-16T09:06:28,22.4,1276,7941,0,8,100.00,676,14.3,298.9
2026-05-16T09:06:34,22.0,1272,7941,0,8,100.00,636,14.5,298.9
2026-05-16T09:06:39,23.4,1267,7941,0,8,100.00,710,14.5,298.9
2026-05-16T09:06:44,23.8,1269,7941,1,7,100.00,734,15.0,298.9
2026-05-16T09:06:49,21.1,1276,7941,0,9,100.00,638,13.7,298.9
2026-05-16T09:06:55,21.6,1282,7941,0,9,100.00,623,13.6,298.9
2026-05-16T09:07:00,22.2,1273,7941,0,7,100.00,708,14.2,298.9
2026-05-16T09:07:05,25.2,1270,7941,0,7,100.00,756,16.5,298.9
2026-05-16T09:07:10,21.7,1267,7941,2,5,100.00,690,14.1,298.9
2026-05-16T09:07:16,22.3,1268,7941,0,7,100.00,656,14.2,298.9
2026-05-16T09:07:21,20.9,1267,7941,0,6,100.00,682,13.7,298.9
2026-05-16T09:07:26,22.7,1266,7941,0,8,100.00,651,14.8,298.9
2026-05-16T09:07:31,21.8,1269,7941,0,8,100.00,710,14.1,298.9
2026-05-16T09:07:37,21.2,1261,7941,0,7,100.00,616,13.4,298.9
2026-05-16T09:07:42,20.8,1270,7941,0,7,100.00,745,13.2,298.9
2026-05-16T09:07:47,22.1,1265,7941,0,7,100.00,706,14.1,298.9
2026-05-16T09:07:52,20.7,1265,7941,0,7,100.00,677,13.1,298.9
2026-05-16T09:07:57,21.5,1274,7941,0,7,100.00,692,13.9,298.9
2026-05-16T09:08:03,22.9,1273,7941,0,7,100.00,689,14.8,298.9
2026-05-16T09:08:08,22.1,1266,7941,0,8,100.00,583,14.4,298.9
2026-05-16T09:08:13,21.7,1276,7941,0,8,100.00,718,14.1,298.9
2026-05-16T09:08:18,21.7,1264,7941,0,7,100.00,735,13.8,298.9
2026-05-16T09:08:24,23.3,1272,7941,0,9,100.00,644,15.2,298.9
2026-05-16T09:08:29,21.6,1273,7941,0,9,100.00,731,14.0,298.9
2026-05-16T09:08:34,22.5,1272,7941,0,8,100.00,647,14.2,298.9
2026-05-16T09:08:39,23.4,1276,7941,0,8,100.00,707,15.3,298.9
2026-05-16T09:08:45,23.6,1268,7941,0,7,100.00,599,15.4,298.9
2026-05-16T09:08:50,22.1,1269,7941,0,7,100.00,697,14.4,298.9
2026-05-16T09:08:55,22.8,1265,7941,0,7,100.00,776,14.8,298.9
2026-05-16T09:09:00,21.5,1270,7941,0,8,100.00,668,14.2,298.9
2026-05-16T09:09:06,34.6,1277,7941,0,9,100.00,638,23.4,298.9
2026-05-16T09:09:11,24.0,1281,7941,0,9,100.00,703,15.5,298.9
2026-05-16T09:09:16,21.6,1276,7941,0,9,100.00,673,13.8,298.9
2026-05-16T09:09:21,22.0,1273,7941,0,7,100.00,714,14.1,298.9
2026-05-16T09:09:27,22.9,1272,7941,0,8,100.00,719,14.5,298.9
2026-05-16T09:09:32,21.4,1274,7941,0,8,100.00,602,13.9,298.9
2026-05-16T09:09:37,23.2,1270,7941,0,8,100.00,688,15.0,298.9
2026-05-16T09:09:42,21.2,1274,7941,0,8,100.00,654,14.0,298.9
2026-05-16T09:09:47,21.4,1265,7941,0,7,100.00,661,13.5,298.9
2026-05-16T09:09:53,21.8,1263,7941,0,6,100.00,801,14.0,298.9
2026-05-16T09:09:58,19.4,1270,7941,0,6,100.00,612,12.5,298.9
2026-05-16T09:10:03,28.9,1278,7941,0,11,100.00,660,20.0,298.9
2026-05-16T09:10:09,30.4,1269,7941,0,11,100.00,674,19.8,298.9
2026-05-16T09:10:14,26.3,1270,7941,0,10,100.00,662,17.0,298.9
2026-05-16T09:10:19,26.5,1268,7941,0,8,100.00,724,17.2,298.9
2026-05-16T09:10:24,22.7,1268,7941,0,8,100.00,623,14.2,299.0
2026-05-16T09:10:30,22.7,1274,7941,0,8,100.00,702,14.4,299.0
2026-05-16T09:10:35,22.9,1266,7941,0,7,100.00,727,14.5,299.0
2026-05-16T09:10:40,21.1,1270,7941,0,7,100.00,639,13.7,299.0
2026-05-16T09:10:45,22.6,1267,7941,0,8,100.00,711,14.3,299.0
2026-05-16T09:10:51,21.1,1268,7941,0,8,100.00,726,13.4,299.0
2026-05-16T09:10:56,22.3,1259,7941,0,6,100.00,653,13.9,299.0
2026-05-16T09:11:01,22.5,1271,7941,0,9,100.00,595,14.2,299.0
2026-05-16T09:11:06,25.7,1274,7941,0,9,100.00,706,17.0,299.0
2026-05-16T09:11:12,22.7,1269,7941,0,8,100.00,733,14.3,299.0
2026-05-16T09:11:17,23.0,1268,7941,0,7,100.00,691,14.5,299.0
2026-05-16T09:11:22,21.7,1260,7941,0,7,100.00,625,14.0,299.0
2026-05-16T09:11:27,22.7,1269,7941,0,9,100.00,725,14.1,299.0
2026-05-16T09:11:33,20.8,1271,7941,0,9,100.00,670,13.8,299.0
2026-05-16T09:11:38,22.5,1263,7941,0,8,100.00,713,14.2,299.0
2026-05-16T09:11:43,22.4,1262,7941,0,7,100.00,736,13.9,299.1
2026-05-16T09:11:48,20.9,1261,7941,0,7,100.00,627,13.1,299.1
2026-05-16T09:11:54,21.4,1268,7941,0,8,100.00,694,13.7,299.1
2026-05-16T09:11:59,21.6,1268,7941,0,9,100.00,713,13.2,299.1
2026-05-16T09:12:04,25.4,1267,7941,0,9,100.00,653,15.8,299.1
2026-05-16T09:12:09,23.6,1267,7941,1,7,100.00,699,15.2,299.1
2026-05-16T09:12:15,22.2,1263,7941,0,6,100.00,748,14.1,299.1
2026-05-16T09:12:20,23.8,1264,7941,0,6,100.00,599,14.8,299.1
2026-05-16T09:12:25,24.1,1264,7941,0,7,100.00,684,15.0,299.1
2026-05-16T09:12:30,23.6,1263,7941,0,7,100.00,706,15.2,299.1
2026-05-16T09:12:36,24.0,1265,7941,0,7,100.00,735,15.2,299.1
2026-05-16T09:12:41,22.7,1264,7941,0,7,100.00,592,14.3,299.1
2026-05-16T09:12:46,24.6,1270,7941,0,8,100.00,682,15.9,299.1
2026-05-16T09:12:51,24.6,1264,7941,1,7,100.00,741,15.7,299.1
2026-05-16T09:12:57,25.6,1262,7941,0,8,100.00,646,16.2,299.1
2026-05-16T09:13:02,27.6,1276,7941,2,9,100.00,787,18.2,299.1
2026-05-16T09:13:07,27.4,1279,7941,0,11,100.00,673,18.2,299.2
2026-05-16T09:13:13,22.3,1259,7941,0,7,100.00,644,14.3,299.2
2026-05-16T09:13:18,24.7,1262,7941,0,7,100.00,683,15.8,299.2
2026-05-16T09:13:23,23.8,1267,7941,0,8,100.00,663,15.0,299.2
2026-05-16T09:13:29,25.0,1269,7941,0,8,100.00,755,16.3,299.2
2026-05-16T09:13:34,24.9,1267,7941,1,8,100.00,676,16.2,299.2
2026-05-16T09:13:39,23.8,1272,7941,0,9,100.00,585,15.1,299.2
2026-05-16T09:13:44,23.6,1272,7941,0,8,100.00,683,14.8,299.2
2026-05-16T09:13:50,23.2,1269,7941,2,6,100.00,764,15.2,299.2
2026-05-16T09:13:55,24.9,1269,7941,0,8,100.00,706,15.8,299.2
2026-05-16T09:14:00,25.2,1264,7941,1,6,100.00,670,16.8,299.3
2026-05-16T09:14:05,27.6,1269,7941,0,9,100.00,692,17.5,299.6
2026-05-16T09:14:11,24.7,1273,7941,0,9,100.00,628,16.2,299.6
2026-05-16T09:14:16,24.2,1268,7941,0,8,100.00,734,15.4,299.6
2026-05-16T09:14:21,24.0,1270,7941,0,8,100.00,673,15.5,299.6
2026-05-16T09:14:26,25.1,1268,7941,0,8,100.00,682,16.0,299.6
2026-05-16T09:14:32,24.2,1273,7941,0,8,100.00,701,16.6,299.6
2026-05-16T09:14:37,25.2,1271,7941,0,8,100.00,698,16.2,299.6
2026-05-16T09:14:42,24.2,1275,7941,0,8,100.00,619,15.7,299.6
2026-05-16T09:14:48,22.9,1268,7941,0,8,100.00,673,14.5,299.7
2026-05-16T09:14:53,24.3,1274,7941,0,7,100.00,797,15.3,299.7
2026-05-16T09:14:58,23.8,1275,7941,0,7,100.00,629,15.5,299.7
2026-05-16T09:15:03,31.9,1276,7941,0,11,100.00,630,22.7,299.7
2026-05-16T09:15:09,31.7,1278,7941,0,11,100.00,674,20.6,299.7
2026-05-16T09:15:14,24.4,1263,7941,1,7,100.00,686,15.9,299.7
2026-05-16T09:15:19,23.5,1274,7941,0,8,100.00,678,14.9,299.7
2026-05-16T09:15:25,27.3,1275,7941,0,9,100.00,722,17.3,299.7
2026-05-16T09:15:30,23.0,1275,7941,0,9,100.00,622,14.7,299.7
2026-05-16T09:15:35,26.3,1265,7941,0,8,100.00,719,16.8,299.7
2026-05-16T09:15:40,22.5,1272,7941,2,6,100.00,674,14.6,299.7
2026-05-16T09:15:46,24.2,1265,7941,0,8,100.00,706,14.9,299.7
2026-05-16T09:15:51,50.1,1395,7941,1,7,100.00,733,16.4,299.7
2026-05-16T09:15:56,48.2,1383,7941,0,8,100.00,632,15.0,299.7
2026-05-16T09:16:01,36.4,1346,7941,0,8,100.00,710,15.6,299.7
2026-05-16T09:16:07,27.8,1292,7941,1,7,100.00,643,17.4,300.0
2026-05-16T09:16:12,25.4,1276,7941,0,8,100.00,693,16.5,300.0
2026-05-16T09:16:17,25.7,1276,7941,0,9,100.00,758,16.6,300.0
2026-05-16T09:16:22,25.2,1279,7941,0,9,100.00,639,16.2,300.0
2026-05-16T09:16:28,24.3,1269,7941,0,7,100.00,706,14.9,300.0
2026-05-16T09:16:33,25.4,1270,7941,0,8,100.00,696,16.4,300.0
2026-05-16T09:16:38,22.5,1270,7941,0,8,100.00,608,14.5,300.0
2026-05-16T09:16:43,25.0,1268,7941,1,7,100.00,737,16.2,300.0
2026-05-16T09:16:49,24.9,1266,7941,1,7,100.00,693,15.9,300.0
2026-05-16T09:16:54,23.8,1259,7941,0,8,100.00,662,15.1,300.0
2026-05-16T09:16:59,26.3,1270,7941,2,6,100.00,726,17.0,300.0
2026-05-16T09:17:04,28.0,1268,7941,0,8,100.00,604,18.1,300.0
2026-05-16T09:17:10,26.6,1264,7941,0,8,100.00,748,17.2,300.0
2026-05-16T09:17:15,29.8,1265,7941,0,9,100.00,736,19.3,300.0
2026-05-16T09:17:20,25.2,1273,7941,0,9,100.00,595,16.6,300.0
2026-05-16T09:17:26,28.1,1266,7941,0,8,100.00,729,17.9,300.0
2026-05-16T09:17:31,27.0,1272,7941,0,8,100.00,708,17.8,300.0
2026-05-16T09:17:36,27.5,1268,7941,1,8,100.00,577,17.9,300.0
2026-05-16T09:17:41,28.0,1271,7941,0,9,100.00,742,18.1,300.0
2026-05-16T09:17:47,27.4,1269,7941,0,8,100.00,671,17.2,300.0
2026-05-16T09:17:52,27.9,1265,7941,1,7,100.00,774,18.1,300.0
2026-05-16T09:17:57,27.4,1271,7941,0,8,100.00,696,17.4,300.0
2026-05-16T09:18:03,26.6,1283,7941,0,9,100.00,578,17.8,300.0
2026-05-16T09:18:08,28.7,1273,7941,1,8,100.00,764,18.3,300.0
2026-05-16T09:18:13,25.8,1270,7941,0,8,100.00,620,17.1,300.0
2026-05-16T09:18:18,26.0,1269,7941,0,8,100.00,745,16.8,300.0
2026-05-16T09:18:24,29.7,1270,7941,2,7,100.00,714,19.1,300.0
2026-05-16T09:18:29,25.2,1268,7941,0,8,100.00,609,16.8,300.0
2026-05-16T09:18:34,28.3,1267,7941,0,8,100.00,747,18.2,300.0
2026-05-16T09:18:39,27.5,1262,7941,1,7,100.00,668,17.9,300.0
2026-05-16T09:18:45,28.3,1276,7941,0,9,100.00,624,18.1,300.0
2026-05-16T09:18:50,29.4,1277,7941,0,9,100.00,771,19.1,300.0
2026-05-16T09:18:55,28.5,1271,7941,1,8,100.00,666,18.6,300.0
2026-05-16T09:19:01,27.7,1264,7941,1,7,100.00,710,17.8,300.0
2026-05-16T09:19:06,36.5,1271,7941,1,10,100.00,672,24.3,300.0
2026-05-16T09:19:11,26.9,1278,7941,0,11,100.00,658,17.6,300.0
2026-05-16T09:19:17,28.0,1273,7941,0,8,100.00,610,17.3,300.0
2026-05-16T09:19:22,29.7,1277,7941,0,8,100.00,761,19.5,300.0
2026-05-16T09:19:27,23.8,1265,7941,0,8,100.00,616,15.4,300.0
2026-05-16T09:19:32,28.9,1267,7941,0,7,100.00,846,18.9,300.0
2026-05-16T09:19:38,27.0,1278,7941,0,9,100.00,558,17.5,300.0
2026-05-16T09:19:43,27.4,1277,7941,0,9,100.00,681,17.7,300.0
2026-05-16T09:19:48,27.2,1273,7941,1,7,100.00,769,17.4,300.0
2026-05-16T09:19:54,26.8,1273,7941,0,8,100.00,623,17.6,300.0
2026-05-16T09:19:59,26.9,1268,7941,0,8,100.00,668,17.2,300.0
2026-05-16T09:20:04,35.9,1272,7941,2,9,100.00,644,25.2,300.0
2026-05-16T09:20:10,35.1,1278,7941,1,10,100.00,567,23.2,300.0
2026-05-16T09:20:15,34.7,1270,7941,0,9,100.00,687,22.5,300.1
2026-05-16T09:20:20,32.4,1275,7941,0,8,100.00,758,21.0,300.1
2026-05-16T09:20:26,33.5,1266,7941,0,9,100.00,755,21.7,300.1
2026-05-16T09:20:31,30.0,1280,7941,0,9,100.00,678,19.8,300.1
2026-05-16T09:20:36,30.4,1272,7941,0,9,100.00,672,19.7,300.1
2026-05-16T09:20:42,29.8,1271,7941,0,9,100.00,677,19.4,300.1
2026-05-16T09:20:47,29.9,1263,7941,1,7,100.00,688,19.2,300.1
2026-05-16T09:20:52,29.4,1269,7941,0,8,100.00,678,19.6,300.1
2026-05-16T09:20:58,29.6,1270,7941,1,8,100.00,673,19.2,300.1
2026-05-16T09:21:03,31.0,1270,7941,0,9,100.00,758,20.7,300.1
2026-05-16T09:21:08,28.3,1264,7941,0,9,100.00,598,18.6,300.1
2026-05-16T09:21:14,27.2,1260,7941,0,7,100.00,710,17.4,300.1
2026-05-16T09:21:19,27.4,1266,7941,0,7,100.00,686,17.4,300.1
2026-05-16T09:21:24,30.1,1272,7941,0,8,100.00,751,19.2,300.1
2026-05-16T09:21:29,25.9,1269,7941,0,9,100.00,642,16.7,300.1
2026-05-16T09:21:35,28.4,1265,7941,0,9,100.00,700,18.1,300.1
2026-05-16T09:21:40,29.8,1261,7941,0,8,100.00,653,19.7,300.1
2026-05-16T09:21:45,27.3,1267,7941,1,7,100.00,651,17.1,300.1
2026-05-16T09:21:51,25.5,1272,7941,1,7,100.00,761,16.3,300.1
2026-05-16T09:21:56,27.0,1259,7941,0,8,100.00,605,17.1,300.1
2026-05-16T09:22:01,27.6,1263,7941,0,8,100.00,759,18.4,300.1
2026-05-16T09:22:06,32.7,1266,7941,1,8,100.00,694,21.1,300.2
2026-05-16T09:22:12,27.3,1272,7941,0,9,100.00,598,17.8,300.2
2026-05-16T09:22:17,28.6,1267,7941,0,8,100.00,753,18.9,300.2
2026-05-16T09:22:22,28.9,1262,7941,0,8,100.00,676,19.1,300.2
2026-05-16T09:22:28,28.4,1268,7941,2,6,100.00,708,18.2,300.2
2026-05-16T09:22:33,28.5,1266,7941,0,9,100.00,679,18.8,300.2
2026-05-16T09:22:38,24.9,1268,7941,0,9,100.00,646,15.9,300.2
2026-05-16T09:22:43,25.3,1261,7941,0,8,100.00,714,16.6,300.2
2026-05-16T09:22:49,23.8,1266,7941,0,8,100.00,625,14.8,300.2
2026-05-16T09:22:54,23.3,1267,7941,1,6,100.00,788,14.9,300.2
2026-05-16T09:22:59,23.0,1269,7941,0,7,100.00,646,15.1,300.2
2026-05-16T09:23:04,27.0,1266,7941,0,9,100.00,718,17.8,300.2
2026-05-16T09:23:10,25.3,1270,7941,0,9,100.00,719,16.3,300.2
2026-05-16T09:23:15,23.2,1270,7941,0,9,100.00,628,14.6,300.2
2026-05-16T09:23:20,24.3,1263,7941,0,9,100.00,719,15.7,300.2
2026-05-16T09:23:25,27.6,1270,7941,0,9,100.00,692,17.9,300.2
2026-05-16T09:23:31,23.9,1264,7941,0,8,100.00,656,15.6,300.2
2026-05-16T09:23:36,26.1,1268,7941,1,8,100.00,642,17.0,300.2
2026-05-16T09:23:41,24.3,1269,7941,0,9,100.00,686,16.1,300.2
2026-05-16T09:23:47,24.2,1260,7941,0,7,100.00,699,15.4,300.2
2026-05-16T09:23:52,24.2,1273,7941,0,8,100.00,707,15.4,300.2
2026-05-16T09:23:57,23.8,1272,7941,0,8,100.00,689,15.2,300.2
2026-05-16T09:24:02,27.5,1272,7941,0,9,100.00,672,18.0,300.2
2026-05-16T09:24:08,25.0,1279,7941,0,9,100.00,697,15.8,300.2
2026-05-16T09:24:13,22.1,1264,7941,0,7,100.00,656,14.5,300.2
2026-05-16T09:24:18,23.5,1264,7941,0,7,100.00,693,14.8,300.2
2026-05-16T09:24:23,25.5,1271,7941,0,9,100.00,731,16.7,300.2
2026-05-16T09:24:29,23.9,1266,7941,1,8,100.00,666,15.2,300.2
2026-05-16T09:24:34,26.5,1258,7941,1,6,100.00,737,16.9,300.2
2026-05-16T09:24:39,24.7,1268,7941,0,7,100.00,663,16.0,300.2
2026-05-16T09:24:44,25.5,1269,7941,1,7,100.00,639,16.0,300.2
2026-05-16T09:24:50,24.4,1269,7941,0,8,100.00,691,15.9,300.2
2026-05-16T09:24:55,23.1,1261,7941,0,7,100.00,669,14.8,300.2
2026-05-16T09:25:00,24.0,1260,7941,0,7,100.00,759,15.3,300.2
2026-05-16T09:25:06,35.1,1264,7941,0,11,100.00,539,23.5,300.2
2026-05-16T09:25:11,24.4,1269,7941,0,11,100.00,720,16.1,300.2
2026-05-16T09:25:16,24.1,1260,7941,1,6,100.00,647,15.2,300.2
2026-05-16T09:25:21,22.4,1263,7941,0,8,100.00,733,14.2,300.2
2026-05-16T09:25:26,22.9,1260,7941,0,9,100.00,685,14.3,300.2
2026-05-16T09:25:32,24.1,1269,7941,0,9,100.00,603,15.7,300.2
2026-05-16T09:25:37,25.6,1260,7941,0,7,100.00,758,16.4,300.2
2026-05-16T09:25:42,23.8,1266,7941,0,8,100.00,584,15.3,300.2
2026-05-16T09:25:47,24.0,1265,7941,0,8,100.00,744,14.9,300.2
2026-05-16T09:25:53,25.0,1266,7941,1,7,100.00,647,16.4,300.2
2026-05-16T09:25:58,25.6,1266,7941,0,8,100.00,713,16.4,300.2
2026-05-16T09:26:03,27.6,1265,7941,0,8,100.00,691,17.8,300.2
2026-05-16T09:26:09,23.8,1266,7941,0,8,100.00,710,15.2,300.2
2026-05-16T09:26:14,25.1,1272,7941,0,8,100.00,668,16.4,300.2
2026-05-16T09:26:19,24.5,1277,7941,0,9,100.00,652,15.8,300.2
2026-05-16T09:26:24,25.4,1262,7941,0,9,100.00,720,16.0,300.2
2026-05-16T09:26:30,23.4,1264,7941,1,8,100.00,672,15.3,300.2
2026-05-16T09:26:35,25.2,1261,7941,0,9,100.00,731,16.2,300.2
2026-05-16T09:26:40,23.8,1268,7941,0,9,100.00,602,15.4,300.2
2026-05-16T09:26:45,25.9,1259,7941,0,8,100.00,744,16.4,300.2
2026-05-16T09:26:51,23.7,1268,7941,0,8,100.00,720,15.5,300.2
2026-05-16T09:26:56,23.7,1265,7941,0,8,100.00,659,15.2,300.2
2026-05-16T09:27:01,24.2,1271,7941,0,9,100.00,703,15.7,300.2
2026-05-16T09:27:07,27.3,1259,7941,0,9,100.00,668,18.4,300.2
2026-05-16T09:27:12,24.1,1263,7941,0,9,100.00,662,15.6,300.2
2026-05-16T09:27:17,23.3,1263,7941,0,8,100.00,733,14.6,300.2
2026-05-16T09:27:22,23.1,1262,7941,1,7,100.00,670,14.4,300.2
2026-05-16T09:27:28,23.4,1270,7941,0,8,100.00,639,14.9,300.2
2026-05-16T09:27:33,24.5,1263,7941,0,8,100.00,696,15.8,300.2
2026-05-16T09:27:38,23.9,1264,7941,0,8,100.00,719,15.3,300.2
2026-05-16T09:27:43,22.6,1263,7941,0,8,100.00,673,14.6,300.2
2026-05-16T09:27:49,24.2,1269,7941,0,8,100.00,725,15.0,300.2
2026-05-16T09:27:54,22.6,1262,7941,0,8,100.00,650,14.5,300.2
2026-05-16T09:27:59,21.7,1268,7941,0,9,100.00,627,13.8,300.2
2026-05-16T09:28:04,24.7,1263,7941,1,8,100.00,752,15.7,300.2
2026-05-16T09:28:09,26.1,1263,7941,0,10,100.00,664,16.7,300.2
2026-05-16T09:28:15,26.7,1268,7941,0,10,100.00,691,17.1,300.2
2026-05-16T09:28:20,25.2,1259,7941,0,8,100.00,700,16.2,300.2
2026-05-16T09:28:25,29.7,1265,7941,0,8,100.00,636,18.7,300.2
2026-05-16T09:28:31,28.5,1263,7941,0,7,100.00,695,18.4,300.2
2026-05-16T09:28:36,27.5,1257,7941,0,7,100.00,702,17.9,300.2
2026-05-16T09:28:41,30.1,1262,7941,1,8,100.00,685,19.5,300.2
2026-05-16T09:28:46,29.7,1264,7941,1,8,100.00,682,18.9,300.2
2026-05-16T09:28:52,29.4,1259,7941,0,8,100.00,705,19.3,300.2
2026-05-16T09:28:57,29.2,1260,7941,0,8,100.00,677,19.1,300.2
2026-05-16T09:29:02,28.5,1267,7941,0,8,100.00,685,18.2,300.2
2026-05-16T09:29:08,30.2,1259,7941,0,9,100.00,738,19.9,300.2
2026-05-16T09:29:13,29.3,1259,7941,0,9,100.00,684,19.4,300.2
2026-05-16T09:29:18,27.5,1268,7941,0,9,100.00,717,17.6,300.2
2026-05-16T09:29:24,29.2,1262,7941,0,9,100.00,610,19.1,300.2
2026-05-16T09:29:29,29.0,1271,7941,1,9,100.00,670,18.9,300.2
2026-05-16T09:29:34,31.5,1270,7941,0,10,100.00,711,20.2,300.2
2026-05-16T09:29:39,29.7,1265,7941,0,9,100.00,717,19.8,300.2
2026-05-16T09:29:45,29.0,1279,7941,0,10,100.00,713,18.6,300.2
2026-05-16T09:29:50,27.5,1268,7941,1,7,100.00,663,17.8,300.2
2026-05-16T09:29:55,29.3,1263,7941,0,8,100.00,699,19.0,300.2
2026-05-16T09:30:01,26.9,1262,7941,0,10,100.00,697,17.5,300.2
2026-05-16T09:30:06,39.8,1266,7941,0,11,100.00,564,27.6,300.2
2026-05-16T09:30:12,36.9,1268,7941,0,11,100.00,660,24.3,300.2
2026-05-16T09:30:17,30.5,1262,7941,0,10,100.00,703,19.7,300.2
2026-05-16T09:30:22,33.2,1266,7941,0,9,100.00,629,21.9,300.2
2026-05-16T09:30:28,29.8,1264,7941,0,9,100.00,789,19.1,300.2
2026-05-16T09:30:33,28.0,1263,7941,0,8,100.00,672,18.4,301.5
2026-05-16T09:30:38,30.2,1267,7941,0,9,100.00,687,19.6,301.5
2026-05-16T09:30:44,31.1,1270,7941,1,8,100.00,634,20.9,301.5
2026-05-16T09:30:49,27.8,1267,7941,0,9,100.00,701,17.9,301.6
2026-05-16T09:30:54,30.7,1264,7941,0,10,100.00,714,19.8,301.9
2026-05-16T09:30:59,27.2,1273,7941,1,9,100.00,663,17.8,301.9
2026-05-16T09:31:05,31.0,1258,7941,0,8,100.00,738,20.2,301.9
2026-05-16T09:31:10,27.5,1267,7941,0,8,100.00,670,17.9,301.9
2026-05-16T09:31:15,30.0,1268,7941,0,8,100.00,663,19.3,301.9
2026-05-16T09:31:21,29.5,1259,7941,0,8,100.00,730,18.9,301.9
2026-05-16T09:31:26,28.2,1261,7941,0,8,100.00,693,18.6,301.9
2026-05-16T09:31:31,26.3,1264,7941,0,8,100.00,704,17.3,301.9
2026-05-16T09:31:37,31.4,1269,7941,0,8,100.00,667,20.8,301.9
2026-05-16T09:31:42,28.3,1265,7941,1,7,100.00,661,18.2,301.9
2026-05-16T09:31:47,29.6,1272,7941,0,8,100.00,673,19.1,301.9
2026-05-16T09:31:52,30.2,1268,7941,0,9,100.00,684,20.1,301.9
2026-05-16T09:31:58,27.9,1263,7941,0,9,100.00,716,18.1,301.9
2026-05-16T09:32:03,30.9,1282,7941,0,9,100.00,669,20.0,301.9
2026-05-16T09:32:08,27.6,1264,7941,0,9,100.00,710,17.8,301.9
2026-05-16T09:32:14,28.6,1266,7941,0,8,100.00,765,19.1,302.0
2026-05-16T09:32:19,28.9,1263,7941,0,8,100.00,613,18.4,302.0
2026-05-16T09:32:24,29.4,1263,7941,0,8,100.00,713,18.9,302.0
2026-05-16T09:32:29,29.1,1266,7941,0,9,100.00,660,19.2,302.0
2026-05-16T09:32:35,30.6,1271,7941,0,9,100.00,669,20.5,302.0
2026-05-16T09:32:40,30.1,1268,7941,0,8,100.00,738,19.6,302.0
2026-05-16T09:32:45,30.0,1265,7941,0,9,100.00,644,19.3,302.0
2026-05-16T09:32:51,27.6,1265,7941,0,9,100.00,735,18.2,302.0
2026-05-16T09:32:56,29.0,1265,7941,1,8,100.00,684,19.1,302.0
2026-05-16T09:33:01,28.8,1264,7941,0,8,100.00,701,19.1,302.0
2026-05-16T09:33:07,32.7,1273,7941,2,9,100.00,673,21.9,302.0
2026-05-16T09:33:12,29.1,1262,7941,1,7,100.00,737,18.9,302.0
2026-05-16T09:33:17,29.0,1266,7941,0,9,100.00,598,18.9,302.0
2026-05-16T09:33:23,29.7,1267,7941,0,9,100.00,696,18.9,302.0
2026-05-16T09:33:28,26.1,1265,7941,1,8,100.00,703,16.4,302.0
2026-05-16T09:33:33,29.1,1266,7941,0,9,100.00,705,19.0,302.0
2026-05-16T09:33:39,30.5,1266,7941,0,9,100.00,671,19.6,302.0
2026-05-16T09:33:44,25.7,1260,7941,0,8,100.00,669,16.4,302.0
2026-05-16T09:33:49,26.2,1264,7941,0,7,100.00,676,17.3,302.0
2026-05-16T09:33:55,25.1,1264,7941,1,7,100.00,750,15.9,302.0
2026-05-16T09:34:00,23.6,1264,7941,1,7,100.00,650,15.6,302.0
2026-05-16T09:34:05,28.3,1261,7941,0,8,100.00,686,18.2,302.0
2026-05-16T09:34:10,23.8,1272,7941,0,8,100.00,672,15.2,302.0
2026-05-16T09:34:16,23.8,1258,7941,0,7,100.00,649,15.3,302.0
2026-05-16T09:34:21,25.4,1263,7941,0,8,100.00,699,16.6,302.0
2026-05-16T09:34:26,24.4,1262,7941,0,8,100.00,691,15.9,302.0
2026-05-16T09:34:31,24.2,1262,7941,0,7,100.00,665,15.6,302.0
2026-05-16T09:34:37,24.5,1265,7941,0,8,100.00,742,15.8,302.0
2026-05-16T09:34:42,23.6,1268,7941,0,8,100.00,655,15.8,302.0
2026-05-16T09:34:47,24.8,1260,7941,0,8,100.00,671,15.9,302.0
2026-05-16T09:34:52,24.4,1264,7941,0,8,100.00,730,15.7,302.0
2026-05-16T09:34:58,23.4,1261,7941,0,7,100.00,630,15.0,302.0
2026-05-16T09:35:03,28.5,1270,7941,0,10,100.00,632,21.1,302.0
2026-05-16T09:35:08,31.3,1266,7941,0,10,100.00,632,20.6,302.0
2026-05-16T09:35:14,25.1,1269,7941,0,10,100.00,682,16.2,302.0
2026-05-16T09:35:19,24.1,1261,7941,0,8,100.00,719,15.2,302.0
2026-05-16T09:35:24,24.1,1255,7941,0,7,100.00,657,15.6,302.0
2026-05-16T09:35:29,21.7,1271,7941,0,8,100.00,685,14.0,302.0
2026-05-16T09:35:35,27.7,1267,7941,0,8,100.00,657,17.8,302.0
2026-05-16T09:35:40,23.0,1259,7941,0,7,100.00,682,14.6,302.0
2026-05-16T09:35:45,22.3,1272,7941,0,7,100.00,676,14.1,302.0
2026-05-16T09:35:51,21.3,1269,7941,0,8,100.00,707,13.6,302.0
2026-05-16T09:35:56,21.7,1270,7941,0,8,100.00,617,14.0,302.0
2026-05-16T09:36:01,24.7,1267,7941,0,7,100.00,821,15.8,302.0
2026-05-16T09:36:06,26.4,1273,7941,0,11,100.00,553,17.3,302.0
2026-05-16T09:36:12,21.3,1274,7941,0,11,100.00,743,14.3,302.0
2026-05-16T09:36:17,24.0,1256,7941,0,7,100.00,731,15.4,302.0
2026-05-16T09:36:22,22.2,1263,7941,0,7,100.00,639,14.4,302.0
2026-05-16T09:36:27,22.8,1263,7941,0,8,100.00,680,14.5,302.0
2026-05-16T09:36:33,21.3,1257,7941,0,6,100.00,744,13.9,302.0
2026-05-16T09:36:38,22.5,1260,7941,0,7,100.00,637,14.4,302.0
2026-05-16T09:36:43,22.0,1264,7941,0,8,100.00,675,14.2,302.0
2026-05-16T09:36:48,21.8,1266,7941,0,8,100.00,612,14.0,302.0
2026-05-16T09:36:54,22.4,1263,7941,0,7,100.00,810,14.2,302.0
2026-05-16T09:36:59,23.3,1260,7941,0,7,100.00,691,14.8,302.0
2026-05-16T09:37:04,25.2,1280,7941,0,8,100.00,638,16.1,302.0
2026-05-16T09:37:09,23.3,1269,7941,0,8,100.00,628,15.6,302.0
2026-05-16T09:37:15,21.0,1262,7941,0,7,100.00,748,13.6,302.0
2026-05-16T09:37:20,22.4,1267,7941,0,7,100.00,670,14.3,302.0
2026-05-16T09:37:25,22.2,1267,7941,0,7,100.00,673,14.0,302.0
2026-05-16T09:37:30,20.9,1260,7941,0,6,100.00,690,13.7,302.0
2026-05-16T09:37:35,21.7,1259,7941,2,4,100.00,674,13.7,302.0
2026-05-16T09:37:41,22.7,1268,7941,0,8,100.00,697,15.0,302.0
2026-05-16T09:37:46,22.3,1262,7941,0,8,100.00,655,14.3,302.0
2026-05-16T09:37:51,21.4,1266,7941,0,8,100.00,680,13.9,302.0
2026-05-16T09:37:56,21.0,1263,7941,0,7,100.00,710,13.7,302.0
2026-05-16T09:38:02,22.3,1264,7941,2,5,100.00,652,14.6,302.0
2026-05-16T09:38:07,23.4,1262,7941,0,7,100.00,726,15.3,302.0
2026-05-16T09:38:12,21.6,1265,7941,0,7,100.00,688,14.2,302.0
2026-05-16T09:38:17,21.5,1263,7941,1,6,100.00,681,13.9,302.0
2026-05-16T09:38:23,23.0,1268,7941,0,7,100.00,695,14.8,302.0
2026-05-16T09:38:28,23.4,1266,7941,0,6,100.00,665,15.2,302.0
2026-05-16T09:38:33,23.2,1265,7941,0,7,100.00,696,15.2,302.0
2026-05-16T09:38:38,22.3,1264,7941,0,7,100.00,700,14.1,302.0
2026-05-16T09:38:44,22.2,1263,7941,0,7,100.00,688,14.4,302.0
2026-05-16T09:38:49,21.6,1261,7941,1,5,100.00,689,13.8,302.0
2026-05-16T09:38:54,22.9,1263,7941,0,8,100.00,590,14.5,302.0
2026-05-16T09:39:00,22.0,1268,7941,0,8,100.00,677,14.0,302.0
2026-05-16T09:39:05,33.4,1270,7941,0,10,100.00,736,21.3,302.0
2026-05-16T09:39:10,25.3,1272,7941,0,10,100.00,674,16.9,302.0
2026-05-16T09:39:15,21.5,1265,7941,1,7,100.00,624,13.7,302.0
2026-05-16T09:39:21,21.9,1269,7941,0,8,100.00,738,14.3,302.0
2026-05-16T09:39:26,22.2,1268,7941,0,7,100.00,690,14.1,302.0
2026-05-16T09:39:31,20.7,1268,7941,0,8,100.00,662,13.5,302.0
2026-05-16T09:39:36,21.8,1266,7941,0,8,100.00,687,13.9,302.0
2026-05-16T09:39:42,22.3,1258,7941,0,6,100.00,700,14.6,302.0
2026-05-16T09:39:47,23.6,1264,7941,0,7,100.00,640,15.5,302.0
2026-05-16T09:39:52,22.1,1270,7941,0,7,100.00,680,14.8,302.0
2026-05-16T09:39:57,21.4,1269,7941,0,7,100.00,666,13.8,302.0
2026-05-16T09:40:02,26.7,1272,7941,2,8,100.00,754,18.4,302.0
2026-05-16T09:40:08,33.8,1270,7941,1,9,100.00,595,22.8,302.0
2026-05-16T09:40:13,27.2,1270,7941,0,10,100.00,740,17.6,302.0
2026-05-16T09:40:19,27.7,1259,7941,0,7,100.00,661,17.7,302.0
2026-05-16T09:40:24,24.3,1268,7941,0,8,100.00,706,15.4,302.0
2026-05-16T09:40:29,21.9,1268,7941,0,8,100.00,646,13.8,302.0
2026-05-16T09:40:34,22.6,1264,7941,0,7,100.00,675,14.7,302.0
2026-05-16T09:40:40,22.6,1266,7941,0,6,100.00,804,14.6,302.0
2026-05-16T09:40:45,21.4,1265,7941,0,7,100.00,595,13.8,302.0
2026-05-16T09:40:50,22.3,1270,7941,0,7,100.00,663,14.3,302.0
2026-05-16T09:40:55,21.5,1268,7941,1,6,100.00,727,13.6,302.0
2026-05-16T09:41:00,22.7,1269,7941,0,7,100.00,709,14.4,302.0
2026-05-16T09:41:06,24.9,1268,7941,0,7,100.00,646,16.1,302.0
2026-05-16T09:41:11,22.7,1259,7941,0,7,100.00,661,14.4,302.0
2026-05-16T09:41:16,21.8,1263,7941,0,7,100.00,720,13.7,302.0
2026-05-16T09:41:21,22.4,1269,7941,0,8,100.00,652,14.3,302.0
2026-05-16T09:41:27,21.0,1267,7941,0,8,100.00,632,13.5,302.0
2026-05-16T09:41:32,20.7,1261,7941,0,6,100.00,770,13.6,302.0
2026-05-16T09:41:37,22.0,1259,7941,0,6,100.00,678,14.1,302.0
2026-05-16T09:41:43,21.3,1268,7941,0,6,100.00,747,13.9,302.0
2026-05-16T09:41:48,21.7,1264,7941,1,6,100.00,612,13.8,302.0
2026-05-16T09:41:53,21.5,1269,7941,0,8,100.00,678,14.2,302.0
2026-05-16T09:41:58,23.1,1267,7941,0,9,100.00,708,15.2,302.0
2026-05-16T09:42:03,25.4,1273,7941,0,9,100.00,723,16.4,302.0
2026-05-16T09:42:09,23.7,1274,7941,0,9,100.00,617,14.9,302.0
2026-05-16T09:42:14,24.8,1274,7941,0,7,100.00,685,15.9,302.0
2026-05-16T09:42:19,24.7,1283,7941,0,7,100.00,753,16.2,302.0
2026-05-16T09:42:24,27.1,1272,7941,0,9,100.00,624,17.0,302.0
2026-05-16T09:42:30,24.4,1274,7941,0,9,100.00,707,15.8,302.0
2026-05-16T09:42:35,27.0,1267,7941,0,8,100.00,704,17.1,302.0
2026-05-16T09:42:40,23.7,1264,7941,0,8,100.00,672,15.0,302.0
2026-05-16T09:42:45,24.9,1271,7941,0,8,100.00,664,15.9,302.0
2026-05-16T09:42:51,23.5,1268,7941,0,8,100.00,675,15.5,302.0
2026-05-16T09:42:56,25.7,1267,7941,0,8,100.00,766,16.4,302.0
2026-05-16T09:43:01,25.0,1268,7941,1,7,100.00,624,16.1,302.0
2026-05-16T09:43:07,28.0,1260,7941,0,8,100.00,696,18.8,302.0
2026-05-16T09:43:12,24.7,1272,7941,1,8,100.00,675,15.8,302.0
2026-05-16T09:43:17,24.5,1273,7941,0,9,100.00,693,15.8,302.0
2026-05-16T09:43:22,24.5,1269,7941,0,8,100.00,677,15.7,302.0
2026-05-16T09:43:28,24.7,1264,7941,0,8,100.00,679,15.8,302.0
2026-05-16T09:43:33,23.7,1264,7941,0,8,100.00,754,15.2,302.0
2026-05-16T09:43:38,24.2,1268,7941,0,9,100.00,620,15.7,302.0
2026-05-16T09:43:43,23.4,1263,7941,0,7,100.00,708,15.1,302.0
2026-05-16T09:43:49,23.7,1269,7941,0,7,100.00,631,14.7,302.0
2026-05-16T09:43:54,24.8,1260,7941,0,7,100.00,729,15.9,302.0
2026-05-16T09:43:59,23.6,1261,7941,0,7,100.00,674,15.3,302.0
2026-05-16T09:44:04,28.2,1266,7941,1,7,100.00,691,18.5,302.0
2026-05-16T09:44:10,25.9,1277,7941,0,8,100.00,697,17.1,302.0
2026-05-16T09:44:15,25.0,1269,7941,0,8,100.00,641,16.4,302.0
2026-05-16T09:44:20,23.8,1272,7941,0,8,100.00,668,15.2,302.0
2026-05-16T09:44:25,25.8,1265,7941,0,8,100.00,710,16.9,302.0
2026-05-16T09:44:31,23.5,1272,7941,0,7,100.00,672,15.7,302.0
2026-05-16T09:44:36,26.4,1265,7941,0,9,100.00,694,17.2,302.0
2026-05-16T09:44:41,24.5,1268,7941,0,9,100.00,628,15.8,302.0
2026-05-16T09:44:46,25.9,1266,7941,0,7,100.00,737,17.0,302.0
2026-05-16T09:44:52,24.4,1260,7941,0,7,100.00,682,16.0,302.0
2026-05-16T09:44:57,22.7,1261,7941,0,7,100.00,650,14.3,302.0
2026-05-16T09:45:02,26.6,1270,7941,0,10,100.00,740,18.1,302.0
2026-05-16T09:45:08,33.3,1269,7941,0,11,100.00,594,23.7,302.0
2026-05-16T09:45:13,22.8,1270,7941,0,11,100.00,737,14.9,302.0
2026-05-16T09:45:18,24.3,1262,7941,0,8,100.00,637,15.6,302.0
2026-05-16T09:45:24,24.5,1264,7941,0,8,100.00,774,16.0,302.0
2026-05-16T09:45:29,24.4,1262,7941,0,7,100.00,643,15.8,302.0
2026-05-16T09:45:34,23.3,1264,7941,0,9,100.00,712,14.3,302.0
2026-05-16T09:45:39,21.8,1271,7941,0,9,100.00,679,13.9,302.0
2026-05-16T09:45:45,24.0,1264,7941,1,7,100.00,587,15.3,302.0
2026-05-16T09:45:50,22.9,1265,7941,0,7,100.00,692,14.8,302.0
2026-05-16T09:45:55,22.4,1259,7941,0,7,100.00,709,14.2,302.0
2026-05-16T09:46:00,22.7,1261,7941,0,7,100.00,662,14.6,302.0
2026-05-16T09:46:06,25.0,1260,7941,0,7,100.00,761,16.2,302.0
2026-05-16T09:46:11,23.5,1259,7941,0,6,100.00,667,15.4,302.0
2026-05-16T09:46:16,24.0,1260,7941,0,7,100.00,693,15.0,302.0
2026-05-16T09:46:22,23.2,1265,7941,1,6,100.00,711,15.2,302.0
2026-05-16T09:46:27,24.5,1262,7941,0,7,100.00,650,15.9,302.0
2026-05-16T09:46:32,25.5,1262,7941,0,7,100.00,686,16.4,302.0
2026-05-16T09:46:37,25.0,1260,7941,0,7,100.00,673,16.0,302.0
2026-05-16T09:46:43,27.0,1263,7941,0,8,100.00,660,17.2,302.0
2026-05-16T09:46:48,24.9,1261,7941,0,8,100.00,703,16.1,302.0
2026-05-16T09:46:53,23.5,1269,7941,1,6,100.00,712,15.0,302.0
2026-05-16T09:46:58,26.0,1266,7941,0,8,100.00,710,16.7,302.0
2026-05-16T09:47:04,26.6,1264,7941,0,8,100.00,642,17.4,302.0
2026-05-16T09:47:09,26.5,1264,7941,0,8,100.00,676,16.9,302.0
2026-05-16T09:47:14,27.4,1260,7941,0,7,100.00,675,17.8,302.0
2026-05-16T09:47:19,27.1,1266,7941,2,5,100.00,683,17.6,302.0
2026-05-16T09:47:25,29.9,1266,7941,0,9,100.00,690,18.9,302.0
2026-05-16T09:47:30,26.3,1272,7941,0,9,100.00,685,17.0,302.0
2026-05-16T09:47:35,28.3,1269,7941,0,9,100.00,680,18.5,302.0
2026-05-16T09:47:41,27.9,1267,7941,1,8,100.00,733,18.4,302.0
2026-05-16T09:47:46,28.6,1265,7941,0,9,100.00,651,18.1,302.0
2026-05-16T09:47:51,29.4,1269,7941,1,7,100.00,708,19.3,302.0
2026-05-16T09:47:56,28.1,1262,7941,2,6,100.00,667,18.4,302.0
2026-05-16T09:48:02,28.4,1262,7941,0,10,100.00,728,19.0,302.0
2026-05-16T09:48:07,30.5,1274,7941,0,10,100.00,664,20.2,302.0
2026-05-16T09:48:12,27.0,1272,7941,0,8,100.00,641,17.8,302.0
2026-05-16T09:48:18,27.9,1270,7941,0,8,100.00,692,17.9,302.0
2026-05-16T09:48:23,26.4,1261,7941,0,7,100.00,736,17.3,302.0
2026-05-16T09:48:28,27.3,1265,7941,0,7,100.00,671,17.9,302.0
2026-05-16T09:48:34,29.1,1267,7941,0,8,100.00,632,19.1,302.0
2026-05-16T09:48:39,29.0,1270,7941,0,8,100.00,757,19.1,302.0
2026-05-16T09:48:44,28.8,1269,7941,0,8,100.00,678,18.4,302.0
2026-05-16T09:48:49,28.6,1263,7941,0,9,100.00,651,18.8,302.0
2026-05-16T09:48:55,28.4,1265,7941,0,9,100.00,695,18.7,302.0
2026-05-16T09:49:00,28.2,1268,7941,0,9,100.00,663,18.6,302.0
2026-05-16T09:49:05,36.0,1267,7941,0,9,100.00,717,23.2,302.0
2026-05-16T09:49:11,27.5,1275,7941,0,9,100.00,699,17.9,302.0
2026-05-16T09:49:16,29.5,1260,7941,0,8,100.00,669,19.0,302.0
2026-05-16T09:49:21,27.1,1264,7941,0,8,100.00,763,17.5,302.0
2026-05-16T09:49:27,26.2,1266,7941,0,9,100.00,633,16.8,302.0
2026-05-16T09:49:32,27.4,1265,7941,0,9,100.00,656,17.9,302.0
2026-05-16T09:49:37,25.9,1266,7941,0,9,100.00,697,16.7,302.0
2026-05-16T09:49:42,25.2,1266,7941,0,8,100.00,678,16.1,302.0
2026-05-16T09:49:48,24.5,1257,7941,0,7,100.00,690,15.4,302.0
2026-05-16T09:49:53,25.5,1265,7941,0,8,100.00,709,16.4,302.0
2026-05-16T09:49:58,26.7,1267,7941,0,8,100.00,701,17.2,302.0
2026-05-16T09:50:04,31.0,1277,7941,2,9,100.00,651,21.3,302.0
2026-05-16T09:50:09,37.5,1278,7941,0,11,100.00,633,25.1,302.0
2026-05-16T09:50:14,32.8,1274,7941,0,9,100.00,678,21.4,302.0
2026-05-16T09:50:20,33.1,1279,7941,0,10,100.00,689,21.4,302.0
2026-05-16T09:50:25,31.4,1266,7941,1,9,100.00,581,20.4,302.0
2026-05-16T09:50:30,27.3,1262,7941,0,8,100.00,778,17.7,302.0
2026-05-16T09:50:36,28.0,1262,7941,0,8,100.00,631,17.9,302.0
2026-05-16T09:50:41,29.5,1264,7941,0,9,100.00,776,19.4,302.0
2026-05-16T09:50:46,28.7,1265,7941,0,9,100.00,683,18.7,302.0
2026-05-16T09:50:51,27.4,1259,7941,0,8,100.00,683,18.1,302.0
2026-05-16T09:50:57,27.3,1273,7941,0,8,100.00,635,17.4,302.0
2026-05-16T09:51:02,31.9,1265,7941,0,9,100.00,731,21.3,302.0
2026-05-16T09:51:07,29.2,1262,7941,0,9,100.00,646,19.0,302.0
2026-05-16T09:51:13,28.9,1267,7941,0,8,100.00,738,19.1,302.0
2026-05-16T09:51:18,26.4,1263,7941,0,8,100.00,681,17.0,302.0
2026-05-16T09:51:23,31.9,1272,7941,1,9,100.00,658,20.9,302.0
2026-05-16T09:51:29,27.1,1274,7941,0,10,100.00,695,17.3,302.0
2026-05-16T09:51:34,26.9,1269,7941,0,8,100.00,669,17.6,302.0
2026-05-16T09:51:39,28.4,1269,7941,0,8,100.00,739,18.8,302.0
2026-05-16T09:51:44,26.9,1267,7941,0,9,100.00,588,17.4,302.0
2026-05-16T09:51:50,28.4,1275,7941,0,9,100.00,706,18.7,302.0
2026-05-16T09:51:55,28.6,1269,7941,0,8,100.00,764,18.9,302.0
2026-05-16T09:52:00,27.0,1275,7941,0,9,100.00,638,17.4,302.0
2026-05-16T09:52:06,30.3,1266,7941,1,8,100.00,756,19.7,302.0
2026-05-16T09:52:11,26.5,1267,7941,0,9,100.00,628,17.0,302.0
2026-05-16T09:52:16,26.7,1268,7941,0,8,100.00,729,17.1,302.0
2026-05-16T09:52:21,28.6,1266,7941,1,7,100.00,684,18.9,302.0
2026-05-16T09:52:27,28.7,1269,7941,0,8,100.00,624,18.5,302.0
2026-05-16T09:52:32,28.3,1266,7941,0,8,100.00,721,18.6,302.0
2026-05-16T09:52:37,27.1,1269,7941,0,8,100.00,683,17.5,302.0
2026-05-16T09:52:43,26.6,1271,7941,0,8,100.00,716,17.4,302.0
2026-05-16T09:52:48,26.0,1264,7941,0,8,100.00,685,16.4,302.0
2026-05-16T09:52:53,28.5,1275,7941,0,9,100.00,678,18.4,302.0
2026-05-16T09:52:58,28.2,1271,7941,0,8,100.00,714,18.2,302.0
2026-05-16T09:53:04,30.8,1277,7941,0,8,100.00,689,20.3,302.0
2026-05-16T09:53:09,28.1,1273,7941,0,8,100.00,650,18.3,302.0
2026-05-16T09:53:14,25.9,1276,7941,0,8,100.00,736,16.6,302.0
2026-05-16T09:53:19,26.9,1265,7941,0,8,100.00,674,17.4,302.0
2026-05-16T09:53:25,28.4,1271,7941,1,7,100.00,670,18.4,302.0
2026-05-16T09:53:30,26.4,1267,7941,0,8,100.00,690,17.1,302.0
2026-05-16T09:53:35,26.9,1263,7941,0,8,100.00,643,17.6,302.0
2026-05-16T09:53:41,29.7,1276,7941,0,9,100.00,649,19.1,302.0
2026-05-16T09:53:46,30.5,1272,7941,0,9,100.00,731,19.4,302.0
2026-05-16T09:53:51,28.7,1268,7941,0,9,100.00,723,18.7,302.0
2026-05-16T09:53:57,27.9,1271,7941,0,9,100.00,655,17.6,302.0
2026-05-16T09:54:02,31.4,1268,7941,0,9,100.00,700,21.1,302.0
2026-05-16T09:54:07,33.5,1271,7941,1,9,100.00,637,22.2,302.0
2026-05-16T09:54:13,31.4,1268,7941,0,8,100.00,657,20.8,302.0
2026-05-16T09:54:18,33.2,1260,7941,0,9,100.00,704,21.7,302.0
2026-05-16T09:54:23,33.3,1269,7941,1,8,100.00,722,21.6,302.0
2026-05-16T09:54:29,30.7,1265,7941,0,9,100.00,697,20.3,302.0
2026-05-16T09:54:34,31.6,1268,7941,0,8,100.00,722,20.8,302.0
2026-05-16T09:54:39,33.2,1271,7941,0,8,100.00,648,21.9,302.0
2026-05-16T09:54:45,30.8,1262,7941,0,8,100.00,714,19.8,302.0
2026-05-16T09:54:50,31.8,1268,7941,0,8,100.00,662,20.9,302.0
2026-05-16T09:54:55,32.1,1266,7941,0,9,100.00,681,21.3,302.0
2026-05-16T09:55:01,29.9,1274,7941,1,8,100.00,657,19.8,302.0
2026-05-16T09:55:06,38.5,1268,7941,0,11,100.00,564,26.9,302.0
2026-05-16T09:55:11,31.8,1276,7941,0,11,100.00,728,20.8,302.0
2026-05-16T09:55:17,30.5,1261,7941,1,7,100.00,682,20.2,302.0
2026-05-16T09:55:22,33.8,1274,7941,0,9,100.00,722,22.1,302.0
2026-05-16T09:55:27,32.5,1275,7941,0,9,100.00,642,20.2,302.0
2026-05-16T09:55:33,32.4,1273,7941,0,9,100.00,661,21.2,302.0
2026-05-16T09:55:38,32.5,1270,7941,0,9,100.00,756,21.0,302.0
2026-05-16T09:55:43,29.2,1274,7941,0,9,100.00,609,18.7,302.0
2026-05-16T09:55:49,31.9,1273,7941,0,9,100.00,695,20.6,302.1
2026-05-16T09:55:54,32.3,1268,7941,0,9,100.00,755,21.1,302.1
2026-05-16T09:55:59,31.4,1271,7941,0,9,100.00,579,21.1,302.1
2026-05-16T09:56:05,34.3,1273,7941,0,10,100.00,755,22.4,302.1
2026-05-16T09:56:10,29.8,1283,7941,0,10,100.00,665,19.5,302.1
2026-05-16T09:56:15,30.0,1275,7941,1,7,100.00,641,19.6,302.0
2026-05-16T09:56:20,30.3,1279,7941,0,9,100.00,779,19.5,302.0
2026-05-16T09:56:26,31.7,1274,7941,0,9,100.00,622,20.7,302.0
2026-05-16T09:56:31,28.9,1276,7941,0,8,100.00,726,18.8,302.0
2026-05-16T09:56:36,31.7,1266,7941,1,7,100.00,687,20.7,302.0
2026-05-16T09:56:42,28.2,1278,7941,0,8,100.00,637,18.2,302.0
2026-05-16T09:56:47,30.9,1279,7941,0,9,100.00,668,20.0,302.0
2026-05-16T09:56:52,32.5,1283,7941,0,9,100.00,769,21.1,302.0
2026-05-16T09:56:58,33.5,1277,7941,1,8,100.00,713,22.4,302.0
2026-05-16T09:57:03,34.5,1277,7941,0,10,100.00,607,23.3,302.0
2026-05-16T09:57:08,33.0,1279,7941,0,10,100.00,638,21.9,302.0
2026-05-16T09:57:14,31.8,1273,7941,1,8,100.00,764,21.1,302.0
2026-05-16T09:57:19,32.2,1279,7941,0,9,100.00,704,20.4,302.0
2026-05-16T09:57:24,34.1,1270,7941,0,9,100.00,711,22.3,302.0
2026-05-16T09:57:30,33.7,1277,7941,1,8,100.00,630,22.2,302.0
2026-05-16T09:57:35,35.6,1276,7941,0,9,100.00,714,23.5,302.0
2026-05-16T09:57:40,31.2,1278,7941,0,9,100.00,656,20.8,302.0
2026-05-16T09:57:46,31.7,1278,7941,0,9,100.00,660,20.2,302.0
2026-05-16T09:57:51,31.0,1280,7941,0,9,100.00,726,20.2,302.0
2026-05-16T09:57:56,31.9,1281,7941,0,9,100.00,675,21.5,302.0
2026-05-16T09:58:02,33.1,1283,7941,0,9,100.00,699,22.2,302.0
2026-05-16T09:58:07,36.3,1279,7941,1,8,100.00,728,24.3,302.0
2026-05-16T09:58:13,31.0,1278,7941,0,8,100.00,675,20.0,302.0
2026-05-16T09:58:18,30.8,1281,7941,0,8,100.00,723,20.0,302.0
2026-05-16T09:58:23,31.5,1291,7941,0,8,100.00,625,20.5,302.0
2026-05-16T09:58:28,30.1,1286,7941,0,8,100.00,710,19.8,302.0
2026-05-16T09:58:34,33.6,1278,7941,0,9,100.00,714,21.8,302.0
2026-05-16T09:58:39,28.8,1274,7941,1,8,100.00,691,18.8,302.0
2026-05-16T09:58:45,29.8,1274,7941,0,9,100.00,614,19.1,302.0
2026-05-16T09:58:50,32.0,1276,7941,0,9,100.00,799,21.2,302.1
2026-05-16T09:58:55,29.0,1272,7941,0,9,100.00,615,18.4,302.1
2026-05-16T09:59:00,31.1,1272,7941,0,9,100.00,729,20.3,302.1
2026-05-16T09:59:06,36.4,1273,7941,0,11,100.00,611,24.0,302.1
2026-05-16T09:59:11,27.9,1289,7941,0,11,100.00,655,18.0,302.1
2026-05-16T09:59:16,28.1,1268,7941,0,8,100.00,763,17.8,302.1
2026-05-16T09:59:22,30.2,1281,7941,1,9,100.00,638,19.4,302.1
2026-05-16T09:59:27,27.9,1267,7941,0,8,100.00,654,18.2,302.0
2026-05-16T09:59:32,28.5,1275,7941,0,9,100.00,744,18.4,302.0
2026-05-16T09:59:38,28.0,1270,7941,0,9,100.00,661,18.2,302.0
2026-05-16T09:59:43,30.0,1271,7941,0,9,100.00,711,19.5,302.0
2026-05-16T09:59:48,28.6,1271,7941,0,9,100.00,728,18.6,302.0
2026-05-16T09:59:53,27.5,1267,7941,0,9,100.00,630,18.1,302.0
2026-05-16T09:59:59,29.0,1272,7941,1,7,100.00,700,18.8,302.0
2026-05-16T10:00:04,33.2,1276,7941,0,10,100.00,580,23.7,302.0
2026-05-16T10:00:10,40.5,1271,7941,0,11,100.00,524,31.1,302.0
2026-05-16T10:00:15,41.7,1272,7941,1,10,100.00,667,27.9,302.0
2026-05-16T10:00:21,36.1,1279,7941,0,10,100.00,653,24.6,302.0
2026-05-16T10:00:26,40.7,1274,7941,0,11,100.00,639,26.5,302.0
2026-05-16T10:00:32,38.0,1278,7941,1,10,100.00,723,24.7,302.0
2026-05-16T10:00:37,31.5,1268,7941,0,10,100.00,651,20.4,302.0
2026-05-16T10:00:43,34.3,1267,7941,0,9,100.00,763,22.6,302.0
2026-05-16T10:00:48,28.7,1273,7941,0,9,100.00,650,18.8,302.0
2026-05-16T10:00:53,30.2,1268,7941,0,7,100.00,736,19.6,302.0
2026-05-16T10:00:59,32.4,1269,7941,0,9,100.00,741,20.5,302.0
2026-05-16T10:01:04,31.4,1267,7941,1,8,100.00,563,20.8,302.0
2026-05-16T10:01:09,28.7,1269,7941,0,9,100.00,686,18.4,302.0
2026-05-16T10:01:15,25.1,1274,7941,0,11,100.00,709,16.1,302.0
2026-05-16T10:01:20,23.4,1268,7941,1,8,100.00,669,15.4,302.0
2026-05-16T10:01:25,29.0,1265,7941,0,8,100.00,699,18.6,302.0
2026-05-16T10:01:30,24.3,1270,7941,0,8,100.00,627,15.6,302.0
2026-05-16T10:01:36,24.9,1268,7941,0,7,100.00,676,16.0,302.0
2026-05-16T10:01:41,24.6,1275,7941,0,8,100.00,744,16.0,302.0
2026-05-16T10:01:46,23.7,1278,7941,0,9,100.00,670,14.9,302.0
2026-05-16T10:01:51,24.4,1278,7941,0,9,100.00,656,15.7,302.0
2026-05-16T10:01:57,23.9,1266,7941,0,7,100.00,758,15.2,302.0
2026-05-16T10:02:02,24.1,1270,7941,0,7,100.00,590,16.2,302.0
2026-05-16T10:02:07,27.6,1268,7941,0,8,100.00,835,17.9,302.0
2026-05-16T10:02:12,23.3,1270,7941,0,8,100.00,597,15.2,302.0
2026-05-16T10:02:18,25.9,1267,7941,0,8,100.00,649,17.0,302.0
2026-05-16T10:02:23,22.8,1274,7941,0,8,100.00,648,14.5,302.0
2026-05-16T10:02:28,22.6,1262,7941,0,7,100.00,738,14.6,302.0
2026-05-16T10:02:33,25.0,1267,7941,0,8,100.00,737,16.2,302.0
2026-05-16T10:02:39,26.8,1268,7941,0,8,100.00,647,17.7,302.0
2026-05-16T10:02:44,22.6,1273,7941,0,8,100.00,611,14.5,302.0
2026-05-16T10:02:49,23.7,1271,7941,0,7,100.00,753,15.0,302.0
2026-05-16T10:02:54,24.3,1270,7941,0,8,100.00,622,15.8,302.0
2026-05-16T10:02:59,23.4,1278,7941,0,8,100.00,682,15.0,302.0
2026-05-16T10:03:05,29.9,1269,7941,0,9,100.00,758,19.2,302.0
2026-05-16T10:03:10,21.6,1269,7941,0,9,100.00,617,14.1,302.0
2026-05-16T10:03:15,23.4,1268,7941,0,7,100.00,770,15.4,302.0
2026-05-16T10:03:21,24.7,1270,7941,1,7,100.00,677,16.0,302.1
2026-05-16T10:03:26,22.1,1266,7941,0,7,100.00,710,14.1,302.1
2026-05-16T10:03:31,24.1,1270,7941,1,6,100.00,665,16.1,302.1
2026-05-16T10:03:36,24.0,1267,7941,0,9,100.00,571,15.4,302.1
2026-05-16T10:03:42,24.3,1275,7941,0,9,100.00,755,16.0,302.1
2026-05-16T10:03:47,25.0,1270,7941,0,8,100.00,674,15.4,302.1
2026-05-16T10:03:52,23.0,1270,7941,0,8,100.00,655,14.9,302.0
2026-05-16T10:03:57,24.3,1264,7941,0,9,100.00,696,15.7,302.0
2026-05-16T10:04:03,24.9,1276,7941,0,9,100.00,668,16.2,302.0
2026-05-16T10:04:08,23.7,1266,7941,0,7,100.00,753,15.2,302.0
2026-05-16T10:04:13,23.8,1265,7941,0,7,100.00,672,15.5,302.0
2026-05-16T10:04:18,22.8,1263,7941,1,6,100.00,664,14.7,302.0
2026-05-16T10:04:24,23.0,1269,7941,0,7,100.00,733,14.6,302.0
2026-05-16T10:04:29,22.1,1266,7941,0,7,100.00,672,13.8,302.1
2026-05-16T10:04:34,24.3,1271,7941,0,8,100.00,582,16.2,302.1
2026-05-16T10:04:39,24.0,1282,7941,0,8,100.00,739,15.8,302.1
2026-05-16T10:04:45,22.3,1274,7941,0,7,100.00,727,14.3,302.1
2026-05-16T10:04:50,22.1,1271,7941,0,8,100.00,606,14.5,302.0
2026-05-16T10:04:55,24.9,1274,7941,0,8,100.00,748,16.1,302.0
2026-05-16T10:05:00,21.4,1276,7941,0,7,100.00,683,14.0,302.1
2026-05-16T10:05:06,34.4,1272,7941,0,11,100.00,615,22.1,302.1
2026-05-16T10:05:11,25.5,1273,7941,0,11,100.00,753,16.7,302.1
2026-05-16T10:05:16,22.7,1266,7941,0,8,100.00,591,14.3,302.1
2026-05-16T10:05:21,24.4,1270,7941,0,7,100.00,724,16.1,302.1
2026-05-16T10:05:27,24.0,1268,7941,0,7,100.00,690,15.1,302.1
2026-05-16T10:05:32,23.3,1264,7941,0,7,100.00,692,15.0,302.1
2026-05-16T10:05:37,25.9,1268,7941,0,8,100.00,751,16.5,302.1
2026-05-16T10:05:42,24.3,1271,7941,0,8,100.00,632,16.1,302.1
2026-05-16T10:05:48,23.1,1268,7941,1,6,100.00,734,14.6,302.1
2026-05-16T10:05:53,24.9,1269,7941,0,8,100.00,641,16.2,302.1
2026-05-16T10:05:58,24.4,1269,7941,0,8,100.00,659,16.0,302.1
2026-05-16T10:06:03,29.7,1275,7941,0,11,100.00,656,19.2,302.1
2026-05-16T10:06:09,24.6,1281,7941,0,11,100.00,675,15.8,302.1
2026-05-16T10:06:14,23.6,1263,7941,0,8,100.00,663,15.5,302.1
2026-05-16T10:06:19,27.2,1273,7941,0,9,100.00,767,17.6,302.1
2026-05-16T10:06:24,26.3,1271,7941,0,9,100.00,677,17.2,302.1
2026-05-16T10:06:30,24.0,1271,7941,0,8,100.00,624,16.1,302.1
2026-05-16T10:06:35,25.7,1263,7941,0,7,100.00,763,16.2,302.1
2026-05-16T10:06:40,23.6,1267,7941,0,7,100.00,612,15.6,302.1
2026-05-16T10:06:45,23.3,1270,7941,0,8,100.00,720,14.8,302.1
2026-05-16T10:06:51,22.1,1268,7941,0,7,100.00,672,14.3,302.1
2026-05-16T10:06:56,22.9,1268,7941,0,7,100.00,724,14.8,302.1
2026-05-16T10:07:01,24.9,1270,7941,1,7,100.00,732,16.2,302.1
2026-05-16T10:07:06,24.8,1268,7941,0,8,100.00,658,15.9,302.1
2026-05-16T10:07:12,25.5,1268,7941,1,7,100.00,603,16.9,302.1
2026-05-16T10:07:17,26.2,1269,7941,0,8,100.00,731,16.7,302.1
2026-05-16T10:07:22,27.2,1265,7941,0,8,100.00,583,17.2,302.1
2026-05-16T10:07:27,25.7,1272,7941,0,8,100.00,766,16.4,302.1
2026-05-16T10:07:33,30.4,1275,7941,0,9,100.00,718,19.7,302.1
2026-05-16T10:07:38,28.3,1269,7941,0,9,100.00,648,18.4,302.1
2026-05-16T10:07:43,28.5,1276,7941,0,9,100.00,737,18.5,302.1
2026-05-16T10:07:49,27.3,1266,7941,0,9,100.00,572,17.3,302.1
2026-05-16T10:07:54,27.5,1271,7941,1,7,100.00,778,18.4,302.1
2026-05-16T10:07:59,28.6,1272,7941,0,9,100.00,640,18.2,302.1
2026-05-16T10:08:04,29.3,1266,7941,0,9,100.00,693,19.4,302.0
2026-05-16T10:08:10,28.2,1266,7941,0,8,100.00,769,18.4,302.0
2026-05-16T10:08:15,28.8,1266,7941,1,7,100.00,689,18.9,302.0
2026-05-16T10:08:20,28.6,1269,7941,1,7,100.00,655,18.6,302.0
2026-05-16T10:08:26,28.9,1276,7941,0,8,100.00,668,18.2,302.0
2026-05-16T10:08:31,24.6,1267,7941,0,8,100.00,652,15.8,302.0
2026-05-16T10:08:36,28.7,1266,7941,0,9,100.00,693,18.4,302.0
2026-05-16T10:08:41,27.2,1267,7941,0,8,100.00,755,18.1,302.0
2026-05-16T10:08:47,27.1,1270,7941,1,7,100.00,630,17.4,302.0
2026-05-16T10:08:52,27.8,1268,7941,0,8,100.00,751,18.5,302.0
2026-05-16T10:08:57,25.5,1270,7941,0,8,100.00,676,16.6,302.0
2026-05-16T10:09:02,28.5,1270,7941,1,9,100.00,607,19.4,302.0
2026-05-16T10:09:08,36.6,1267,7941,0,10,100.00,619,24.6,302.0
2026-05-16T10:09:13,24.3,1271,7941,0,10,100.00,671,15.6,302.0
2026-05-16T10:09:19,26.9,1261,7941,0,7,100.00,676,17.4,302.0
2026-05-16T10:09:24,30.7,1281,7941,0,10,100.00,673,19.8,302.0
2026-05-16T10:09:29,25.9,1273,7941,2,8,100.00,739,17.1,302.0
2026-05-16T10:09:34,30.4,1263,7941,1,8,100.00,629,19.3,302.0
2026-05-16T10:09:40,28.8,1266,7941,0,9,100.00,700,18.5,302.0
2026-05-16T10:09:45,27.1,1268,7941,0,8,100.00,679,17.5,302.1
2026-05-16T10:09:50,32.4,1264,7941,0,8,100.00,757,21.0,302.1
2026-05-16T10:09:56,28.2,1264,7941,0,8,100.00,640,18.1,302.1
2026-05-16T10:10:01,28.6,1269,7941,0,11,100.00,713,19.0,302.1
2026-05-16T10:10:07,42.2,1269,7941,0,11,100.00,685,28.0,302.1
2026-05-16T10:10:12,32.0,1270,7941,0,10,100.00,561,21.2,302.0
2026-05-16T10:10:17,35.3,1266,7941,0,9,100.00,804,22.7,302.0
2026-05-16T10:10:23,33.3,1277,7941,0,9,100.00,668,21.3,302.0
2026-05-16T10:10:28,27.3,1272,7941,0,9,100.00,669,17.5,302.0
2026-05-16T10:10:33,26.9,1263,7941,0,9,100.00,659,17.7,302.1
2026-05-16T10:10:39,26.3,1264,7941,0,9,100.00,641,17.2,302.1
2026-05-16T10:10:44,27.7,1269,7941,0,8,100.00,663,18.0,302.1
2026-05-16T10:10:49,27.2,1263,7941,0,8,100.00,817,17.6,302.1
2026-05-16T10:10:54,25.9,1264,7941,0,8,100.00,582,16.9,302.1
2026-05-16T10:11:00,27.6,1273,7941,0,8,100.00,716,17.6,302.1
2026-05-16T10:11:05,29.9,1267,7941,0,9,100.00,740,18.9,302.1
2026-05-16T10:11:10,25.7,1270,7941,0,9,100.00,580,17.3,302.1
2026-05-16T10:11:15,27.1,1265,7941,0,8,100.00,734,17.2,302.1
2026-05-16T10:11:21,26.5,1270,7941,0,8,100.00,690,17.4,302.1
2026-05-16T10:11:26,29.2,1264,7941,0,8,100.00,655,18.8,302.1
2026-05-16T10:11:31,30.7,1279,7941,1,8,100.00,739,20.4,302.1
2026-05-16T10:11:37,27.3,1267,7941,1,8,100.00,700,17.5,302.1
2026-05-16T10:11:42,30.6,1274,7941,0,8,100.00,679,19.7,302.1
2026-05-16T10:11:47,28.6,1263,7941,0,8,100.00,716,18.2,302.1
2026-05-16T10:11:53,27.5,1271,7941,0,8,100.00,584,18.4,302.1
2026-05-16T10:11:58,27.2,1272,7941,0,8,100.00,764,17.6,302.1
2026-05-16T10:12:03,31.3,1269,7941,0,9,100.00,675,20.5,302.1
2026-05-16T10:12:08,27.7,1271,7941,1,8,100.00,636,18.1,302.1
2026-05-16T10:12:14,30.0,1262,7941,0,8,100.00,731,19.6,302.1
2026-05-16T10:12:19,28.2,1271,7941,0,9,100.00,592,18.4,302.1
2026-05-16T10:12:24,29.1,1268,7941,0,8,100.00,744,18.6,302.1
2026-05-16T10:12:30,30.8,1273,7941,0,8,100.00,719,20.7,302.1
2026-05-16T10:12:35,25.1,1269,7941,0,8,100.00,653,15.8,302.1
2026-05-16T10:12:40,24.6,1273,7941,0,9,100.00,696,15.8,302.1
2026-05-16T10:12:45,24.7,1266,7941,0,9,100.00,778,15.9,302.1
2026-05-16T10:12:51,23.4,1268,7941,0,8,100.00,579,15.2,302.1
2026-05-16T10:12:56,25.4,1273,7941,0,9,100.00,697,16.3,302.1
2026-05-16T10:13:01,23.7,1268,7941,0,9,100.00,724,15.7,302.1
2026-05-16T10:13:07,28.6,1268,7941,0,9,100.00,660,19.1,302.1
2026-05-16T10:13:12,23.9,1261,7941,1,7,100.00,714,15.4,302.1
2026-05-16T10:13:17,23.3,1263,7941,0,7,100.00,650,14.8,302.1
2026-05-16T10:13:22,25.2,1273,7941,0,9,100.00,722,16.2,302.1
2026-05-16T10:13:28,24.3,1272,7941,0,9,100.00,662,16.0,302.1
2026-05-16T10:13:33,23.4,1265,7941,0,8,100.00,693,15.3,302.1
2026-05-16T10:13:38,23.3,1258,7941,0,7,100.00,741,14.7,302.1
2026-05-16T10:13:43,23.1,1268,7941,0,9,100.00,648,15.1,302.1
2026-05-16T10:13:49,23.2,1273,7941,0,9,100.00,629,15.0,302.1
2026-05-16T10:13:54,23.2,1264,7941,0,8,100.00,767,14.9,302.1
2026-05-16T10:13:59,22.3,1266,7941,0,8,100.00,659,14.1,302.1
2026-05-16T10:14:04,26.2,1272,7941,0,8,100.00,722,17.0,302.1
2026-05-16T10:14:09,23.3,1269,7941,0,8,100.00,618,15.0,302.1
2026-05-16T10:14:15,23.6,1262,7941,0,7,100.00,687,14.9,302.1
2026-05-16T10:14:20,24.2,1267,7941,0,9,100.00,686,15.3,302.1
2026-05-16T10:14:25,24.7,1266,7941,1,8,100.00,670,16.2,302.1
2026-05-16T10:14:31,25.7,1266,7941,0,8,100.00,731,17.0,302.1
2026-05-16T10:14:36,24.0,1272,7941,0,8,100.00,660,15.2,302.1
2026-05-16T10:14:41,24.8,1275,7941,0,8,100.00,660,15.9,302.1
2026-05-16T10:14:46,23.9,1274,7941,0,8,100.00,762,15.7,302.1
2026-05-16T10:14:52,22.8,1273,7941,0,8,100.00,631,15.3,302.1
2026-05-16T10:14:57,24.0,1273,7941,0,8,100.00,677,15.5,302.1
2026-05-16T10:15:02,26.4,1272,7941,0,11,100.00,755,18.1,302.1
2026-05-16T10:15:08,32.1,1272,7941,0,11,100.00,640,22.2,302.1
2026-05-16T10:15:13,23.6,1266,7941,0,9,100.00,744,15.3,302.1
2026-05-16T10:15:18,23.6,1265,7941,0,8,100.00,676,15.2,302.1
2026-05-16T10:15:24,25.2,1267,7941,1,6,100.00,678,16.3,302.1
2026-05-16T10:15:29,22.3,1262,7941,0,7,100.00,671,14.1,302.1
2026-05-16T10:15:34,24.5,1266,7941,0,7,100.00,675,15.4,302.1
2026-05-16T10:15:39,24.6,1266,7941,0,8,100.00,652,15.7,302.1
2026-05-16T10:15:45,22.5,1272,7941,1,7,100.00,675,14.4,302.1
2026-05-16T10:15:50,23.4,1260,7941,0,7,100.00,701,14.9,302.1
2026-05-16T10:15:55,23.4,1262,7941,0,7,100.00,712,14.9,302.1
2026-05-16T10:16:00,23.6,1264,7941,0,7,100.00,703,15.2,302.1
2026-05-16T10:16:06,27.9,1262,7941,0,8,100.00,635,18.4,302.1
2026-05-16T10:16:11,24.3,1270,7941,0,8,100.00,727,15.9,302.1
2026-05-16T10:16:16,24.9,1264,7941,0,8,100.00,625,15.8,302.1
2026-05-16T10:16:21,26.7,1274,7941,0,8,100.00,716,17.1,302.1
2026-05-16T10:16:27,25.7,1261,7941,0,7,100.00,643,16.8,302.1
2026-05-16T10:16:32,25.3,1267,7941,1,7,100.00,700,16.6,302.1
2026-05-16T10:16:37,28.4,1274,7941,0,8,100.00,735,17.5,302.1
2026-05-16T10:16:42,25.4,1274,7941,0,8,100.00,654,16.9,302.1
2026-05-16T10:16:48,23.8,1278,7941,0,8,100.00,652,15.0,302.1
2026-05-16T10:16:53,23.2,1274,7941,0,7,100.00,718,14.8,302.1
2026-05-16T10:16:58,23.3,1275,7941,0,8,100.00,659,14.8,302.1
2026-05-16T10:17:03,29.8,1282,7941,0,9,100.00,747,19.4,302.1
2026-05-16T10:17:09,25.5,1275,7941,0,9,100.00,658,16.8,302.1
2026-05-16T10:17:14,22.3,1273,7941,0,8,100.00,683,14.2,302.1
2026-05-16T10:17:19,25.5,1277,7941,0,8,100.00,710,16.7,302.1
2026-05-16T10:17:25,23.3,1274,7941,0,8,100.00,705,14.8,302.1
2026-05-16T10:17:30,22.4,1271,7941,0,8,100.00,590,14.4,302.1
2026-05-16T10:17:35,25.3,1279,7941,0,8,100.00,720,16.6,302.1
2026-05-16T10:17:40,22.7,1272,7941,0,8,100.00,673,14.5,302.1
2026-05-16T10:17:46,23.7,1279,7941,0,8,100.00,716,15.2,302.1
2026-05-16T10:17:51,24.2,1276,7941,0,8,100.00,602,15.7,302.1
2026-05-16T10:17:56,23.4,1272,7941,0,8,100.00,763,15.0,302.1
2026-05-16T10:18:01,24.7,1279,7941,1,6,100.00,765,16.2,302.1
2026-05-16T10:18:07,26.4,1281,7941,0,10,100.00,631,17.2,302.1
2026-05-16T10:18:12,26.0,1283,7941,0,8,100.00,627,17.8,302.1
2026-05-16T10:18:17,24.6,1276,7941,0,8,100.00,688,15.7,302.1
2026-05-16T10:18:22,26.4,1272,7941,0,7,100.00,677,17.3,302.1
2026-05-16T10:18:28,24.1,1272,7941,0,7,100.00,719,15.4,302.1
2026-05-16T10:18:33,24.4,1271,7941,0,7,100.00,712,15.9,302.1
2026-05-16T10:18:38,23.5,1276,7941,0,8,100.00,548,14.9,302.1
2026-05-16T10:18:43,26.3,1270,7941,0,8,100.00,670,16.5,302.1
2026-05-16T10:18:49,27.1,1270,7941,0,8,100.00,677,17.9,302.1
2026-05-16T10:18:54,25.6,1286,7941,1,10,100.00,743,16.3,302.1
2026-05-16T10:18:59,26.2,1282,7941,0,11,100.00,677,17.1,302.1
2026-05-16T10:19:05,33.9,1285,7941,0,10,100.00,661,22.1,302.1
2026-05-16T10:19:10,25.4,1289,7941,0,10,100.00,602,16.5,302.1
2026-05-16T10:19:15,28.2,1274,7941,0,8,100.00,741,18.4,302.1
2026-05-16T10:19:20,25.0,1278,7941,0,8,100.00,646,16.1,302.1
2026-05-16T10:19:26,25.9,1268,7941,0,7,100.00,661,16.7,302.1
2026-05-16T10:19:31,27.4,1272,7941,1,6,100.00,695,17.9,302.1
2026-05-16T10:19:36,26.6,1271,7941,0,7,100.00,682,17.4,302.1
2026-05-16T10:19:42,28.2,1279,7941,0,10,100.00,599,18.5,302.1
2026-05-16T10:19:47,26.7,1281,7941,0,10,100.00,680,16.6,302.1
2026-05-16T10:19:52,28.9,1277,7941,0,9,100.00,681,19.1,302.1
2026-05-16T10:19:57,29.2,1282,7941,0,9,100.00,717,19.2,302.1
2026-05-16T10:20:03,30.0,1284,7941,0,11,100.00,649,20.4,302.1
2026-05-16T10:20:08,38.7,1284,7941,0,11,100.00,654,25.9,302.1
2026-05-16T10:20:14,32.3,1276,7941,1,9,100.00,747,21.2,302.1
2026-05-16T10:20:19,32.2,1277,7941,1,8,100.00,629,21.1,302.1
2026-05-16T10:20:24,31.8,1273,7941,0,9,100.00,652,20.6,302.1
2026-05-16T10:20:29,26.9,1278,7941,0,9,100.00,648,17.3,302.1
2026-05-16T10:20:35,26.7,1279,7941,0,9,100.00,688,17.0,302.1
2026-05-16T10:20:40,27.7,1279,7941,0,8,100.00,783,18.2,302.1
2026-05-16T10:20:45,26.0,1279,7941,0,8,100.00,600,16.4,302.1
2026-05-16T10:20:51,24.4,1282,7941,1,8,100.00,635,15.7,302.1
2026-05-16T10:20:56,27.2,1283,7941,0,9,100.00,713,17.6,302.1
2026-05-16T10:21:01,26.9,1279,7941,0,8,100.00,710,17.7,302.1
2026-05-16T10:21:06,32.6,1283,7941,1,10,100.00,680,21.3,302.1
2026-05-16T10:21:12,26.7,1271,7941,0,9,100.00,673,17.4,302.1
2026-05-16T10:21:17,27.2,1271,7941,0,8,100.00,659,17.8,302.1
2026-05-16T10:21:22,30.5,1278,7941,3,6,100.00,719,19.7,302.1
2026-05-16T10:21:28,25.6,1279,7941,0,9,100.00,575,17.2,302.1
2026-05-16T10:21:33,25.8,1282,7941,0,9,100.00,752,16.6,302.1
2026-05-16T10:21:38,26.3,1280,7941,0,9,100.00,786,17.1,302.1
2026-05-16T10:21:43,26.8,1267,7941,0,7,100.00,584,18.0,302.1
2026-05-16T10:21:49,30.3,1270,7941,0,9,100.00,760,19.2,302.1
2026-05-16T10:21:54,27.6,1282,7941,0,9,100.00,689,18.1,302.1
2026-05-16T10:21:59,27.4,1284,7941,1,9,100.00,633,17.8,302.1
2026-05-16T10:22:05,30.2,1275,7941,0,11,100.00,721,19.8,302.1
2026-05-16T10:22:10,27.5,1279,7941,0,11,100.00,634,18.2,302.1
2026-05-16T10:22:15,30.7,1266,7941,0,8,100.00,711,19.9,302.1
2026-05-16T10:22:20,28.0,1271,7941,0,8,100.00,679,18.1,302.1
2026-05-16T10:22:26,30.8,1269,7941,0,8,100.00,717,20.3,302.1
2026-05-16T10:22:31,28.0,1274,7941,1,7,100.00,684,18.4,302.1
2026-05-16T10:22:36,28.7,1272,7941,0,8,100.00,651,18.4,302.1
2026-05-16T10:22:41,28.1,1271,7941,0,8,100.00,725,18.3,302.1
2026-05-16T10:22:47,28.9,1273,7941,0,8,100.00,715,18.6,302.1
2026-05-16T10:22:52,27.0,1275,7941,0,8,100.00,622,17.9,302.1
2026-05-16T10:22:57,28.4,1275,7941,0,8,100.00,745,18.4,302.1
2026-05-16T10:23:03,28.3,1272,7941,0,8,100.00,717,18.4,302.1
2026-05-16T10:23:08,27.8,1269,7941,0,8,100.00,598,18.0,302.1
2026-05-16T10:23:13,28.2,1274,7941,0,8,100.00,818,18.9,302.1
2026-05-16T10:23:18,26.0,1272,7941,0,9,100.00,547,16.9,302.1
2026-05-16T10:23:24,29.9,1260,7941,0,7,100.00,758,19.4,302.1
2026-05-16T10:23:29,29.3,1271,7941,0,9,100.00,683,19.7,302.1
2026-05-16T10:23:34,29.6,1273,7941,0,9,100.00,676,19.5,302.1
2026-05-16T10:23:40,26.7,1273,7941,1,8,100.00,680,17.4,302.1
2026-05-16T10:23:45,26.9,1272,7941,0,9,100.00,683,17.3,302.1
2026-05-16T10:23:50,24.9,1276,7941,0,9,100.00,714,16.3,302.1
2026-05-16T10:23:55,24.4,1270,7941,0,8,100.00,722,15.7,302.1
2026-05-16T10:24:01,22.9,1278,7941,1,8,100.00,642,14.3,302.1
2026-05-16T10:24:06,31.2,1284,7941,0,9,100.00,636,20.8,302.1
2026-05-16T10:24:11,26.4,1280,7941,0,9,100.00,702,16.7,302.1
2026-05-16T10:24:17,22.5,1270,7941,0,8,100.00,657,14.5,302.1
2026-05-16T10:24:22,24.8,1277,7941,1,7,100.00,747,15.4,302.1
2026-05-16T10:24:27,23.7,1273,7941,0,7,100.00,630,15.2,302.1
2026-05-16T10:24:32,22.5,1269,7941,1,6,100.00,683,14.6,302.1
2026-05-16T10:24:38,23.8,1267,7941,0,7,100.00,794,15.3,302.1
2026-05-16T10:24:43,24.2,1272,7941,0,8,100.00,581,15.4,302.1
2026-05-16T10:24:48,23.6,1265,7941,1,5,100.00,728,15.3,302.1
2026-05-16T10:24:53,22.8,1271,7941,0,7,100.00,626,14.9,302.1
2026-05-16T10:24:59,23.3,1269,7941,0,7,100.00,717,15.3,302.1
2026-05-16T10:25:04,31.5,1281,7941,1,9,100.00,649,21.1,302.1
2026-05-16T10:25:09,26.1,1285,7941,0,10,100.00,664,17.1,302.1
2026-05-16T10:25:15,24.1,1279,7941,0,8,100.00,671,15.6,302.1
2026-05-16T10:25:20,23.9,1276,7941,0,8,100.00,761,15.4,302.1
2026-05-16T10:25:25,23.7,1271,7941,0,8,100.00,663,15.2,302.1
2026-05-16T10:25:30,23.9,1271,7941,0,8,100.00,625,15.7,302.1
2026-05-16T10:25:36,26.0,1274,7941,1,8,100.00,720,16.9,302.1
2026-05-16T10:25:41,24.9,1277,7941,0,9,100.00,651,16.8,302.1
2026-05-16T10:25:46,25.0,1274,7941,0,8,100.00,767,15.5,302.1
2026-05-16T10:25:51,24.3,1274,7941,1,7,100.00,615,15.8,302.1
2026-05-16T10:25:57,23.4,1271,7941,0,8,100.00,734,15.3,302.1
2026-05-16T10:26:02,24.0,1275,7941,0,8,100.00,664,15.3,302.1
2026-05-16T10:26:07,24.6,1271,7941,0,8,100.00,720,15.8,302.1
2026-05-16T10:26:12,24.0,1270,7941,0,7,100.00,613,15.6,302.1
2026-05-16T10:26:18,24.1,1272,7941,0,8,100.00,687,15.5,302.1
2026-05-16T10:26:23,24.6,1272,7941,0,8,100.00,714,16.0,302.1
2026-05-16T10:26:28,24.2,1267,7941,0,7,100.00,691,15.6,302.1
2026-05-16T10:26:33,26.0,1270,7941,0,8,100.00,664,16.9,302.1
2026-05-16T10:26:39,22.9,1273,7941,0,8,100.00,637,14.8,302.1
2026-05-16T10:26:44,24.4,1270,7941,0,8,100.00,761,15.6,302.1
2026-05-16T10:26:49,22.9,1276,7941,0,8,100.00,648,14.6,302.1
2026-05-16T10:26:54,23.2,1271,7941,0,7,100.00,651,14.7,302.1
2026-05-16T10:27:00,23.0,1272,7941,0,7,100.00,724,14.9,302.1
2026-05-16T10:27:05,25.8,1265,7941,1,6,100.00,702,16.6,302.1
2026-05-16T10:27:10,23.8,1269,7941,0,7,100.00,641,15.5,302.1
2026-05-16T10:27:15,24.7,1268,7941,0,7,100.00,727,16.0,302.1
2026-05-16T10:27:21,22.7,1274,7941,0,8,100.00,629,14.5,302.1
2026-05-16T10:27:26,23.8,1270,7941,1,7,100.00,698,15.4,302.1
2026-05-16T10:27:31,20.8,1272,7941,0,8,100.00,732,13.9,302.1
2026-05-16T10:27:37,25.4,1271,7941,1,8,100.00,629,15.8,302.1
2026-05-16T10:27:42,23.5,1282,7941,0,9,100.00,700,15.4,302.1
2026-05-16T10:27:47,23.6,1271,7941,0,7,100.00,736,14.7,302.1
2026-05-16T10:27:52,22.7,1278,7941,1,8,100.00,587,14.5,302.1
2026-05-16T10:27:57,22.6,1271,7941,0,9,100.00,665,14.4,302.1
2026-05-16T10:28:03,27.2,1280,7941,0,8,100.00,798,18.0,302.1
2026-05-16T10:28:08,25.4,1268,7941,1,6,100.00,661,16.5,302.1
2026-05-16T10:28:13,25.5,1276,7941,1,8,100.00,722,16.4,302.1
2026-05-16T10:28:19,24.5,1278,7941,0,9,100.00,692,15.7,302.1
2026-05-16T10:28:24,25.2,1275,7941,0,8,100.00,649,16.7,302.1
2026-05-16T10:28:29,24.4,1277,7941,0,8,100.00,630,16.2,302.1
2026-05-16T10:28:34,24.1,1279,7941,1,7,100.00,688,15.8,302.1
2026-05-16T10:28:40,25.8,1281,7941,0,8,100.00,741,16.8,302.1
2026-05-16T10:28:45,22.8,1271,7941,0,7,100.00,685,14.7,302.1
2026-05-16T10:28:50,22.0,1276,7941,0,7,100.00,679,14.7,302.1
2026-05-16T10:28:55,23.5,1277,7941,0,7,100.00,740,15.1,302.1
2026-05-16T10:29:01,23.6,1270,7941,0,7,100.00,634,14.8,302.1
2026-05-16T10:29:06,26.7,1270,7941,0,8,100.00,628,17.2,302.1
2026-05-16T10:29:11,21.7,1278,7941,0,8,100.00,750,14.1,302.1
2026-05-16T10:29:16,21.2,1271,7941,0,8,100.00,597,13.2,302.1
2026-05-16T10:29:22,22.8,1274,7941,0,8,100.00,755,14.4,302.1
2026-05-16T10:29:27,20.9,1273,7941,0,8,100.00,680,13.4,302.1
2026-05-16T10:29:32,21.1,1266,7941,0,6,100.00,703,13.7,302.1
2026-05-16T10:29:37,21.7,1268,7941,0,7,100.00,681,13.9,302.1
2026-05-16T10:29:42,20.4,1274,7941,0,7,100.00,676,13.3,302.1
2026-05-16T10:29:48,21.7,1271,7941,0,7,100.00,717,13.7,302.1
2026-05-16T10:29:53,22.2,1264,7941,0,7,100.00,678,14.8,302.1
2026-05-16T10:29:58,21.8,1269,7941,0,7,100.00,636,14.0,302.1
2026-05-16T10:30:03,31.5,1269,7941,0,10,100.00,665,21.8,302.1
2026-05-16T10:30:09,31.9,1266,7941,0,10,100.00,632,21.2,302.1
2026-05-16T10:30:14,27.6,1268,7941,1,8,100.00,718,18.1,302.1
2026-05-16T10:30:20,26.7,1270,7941,0,9,100.00,733,17.1,302.1
2026-05-16T10:30:25,25.0,1263,7941,0,7,100.00,652,15.9,302.1
2026-05-16T10:30:30,24.3,1270,7941,0,9,100.00,606,15.8,302.1
2026-05-16T10:30:35,23.1,1272,7941,0,9,100.00,670,15.0,302.1
2026-05-16T10:30:41,21.6,1268,7941,0,7,100.00,771,14.3,302.1
2026-05-16T10:30:46,22.6,1266,7941,0,7,100.00,712,14.4,302.1
2026-05-16T10:30:51,21.4,1273,7941,0,7,100.00,647,13.7,302.1
2026-05-16T10:30:56,21.3,1267,7941,0,7,100.00,694,13.7,302.1
2026-05-16T10:31:02,22.0,1261,7941,0,7,100.00,701,14.3,302.1
2026-05-16T10:31:07,23.4,1264,7941,0,7,100.00,691,14.9,302.1
2026-05-16T10:31:12,21.3,1273,7941,0,7,100.00,612,13.8,302.1
2026-05-16T10:31:17,21.7,1270,7941,0,7,100.00,724,13.8,302.1
2026-05-16T10:31:22,22.3,1272,7941,0,8,100.00,658,14.8,302.1
2026-05-16T10:31:28,21.9,1277,7941,2,6,100.00,691,14.1,302.1
2026-05-16T10:31:33,21.6,1263,7941,0,6,100.00,692,13.7,302.1
2026-05-16T10:31:38,21.6,1262,7941,1,5,100.00,699,14.0,302.1
2026-05-16T10:31:43,22.0,1266,7941,0,7,100.00,674,14.3,302.1
2026-05-16T10:31:49,22.8,1264,7941,0,6,100.00,637,14.2,302.1
2026-05-16T10:31:54,24.1,1270,7941,0,7,100.00,753,15.6,302.1
2026-05-16T10:31:59,21.6,1268,7941,0,7,100.00,682,14.0,302.1
2026-05-16T10:32:04,22.6,1266,7941,0,6,100.00,637,14.6,302.1
2026-05-16T10:32:10,23.3,1270,7941,0,7,100.00,695,15.0,302.1
2026-05-16T10:32:15,20.9,1274,7941,1,6,100.00,696,13.4,302.1
2026-05-16T10:32:20,21.4,1277,7941,0,7,100.00,660,13.9,302.1
2026-05-16T10:32:25,21.8,1272,7941,1,6,100.00,761,14.1,302.1
2026-05-16T10:32:31,20.7,1263,7941,0,7,100.00,598,13.2,302.1
2026-05-16T10:32:36,23.3,1264,7941,0,6,100.00,727,14.9,302.1
2026-05-16T10:32:41,21.2,1269,7941,0,6,100.00,705,14.1,302.1
2026-05-16T10:32:46,21.5,1270,7941,0,7,100.00,597,13.8,302.1
2026-05-16T10:32:52,21.0,1265,7941,1,6,100.00,793,13.9,302.1
2026-05-16T10:32:57,19.5,1270,7941,0,7,100.00,635,12.7,302.1
2026-05-16T10:33:02,23.4,1277,7941,0,8,100.00,695,15.3,302.1
2026-05-16T10:33:07,22.7,1269,7941,0,8,100.00,670,14.5,302.1
2026-05-16T10:33:12,19.6,1269,7941,0,7,100.00,684,12.7,302.1
2026-05-16T10:33:18,23.4,1275,7941,0,8,100.00,750,14.8,302.1
2026-05-16T10:33:23,22.7,1274,7941,0,8,100.00,591,14.3,302.1
2026-05-16T10:33:28,20.7,1267,7941,0,8,100.00,680,13.4,302.1
2026-05-16T10:33:33,24.1,1268,7941,0,8,100.00,803,15.8,302.1
2026-05-16T10:33:39,21.0,1263,7941,0,8,100.00,549,13.5,302.1
2026-05-16T10:33:44,22.6,1266,7941,0,7,100.00,640,14.7,302.1
2026-05-16T10:33:49,23.0,1274,7941,0,7,100.00,785,14.9,302.1
2026-05-16T10:33:54,20.7,1266,7941,0,7,100.00,590,13.4,302.1
2026-05-16T10:34:00,21.6,1266,7941,0,8,100.00,773,13.9,302.1
2026-05-16T10:34:05,22.9,1269,7941,0,9,100.00,636,14.3,302.1
2026-05-16T10:34:10,21.2,1272,7941,0,9,100.00,656,14.0,302.1
2026-05-16T10:34:15,24.1,1267,7941,0,8,100.00,769,15.3,302.1
2026-05-16T10:34:21,21.3,1271,7941,0,7,100.00,569,14.1,302.1
2026-05-16T10:34:26,24.1,1264,7941,0,7,100.00,773,15.4,302.1
2026-05-16T10:34:31,22.0,1270,7941,0,8,100.00,674,14.3,302.1
2026-05-16T10:34:36,22.7,1267,7941,0,8,100.00,668,14.9,302.1
2026-05-16T10:34:42,23.6,1269,7941,0,8,100.00,667,15.4,302.1
2026-05-16T10:34:47,21.7,1274,7941,0,8,100.00,665,14.3,302.1
2026-05-16T10:34:52,21.3,1273,7941,0,7,100.00,756,13.9,302.1
2026-05-16T10:34:57,22.2,1261,7941,1,6,100.00,710,14.1,302.1
2026-05-16T10:35:03,25.8,1273,7941,0,11,100.00,620,17.8,302.1
2026-05-16T10:35:08,30.8,1273,7941,0,11,100.00,663,20.6,302.1
2026-05-16T10:35:13,21.5,1263,7941,1,7,100.00,670,13.8,302.1
2026-05-16T10:35:18,22.4,1263,7941,0,8,100.00,696,14.2,302.1
2026-05-16T10:35:24,26.5,1271,7941,0,9,100.00,782,17.2,302.1
2026-05-16T10:35:29,22.7,1278,7941,1,7,100.00,604,14.5,302.1
2026-05-16T10:35:34,22.9,1265,7941,0,7,100.00,700,14.5,302.1
2026-05-16T10:35:40,24.5,1271,7941,0,7,100.00,746,16.1,302.1
2026-05-16T10:35:45,23.3,1269,7941,0,7,100.00,631,15.3,302.1
2026-05-16T10:35:50,24.6,1269,7941,0,7,100.00,716,15.6,302.1
2026-05-16T10:35:55,24.9,1262,7941,0,8,100.00,649,16.2,302.1
2026-05-16T10:36:01,22.9,1274,7941,0,8,100.00,653,15.0,302.1
2026-05-16T10:36:06,30.8,1272,7941,0,9,100.00,726,20.1,302.1
2026-05-16T10:36:11,24.1,1273,7941,0,8,100.00,695,15.6,302.1
2026-05-16T10:36:16,25.9,1269,7941,0,8,100.00,679,16.9,302.1
2026-05-16T10:36:22,23.8,1271,7941,0,8,100.00,694,15.7,302.1
2026-05-16T10:36:27,22.4,1264,7941,0,8,100.00,609,14.4,302.1
2026-05-16T10:36:32,22.7,1268,7941,2,6,100.00,718,14.5,302.1
2026-05-16T10:36:37,21.9,1272,7941,0,8,100.00,744,14.1,302.1
2026-05-16T10:36:43,23.2,1271,7941,0,8,100.00,627,15.4,302.1
2026-05-16T10:36:48,22.8,1270,7941,0,8,100.00,739,14.5,302.1
2026-05-16T10:36:53,20.5,1270,7941,1,6,100.00,645,13.2,302.1
2026-05-16T10:36:58,22.2,1261,7941,0,7,100.00,711,14.2,302.1
2026-05-16T10:37:04,22.9,1267,7941,0,7,100.00,670,15.1,302.1
2026-05-16T10:37:09,21.7,1273,7941,0,7,100.00,692,13.8,302.1
2026-05-16T10:37:14,22.6,1260,7941,1,6,100.00,671,14.1,302.1
2026-05-16T10:37:19,20.3,1266,7941,0,7,100.00,703,13.0,302.1
2026-05-16T10:37:25,23.6,1271,7941,0,7,100.00,729,15.3,302.1
2026-05-16T10:37:30,21.1,1267,7941,0,8,100.00,612,13.9,302.1
2026-05-16T10:37:35,21.3,1264,7941,0,8,100.00,626,13.6,302.1
2026-05-16T10:37:40,22.1,1268,7941,0,7,100.00,799,14.1,302.1
2026-05-16T10:37:46,21.6,1265,7941,0,7,100.00,687,14.2,302.1
2026-05-16T10:37:51,20.8,1263,7941,1,5,100.00,608,13.3,302.1
2026-05-16T10:37:56,24.5,1276,7941,0,8,100.00,750,15.8,302.1
2026-05-16T10:38:01,20.8,1277,7941,0,8,100.00,661,13.5,302.1
2026-05-16T10:38:06,23.9,1271,7941,0,7,100.00,659,15.2,302.1
2026-05-16T10:38:12,23.7,1273,7941,0,8,100.00,699,15.5,302.1
2026-05-16T10:38:17,23.1,1270,7941,0,8,100.00,667,14.5,302.1
2026-05-16T10:38:22,24.2,1272,7941,0,8,100.00,710,15.3,302.1
2026-05-16T10:38:27,23.8,1282,7941,0,9,100.00,637,15.7,302.1
2026-05-16T10:38:33,26.3,1272,7941,1,8,100.00,722,17.0,302.1
2026-05-16T10:38:38,27.6,1280,7941,0,9,100.00,663,17.5,302.1
2026-05-16T10:38:43,24.8,1274,7941,1,8,100.00,739,16.2,302.1
2026-05-16T10:38:48,26.1,1273,7941,1,8,100.00,646,17.0,302.1
2026-05-16T10:38:54,23.7,1273,7941,1,9,100.00,676,15.4,302.1
2026-05-16T10:38:59,24.1,1271,7941,0,7,100.00,714,15.8,302.1
2026-05-16T10:39:04,35.5,1270,7941,1,10,100.00,594,23.4,302.1
2026-05-16T10:39:10,28.2,1287,7941,0,11,100.00,656,19.1,302.1
2026-05-16T10:39:15,24.8,1262,7941,0,8,100.00,765,16.1,302.1
2026-05-16T10:39:20,26.5,1269,7941,0,8,100.00,682,17.0,302.1
2026-05-16T10:39:25,24.9,1268,7941,0,8,100.00,620,16.1,302.1
2026-05-16T10:39:31,23.9,1274,7941,0,7,100.00,771,15.7,302.1
2026-05-16T10:39:36,25.8,1267,7941,0,7,100.00,673,16.8,302.1
2026-05-16T10:39:41,23.3,1265,7941,0,7,100.00,604,15.2,302.1
2026-05-16T10:39:46,25.7,1263,7941,0,8,100.00,740,16.4,302.1
2026-05-16T10:39:52,25.8,1262,7941,0,8,100.00,648,16.4,302.1
2026-05-16T10:39:57,23.7,1266,7941,0,8,100.00,653,14.8,302.1
2026-05-16T10:40:02,28.4,1280,7941,0,11,100.00,738,19.8,302.1
2026-05-16T10:40:08,34.4,1273,7941,0,11,100.00,621,23.8,302.1
2026-05-16T10:40:13,31.8,1273,7941,1,8,100.00,642,20.8,302.1
2026-05-16T10:40:18,32.6,1272,7941,0,9,100.00,769,20.8,302.1
2026-05-16T10:40:24,28.1,1274,7941,0,9,100.00,617,18.2,302.1
2026-05-16T10:40:29,26.1,1268,7941,0,7,100.00,716,17.0,302.3
2026-05-16T10:40:34,25.6,1272,7941,0,7,100.00,750,16.7,302.3
2026-05-16T10:40:40,24.5,1274,7941,0,8,100.00,592,16.1,302.3
2026-05-16T10:40:45,26.4,1278,7941,1,7,100.00,734,16.8,302.3
2026-05-16T10:40:50,23.1,1273,7941,0,8,100.00,633,15.0,302.4
2026-05-16T10:40:55,25.3,1272,7941,0,8,100.00,716,16.1,302.4
2026-05-16T10:41:01,24.0,1268,7941,0,8,100.00,722,15.4,302.4
2026-05-16T10:41:06,25.5,1280,7941,1,8,100.00,571,16.4,302.4
2026-05-16T10:41:11,24.9,1279,7941,0,9,100.00,716,16.0,302.4
2026-05-16T10:41:17,23.8,1270,7941,0,8,100.00,741,15.0,302.4
2026-05-16T10:41:22,23.8,1276,7941,0,8,100.00,635,15.7,302.4
2026-05-16T10:41:27,27.7,1278,7941,0,9,100.00,759,18.1,302.4
2026-05-16T10:41:32,23.3,1282,7941,0,9,100.00,614,15.2,302.4
2026-05-16T10:41:38,24.1,1269,7941,0,8,100.00,707,15.4,302.4
2026-05-16T10:41:43,24.6,1278,7941,0,8,100.00,644,15.8,302.4
2026-05-16T10:41:48,24.0,1277,7941,0,7,100.00,679,15.2,302.4
2026-05-16T10:41:53,25.1,1272,7941,0,8,100.00,668,16.1,302.4
2026-05-16T10:41:59,24.5,1276,7941,0,8,100.00,757,15.6,302.4
2026-05-16T10:42:04,31.2,1273,7941,0,9,100.00,641,20.4,302.4
2026-05-16T10:42:09,30.7,1284,7941,0,9,100.00,685,20.2,302.4
2026-05-16T10:42:14,29.0,1283,7941,0,9,100.00,725,18.8,302.4
2026-05-16T10:42:20,31.6,1288,7941,0,9,100.00,708,20.5,302.4
2026-05-16T10:42:25,30.7,1278,7941,0,8,100.00,674,19.8,302.4
2026-05-16T10:42:30,29.2,1278,7941,0,9,100.00,682,19.7,302.4
2026-05-16T10:42:36,32.7,1274,7941,0,9,100.00,704,21.0,302.4
2026-05-16T10:42:41,28.7,1280,7941,0,8,100.00,676,18.7,302.4
2026-05-16T10:42:46,29.0,1280,7941,0,8,100.00,594,19.2,302.4
2026-05-16T10:42:52,29.5,1278,7941,0,8,100.00,775,19.3,302.4
2026-05-16T10:42:57,26.7,1282,7941,0,8,100.00,711,17.2,302.4
2026-05-16T10:43:02,28.7,1289,7941,0,10,100.00,736,18.6,302.4
2026-05-16T10:43:08,29.3,1289,7941,0,10,100.00,604,19.1,302.4
2026-05-16T10:43:13,24.1,1277,7941,0,9,100.00,654,15.8,302.4
2026-05-16T10:43:18,28.6,1271,7941,0,9,100.00,720,18.5,302.4
2026-05-16T10:43:24,25.7,1278,7941,0,9,100.00,711,16.0,302.4
2026-05-16T10:43:29,25.8,1272,7941,0,7,100.00,649,17.4,302.4
2026-05-16T10:43:34,27.2,1271,7941,0,8,100.00,700,17.5,302.4
2026-05-16T10:43:39,23.8,1275,7941,0,8,100.00,704,15.4,302.4
2026-05-16T10:43:45,25.3,1268,7941,0,8,100.00,717,16.1,302.4
2026-05-16T10:43:50,25.0,1276,7941,0,8,100.00,683,16.2,302.4
2026-05-16T10:43:55,24.9,1269,7941,0,8,100.00,652,16.3,302.4
2026-05-16T10:44:00,25.9,1273,7941,0,8,100.00,729,17.0,302.4
2026-05-16T10:44:06,26.4,1278,7941,0,9,100.00,625,16.9,302.4
2026-05-16T10:44:11,23.2,1275,7941,1,8,100.00,632,14.9,302.4
2026-05-16T10:44:16,26.0,1285,7941,0,9,100.00,757,16.8,302.4
2026-05-16T10:44:22,26.2,1274,7941,0,8,100.00,662,16.9,302.4
2026-05-16T10:44:27,27.4,1279,7941,0,9,100.00,659,17.8,302.4
2026-05-16T10:44:32,25.7,1280,7941,1,8,100.00,685,16.7,302.4
2026-05-16T10:44:37,25.7,1273,7941,1,7,100.00,691,17.0,302.4
2026-05-16T10:44:43,26.9,1273,7941,0,8,100.00,710,17.4,302.4
2026-05-16T10:44:48,25.5,1270,7941,0,8,100.00,723,16.7,302.4
2026-05-16T10:44:53,26.5,1271,7941,0,7,100.00,675,17.1,302.4
2026-05-16T10:44:58,27.0,1281,7941,1,8,100.00,693,17.9,302.4
2026-05-16T10:45:04,30.5,1285,7941,0,10,100.00,626,21.8,302.4
2026-05-16T10:45:09,34.5,1278,7941,1,9,100.00,630,22.9,302.4
2026-05-16T10:45:14,26.2,1285,7941,0,9,100.00,668,16.9,302.4
2026-05-16T10:45:20,24.5,1282,7941,0,8,100.00,706,15.7,302.4
2026-05-16T10:45:25,26.2,1267,7941,0,8,100.00,685,16.8,302.4
2026-05-16T10:45:30,24.9,1260,7941,1,7,100.00,687,16.1,302.4
2026-05-16T10:45:36,27.2,1271,7941,0,8,100.00,688,17.6,302.4
2026-05-16T10:45:41,25.4,1271,7941,0,7,100.00,727,16.8,302.4
2026-05-16T10:45:46,25.9,1272,7941,0,9,100.00,657,16.7,302.4
2026-05-16T10:45:51,28.5,1285,7941,0,8,100.00,740,18.8,302.4
2026-05-16T10:45:57,25.9,1283,7941,0,8,100.00,636,16.8,302.4
2026-05-16T10:46:02,25.4,1278,7941,0,8,100.00,650,16.4,302.4
2026-05-16T10:46:07,27.8,1280,7941,0,8,100.00,727,17.9,302.4
2026-05-16T10:46:12,27.9,1288,7941,0,8,100.00,668,18.6,302.4
2026-05-16T10:46:18,25.3,1277,7941,0,8,100.00,679,16.4,302.4
2026-05-16T10:46:23,28.4,1281,7941,0,8,100.00,744,19.1,302.4
2026-05-16T10:46:28,26.3,1282,7941,1,7,100.00,616,17.2,302.4
2026-05-16T10:46:34,25.4,1286,7941,0,7,100.00,764,16.4,302.4
2026-05-16T10:46:39,25.1,1289,7941,0,9,100.00,651,16.1,302.4
2026-05-16T10:46:44,25.8,1291,7941,0,9,100.00,700,16.7,302.4
2026-05-16T10:46:49,24.0,1286,7941,0,8,100.00,735,15.6,302.4
2026-05-16T10:46:55,25.1,1280,7941,0,8,100.00,664,16.2,302.4
2026-05-16T10:47:00,24.0,1275,7941,0,8,100.00,638,15.6,302.4
2026-05-16T10:47:05,26.2,1272,7941,0,8,100.00,710,16.8,302.4
2026-05-16T10:47:10,23.3,1279,7941,1,7,100.00,696,15.2,302.4
2026-05-16T10:47:16,23.0,1281,7941,0,7,100.00,618,14.6,302.4
2026-05-16T10:47:21,23.8,1285,7941,0,8,100.00,688,15.4,302.4
2026-05-16T10:47:26,23.5,1279,7941,0,8,100.00,619,15.4,302.4
2026-05-16T10:47:31,22.2,1283,7941,0,8,100.00,797,14.4,302.4
2026-05-16T10:47:37,25.9,1285,7941,0,9,100.00,728,16.6,302.4
2026-05-16T10:47:42,23.5,1291,7941,0,9,100.00,628,15.2,302.4
2026-05-16T10:47:47,23.3,1293,7941,0,9,100.00,653,15.1,302.4
2026-05-16T10:47:52,24.0,1276,7941,0,7,100.00,706,15.4,302.4
2026-05-16T10:47:58,23.8,1264,7941,0,7,100.00,695,15.5,302.4
2026-05-16T10:48:03,28.2,1278,7941,0,11,100.00,697,18.5,302.4
2026-05-16T10:48:08,24.9,1281,7941,0,11,100.00,602,16.6,302.4
2026-05-16T10:48:13,22.6,1267,7941,0,9,100.00,692,14.5,302.4
2026-05-16T10:48:19,23.8,1271,7941,0,8,100.00,770,15.4,302.4
2026-05-16T10:48:24,28.3,1277,7941,0,9,100.00,647,18.1,302.4
2026-05-16T10:48:29,24.5,1277,7941,0,9,100.00,674,16.0,302.4
2026-05-16T10:48:34,26.5,1267,7941,0,8,100.00,757,17.3,302.4
2026-05-16T10:48:40,25.6,1276,7941,1,8,100.00,693,17.1,302.4
2026-05-16T10:48:45,26.6,1279,7941,0,9,100.00,589,17.3,302.4
2026-05-16T10:48:50,22.8,1271,7941,0,7,100.00,748,14.7,302.4
2026-05-16T10:48:55,25.3,1270,7941,0,8,100.00,627,16.5,302.4
2026-05-16T10:49:01,24.7,1271,7941,0,8,100.00,780,16.3,302.4
2026-05-16T10:49:06,30.2,1268,7941,0,9,100.00,609,19.9,302.4
2026-05-16T10:49:11,25.3,1277,7941,0,8,100.00,653,16.7,302.4
2026-05-16T10:49:16,24.7,1273,7941,0,8,100.00,771,15.8,302.4
2026-05-16T10:49:22,23.0,1275,7941,0,7,100.00,694,14.9,302.4
2026-05-16T10:49:27,24.9,1275,7941,1,8,100.00,642,16.2,302.4
2026-05-16T10:49:32,24.3,1268,7941,0,9,100.00,664,15.8,302.4
2026-05-16T10:49:38,24.1,1268,7941,0,9,100.00,727,15.6,302.4
2026-05-16T10:49:43,25.3,1268,7941,0,9,100.00,654,16.1,302.4
2026-05-16T10:49:48,23.0,1284,7941,0,9,100.00,675,14.1,302.4
2026-05-16T10:49:53,25.4,1278,7941,0,7,100.00,698,16.8,302.4
2026-05-16T10:49:58,24.4,1286,7941,0,8,100.00,716,16.0,302.4
2026-05-16T10:50:04,33.5,1284,7941,0,11,100.00,633,23.1,302.4
2026-05-16T10:50:09,33.3,1282,7941,0,11,100.00,668,21.2,302.4
2026-05-16T10:50:15,29.0,1285,7941,0,9,100.00,677,18.9,302.4
2026-05-16T10:50:20,27.9,1285,7941,1,10,100.00,701,17.5,302.4
2026-05-16T10:50:25,25.4,1291,7941,0,11,100.00,575,16.4,302.4
2026-05-16T10:50:30,22.3,1286,7941,0,9,100.00,697,14.2,302.4
2026-05-16T10:50:36,23.9,1277,7941,0,7,100.00,785,15.3,302.4
2026-05-16T10:50:41,22.1,1290,7941,1,7,100.00,649,14.2,302.4
2026-05-16T10:50:46,23.2,1286,7941,0,8,100.00,674,15.0,302.4
2026-05-16T10:50:51,22.2,1287,7941,1,7,100.00,730,14.4,302.4
2026-05-16T10:50:57,22.1,1271,7941,0,7,100.00,659,14.0,302.4
2026-05-16T10:51:02,23.9,1274,7941,0,8,100.00,714,15.4,302.4
2026-05-16T10:51:07,23.5,1287,7941,0,8,100.00,652,15.3,302.4
2026-05-16T10:51:12,21.0,1292,7941,0,7,100.00,701,13.7,302.4
2026-05-16T10:51:18,21.1,1281,7941,0,8,100.00,661,13.8,302.5
2026-05-16T10:51:23,23.2,1282,7941,0,8,100.00,644,15.1,302.5
2026-05-16T10:51:28,22.2,1282,7941,0,8,100.00,718,14.0,302.5
2026-05-16T10:51:33,20.6,1288,7941,0,8,100.00,696,13.3,302.5
2026-05-16T10:51:39,20.8,1287,7941,0,8,100.00,698,13.4,302.5
2026-05-16T10:51:44,21.4,1292,7941,1,8,100.00,680,13.6,302.5
2026-05-16T10:51:49,22.2,1294,7941,0,7,100.00,696,14.3,302.5
2026-05-16T10:51:54,21.2,1289,7941,0,7,100.00,659,13.6,302.5
2026-05-16T10:51:59,22.0,1284,7941,0,7,100.00,687,14.4,302.5
2026-05-16T10:52:05,24.8,1292,7941,0,8,100.00,707,16.0,302.5
2026-05-16T10:52:10,22.2,1294,7941,0,9,100.00,603,14.4,302.5
2026-05-16T10:52:15,22.6,1293,7941,0,9,100.00,747,14.4,302.5
2026-05-16T10:52:20,22.1,1290,7941,0,8,100.00,652,14.5,302.5
2026-05-16T10:52:26,23.2,1298,7941,0,9,100.00,635,14.6,302.5
2026-05-16T10:52:31,22.5,1295,7941,1,8,100.00,816,14.5,302.5
2026-05-16T10:52:36,22.3,1288,7941,0,7,100.00,596,14.6,302.5
2026-05-16T10:52:41,21.6,1284,7941,0,7,100.00,725,14.1,302.5
2026-05-16T10:52:47,21.8,1284,7941,0,8,100.00,676,14.1,302.5
2026-05-16T10:52:52,22.1,1286,7941,0,8,100.00,696,14.4,302.5
2026-05-16T10:52:57,21.1,1285,7941,0,9,100.00,705,13.4,302.5
2026-05-16T10:53:02,21.2,1294,7941,1,8,100.00,587,13.8,302.5
2026-05-16T10:53:08,22.7,1275,7941,0,6,100.00,765,14.4,302.5
2026-05-16T10:53:13,21.8,1281,7941,0,7,100.00,737,14.2,302.5
2026-05-16T10:53:18,19.4,1277,7941,1,6,100.00,609,12.5,302.5
2026-05-16T10:53:23,23.1,1279,7941,0,6,100.00,665,14.7,302.5
2026-05-16T10:53:29,20.7,1285,7941,0,6,100.00,751,13.2,302.5
2026-05-16T10:53:34,22.8,1290,7941,0,8,100.00,593,14.8,302.5
2026-05-16T10:53:39,22.9,1287,7941,0,8,100.00,730,14.9,302.5
2026-05-16T10:53:44,21.8,1275,7941,0,6,100.00,706,13.9,302.5
2026-05-16T10:53:50,22.2,1273,7941,0,8,100.00,601,13.9,302.5
2026-05-16T10:53:55,23.5,1275,7941,1,7,100.00,688,15.1,302.5
2026-05-16T10:54:00,22.1,1278,7941,0,9,100.00,694,14.3,302.5
2026-05-16T10:54:05,28.2,1273,7941,0,9,100.00,724,18.6,302.5
2026-05-16T10:54:10,21.0,1278,7941,0,9,100.00,642,13.7,302.5
2026-05-16T10:54:16,22.1,1272,7941,0,7,100.00,710,14.1,302.5
2026-05-16T10:54:21,22.3,1278,7941,1,7,100.00,695,14.2,302.5
2026-05-16T10:54:26,21.3,1275,7941,0,8,100.00,646,13.8,302.5
2026-05-16T10:54:31,21.5,1280,7941,0,8,100.00,643,14.0,302.5
2026-05-16T10:54:37,22.8,1284,7941,0,8,100.00,747,14.8,302.5
2026-05-16T10:54:42,20.7,1281,7941,0,8,100.00,714,13.2,302.5
2026-05-16T10:54:47,22.4,1278,7941,0,8,100.00,640,14.5,302.5
2026-05-16T10:54:52,20.5,1285,7941,0,8,100.00,664,13.2,302.5
2026-05-16T10:54:58,20.7,1278,7941,0,8,100.00,664,13.6,302.5
2026-05-16T10:55:03,28.8,1275,7941,1,9,100.00,708,20.0,302.5
2026-05-16T10:55:08,28.8,1278,7941,0,10,100.00,562,18.6,302.5
2026-05-16T10:55:14,22.0,1278,7941,0,9,100.00,704,14.3,302.5
2026-05-16T10:55:19,23.0,1268,7941,0,8,100.00,784,14.5,302.5
2026-05-16T10:55:24,21.4,1272,7941,0,9,100.00,673,13.5,302.5
2026-05-16T10:55:29,21.1,1281,7941,0,9,100.00,642,13.4,302.5
2026-05-16T10:55:35,22.0,1278,7941,0,8,100.00,740,14.1,302.5
2026-05-16T10:55:40,20.8,1282,7941,0,8,100.00,584,13.4,302.5
2026-05-16T10:55:45,22.7,1281,7941,0,8,100.00,771,14.8,302.5
2026-05-16T10:55:50,22.1,1283,7941,0,8,100.00,652,14.1,302.5
2026-05-16T10:55:55,22.6,1271,7941,0,8,100.00,691,14.8,302.5
2026-05-16T10:56:01,22.8,1281,7941,0,8,100.00,692,14.8,302.5
2026-05-16T10:56:06,27.7,1273,7941,1,7,100.00,729,17.8,302.5
2026-05-16T10:56:11,22.4,1276,7941,0,9,100.00,676,14.2,302.5
2026-05-16T10:56:16,22.7,1285,7941,0,9,100.00,612,14.5,302.5
2026-05-16T10:56:22,21.5,1280,7941,0,7,100.00,730,13.9,302.5
2026-05-16T10:56:27,23.2,1275,7941,0,8,100.00,704,14.8,302.5
2026-05-16T10:56:32,23.1,1279,7941,0,8,100.00,670,15.1,302.5
2026-05-16T10:56:38,22.7,1276,7941,0,8,100.00,673,14.5,302.5
2026-05-16T10:56:43,22.3,1281,7941,0,8,100.00,712,14.4,302.5
2026-05-16T10:56:48,21.4,1279,7941,1,7,100.00,685,13.5,302.6
2026-05-16T10:56:53,21.6,1279,7941,0,7,100.00,611,13.8,302.6
2026-05-16T10:56:59,21.5,1276,7941,0,8,100.00,675,13.9,302.6
2026-05-16T10:57:04,24.2,1282,7941,0,8,100.00,717,15.9,302.6
2026-05-16T10:57:09,23.2,1285,7941,0,8,100.00,690,14.9,302.6
2026-05-16T10:57:14,23.6,1279,7941,0,7,100.00,669,14.8,302.6
2026-05-16T10:57:20,23.6,1286,7941,0,8,100.00,709,15.2,302.6
2026-05-16T10:57:25,25.2,1283,7941,0,8,100.00,659,15.9,302.6
2026-05-16T10:57:30,24.6,1284,7941,0,7,100.00,727,16.1,302.6
2026-05-16T10:57:35,24.8,1283,7941,0,8,100.00,684,15.8,302.6
2026-05-16T10:57:41,23.0,1289,7941,0,8,100.00,741,15.0,302.6
2026-05-16T10:57:46,26.6,1287,7941,0,8,100.00,671,17.3,302.6
2026-05-16T10:57:51,25.8,1285,7941,1,8,100.00,644,16.4,302.6
2026-05-16T10:57:56,25.2,1284,7941,0,9,100.00,690,16.7,302.6
2026-05-16T10:58:02,25.7,1291,7941,0,8,100.00,722,16.4,302.6
2026-05-16T10:58:07,27.9,1291,7941,0,9,100.00,705,18.6,302.6
2026-05-16T10:58:12,24.8,1293,7941,0,9,100.00,658,16.7,302.6
2026-05-16T10:58:18,27.8,1289,7941,0,8,100.00,693,17.9,302.6
2026-05-16T10:58:23,26.4,1291,7941,0,8,100.00,635,17.2,302.6
2026-05-16T10:58:28,26.0,1288,7941,1,7,100.00,701,17.4,302.6
2026-05-16T10:58:33,24.7,1286,7941,0,8,100.00,705,16.2,302.6
2026-05-16T10:58:39,25.5,1287,7941,0,8,100.00,728,16.8,302.6
2026-05-16T10:58:44,26.2,1293,7941,0,9,100.00,643,17.0,302.6
2026-05-16T10:58:49,22.9,1287,7941,0,8,100.00,657,14.8,302.6
2026-05-16T10:58:54,25.8,1306,7941,0,8,100.00,723,17.1,302.6
2026-05-16T10:59:00,23.2,1301,7941,0,8,100.00,680,15.0,302.6
2026-05-16T10:59:05,28.9,1292,7941,0,9,100.00,663,18.6,302.6
2026-05-16T10:59:10,26.5,1294,7941,1,8,100.00,718,17.2,302.6
2026-05-16T10:59:15,27.7,1292,7941,1,6,100.00,745,18.2,302.6
2026-05-16T10:59:21,26.9,1295,7941,0,8,100.00,638,17.3,302.6
2026-05-16T10:59:26,29.7,1293,7941,0,8,100.00,689,18.6,302.6
2026-05-16T10:59:31,26.5,1294,7941,0,8,100.00,729,16.9,302.6
2026-05-16T10:59:37,29.0,1293,7941,0,8,100.00,630,19.3,302.6
2026-05-16T10:59:42,27.3,1300,7941,0,8,100.00,684,17.8,302.6
2026-05-16T10:59:47,29.0,1293,7941,0,9,100.00,727,18.6,302.6
2026-05-16T10:59:52,29.7,1298,7941,0,9,100.00,709,19.3,302.6
2026-05-16T10:59:58,28.9,1294,7941,0,8,100.00,664,19.5,302.6
2026-05-16T11:00:03,34.0,1345,7941,2,9,100.00,615,22.5,302.6
2026-05-16T11:00:09,39.2,1332,7941,0,11,100.00,541,29.5,302.6
2026-05-16T11:00:15,41.4,1338,7941,0,11,100.00,571,29.3,302.6
2026-05-16T11:00:20,41.3,1333,7941,0,11,100.00,667,28.8,302.6
2026-05-16T11:00:26,37.6,1334,7941,0,11,100.00,674,25.1,302.6
2026-05-16T11:00:31,37.3,1330,7941,0,10,100.00,710,24.7,302.6
2026-05-16T11:00:36,35.3,1327,7941,0,9,100.00,652,23.5,302.6
2026-05-16T11:00:42,32.4,1310,7941,0,9,100.00,667,21.2,302.6
2026-05-16T11:00:47,31.1,1310,7941,0,9,100.00,719,19.9,302.6
2026-05-16T11:00:52,31.2,1307,7941,0,9,100.00,630,20.5,302.6
2026-05-16T11:00:58,33.6,1308,7941,1,8,100.00,767,22.2,302.6
2026-05-16T11:01:03,33.9,1317,7941,0,9,100.00,724,22.4,302.6
2026-05-16T11:01:08,30.1,1311,7941,0,9,100.00,662,19.3,302.6
2026-05-16T11:01:14,28.4,1307,7941,1,6,100.00,683,18.5,302.6
2026-05-16T11:01:19,27.0,1308,7941,1,7,100.00,622,17.2,302.6
2026-05-16T11:01:24,29.0,1311,7941,1,7,100.00,740,18.7,302.6
2026-05-16T11:01:30,24.8,1301,7941,1,7,100.00,717,16.2,302.6
2026-05-16T11:01:35,26.6,1306,7941,0,8,100.00,625,16.8,302.6
2026-05-16T11:01:40,29.9,1300,7941,0,9,100.00,790,19.4,302.6
2026-05-16T11:01:46,28.3,1304,7941,0,9,100.00,650,18.4,302.6
2026-05-16T11:01:51,26.4,1300,7941,1,10,100.00,639,17.4,302.6
2026-05-16T11:01:56,30.1,1303,7941,0,11,100.00,678,19.6,302.6
2026-05-16T11:02:02,27.1,1290,7941,0,9,100.00,737,17.6,302.6
2026-05-16T11:02:07,30.7,1290,7941,0,9,100.00,688,20.4,302.6
2026-05-16T11:02:12,26.6,1298,7941,0,9,100.00,693,17.4,302.6
2026-05-16T11:02:18,27.1,1296,7941,0,8,100.00,642,17.6,302.6
2026-05-16T11:02:23,28.2,1300,7941,0,8,100.00,803,18.1,302.6
2026-05-16T11:02:28,25.2,1304,7941,0,8,100.00,638,16.6,302.6
2026-05-16T11:02:33,29.7,1302,7941,0,9,100.00,634,19.8,302.6
2026-05-16T11:02:39,28.4,1295,7941,0,9,100.00,763,18.3,302.6
2026-05-16T11:02:44,27.1,1289,7941,0,9,100.00,635,17.2,302.6
2026-05-16T11:02:49,28.5,1278,7941,0,9,100.00,753,17.7,302.6
2026-05-16T11:02:55,30.0,1282,7941,1,8,100.00,672,19.6,302.6
2026-05-16T11:03:00,28.6,1284,7941,0,9,100.00,671,18.6,302.6
2026-05-16T11:03:05,34.9,1275,7941,0,10,100.00,646,22.9,302.6
2026-05-16T11:03:10,27.8,1282,7941,0,10,100.00,675,18.4,302.6
2026-05-16T11:03:16,28.9,1274,7941,0,9,100.00,726,18.7,302.6
2026-05-16T11:03:21,29.9,1280,7941,0,9,100.00,747,18.9,302.6
2026-05-16T11:03:26,28.5,1285,7941,0,9,100.00,654,18.4,302.6
2026-05-16T11:03:32,30.4,1280,7941,0,10,100.00,688,20.3,302.6
2026-05-16T11:03:37,28.6,1288,7941,1,9,100.00,690,18.6,302.6
2026-05-16T11:03:42,27.1,1282,7941,0,8,100.00,680,17.8,302.6
2026-05-16T11:03:48,27.3,1280,7941,0,8,100.00,688,17.2,302.6
2026-05-16T11:03:53,29.0,1273,7941,1,7,100.00,656,18.7,302.6
2026-05-16T11:03:58,30.0,1281,7941,1,8,100.00,724,19.7,302.6
2026-05-16T11:04:03,32.4,1279,7941,0,9,100.00,698,21.6,302.6
2026-05-16T11:04:09,27.8,1281,7941,0,10,100.00,594,17.4,302.6
2026-05-16T11:04:14,25.3,1283,7941,0,10,100.00,740,16.5,302.6
2026-05-16T11:04:19,25.0,1279,7941,0,8,100.00,699,15.8,302.6
2026-05-16T11:04:25,24.5,1284,7941,0,8,100.00,656,15.6,302.6
2026-05-16T11:04:30,23.4,1284,7941,0,8,100.00,632,15.1,302.6
2026-05-16T11:04:35,24.6,1275,7941,0,8,100.00,697,15.7,302.6
2026-05-16T11:04:40,22.6,1283,7941,1,7,100.00,706,14.5,302.6
2026-05-16T11:04:46,22.5,1275,7941,0,7,100.00,696,14.2,302.6
2026-05-16T11:04:51,23.6,1271,7941,1,6,100.00,694,15.5,302.6
2026-05-16T11:04:56,24.1,1278,7941,0,8,100.00,663,15.2,302.6
2026-05-16T11:05:01,23.5,1281,7941,0,8,100.00,769,15.1,302.6
2026-05-16T11:05:07,35.1,1282,7941,2,7,100.00,567,26.1,302.6
2026-05-16T11:05:12,23.6,1283,7941,0,9,100.00,683,15.3,302.6
2026-05-16T11:05:17,24.5,1271,7941,2,5,100.00,658,15.6,302.6
2026-05-16T11:05:23,24.6,1277,7941,0,7,100.00,697,15.9,302.6
2026-05-16T11:05:28,24.1,1275,7941,0,8,100.00,710,15.3,302.6
2026-05-16T11:05:33,24.2,1276,7941,0,8,100.00,628,15.8,302.6
2026-05-16T11:05:39,27.2,1277,7941,0,9,100.00,695,17.8,302.6
2026-05-16T11:05:44,25.7,1283,7941,0,9,100.00,718,16.7,302.6
2026-05-16T11:05:49,23.9,1289,7941,1,8,100.00,663,15.6,302.6
2026-05-16T11:05:54,23.3,1291,7941,0,8,100.00,715,14.9,302.6
2026-05-16T11:06:00,24.4,1284,7941,0,8,100.00,659,15.8,302.6
2026-05-16T11:06:05,28.0,1276,7941,2,8,100.00,601,18.6,302.6
2026-05-16T11:06:10,23.9,1287,7941,1,10,100.00,687,15.3,302.6
2026-05-16T11:06:15,21.2,1286,7941,0,11,100.00,686,13.6,302.6
2026-05-16T11:06:21,24.0,1288,7941,0,8,100.00,739,15.2,302.6
2026-05-16T11:06:26,23.2,1280,7941,0,8,100.00,659,14.5,302.6
2026-05-16T11:06:31,20.3,1285,7941,0,8,100.00,686,13.2,302.6
2026-05-16T11:06:36,22.1,1278,7941,0,8,100.00,678,13.9,302.6
2026-05-16T11:06:42,21.7,1280,7941,0,7,100.00,665,13.8,302.6
2026-05-16T11:06:47,22.5,1281,7941,0,7,100.00,753,14.4,302.6
2026-05-16T11:06:52,21.9,1277,7941,0,7,100.00,641,14.1,302.6
2026-05-16T11:06:57,21.6,1265,7941,0,7,100.00,650,13.8,302.6
2026-05-16T11:07:03,23.2,1268,7941,1,6,100.00,775,15.2,302.6
2026-05-16T11:07:08,22.5,1280,7941,0,8,100.00,603,14.5,302.6
2026-05-16T11:07:13,21.4,1279,7941,0,8,100.00,702,13.9,302.6
2026-05-16T11:07:18,22.4,1279,7941,0,8,100.00,721,14.0,302.6
2026-05-16T11:07:23,22.4,1280,7941,1,7,100.00,644,14.5,302.6
2026-05-16T11:07:29,21.1,1283,7941,0,8,100.00,737,13.4,302.6
2026-05-16T11:07:34,21.9,1281,7941,0,8,100.00,639,13.9,302.6
2026-05-16T11:07:39,22.4,1281,7941,0,8,100.00,697,14.5,302.6
2026-05-16T11:07:44,21.9,1283,7941,0,7,100.00,720,14.0,302.6
2026-05-16T11:07:50,20.8,1274,7941,0,7,100.00,650,13.1,302.6
2026-05-16T11:07:55,21.3,1278,7941,0,7,100.00,729,13.4,302.6
2026-05-16T11:08:00,21.6,1284,7941,0,8,100.00,678,14.0,302.6
2026-05-16T11:08:05,24.4,1290,7941,0,8,100.00,622,15.7,302.6
2026-05-16T11:08:11,20.8,1289,7941,0,8,100.00,686,13.6,302.6
2026-05-16T11:08:16,21.7,1281,7941,0,7,100.00,689,13.9,302.6
2026-05-16T11:08:21,20.5,1281,7941,0,7,100.00,687,13.4,302.6
2026-05-16T11:08:26,23.8,1289,7941,0,7,100.00,735,15.2,302.6
2026-05-16T11:08:32,22.5,1286,7941,0,7,100.00,639,14.8,302.6
2026-05-16T11:08:37,23.5,1288,7941,0,9,100.00,688,15.1,302.6
2026-05-16T11:08:42,22.1,1288,7941,1,8,100.00,693,14.3,302.6
2026-05-16T11:08:47,22.8,1269,7941,0,7,100.00,667,14.6,302.6
2026-05-16T11:08:53,22.7,1268,7941,0,7,100.00,687,14.5,302.6
2026-05-16T11:08:58,22.0,1268,7941,0,7,100.00,697,14.0,302.6
2026-05-16T11:09:03,29.1,1269,7941,0,10,100.00,663,19.8,302.6
2026-05-16T11:09:09,31.9,1279,7941,0,10,100.00,684,21.1,302.6
2026-05-16T11:09:14,23.3,1275,7941,0,9,100.00,643,14.8,302.6
2026-05-16T11:09:19,22.7,1271,7941,0,8,100.00,767,14.4,302.6
2026-05-16T11:09:24,23.7,1269,7941,0,8,100.00,693,15.5,302.6
2026-05-16T11:09:30,22.0,1270,7941,0,8,100.00,611,14.5,302.6
2026-05-16T11:09:35,23.8,1270,7941,1,7,100.00,709,15.5,302.6
2026-05-16T11:09:40,22.1,1275,7941,0,8,100.00,701,14.1,302.6
2026-05-16T11:09:45,23.6,1272,7941,0,8,100.00,674,15.4,302.6
2026-05-16T11:09:51,23.1,1272,7941,0,8,100.00,745,14.8,302.6
2026-05-16T11:09:56,22.2,1273,7941,0,8,100.00,539,14.1,302.6
2026-05-16T11:10:01,22.7,1281,7941,0,8,100.00,843,14.8,302.6
2026-05-16T11:10:07,37.2,1284,7941,0,11,100.00,563,25.8,302.6
2026-05-16T11:10:12,27.6,1284,7941,1,9,100.00,642,18.2,302.6
2026-05-16T11:10:17,27.4,1271,7941,0,8,100.00,756,17.3,302.6
2026-05-16T11:10:23,28.7,1282,7941,1,7,100.00,583,18.4,302.6
2026-05-16T11:10:28,21.8,1267,7941,1,7,100.00,750,14.0,302.6
2026-05-16T11:10:33,22.2,1270,7941,0,8,100.00,657,14.5,302.6
2026-05-16T11:10:38,21.4,1271,7941,0,8,100.00,695,13.4,302.6
2026-05-16T11:10:44,21.6,1272,7941,0,7,100.00,653,13.8,302.6
2026-05-16T11:10:49,24.1,1279,7941,0,7,100.00,723,15.8,302.6
2026-05-16T11:10:54,20.3,1279,7941,0,8,100.00,582,13.0,302.6
2026-05-16T11:10:59,23.2,1282,7941,0,8,100.00,715,15.0,302.6
2026-05-16T11:11:05,23.5,1280,7941,0,8,100.00,717,15.0,302.6
2026-05-16T11:11:10,21.6,1286,7941,0,8,100.00,678,14.0,302.6
2026-05-16T11:11:15,21.3,1263,7941,0,6,100.00,774,13.6,302.6
2026-05-16T11:11:20,21.9,1276,7941,0,10,100.00,562,14.2,302.6
2026-05-16T11:11:26,24.1,1270,7941,0,7,100.00,776,15.4,302.6
2026-05-16T11:11:31,21.4,1262,7941,0,8,100.00,687,13.8,302.6
2026-05-16T11:11:36,22.0,1269,7941,0,8,100.00,642,14.3,302.6
2026-05-16T11:11:41,20.8,1264,7941,0,7,100.00,756,13.6,302.6
2026-05-16T11:11:47,21.1,1282,7941,0,8,100.00,610,13.5,302.6
2026-05-16T11:11:52,21.1,1275,7941,0,7,100.00,696,13.3,302.6
2026-05-16T11:11:57,20.6,1275,7941,0,7,100.00,725,13.2,302.6
2026-05-16T11:12:02,23.6,1269,7941,1,5,100.00,660,15.6,302.6
2026-05-16T11:12:07,23.3,1268,7941,0,7,100.00,692,14.7,302.6
2026-05-16T11:12:13,23.5,1275,7941,0,8,100.00,675,14.9,302.6
2026-05-16T11:12:18,21.8,1269,7941,0,8,100.00,670,14.1,302.6
2026-05-16T11:12:23,24.9,1269,7941,0,8,100.00,658,16.1,302.6
2026-05-16T11:12:28,22.9,1280,7941,0,9,100.00,766,14.5,302.6
2026-05-16T11:12:34,23.7,1274,7941,2,7,100.00,614,15.2,302.6
2026-05-16T11:12:39,24.8,1272,7941,0,8,100.00,642,16.2,302.6
2026-05-16T11:12:44,24.1,1272,7941,1,7,100.00,716,15.7,302.6
2026-05-16T11:12:50,24.9,1277,7941,1,7,100.00,677,16.2,302.6
2026-05-16T11:12:55,26.5,1277,7941,1,7,100.00,743,16.7,302.6
2026-05-16T11:13:00,23.7,1279,7941,0,8,100.00,691,15.5,302.6
2026-05-16T11:13:05,29.3,1274,7941,0,9,100.00,656,18.6,302.6
2026-05-16T11:13:11,25.9,1279,7941,0,9,100.00,655,16.4,302.6
2026-05-16T11:13:16,24.6,1280,7941,0,9,100.00,689,15.8,302.6
2026-05-16T11:13:21,25.0,1281,7941,0,8,100.00,718,16.1,302.6
2026-05-16T11:13:27,25.4,1282,7941,0,8,100.00,666,16.2,302.6
2026-05-16T11:13:32,23.5,1283,7941,0,7,100.00,672,14.9,302.6
2026-05-16T11:13:37,25.8,1283,7941,0,8,100.00,742,16.7,302.6
2026-05-16T11:13:42,24.1,1285,7941,0,8,100.00,677,15.6,302.6
2026-05-16T11:13:48,24.0,1286,7941,1,7,100.00,691,16.0,302.6
2026-05-16T11:13:53,26.4,1285,7941,1,7,100.00,703,17.1,302.6
2026-05-16T11:13:58,26.1,1285,7941,0,8,100.00,681,16.9,302.6
2026-05-16T11:14:03,28.0,1284,7941,0,8,100.00,650,18.5,302.6
2026-05-16T11:14:09,25.4,1286,7941,0,9,100.00,697,16.2,302.6
2026-05-16T11:14:14,22.1,1292,7941,0,9,100.00,616,14.1,302.6
2026-05-16T11:14:19,25.1,1289,7941,1,7,100.00,689,16.1,302.6
2026-05-16T11:14:24,25.3,1287,7941,0,7,100.00,729,15.9,302.6
2026-05-16T11:14:30,22.6,1286,7941,0,7,100.00,687,14.5,302.6
2026-05-16T11:14:35,25.1,1286,7941,0,8,100.00,659,16.5,302.6
2026-05-16T11:14:40,23.9,1280,7941,1,7,100.00,630,15.3,302.6
2026-05-16T11:14:45,24.4,1279,7941,0,9,100.00,690,15.3,302.6
2026-05-16T11:14:51,24.1,1275,7941,0,9,100.00,743,15.7,302.6
2026-05-16T11:14:56,24.5,1272,7941,0,8,100.00,686,16.1,302.6
2026-05-16T11:15:01,26.4,1275,7941,0,11,100.00,732,17.0,302.6
2026-05-16T11:15:07,38.4,1274,7941,1,10,100.00,608,28.3,302.6
2026-05-16T11:15:12,26.3,1286,7941,0,11,100.00,653,17.2,302.6
2026-05-16T11:15:18,25.7,1273,7941,1,7,100.00,701,16.7,302.6
2026-05-16T11:15:23,28.2,1273,7941,0,8,100.00,674,18.1,302.6
2026-05-16T11:15:28,26.2,1269,7941,0,8,100.00,724,17.0,302.6
2026-05-16T11:15:34,27.3,1274,7941,0,9,100.00,650,18.1,302.6
2026-05-16T11:15:39,24.4,1280,7941,0,9,100.00,754,15.5,302.6
2026-05-16T11:15:44,25.4,1272,7941,0,8,100.00,634,16.1,302.6
2026-05-16T11:15:49,24.3,1272,7941,0,9,100.00,693,15.2,302.6
2026-05-16T11:15:55,25.7,1273,7941,0,9,100.00,672,16.9,302.6
2026-05-16T11:16:00,23.7,1275,7941,0,9,100.00,686,15.4,302.6
2026-05-16T11:16:05,27.0,1269,7941,0,9,100.00,622,17.2,302.6
2026-05-16T11:16:11,25.7,1272,7941,0,9,100.00,814,16.6,302.6
2026-05-16T11:16:16,24.8,1272,7941,0,8,100.00,671,16.1,302.6
2026-05-16T11:16:21,24.6,1281,7941,1,7,100.00,610,16.0,302.6
2026-05-16T11:16:26,25.5,1279,7941,1,8,100.00,745,16.0,302.6
2026-05-16T11:16:32,24.0,1281,7941,0,9,100.00,633,15.7,302.6
2026-05-16T11:16:37,24.0,1272,7941,0,7,100.00,720,15.3,302.6
2026-05-16T11:16:42,22.9,1279,7941,1,7,100.00,686,14.9,302.6
2026-05-16T11:16:47,25.8,1281,7941,0,8,100.00,696,16.7,302.6
2026-05-16T11:16:53,25.2,1285,7941,0,8,100.00,672,16.2,302.6
2026-05-16T11:16:58,25.3,1278,7941,0,8,100.00,677,16.7,302.6
2026-05-16T11:17:03,25.7,1284,7941,0,8,100.00,676,16.5,302.6
2026-05-16T11:17:08,26.6,1281,7941,0,8,100.00,682,17.2,302.6
2026-05-16T11:17:14,25.1,1281,7941,0,8,100.00,684,16.8,302.6
2026-05-16T11:17:19,23.9,1281,7941,1,6,100.00,699,15.5,302.6
2026-05-16T11:17:24,26.1,1283,7941,0,7,100.00,707,16.9,302.6
2026-05-16T11:17:29,25.3,1285,7941,0,8,100.00,677,17.0,302.6
2026-05-16T11:17:35,28.1,1284,7941,0,9,100.00,677,18.1,302.6
2026-05-16T11:17:40,25.3,1289,7941,0,9,100.00,568,16.0,302.6
2026-05-16T11:17:45,21.3,1279,7941,0,9,100.00,758,13.3,302.6
2026-05-16T11:17:50,20.7,1290,7941,0,8,100.00,655,13.2,302.6
2026-05-16T11:17:56,23.3,1282,7941,0,8,100.00,745,14.8,302.6
2026-05-16T11:18:01,20.7,1285,7941,0,7,100.00,686,13.5,302.6
2026-05-16T11:18:06,26.7,1283,7941,0,8,100.00,684,17.4,302.6
2026-05-16T11:18:11,22.9,1286,7941,0,8,100.00,740,14.9,302.6
2026-05-16T11:18:17,20.7,1292,7941,0,8,100.00,617,13.2,302.6
2026-05-16T11:18:22,22.6,1294,7941,0,9,100.00,616,14.8,302.6
2026-05-16T11:18:27,22.4,1292,7941,0,9,100.00,735,14.3,302.6
2026-05-16T11:18:32,20.8,1296,7941,0,8,100.00,716,13.8,302.6
2026-05-16T11:18:38,23.1,1295,7941,2,6,100.00,681,14.8,302.6
2026-05-16T11:18:43,24.4,1286,7941,0,7,100.00,735,16.0,302.6
2026-05-16T11:18:48,22.1,1288,7941,0,8,100.00,613,14.1,302.6
2026-05-16T11:18:53,21.9,1294,7941,0,8,100.00,709,14.3,302.6
2026-05-16T11:18:59,22.5,1286,7941,0,9,100.00,616,14.2,302.6
2026-05-16T11:19:04,26.6,1294,7941,0,9,100.00,700,17.3,302.6
2026-05-16T11:19:09,23.2,1289,7941,0,8,100.00,763,15.2,302.6
2026-05-16T11:19:14,22.7,1288,7941,0,7,100.00,666,14.7,302.6
2026-05-16T11:19:20,22.8,1298,7941,0,8,100.00,638,14.7,302.6
2026-05-16T11:19:25,22.7,1288,7941,0,8,100.00,752,14.1,302.6
2026-05-16T11:19:30,21.5,1289,7941,0,8,100.00,611,14.0,302.6
2026-05-16T11:19:35,23.4,1283,7941,0,7,100.00,731,15.1,302.6
2026-05-16T11:19:41,21.0,1294,7941,1,7,100.00,660,13.6,302.6
2026-05-16T11:19:46,21.6,1296,7941,0,8,100.00,648,13.8,302.6
2026-05-16T11:19:51,22.0,1289,7941,1,7,100.00,728,14.1,302.6
2026-05-16T11:19:56,20.2,1287,7941,0,8,100.00,637,13.0,302.6
2026-05-16T11:20:02,22.4,1298,7941,0,11,100.00,709,15.4,302.7
2026-05-16T11:20:07,37.8,1297,7941,0,11,100.00,589,26.1,302.7
2026-05-16T11:20:13,29.4,1298,7941,0,10,100.00,664,19.4,302.7
2026-05-16T11:20:18,27.1,1287,7941,0,8,100.00,742,17.3,302.7
2026-05-16T11:20:23,26.4,1295,7941,0,8,100.00,720,17.1,302.7
2026-05-16T11:20:28,21.2,1292,7941,0,7,100.00,570,13.5,302.7
2026-05-16T11:20:34,23.0,1280,7941,0,6,100.00,736,15.0,302.7
2026-05-16T11:20:39,23.1,1295,7941,0,7,100.00,699,14.8,302.7
2026-05-16T11:20:44,22.1,1286,7941,0,7,100.00,645,14.2,302.7
2026-05-16T11:20:49,22.1,1294,7941,0,8,100.00,738,14.3,302.7
2026-05-16T11:20:54,23.3,1292,7941,0,8,100.00,689,15.2,302.7
2026-05-16T11:21:00,22.0,1290,7941,0,8,100.00,620,14.0,302.7
2026-05-16T11:21:05,27.7,1273,7941,0,9,100.00,755,18.2,302.7
2026-05-16T11:21:10,21.7,1276,7941,0,9,100.00,574,14.2,302.7
2026-05-16T11:21:16,22.7,1269,7941,0,7,100.00,721,14.4,302.7
2026-05-16T11:21:21,23.6,1273,7941,0,7,100.00,696,15.6,302.7
2026-05-16T11:21:26,24.8,1277,7941,0,7,100.00,683,16.2,302.7
2026-05-16T11:21:31,22.5,1285,7941,1,6,100.00,732,14.7,302.7
2026-05-16T11:21:37,23.8,1274,7941,0,7,100.00,651,15.6,302.7
2026-05-16T11:21:42,24.0,1280,7941,0,7,100.00,648,16.1,302.7
2026-05-16T11:21:47,22.4,1270,7941,0,7,100.00,712,14.3,302.7
2026-05-16T11:21:52,20.5,1274,7941,0,7,100.00,656,13.3,302.7
2026-05-16T11:21:57,22.7,1278,7941,0,7,100.00,727,14.8,302.7
2026-05-16T11:22:03,22.6,1278,7941,0,7,100.00,650,14.8,302.7
2026-05-16T11:22:08,21.6,1276,7941,0,7,100.00,629,13.9,302.7
2026-05-16T11:22:13,21.8,1267,7941,1,6,100.00,673,14.2,302.7
2026-05-16T11:22:19,20.6,1267,7941,0,7,100.00,745,13.1,302.7
2026-05-16T11:22:24,21.5,1269,7941,0,7,100.00,708,13.8,302.7
2026-05-16T11:22:29,21.3,1272,7941,0,6,100.00,631,13.7,302.7
2026-05-16T11:22:34,20.7,1276,7941,0,6,100.00,653,13.2,302.7
2026-05-16T11:22:39,22.3,1274,7941,0,7,100.00,697,14.2,302.7
2026-05-16T11:22:45,24.4,1274,7941,0,8,100.00,595,15.7,302.7
2026-05-16T11:22:50,22.1,1273,7941,0,7,100.00,752,14.3,302.7
2026-05-16T11:22:55,23.9,1278,7941,0,8,100.00,681,14.9,302.7
2026-05-16T11:23:01,22.8,1275,7941,0,8,100.00,707,14.9,302.7
2026-05-16T11:23:06,30.4,1281,7941,0,9,100.00,615,19.6,302.7
2026-05-16T11:23:11,25.7,1282,7941,0,9,100.00,632,17.1,302.7
2026-05-16T11:23:16,24.1,1276,7941,1,6,100.00,771,15.3,302.7
2026-05-16T11:23:22,24.2,1270,7941,0,6,100.00,625,15.6,302.7
2026-05-16T11:23:27,23.8,1273,7941,0,8,100.00,632,15.5,302.7
2026-05-16T11:23:32,23.5,1276,7941,0,8,100.00,719,15.2,302.7
2026-05-16T11:23:37,26.2,1270,7941,0,7,100.00,698,16.6,302.7
2026-05-16T11:23:43,24.0,1278,7941,0,7,100.00,677,15.4,302.7
2026-05-16T11:23:48,23.7,1281,7941,1,7,100.00,642,15.6,302.7
2026-05-16T11:23:53,22.3,1285,7941,0,8,100.00,706,14.2,302.7
2026-05-16T11:23:58,24.1,1279,7941,0,7,100.00,677,15.3,302.7
2026-05-16T11:24:04,26.7,1282,7941,0,9,100.00,611,17.3,302.7
2026-05-16T11:24:09,25.6,1285,7941,0,9,100.00,727,16.9,302.7
2026-05-16T11:24:14,24.0,1286,7941,0,9,100.00,714,15.2,302.7
2026-05-16T11:24:19,24.8,1280,7941,0,9,100.00,663,16.0,302.7
2026-05-16T11:24:25,27.9,1275,7941,0,8,100.00,667,18.1,302.7
2026-05-16T11:24:30,26.0,1276,7941,0,8,100.00,686,17.1,302.7
2026-05-16T11:24:35,25.2,1280,7941,0,8,100.00,720,16.2,302.7
2026-05-16T11:24:40,25.2,1276,7941,0,8,100.00,723,16.1,302.7
2026-05-16T11:24:46,26.4,1277,7941,0,8,100.00,622,17.2,302.7
2026-05-16T11:24:51,23.5,1284,7941,0,8,100.00,658,15.2,302.7
2026-05-16T11:24:56,25.8,1277,7941,0,8,100.00,714,16.7,302.7
2026-05-16T11:25:01,26.5,1277,7941,2,9,100.00,747,17.6,302.7
2026-05-16T11:25:07,34.9,1274,7941,0,11,100.00,578,24.7,302.7
2026-05-16T11:25:13,25.2,1276,7941,0,9,100.00,744,16.5,302.7
2026-05-16T11:25:18,24.7,1275,7941,0,8,100.00,659,16.5,302.7
2026-05-16T11:25:23,25.0,1272,7941,0,7,100.00,669,16.1,302.7
2026-05-16T11:25:28,25.0,1272,7941,0,7,100.00,723,16.1,302.7
2026-05-16T11:25:34,23.4,1277,7941,1,6,100.00,602,15.1,302.7
2026-05-16T11:25:39,25.9,1276,7941,1,6,100.00,756,16.8,302.7
2026-05-16T11:25:44,23.4,1278,7941,1,6,100.00,653,14.8,302.7
2026-05-16T11:25:49,23.3,1277,7941,0,7,100.00,752,14.8,302.7
2026-05-16T11:25:55,23.4,1276,7941,1,6,100.00,676,14.8,302.7
2026-05-16T11:26:00,23.2,1280,7941,0,7,100.00,632,15.2,302.7
2026-05-16T11:26:05,28.7,1279,7941,0,11,100.00,754,18.2,302.7
2026-05-16T11:26:10,26.4,1288,7941,1,10,100.00,618,17.2,302.7
2026-05-16T11:26:16,24.3,1275,7941,0,7,100.00,725,15.8,302.7
2026-05-16T11:26:21,23.5,1277,7941,1,6,100.00,726,15.3,302.7
2026-05-16T11:26:26,23.4,1281,7941,0,9,100.00,593,15.2,302.7
2026-05-16T11:26:31,25.9,1279,7941,0,9,100.00,662,16.8,302.7
2026-05-16T11:26:37,23.8,1276,7941,1,7,100.00,739,15.1,302.7
2026-05-16T11:26:42,22.2,1277,7941,0,8,100.00,594,14.4,302.7
2026-05-16T11:26:47,24.5,1279,7941,1,7,100.00,763,15.7,302.7
2026-05-16T11:26:52,23.0,1281,7941,0,8,100.00,703,15.0,302.7
2026-05-16T11:26:58,23.8,1270,7941,0,8,100.00,660,15.2,302.7
2026-05-16T11:27:03,29.2,1280,7941,0,10,100.00,739,19.5,302.7
2026-05-16T11:27:08,25.3,1283,7941,0,10,100.00,579,16.6,302.7
2026-05-16T11:27:13,27.2,1278,7941,0,9,100.00,643,18.0,302.7
2026-05-16T11:27:19,27.2,1276,7941,0,9,100.00,753,17.4,302.7
2026-05-16T11:27:24,23.7,1272,7941,2,5,100.00,737,15.4,302.7
2026-05-16T11:27:29,27.0,1277,7941,0,9,100.00,589,17.5,302.7
2026-05-16T11:27:35,25.4,1270,7941,0,8,100.00,760,16.2,302.7
2026-05-16T11:27:40,25.0,1269,7941,0,7,100.00,699,16.7,302.7
2026-05-16T11:27:45,26.4,1278,7941,0,8,100.00,655,17.1,302.7
2026-05-16T11:27:50,23.0,1272,7941,0,8,100.00,630,14.7,302.7
2026-05-16T11:27:56,24.4,1264,7941,0,7,100.00,687,15.2,302.7
2026-05-16T11:28:01,23.5,1273,7941,1,6,100.00,702,15.0,302.7
2026-05-16T11:28:06,25.7,1277,7941,0,10,100.00,702,16.9,302.7
2026-05-16T11:28:11,23.8,1281,7941,0,10,100.00,707,15.2,302.7
2026-05-16T11:28:17,21.2,1278,7941,0,9,100.00,643,13.6,302.7
2026-05-16T11:28:22,21.8,1275,7941,0,9,100.00,666,14.1,302.7
2026-05-16T11:28:27,23.2,1277,7941,0,9,100.00,761,14.1,302.7
2026-05-16T11:28:32,19.0,1283,7941,0,9,100.00,602,12.4,302.7
2026-05-16T11:28:37,22.3,1272,7941,0,7,100.00,735,14.3,302.7
2026-05-16T11:28:43,22.6,1267,7941,0,7,100.00,702,15.1,302.7
2026-05-16T11:28:48,20.6,1265,7941,1,5,100.00,581,13.1,302.7
2026-05-16T11:28:53,22.4,1270,7941,0,7,100.00,774,14.6,302.7
2026-05-16T11:28:58,21.3,1275,7941,0,7,100.00,667,13.2,302.7
2026-05-16T11:29:04,23.0,1277,7941,1,8,100.00,651,14.9,302.7
2026-05-16T11:29:09,23.1,1275,7941,0,9,100.00,614,15.0,302.7
2026-05-16T11:29:14,21.4,1275,7941,0,8,100.00,767,13.8,302.7
2026-05-16T11:29:19,23.0,1279,7941,0,7,100.00,684,14.4,302.7
2026-05-16T11:29:25,22.1,1285,7941,0,7,100.00,628,14.3,302.7
2026-05-16T11:29:30,21.3,1276,7941,0,6,100.00,706,14.1,302.7
2026-05-16T11:29:35,24.3,1284,7941,0,7,100.00,753,15.8,302.7
2026-05-16T11:29:40,21.5,1287,7941,0,7,100.00,635,13.9,302.7
2026-05-16T11:29:46,21.4,1289,7941,1,7,100.00,643,13.8,302.7
2026-05-16T11:29:51,22.4,1296,7941,0,8,100.00,785,14.5,302.7
2026-05-16T11:29:56,22.3,1286,7941,0,7,100.00,565,14.1,302.7
2026-05-16T11:30:01,23.2,1277,7941,0,9,100.00,788,15.5,302.7
2026-05-16T11:30:07,40.2,1283,7941,0,11,100.00,608,28.5,302.7
2026-05-16T11:30:12,28.8,1288,7941,1,10,100.00,637,18.9,302.7
2026-05-16T11:30:18,27.9,1281,7941,0,8,100.00,682,17.9,302.7
2026-05-16T11:30:23,26.8,1288,7941,0,8,100.00,710,17.2,302.7
2026-05-16T11:30:28,21.1,1281,7941,0,7,100.00,666,13.5,302.7
2026-05-16T11:30:33,24.6,1278,7941,0,7,100.00,721,16.1,302.7
2026-05-16T11:30:39,22.0,1284,7941,0,8,100.00,621,13.9,302.7
2026-05-16T11:30:44,20.5,1280,7941,0,8,100.00,706,13.1,302.7
2026-05-16T11:30:49,21.9,1276,7941,0,7,100.00,728,14.1,302.7
2026-05-16T11:30:54,21.0,1279,7941,0,8,100.00,623,13.7,302.7
2026-05-16T11:31:00,22.9,1276,7941,1,7,100.00,739,14.5,302.7
2026-05-16T11:31:05,23.9,1281,7941,1,7,100.00,641,15.0,302.7
2026-05-16T11:31:10,22.0,1280,7941,0,8,100.00,684,14.2,302.7
2026-05-16T11:31:15,24.8,1286,7941,0,8,100.00,676,16.1,302.7
2026-05-16T11:31:21,20.9,1287,7941,0,8,100.00,648,13.5,302.7
2026-05-16T11:31:26,23.9,1283,7941,0,8,100.00,739,15.0,302.7
2026-05-16T11:31:31,23.0,1282,7941,0,8,100.00,692,14.9,302.7
2026-05-16T11:31:36,21.5,1284,7941,1,7,100.00,609,13.9,302.7
2026-05-16T11:31:42,21.7,1281,7941,1,6,100.00,723,14.0,302.7
2026-05-16T11:31:47,22.2,1287,7941,0,7,100.00,678,14.2,302.7
2026-05-16T11:31:52,22.5,1292,7941,0,7,100.00,674,14.3,302.7
2026-05-16T11:31:57,21.8,1280,7941,0,6,100.00,775,14.3,302.7
2026-05-16T11:32:03,21.8,1283,7941,0,8,100.00,642,14.0,302.7
2026-05-16T11:32:08,22.3,1293,7941,0,9,100.00,564,14.2,302.7
2026-05-16T11:32:13,21.0,1291,7941,0,9,100.00,764,13.4,302.7
2026-05-16T11:32:18,21.9,1280,7941,0,6,100.00,677,14.4,302.7
2026-05-16T11:32:24,22.8,1289,7941,0,8,100.00,642,14.6,302.7
2026-05-16T11:32:29,21.2,1280,7941,0,8,100.00,712,13.6,302.7
2026-05-16T11:32:34,22.0,1275,7941,0,7,100.00,726,14.1,302.7
2026-05-16T11:32:39,21.7,1283,7941,0,7,100.00,718,14.1,302.7
2026-05-16T11:32:44,20.7,1286,7941,0,9,100.00,605,13.2,302.7
2026-05-16T11:32:50,21.2,1284,7941,0,9,100.00,685,13.6,302.7
2026-05-16T11:32:55,22.3,1291,7941,1,7,100.00,689,14.0,302.7
2026-05-16T11:33:00,19.9,1284,7941,0,8,100.00,668,13.0,302.7
2026-05-16T11:33:05,27.0,1285,7941,1,8,100.00,760,17.3,302.7
2026-05-16T11:33:11,21.2,1289,7941,0,9,100.00,630,13.9,302.7
2026-05-16T11:33:16,22.0,1288,7941,0,8,100.00,680,13.9,302.7
2026-05-16T11:33:21,22.7,1291,7941,1,7,100.00,700,14.5,302.7
2026-05-16T11:33:26,21.6,1288,7941,0,8,100.00,648,14.0,302.7
2026-05-16T11:33:32,23.9,1285,7941,0,8,100.00,772,15.0,302.7
2026-05-16T11:33:37,21.7,1280,7941,0,8,100.00,677,14.0,302.7
2026-05-16T11:33:42,23.0,1278,7941,0,8,100.00,615,15.2,302.7
2026-05-16T11:33:47,25.2,1289,7941,0,8,100.00,744,16.1,302.7
2026-05-16T11:33:53,24.4,1295,7941,0,8,100.00,664,15.5,302.7
2026-05-16T11:33:58,24.7,1283,7941,0,8,100.00,685,16.3,302.7
2026-05-16T11:34:03,27.4,1286,7941,0,8,100.00,692,17.7,302.7
2026-05-16T11:34:08,24.9,1288,7941,0,8,100.00,659,15.8,302.7
2026-05-16T11:34:14,24.1,1281,7941,0,7,100.00,750,15.4,302.7
2026-05-16T11:34:19,25.4,1281,7941,0,7,100.00,648,16.2,302.7
2026-05-16T11:34:24,25.1,1283,7941,0,7,100.00,676,16.0,302.7
2026-05-16T11:34:30,25.4,1286,7941,0,10,100.00,713,16.6,302.7
2026-05-16T11:34:35,25.4,1289,7941,0,10,100.00,654,16.3,302.7
2026-05-16T11:34:40,23.9,1286,7941,1,8,100.00,686,15.6,302.7
2026-05-16T11:34:45,24.6,1282,7941,1,7,100.00,771,15.6,302.7
2026-05-16T11:34:51,24.1,1290,7941,0,8,100.00,609,16.2,302.7
2026-05-16T11:34:56,27.8,1288,7941,0,9,100.00,733,18.1,302.7
2026-05-16T11:35:01,23.6,1288,7941,0,9,100.00,721,15.0,302.7
2026-05-16T11:35:07,35.9,1276,7941,0,11,100.00,566,27.4,302.7
2026-05-16T11:35:12,25.0,1288,7941,0,10,100.00,686,16.2,302.7
2026-05-16T11:35:18,23.8,1279,7941,0,8,100.00,615,15.0,302.7
2026-05-16T11:35:23,29.0,1281,7941,1,8,100.00,682,18.4,302.7
2026-05-16T11:35:28,25.5,1286,7941,0,9,100.00,731,16.6,302.7
2026-05-16T11:35:33,22.5,1276,7941,0,7,100.00,691,14.5,302.7
2026-05-16T11:35:39,26.9,1284,7941,0,8,100.00,750,17.4,302.7
2026-05-16T11:35:44,24.3,1286,7941,0,8,100.00,644,15.4,302.7
2026-05-16T11:35:49,24.2,1288,7941,0,8,100.00,637,16.1,302.7
2026-05-16T11:35:54,27.1,1283,7941,0,9,100.00,776,17.3,302.7
2026-05-16T11:36:00,22.5,1286,7941,0,9,100.00,545,14.9,302.7
2026-05-16T11:36:05,32.7,1289,7941,0,11,100.00,706,21.5,302.7
2026-05-16T11:36:10,26.1,1292,7941,0,11,100.00,663,17.4,302.7
2026-05-16T11:36:15,25.2,1285,7941,0,8,100.00,664,16.6,302.7
2026-05-16T11:36:21,26.1,1288,7941,0,8,100.00,808,17.1,302.7
2026-05-16T11:36:26,22.6,1280,7941,0,8,100.00,588,14.3,302.7
2026-05-16T11:36:31,24.5,1283,7941,0,8,100.00,710,15.6,302.7
2026-05-16T11:36:37,26.6,1291,7941,0,8,100.00,749,17.2,302.7
2026-05-16T11:36:42,22.9,1292,7941,0,8,100.00,593,15.3,302.7
2026-05-16T11:36:47,25.3,1288,7941,1,7,100.00,698,15.7,302.7
2026-05-16T11:36:52,24.2,1289,7941,0,8,100.00,755,15.8,302.7
2026-05-16T11:36:58,24.0,1280,7941,0,8,100.00,596,15.9,302.7
2026-05-16T11:37:03,29.5,1286,7941,0,9,100.00,757,19.1,302.7
2026-05-16T11:37:08,24.6,1284,7941,0,9,100.00,571,15.9,302.7
2026-05-16T11:37:13,26.6,1289,7941,0,8,100.00,722,17.2,302.7
2026-05-16T11:37:19,28.0,1293,7941,0,8,100.00,740,17.8,302.7
2026-05-16T11:37:24,26.7,1291,7941,0,8,100.00,675,17.2,302.7
2026-05-16T11:37:29,30.0,1287,7941,0,9,100.00,687,19.8,302.7
2026-05-16T11:37:34,28.7,1285,7941,1,8,100.00,676,18.9,302.7
2026-05-16T11:37:40,27.8,1290,7941,0,9,100.00,653,18.4,302.7
2026-05-16T11:37:45,28.5,1292,7941,1,8,100.00,709,18.2,302.7
2026-05-16T11:37:50,25.6,1291,7941,0,9,100.00,626,16.0,302.7
2026-05-16T11:37:55,28.4,1283,7941,1,7,100.00,719,18.6,302.7
2026-05-16T11:38:01,27.4,1290,7941,1,7,100.00,684,18.1,302.7
2026-05-16T11:38:06,30.0,1283,7941,0,8,100.00,735,19.1,302.7
2026-05-16T11:38:11,28.6,1296,7941,0,9,100.00,700,18.2,302.7
2026-05-16T11:38:17,25.6,1287,7941,0,9,100.00,616,16.7,302.7
2026-05-16T11:38:22,28.5,1291,7941,0,9,100.00,694,18.8,302.7
2026-05-16T11:38:27,28.5,1289,7941,0,9,100.00,729,18.9,302.7
2026-05-16T11:38:32,26.4,1296,7941,0,9,100.00,687,17.2,302.7
2026-05-16T11:38:38,30.7,1289,7941,0,9,100.00,625,20.0,302.7
2026-05-16T11:38:43,28.1,1290,7941,0,8,100.00,675,18.1,302.7
2026-05-16T11:38:48,25.9,1292,7941,0,8,100.00,701,16.8,302.7
2026-05-16T11:38:53,30.1,1296,7941,0,9,100.00,686,19.6,302.7
2026-05-16T11:38:59,26.8,1290,7941,1,8,100.00,710,17.2,302.7
2026-05-16T11:39:04,35.8,1279,7941,0,11,100.00,606,24.9,302.7
2026-05-16T11:39:10,34.4,1276,7941,1,10,100.00,658,23.6,302.7
2026-05-16T11:39:15,28.1,1286,7941,1,9,100.00,673,18.1,302.7
2026-05-16T11:39:20,29.5,1274,7941,0,8,100.00,686,19.2,302.7
2026-05-16T11:39:26,32.2,1284,7941,0,9,100.00,696,21.6,302.7
2026-05-16T11:39:31,25.7,1282,7941,0,9,100.00,601,17.1,302.7
2026-05-16T11:39:36,30.9,1278,7941,0,8,100.00,772,19.6,302.7
2026-05-16T11:39:42,28.8,1278,7941,0,8,100.00,671,18.6,302.7
2026-05-16T11:39:47,28.5,1293,7941,0,8,100.00,716,18.4,302.7
2026-05-16T11:39:52,29.8,1291,7941,0,9,100.00,686,19.4,302.7
2026-05-16T11:39:57,27.9,1287,7941,1,8,100.00,725,17.7,302.7
2026-05-16T11:40:03,29.8,1279,7941,2,7,100.00,585,21.4,302.7
2026-05-16T11:40:09,41.9,1287,7941,0,10,100.00,635,30.7,302.7
2026-05-16T11:40:14,38.1,1290,7941,0,10,100.00,659,26.2,302.7
2026-05-16T11:40:19,34.5,1289,7941,0,10,100.00,689,22.6,302.7
2026-05-16T11:40:25,38.4,1285,7941,1,9,100.00,677,25.1,302.7
2026-05-16T11:40:30,30.1,1288,7941,0,9,100.00,616,20.3,302.7
2026-05-16T11:40:35,28.9,1280,7941,0,9,100.00,742,18.4,302.7
2026-05-16T11:40:41,28.5,1292,7941,0,9,100.00,708,18.8,302.7
2026-05-16T11:40:46,27.0,1281,7941,0,9,100.00,586,17.2,302.7
2026-05-16T11:40:51,29.1,1286,7941,0,8,100.00,827,19.2,302.7
2026-05-16T11:40:57,28.3,1284,7941,0,8,100.00,595,18.3,302.7
2026-05-16T11:41:02,28.9,1286,7941,0,10,100.00,645,18.9,302.7
2026-05-16T11:41:07,34.1,1289,7941,0,10,100.00,772,22.1,302.7
2026-05-16T11:41:13,27.5,1288,7941,1,7,100.00,610,18.3,302.7
2026-05-16T11:41:18,27.6,1289,7941,0,9,100.00,743,17.7,302.7
2026-05-16T11:41:23,31.4,1298,7941,0,9,100.00,665,20.3,302.7
2026-05-16T11:41:28,27.2,1290,7941,0,8,100.00,700,17.4,302.7
2026-05-16T11:41:34,30.3,1290,7941,0,9,100.00,691,19.7,302.7
2026-05-16T11:41:39,27.4,1294,7941,0,9,100.00,681,17.9,302.7
2026-05-16T11:41:44,28.2,1285,7941,0,9,100.00,666,18.2,302.7
2026-05-16T11:41:50,28.8,1290,7941,0,9,100.00,680,18.8,302.7
2026-05-16T11:41:55,28.1,1291,7941,1,7,100.00,723,18.5,302.7
2026-05-16T11:42:00,26.0,1289,7941,0,8,100.00,669,17.4,302.7
2026-05-16T11:42:05,32.8,1299,7941,0,11,100.00,632,21.7,302.7
2026-05-16T11:42:11,26.3,1302,7941,0,11,100.00,605,17.3,302.7
2026-05-16T11:42:16,25.4,1294,7941,1,7,100.00,785,16.4,302.7
2026-05-16T11:42:21,26.3,1300,7941,0,8,100.00,673,17.1,302.7
2026-05-16T11:42:27,25.7,1283,7941,0,8,100.00,623,16.6,302.7
2026-05-16T11:42:32,28.4,1293,7941,0,8,100.00,775,18.4,302.7
2026-05-16T11:42:37,26.9,1295,7941,0,10,100.00,617,17.6,302.7
2026-05-16T11:42:42,24.6,1294,7941,0,10,100.00,695,16.1,302.7
2026-05-16T11:42:48,25.8,1289,7941,0,8,100.00,690,16.4,302.7
2026-05-16T11:42:53,21.8,1291,7941,0,8,100.00,689,13.9,302.7
2026-05-16T11:42:58,24.0,1280,7941,0,7,100.00,653,15.0,302.7
2026-05-16T11:43:03,27.2,1291,7941,0,8,100.00,765,17.9,302.7
2026-05-16T11:43:09,24.1,1284,7941,0,8,100.00,630,15.5,302.7
2026-05-16T11:43:14,25.0,1277,7941,0,7,100.00,708,15.9,302.7
2026-05-16T11:43:19,22.8,1292,7941,0,7,100.00,690,14.7,302.7
2026-05-16T11:43:24,25.3,1286,7941,0,7,100.00,597,16.4,302.7
2026-05-16T11:43:30,25.7,1285,7941,0,7,100.00,788,16.7,302.7
2026-05-16T11:43:35,25.5,1281,7941,0,8,100.00,615,16.0,302.7
2026-05-16T11:43:40,26.3,1290,7941,0,9,100.00,762,17.4,302.7
2026-05-16T11:43:46,25.1,1287,7941,0,9,100.00,618,15.9,302.7
2026-05-16T11:43:51,24.2,1280,7941,0,8,100.00,709,15.7,302.7
2026-05-16T11:43:56,25.1,1289,7941,0,8,100.00,679,16.1,302.7
2026-05-16T11:44:01,22.8,1286,7941,0,7,100.00,748,14.8,302.7
2026-05-16T11:44:07,27.4,1286,7941,0,8,100.00,639,17.8,302.7
2026-05-16T11:44:12,22.0,1287,7941,0,8,100.00,658,14.3,302.7
2026-05-16T11:44:17,24.1,1281,7941,0,8,100.00,655,15.7,302.7
2026-05-16T11:44:22,25.0,1289,7941,0,8,100.00,811,16.1,302.7
2026-05-16T11:44:28,23.7,1289,7941,0,8,100.00,633,15.8,302.7
2026-05-16T11:44:33,25.8,1287,7941,0,9,100.00,652,17.0,302.7
2026-05-16T11:44:38,25.5,1282,7941,0,9,100.00,708,16.3,302.7
2026-05-16T11:44:44,22.3,1284,7941,0,8,100.00,696,14.5,302.7
2026-05-16T11:44:49,23.4,1283,7941,0,9,100.00,648,15.3,302.7
2026-05-16T11:44:54,23.6,1286,7941,0,9,100.00,642,15.0,302.7
2026-05-16T11:44:59,21.6,1286,7941,0,9,100.00,711,14.1,302.7
2026-05-16T11:45:05,33.6,1285,7941,0,9,100.00,652,23.5,302.7
2026-05-16T11:45:10,25.8,1298,7941,0,10,100.00,628,16.7,302.7
2026-05-16T11:45:15,23.3,1278,7941,0,8,100.00,662,15.4,302.7
2026-05-16T11:45:20,23.4,1285,7941,0,8,100.00,731,14.7,302.7
2026-05-16T11:45:26,22.5,1277,7941,0,7,100.00,722,14.2,302.7
2026-05-16T11:45:31,20.6,1287,7941,1,7,100.00,569,13.5,302.7
2026-05-16T11:45:36,25.1,1292,7941,0,8,100.00,731,16.7,302.7
2026-05-16T11:45:41,22.4,1291,7941,0,7,100.00,705,14.5,302.7
2026-05-16T11:45:47,22.7,1288,7941,0,7,100.00,599,14.3,302.7
2026-05-16T11:45:52,22.1,1283,7941,0,7,100.00,736,13.9,302.7
2026-05-16T11:45:57,22.2,1285,7941,0,7,100.00,695,14.4,302.7
2026-05-16T11:46:02,23.2,1284,7941,0,6,100.00,718,15.1,302.7
2026-05-16T11:46:07,23.2,1279,7941,1,7,100.00,661,15.0,302.7
2026-05-16T11:46:13,21.6,1283,7941,0,8,100.00,658,14.0,302.7
2026-05-16T11:46:18,22.1,1282,7941,1,7,100.00,724,14.1,302.7
2026-05-16T11:46:23,22.8,1286,7941,0,8,100.00,599,15.0,302.7
2026-05-16T11:46:28,20.9,1281,7941,0,7,100.00,707,13.2,302.7
2026-05-16T11:46:34,22.6,1283,7941,0,7,100.00,713,14.5,302.7
2026-05-16T11:46:39,20.7,1282,7941,0,7,100.00,653,13.7,302.7
2026-05-16T11:46:44,23.4,1287,7941,0,7,100.00,714,14.9,302.7
2026-05-16T11:46:49,20.5,1289,7941,0,7,100.00,598,13.2,302.7
2026-05-16T11:46:55,22.2,1281,7941,0,7,100.00,739,14.3,302.7
2026-05-16T11:47:00,21.4,1288,7941,0,7,100.00,760,14.1,302.7
2026-05-16T11:47:05,24.5,1288,7941,0,7,100.00,643,15.7,302.7
2026-05-16T11:47:10,22.7,1290,7941,0,8,100.00,690,14.8,302.7
2026-05-16T11:47:16,22.5,1284,7941,0,7,100.00,623,14.4,302.7
2026-05-16T11:47:21,23.9,1284,7941,0,9,100.00,726,15.4,302.7
2026-05-16T11:47:26,24.7,1291,7941,0,9,100.00,676,16.2,302.7
2026-05-16T11:47:31,21.5,1283,7941,0,7,100.00,737,14.3,302.7
2026-05-16T11:47:37,23.3,1289,7941,0,8,100.00,619,15.0,302.7
2026-05-16T11:47:42,20.2,1295,7941,0,8,100.00,706,13.2,302.7
2026-05-16T11:47:47,21.4,1281,7941,0,7,100.00,740,13.6,302.7
2026-05-16T11:47:52,22.3,1283,7941,0,8,100.00,696,14.2,302.7
2026-05-16T11:47:58,20.3,1294,7941,0,8,100.00,516,12.9,302.7
2026-05-16T11:48:03,25.5,1291,7941,1,9,100.00,779,16.2,302.7
2026-05-16T11:48:08,22.1,1295,7941,0,10,100.00,648,14.1,302.7
2026-05-16T11:48:13,21.6,1277,7941,0,7,100.00,721,14.0,302.7
2026-05-16T11:48:19,22.0,1282,7941,0,7,100.00,744,13.9,302.7
2026-05-16T11:48:24,21.2,1285,7941,0,7,100.00,598,13.7,302.7
2026-05-16T11:48:29,21.2,1284,7941,0,8,100.00,767,13.8,302.7
2026-05-16T11:48:34,22.1,1283,7941,0,9,100.00,694,13.8,302.7
2026-05-16T11:48:39,20.3,1287,7941,0,9,100.00,635,13.1,302.7
2026-05-16T11:48:45,21.7,1282,7941,0,8,100.00,747,14.0,302.7
2026-05-16T11:48:50,20.8,1287,7941,0,8,100.00,689,13.7,302.7
2026-05-16T11:48:55,21.6,1287,7941,0,8,100.00,633,13.8,302.7
2026-05-16T11:49:00,21.9,1286,7941,0,8,100.00,685,14.2,302.7
2026-05-16T11:49:06,27.9,1291,7941,1,10,100.00,613,18.1,302.7
2026-05-16T11:49:11,22.1,1295,7941,0,11,100.00,794,14.1,302.7
2026-05-16T11:49:16,20.5,1288,7941,0,9,100.00,621,13.0,302.7
2026-05-16T11:49:21,22.3,1293,7941,0,9,100.00,581,14.3,302.7
2026-05-16T11:49:27,24.0,1292,7941,0,8,100.00,767,15.4,302.7
2026-05-16T11:49:32,20.6,1287,7941,1,7,100.00,657,13.4,302.7
2026-05-16T11:49:37,22.0,1280,7941,0,6,100.00,698,14.0,302.7
2026-05-16T11:49:42,22.2,1290,7941,0,8,100.00,723,14.1,302.7
2026-05-16T11:49:48,21.1,1289,7941,0,8,100.00,668,13.9,302.7
2026-05-16T11:49:53,21.9,1293,7941,1,6,100.00,637,13.9,302.7
2026-05-16T11:49:58,19.9,1287,7941,0,7,100.00,776,12.7,302.7
2026-05-16T11:50:03,27.6,1293,7941,0,10,100.00,552,19.7,302.7
2026-05-16T11:50:09,36.3,1291,7941,0,11,100.00,692,24.5,302.7
2026-05-16T11:50:14,26.9,1302,7941,0,10,100.00,703,17.4,302.7
2026-05-16T11:50:19,26.2,1287,7941,0,8,100.00,652,17.0,302.7
2026-05-16T11:50:25,23.5,1284,7941,0,7,100.00,735,14.5,302.7
2026-05-16T11:50:30,20.4,1288,7941,0,7,100.00,653,13.2,302.7
2026-05-16T11:50:35,24.1,1283,7941,0,8,100.00,678,15.4,302.7
2026-05-16T11:50:40,21.4,1289,7941,0,8,100.00,709,13.9,302.7
2026-05-16T11:50:46,22.6,1293,7941,0,8,100.00,654,14.1,302.7
2026-05-16T11:50:51,21.8,1282,7941,0,8,100.00,715,14.2,302.7
2026-05-16T11:50:56,23.5,1285,7941,0,8,100.00,615,15.7,302.7
2026-05-16T11:51:01,21.8,1300,7941,2,6,100.00,829,14.2,302.7
2026-05-16T11:51:07,28.5,1286,7941,0,11,100.00,616,19.5,302.7
2026-05-16T11:51:12,23.8,1285,7941,1,7,100.00,669,15.3,302.7
2026-05-16T11:51:17,23.3,1286,7941,0,7,100.00,762,15.5,302.7
2026-05-16T11:51:23,23.3,1292,7941,0,7,100.00,619,15.2,302.7
2026-05-16T11:51:28,22.5,1285,7941,0,7,100.00,696,14.3,302.7
2026-05-16T11:51:33,22.2,1286,7941,0,7,100.00,658,14.6,302.7
2026-05-16T11:51:38,22.4,1286,7941,0,8,100.00,607,14.5,302.7
2026-05-16T11:51:43,21.9,1291,7941,0,8,100.00,730,14.3,302.7
2026-05-16T11:51:49,23.3,1280,7941,1,7,100.00,721,14.9,302.7
2026-05-16T11:51:54,22.3,1272,7941,0,7,100.00,655,14.1,302.7
2026-05-16T11:51:59,20.2,1269,7941,0,7,100.00,727,13.3,302.7
2026-05-16T11:52:04,23.5,1277,7941,0,8,100.00,671,15.2,302.7
2026-05-16T11:52:10,23.7,1275,7941,1,7,100.00,687,15.4,302.7
2026-05-16T11:52:15,23.4,1267,7941,0,7,100.00,706,15.0,302.7
2026-05-16T11:52:20,24.6,1274,7941,1,6,100.00,648,16.1,302.7
2026-05-16T11:52:25,25.5,1274,7941,0,9,100.00,641,16.6,302.7
2026-05-16T11:52:31,23.7,1274,7941,0,9,100.00,663,15.2,302.7
2026-05-16T11:52:36,24.0,1271,7941,0,8,100.00,785,15.3,302.7
2026-05-16T11:52:41,24.6,1276,7941,0,8,100.00,695,16.5,302.7
2026-05-16T11:52:46,25.1,1281,7941,0,9,100.00,631,16.2,302.7
2026-05-16T11:52:52,25.5,1283,7941,0,9,100.00,625,16.9,302.7
2026-05-16T11:52:57,25.6,1277,7941,0,8,100.00,765,16.6,302.7
2026-05-16T11:53:02,26.6,1280,7941,0,8,100.00,706,17.5,302.7
2026-05-16T11:53:08,28.1,1276,7941,0,8,100.00,655,18.4,302.7
2026-05-16T11:53:13,25.3,1275,7941,0,8,100.00,666,16.5,302.7
2026-05-16T11:53:18,25.0,1275,7941,1,7,100.00,801,15.8,302.7
2026-05-16T11:53:23,25.7,1284,7941,0,9,100.00,571,17.0,302.7
2026-05-16T11:53:29,25.1,1274,7941,1,8,100.00,673,16.0,302.7
2026-05-16T11:53:34,27.6,1278,7941,0,8,100.00,800,18.1,302.7
2026-05-16T11:53:39,23.6,1286,7941,0,8,100.00,559,15.4,302.7
2026-05-16T11:53:44,24.4,1285,7941,0,8,100.00,752,15.8,302.7
2026-05-16T11:53:50,23.1,1287,7941,0,8,100.00,691,15.2,302.7
2026-05-16T11:53:55,23.7,1285,7941,0,7,100.00,706,15.0,302.7
2026-05-16T11:54:00,24.8,1283,7941,0,7,100.00,649,16.0,302.7
2026-05-16T11:54:05,28.0,1279,7941,0,8,100.00,700,18.2,302.7
2026-05-16T11:54:11,22.7,1281,7941,0,8,100.00,564,14.8,302.7
2026-05-16T11:54:16,24.5,1279,7941,0,8,100.00,825,15.7,302.7
2026-05-16T11:54:21,23.9,1282,7941,0,8,100.00,630,15.4,302.7
2026-05-16T11:54:26,25.5,1280,7941,1,7,100.00,691,16.4,302.7
2026-05-16T11:54:32,23.1,1285,7941,0,7,100.00,691,15.0,302.7
2026-05-16T11:54:37,24.5,1278,7941,0,7,100.00,644,16.0,302.7
2026-05-16T11:54:42,24.8,1287,7941,0,7,100.00,741,16.2,302.7
2026-05-16T11:54:47,25.5,1278,7941,0,7,100.00,678,16.7,302.7
2026-05-16T11:54:53,25.6,1282,7941,0,7,100.00,695,17.0,302.7
2026-05-16T11:54:58,26.8,1281,7941,1,7,100.00,660,17.2,302.7
2026-05-16T11:55:03,30.4,1288,7941,0,11,100.00,697,20.8,302.7
2026-05-16T11:55:09,31.3,1294,7941,0,11,100.00,680,20.9,302.7
2026-05-16T11:55:14,26.2,1284,7941,0,9,100.00,667,17.0,302.7
2026-05-16T11:55:19,24.8,1290,7941,1,8,100.00,650,16.5,302.7
2026-05-16T11:55:24,26.4,1279,7941,0,7,100.00,751,17.1,302.7
2026-05-16T11:55:30,23.5,1282,7941,0,7,100.00,703,15.3,302.7
2026-05-16T11:55:35,25.6,1286,7941,0,8,100.00,588,17.0,302.7
2026-05-16T11:55:40,25.0,1287,7941,0,8,100.00,772,16.4,302.7
2026-05-16T11:55:45,23.6,1290,7941,0,7,100.00,634,14.7,302.7
2026-05-16T11:55:51,25.4,1288,7941,0,9,100.00,655,16.1,302.7
2026-05-16T11:55:56,23.1,1287,7941,1,8,100.00,749,14.6,302.7
2026-05-16T11:56:01,21.8,1294,7941,0,8,100.00,613,14.4,302.7
2026-05-16T11:56:07,29.1,1288,7941,0,9,100.00,772,18.8,302.7
2026-05-16T11:56:12,24.2,1293,7941,0,9,100.00,612,15.8,302.7
2026-05-16T11:56:17,25.4,1279,7941,0,7,100.00,653,16.6,302.7
2026-05-16T11:56:22,26.7,1293,7941,1,8,100.00,699,17.3,302.7
2026-05-16T11:56:28,22.4,1293,7941,0,9,100.00,667,14.3,302.7
2026-05-16T11:56:33,24.6,1299,7941,0,8,100.00,731,15.8,302.7
2026-05-16T11:56:38,24.2,1287,7941,0,8,100.00,706,16.0,302.7
2026-05-16T11:56:43,22.4,1288,7941,0,7,100.00,613,14.7,302.7
2026-05-16T11:56:49,25.8,1292,7941,0,9,100.00,733,16.4,302.7
2026-05-16T11:56:54,24.1,1289,7941,0,9,100.00,691,15.6,302.7
2026-05-16T11:56:59,26.6,1291,7941,0,9,100.00,709,17.8,302.7
2026-05-16T11:57:04,31.1,1299,7941,0,10,100.00,683,20.2,302.7
2026-05-16T11:57:10,24.7,1298,7941,0,10,100.00,623,16.2,302.7
2026-05-16T11:57:15,27.4,1285,7941,0,8,100.00,739,17.8,302.7
2026-05-16T11:57:20,25.2,1290,7941,1,7,100.00,644,16.4,302.7
2026-05-16T11:57:25,24.5,1282,7941,0,8,100.00,731,15.8,302.7
2026-05-16T11:57:31,24.8,1288,7941,1,7,100.00,674,15.8,302.7
2026-05-16T11:57:36,27.5,1294,7941,0,8,100.00,628,17.7,302.7
2026-05-16T11:57:41,26.6,1295,7941,1,7,100.00,729,17.5,302.7
2026-05-16T11:57:46,26.2,1283,7941,1,7,100.00,702,17.2,302.7
2026-05-16T11:57:52,25.5,1286,7941,0,7,100.00,614,16.7,302.7
2026-05-16T11:57:57,23.5,1293,7941,0,8,100.00,688,14.8,302.7
2026-05-16T11:58:02,24.0,1288,7941,0,8,100.00,717,15.8,302.7
2026-05-16T11:58:08,27.1,1289,7941,0,8,100.00,682,17.3,302.7
2026-05-16T11:58:13,22.6,1294,7941,0,8,100.00,729,14.5,302.7
2026-05-16T11:58:18,21.4,1284,7941,0,7,100.00,678,13.6,302.7
2026-05-16T11:58:23,23.4,1291,7941,0,10,100.00,615,14.6,302.7
2026-05-16T11:58:28,19.8,1290,7941,0,10,100.00,681,12.6,302.7
2026-05-16T11:58:34,21.1,1286,7941,0,9,100.00,631,14.0,302.7
2026-05-16T11:58:39,21.3,1280,7941,0,7,100.00,730,13.8,302.7
2026-05-16T11:58:44,22.2,1287,7941,1,6,100.00,733,14.0,302.7
2026-05-16T11:58:49,20.7,1288,7941,0,8,100.00,655,13.5,302.7
2026-05-16T11:58:55,22.3,1289,7941,1,7,100.00,715,14.3,302.7
2026-05-16T11:59:00,22.0,1285,7941,0,7,100.00,640,14.4,302.7
2026-05-16T11:59:05,23.4,1290,7941,1,9,100.00,693,14.8,302.7
2026-05-16T11:59:10,22.1,1296,7941,0,10,100.00,739,14.5,302.7
2026-05-16T11:59:16,21.9,1284,7941,0,7,100.00,614,14.0,302.7
2026-05-16T11:59:21,24.2,1287,7941,0,8,100.00,632,15.5,302.7
2026-05-16T11:59:26,22.6,1288,7941,0,8,100.00,703,14.6,302.7
2026-05-16T11:59:31,21.2,1284,7941,0,7,100.00,744,13.9,302.7
2026-05-16T11:59:37,23.2,1287,7941,0,7,100.00,668,14.7,302.7
2026-05-16T11:59:42,21.9,1276,7941,0,6,100.00,621,14.1,302.7
2026-05-16T11:59:47,22.3,1277,7941,0,6,100.00,779,14.3,302.7
2026-05-16T11:59:52,23.9,1283,7941,0,7,100.00,633,15.4,302.7
2026-05-16T11:59:58,21.2,1280,7941,0,7,100.00,633,13.8,302.7
2026-05-16T12:00:03,26.2,1293,7941,0,11,100.00,674,19.4,302.7
2026-05-16T12:00:09,38.6,1290,7941,0,11,100.00,475,30.6,302.7
2026-05-16T12:00:14,40.6,1279,7941,0,11,100.00,557,30.0,302.7
2026-05-16T12:00:20,33.6,1276,7941,0,10,100.00,681,22.6,302.7
2026-05-16T12:00:25,32.4,1269,7941,0,8,100.00,658,20.8,302.7
2026-05-16T12:00:30,26.4,1271,7941,0,8,100.00,744,16.9,302.7
2026-05-16T12:00:36,24.6,1281,7941,0,10,100.00,614,16.0,302.7
2026-05-16T12:00:41,22.9,1284,7941,0,9,100.00,676,14.7,302.7
2026-05-16T12:00:46,23.7,1284,7941,0,8,100.00,760,15.0,302.7
2026-05-16T12:00:52,22.1,1282,7941,0,7,100.00,617,14.1,302.7
2026-05-16T12:00:57,23.3,1271,7941,3,5,100.00,690,15.2,302.7
2026-05-16T12:01:02,23.8,1273,7941,0,8,100.00,708,15.6,302.7
2026-05-16T12:01:07,23.6,1276,7941,0,7,100.00,687,14.6,302.7
2026-05-16T12:01:13,23.9,1284,7941,0,7,100.00,718,15.8,302.7
2026-05-16T12:01:18,22.4,1283,7941,0,7,100.00,684,14.2,302.7
2026-05-16T12:01:23,26.1,1286,7941,0,8,100.00,628,17.0,302.7
2026-05-16T12:01:28,22.9,1287,7941,1,7,100.00,738,14.4,302.7
2026-05-16T12:01:34,25.3,1284,7941,0,7,100.00,730,16.4,302.7
2026-05-16T12:01:39,24.5,1283,7941,1,6,100.00,592,16.1,302.7
2026-05-16T12:01:44,23.7,1288,7941,1,7,100.00,675,15.0,302.7
2026-05-16T12:01:50,22.5,1283,7941,0,8,100.00,755,14.3,302.7
2026-05-16T12:01:55,23.4,1278,7941,0,8,100.00,655,15.0,302.7
2026-05-16T12:02:00,21.9,1276,7941,0,7,100.00,632,14.4,302.7
2026-05-16T12:02:05,25.4,1270,7941,0,7,100.00,684,16.4,302.7
2026-05-16T12:02:10,23.3,1278,7941,0,7,100.00,745,15.3,302.7
2026-05-16T12:02:16,23.3,1276,7941,0,8,100.00,658,14.9,302.7
2026-05-16T12:02:21,22.4,1282,7941,0,8,100.00,652,14.3,302.7
2026-05-16T12:02:26,23.5,1284,7941,0,8,100.00,731,15.2,302.7
2026-05-16T12:02:32,23.1,1282,7941,0,8,100.00,687,15.3,302.7
2026-05-16T12:02:37,22.2,1276,7941,0,8,100.00,670,14.1,302.7
2026-05-16T12:02:42,21.1,1280,7941,0,8,100.00,666,13.9,302.7
2026-05-16T12:02:47,22.4,1285,7941,0,8,100.00,707,14.0,302.7
2026-05-16T12:02:52,21.8,1283,7941,0,8,100.00,682,14.2,302.7
2026-05-16T12:02:58,21.8,1282,7941,0,8,100.00,705,14.1,302.7
2026-05-16T12:03:03,25.9,1286,7941,0,9,100.00,717,16.8,302.7
2026-05-16T12:03:08,22.2,1289,7941,0,9,100.00,633,14.7,302.7
2026-05-16T12:03:13,23.3,1282,7941,0,8,100.00,667,15.3,302.7
2026-05-16T12:03:19,22.7,1283,7941,0,8,100.00,779,14.2,302.7
2026-05-16T12:03:24,22.8,1270,7941,0,9,100.00,579,14.9,302.7
2026-05-16T12:03:29,23.5,1278,7941,0,9,100.00,722,15.8,302.7
2026-05-16T12:03:34,22.4,1281,7941,0,8,100.00,640,14.4,302.7
2026-05-16T12:03:40,22.5,1277,7941,1,7,100.00,666,14.3,302.7
2026-05-16T12:03:45,25.0,1276,7941,1,6,100.00,796,16.1,302.7
2026-05-16T12:03:50,24.1,1284,7941,0,7,100.00,619,16.0,302.7
2026-05-16T12:03:55,24.5,1272,7941,0,7,100.00,718,15.8,302.7
2026-05-16T12:04:01,23.7,1280,7941,0,7,100.00,709,15.3,302.7
2026-05-16T12:04:06,28.4,1282,7941,1,8,100.00,640,18.8,302.7
2026-05-16T12:04:11,25.3,1285,7941,0,9,100.00,699,16.4,302.7
2026-05-16T12:04:17,26.1,1281,7941,1,8,100.00,688,16.9,302.7
2026-05-16T12:04:22,24.2,1284,7941,1,8,100.00,640,15.6,302.7
2026-05-16T12:04:27,25.4,1278,7941,0,7,100.00,739,16.2,302.7
2026-05-16T12:04:32,25.2,1282,7941,0,8,100.00,704,16.7,302.7
2026-05-16T12:04:38,25.3,1283,7941,0,8,100.00,677,16.5,302.7
2026-05-16T12:04:43,26.7,1281,7941,0,8,100.00,697,17.5,302.7
2026-05-16T12:04:48,23.8,1286,7941,0,8,100.00,609,16.0,302.7
2026-05-16T12:04:53,24.5,1285,7941,0,7,100.00,684,16.0,302.7
2026-05-16T12:04:59,25.9,1288,7941,0,8,100.00,689,16.5,302.7
2026-05-16T12:05:04,29.9,1284,7941,0,9,100.00,603,22.2,302.7
2026-05-16T12:05:09,30.6,1281,7941,0,9,100.00,649,20.2,302.7
2026-05-16T12:05:15,25.7,1279,7941,0,8,100.00,715,16.7,302.7
2026-05-16T12:05:20,23.2,1266,7941,0,7,100.00,634,15.0,302.7
2026-05-16T12:05:25,28.2,1274,7941,1,7,100.00,795,17.9,302.7
2026-05-16T12:05:30,24.2,1277,7941,0,8,100.00,572,16.2,302.7
2026-05-16T12:05:36,26.4,1273,7941,0,7,100.00,689,17.1,302.7
2026-05-16T12:05:41,25.9,1280,7941,0,7,100.00,798,16.7,302.7
2026-05-16T12:05:46,24.1,1279,7941,0,7,100.00,579,15.6,302.7
2026-05-16T12:05:52,24.5,1278,7941,0,7,100.00,757,15.6,302.7
2026-05-16T12:05:57,25.4,1278,7941,0,8,100.00,644,16.5,302.7
2026-05-16T12:06:02,24.6,1283,7941,0,9,100.00,628,16.4,302.7
2026-05-16T12:06:07,28.1,1285,7941,0,9,100.00,712,18.6,302.7
2026-05-16T12:06:13,22.9,1268,7941,0,8,100.00,688,14.9,302.7
2026-05-16T12:06:18,25.7,1283,7941,0,8,100.00,720,16.4,302.7
2026-05-16T12:06:23,26.7,1283,7941,0,8,100.00,683,17.3,302.7
2026-05-16T12:06:28,22.9,1284,7941,1,7,100.00,563,14.5,302.7
2026-05-16T12:06:34,26.9,1281,7941,2,8,100.00,758,17.2,302.7
2026-05-16T12:06:39,25.1,1283,7941,0,9,100.00,718,16.3,302.7
2026-05-16T12:06:44,26.1,1275,7941,1,6,100.00,651,17.2,302.7
2026-05-16T12:06:50,27.0,1290,7941,0,8,100.00,754,17.1,302.7
2026-05-16T12:06:55,24.7,1282,7941,0,8,100.00,597,15.8,302.7
2026-05-16T12:07:00,25.7,1283,7941,0,8,100.00,722,16.9,302.7
2026-05-16T12:07:05,31.1,1284,7941,0,9,100.00,692,19.9,302.7
2026-05-16T12:07:11,24.2,1286,7941,0,9,100.00,612,15.8,302.7
2026-05-16T12:07:16,25.6,1279,7941,0,7,100.00,800,16.1,302.7
2026-05-16T12:07:21,23.8,1292,7941,0,8,100.00,619,15.6,302.7
2026-05-16T12:07:26,23.5,1277,7941,0,7,100.00,711,15.0,302.7
2026-05-16T12:07:32,28.5,1294,7941,0,9,100.00,695,18.4,302.7
2026-05-16T12:07:37,25.7,1287,7941,0,9,100.00,634,16.8,302.7
2026-05-16T12:07:42,26.0,1286,7941,0,9,100.00,706,16.7,302.7
2026-05-16T12:07:47,23.8,1282,7941,0,9,100.00,716,15.2,302.7
2026-05-16T12:07:53,24.9,1278,7941,0,7,100.00,619,15.5,302.7
2026-05-16T12:07:58,28.1,1285,7941,0,7,100.00,776,18.4,302.7
2026-05-16T12:08:03,26.0,1285,7941,0,8,100.00,578,16.9,302.7
2026-05-16T12:08:08,25.7,1282,7941,0,8,100.00,788,16.4,302.7
2026-05-16T12:08:14,24.0,1287,7941,1,8,100.00,722,15.7,302.7
2026-05-16T12:08:19,24.9,1282,7941,0,7,100.00,543,16.4,302.7
2026-05-16T12:08:24,26.2,1299,7941,0,8,100.00,804,16.6,302.7
2026-05-16T12:08:30,25.5,1290,7941,0,8,100.00,672,16.8,302.7
2026-05-16T12:08:35,25.8,1277,7941,0,7,100.00,614,16.4,302.7
2026-05-16T12:08:40,27.1,1286,7941,0,9,100.00,730,18.3,302.7
2026-05-16T12:08:45,26.9,1285,7941,0,9,100.00,666,17.6,302.7
2026-05-16T12:08:51,26.1,1282,7941,0,8,100.00,680,17.3,302.7
2026-05-16T12:08:56,28.3,1287,7941,0,8,100.00,710,18.4,302.7
2026-05-16T12:09:01,28.0,1295,7941,1,9,100.00,710,18.5,302.7
2026-05-16T12:09:07,40.1,1286,7941,0,11,100.00,566,28.9,302.7
2026-05-16T12:09:12,29.9,1292,7941,2,9,100.00,620,19.8,302.7
2026-05-16T12:09:18,26.2,1285,7941,0,8,100.00,690,16.7,302.7
2026-05-16T12:09:23,30.3,1291,7941,0,10,100.00,712,19.3,302.7
2026-05-16T12:09:28,29.0,1291,7941,0,10,100.00,681,19.3,302.7
2026-05-16T12:09:33,29.8,1284,7941,1,7,100.00,685,19.5,302.7
2026-05-16T12:09:39,31.5,1285,7941,0,8,100.00,706,20.3,302.7
2026-05-16T12:09:44,29.2,1302,7941,0,8,100.00,606,18.9,302.7
2026-05-16T12:09:49,29.4,1294,7941,0,8,100.00,776,19.1,302.7
2026-05-16T12:09:54,28.2,1281,7941,0,8,100.00,667,18.1,302.7
2026-05-16T12:10:00,27.1,1289,7941,1,7,100.00,680,17.9,302.7
2026-05-16T12:10:05,37.3,1290,7941,1,10,100.00,600,25.8,302.7
2026-05-16T12:10:11,40.5,1289,7941,0,11,100.00,699,27.6,302.7
2026-05-16T12:10:16,36.7,1292,7941,0,11,100.00,665,24.8,302.7
2026-05-16T12:10:22,39.6,1288,7941,0,11,100.00,719,26.9,302.7
2026-05-16T12:10:27,37.8,1291,7941,0,11,100.00,636,25.3,302.7
2026-05-16T12:10:32,29.8,1288,7941,0,10,100.00,616,19.3,302.7
2026-05-16T12:10:38,30.5,1289,7941,1,8,100.00,760,20.1,302.7
2026-05-16T12:10:43,25.3,1290,7941,0,9,100.00,689,16.5,302.7
2026-05-16T12:10:48,26.5,1290,7941,1,8,100.00,633,17.2,302.7
2026-05-16T12:10:54,29.8,1282,7941,0,8,100.00,740,19.4,302.7
2026-05-16T12:10:59,30.4,1291,7941,0,9,100.00,614,20.2,302.7
2026-05-16T12:11:04,34.0,1289,7941,1,8,100.00,721,21.9,302.7
2026-05-16T12:11:10,30.6,1289,7941,0,9,100.00,681,19.9,302.7
2026-05-16T12:11:15,27.7,1281,7941,0,8,100.00,687,18.2,302.7
2026-05-16T12:11:20,29.0,1282,7941,0,8,100.00,700,18.5,302.7
2026-05-16T12:11:25,32.3,1287,7941,0,10,100.00,635,20.5,302.7
2026-05-16T12:11:31,28.4,1289,7941,0,10,100.00,746,18.6,302.7
2026-05-16T12:11:36,33.3,1286,7941,0,8,100.00,699,22.0,302.7
2026-05-16T12:11:41,29.0,1290,7941,0,9,100.00,659,18.9,302.7
2026-05-16T12:11:47,30.0,1284,7941,0,9,100.00,663,19.1,302.7
2026-05-16T12:11:52,28.7,1286,7941,0,8,100.00,688,18.6,302.7
2026-05-16T12:11:57,27.2,1280,7941,0,8,100.00,639,18.0,302.7
2026-05-16T12:12:02,31.9,1287,7941,1,9,100.00,732,21.5,302.7
2026-05-16T12:12:08,31.3,1288,7941,0,10,100.00,665,20.3,302.7
2026-05-16T12:12:13,27.6,1287,7941,0,9,100.00,667,18.3,302.7
2026-05-16T12:12:18,27.3,1282,7941,0,8,100.00,690,17.9,302.7
2026-05-16T12:12:24,28.0,1285,7941,0,8,100.00,688,18.4,302.7
2026-05-16T12:12:29,26.9,1288,7941,0,8,100.00,695,17.3,302.7
2026-05-16T12:12:34,27.9,1285,7941,0,8,100.00,684,18.1,302.7
2026-05-16T12:12:39,27.2,1298,7941,0,8,100.00,718,17.8,302.7
2026-05-16T12:12:45,26.6,1289,7941,0,8,100.00,557,17.2,302.7
2026-05-16T12:12:50,28.6,1283,7941,1,7,100.00,761,18.3,302.7
2026-05-16T12:12:55,28.7,1286,7941,0,8,100.00,738,18.4,302.7
2026-05-16T12:13:01,31.1,1289,7941,0,8,100.00,664,20.5,302.7
2026-05-16T12:13:06,34.3,1292,7941,0,11,100.00,640,22.9,302.7
2026-05-16T12:13:11,29.3,1301,7941,0,11,100.00,707,19.3,302.7
2026-05-16T12:13:17,28.4,1292,7941,0,9,100.00,646,18.6,302.7
2026-05-16T12:13:22,30.1,1286,7941,0,8,100.00,709,19.4,302.7
2026-05-16T12:13:27,30.0,1285,7941,0,8,100.00,718,19.4,302.7
2026-05-16T12:13:32,28.6,1288,7941,1,7,100.00,700,18.5,302.7
2026-05-16T12:13:38,29.3,1285,7941,0,9,100.00,641,18.9,302.7
2026-05-16T12:13:43,27.1,1287,7941,0,9,100.00,669,17.3,302.7
2026-05-16T12:13:48,26.3,1293,7941,0,11,100.00,757,16.6,302.7
2026-05-16T12:13:54,24.3,1299,7941,0,11,100.00,576,15.3,302.7
2026-05-16T12:13:59,25.1,1281,7941,0,7,100.00,741,16.2,302.7
2026-05-16T12:14:04,30.3,1287,7941,0,9,100.00,685,19.6,302.7
2026-05-16T12:14:09,25.4,1295,7941,0,9,100.00,741,16.6,302.7
2026-05-16T12:14:15,24.9,1281,7941,1,7,100.00,619,16.2,302.7
2026-05-16T12:14:20,27.0,1290,7941,0,8,100.00,729,17.7,302.7
2026-05-16T12:14:25,27.3,1289,7941,0,7,100.00,658,17.6,302.7
2026-05-16T12:14:30,24.6,1285,7941,0,7,100.00,664,16.0,302.7
2026-05-16T12:14:36,27.4,1288,7941,0,8,100.00,655,18.0,302.7
2026-05-16T12:14:41,25.6,1293,7941,0,9,100.00,703,16.7,302.7
2026-05-16T12:14:46,24.7,1292,7941,0,9,100.00,791,15.3,302.7
2026-05-16T12:14:52,27.1,1281,7941,0,8,100.00,643,18.4,302.7
2026-05-16T12:14:57,26.0,1287,7941,0,7,100.00,641,16.6,302.7
2026-05-16T12:15:02,28.4,1281,7941,1,8,100.00,732,20.1,302.7
2026-05-16T12:15:08,37.4,1292,7941,0,11,100.00,506,27.7,302.7
2026-05-16T12:15:13,28.4,1294,7941,0,11,100.00,703,18.6,302.7
2026-05-16T12:15:18,26.1,1290,7941,1,7,100.00,723,17.0,302.7
2026-05-16T12:15:24,30.1,1290,7941,0,9,100.00,652,19.7,302.7
2026-05-16T12:15:29,26.1,1291,7941,0,9,100.00,672,16.8,302.7
2026-05-16T12:15:34,27.2,1286,7941,1,8,100.00,714,18.0,302.7
2026-05-16T12:15:40,25.4,1289,7941,0,8,100.00,746,16.2,302.7
2026-05-16T12:15:45,24.5,1292,7941,0,8,100.00,670,15.6,302.7
2026-05-16T12:15:50,25.4,1293,7941,1,7,100.00,578,16.6,302.7
2026-05-16T12:15:55,23.8,1283,7941,0,8,100.00,634,14.8,302.7
2026-05-16T12:16:01,22.0,1287,7941,0,8,100.00,678,14.4,302.7
2026-05-16T12:16:06,26.7,1281,7941,0,8,100.00,639,17.3,302.7
2026-05-16T12:16:11,21.8,1285,7941,0,7,100.00,617,14.1,302.7
2026-05-16T12:16:16,22.3,1286,7941,0,7,100.00,633,14.4,302.7
2026-05-16T12:16:22,22.6,1290,7941,1,9,100.00,597,14.4,302.7
2026-05-16T12:16:27,19.4,1287,7941,0,10,100.00,551,12.2,302.7
2026-05-16T12:16:32,21.4,1286,7941,0,8,100.00,576,14.0,302.7
2026-05-16T12:16:37,21.8,1293,7941,1,7,100.00,585,14.1,302.7
2026-05-16T12:16:43,21.3,1285,7941,0,7,100.00,532,13.9,302.7
2026-05-16T12:16:48,21.8,1283,7941,0,7,100.00,548,14.1,302.7
2026-05-16T12:16:53,20.0,1283,7941,0,7,100.00,469,13.1,302.7
2026-05-16T12:16:59,20.2,1286,7941,1,6,100.00,564,12.7,302.7
2026-05-16T12:17:04,22.6,1286,7941,1,6,100.00,524,14.9,302.7
2026-05-16T12:17:09,19.5,1284,7941,1,5,100.00,373,12.4,302.7
2026-05-16T12:17:14,20.0,1287,7941,0,8,100.00,546,12.5,302.7
2026-05-16T12:17:20,18.5,1295,7941,0,8,100.00,482,12.2,302.7
2026-05-16T12:17:25,18.2,1282,7941,0,8,100.00,394,11.6,302.7
2026-05-16T12:17:30,17.4,1275,7941,0,8,100.00,510,10.9,302.7
2026-05-16T12:17:35,16.0,1277,7941,0,8,100.00,347,10.3,302.7
2026-05-16T12:17:41,15.8,1276,7941,0,6,100.00,420,10.3,302.7
2026-05-16T12:17:46,16.6,1268,7941,0,7,100.00,473,10.2,302.7
2026-05-16T12:17:51,13.9,1274,7941,0,7,100.00,295,8.9,302.7
2026-05-16T12:17:56,15.8,1263,7941,0,5,100.00,418,9.6,302.7
2026-05-16T12:18:02,15.5,1266,7941,0,6,100.00,439,10.5,302.7
2026-05-16T12:18:07,17.6,1269,7941,0,6,100.00,320,11.7,302.7
2026-05-16T12:18:12,14.3,1270,7941,0,6,100.00,352,9.0,302.7
2026-05-16T12:18:18,12.1,1270,7941,0,6,100.00,309,7.8,302.7
2026-05-16T12:18:23,13.5,1285,7941,0,5,100.00,352,8.3,302.7
2026-05-16T12:18:28,12.3,1276,7941,0,5,100.00,324,7.6,302.7
2026-05-16T12:18:33,10.2,1277,7941,0,5,100.00,247,6.3,302.7
2026-05-16T12:18:39,11.2,1276,7941,0,5,100.00,333,6.7,302.7
2026-05-16T12:18:44,10.8,1284,7941,0,6,100.00,287,6.8,302.7
2026-05-16T12:18:49,10.0,1273,7941,1,5,100.00,202,6.2,302.7
2026-05-16T12:18:54,11.6,1273,7941,0,5,100.00,316,7.2,302.7
2026-05-16T12:18:59,9.6,1273,7941,0,4,100.00,232,6.2,302.7
2026-05-16T12:19:05,12.9,1284,7941,0,5,100.00,215,8.0,302.7
2026-05-16T12:19:10,9.8,1281,7941,0,5,100.00,240,6.4,302.7
2026-05-16T12:19:15,8.2,1272,7941,0,6,100.00,175,4.9,302.7
2026-05-16T12:19:20,8.6,1281,7941,0,6,100.00,209,5.0,302.7
2026-05-16T12:19:26,8.8,1274,7941,0,5,100.00,209,5.1,302.7
2026-05-16T12:19:31,7.1,1265,7941,0,4,100.00,139,4.2,302.7
2026-05-16T12:19:36,8.2,1278,7941,1,3,100.00,192,4.8,302.7
2026-05-16T12:19:41,6.2,1275,7941,0,4,100.00,135,3.6,302.7
2026-05-16T12:19:47,6.0,1259,7941,0,4,100.00,129,3.0,302.7
2026-05-16T12:19:52,5.9,1262,7941,0,4,100.00,109,3.1,302.7
2026-05-16T12:19:57,5.1,1262,7941,0,4,100.00,107,2.8,302.7
2026-05-16T12:20:02,5.9,1265,7941,0,4,100.00,101,3.6,302.7
2026-05-16T12:20:08,7.4,1265,7941,0,4,100.00,84,4.7,302.7
2026-05-16T12:20:13,5.0,1265,7941,0,3,100.00,91,2.4,302.7
2026-05-16T12:20:18,4.6,1269,7941,0,4,100.00,48,1.7,302.7
2026-05-16T12:20:24,3.7,1272,7941,0,4,100.00,50,1.4,302.7
2026-05-16T12:20:29,3.4,1271,7941,0,3,100.00,37,1.3,302.7
2026-05-16T12:20:34,2.6,1266,7941,0,3,100.00,38,0.5,302.7
2026-05-16T12:20:39,2.7,1111,7941,0,3,100.00,6,1.2,139.5
2026-05-16T12:20:45,1.8,1104,7941,0,2,100.00,9,0.1,140.3
2026-05-16T12:20:50,1.5,1091,7941,0,1,100.00,1,0.1,140.3
2026-05-16T12:20:55,1.7,1098,7941,0,1,100.00,6,0.1,140.3
2026-05-16T12:21:00,1.4,1103,7941,0,1,100.00,1,0.1,140.3
2026-05-16T12:21:05,1.8,1098,7941,0,1,100.00,6,0.1,140.3
2026-05-16T12:21:11,1.5,1094,7941,0,1,100.00,1,0.1,140.3
2026-05-16T12:21:16,2.0,1097,7941,0,1,100.00,6,0.1,140.3
2026-05-16T12:21:21,1.5,1101,7941,0,1,100.00,1,0.1,140.3
2026-05-16T12:21:26,2.0,1099,7941,0,1,100.00,6,0.1,140.3
2026-05-16T12:21:32,1.4,1101,7941,0,1,100.00,1,0.1,140.3
2026-05-16T12:21:37,1.8,1101,7941,0,1,100.00,6,0.1,140.3
2026-05-16T12:21:42,1.4,1093,7941,0,1,100.00,1,0.1,140.3
2026-05-16T12:21:47,1.8,1095,7941,0,1,100.00,6,0.1,140.3
2026-05-16T12:21:53,1.9,1097,7941,0,1,100.00,1,0.1,140.3
2026-05-16T12:21:58,1.7,1090,7941,0,1,100.00,6,0.1,140.3
2026-05-16T12:22:03,1.4,1101,7941,0,1,100.00,1,0.1,140.3
2026-05-16T12:22:08,2.0,1093,7941,0,1,100.00,6,0.1,140.3
2026-05-16T12:22:13,1.5,1092,7941,0,1,100.00,1,0.1,140.3
2026-05-16T12:22:19,1.9,1099,7941,0,1,100.00,6,0.1,140.3
2026-05-16T12:22:24,1.8,1100,7941,0,1,100.00,7,0.1,140.3
2026-05-16T12:22:29,1.5,1100,7941,0,1,100.00,1,0.1,140.3
2026-05-16T12:22:34,1.8,1090,7941,0,1,100.00,6,0.1,140.3
2026-05-16T12:22:40,1.5,1101,7941,0,1,100.00,1,0.1,140.3
