timestamp,cpu_total_pct,mem_used_mb,mem_total_mb,pg_active,pg_idle,pg_cache_hit_ratio,pg_tps_delta,target_pid_cpu_pct,target_pid_mem_mb
2026-05-16T03:48:11,9.1,1287,7941,0,3,100.00,4,8.5,181.3
2026-05-16T03:48:16,6.3,1226,7941,0,3,100.00,17,4.6,155.8
2026-05-16T03:48:21,8.8,1198,7941,0,3,100.00,36,7.2,140.7
2026-05-16T03:48:26,7.6,1197,7941,0,3,100.00,57,5.6,146.0
2026-05-16T03:48:31,8.8,1207,7941,0,3,100.00,67,7.2,150.3
2026-05-16T03:48:37,9.0,1209,7941,0,3,100.00,89,6.8,154.9
2026-05-16T03:48:42,8.9,1210,7941,0,4,100.00,68,7.0,158.2
2026-05-16T03:48:47,10.1,1221,7941,0,4,100.00,119,7.6,171.0
2026-05-16T03:48:52,9.5,1234,7941,1,4,100.00,124,6.9,171.9
2026-05-16T03:48:58,11.3,1235,7941,0,4,100.00,128,8.8,170.2
2026-05-16T03:49:03,11.2,1231,7941,0,4,100.00,148,8.5,171.3
2026-05-16T03:49:08,12.6,1237,7941,0,4,100.00,191,9.5,175.0
2026-05-16T03:49:13,10.5,1244,7941,0,4,100.00,173,7.6,175.2
2026-05-16T03:49:19,12.0,1239,7941,0,4,100.00,206,9.1,175.6
2026-05-16T03:49:24,10.8,1231,7941,0,4,100.00,188,7.9,176.1
2026-05-16T03:49:29,12.4,1230,7941,0,4,100.00,244,9.2,176.2
2026-05-16T03:49:34,11.8,1238,7941,0,4,100.00,260,8.5,176.9
2026-05-16T03:49:39,12.9,1227,7941,0,4,100.00,235,9.4,177.0
2026-05-16T03:49:45,12.3,1232,7941,0,4,100.00,258,8.8,177.0
2026-05-16T03:49:50,13.9,1231,7941,0,4,100.00,306,10.3,177.0
2026-05-16T03:49:55,13.7,1241,7941,0,6,100.00,279,10.0,177.5
2026-05-16T03:50:00,12.9,1246,7941,0,6,100.00,298,9.4,177.5
2026-05-16T03:50:06,22.3,1243,7941,0,6,100.00,329,17.0,177.5
2026-05-16T03:50:11,16.9,1242,7941,0,6,100.00,379,12.2,177.5
2026-05-16T03:50:16,17.5,1233,7941,0,6,100.00,350,12.5,178.1
2026-05-16T03:50:21,16.1,1234,7941,0,6,100.00,338,11.3,178.2
2026-05-16T03:50:27,15.0,1236,7941,0,6,100.00,330,10.8,178.2
2026-05-16T03:50:32,15.4,1238,7941,0,5,100.00,497,10.9,178.2
2026-05-16T03:50:37,17.2,1235,7941,0,5,100.00,361,12.3,178.2
2026-05-16T03:50:42,15.4,1234,7941,0,5,100.00,389,11.1,178.5
2026-05-16T03:50:47,17.7,1235,7941,0,6,100.00,484,12.5,179.2
2026-05-16T03:50:53,15.7,1238,7941,1,5,100.00,432,11.2,179.2
2026-05-16T03:50:58,18.3,1236,7941,0,6,100.00,508,13.1,179.2
2026-05-16T03:51:03,21.2,1236,7941,0,8,100.00,469,14.8,179.3
2026-05-16T03:51:08,19.7,1235,7941,0,8,100.00,450,13.9,179.3
2026-05-16T03:51:14,18.4,1240,7941,0,6,100.00,582,12.8,179.3
2026-05-16T03:51:19,19.2,1238,7941,0,6,100.00,489,13.5,179.3
2026-05-16T03:51:24,19.8,1246,7941,0,8,100.00,553,13.8,179.6
2026-05-16T03:51:29,19.3,1244,7941,0,8,100.00,579,13.6,179.7
2026-05-16T03:51:34,20.5,1237,7941,0,7,100.00,560,14.4,180.0
2026-05-16T03:51:40,19.3,1236,7941,0,5,100.00,619,13.7,180.3
2026-05-16T03:51:45,21.4,1238,7941,0,6,100.00,588,15.2,180.8
2026-05-16T03:51:50,19.9,1245,7941,0,7,100.00,549,13.8,181.2
2026-05-16T03:51:55,21.1,1246,7941,0,7,100.00,665,15.0,181.2
2026-05-16T03:52:01,22.4,1240,7941,0,6,100.00,723,15.7,181.3
2026-05-16T03:52:06,25.7,1245,7941,0,10,100.00,585,17.8,181.5
2026-05-16T03:52:11,20.8,1251,7941,0,10,100.00,797,14.4,181.7
2026-05-16T03:52:16,22.7,1244,7941,0,8,100.00,562,15.7,181.7
2026-05-16T03:52:22,21.7,1245,7941,1,6,100.00,776,15.2,182.0
2026-05-16T03:52:27,24.5,1242,7941,1,7,100.00,697,17.5,182.1
2026-05-16T03:52:32,21.6,1171,7941,1,7,100.00,773,14.6,182.3
2026-05-16T03:52:37,23.9,1163,7941,0,7,100.00,790,16.7,182.3
2026-05-16T03:52:43,22.2,1165,7941,0,8,100.00,714,15.2,182.3
2026-05-16T03:52:48,24.2,1167,7941,0,8,100.00,738,16.9,182.3
2026-05-16T03:52:53,23.3,1169,7941,0,8,100.00,834,15.8,182.3
2026-05-16T03:52:58,24.3,1165,7941,0,8,100.00,816,16.9,182.3
2026-05-16T03:53:03,27.1,1170,7941,0,8,100.00,836,18.8,182.3
2026-05-16T03:53:09,24.0,1171,7941,0,8,100.00,861,16.2,182.3
2026-05-16T03:53:14,21.4,1163,7941,0,7,100.00,902,13.2,182.3
2026-05-16T03:53:19,20.9,1164,7941,0,9,100.00,826,13.0,182.6
2026-05-16T03:53:24,20.3,1168,7941,0,9,100.00,815,12.4,182.7
2026-05-16T03:53:30,21.2,1167,7941,0,8,100.00,788,13.2,182.8
2026-05-16T03:53:35,21.0,1171,7941,1,7,100.00,939,13.1,182.8
2026-05-16T03:53:40,21.1,1171,7941,0,8,100.00,786,13.1,182.9
2026-05-16T03:53:45,22.3,1172,7941,0,8,100.00,858,13.7,184.8
2026-05-16T03:53:51,19.4,1176,7941,0,8,100.00,825,11.7,188.3
2026-05-16T03:53:56,20.3,1175,7941,0,8,100.00,881,12.2,188.5
2026-05-16T03:54:01,22.0,1195,7941,0,8,100.00,917,12.6,203.6
2026-05-16T03:54:06,24.5,1193,7941,0,8,100.00,799,15.0,206.7
2026-05-16T03:54:12,20.5,1199,7941,0,8,100.00,950,12.5,212.1
2026-05-16T03:54:17,19.8,1205,7941,0,8,100.00,737,11.9,214.1
2026-05-16T03:54:22,20.7,1198,7941,0,7,100.00,885,12.7,214.3
2026-05-16T03:54:27,20.9,1199,7941,0,7,100.00,910,12.7,214.3
2026-05-16T03:54:33,19.5,1200,7941,0,6,100.00,740,11.7,214.3
2026-05-16T03:54:38,21.7,1204,7941,0,7,100.00,899,13.2,214.5
2026-05-16T03:54:43,19.9,1200,7941,0,7,100.00,879,12.3,214.5
2026-05-16T03:54:48,21.2,1208,7941,1,6,100.00,752,13.0,214.5
2026-05-16T03:54:54,21.2,1204,7941,0,8,100.00,949,12.6,214.5
2026-05-16T03:54:59,19.9,1207,7941,0,8,100.00,801,12.2,214.5
2026-05-16T03:55:04,32.0,1208,7941,1,10,100.00,862,20.5,214.9
2026-05-16T03:55:09,23.1,1212,7941,0,11,100.00,793,13.8,214.9
2026-05-16T03:55:14,20.3,1211,7941,0,11,100.00,821,12.2,214.9
2026-05-16T03:55:20,22.3,1206,7941,1,8,100.00,870,13.3,214.9
2026-05-16T03:55:25,21.4,1208,7941,0,9,100.00,812,12.7,214.9
2026-05-16T03:55:30,21.3,1208,7941,0,7,100.00,909,12.7,214.9
2026-05-16T03:55:35,23.0,1214,7941,0,9,100.00,865,13.9,214.9
2026-05-16T03:55:41,20.6,1211,7941,0,9,100.00,723,13.1,214.9
2026-05-16T03:55:46,21.9,1206,7941,0,9,100.00,941,13.3,215.0
2026-05-16T03:55:51,21.6,1211,7941,0,9,100.00,947,13.4,215.0
2026-05-16T03:55:56,19.0,1201,7941,0,8,100.00,735,11.2,215.0
2026-05-16T03:56:02,24.3,1205,7941,0,8,100.00,906,15.2,215.0
2026-05-16T03:56:07,22.8,1207,7941,0,8,100.00,858,14.2,215.1
2026-05-16T03:56:12,22.2,1206,7941,0,8,100.00,773,13.4,215.1
2026-05-16T03:56:17,23.5,1202,7941,0,8,100.00,924,14.1,215.1
2026-05-16T03:56:23,19.9,1206,7941,1,7,100.00,728,11.9,215.1
2026-05-16T03:56:28,20.9,1218,7941,0,7,100.00,962,12.4,229.9
2026-05-16T03:56:33,21.1,1256,7941,0,9,100.00,824,12.8,251.9
2026-05-16T03:56:38,19.3,1263,7941,0,9,100.00,773,11.6,271.9
2026-05-16T03:56:44,21.9,1269,7941,0,8,100.00,882,13.5,273.8
2026-05-16T03:56:49,21.0,1269,7941,0,7,100.00,910,12.8,273.8
2026-05-16T03:56:54,21.4,1265,7941,0,7,100.00,882,13.2,273.8
2026-05-16T03:56:59,23.1,1269,7941,0,7,100.00,854,14.1,273.8
2026-05-16T03:57:04,24.0,1259,7941,0,7,100.00,804,14.5,273.8
2026-05-16T03:57:10,22.0,1261,7941,0,7,100.00,843,13.7,273.8
2026-05-16T03:57:15,22.4,1273,7941,1,8,100.00,870,13.2,273.8
2026-05-16T03:57:20,21.3,1275,7941,0,9,100.00,885,13.0,273.8
2026-05-16T03:57:25,22.5,1272,7941,0,10,100.00,918,13.0,273.8
2026-05-16T03:57:31,21.8,1267,7941,0,8,100.00,767,13.7,273.8
2026-05-16T03:57:36,21.0,1266,7941,0,7,100.00,839,12.5,273.9
2026-05-16T03:57:41,21.6,1272,7941,0,7,100.00,876,13.4,273.9
2026-05-16T03:57:46,20.0,1273,7941,1,6,100.00,814,12.3,273.9
2026-05-16T03:57:52,21.6,1273,7941,0,7,100.00,874,13.3,273.9
2026-05-16T03:57:57,21.6,1261,7941,1,6,100.00,875,13.0,273.9
2026-05-16T03:58:02,23.4,1270,7941,0,9,100.00,749,13.9,274.4
2026-05-16T03:58:07,24.5,1274,7941,0,9,100.00,916,14.9,275.1
2026-05-16T03:58:13,21.0,1270,7941,0,8,100.00,759,13.2,276.9
2026-05-16T03:58:18,21.2,1278,7941,0,7,100.00,871,12.8,277.2
2026-05-16T03:58:23,22.2,1275,7941,0,7,100.00,920,13.6,277.2
2026-05-16T03:58:28,20.6,1268,7941,0,8,100.00,776,12.2,277.2
2026-05-16T03:58:33,23.3,1275,7941,0,9,100.00,906,14.5,277.2
2026-05-16T03:58:39,21.6,1277,7941,1,8,100.00,892,13.4,277.2
2026-05-16T03:58:44,21.8,1269,7941,0,7,100.00,863,13.4,277.2
2026-05-16T03:58:49,23.5,1276,7941,0,8,100.00,821,14.3,277.2
2026-05-16T03:58:54,20.9,1276,7941,1,7,100.00,809,12.8,277.2
2026-05-16T03:59:00,21.6,1273,7941,1,7,100.00,920,13.0,277.2
2026-05-16T03:59:05,28.0,1272,7941,0,9,100.00,876,17.0,277.2
2026-05-16T03:59:10,21.5,1272,7941,1,8,100.00,805,13.2,277.2
2026-05-16T03:59:15,23.3,1265,7941,0,8,100.00,878,14.1,277.2
2026-05-16T03:59:21,24.2,1265,7941,0,8,100.00,854,15.2,277.2
2026-05-16T03:59:26,20.3,1262,7941,1,6,100.00,712,12.3,277.2
2026-05-16T03:59:31,22.7,1267,7941,0,7,100.00,1091,13.9,277.2
2026-05-16T03:59:36,20.4,1268,7941,1,8,100.00,710,12.0,277.2
2026-05-16T03:59:42,20.5,1265,7941,0,8,100.00,847,12.7,277.2
2026-05-16T03:59:47,22.0,1265,7941,0,8,100.00,884,13.4,277.2
2026-05-16T03:59:52,19.7,1273,7941,0,8,100.00,800,12.3,277.2
2026-05-16T03:59:57,21.1,1264,7941,0,7,100.00,856,12.7,277.2
2026-05-16T04:00:03,28.3,1281,7941,1,10,100.00,909,18.9,277.2
2026-05-16T04:00:08,42.6,1269,7941,0,11,100.00,766,28.7,277.2
2026-05-16T04:00:14,33.0,1272,7941,0,11,100.00,917,20.8,277.2
2026-05-16T04:00:19,24.9,1276,7941,0,11,100.00,689,14.8,277.6
2026-05-16T04:00:24,26.6,1267,7941,0,9,100.00,991,16.2,277.6
2026-05-16T04:00:30,25.4,1270,7941,0,9,100.00,826,15.5,277.6
2026-05-16T04:00:35,23.2,1269,7941,0,9,100.00,723,14.2,277.6
2026-05-16T04:00:40,23.2,1268,7941,0,8,100.00,922,14.3,277.6
2026-05-16T04:00:45,21.3,1263,7941,0,7,100.00,873,13.1,277.6
2026-05-16T04:00:51,22.7,1262,7941,0,7,100.00,791,14.2,277.6
2026-05-16T04:00:56,22.1,1272,7941,0,8,100.00,851,13.1,277.6
2026-05-16T04:01:01,22.1,1269,7941,0,8,100.00,920,13.5,277.6
2026-05-16T04:01:06,25.7,1271,7941,1,7,100.00,820,16.1,277.6
2026-05-16T04:01:12,22.6,1270,7941,0,8,100.00,876,14.0,277.6
2026-05-16T04:01:17,21.8,1262,7941,1,6,100.00,901,13.3,277.6
2026-05-16T04:01:22,22.4,1265,7941,1,7,100.00,826,13.7,277.6
2026-05-16T04:01:28,22.7,1274,7941,0,8,100.00,868,13.7,277.6
2026-05-16T04:01:33,21.0,1273,7941,0,8,100.00,814,13.0,277.6
2026-05-16T04:01:38,20.9,1270,7941,1,7,100.00,795,12.6,277.6
2026-05-16T04:01:43,20.5,1267,7941,0,7,100.00,921,12.8,277.8
2026-05-16T04:01:48,20.9,1261,7941,0,7,100.00,775,12.3,277.8
2026-05-16T04:01:54,22.1,1270,7941,0,7,100.00,894,13.4,277.8
2026-05-16T04:01:59,22.3,1272,7941,0,7,100.00,832,13.5,277.8
2026-05-16T04:02:04,24.8,1263,7941,0,8,100.00,893,14.8,277.8
2026-05-16T04:02:09,21.8,1269,7941,0,8,100.00,826,13.5,277.8
2026-05-16T04:02:15,20.0,1261,7941,0,7,100.00,869,11.9,277.8
2026-05-16T04:02:20,20.0,1266,7941,1,6,100.00,848,12.2,277.9
2026-05-16T04:02:25,19.7,1268,7941,0,7,100.00,815,11.8,277.9
2026-05-16T04:02:30,18.1,1273,7941,0,7,100.00,834,11.1,277.9
2026-05-16T04:02:36,20.9,1266,7941,1,7,100.00,770,12.6,277.9
2026-05-16T04:02:41,20.1,1272,7941,0,8,100.00,962,12.6,277.9
2026-05-16T04:02:46,19.2,1262,7941,0,8,100.00,851,11.6,277.9
2026-05-16T04:02:51,19.4,1263,7941,0,6,100.00,943,11.8,277.9
2026-05-16T04:02:56,18.6,1266,7941,0,7,100.00,684,11.2,277.9
2026-05-16T04:03:02,24.4,1271,7941,0,8,100.00,865,14.9,277.9
2026-05-16T04:03:07,22.4,1266,7941,0,8,100.00,905,13.9,277.9
2026-05-16T04:03:12,19.9,1263,7941,0,7,100.00,878,12.6,277.9
2026-05-16T04:03:17,20.3,1266,7941,0,9,100.00,776,12.2,277.9
2026-05-16T04:03:23,18.2,1271,7941,0,9,100.00,899,11.2,277.9
2026-05-16T04:03:28,20.1,1269,7941,0,8,100.00,911,12.4,277.9
2026-05-16T04:03:33,18.5,1275,7941,0,8,100.00,790,11.6,277.9
2026-05-16T04:03:38,18.9,1273,7941,0,8,100.00,727,11.5,277.9
2026-05-16T04:03:44,21.3,1263,7941,0,7,100.00,979,12.9,277.9
2026-05-16T04:03:49,18.7,1268,7941,1,5,100.00,869,11.3,277.9
2026-05-16T04:03:54,19.6,1268,7941,0,7,100.00,837,11.5,277.9
2026-05-16T04:03:59,19.7,1269,7941,0,7,100.00,835,12.6,277.9
2026-05-16T04:04:04,23.4,1267,7941,0,7,100.00,876,14.5,277.9
2026-05-16T04:04:10,21.3,1266,7941,1,6,100.00,826,13.4,277.9
2026-05-16T04:04:15,18.1,1260,7941,0,7,100.00,871,11.2,277.9
2026-05-16T04:04:20,18.1,1273,7941,0,7,100.00,799,11.2,277.9
2026-05-16T04:04:25,18.5,1263,7941,0,6,100.00,963,11.0,277.9
2026-05-16T04:04:31,17.5,1268,7941,0,8,100.00,758,10.8,277.9
2026-05-16T04:04:36,19.0,1271,7941,0,8,100.00,860,11.8,277.9
2026-05-16T04:04:41,17.3,1277,7941,2,6,100.00,792,10.8,277.9
2026-05-16T04:04:46,18.1,1274,7941,0,8,100.00,879,11.2,277.9
2026-05-16T04:04:51,19.2,1274,7941,1,9,100.00,815,11.6,277.9
2026-05-16T04:04:57,17.5,1274,7941,0,10,100.00,834,10.5,277.9
2026-05-16T04:05:02,22.7,1273,7941,1,10,100.00,945,14.4,277.9
2026-05-16T04:05:07,23.7,1274,7941,0,11,100.00,850,14.8,277.9
2026-05-16T04:05:12,18.2,1268,7941,0,9,100.00,795,11.5,277.9
2026-05-16T04:05:18,18.6,1271,7941,0,9,100.00,850,11.5,277.9
2026-05-16T04:05:23,17.6,1263,7941,1,6,100.00,882,10.9,277.9
2026-05-16T04:05:28,18.6,1264,7941,0,7,100.00,839,11.2,277.9
2026-05-16T04:05:33,18.4,1268,7941,0,7,100.00,824,11.2,277.9
2026-05-16T04:05:38,16.8,1271,7941,0,7,100.00,906,10.1,277.9
2026-05-16T04:05:44,17.4,1267,7941,1,6,100.00,845,10.6,277.9
2026-05-16T04:05:49,18.4,1268,7941,0,6,100.00,802,11.2,277.9
2026-05-16T04:05:54,18.2,1266,7941,0,7,100.00,852,11.5,277.9
2026-05-16T04:05:59,17.9,1268,7941,0,7,100.00,875,11.3,277.9
2026-05-16T04:06:04,21.7,1262,7941,0,7,100.00,827,13.6,277.9
2026-05-16T04:06:10,17.1,1276,7941,0,7,100.00,843,10.7,277.9
2026-05-16T04:06:15,18.9,1278,7941,1,8,100.00,823,11.5,277.9
2026-05-16T04:06:20,18.5,1278,7941,0,9,100.00,827,11.5,277.9
2026-05-16T04:06:25,18.1,1263,7941,0,6,100.00,910,10.9,277.9
2026-05-16T04:06:31,18.2,1270,7941,0,6,100.00,884,11.1,277.9
2026-05-16T04:06:36,17.6,1262,7941,1,5,100.00,772,10.5,277.9
2026-05-16T04:06:41,18.3,1268,7941,1,7,100.00,855,11.7,277.9
2026-05-16T04:06:46,18.8,1266,7941,0,8,100.00,875,11.7,277.9
2026-05-16T04:06:51,16.9,1267,7941,0,7,100.00,804,10.5,277.9
2026-05-16T04:06:57,17.6,1261,7941,1,5,100.00,843,10.6,277.9
2026-05-16T04:07:02,18.7,1265,7941,0,8,100.00,843,11.2,277.9
2026-05-16T04:07:07,18.6,1265,7941,0,8,100.00,882,11.3,277.9
2026-05-16T04:07:12,17.8,1266,7941,0,8,100.00,821,10.5,277.9
2026-05-16T04:07:17,17.2,1267,7941,0,8,100.00,758,10.3,277.9
2026-05-16T04:07:23,17.7,1259,7941,1,6,100.00,942,11.2,277.9
2026-05-16T04:07:28,18.3,1265,7941,0,8,100.00,850,10.9,277.9
2026-05-16T04:07:33,17.8,1270,7941,0,8,100.00,865,11.1,277.9
2026-05-16T04:07:38,18.8,1263,7941,1,7,100.00,885,11.8,277.9
2026-05-16T04:07:44,18.3,1273,7941,0,8,100.00,828,11.2,277.9
2026-05-16T04:07:49,18.3,1272,7941,0,7,100.00,784,11.1,277.9
2026-05-16T04:07:54,17.4,1257,7941,0,7,100.00,933,10.4,277.9
2026-05-16T04:07:59,17.8,1267,7941,0,9,100.00,645,11.0,277.9
2026-05-16T04:08:04,21.0,1263,7941,0,9,100.00,893,12.8,277.9
2026-05-16T04:08:10,17.9,1261,7941,0,7,100.00,810,11.3,277.9
2026-05-16T04:08:15,18.6,1264,7941,0,10,100.00,969,11.1,277.9
2026-05-16T04:08:20,19.9,1267,7941,0,10,100.00,879,12.6,277.9
2026-05-16T04:08:25,18.2,1261,7941,0,7,100.00,842,11.2,277.9
2026-05-16T04:08:30,18.5,1264,7941,0,7,100.00,888,11.7,277.9
2026-05-16T04:08:36,19.3,1256,7941,0,6,100.00,777,11.7,277.9
2026-05-16T04:08:41,17.8,1260,7941,0,6,100.00,860,10.6,277.9
2026-05-16T04:08:46,18.7,1265,7941,1,8,100.00,879,11.4,277.9
2026-05-16T04:08:51,18.3,1272,7941,0,9,100.00,813,11.3,277.9
2026-05-16T04:08:57,17.9,1264,7941,0,7,100.00,872,11.1,277.9
2026-05-16T04:09:02,23.8,1275,7941,0,11,100.00,910,15.3,277.9
2026-05-16T04:09:07,27.4,1278,7941,0,11,100.00,825,17.5,277.9
2026-05-16T04:09:12,18.9,1264,7941,0,9,100.00,808,11.4,277.9
2026-05-16T04:09:18,18.1,1261,7941,0,7,100.00,860,10.8,277.9
2026-05-16T04:09:23,19.3,1265,7941,0,7,100.00,841,11.9,277.9
2026-05-16T04:09:28,19.5,1257,7941,0,7,100.00,882,11.6,277.9
2026-05-16T04:09:33,18.1,1268,7941,0,8,100.00,758,10.8,277.9
2026-05-16T04:09:39,18.1,1269,7941,0,7,100.00,909,10.9,277.9
2026-05-16T04:09:44,17.4,1262,7941,2,6,100.00,788,10.3,277.9
2026-05-16T04:09:49,18.0,1264,7941,0,8,100.00,838,11.3,277.9
2026-05-16T04:09:54,18.6,1270,7941,1,7,100.00,836,11.5,277.9
2026-05-16T04:09:59,18.5,1264,7941,0,6,100.00,918,11.3,277.9
2026-05-16T04:10:05,31.2,1268,7941,1,10,100.00,846,19.4,277.9
2026-05-16T04:10:10,23.6,1275,7941,0,11,100.00,937,14.4,277.9
2026-05-16T04:10:15,21.0,1257,7941,0,7,100.00,813,12.6,277.9
2026-05-16T04:10:20,19.3,1269,7941,1,9,100.00,825,11.7,277.9
2026-05-16T04:10:26,17.1,1265,7941,0,10,100.00,818,10.2,277.9
2026-05-16T04:10:31,17.2,1278,7941,1,9,100.00,859,10.8,277.9
2026-05-16T04:10:36,19.3,1262,7941,0,7,100.00,843,11.9,277.9
2026-05-16T04:10:41,17.5,1266,7941,0,7,100.00,829,11.1,277.9
2026-05-16T04:10:46,18.9,1260,7941,0,6,100.00,891,11.7,277.9
2026-05-16T04:10:52,17.2,1264,7941,0,6,100.00,826,10.3,277.9
2026-05-16T04:10:57,17.0,1263,7941,0,7,100.00,844,10.2,277.9
2026-05-16T04:11:02,20.6,1267,7941,0,7,100.00,843,13.0,277.9
2026-05-16T04:11:07,19.4,1271,7941,0,7,100.00,880,11.9,277.9
2026-05-16T04:11:12,17.3,1272,7941,0,7,100.00,838,10.5,277.9
2026-05-16T04:11:18,18.7,1256,7941,1,5,100.00,860,11.2,277.9
2026-05-16T04:11:23,18.3,1265,7941,1,6,100.00,727,11.3,277.9
2026-05-16T04:11:28,19.7,1262,7941,0,7,100.00,835,11.9,277.9
2026-05-16T04:11:33,17.5,1265,7941,0,7,100.00,920,10.7,277.9
2026-05-16T04:11:39,16.7,1265,7941,0,7,100.00,863,10.2,277.9
2026-05-16T04:11:44,17.3,1263,7941,1,5,100.00,875,10.5,277.9
2026-05-16T04:11:49,17.3,1265,7941,0,6,100.00,815,10.3,277.9
2026-05-16T04:11:54,17.8,1262,7941,0,6,100.00,852,10.4,277.9
2026-05-16T04:11:59,17.4,1271,7941,0,8,100.00,776,10.9,277.9
2026-05-16T04:12:05,20.6,1265,7941,0,8,100.00,774,12.6,277.9
2026-05-16T04:12:10,18.4,1260,7941,0,7,100.00,978,11.3,277.9
2026-05-16T04:12:15,18.4,1261,7941,0,7,100.00,855,11.2,277.9
2026-05-16T04:12:20,18.8,1263,7941,0,6,100.00,829,11.8,277.9
2026-05-16T04:12:25,18.8,1262,7941,1,5,100.00,861,11.6,277.9
2026-05-16T04:12:31,17.5,1264,7941,0,7,100.00,794,10.5,277.9
2026-05-16T04:12:36,18.3,1269,7941,0,6,100.00,842,11.1,277.9
2026-05-16T04:12:41,18.2,1265,7941,0,6,100.00,939,11.3,277.9
2026-05-16T04:12:46,17.2,1265,7941,1,5,100.00,765,10.2,277.9
2026-05-16T04:12:51,17.4,1260,7941,0,6,100.00,897,10.5,277.9
2026-05-16T04:12:57,18.6,1256,7941,0,7,100.00,853,11.2,277.9
2026-05-16T04:13:02,20.3,1265,7941,0,8,100.00,749,12.7,277.9
2026-05-16T04:13:07,20.7,1267,7941,0,9,100.00,963,12.6,277.9
2026-05-16T04:13:12,18.2,1262,7941,0,6,100.00,810,11.7,277.9
2026-05-16T04:13:18,18.3,1261,7941,0,6,100.00,865,11.2,277.9
2026-05-16T04:13:23,18.2,1267,7941,0,8,100.00,768,11.1,277.9
2026-05-16T04:13:28,17.3,1269,7941,0,8,100.00,883,10.5,277.9
2026-05-16T04:13:33,18.5,1267,7941,0,9,100.00,794,11.3,277.9
2026-05-16T04:13:38,18.4,1268,7941,0,9,100.00,884,11.2,277.9
2026-05-16T04:13:44,17.4,1260,7941,0,6,100.00,821,10.8,277.9
2026-05-16T04:13:49,19.0,1260,7941,2,4,100.00,938,11.7,277.9
2026-05-16T04:13:54,17.9,1269,7941,0,7,100.00,737,10.9,277.9
2026-05-16T04:13:59,18.1,1268,7941,1,6,100.00,893,11.1,277.9
2026-05-16T04:14:04,21.0,1268,7941,0,7,100.00,830,12.8,277.9
2026-05-16T04:14:10,35.2,1268,7941,0,10,100.00,902,21.4,277.9
2026-05-16T04:14:15,37.7,1271,7941,0,11,100.00,677,23.3,277.9
2026-05-16T04:14:21,29.6,1276,7941,0,11,100.00,947,18.4,277.9
2026-05-16T04:14:26,27.3,1260,7941,0,9,100.00,744,16.9,277.9
2026-05-16T04:14:31,27.8,1269,7941,0,9,100.00,954,17.2,277.9
2026-05-16T04:14:36,29.0,1268,7941,0,11,100.00,874,18.5,277.9
2026-05-16T04:14:42,27.4,1273,7941,2,9,100.00,829,16.9,277.9
2026-05-16T04:14:47,29.5,1272,7941,0,10,100.00,883,18.1,277.9
2026-05-16T04:14:52,25.9,1265,7941,1,7,100.00,815,16.1,277.9
2026-05-16T04:14:58,27.7,1262,7941,0,9,100.00,897,16.9,277.9
2026-05-16T04:15:03,32.1,1267,7941,1,10,100.00,923,20.8,278.0
2026-05-16T04:15:09,31.9,1265,7941,0,11,100.00,729,20.3,278.0
2026-05-16T04:15:14,27.8,1267,7941,0,10,100.00,857,16.7,278.0
2026-05-16T04:15:19,25.1,1264,7941,0,9,100.00,834,15.6,278.0
2026-05-16T04:15:24,26.9,1265,7941,0,9,100.00,916,16.3,278.0
2026-05-16T04:15:30,27.6,1257,7941,0,8,100.00,912,16.7,278.0
2026-05-16T04:15:35,26.3,1263,7941,0,9,100.00,719,16.0,278.0
2026-05-16T04:15:40,28.1,1266,7941,0,10,100.00,926,17.5,278.0
2026-05-16T04:15:46,27.2,1268,7941,1,9,100.00,794,16.4,278.0
2026-05-16T04:15:51,25.1,1266,7941,0,8,100.00,923,15.3,278.0
2026-05-16T04:15:56,25.6,1264,7941,1,8,100.00,898,15.5,278.0
2026-05-16T04:16:01,23.6,1272,7941,2,7,100.00,791,14.5,278.0
2026-05-16T04:16:07,30.2,1269,7941,1,10,100.00,852,18.8,278.0
2026-05-16T04:16:12,27.2,1264,7941,0,9,100.00,913,16.7,278.0
2026-05-16T04:16:17,25.5,1261,7941,0,8,100.00,850,15.6,278.0
2026-05-16T04:16:23,28.6,1264,7941,0,9,100.00,809,17.9,278.0
2026-05-16T04:16:28,27.2,1266,7941,1,8,100.00,900,16.8,278.0
2026-05-16T04:16:33,27.6,1259,7941,1,6,100.00,790,17.2,278.0
2026-05-16T04:16:38,29.9,1274,7941,0,10,100.00,863,18.4,278.0
2026-05-16T04:16:44,26.7,1272,7941,1,9,100.00,859,16.4,278.0
2026-05-16T04:16:49,25.3,1272,7941,0,9,100.00,852,14.9,278.0
2026-05-16T04:16:54,27.7,1266,7941,0,8,100.00,841,16.8,278.0
2026-05-16T04:16:59,24.3,1265,7941,1,7,100.00,714,14.8,278.0
2026-05-16T04:17:05,38.0,1266,7941,0,11,100.00,915,23.9,278.0
2026-05-16T04:17:10,32.3,1270,7941,0,11,100.00,965,21.0,278.0
2026-05-16T04:17:16,31.2,1268,7941,0,10,100.00,722,19.2,278.0
2026-05-16T04:17:21,33.4,1273,7941,0,10,100.00,973,20.6,278.0
2026-05-16T04:17:26,33.4,1263,7941,0,10,100.00,789,21.1,278.0
2026-05-16T04:17:32,29.1,1271,7941,0,10,100.00,920,18.1,278.0
2026-05-16T04:17:37,30.5,1273,7941,0,10,100.00,885,19.1,278.0
2026-05-16T04:17:42,26.0,1262,7941,1,7,100.00,802,15.9,278.0
2026-05-16T04:17:48,26.4,1258,7941,1,6,100.00,978,15.7,278.0
2026-05-16T04:17:53,26.0,1269,7941,0,7,100.00,720,15.8,278.0
2026-05-16T04:17:58,26.6,1262,7941,0,8,100.00,906,16.4,278.0
2026-05-16T04:18:04,32.9,1271,7941,0,10,100.00,865,20.6,278.0
2026-05-16T04:18:09,25.8,1271,7941,0,10,100.00,787,15.8,278.0
2026-05-16T04:18:14,28.3,1265,7941,1,8,100.00,876,17.5,278.0
2026-05-16T04:18:20,26.9,1266,7941,0,9,100.00,848,16.4,278.0
2026-05-16T04:18:25,25.8,1268,7941,0,8,100.00,838,15.8,278.0
2026-05-16T04:18:30,27.1,1264,7941,2,6,100.00,932,16.7,278.0
2026-05-16T04:18:35,27.6,1265,7941,0,8,100.00,850,16.9,278.0
2026-05-16T04:18:41,25.5,1263,7941,0,8,100.00,804,15.8,278.0
2026-05-16T04:18:46,31.0,1265,7941,0,10,100.00,887,18.8,278.0
2026-05-16T04:18:51,24.7,1270,7941,0,10,100.00,773,15.0,278.0
2026-05-16T04:18:57,26.8,1277,7941,1,9,100.00,904,16.8,278.0
2026-05-16T04:19:02,27.1,1273,7941,1,10,100.00,950,17.3,278.0
2026-05-16T04:19:07,31.4,1271,7941,0,11,100.00,759,19.9,278.0
2026-05-16T04:19:13,26.9,1266,7941,0,9,100.00,946,16.5,278.0
2026-05-16T04:19:18,23.6,1271,7941,0,9,100.00,818,14.3,278.0
2026-05-16T04:19:23,27.3,1270,7941,0,8,100.00,816,16.5,278.0
2026-05-16T04:19:29,29.0,1268,7941,0,11,100.00,951,17.2,278.0
2026-05-16T04:19:34,28.2,1271,7941,0,11,100.00,818,17.3,278.0
2026-05-16T04:19:39,27.0,1270,7941,0,8,100.00,865,16.6,278.0
2026-05-16T04:19:44,26.4,1268,7941,0,7,100.00,868,16.1,278.0
2026-05-16T04:19:50,27.2,1278,7941,0,7,100.00,889,15.9,278.0
2026-05-16T04:19:55,27.9,1279,7941,0,9,100.00,887,16.8,278.0
2026-05-16T04:20:00,25.2,1278,7941,0,9,100.00,777,16.1,278.0
2026-05-16T04:20:06,38.1,1283,7941,0,11,100.00,781,24.5,278.0
2026-05-16T04:20:11,27.4,1284,7941,1,10,100.00,897,16.7,278.0
2026-05-16T04:20:16,22.2,1279,7941,0,9,100.00,830,13.2,278.0
2026-05-16T04:20:21,24.0,1272,7941,0,9,100.00,840,13.9,278.0
2026-05-16T04:20:27,22.5,1275,7941,1,9,100.00,923,13.0,278.0
2026-05-16T04:20:32,21.2,1281,7941,1,9,100.00,726,12.7,278.0
2026-05-16T04:20:37,24.2,1272,7941,0,9,100.00,949,14.4,278.0
2026-05-16T04:20:43,22.9,1276,7941,0,9,100.00,851,14.2,278.0
2026-05-16T04:20:48,23.4,1271,7941,0,9,100.00,776,14.2,278.0
2026-05-16T04:20:53,23.6,1267,7941,0,7,100.00,976,14.4,278.0
2026-05-16T04:20:58,23.5,1273,7941,0,8,100.00,802,14.4,278.0
2026-05-16T04:21:04,26.0,1278,7941,0,9,100.00,847,16.4,278.0
2026-05-16T04:21:09,24.8,1275,7941,0,9,100.00,882,15.2,278.0
2026-05-16T04:21:14,23.1,1272,7941,0,8,100.00,718,13.8,278.0
2026-05-16T04:21:19,23.7,1274,7941,0,9,100.00,887,14.4,278.0
2026-05-16T04:21:25,23.7,1271,7941,1,8,100.00,939,14.3,278.0
2026-05-16T04:21:30,25.0,1274,7941,0,10,100.00,766,15.0,278.0
2026-05-16T04:21:35,25.9,1269,7941,0,8,100.00,902,15.6,278.0
2026-05-16T04:21:40,21.6,1270,7941,0,7,100.00,823,13.4,278.0
2026-05-16T04:21:46,23.7,1280,7941,0,8,100.00,878,14.4,278.0
2026-05-16T04:21:51,23.2,1273,7941,0,8,100.00,856,14.1,278.0
2026-05-16T04:21:56,22.7,1275,7941,1,7,100.00,792,13.5,278.0
2026-05-16T04:22:01,24.6,1271,7941,0,8,100.00,972,15.4,278.0
2026-05-16T04:22:07,25.1,1268,7941,0,8,100.00,803,15.4,278.0
2026-05-16T04:22:12,23.2,1268,7941,1,8,100.00,831,14.1,278.0
2026-05-16T04:22:17,22.2,1268,7941,0,9,100.00,858,13.3,278.0
2026-05-16T04:22:22,20.3,1265,7941,0,8,100.00,875,12.3,278.0
2026-05-16T04:22:28,22.6,1268,7941,0,7,100.00,832,13.7,278.0
2026-05-16T04:22:33,20.0,1273,7941,0,9,100.00,854,12.3,278.0
2026-05-16T04:22:38,20.9,1273,7941,0,11,100.00,723,12.4,278.0
2026-05-16T04:22:43,23.8,1277,7941,1,10,100.00,849,14.4,278.0
2026-05-16T04:22:49,21.2,1273,7941,0,8,100.00,760,13.3,278.0
2026-05-16T04:22:54,22.6,1270,7941,0,7,100.00,994,13.7,278.0
2026-05-16T04:22:59,22.0,1266,7941,0,7,100.00,932,13.4,278.1
2026-05-16T04:23:04,24.5,1269,7941,0,7,100.00,765,14.3,278.1
2026-05-16T04:23:09,22.5,1268,7941,1,6,100.00,867,13.6,278.1
2026-05-16T04:23:15,22.7,1270,7941,0,8,100.00,803,14.0,278.1
2026-05-16T04:23:20,21.5,1269,7941,0,8,100.00,883,13.4,278.1
2026-05-16T04:23:25,22.3,1268,7941,1,8,100.00,868,13.7,278.1
2026-05-16T04:23:30,22.1,1273,7941,0,9,100.00,815,13.9,278.1
2026-05-16T04:23:36,23.5,1262,7941,0,7,100.00,817,14.1,278.1
2026-05-16T04:23:41,21.3,1266,7941,0,7,100.00,948,13.2,278.1
2026-05-16T04:23:46,21.8,1268,7941,0,7,100.00,702,13.3,278.1
2026-05-16T04:23:51,22.4,1269,7941,0,8,100.00,991,13.6,278.1
2026-05-16T04:23:57,21.0,1275,7941,0,8,100.00,814,12.6,278.1
2026-05-16T04:24:02,24.0,1271,7941,0,7,100.00,828,14.9,278.1
2026-05-16T04:24:07,24.6,1270,7941,0,8,100.00,897,14.8,278.1
2026-05-16T04:24:12,21.8,1275,7941,0,7,100.00,805,13.5,278.1
2026-05-16T04:24:18,21.3,1265,7941,0,7,100.00,854,13.1,278.1
2026-05-16T04:24:23,20.7,1267,7941,0,7,100.00,831,12.8,278.1
2026-05-16T04:24:28,21.8,1269,7941,0,8,100.00,894,13.2,278.1
2026-05-16T04:24:33,21.7,1276,7941,0,8,100.00,828,13.2,278.1
2026-05-16T04:24:39,21.1,1268,7941,0,7,100.00,920,12.8,278.1
2026-05-16T04:24:44,21.8,1269,7941,0,7,100.00,833,13.2,278.1
2026-05-16T04:24:49,22.4,1277,7941,0,9,100.00,741,13.8,278.1
2026-05-16T04:24:54,23.4,1268,7941,1,8,100.00,877,14.3,278.1
2026-05-16T04:25:00,23.4,1258,7941,0,8,100.00,865,14.2,278.1
2026-05-16T04:25:05,35.3,1269,7941,0,11,100.00,901,22.5,278.1
2026-05-16T04:25:10,27.5,1272,7941,0,11,100.00,830,17.1,278.1
2026-05-16T04:25:15,27.0,1268,7941,0,8,100.00,853,16.2,278.1
2026-05-16T04:25:21,25.2,1262,7941,0,8,100.00,915,15.6,278.1
2026-05-16T04:25:26,23.5,1255,7941,0,7,100.00,793,14.2,278.1
2026-05-16T04:25:31,22.5,1266,7941,0,11,100.00,846,13.7,278.1
2026-05-16T04:25:37,22.4,1263,7941,0,11,100.00,860,13.6,278.1
2026-05-16T04:25:42,22.2,1257,7941,0,7,100.00,815,13.8,278.1
2026-05-16T04:25:47,21.8,1261,7941,0,7,100.00,865,13.3,278.1
2026-05-16T04:25:52,21.2,1262,7941,0,7,100.00,888,13.1,278.1
2026-05-16T04:25:58,21.4,1262,7941,0,8,100.00,824,13.1,278.1
2026-05-16T04:26:03,22.2,1261,7941,0,8,100.00,881,13.7,278.1
2026-05-16T04:26:08,23.3,1267,7941,0,8,100.00,777,14.1,278.1
2026-05-16T04:26:13,21.3,1265,7941,0,8,100.00,873,13.1,278.1
2026-05-16T04:26:19,21.5,1269,7941,0,8,100.00,868,13.0,278.1
2026-05-16T04:26:24,21.7,1262,7941,1,7,100.00,880,13.0,278.1
2026-05-16T04:26:29,21.1,1257,7941,0,6,100.00,825,12.9,278.1
2026-05-16T04:26:34,22.5,1258,7941,0,8,100.00,810,13.3,278.1
2026-05-16T04:26:40,22.5,1266,7941,0,8,100.00,903,13.9,278.1
2026-05-16T04:26:45,22.3,1260,7941,1,6,100.00,847,13.6,278.1
2026-05-16T04:26:50,22.3,1260,7941,0,7,100.00,839,13.5,278.1
2026-05-16T04:26:55,21.0,1260,7941,0,7,100.00,802,12.6,278.1
2026-05-16T04:27:00,21.1,1260,7941,0,7,100.00,907,13.2,278.1
2026-05-16T04:27:06,26.8,1265,7941,0,11,100.00,820,16.4,278.1
2026-05-16T04:27:11,22.4,1269,7941,0,11,100.00,856,13.6,278.1
2026-05-16T04:27:16,22.9,1259,7941,0,8,100.00,797,13.8,278.1
2026-05-16T04:27:21,20.9,1260,7941,0,8,100.00,883,12.6,278.1
2026-05-16T04:27:27,22.2,1263,7941,0,8,100.00,903,13.7,278.1
2026-05-16T04:27:32,21.8,1263,7941,0,8,100.00,750,13.0,278.1
2026-05-16T04:27:37,20.5,1265,7941,0,10,100.00,862,12.0,278.1
2026-05-16T04:27:42,24.7,1269,7941,0,10,100.00,899,15.4,278.1
2026-05-16T04:27:48,23.2,1263,7941,0,9,100.00,772,14.1,278.1
2026-05-16T04:27:53,24.5,1263,7941,0,8,100.00,900,15.0,278.1
2026-05-16T04:27:58,23.6,1268,7941,0,10,100.00,929,14.3,278.1
2026-05-16T04:28:03,25.0,1259,7941,0,7,100.00,765,15.5,278.1
2026-05-16T04:28:09,25.3,1265,7941,0,10,100.00,955,15.2,278.1
2026-05-16T04:28:14,23.2,1271,7941,0,10,100.00,891,14.0,278.1
2026-05-16T04:28:19,24.8,1267,7941,0,10,100.00,765,15.4,278.1
2026-05-16T04:28:24,24.5,1264,7941,0,10,100.00,875,14.7,278.1
2026-05-16T04:28:30,22.8,1254,7941,1,6,100.00,882,14.1,278.1
2026-05-16T04:28:35,25.7,1260,7941,0,8,100.00,841,15.7,278.1
2026-05-16T04:28:40,22.4,1269,7941,0,8,100.00,819,13.9,278.1
2026-05-16T04:28:45,23.1,1260,7941,0,8,100.00,826,14.2,278.1
2026-05-16T04:28:51,23.7,1268,7941,0,8,100.00,907,14.5,278.1
2026-05-16T04:28:56,22.4,1265,7941,0,8,100.00,783,13.7,278.1
2026-05-16T04:29:01,23.0,1267,7941,0,9,100.00,876,14.1,278.1
2026-05-16T04:29:07,26.0,1265,7941,0,9,100.00,820,16.0,278.1
2026-05-16T04:29:12,23.4,1259,7941,0,8,100.00,934,14.4,278.1
2026-05-16T04:29:17,24.3,1266,7941,1,7,100.00,821,14.8,278.1
2026-05-16T04:29:22,24.7,1265,7941,1,7,100.00,873,15.2,278.1
2026-05-16T04:29:28,24.3,1258,7941,0,8,100.00,853,14.7,278.1
2026-05-16T04:29:33,25.0,1260,7941,0,7,100.00,820,15.2,278.1
2026-05-16T04:29:38,24.1,1261,7941,0,9,100.00,861,14.1,278.1
2026-05-16T04:29:43,28.0,1268,7941,0,9,100.00,876,17.0,278.1
2026-05-16T04:29:49,24.7,1263,7941,0,8,100.00,838,14.8,278.1
2026-05-16T04:29:54,27.5,1263,7941,0,9,100.00,864,16.2,278.1
2026-05-16T04:29:59,29.4,1271,7941,0,11,100.00,826,18.1,278.1
2026-05-16T04:30:04,35.5,1268,7941,1,10,100.00,840,22.9,278.1
2026-05-16T04:30:10,31.6,1270,7941,0,11,100.00,790,20.2,278.1
2026-05-16T04:30:15,29.6,1267,7941,0,10,100.00,967,17.8,278.1
2026-05-16T04:30:21,27.6,1272,7941,0,10,100.00,741,17.2,278.1
2026-05-16T04:30:26,26.9,1267,7941,0,8,100.00,904,16.3,278.1
2026-05-16T04:30:31,26.7,1265,7941,0,8,100.00,942,16.2,278.1
2026-05-16T04:30:37,28.4,1264,7941,0,9,100.00,791,17.7,278.1
2026-05-16T04:30:42,29.3,1268,7941,0,9,100.00,917,18.4,278.1
2026-05-16T04:30:47,27.6,1262,7941,2,7,100.00,802,16.9,278.1
2026-05-16T04:30:52,28.9,1269,7941,0,10,100.00,858,17.6,278.1
2026-05-16T04:30:58,26.8,1268,7941,0,10,100.00,845,16.3,278.1
2026-05-16T04:31:03,26.5,1262,7941,0,8,100.00,911,16.4,278.1
2026-05-16T04:31:08,31.2,1260,7941,0,9,100.00,851,19.2,278.1
2026-05-16T04:31:14,29.6,1265,7941,1,8,100.00,802,18.0,278.1
2026-05-16T04:31:19,26.9,1266,7941,0,9,100.00,939,16.4,278.1
2026-05-16T04:31:24,28.2,1265,7941,0,10,100.00,809,17.6,278.1
2026-05-16T04:31:29,25.6,1267,7941,0,10,100.00,837,15.4,278.1
2026-05-16T04:31:35,29.3,1260,7941,0,9,100.00,880,17.9,278.1
2026-05-16T04:31:40,24.2,1265,7941,0,9,100.00,854,14.9,278.1
2026-05-16T04:31:45,26.9,1260,7941,0,8,100.00,828,16.4,278.1
2026-05-16T04:31:51,27.5,1267,7941,0,8,100.00,890,16.9,278.1
2026-05-16T04:31:56,27.6,1269,7941,1,7,100.00,807,17.0,278.1
2026-05-16T04:32:01,27.3,1266,7941,1,7,100.00,981,16.5,278.1
2026-05-16T04:32:07,31.1,1264,7941,0,11,100.00,803,19.6,278.1
2026-05-16T04:32:12,27.0,1267,7941,0,9,100.00,893,16.9,278.1
2026-05-16T04:32:17,27.6,1263,7941,1,7,100.00,884,16.6,278.1
2026-05-16T04:32:23,26.1,1263,7941,0,8,100.00,748,16.1,278.1
2026-05-16T04:32:28,27.6,1264,7941,0,7,100.00,940,16.7,278.1
2026-05-16T04:32:33,27.5,1265,7941,0,9,100.00,760,16.9,278.1
2026-05-16T04:32:38,25.8,1262,7941,0,9,100.00,872,15.6,278.1
2026-05-16T04:32:44,28.0,1268,7941,0,10,100.00,859,17.2,278.1
2026-05-16T04:32:49,26.1,1269,7941,0,10,100.00,778,15.8,278.1
2026-05-16T04:32:54,26.6,1268,7941,0,8,100.00,987,16.1,278.1
2026-05-16T04:32:59,27.1,1260,7941,0,9,100.00,893,16.6,278.1
2026-05-16T04:33:05,29.5,1264,7941,0,9,100.00,729,17.8,278.1
2026-05-16T04:33:10,27.3,1262,7941,0,9,100.00,901,16.5,278.1
2026-05-16T04:33:15,25.4,1262,7941,0,9,100.00,880,15.3,278.1
2026-05-16T04:33:21,25.5,1256,7941,0,8,100.00,797,15.8,278.1
2026-05-16T04:33:26,28.1,1264,7941,0,9,100.00,994,16.9,278.1
2026-05-16T04:33:31,26.1,1262,7941,0,9,100.00,691,15.8,278.1
2026-05-16T04:33:36,26.0,1269,7941,0,9,100.00,885,15.6,278.1
2026-05-16T04:33:42,24.1,1257,7941,0,8,100.00,936,14.5,278.1
2026-05-16T04:33:47,25.8,1257,7941,1,7,100.00,777,15.3,278.1
2026-05-16T04:33:52,27.4,1266,7941,1,9,100.00,923,16.9,278.1
2026-05-16T04:33:58,26.6,1267,7941,0,10,100.00,838,16.4,278.1
2026-05-16T04:34:03,30.2,1257,7941,0,9,100.00,867,18.8,278.1
2026-05-16T04:34:08,29.4,1263,7941,0,9,100.00,908,17.6,278.1
2026-05-16T04:34:13,26.3,1263,7941,0,8,100.00,743,16.2,278.1
2026-05-16T04:34:19,29.3,1268,7941,0,9,100.00,871,18.1,278.1
2026-05-16T04:34:24,28.3,1269,7941,1,8,100.00,830,17.0,278.1
2026-05-16T04:34:29,25.9,1260,7941,0,8,100.00,912,15.9,278.1
2026-05-16T04:34:35,29.0,1262,7941,2,6,100.00,925,17.4,278.1
2026-05-16T04:34:40,25.7,1263,7941,0,8,100.00,796,16.1,278.1
2026-05-16T04:34:45,27.8,1257,7941,0,8,100.00,888,17.1,278.1
2026-05-16T04:34:50,27.4,1271,7941,1,10,100.00,811,16.7,278.1
2026-05-16T04:34:56,25.7,1260,7941,0,8,100.00,832,15.6,278.1
2026-05-16T04:35:01,27.1,1270,7941,0,11,100.00,853,16.7,278.1
2026-05-16T04:35:07,40.2,1268,7941,0,11,100.00,966,25.0,278.1
2026-05-16T04:35:12,32.4,1273,7941,0,11,100.00,782,19.9,278.1
2026-05-16T04:35:17,28.4,1271,7941,0,9,100.00,864,17.3,278.1
2026-05-16T04:35:23,29.5,1266,7941,0,9,100.00,825,17.3,278.1
2026-05-16T04:35:28,25.2,1266,7941,0,9,100.00,846,15.0,278.1
2026-05-16T04:35:33,26.7,1268,7941,0,9,100.00,864,15.9,278.1
2026-05-16T04:35:38,26.5,1264,7941,0,9,100.00,799,16.2,278.1
2026-05-16T04:35:44,24.8,1263,7941,0,9,100.00,895,15.0,278.1
2026-05-16T04:35:49,24.9,1263,7941,0,9,100.00,841,15.2,278.1
2026-05-16T04:35:54,24.1,1265,7941,1,8,100.00,840,14.3,278.1
2026-05-16T04:35:59,22.5,1258,7941,0,7,100.00,853,13.6,278.1
2026-05-16T04:36:05,29.8,1264,7941,2,9,100.00,813,18.4,278.1
2026-05-16T04:36:10,24.0,1267,7941,0,11,100.00,867,14.6,278.1
2026-05-16T04:36:15,23.6,1261,7941,0,9,100.00,842,14.3,278.1
2026-05-16T04:36:20,22.6,1265,7941,0,9,100.00,909,13.7,278.1
2026-05-16T04:36:26,23.3,1256,7941,0,8,100.00,853,14.4,278.1
2026-05-16T04:36:31,22.7,1261,7941,0,8,100.00,820,13.8,278.1
2026-05-16T04:36:36,24.3,1267,7941,0,9,100.00,909,14.7,278.1
2026-05-16T04:36:41,22.4,1276,7941,0,9,100.00,789,14.0,278.1
2026-05-16T04:36:47,24.0,1260,7941,0,8,100.00,865,14.9,278.1
2026-05-16T04:36:52,25.8,1261,7941,1,7,100.00,942,15.7,278.1
2026-05-16T04:36:57,23.7,1268,7941,0,9,100.00,737,14.6,278.1
2026-05-16T04:37:03,23.7,1269,7941,1,8,100.00,933,14.5,278.1
2026-05-16T04:37:08,25.9,1266,7941,1,8,100.00,884,15.6,278.1
2026-05-16T04:37:13,22.3,1268,7941,0,9,100.00,788,13.3,278.1
2026-05-16T04:37:18,22.9,1259,7941,0,9,100.00,866,14.1,278.1
2026-05-16T04:37:24,21.6,1264,7941,0,8,100.00,807,13.3,278.1
2026-05-16T04:37:29,21.8,1258,7941,1,8,100.00,849,13.1,278.1
2026-05-16T04:37:34,24.1,1265,7941,0,9,100.00,887,14.8,278.1
2026-05-16T04:37:39,19.8,1268,7941,0,9,100.00,889,12.0,278.1
2026-05-16T04:37:45,21.3,1263,7941,0,9,100.00,810,13.1,278.1
2026-05-16T04:37:50,20.5,1268,7941,0,9,100.00,838,12.2,278.1
2026-05-16T04:37:55,20.7,1262,7941,1,7,100.00,781,12.4,278.1
2026-05-16T04:38:00,21.3,1261,7941,0,8,100.00,901,13.4,278.1
2026-05-16T04:38:06,26.4,1260,7941,1,8,100.00,887,16.0,278.1
2026-05-16T04:38:11,21.9,1264,7941,0,9,100.00,828,13.8,278.1
2026-05-16T04:38:16,21.1,1258,7941,0,7,100.00,821,12.6,278.1
2026-05-16T04:38:21,21.4,1261,7941,0,8,100.00,882,13.4,278.1
2026-05-16T04:38:26,22.1,1263,7941,0,8,100.00,845,13.4,278.1
2026-05-16T04:38:32,22.3,1258,7941,0,7,100.00,829,13.8,278.1
2026-05-16T04:38:37,21.7,1265,7941,0,7,100.00,828,12.7,278.1
2026-05-16T04:38:42,22.5,1266,7941,0,7,100.00,881,13.8,278.1
2026-05-16T04:38:47,21.6,1265,7941,0,7,100.00,874,13.2,278.1
2026-05-16T04:38:53,22.3,1263,7941,1,6,100.00,846,13.7,278.1
2026-05-16T04:38:58,22.5,1272,7941,0,10,100.00,844,13.6,278.1
2026-05-16T04:39:03,30.4,1269,7941,0,10,100.00,851,19.4,278.1
2026-05-16T04:39:09,27.9,1271,7941,0,10,100.00,840,17.3,278.1
2026-05-16T04:39:14,22.5,1266,7941,1,7,100.00,921,13.6,278.1
2026-05-16T04:39:19,22.1,1265,7941,0,7,100.00,800,13.7,278.1
2026-05-16T04:39:24,22.2,1264,7941,0,9,100.00,848,13.8,278.1
2026-05-16T04:39:29,21.2,1268,7941,0,8,100.00,832,12.6,278.1
2026-05-16T04:39:35,21.8,1268,7941,0,9,100.00,791,13.2,278.1
2026-05-16T04:39:40,22.4,1266,7941,0,9,100.00,943,13.9,278.1
2026-05-16T04:39:45,23.5,1255,7941,0,7,100.00,833,14.4,278.1
2026-05-16T04:39:50,22.1,1263,7941,1,6,100.00,820,13.7,278.1
2026-05-16T04:39:56,22.8,1270,7941,1,9,100.00,856,14.0,278.1
2026-05-16T04:40:01,21.5,1269,7941,0,10,100.00,949,13.6,278.1
2026-05-16T04:40:06,31.8,1267,7941,2,9,100.00,743,20.7,278.1
2026-05-16T04:40:12,26.6,1270,7941,0,11,100.00,852,16.2,278.1
2026-05-16T04:40:17,25.7,1257,7941,0,7,100.00,925,15.6,278.1
2026-05-16T04:40:22,27.4,1263,7941,0,7,100.00,872,16.7,278.1
2026-05-16T04:40:28,26.8,1267,7941,0,9,100.00,862,16.4,278.1
2026-05-16T04:40:33,26.2,1273,7941,0,9,100.00,726,15.8,278.1
2026-05-16T04:40:38,26.1,1266,7941,0,9,100.00,928,16.1,278.1
2026-05-16T04:40:43,24.8,1265,7941,0,9,100.00,778,15.3,278.2
2026-05-16T04:40:49,23.2,1265,7941,1,7,100.00,923,14.0,278.2
2026-05-16T04:40:54,25.0,1261,7941,0,8,100.00,840,15.4,278.2
2026-05-16T04:40:59,24.7,1262,7941,0,9,100.00,912,15.4,278.2
2026-05-16T04:41:04,28.5,1274,7941,0,11,100.00,814,17.4,278.2
2026-05-16T04:41:10,26.4,1274,7941,0,11,100.00,747,16.2,278.2
2026-05-16T04:41:15,25.5,1265,7941,0,8,100.00,961,15.6,278.2
2026-05-16T04:41:20,26.2,1273,7941,0,10,100.00,875,16.5,278.2
2026-05-16T04:41:26,26.7,1272,7941,0,10,100.00,863,16.5,278.2
2026-05-16T04:41:31,23.8,1265,7941,0,7,100.00,836,14.4,278.2
2026-05-16T04:41:36,26.5,1271,7941,0,8,100.00,842,16.2,278.2
2026-05-16T04:41:41,27.1,1275,7941,0,8,100.00,892,16.7,278.2
2026-05-16T04:41:47,27.3,1265,7941,1,7,100.00,768,16.7,278.2
2026-05-16T04:41:52,26.8,1270,7941,0,10,100.00,933,16.2,278.2
2026-05-16T04:41:57,26.1,1270,7941,0,10,100.00,786,15.7,278.2
2026-05-16T04:42:03,28.1,1267,7941,0,10,100.00,956,17.2,278.2
2026-05-16T04:42:08,27.0,1272,7941,0,10,100.00,892,16.6,278.2
2026-05-16T04:42:13,23.5,1263,7941,0,9,100.00,680,14.3,278.2
2026-05-16T04:42:18,24.8,1268,7941,0,7,100.00,1002,14.4,278.2
2026-05-16T04:42:24,26.8,1268,7941,0,8,100.00,830,16.2,278.2
2026-05-16T04:42:29,24.7,1275,7941,0,9,100.00,827,15.4,280.1
2026-05-16T04:42:34,26.2,1270,7941,0,9,100.00,829,15.7,280.2
2026-05-16T04:42:40,24.1,1269,7941,0,8,100.00,845,14.6,280.2
2026-05-16T04:42:45,25.1,1272,7941,0,8,100.00,905,14.9,280.2
2026-05-16T04:42:50,27.1,1266,7941,0,9,100.00,849,16.5,280.4
2026-05-16T04:42:55,25.3,1268,7941,0,9,100.00,858,15.2,280.4
2026-05-16T04:43:01,25.2,1275,7941,0,9,100.00,860,15.5,280.4
2026-05-16T04:43:06,28.7,1268,7941,0,9,100.00,883,17.8,280.4
2026-05-16T04:43:11,27.0,1271,7941,0,9,100.00,785,17.0,280.4
2026-05-16T04:43:17,27.8,1276,7941,1,9,100.00,886,16.7,280.4
2026-05-16T04:43:22,23.8,1273,7941,1,9,100.00,780,14.9,280.4
2026-05-16T04:43:27,23.6,1265,7941,0,8,100.00,880,14.3,280.4
2026-05-16T04:43:32,26.0,1269,7941,0,9,100.00,810,15.6,280.4
2026-05-16T04:43:38,23.4,1266,7941,0,8,100.00,874,14.2,280.4
2026-05-16T04:43:43,25.0,1272,7941,0,8,100.00,879,15.6,280.4
2026-05-16T04:43:48,22.3,1266,7941,0,8,100.00,866,13.5,280.4
2026-05-16T04:43:53,21.5,1266,7941,0,7,100.00,827,13.4,280.4
2026-05-16T04:43:59,24.2,1260,7941,1,6,100.00,922,14.3,280.4
2026-05-16T04:44:04,23.9,1265,7941,0,7,100.00,843,14.9,280.4
2026-05-16T04:44:09,27.0,1268,7941,0,8,100.00,842,16.2,280.4
2026-05-16T04:44:14,24.8,1271,7941,0,9,100.00,903,14.9,280.4
2026-05-16T04:44:20,22.9,1271,7941,1,8,100.00,766,14.4,280.4
2026-05-16T04:44:25,27.8,1271,7941,1,8,100.00,981,17.3,280.4
2026-05-16T04:44:30,23.5,1272,7941,0,9,100.00,815,14.3,280.4
2026-05-16T04:44:35,26.5,1265,7941,0,8,100.00,791,16.6,280.4
2026-05-16T04:44:41,26.9,1267,7941,0,9,100.00,867,16.5,280.4
2026-05-16T04:44:46,25.9,1280,7941,1,8,100.00,866,15.8,280.4
2026-05-16T04:44:51,27.2,1272,7941,2,9,100.00,893,17.0,280.4
2026-05-16T04:44:57,28.4,1277,7941,0,11,100.00,897,17.3,280.4
2026-05-16T04:45:02,28.0,1275,7941,0,11,100.00,837,17.3,280.5
2026-05-16T04:45:08,42.3,1269,7941,0,11,100.00,851,28.8,280.5
2026-05-16T04:45:13,33.2,1272,7941,0,11,100.00,766,20.4,280.5
2026-05-16T04:45:18,30.6,1275,7941,0,11,100.00,819,18.4,280.5
2026-05-16T04:45:24,32.0,1275,7941,0,10,100.00,1012,19.1,280.5
2026-05-16T04:45:29,26.6,1276,7941,1,9,100.00,697,16.2,280.5
2026-05-16T04:45:34,29.2,1261,7941,0,9,100.00,924,17.3,280.5
2026-05-16T04:45:40,24.9,1266,7941,1,8,100.00,888,15.2,280.5
2026-05-16T04:45:45,27.3,1264,7941,0,8,100.00,881,16.6,280.5
2026-05-16T04:45:50,27.2,1266,7941,0,9,100.00,862,16.7,280.5
2026-05-16T04:45:55,25.6,1264,7941,0,9,100.00,763,15.7,280.5
2026-05-16T04:46:01,28.1,1273,7941,1,9,100.00,934,17.5,280.5
2026-05-16T04:46:06,30.8,1275,7941,0,10,100.00,808,18.9,280.5
2026-05-16T04:46:11,25.9,1276,7941,0,9,100.00,831,16.2,280.5
2026-05-16T04:46:16,26.8,1265,7941,0,8,100.00,932,16.4,280.5
2026-05-16T04:46:22,24.6,1271,7941,0,7,100.00,809,15.0,280.5
2026-05-16T04:46:27,26.2,1267,7941,0,7,100.00,808,16.2,280.5
2026-05-16T04:46:32,27.5,1271,7941,0,9,100.00,942,16.9,280.5
2026-05-16T04:46:38,25.3,1268,7941,0,9,100.00,782,15.6,280.5
2026-05-16T04:46:43,28.6,1271,7941,0,9,100.00,936,17.8,280.5
2026-05-16T04:46:48,26.2,1266,7941,1,8,100.00,805,15.9,280.5
2026-05-16T04:46:53,25.4,1265,7941,0,9,100.00,733,15.6,280.5
2026-05-16T04:46:59,26.0,1269,7941,0,9,100.00,1034,15.6,280.5
2026-05-16T04:47:04,28.6,1278,7941,1,8,100.00,767,17.8,280.5
2026-05-16T04:47:09,28.0,1269,7941,0,8,100.00,838,17.6,280.5
2026-05-16T04:47:15,26.9,1270,7941,1,6,100.00,897,16.6,280.5
2026-05-16T04:47:20,24.8,1272,7941,0,8,100.00,804,15.4,280.5
2026-05-16T04:47:25,27.9,1266,7941,0,8,100.00,898,16.9,280.5
2026-05-16T04:47:30,25.8,1271,7941,0,8,100.00,767,15.8,280.5
2026-05-16T04:47:36,31.9,1276,7941,0,11,100.00,889,19.4,280.5
2026-05-16T04:47:41,28.4,1276,7941,0,11,100.00,912,17.4,280.5
2026-05-16T04:47:46,24.1,1275,7941,0,9,100.00,812,14.6,280.7
2026-05-16T04:47:52,25.9,1276,7941,1,8,100.00,898,16.0,280.7
2026-05-16T04:47:57,27.3,1276,7941,1,8,100.00,880,16.8,280.7
2026-05-16T04:48:02,26.4,1274,7941,1,10,100.00,761,16.2,280.7
2026-05-16T04:48:08,30.5,1269,7941,1,10,100.00,892,18.9,280.7
2026-05-16T04:48:13,26.0,1277,7941,0,9,100.00,826,16.4,280.7
2026-05-16T04:48:18,25.4,1270,7941,0,9,100.00,855,15.2,280.7
2026-05-16T04:48:23,28.1,1270,7941,0,9,100.00,869,17.1,280.7
2026-05-16T04:48:29,23.8,1271,7941,0,9,100.00,740,14.6,280.7
2026-05-16T04:48:34,28.1,1274,7941,0,9,100.00,996,17.1,280.7
2026-05-16T04:48:39,25.6,1268,7941,0,9,100.00,739,15.4,280.7
2026-05-16T04:48:45,26.7,1266,7941,0,8,100.00,880,16.4,280.7
2026-05-16T04:48:50,25.6,1268,7941,1,7,100.00,968,15.8,280.7
2026-05-16T04:48:55,25.2,1272,7941,0,8,100.00,739,15.4,280.7
2026-05-16T04:49:00,25.3,1270,7941,0,8,100.00,922,15.8,280.7
2026-05-16T04:49:06,33.9,1276,7941,0,11,100.00,852,20.8,280.7
2026-05-16T04:49:11,26.9,1276,7941,1,10,100.00,720,16.8,280.7
2026-05-16T04:49:16,30.1,1272,7941,0,10,100.00,1038,18.6,280.7
2026-05-16T04:49:22,27.7,1270,7941,2,8,100.00,754,17.3,280.7
2026-05-16T04:49:27,28.8,1270,7941,0,10,100.00,852,17.4,280.7
2026-05-16T04:49:32,27.9,1274,7941,1,9,100.00,954,16.9,280.7
2026-05-16T04:49:38,25.2,1262,7941,0,8,100.00,764,15.2,280.7
2026-05-16T04:49:43,27.0,1272,7941,0,9,100.00,892,16.2,280.7
2026-05-16T04:49:48,26.0,1271,7941,0,9,100.00,890,15.7,280.7
2026-05-16T04:49:53,24.1,1266,7941,0,8,100.00,794,14.3,280.7
2026-05-16T04:49:59,26.3,1273,7941,0,10,100.00,859,15.8,280.7
2026-05-16T04:50:04,30.7,1270,7941,0,10,100.00,905,19.8,280.7
2026-05-16T04:50:09,27.3,1274,7941,1,9,100.00,739,16.4,280.7
2026-05-16T04:50:14,24.6,1266,7941,0,9,100.00,1015,14.9,280.7
2026-05-16T04:50:20,22.5,1265,7941,1,6,100.00,776,13.4,280.7
2026-05-16T04:50:25,24.5,1269,7941,0,10,100.00,786,14.5,280.7
2026-05-16T04:50:30,23.3,1268,7941,0,8,100.00,908,14.4,280.7
2026-05-16T04:50:35,22.6,1258,7941,0,7,100.00,815,13.7,280.7
2026-05-16T04:50:41,23.8,1265,7941,0,8,100.00,897,14.7,280.7
2026-05-16T04:50:46,23.4,1267,7941,0,8,100.00,825,14.4,280.7
2026-05-16T04:50:51,23.7,1266,7941,0,7,100.00,857,14.8,280.7
2026-05-16T04:50:56,24.3,1269,7941,0,7,100.00,904,14.9,280.7
2026-05-16T04:51:02,24.0,1266,7941,0,8,100.00,788,14.8,280.7
2026-05-16T04:51:07,27.0,1269,7941,0,8,100.00,931,16.5,280.7
2026-05-16T04:51:12,24.4,1268,7941,0,9,100.00,788,15.2,280.7
2026-05-16T04:51:18,22.8,1259,7941,1,6,100.00,829,13.8,280.7
2026-05-16T04:51:23,25.3,1264,7941,0,8,100.00,867,15.8,280.7
2026-05-16T04:51:28,22.0,1261,7941,1,7,100.00,869,13.2,280.7
2026-05-16T04:51:33,23.6,1264,7941,1,7,100.00,783,14.5,280.7
2026-05-16T04:51:39,23.2,1267,7941,0,8,100.00,978,13.7,280.7
2026-05-16T04:51:44,22.0,1266,7941,1,6,100.00,693,13.4,280.7
2026-05-16T04:51:49,23.5,1266,7941,0,7,100.00,902,14.1,280.7
2026-05-16T04:51:54,23.2,1260,7941,0,7,100.00,844,13.4,280.7
2026-05-16T04:52:00,22.4,1266,7941,1,8,100.00,812,13.5,280.7
2026-05-16T04:52:05,27.9,1262,7941,0,9,100.00,890,17.0,280.7
2026-05-16T04:52:10,23.8,1260,7941,0,7,100.00,841,14.4,280.7
2026-05-16T04:52:15,23.9,1262,7941,0,7,100.00,918,14.1,280.7
2026-05-16T04:52:21,23.7,1263,7941,0,7,100.00,796,13.9,280.7
2026-05-16T04:52:26,23.1,1266,7941,0,9,100.00,857,13.9,280.7
2026-05-16T04:52:31,24.5,1266,7941,0,9,100.00,865,15.3,280.7
2026-05-16T04:52:36,24.0,1267,7941,0,9,100.00,822,14.5,280.7
2026-05-16T04:52:42,22.9,1271,7941,0,9,100.00,873,13.9,280.7
2026-05-16T04:52:47,23.5,1265,7941,1,7,100.00,861,14.1,280.7
2026-05-16T04:52:52,22.7,1265,7941,0,8,100.00,792,13.9,280.7
2026-05-16T04:52:57,22.8,1268,7941,0,8,100.00,820,13.2,280.7
2026-05-16T04:53:03,24.3,1262,7941,0,8,100.00,946,14.5,280.7
2026-05-16T04:53:08,24.2,1263,7941,0,8,100.00,729,14.4,280.7
2026-05-16T04:53:13,24.7,1265,7941,0,8,100.00,938,15.1,280.8
2026-05-16T04:53:18,22.6,1266,7941,1,7,100.00,934,13.5,280.8
2026-05-16T04:53:24,25.1,1262,7941,0,8,100.00,793,15.6,280.8
2026-05-16T04:53:29,24.7,1268,7941,0,7,100.00,902,14.9,280.8
2026-05-16T04:53:34,24.1,1269,7941,1,6,100.00,772,14.3,280.8
2026-05-16T04:53:39,25.1,1268,7941,1,8,100.00,877,15.2,280.8
2026-05-16T04:53:45,22.8,1267,7941,0,9,100.00,895,13.7,281.0
2026-05-16T04:53:50,22.3,1263,7941,0,7,100.00,736,13.5,281.4
2026-05-16T04:53:55,24.7,1273,7941,0,10,100.00,852,14.8,281.4
2026-05-16T04:54:01,23.1,1273,7941,1,9,100.00,796,14.0,281.4
2026-05-16T04:54:06,28.8,1273,7941,0,11,100.00,959,18.2,281.4
2026-05-16T04:54:11,22.0,1268,7941,0,11,100.00,871,13.2,281.4
2026-05-16T04:54:16,21.8,1266,7941,0,8,100.00,869,12.9,281.4
2026-05-16T04:54:22,24.2,1269,7941,0,8,100.00,896,15.1,281.4
2026-05-16T04:54:27,21.6,1268,7941,0,8,100.00,843,13.1,281.4
2026-05-16T04:54:32,20.4,1266,7941,0,7,100.00,891,12.5,281.4
2026-05-16T04:54:37,22.1,1272,7941,0,9,100.00,784,13.3,281.4
2026-05-16T04:54:43,21.3,1268,7941,0,9,100.00,780,12.8,281.4
2026-05-16T04:54:48,21.7,1262,7941,1,6,100.00,932,12.8,281.4
2026-05-16T04:54:53,21.7,1273,7941,0,9,100.00,802,13.6,281.4
2026-05-16T04:54:58,21.2,1273,7941,0,9,100.00,847,12.7,281.4
2026-05-16T04:55:04,29.6,1276,7941,0,11,100.00,886,18.9,281.5
2026-05-16T04:55:09,27.7,1281,7941,0,11,100.00,770,16.9,281.5
2026-05-16T04:55:14,26.3,1271,7941,0,9,100.00,925,15.8,281.5
2026-05-16T04:55:19,25.1,1272,7941,1,7,100.00,790,15.1,281.5
2026-05-16T04:55:25,21.9,1265,7941,0,7,100.00,865,13.5,281.5
2026-05-16T04:55:30,23.0,1270,7941,0,7,100.00,871,13.7,281.5
2026-05-16T04:55:35,22.1,1260,7941,0,7,100.00,814,13.3,281.5
2026-05-16T04:55:41,21.7,1269,7941,1,6,100.00,874,13.5,281.5
2026-05-16T04:55:46,21.0,1271,7941,0,8,100.00,828,12.8,281.5
2026-05-16T04:55:51,20.8,1273,7941,1,7,100.00,917,12.7,281.5
2026-05-16T04:55:56,22.4,1267,7941,0,9,100.00,818,13.9,281.5
2026-05-16T04:56:02,20.7,1272,7941,0,9,100.00,902,12.8,281.5
2026-05-16T04:56:07,24.1,1263,7941,1,6,100.00,832,14.5,281.5
2026-05-16T04:56:12,21.3,1264,7941,0,7,100.00,758,13.2,281.5
2026-05-16T04:56:17,21.7,1263,7941,1,7,100.00,866,13.5,281.5
2026-05-16T04:56:22,21.4,1268,7941,0,8,100.00,844,13.1,281.5
2026-05-16T04:56:28,21.6,1259,7941,0,7,100.00,930,13.6,281.5
2026-05-16T04:56:33,21.6,1269,7941,0,7,100.00,812,13.3,281.5
2026-05-16T04:56:38,22.1,1271,7941,0,9,100.00,835,13.3,281.5
2026-05-16T04:56:43,21.2,1270,7941,0,9,100.00,832,12.9,281.5
2026-05-16T04:56:49,21.8,1278,7941,0,9,100.00,798,13.4,281.5
2026-05-16T04:56:54,22.4,1268,7941,0,8,100.00,946,13.4,281.5
2026-05-16T04:56:59,20.0,1266,7941,0,7,100.00,851,12.4,281.5
2026-05-16T04:57:04,24.6,1265,7941,1,7,100.00,862,15.1,281.5
2026-05-16T04:57:10,21.7,1265,7941,0,8,100.00,828,13.2,281.5
2026-05-16T04:57:15,21.6,1272,7941,1,8,100.00,836,12.9,281.5
2026-05-16T04:57:20,20.5,1272,7941,1,8,100.00,838,12.2,281.5
2026-05-16T04:57:25,21.3,1264,7941,0,7,100.00,919,12.8,281.5
2026-05-16T04:57:31,20.7,1267,7941,0,7,100.00,856,12.6,281.5
2026-05-16T04:57:36,21.2,1267,7941,0,8,100.00,756,12.6,281.5
2026-05-16T04:57:41,21.2,1268,7941,1,7,100.00,768,13.1,281.5
2026-05-16T04:57:46,22.6,1259,7941,0,8,100.00,852,13.9,281.5
2026-05-16T04:57:52,19.5,1272,7941,0,10,100.00,919,11.7,281.5
2026-05-16T04:57:57,20.1,1272,7941,0,10,100.00,863,11.9,281.5
2026-05-16T04:58:02,22.5,1273,7941,0,10,100.00,805,14.1,281.5
2026-05-16T04:58:07,24.4,1259,7941,1,6,100.00,894,14.4,281.5
2026-05-16T04:58:13,21.5,1266,7941,1,9,100.00,753,13.2,281.5
2026-05-16T04:58:18,21.1,1270,7941,0,10,100.00,937,12.8,281.5
2026-05-16T04:58:23,24.3,1263,7941,0,8,100.00,844,15.1,281.5
2026-05-16T04:58:28,21.1,1262,7941,1,7,100.00,798,12.7,281.5
2026-05-16T04:58:33,21.4,1265,7941,1,7,100.00,851,13.2,281.5
2026-05-16T04:58:39,21.2,1274,7941,0,9,100.00,899,12.7,281.5
2026-05-16T04:58:44,20.6,1270,7941,0,9,100.00,813,13.0,281.5
2026-05-16T04:58:49,19.9,1270,7941,0,11,100.00,843,12.1,281.5
2026-05-16T04:58:54,20.7,1274,7941,0,11,100.00,883,12.8,281.5
2026-05-16T04:59:00,19.1,1265,7941,0,7,100.00,797,11.8,281.5
2026-05-16T04:59:05,23.9,1265,7941,0,9,100.00,829,14.6,281.5
2026-05-16T04:59:10,20.7,1271,7941,0,9,100.00,876,12.6,281.5
2026-05-16T04:59:15,21.6,1264,7941,0,8,100.00,863,12.9,281.5
2026-05-16T04:59:21,22.4,1259,7941,0,7,100.00,876,13.6,281.5
2026-05-16T04:59:26,21.4,1258,7941,0,7,100.00,762,12.7,281.5
2026-05-16T04:59:31,21.3,1264,7941,0,7,100.00,888,13.1,281.5
2026-05-16T04:59:36,22.9,1271,7941,0,8,100.00,895,13.8,281.5
2026-05-16T04:59:42,22.3,1269,7941,0,8,100.00,830,13.4,281.5
2026-05-16T04:59:47,22.0,1262,7941,1,6,100.00,861,13.0,281.5
2026-05-16T04:59:52,20.7,1265,7941,0,7,100.00,843,12.6,281.5
2026-05-16T04:59:57,21.4,1263,7941,0,6,100.00,904,13.2,281.5
2026-05-16T05:00:03,27.6,1277,7941,0,11,100.00,885,18.6,281.5
2026-05-16T05:00:08,46.1,1338,7941,1,10,100.00,778,26.7,281.5
2026-05-16T05:00:14,27.3,1337,7941,0,11,100.00,817,17.0,281.5
2026-05-16T05:00:19,22.6,1328,7941,0,8,100.00,905,13.8,281.5
2026-05-16T05:00:24,22.3,1328,7941,0,8,100.00,832,13.5,281.5
2026-05-16T05:00:29,21.7,1327,7941,0,7,100.00,884,13.2,281.5
2026-05-16T05:00:35,23.4,1328,7941,0,7,100.00,854,14.3,281.5
2026-05-16T05:00:40,21.4,1332,7941,0,7,100.00,832,13.5,281.5
2026-05-16T05:00:45,22.6,1325,7941,0,8,100.00,852,14.0,281.5
2026-05-16T05:00:50,20.4,1328,7941,0,8,100.00,798,12.6,281.5
2026-05-16T05:00:56,22.9,1325,7941,0,8,100.00,881,14.0,281.5
2026-05-16T05:01:01,20.9,1324,7941,0,7,100.00,780,12.4,281.5
2026-05-16T05:01:06,24.0,1326,7941,0,7,100.00,916,14.5,281.5
2026-05-16T05:01:11,21.5,1329,7941,0,8,100.00,824,13.0,281.5
2026-05-16T05:01:17,22.0,1324,7941,1,7,100.00,793,13.2,281.5
2026-05-16T05:01:22,23.2,1330,7941,0,8,100.00,919,14.4,281.5
2026-05-16T05:01:27,22.2,1330,7941,0,8,100.00,845,13.5,281.5
2026-05-16T05:01:32,22.7,1324,7941,0,7,100.00,831,13.6,281.5
2026-05-16T05:01:38,22.6,1321,7941,0,7,100.00,935,13.6,281.5
2026-05-16T05:01:43,21.3,1325,7941,0,7,100.00,824,13.2,281.5
2026-05-16T05:01:48,20.3,1330,7941,0,7,100.00,870,12.4,281.5
2026-05-16T05:01:53,21.3,1334,7941,1,8,100.00,714,13.1,281.5
2026-05-16T05:01:59,20.3,1335,7941,0,9,100.00,847,12.3,281.5
2026-05-16T05:02:04,23.2,1323,7941,2,5,100.00,1000,14.2,281.5
2026-05-16T05:02:09,25.5,1304,7941,0,9,100.00,808,15.5,281.5
2026-05-16T05:02:14,23.0,1289,7941,0,9,100.00,727,14.1,281.5
2026-05-16T05:02:20,24.2,1299,7941,0,11,100.00,1010,14.7,281.5
2026-05-16T05:02:25,24.7,1296,7941,0,11,100.00,892,15.1,281.5
2026-05-16T05:02:30,23.6,1291,7941,1,9,100.00,699,14.6,281.5
2026-05-16T05:02:35,27.1,1300,7941,0,10,100.00,881,16.6,281.5
2026-05-16T05:02:41,23.5,1300,7941,1,9,100.00,824,14.4,281.5
2026-05-16T05:02:46,25.6,1294,7941,0,9,100.00,908,16.1,281.5
2026-05-16T05:02:51,23.2,1303,7941,0,9,100.00,942,14.1,281.5
2026-05-16T05:02:56,22.5,1295,7941,1,8,100.00,772,13.7,281.5
2026-05-16T05:03:02,27.3,1299,7941,0,9,100.00,948,17.1,281.5
2026-05-16T05:03:07,28.7,1288,7941,1,8,100.00,778,18.0,281.5
2026-05-16T05:03:12,23.4,1291,7941,0,8,100.00,916,14.5,281.5
2026-05-16T05:03:18,25.7,1300,7941,0,11,100.00,826,15.8,281.5
2026-05-16T05:03:23,33.1,1297,7941,0,11,100.00,823,20.8,281.5
2026-05-16T05:03:28,36.7,1302,7941,0,11,100.00,903,22.9,281.5
2026-05-16T05:03:34,39.4,1304,7941,0,11,100.00,940,24.1,281.9
2026-05-16T05:03:39,38.7,1298,7941,0,11,100.00,725,25.2,281.9
2026-05-16T05:03:45,36.8,1296,7941,1,10,100.00,878,23.0,281.9
2026-05-16T05:03:50,34.0,1298,7941,1,10,100.00,909,21.2,281.9
2026-05-16T05:03:56,38.1,1297,7941,0,11,100.00,810,24.3,281.9
2026-05-16T05:04:01,36.1,1294,7941,1,10,100.00,961,22.8,281.9
2026-05-16T05:04:07,38.5,1295,7941,0,11,100.00,822,25.6,281.9
2026-05-16T05:04:12,30.1,1274,7941,1,10,100.00,799,19.4,281.9
2026-05-16T05:04:18,23.6,1275,7941,0,10,100.00,894,14.1,281.9
2026-05-16T05:04:23,23.3,1271,7941,0,8,100.00,848,14.1,281.9
2026-05-16T05:04:28,24.7,1260,7941,1,7,100.00,807,14.8,281.9
2026-05-16T05:04:33,29.3,1272,7941,1,9,100.00,923,18.1,281.9
2026-05-16T05:04:39,35.2,1268,7941,1,9,100.00,822,21.9,281.9
2026-05-16T05:04:44,37.7,1276,7941,0,11,100.00,861,23.9,281.9
2026-05-16T05:04:50,36.0,1268,7941,2,9,100.00,830,22.9,281.9
2026-05-16T05:04:55,36.5,1272,7941,1,10,100.00,896,23.2,281.9
2026-05-16T05:05:00,35.4,1271,7941,0,10,100.00,898,23.1,281.9
2026-05-16T05:05:06,40.6,1278,7941,0,11,100.00,584,27.3,281.9
2026-05-16T05:05:11,40.9,1276,7941,0,11,100.00,862,26.4,281.9
2026-05-16T05:05:17,39.5,1268,7941,0,11,100.00,831,25.4,281.9
2026-05-16T05:05:22,39.1,1280,7941,0,11,100.00,872,25.9,281.9
2026-05-16T05:05:28,41.5,1272,7941,2,9,100.00,862,26.2,281.9
2026-05-16T05:05:33,38.5,1274,7941,0,11,100.00,841,24.4,281.9
2026-05-16T05:05:39,41.1,1275,7941,0,11,100.00,893,26.6,281.9
2026-05-16T05:05:44,37.3,1273,7941,0,11,100.00,850,23.5,281.9
2026-05-16T05:05:50,34.0,1279,7941,1,10,100.00,870,21.6,281.9
2026-05-16T05:05:55,37.4,1273,7941,1,10,100.00,897,23.2,281.9
2026-05-16T05:06:01,33.8,1267,7941,0,11,100.00,857,21.2,281.9
2026-05-16T05:06:06,42.1,1270,7941,0,11,100.00,764,27.6,281.9
2026-05-16T05:06:12,35.6,1272,7941,0,11,100.00,845,22.2,281.9
2026-05-16T05:06:17,35.8,1266,7941,1,9,100.00,886,21.8,281.9
2026-05-16T05:06:22,37.2,1266,7941,0,10,100.00,848,23.2,281.9
2026-05-16T05:06:28,35.3,1273,7941,0,10,100.00,805,21.8,281.9
2026-05-16T05:06:33,40.2,1274,7941,0,11,100.00,837,25.6,281.9
2026-05-16T05:06:39,38.1,1276,7941,0,11,100.00,889,23.8,281.9
2026-05-16T05:06:44,36.6,1271,7941,0,10,100.00,830,22.7,281.9
2026-05-16T05:06:49,35.1,1271,7941,0,10,100.00,875,21.3,281.9
2026-05-16T05:06:55,37.9,1276,7941,1,10,100.00,890,23.4,281.9
2026-05-16T05:07:00,34.7,1277,7941,0,11,100.00,825,21.6,281.9
2026-05-16T05:07:05,40.6,1275,7941,0,11,100.00,921,25.2,281.9
2026-05-16T05:07:11,37.6,1276,7941,0,11,100.00,816,23.8,281.9
2026-05-16T05:07:16,33.2,1275,7941,0,11,100.00,800,20.6,281.9
2026-05-16T05:07:22,36.8,1272,7941,0,11,100.00,938,23.4,281.9
2026-05-16T05:07:27,34.9,1270,7941,0,11,100.00,847,21.6,281.9
2026-05-16T05:07:33,34.6,1266,7941,0,10,100.00,864,21.8,281.9
2026-05-16T05:07:38,35.2,1268,7941,0,10,100.00,879,21.3,281.9
2026-05-16T05:07:43,32.6,1272,7941,0,10,100.00,779,20.6,281.9
2026-05-16T05:07:49,30.0,1273,7941,1,9,100.00,915,18.0,281.9
2026-05-16T05:07:54,31.9,1269,7941,1,9,100.00,820,19.7,281.9
2026-05-16T05:07:59,28.5,1277,7941,0,10,100.00,820,17.6,281.9
2026-05-16T05:08:04,36.3,1271,7941,0,11,100.00,881,22.1,281.9
2026-05-16T05:08:10,33.5,1274,7941,1,10,100.00,849,21.0,281.9
2026-05-16T05:08:15,29.1,1276,7941,0,9,100.00,895,17.7,281.9
2026-05-16T05:08:20,31.8,1272,7941,0,9,100.00,824,19.3,281.9
2026-05-16T05:08:26,30.2,1265,7941,1,9,100.00,894,18.1,281.9
2026-05-16T05:08:31,31.3,1271,7941,0,9,100.00,892,19.1,281.9
2026-05-16T05:08:36,31.9,1273,7941,0,10,100.00,781,19.8,281.9
2026-05-16T05:08:42,32.4,1270,7941,0,10,100.00,878,20.3,281.9
2026-05-16T05:08:47,30.0,1279,7941,0,10,100.00,865,18.0,281.9
2026-05-16T05:08:52,29.5,1272,7941,1,8,100.00,796,18.5,281.9
2026-05-16T05:08:58,30.5,1271,7941,0,10,100.00,998,18.4,281.9
2026-05-16T05:09:03,33.5,1274,7941,0,11,100.00,752,22.8,281.9
2026-05-16T05:09:09,39.6,1270,7941,0,11,100.00,722,26.9,281.9
2026-05-16T05:09:14,33.3,1273,7941,0,11,100.00,896,20.6,281.9
2026-05-16T05:09:19,31.2,1270,7941,0,9,100.00,916,19.4,281.9
2026-05-16T05:09:25,34.3,1272,7941,0,10,100.00,809,21.2,281.9
2026-05-16T05:09:30,33.8,1274,7941,0,10,100.00,910,20.8,281.9
2026-05-16T05:09:35,35.6,1277,7941,0,11,100.00,790,21.6,281.9
2026-05-16T05:09:41,31.4,1276,7941,0,11,100.00,883,19.0,281.9
2026-05-16T05:09:46,27.3,1274,7941,0,10,100.00,888,16.7,281.9
2026-05-16T05:09:51,28.9,1263,7941,1,7,100.00,849,17.2,281.9
2026-05-16T05:09:57,30.3,1265,7941,0,8,100.00,899,18.1,281.9
2026-05-16T05:10:02,29.7,1270,7941,0,11,100.00,851,19.9,281.9
2026-05-16T05:10:08,41.4,1269,7941,1,10,100.00,729,28.0,281.9
2026-05-16T05:10:13,33.8,1280,7941,0,11,100.00,889,20.5,281.9
2026-05-16T05:10:18,29.5,1274,7941,1,10,100.00,857,17.6,281.9
2026-05-16T05:10:24,33.9,1267,7941,1,10,100.00,876,20.6,281.9
2026-05-16T05:10:29,27.3,1271,7941,0,11,100.00,879,16.7,281.9
2026-05-16T05:10:34,24.3,1270,7941,1,10,100.00,779,14.6,281.9
2026-05-16T05:10:40,26.2,1262,7941,0,9,100.00,877,16.1,281.9
2026-05-16T05:10:45,22.2,1269,7941,0,9,100.00,817,13.4,281.9
2026-05-16T05:10:50,24.4,1268,7941,0,8,100.00,893,15.2,281.9
2026-05-16T05:10:55,24.2,1267,7941,0,9,100.00,885,14.6,281.9
2026-05-16T05:11:01,22.1,1268,7941,0,9,100.00,778,13.6,281.9
2026-05-16T05:11:06,28.2,1266,7941,2,6,100.00,994,17.2,281.9
2026-05-16T05:11:11,23.1,1265,7941,0,8,100.00,759,14.7,281.9
2026-05-16T05:11:17,24.9,1265,7941,0,7,100.00,895,15.2,281.9
2026-05-16T05:11:22,25.3,1275,7941,0,9,100.00,838,15.5,281.9
2026-05-16T05:11:27,22.8,1275,7941,1,8,100.00,799,14.0,281.9
2026-05-16T05:11:32,26.3,1272,7941,0,8,100.00,931,15.9,281.9
2026-05-16T05:11:38,23.4,1275,7941,0,8,100.00,855,14.3,281.9
2026-05-16T05:11:43,23.6,1270,7941,0,9,100.00,762,14.5,281.9
2026-05-16T05:11:48,24.1,1266,7941,0,9,100.00,926,14.9,281.9
2026-05-16T05:11:53,21.3,1267,7941,0,8,100.00,720,13.0,281.9
2026-05-16T05:11:59,22.6,1267,7941,1,6,100.00,1019,13.7,281.9
2026-05-16T05:12:04,27.1,1274,7941,0,8,100.00,800,17.0,281.9
2026-05-16T05:12:09,22.5,1272,7941,1,7,100.00,783,13.8,281.9
2026-05-16T05:12:14,25.8,1271,7941,1,9,100.00,914,15.6,281.9
2026-05-16T05:12:20,24.2,1276,7941,0,10,100.00,840,15.0,281.9
2026-05-16T05:12:25,24.2,1265,7941,1,8,100.00,762,14.4,281.9
2026-05-16T05:12:30,26.4,1271,7941,0,9,100.00,987,16.1,281.9
2026-05-16T05:12:35,24.2,1268,7941,0,9,100.00,739,14.8,281.9
2026-05-16T05:12:41,23.9,1281,7941,0,9,100.00,873,14.4,281.9
2026-05-16T05:12:46,24.1,1278,7941,0,9,100.00,866,14.4,281.9
2026-05-16T05:12:51,22.5,1266,7941,0,8,100.00,885,13.5,281.9
2026-05-16T05:12:56,24.4,1265,7941,0,8,100.00,884,14.6,281.9
2026-05-16T05:13:02,26.0,1269,7941,0,11,100.00,837,16.7,281.9
2026-05-16T05:13:07,26.4,1270,7941,0,11,100.00,801,16.1,281.9
2026-05-16T05:13:12,24.3,1265,7941,0,8,100.00,918,14.7,281.9
2026-05-16T05:13:18,21.8,1260,7941,0,7,100.00,806,12.9,281.9
2026-05-16T05:13:23,25.5,1264,7941,0,7,100.00,881,15.6,281.9
2026-05-16T05:13:28,25.1,1271,7941,0,9,100.00,846,15.1,281.9
2026-05-16T05:13:33,26.1,1267,7941,0,9,100.00,821,16.1,281.9
2026-05-16T05:13:39,25.3,1265,7941,0,9,100.00,939,15.2,281.9
2026-05-16T05:13:44,24.4,1263,7941,0,8,100.00,760,14.8,281.9
2026-05-16T05:13:49,23.5,1272,7941,0,9,100.00,880,14.2,281.9
2026-05-16T05:13:54,22.9,1265,7941,0,10,100.00,807,13.8,281.9
2026-05-16T05:14:00,24.0,1278,7941,1,9,100.00,790,15.3,281.9
2026-05-16T05:14:05,27.4,1272,7941,0,9,100.00,996,16.4,281.9
2026-05-16T05:14:10,24.1,1268,7941,1,8,100.00,723,15.0,281.9
2026-05-16T05:14:16,23.7,1274,7941,0,8,100.00,857,14.4,281.9
2026-05-16T05:14:21,23.7,1271,7941,1,7,100.00,886,14.5,281.9
2026-05-16T05:14:26,23.6,1263,7941,0,8,100.00,922,14.4,281.9
2026-05-16T05:14:31,24.1,1265,7941,1,6,100.00,767,14.8,281.9
2026-05-16T05:14:37,23.8,1262,7941,1,7,100.00,816,14.2,281.9
2026-05-16T05:14:42,24.1,1267,7941,0,8,100.00,896,14.8,281.9
2026-05-16T05:14:47,24.9,1266,7941,0,10,100.00,858,15.0,281.9
2026-05-16T05:14:52,22.3,1273,7941,0,10,100.00,814,13.4,281.9
2026-05-16T05:14:58,23.9,1268,7941,0,8,100.00,911,14.2,281.9
2026-05-16T05:15:03,28.5,1272,7941,3,8,100.00,909,19.1,281.9
2026-05-16T05:15:09,35.8,1267,7941,0,11,100.00,754,23.8,281.9
2026-05-16T05:15:14,25.6,1269,7941,0,10,100.00,927,15.5,281.9
2026-05-16T05:15:19,23.3,1261,7941,2,6,100.00,863,14.2,281.9
2026-05-16T05:15:24,25.7,1264,7941,0,8,100.00,843,15.8,281.9
2026-05-16T05:15:30,25.7,1271,7941,0,8,100.00,817,16.1,281.9
2026-05-16T05:15:35,26.6,1272,7941,0,8,100.00,865,16.4,281.9
2026-05-16T05:15:40,25.4,1265,7941,0,8,100.00,840,15.8,281.9
2026-05-16T05:15:46,25.6,1260,7941,0,8,100.00,805,15.7,281.9
2026-05-16T05:15:51,26.5,1268,7941,0,9,100.00,876,16.2,281.9
2026-05-16T05:15:56,26.3,1263,7941,0,9,100.00,869,16.1,281.9
2026-05-16T05:16:01,24.8,1266,7941,0,9,100.00,898,15.2,281.9
2026-05-16T05:16:07,28.5,1265,7941,0,8,100.00,766,17.5,281.9
2026-05-16T05:16:12,25.2,1264,7941,1,7,100.00,982,15.3,281.9
2026-05-16T05:16:17,26.9,1263,7941,0,7,100.00,809,16.3,281.9
2026-05-16T05:16:22,25.0,1268,7941,0,8,100.00,753,15.3,281.9
2026-05-16T05:16:28,23.9,1265,7941,0,8,100.00,942,14.6,281.9
2026-05-16T05:16:33,26.4,1275,7941,0,10,100.00,867,16.4,281.9
2026-05-16T05:16:38,25.0,1267,7941,1,7,100.00,851,15.3,281.9
2026-05-16T05:16:43,23.3,1266,7941,0,8,100.00,793,14.1,281.9
2026-05-16T05:16:49,26.0,1269,7941,0,8,100.00,914,15.8,281.9
2026-05-16T05:16:54,25.8,1276,7941,1,6,100.00,773,15.7,281.9
2026-05-16T05:16:59,23.0,1270,7941,0,8,100.00,816,14.1,281.9
2026-05-16T05:17:05,30.5,1269,7941,0,9,100.00,949,18.4,281.9
2026-05-16T05:17:10,29.2,1273,7941,0,9,100.00,755,17.5,281.9
2026-05-16T05:17:15,27.8,1270,7941,1,8,100.00,860,17.1,281.9
2026-05-16T05:17:20,27.9,1266,7941,0,8,100.00,890,16.9,281.9
2026-05-16T05:17:26,32.5,1268,7941,0,9,100.00,841,19.8,281.9
2026-05-16T05:17:31,31.5,1270,7941,0,9,100.00,952,19.2,281.9
2026-05-16T05:17:36,29.9,1265,7941,0,9,100.00,873,18.1,281.9
2026-05-16T05:17:42,30.9,1277,7941,1,8,100.00,836,19.2,281.9
2026-05-16T05:17:47,28.3,1271,7941,0,9,100.00,781,17.2,281.9
2026-05-16T05:17:52,25.5,1275,7941,0,9,100.00,915,15.7,281.9
2026-05-16T05:17:58,27.7,1275,7941,0,9,100.00,861,16.6,281.9
2026-05-16T05:18:03,30.0,1273,7941,1,9,100.00,814,19.2,281.9
2026-05-16T05:18:08,28.4,1277,7941,1,9,100.00,815,17.6,281.9
2026-05-16T05:18:13,28.4,1274,7941,0,10,100.00,885,17.1,281.9
2026-05-16T05:18:19,28.2,1261,7941,0,7,100.00,873,17.3,281.9
2026-05-16T05:18:24,30.9,1275,7941,0,10,100.00,894,19.1,281.9
2026-05-16T05:18:29,28.6,1278,7941,0,10,100.00,830,17.8,281.9
2026-05-16T05:18:35,29.5,1279,7941,0,10,100.00,818,18.4,281.9
2026-05-16T05:18:40,29.0,1269,7941,0,8,100.00,906,17.8,281.9
2026-05-16T05:18:45,29.1,1275,7941,0,8,100.00,894,17.8,281.9
2026-05-16T05:18:51,29.1,1271,7941,0,8,100.00,835,17.8,281.9
2026-05-16T05:18:56,30.6,1280,7941,0,11,100.00,828,18.9,281.9
2026-05-16T05:19:01,27.0,1266,7941,0,9,100.00,875,17.0,281.9
2026-05-16T05:19:07,35.7,1271,7941,0,11,100.00,817,23.5,281.9
2026-05-16T05:19:12,27.0,1275,7941,0,11,100.00,898,16.8,281.9
2026-05-16T05:19:17,27.8,1268,7941,0,9,100.00,877,17.1,281.9
2026-05-16T05:19:22,28.6,1266,7941,0,9,100.00,863,17.8,281.9
2026-05-16T05:19:28,27.4,1267,7941,0,8,100.00,792,16.8,282.0
2026-05-16T05:19:33,27.4,1272,7941,0,8,100.00,857,17.2,282.0
2026-05-16T05:19:38,28.9,1268,7941,1,7,100.00,932,18.2,282.0
2026-05-16T05:19:44,29.1,1275,7941,0,10,100.00,784,18.0,282.0
2026-05-16T05:19:49,26.4,1267,7941,1,8,100.00,947,15.8,282.0
2026-05-16T05:19:54,28.3,1269,7941,0,9,100.00,824,17.2,282.0
2026-05-16T05:20:00,27.8,1267,7941,1,8,100.00,865,17.1,282.0
2026-05-16T05:20:05,37.4,1276,7941,0,11,100.00,764,25.1,282.0
2026-05-16T05:20:10,37.8,1277,7941,0,11,100.00,891,23.9,282.0
2026-05-16T05:20:16,37.0,1278,7941,0,11,100.00,795,22.6,282.0
2026-05-16T05:20:21,32.4,1271,7941,1,9,100.00,886,20.0,282.0
2026-05-16T05:20:27,32.4,1269,7941,0,9,100.00,879,20.2,282.0
2026-05-16T05:20:32,30.7,1267,7941,0,9,100.00,839,18.7,282.0
2026-05-16T05:20:37,30.3,1276,7941,0,9,100.00,959,18.2,282.0
2026-05-16T05:20:43,32.7,1278,7941,1,9,100.00,717,20.4,282.0
2026-05-16T05:20:48,30.1,1271,7941,1,8,100.00,879,18.4,282.0
2026-05-16T05:20:53,33.7,1278,7941,0,9,100.00,890,21.1,282.0
2026-05-16T05:20:59,30.1,1276,7941,0,10,100.00,750,18.4,282.0
2026-05-16T05:21:04,32.5,1279,7941,0,11,100.00,962,19.7,282.0
2026-05-16T05:21:09,31.6,1285,7941,0,11,100.00,890,19.7,282.0
2026-05-16T05:21:15,27.1,1277,7941,0,9,100.00,789,16.5,282.0
2026-05-16T05:21:20,27.4,1280,7941,0,9,100.00,892,16.7,282.0
2026-05-16T05:21:25,27.0,1278,7941,1,8,100.00,828,16.2,282.0
2026-05-16T05:21:31,26.0,1275,7941,0,9,100.00,894,16.0,282.0
2026-05-16T05:21:36,30.4,1277,7941,0,11,100.00,755,18.1,282.0
2026-05-16T05:21:41,29.3,1283,7941,0,10,100.00,911,18.3,282.0
2026-05-16T05:21:46,28.6,1273,7941,1,8,100.00,920,17.3,282.0
2026-05-16T05:21:52,28.4,1279,7941,0,9,100.00,816,17.6,282.0
2026-05-16T05:21:57,26.7,1276,7941,0,9,100.00,932,16.1,282.0
2026-05-16T05:22:02,30.0,1286,7941,1,10,100.00,826,18.9,282.0
2026-05-16T05:22:08,31.1,1286,7941,1,10,100.00,806,19.1,282.0
2026-05-16T05:22:13,28.3,1276,7941,0,9,100.00,829,17.2,282.0
2026-05-16T05:22:18,28.7,1280,7941,0,10,100.00,911,17.1,282.0
2026-05-16T05:22:24,29.9,1282,7941,1,9,100.00,862,18.6,282.0
2026-05-16T05:22:29,29.6,1278,7941,0,9,100.00,880,17.9,282.0
2026-05-16T05:22:34,29.6,1280,7941,0,9,100.00,794,18.4,282.0
2026-05-16T05:22:40,29.8,1271,7941,0,9,100.00,873,18.6,282.0
2026-05-16T05:22:45,27.1,1274,7941,0,9,100.00,863,16.4,282.0
2026-05-16T05:22:50,28.2,1282,7941,0,10,100.00,819,17.7,282.0
2026-05-16T05:22:55,29.3,1279,7941,1,7,100.00,892,17.8,282.0
2026-05-16T05:23:01,26.9,1279,7941,0,9,100.00,839,16.2,282.0
2026-05-16T05:23:06,31.8,1280,7941,0,11,100.00,895,19.6,282.0
2026-05-16T05:23:11,27.8,1283,7941,0,11,100.00,803,17.0,282.0
2026-05-16T05:23:17,26.1,1275,7941,0,9,100.00,869,16.0,282.0
2026-05-16T05:23:22,25.2,1278,7941,1,7,100.00,838,15.4,282.0
2026-05-16T05:23:27,25.7,1269,7941,0,7,100.00,943,15.6,282.0
2026-05-16T05:23:32,25.4,1266,7941,0,7,100.00,749,15.3,282.0
2026-05-16T05:23:38,25.3,1273,7941,0,7,100.00,910,15.8,282.0
2026-05-16T05:23:43,24.2,1274,7941,0,8,100.00,803,14.8,282.0
2026-05-16T05:23:48,23.7,1268,7941,0,8,100.00,802,14.1,282.0
2026-05-16T05:23:53,23.7,1270,7941,0,7,100.00,949,14.3,282.0
2026-05-16T05:23:59,23.4,1277,7941,0,10,100.00,835,13.9,282.0
2026-05-16T05:24:04,28.3,1277,7941,0,11,100.00,842,17.0,282.0
2026-05-16T05:24:09,26.1,1282,7941,0,11,100.00,794,16.2,282.0
2026-05-16T05:24:15,25.1,1275,7941,0,9,100.00,855,15.2,282.0
2026-05-16T05:24:20,25.7,1273,7941,1,8,100.00,837,15.8,282.0
2026-05-16T05:24:25,26.6,1274,7941,0,8,100.00,941,16.2,282.0
2026-05-16T05:24:30,25.0,1269,7941,1,8,100.00,810,15.3,282.0
2026-05-16T05:24:36,24.4,1265,7941,0,8,100.00,837,14.6,282.0
2026-05-16T05:24:41,24.4,1269,7941,0,10,100.00,884,14.6,282.0
2026-05-16T05:24:46,24.6,1268,7941,0,10,100.00,821,14.9,282.0
2026-05-16T05:24:51,24.5,1265,7941,0,9,100.00,852,14.9,282.0
2026-05-16T05:24:57,24.4,1265,7941,1,7,100.00,865,14.9,282.0
2026-05-16T05:25:02,27.4,1278,7941,1,10,100.00,938,18.1,282.0
2026-05-16T05:25:08,36.3,1272,7941,0,11,100.00,790,24.0,282.0
2026-05-16T05:25:13,24.7,1278,7941,0,11,100.00,846,15.0,282.0
2026-05-16T05:25:18,23.8,1267,7941,0,9,100.00,881,14.4,282.0
2026-05-16T05:25:24,25.5,1268,7941,0,8,100.00,874,15.5,282.0
2026-05-16T05:25:29,24.7,1266,7941,1,7,100.00,850,14.9,282.0
2026-05-16T05:25:34,26.3,1276,7941,1,10,100.00,837,16.0,282.0
2026-05-16T05:25:39,25.2,1277,7941,0,11,100.00,897,15.5,282.0
2026-05-16T05:25:45,25.0,1263,7941,1,8,100.00,740,15.0,282.0
2026-05-16T05:25:50,25.3,1266,7941,0,9,100.00,871,15.4,282.0
2026-05-16T05:25:55,25.1,1274,7941,0,9,100.00,838,15.0,282.0
2026-05-16T05:26:00,24.4,1282,7941,0,9,100.00,916,14.9,282.0
2026-05-16T05:26:06,30.8,1286,7941,0,10,100.00,816,18.9,282.0
2026-05-16T05:26:11,25.9,1279,7941,0,10,100.00,816,16.4,282.0
2026-05-16T05:26:16,26.9,1261,7941,0,8,100.00,988,16.4,282.0
2026-05-16T05:26:22,26.7,1264,7941,0,8,100.00,845,16.0,282.0
2026-05-16T05:26:27,25.1,1269,7941,0,8,100.00,682,15.3,282.0
2026-05-16T05:26:32,26.3,1268,7941,0,8,100.00,946,16.3,282.0
2026-05-16T05:26:37,25.2,1267,7941,1,8,100.00,884,15.4,282.0
2026-05-16T05:26:43,25.0,1273,7941,1,8,100.00,797,15.2,282.0
2026-05-16T05:26:48,24.9,1263,7941,0,7,100.00,883,15.2,282.0
2026-05-16T05:26:53,23.9,1268,7941,1,8,100.00,854,14.6,282.0
2026-05-16T05:26:58,22.4,1275,7941,1,8,100.00,826,13.9,282.0
2026-05-16T05:27:04,28.7,1273,7941,1,10,100.00,909,17.8,282.0
2026-05-16T05:27:09,23.1,1280,7941,0,11,100.00,746,14.0,282.0
2026-05-16T05:27:14,24.0,1276,7941,0,9,100.00,876,14.6,282.0
2026-05-16T05:27:19,25.0,1269,7941,1,8,100.00,904,15.3,282.0
2026-05-16T05:27:25,25.9,1271,7941,0,9,100.00,643,15.6,282.0
2026-05-16T05:27:30,26.1,1270,7941,0,9,100.00,1003,16.4,282.0
2026-05-16T05:27:35,26.8,1272,7941,0,8,100.00,870,16.2,282.0
2026-05-16T05:27:40,24.9,1262,7941,0,7,100.00,879,15.5,282.0
2026-05-16T05:27:46,28.0,1269,7941,0,10,100.00,909,17.2,282.0
2026-05-16T05:27:51,25.0,1277,7941,0,10,100.00,756,15.7,282.0
2026-05-16T05:27:56,24.6,1267,7941,0,7,100.00,902,14.8,282.0
2026-05-16T05:28:02,26.1,1270,7941,0,9,100.00,890,16.2,282.0
2026-05-16T05:28:07,24.4,1265,7941,0,9,100.00,818,14.6,282.0
2026-05-16T05:28:12,23.1,1263,7941,1,7,100.00,751,13.9,282.0
2026-05-16T05:28:18,24.9,1266,7941,0,8,100.00,913,14.6,282.0
2026-05-16T05:28:23,24.3,1268,7941,0,8,100.00,776,14.3,282.0
2026-05-16T05:28:28,25.2,1263,7941,0,7,100.00,1027,15.2,282.0
2026-05-16T05:28:33,24.2,1261,7941,1,6,100.00,809,14.4,282.0
2026-05-16T05:28:39,23.9,1263,7941,1,6,100.00,808,14.8,282.0
2026-05-16T05:28:44,28.2,1280,7941,0,11,100.00,866,17.4,282.0
2026-05-16T05:28:49,23.8,1278,7941,0,11,100.00,795,14.3,282.0
2026-05-16T05:28:54,28.3,1269,7941,0,10,100.00,855,17.0,282.0
2026-05-16T05:29:00,30.2,1278,7941,1,9,100.00,880,18.8,282.0
2026-05-16T05:29:05,35.0,1277,7941,0,11,100.00,946,21.9,282.0
2026-05-16T05:29:10,30.2,1278,7941,0,11,100.00,832,18.1,282.0
2026-05-16T05:29:16,26.5,1267,7941,1,8,100.00,838,15.7,282.0
2026-05-16T05:29:21,28.9,1269,7941,0,8,100.00,844,18.0,282.0
2026-05-16T05:29:26,29.5,1271,7941,0,9,100.00,862,17.9,282.0
2026-05-16T05:29:32,29.2,1272,7941,0,9,100.00,914,18.0,282.0
2026-05-16T05:29:37,31.0,1266,7941,0,10,100.00,796,18.8,282.0
2026-05-16T05:29:42,30.8,1269,7941,1,8,100.00,862,19.0,282.0
2026-05-16T05:29:47,29.6,1274,7941,0,10,100.00,838,18.1,282.0
2026-05-16T05:29:53,28.8,1278,7941,0,10,100.00,844,17.9,282.0
2026-05-16T05:29:58,28.3,1270,7941,0,8,100.00,856,17.5,282.0
2026-05-16T05:30:03,35.9,1268,7941,0,11,100.00,898,23.8,282.0
2026-05-16T05:30:09,42.5,1272,7941,1,10,100.00,727,26.5,282.0
2026-05-16T05:30:14,34.9,1272,7941,0,11,100.00,851,21.1,282.0
2026-05-16T05:30:20,31.6,1264,7941,0,9,100.00,825,19.4,282.0
2026-05-16T05:30:25,33.3,1269,7941,0,10,100.00,909,20.0,282.0
2026-05-16T05:30:30,28.7,1273,7941,2,8,100.00,853,17.8,282.0
2026-05-16T05:30:36,28.1,1267,7941,0,9,100.00,842,16.8,282.0
2026-05-16T05:30:41,31.7,1265,7941,0,10,100.00,908,20.2,282.0
2026-05-16T05:30:46,27.2,1270,7941,0,10,100.00,818,16.5,282.0
2026-05-16T05:30:52,30.8,1272,7941,0,9,100.00,888,18.9,282.0
2026-05-16T05:30:57,29.0,1278,7941,0,9,100.00,873,17.6,282.0
2026-05-16T05:31:02,28.7,1281,7941,0,10,100.00,857,18.2,282.0
2026-05-16T05:31:08,32.7,1270,7941,1,9,100.00,834,20.0,282.0
2026-05-16T05:31:13,27.5,1264,7941,0,9,100.00,875,16.4,282.0
2026-05-16T05:31:18,27.9,1258,7941,0,8,100.00,800,16.7,282.0
2026-05-16T05:31:24,29.9,1268,7941,0,9,100.00,928,18.4,282.0
2026-05-16T05:31:29,27.4,1264,7941,0,9,100.00,806,16.9,282.0
2026-05-16T05:31:34,30.0,1266,7941,1,9,100.00,834,18.1,282.0
2026-05-16T05:31:39,27.1,1279,7941,0,10,100.00,783,16.6,282.0
2026-05-16T05:31:45,27.4,1266,7941,0,8,100.00,945,16.8,282.0
2026-05-16T05:31:50,25.7,1269,7941,0,8,100.00,866,15.6,282.0
2026-05-16T05:31:55,30.7,1274,7941,0,9,100.00,864,19.2,282.0
2026-05-16T05:32:01,27.1,1267,7941,1,8,100.00,904,17.0,282.0
2026-05-16T05:32:06,33.5,1269,7941,1,10,100.00,854,20.4,282.0
2026-05-16T05:32:11,28.3,1273,7941,0,11,100.00,797,17.4,282.0
2026-05-16T05:32:17,29.0,1271,7941,0,10,100.00,821,17.8,282.0
2026-05-16T05:32:22,28.8,1261,7941,0,8,100.00,944,17.6,282.0
2026-05-16T05:32:27,29.3,1270,7941,0,10,100.00,791,17.7,282.0
2026-05-16T05:32:32,29.7,1270,7941,0,10,100.00,910,18.1,282.0
2026-05-16T05:32:38,30.2,1267,7941,0,9,100.00,775,18.4,282.0
2026-05-16T05:32:43,29.9,1272,7941,0,9,100.00,889,18.4,282.0
2026-05-16T05:32:48,27.8,1276,7941,0,9,100.00,797,17.2,282.0
2026-05-16T05:32:54,28.2,1277,7941,1,8,100.00,928,17.5,282.0
2026-05-16T05:32:59,28.9,1267,7941,0,8,100.00,870,17.4,282.0
2026-05-16T05:33:04,36.4,1272,7941,0,11,100.00,861,22.1,282.0
2026-05-16T05:33:10,32.1,1281,7941,1,10,100.00,912,20.2,282.0
2026-05-16T05:33:15,30.3,1275,7941,0,11,100.00,823,18.5,282.0
2026-05-16T05:33:20,29.5,1270,7941,0,9,100.00,905,18.1,282.0
2026-05-16T05:33:26,31.8,1271,7941,0,11,100.00,785,19.8,282.0
2026-05-16T05:33:31,29.3,1275,7941,0,10,100.00,791,18.3,282.0
2026-05-16T05:33:36,29.4,1270,7941,0,10,100.00,871,17.3,282.0
2026-05-16T05:33:42,28.8,1265,7941,0,9,100.00,915,17.3,282.0
2026-05-16T05:33:47,30.0,1266,7941,0,9,100.00,854,18.9,282.0
2026-05-16T05:33:52,27.4,1270,7941,1,9,100.00,834,16.5,282.0
2026-05-16T05:33:57,25.2,1278,7941,0,10,100.00,859,15.4,282.0
2026-05-16T05:34:03,31.9,1276,7941,0,10,100.00,834,20.2,282.0
2026-05-16T05:34:08,32.2,1274,7941,0,10,100.00,880,19.8,282.0
2026-05-16T05:34:13,24.1,1277,7941,0,10,100.00,727,14.6,282.0
2026-05-16T05:34:19,25.2,1270,7941,0,8,100.00,931,14.9,282.0
2026-05-16T05:34:24,26.8,1270,7941,0,8,100.00,905,15.7,282.0
2026-05-16T05:34:29,22.9,1275,7941,0,8,100.00,773,14.1,282.0
2026-05-16T05:34:35,26.9,1276,7941,0,10,100.00,956,16.6,282.0
2026-05-16T05:34:40,23.7,1273,7941,0,10,100.00,764,14.5,282.0
2026-05-16T05:34:45,23.6,1269,7941,0,9,100.00,863,14.2,282.0
2026-05-16T05:34:50,23.1,1272,7941,0,8,100.00,871,13.9,282.0
2026-05-16T05:34:56,22.8,1278,7941,0,8,100.00,832,13.8,282.0
2026-05-16T05:35:01,25.7,1275,7941,1,8,100.00,969,16.0,282.0
2026-05-16T05:35:06,36.5,1272,7941,0,11,100.00,780,24.0,282.0
2026-05-16T05:35:12,24.1,1269,7941,1,10,100.00,732,15.2,282.0
2026-05-16T05:35:17,25.3,1269,7941,1,7,100.00,943,15.7,282.0
2026-05-16T05:35:22,28.0,1266,7941,0,8,100.00,919,17.3,282.0
2026-05-16T05:35:28,25.4,1264,7941,0,8,100.00,773,15.8,282.0
2026-05-16T05:35:33,27.8,1269,7941,0,8,100.00,891,16.6,282.0
2026-05-16T05:35:38,25.0,1270,7941,0,8,100.00,886,15.0,282.0
2026-05-16T05:35:43,26.0,1265,7941,0,7,100.00,796,16.0,282.0
2026-05-16T05:35:49,26.5,1266,7941,0,8,100.00,876,16.3,282.0
2026-05-16T05:35:54,24.2,1269,7941,1,7,100.00,785,14.3,282.0
2026-05-16T05:35:59,25.2,1268,7941,0,8,100.00,904,15.8,282.0
2026-05-16T05:36:04,30.1,1280,7941,0,11,100.00,852,18.9,282.0
2026-05-16T05:36:10,24.2,1284,7941,0,11,100.00,685,15.2,282.0
2026-05-16T05:36:15,25.8,1276,7941,0,8,100.00,945,16.0,282.0
2026-05-16T05:36:20,24.7,1273,7941,0,8,100.00,869,15.5,282.0
2026-05-16T05:36:25,25.1,1275,7941,0,8,100.00,909,15.2,282.0
2026-05-16T05:36:31,24.1,1275,7941,0,8,100.00,807,14.9,282.0
2026-05-16T05:36:36,25.1,1262,7941,0,8,100.00,845,15.2,282.0
2026-05-16T05:36:41,26.0,1266,7941,0,8,100.00,833,16.0,282.0
2026-05-16T05:36:46,26.0,1265,7941,0,8,100.00,871,16.1,282.0
2026-05-16T05:36:52,24.1,1267,7941,0,7,100.00,823,15.2,282.0
2026-05-16T05:36:57,24.9,1262,7941,0,8,100.00,869,15.0,282.0
2026-05-16T05:37:02,25.2,1269,7941,0,8,100.00,846,15.4,282.0
2026-05-16T05:37:08,26.6,1268,7941,0,10,100.00,842,16.3,282.0
2026-05-16T05:37:13,24.8,1267,7941,0,10,100.00,812,15.5,282.0
2026-05-16T05:37:18,23.4,1262,7941,0,7,100.00,935,13.9,282.0
2026-05-16T05:37:23,24.7,1269,7941,0,8,100.00,889,14.8,282.0
2026-05-16T05:37:29,24.9,1272,7941,2,6,100.00,792,15.6,282.0
2026-05-16T05:37:34,26.5,1271,7941,0,8,100.00,903,16.0,282.0
2026-05-16T05:37:39,23.0,1273,7941,0,8,100.00,840,13.9,282.0
2026-05-16T05:37:44,26.5,1265,7941,2,6,100.00,849,16.1,282.0
2026-05-16T05:37:50,24.5,1275,7941,0,10,100.00,861,15.0,282.0
2026-05-16T05:37:55,23.7,1271,7941,0,10,100.00,872,14.3,282.0
2026-05-16T05:38:00,24.0,1268,7941,0,8,100.00,758,14.5,282.0
2026-05-16T05:38:05,27.8,1270,7941,1,8,100.00,923,17.1,282.0
2026-05-16T05:38:11,24.7,1269,7941,0,9,100.00,739,14.8,282.0
2026-05-16T05:38:16,24.3,1263,7941,0,7,100.00,980,14.6,282.0
2026-05-16T05:38:21,22.9,1270,7941,0,9,100.00,774,14.1,282.0
2026-05-16T05:38:27,24.5,1265,7941,0,9,100.00,887,14.5,282.0
2026-05-16T05:38:32,24.0,1262,7941,0,8,100.00,838,14.6,282.0
2026-05-16T05:38:37,23.1,1262,7941,1,6,100.00,852,14.1,282.0
2026-05-16T05:38:42,24.5,1265,7941,0,7,100.00,878,14.8,282.0
2026-05-16T05:38:48,23.8,1261,7941,0,7,100.00,830,14.1,282.0
2026-05-16T05:38:53,23.4,1269,7941,0,11,100.00,831,13.8,282.0
2026-05-16T05:38:58,24.1,1272,7941,0,11,100.00,846,14.6,282.0
2026-05-16T05:39:03,31.3,1273,7941,0,11,100.00,824,20.5,282.0
2026-05-16T05:39:09,34.0,1272,7941,1,10,100.00,865,20.9,282.0
2026-05-16T05:39:14,29.1,1271,7941,0,10,100.00,801,17.8,282.0
2026-05-16T05:39:20,27.5,1270,7941,0,9,100.00,900,16.9,282.0
2026-05-16T05:39:25,31.2,1273,7941,0,11,100.00,837,18.0,282.0
2026-05-16T05:39:30,27.6,1273,7941,0,11,100.00,831,17.0,282.0
2026-05-16T05:39:35,28.9,1267,7941,0,8,100.00,898,17.3,282.0
2026-05-16T05:39:41,29.8,1267,7941,1,7,100.00,921,18.3,282.0
2026-05-16T05:39:46,27.7,1268,7941,0,8,100.00,803,17.0,282.0
2026-05-16T05:39:51,28.4,1269,7941,0,8,100.00,900,17.3,282.0
2026-05-16T05:39:57,28.0,1268,7941,0,9,100.00,746,17.2,282.0
2026-05-16T05:40:02,29.8,1272,7941,2,8,100.00,983,19.1,282.0
2026-05-16T05:40:08,42.0,1272,7941,0,11,100.00,722,28.8,282.0
2026-05-16T05:40:13,35.1,1282,7941,1,10,100.00,865,22.0,282.0
2026-05-16T05:40:19,35.0,1275,7941,0,10,100.00,864,21.5,282.0
2026-05-16T05:40:24,38.5,1292,7941,0,11,100.00,847,24.4,282.0
2026-05-16T05:40:29,29.8,1309,7941,1,10,100.00,869,18.1,282.0
2026-05-16T05:40:35,29.7,1311,7941,1,8,100.00,892,17.9,282.0
2026-05-16T05:40:40,32.0,1302,7941,0,9,100.00,923,20.2,282.0
2026-05-16T05:40:45,28.3,1300,7941,0,9,100.00,770,17.1,282.0
2026-05-16T05:40:51,27.2,1302,7941,0,9,100.00,769,16.7,282.0
2026-05-16T05:40:56,29.8,1305,7941,0,9,100.00,989,18.3,282.0
2026-05-16T05:41:01,28.8,1306,7941,1,9,100.00,891,17.7,282.0
2026-05-16T05:41:07,35.2,1301,7941,0,11,100.00,875,22.9,282.0
2026-05-16T05:41:12,32.0,1296,7941,0,9,100.00,823,19.4,282.0
2026-05-16T05:41:17,28.5,1306,7941,1,9,100.00,799,17.4,282.0
2026-05-16T05:41:23,30.3,1303,7941,0,10,100.00,961,18.6,282.0
2026-05-16T05:41:28,29.2,1304,7941,0,10,100.00,769,17.9,282.0
2026-05-16T05:41:33,32.6,1305,7941,0,11,100.00,865,20.4,282.0
2026-05-16T05:41:38,29.5,1304,7941,0,11,100.00,775,18.1,282.0
2026-05-16T05:41:44,28.8,1301,7941,0,8,100.00,949,17.5,282.0
2026-05-16T05:41:49,27.8,1298,7941,0,8,100.00,885,17.2,282.0
2026-05-16T05:41:54,29.1,1297,7941,1,7,100.00,863,17.9,282.0
2026-05-16T05:42:00,25.8,1299,7941,1,8,100.00,801,15.7,282.0
2026-05-16T05:42:05,32.7,1305,7941,0,11,100.00,908,20.2,282.0
2026-05-16T05:42:10,29.4,1307,7941,0,11,100.00,758,18.4,282.0
2026-05-16T05:42:16,26.9,1300,7941,0,9,100.00,854,16.5,282.0
2026-05-16T05:42:21,23.2,1298,7941,0,8,100.00,908,14.2,282.0
2026-05-16T05:42:26,24.1,1298,7941,0,7,100.00,858,14.6,282.0
2026-05-16T05:42:31,23.0,1298,7941,1,6,100.00,869,14.4,282.0
2026-05-16T05:42:37,23.4,1295,7941,0,8,100.00,892,14.4,282.0
2026-05-16T05:42:42,22.9,1297,7941,0,8,100.00,764,13.9,282.0
2026-05-16T05:42:47,22.8,1297,7941,0,8,100.00,833,13.9,282.0
2026-05-16T05:42:52,22.2,1299,7941,0,7,100.00,862,13.4,282.0
2026-05-16T05:42:58,22.3,1296,7941,0,8,100.00,781,13.4,282.0
2026-05-16T05:43:03,23.9,1293,7941,0,7,100.00,937,14.7,282.0
2026-05-16T05:43:08,24.5,1299,7941,0,9,100.00,857,14.8,282.0
2026-05-16T05:43:13,21.8,1300,7941,0,9,100.00,812,13.2,282.0
2026-05-16T05:43:19,22.5,1295,7941,1,6,100.00,867,13.7,282.0
2026-05-16T05:43:24,24.3,1298,7941,0,8,100.00,853,14.8,282.0
2026-05-16T05:43:29,21.3,1297,7941,0,8,100.00,911,13.2,282.0
2026-05-16T05:43:34,24.4,1301,7941,2,6,100.00,815,14.4,282.0
2026-05-16T05:43:40,21.7,1285,7941,0,6,100.00,900,13.1,282.0
2026-05-16T05:43:45,23.7,1286,7941,0,8,100.00,771,14.5,282.0
2026-05-16T05:43:50,22.7,1288,7941,0,7,100.00,919,13.8,282.0
2026-05-16T05:43:55,22.7,1279,7941,0,7,100.00,833,13.7,282.0
2026-05-16T05:44:01,22.8,1287,7941,1,8,100.00,794,14.3,282.0
2026-05-16T05:44:06,25.0,1292,7941,0,9,100.00,922,15.2,282.0
2026-05-16T05:44:11,22.4,1285,7941,1,8,100.00,795,13.6,282.0
2026-05-16T05:44:16,26.1,1282,7941,0,8,100.00,967,15.7,282.0
2026-05-16T05:44:22,25.7,1293,7941,0,8,100.00,755,16.0,282.0
2026-05-16T05:44:27,26.8,1294,7941,0,8,100.00,900,16.2,282.0
2026-05-16T05:44:32,26.8,1289,7941,1,6,100.00,872,16.4,282.0
2026-05-16T05:44:38,28.3,1290,7941,0,8,100.00,835,17.5,282.0
2026-05-16T05:44:43,27.7,1289,7941,0,9,100.00,881,17.3,282.0
2026-05-16T05:44:48,25.5,1284,7941,0,9,100.00,817,15.5,282.0
2026-05-16T05:44:53,26.6,1284,7941,0,8,100.00,847,16.2,282.0
2026-05-16T05:44:59,26.4,1287,7941,0,9,100.00,831,15.9,282.0
2026-05-16T05:45:04,32.6,1295,7941,2,9,100.00,777,21.8,282.0
2026-05-16T05:45:09,30.6,1297,7941,1,10,100.00,844,19.2,282.0
2026-05-16T05:45:15,26.8,1296,7941,0,10,100.00,965,16.2,282.0
2026-05-16T05:45:20,26.4,1280,7941,1,7,100.00,809,16.4,282.0
2026-05-16T05:45:25,28.4,1288,7941,0,9,100.00,826,17.2,282.0
2026-05-16T05:45:31,26.5,1287,7941,1,8,100.00,829,16.5,282.0
2026-05-16T05:45:36,27.8,1284,7941,0,9,100.00,940,16.8,282.0
2026-05-16T05:45:41,23.7,1279,7941,0,9,100.00,860,14.4,282.0
2026-05-16T05:45:46,23.5,1271,7941,0,9,100.00,732,14.1,282.0
2026-05-16T05:45:52,26.5,1266,7941,0,7,100.00,934,16.4,282.0
2026-05-16T05:45:57,26.2,1269,7941,1,6,100.00,839,15.8,282.0
2026-05-16T05:46:02,28.0,1272,7941,0,8,100.00,834,17.2,282.0
2026-05-16T05:46:07,29.1,1268,7941,0,8,100.00,900,17.6,282.0
2026-05-16T05:46:13,24.4,1271,7941,1,7,100.00,801,14.8,282.0
2026-05-16T05:46:18,25.7,1269,7941,0,8,100.00,879,15.7,282.0
2026-05-16T05:46:23,26.6,1268,7941,2,7,100.00,869,16.1,282.0
2026-05-16T05:46:29,23.9,1268,7941,1,7,100.00,820,14.5,282.0
2026-05-16T05:46:34,27.9,1275,7941,0,9,100.00,959,17.1,282.0
2026-05-16T05:46:39,24.9,1265,7941,2,7,100.00,865,15.4,282.0
2026-05-16T05:46:44,25.9,1271,7941,0,9,100.00,782,15.8,282.0
2026-05-16T05:46:50,26.2,1272,7941,0,10,100.00,899,15.8,282.0
2026-05-16T05:46:55,25.3,1268,7941,0,10,100.00,779,15.6,282.0
2026-05-16T05:47:00,24.7,1264,7941,1,7,100.00,857,15.2,282.0
2026-05-16T05:47:05,30.3,1271,7941,0,10,100.00,816,18.4,282.0
2026-05-16T05:47:11,24.4,1279,7941,0,10,100.00,884,14.9,282.0
2026-05-16T05:47:16,26.8,1279,7941,1,9,100.00,936,16.4,282.0
2026-05-16T05:47:21,26.1,1272,7941,0,8,100.00,787,16.4,282.0
2026-05-16T05:47:27,25.8,1277,7941,1,7,100.00,805,15.6,282.0
2026-05-16T05:47:32,29.1,1272,7941,0,8,100.00,1009,17.8,282.0
2026-05-16T05:47:37,25.7,1268,7941,0,8,100.00,763,15.7,282.0
2026-05-16T05:47:42,26.8,1274,7941,1,8,100.00,925,16.2,282.0
2026-05-16T05:47:48,25.1,1273,7941,0,9,100.00,853,15.5,282.0
2026-05-16T05:47:53,25.7,1275,7941,0,10,100.00,813,15.4,282.0
2026-05-16T05:47:58,27.2,1278,7941,0,10,100.00,918,16.4,282.0
2026-05-16T05:48:04,29.2,1277,7941,0,10,100.00,806,18.1,282.0
2026-05-16T05:48:09,27.8,1274,7941,0,10,100.00,803,17.1,282.0
2026-05-16T05:48:14,26.9,1266,7941,0,8,100.00,878,16.1,282.0
2026-05-16T05:48:20,24.5,1267,7941,0,8,100.00,832,15.2,282.0
2026-05-16T05:48:25,26.3,1273,7941,0,8,100.00,863,16.1,282.0
2026-05-16T05:48:30,25.0,1266,7941,0,8,100.00,900,15.6,282.0
2026-05-16T05:48:35,25.9,1269,7941,1,7,100.00,866,15.6,282.0
2026-05-16T05:48:41,26.0,1270,7941,0,8,100.00,877,16.0,282.0
2026-05-16T05:48:46,25.0,1266,7941,0,8,100.00,777,15.3,282.0
2026-05-16T05:48:51,26.9,1271,7941,0,9,100.00,902,16.7,282.0
2026-05-16T05:48:57,25.2,1269,7941,0,10,100.00,846,15.2,282.0
2026-05-16T05:49:02,26.6,1275,7941,3,8,100.00,895,16.7,282.0
2026-05-16T05:49:08,33.9,1268,7941,0,11,100.00,820,21.1,282.0
2026-05-16T05:49:13,25.2,1276,7941,0,11,100.00,905,15.4,282.0
2026-05-16T05:49:18,26.0,1261,7941,0,8,100.00,796,15.4,282.0
2026-05-16T05:49:23,27.8,1272,7941,0,8,100.00,852,17.0,282.0
2026-05-16T05:49:29,24.5,1265,7941,0,7,100.00,866,14.6,282.0
2026-05-16T05:49:34,25.9,1268,7941,0,8,100.00,877,15.2,282.0
2026-05-16T05:49:39,26.8,1272,7941,0,8,100.00,827,16.2,282.0
2026-05-16T05:49:44,22.6,1261,7941,0,7,100.00,927,13.7,282.0
2026-05-16T05:49:50,24.0,1265,7941,0,9,100.00,808,14.2,282.0
2026-05-16T05:49:55,23.0,1271,7941,0,9,100.00,834,13.8,282.0
2026-05-16T05:50:00,24.3,1268,7941,0,9,100.00,849,14.8,282.0
2026-05-16T05:50:05,39.5,1277,7941,0,11,100.00,894,25.1,282.0
2026-05-16T05:50:11,32.0,1274,7941,0,11,100.00,708,20.2,282.0
2026-05-16T05:50:16,27.0,1262,7941,1,8,100.00,885,16.6,282.0
2026-05-16T05:50:21,27.0,1267,7941,0,11,100.00,929,16.7,282.0
2026-05-16T05:50:27,24.8,1270,7941,1,10,100.00,710,14.7,282.0
2026-05-16T05:50:32,23.8,1270,7941,0,9,100.00,888,14.5,282.0
2026-05-16T05:50:37,24.0,1274,7941,0,9,100.00,871,14.2,282.0
2026-05-16T05:50:43,23.0,1270,7941,0,8,100.00,835,13.9,282.0
2026-05-16T05:50:48,25.3,1261,7941,0,8,100.00,918,15.6,282.0
2026-05-16T05:50:53,24.0,1264,7941,0,8,100.00,858,14.8,282.0
2026-05-16T05:50:58,24.7,1263,7941,0,8,100.00,826,15.0,282.0
2026-05-16T05:51:04,28.5,1272,7941,0,11,100.00,864,18.1,282.0
2026-05-16T05:51:09,26.1,1272,7941,0,11,100.00,825,16.0,282.0
2026-05-16T05:51:14,24.5,1259,7941,0,7,100.00,873,14.7,282.0
2026-05-16T05:51:19,22.9,1264,7941,1,6,100.00,869,14.0,282.0
2026-05-16T05:51:25,23.8,1261,7941,0,8,100.00,809,14.4,282.0
2026-05-16T05:51:30,23.3,1267,7941,0,8,100.00,854,14.2,282.0
2026-05-16T05:51:35,24.8,1264,7941,2,6,100.00,854,14.6,282.0
2026-05-16T05:51:41,24.0,1260,7941,0,8,100.00,843,14.5,282.0
2026-05-16T05:51:46,22.1,1262,7941,0,8,100.00,834,13.2,282.0
2026-05-16T05:51:51,23.0,1258,7941,1,6,100.00,903,14.2,282.0
2026-05-16T05:51:56,22.4,1262,7941,0,7,100.00,870,13.7,282.0
2026-05-16T05:52:02,20.9,1266,7941,1,7,100.00,825,13.0,282.0
2026-05-16T05:52:07,23.6,1266,7941,0,8,100.00,886,14.6,282.0
2026-05-16T05:52:12,22.6,1267,7941,0,7,100.00,846,13.8,282.0
2026-05-16T05:52:17,21.9,1265,7941,0,8,100.00,802,13.4,282.0
2026-05-16T05:52:23,22.0,1269,7941,0,8,100.00,899,13.4,282.0
2026-05-16T05:52:28,21.1,1262,7941,0,7,100.00,863,12.8,282.0
2026-05-16T05:52:33,20.6,1265,7941,1,7,100.00,754,12.3,282.0
2026-05-16T05:52:38,21.9,1264,7941,0,9,100.00,921,13.2,282.0
2026-05-16T05:52:44,20.7,1270,7941,1,8,100.00,878,12.7,282.0
2026-05-16T05:52:49,21.1,1264,7941,0,8,100.00,828,12.7,282.0
2026-05-16T05:52:54,20.6,1270,7941,0,10,100.00,804,12.2,282.0
2026-05-16T05:52:59,20.7,1271,7941,0,10,100.00,785,12.5,282.0
2026-05-16T05:53:04,23.9,1280,7941,0,11,100.00,756,14.2,282.0
2026-05-16T05:53:10,20.5,1280,7941,0,11,100.00,959,12.4,282.0
2026-05-16T05:53:15,21.4,1265,7941,1,8,100.00,924,12.8,282.0
2026-05-16T05:53:20,21.9,1276,7941,0,8,100.00,940,13.4,282.0
2026-05-16T05:53:25,21.0,1264,7941,0,7,100.00,795,12.8,282.0
2026-05-16T05:53:31,21.7,1268,7941,0,8,100.00,906,13.3,282.0
2026-05-16T05:53:36,21.9,1276,7941,0,8,100.00,760,13.1,282.0
2026-05-16T05:53:41,21.7,1271,7941,0,8,100.00,854,13.2,282.0
2026-05-16T05:53:46,22.9,1270,7941,1,9,100.00,933,13.9,282.0
2026-05-16T05:53:52,20.1,1269,7941,0,10,100.00,653,12.2,282.0
2026-05-16T05:53:57,22.0,1260,7941,1,6,100.00,1028,12.9,282.0
2026-05-16T05:54:02,21.6,1266,7941,0,7,100.00,833,13.4,282.0
2026-05-16T05:54:07,22.3,1267,7941,0,7,100.00,795,13.3,282.0
2026-05-16T05:54:13,21.7,1266,7941,1,8,100.00,868,13.4,282.0
2026-05-16T05:54:18,21.0,1272,7941,0,9,100.00,858,12.9,282.0
2026-05-16T05:54:23,23.0,1268,7941,0,7,100.00,814,14.3,282.0
2026-05-16T05:54:28,22.1,1275,7941,0,7,100.00,983,13.5,282.0
2026-05-16T05:54:34,21.8,1273,7941,1,6,100.00,767,13.6,282.0
2026-05-16T05:54:39,23.6,1261,7941,1,6,100.00,864,14.3,282.0
2026-05-16T05:54:44,21.8,1259,7941,0,7,100.00,901,13.4,282.0
2026-05-16T05:54:49,21.2,1264,7941,0,7,100.00,779,13.2,282.0
2026-05-16T05:54:55,23.2,1265,7941,0,7,100.00,928,14.0,282.0
2026-05-16T05:55:00,21.0,1266,7941,1,7,100.00,738,13.4,282.0
2026-05-16T05:55:05,34.4,1270,7941,1,10,100.00,861,21.1,282.0
2026-05-16T05:55:10,24.0,1273,7941,0,11,100.00,881,14.8,282.0
2026-05-16T05:55:16,21.1,1266,7941,0,7,100.00,819,12.7,282.0
2026-05-16T05:55:21,23.6,1261,7941,1,6,100.00,905,14.8,282.0
2026-05-16T05:55:26,22.0,1280,7941,0,10,100.00,809,13.2,282.0
2026-05-16T05:55:31,20.4,1278,7941,0,10,100.00,782,12.6,282.0
2026-05-16T05:55:37,24.6,1261,7941,1,7,100.00,1008,14.3,282.0
2026-05-16T05:55:42,20.8,1270,7941,1,7,100.00,826,13.0,282.0
2026-05-16T05:55:47,22.2,1263,7941,0,8,100.00,851,13.7,282.0
2026-05-16T05:55:52,22.7,1266,7941,0,8,100.00,795,14.1,282.0
2026-05-16T05:55:58,21.5,1261,7941,0,8,100.00,836,13.1,282.0
2026-05-16T05:56:03,24.3,1261,7941,0,8,100.00,880,15.1,282.0
2026-05-16T05:56:08,21.6,1266,7941,0,8,100.00,898,13.1,282.0
2026-05-16T05:56:13,22.1,1266,7941,0,8,100.00,816,13.5,282.0
2026-05-16T05:56:19,23.0,1265,7941,0,7,100.00,905,14.0,282.0
2026-05-16T05:56:24,22.7,1268,7941,0,8,100.00,819,14.5,282.0
2026-05-16T05:56:29,23.3,1264,7941,0,8,100.00,764,14.2,282.0
2026-05-16T05:56:34,23.7,1268,7941,0,8,100.00,978,14.2,282.0
2026-05-16T05:56:40,22.1,1266,7941,1,8,100.00,711,13.9,282.0
2026-05-16T05:56:45,22.9,1269,7941,1,8,100.00,869,14.1,282.0
2026-05-16T05:56:50,21.3,1262,7941,0,7,100.00,914,13.0,282.0
2026-05-16T05:56:55,22.3,1261,7941,1,6,100.00,759,13.6,282.0
2026-05-16T05:57:01,20.9,1263,7941,0,7,100.00,845,12.6,282.0
2026-05-16T05:57:06,25.1,1269,7941,0,10,100.00,938,14.9,282.0
2026-05-16T05:57:11,22.4,1268,7941,0,8,100.00,858,13.5,282.0
2026-05-16T05:57:16,23.9,1262,7941,0,8,100.00,792,14.4,282.0
2026-05-16T05:57:22,22.6,1267,7941,1,6,100.00,832,13.5,282.0
2026-05-16T05:57:27,25.2,1266,7941,0,8,100.00,905,15.2,282.0
2026-05-16T05:57:32,24.6,1270,7941,0,8,100.00,742,15.3,282.0
2026-05-16T05:57:37,25.5,1267,7941,0,8,100.00,828,15.4,282.0
2026-05-16T05:57:43,27.5,1275,7941,1,9,100.00,974,16.5,282.0
2026-05-16T05:57:48,24.4,1266,7941,2,8,100.00,710,15.2,282.0
2026-05-16T05:57:53,24.9,1265,7941,0,8,100.00,967,15.2,282.0
2026-05-16T05:57:58,24.0,1263,7941,0,8,100.00,905,14.2,282.0
2026-05-16T05:58:04,26.6,1266,7941,0,9,100.00,809,16.4,282.0
2026-05-16T05:58:09,26.6,1272,7941,1,7,100.00,862,16.0,282.0
2026-05-16T05:58:14,24.4,1268,7941,0,8,100.00,792,15.4,282.0
2026-05-16T05:58:20,25.6,1265,7941,0,8,100.00,915,15.7,282.0
2026-05-16T05:58:25,26.7,1267,7941,0,7,100.00,907,16.4,282.0
2026-05-16T05:58:30,22.8,1270,7941,0,8,100.00,746,14.2,282.0
2026-05-16T05:58:35,28.3,1266,7941,0,9,100.00,948,17.5,282.0
2026-05-16T05:58:41,27.2,1272,7941,0,9,100.00,807,17.4,282.0
2026-05-16T05:58:46,24.9,1274,7941,0,8,100.00,781,15.2,282.0
2026-05-16T05:58:51,25.0,1266,7941,1,7,100.00,887,14.5,282.0
2026-05-16T05:58:56,23.5,1273,7941,0,8,100.00,854,14.1,282.0
2026-05-16T05:59:02,22.8,1283,7941,0,10,100.00,887,14.0,282.0
2026-05-16T05:59:07,28.6,1281,7941,0,10,100.00,886,16.9,282.0
2026-05-16T05:59:12,25.0,1270,7941,0,9,100.00,801,15.4,282.0
2026-05-16T05:59:18,26.3,1268,7941,0,8,100.00,857,16.1,282.0
2026-05-16T05:59:23,29.9,1278,7941,0,11,100.00,856,18.0,282.0
2026-05-16T05:59:28,29.8,1284,7941,0,11,100.00,813,18.1,282.0
2026-05-16T05:59:34,30.9,1276,7941,0,9,100.00,980,18.9,282.0
2026-05-16T05:59:39,28.2,1270,7941,0,9,100.00,734,17.3,282.0
2026-05-16T05:59:44,27.1,1264,7941,0,7,100.00,967,16.3,282.0
2026-05-16T05:59:49,27.3,1268,7941,0,8,100.00,851,16.3,282.0
2026-05-16T05:59:55,26.0,1272,7941,0,8,100.00,814,15.7,282.0
2026-05-16T06:00:00,27.9,1276,7941,0,10,100.00,798,17.4,282.0
2026-05-16T06:00:05,37.5,1275,7941,0,11,100.00,827,25.1,282.0
2026-05-16T06:00:11,45.2,1277,7941,0,11,100.00,750,30.9,282.0
2026-05-16T06:00:16,36.8,1275,7941,1,10,100.00,827,23.1,282.0
2026-05-16T06:00:22,33.1,1281,7941,1,10,100.00,844,20.6,282.0
2026-05-16T06:00:27,32.9,1276,7941,0,10,100.00,902,20.3,282.0
2026-05-16T06:00:32,29.3,1274,7941,0,9,100.00,836,17.8,282.0
2026-05-16T06:00:38,27.0,1275,7941,0,9,100.00,889,16.7,282.0
2026-05-16T06:00:43,29.1,1281,7941,0,10,100.00,743,17.8,282.0
2026-05-16T06:00:48,27.2,1271,7941,0,10,100.00,881,16.4,282.0
2026-05-16T06:00:54,28.1,1270,7941,0,9,100.00,942,17.2,282.0
2026-05-16T06:00:59,27.1,1274,7941,1,8,100.00,817,16.6,282.0
2026-05-16T06:01:04,29.0,1272,7941,1,8,100.00,919,17.8,282.0
2026-05-16T06:01:10,29.7,1279,7941,0,9,100.00,818,18.4,282.0
2026-05-16T06:01:15,30.4,1276,7941,0,9,100.00,853,18.6,282.0
2026-05-16T06:01:20,28.8,1282,7941,0,9,100.00,854,17.9,282.0
2026-05-16T06:01:25,29.0,1269,7941,0,8,100.00,864,17.8,282.0
2026-05-16T06:01:31,28.8,1270,7941,1,9,100.00,838,17.9,282.0
2026-05-16T06:01:36,29.4,1279,7941,0,10,100.00,893,17.4,282.0
2026-05-16T06:01:41,28.9,1271,7941,1,8,100.00,796,17.8,282.0
2026-05-16T06:01:47,29.1,1276,7941,0,9,100.00,889,18.1,282.0
2026-05-16T06:01:52,28.5,1280,7941,1,8,100.00,840,17.7,282.0
2026-05-16T06:01:57,28.5,1270,7941,0,9,100.00,952,17.5,282.0
2026-05-16T06:02:03,30.6,1277,7941,1,9,100.00,806,19.4,282.0
2026-05-16T06:02:08,32.4,1288,7941,1,10,100.00,892,19.7,282.0
2026-05-16T06:02:13,27.6,1276,7941,0,9,100.00,818,17.0,282.0
2026-05-16T06:02:19,28.8,1279,7941,0,9,100.00,865,17.6,282.0
2026-05-16T06:02:24,28.0,1274,7941,0,9,100.00,878,16.8,282.0
2026-05-16T06:02:29,27.6,1271,7941,0,9,100.00,839,17.6,282.0
2026-05-16T06:02:35,27.2,1273,7941,0,9,100.00,808,16.4,282.0
2026-05-16T06:02:40,27.0,1278,7941,0,9,100.00,875,16.9,282.0
2026-05-16T06:02:45,29.1,1277,7941,1,9,100.00,891,17.5,282.0
2026-05-16T06:02:50,28.2,1283,7941,0,10,100.00,865,17.8,282.0
2026-05-16T06:02:56,28.7,1276,7941,0,8,100.00,831,17.5,282.0
2026-05-16T06:03:01,27.6,1280,7941,0,9,100.00,935,17.1,282.0
2026-05-16T06:03:07,36.3,1278,7941,0,11,100.00,777,23.1,282.0
2026-05-16T06:03:12,32.0,1275,7941,0,9,100.00,876,20.2,282.0
2026-05-16T06:03:17,26.8,1273,7941,0,9,100.00,827,16.1,282.0
2026-05-16T06:03:22,27.3,1269,7941,0,8,100.00,895,16.9,282.0
2026-05-16T06:03:28,28.1,1271,7941,0,9,100.00,827,17.1,282.0
2026-05-16T06:03:33,26.1,1279,7941,0,9,100.00,785,16.0,282.0
2026-05-16T06:03:38,25.4,1272,7941,0,8,100.00,982,15.3,282.0
2026-05-16T06:03:44,25.4,1273,7941,0,8,100.00,833,15.4,282.0
2026-05-16T06:03:49,23.9,1270,7941,0,9,100.00,784,14.2,282.0
2026-05-16T06:03:54,27.5,1274,7941,1,8,100.00,885,17.0,282.0
2026-05-16T06:03:59,24.3,1270,7941,0,9,100.00,879,15.2,282.0
2026-05-16T06:04:05,31.0,1277,7941,0,11,100.00,756,18.6,282.0
2026-05-16T06:04:10,26.4,1278,7941,0,11,100.00,924,16.4,282.0
2026-05-16T06:04:15,26.0,1271,7941,0,9,100.00,826,16.2,282.0
2026-05-16T06:04:21,28.9,1269,7941,0,9,100.00,829,17.8,282.0
2026-05-16T06:04:26,29.2,1272,7941,0,10,100.00,938,17.4,282.0
2026-05-16T06:04:31,28.1,1269,7941,0,10,100.00,804,17.4,282.0
2026-05-16T06:04:36,29.4,1271,7941,1,9,100.00,871,17.6,282.0
2026-05-16T06:04:42,25.3,1268,7941,0,8,100.00,905,16.1,282.0
2026-05-16T06:04:47,26.3,1259,7941,0,7,100.00,862,15.8,282.0
2026-05-16T06:04:52,29.1,1269,7941,0,10,100.00,866,17.6,282.0
2026-05-16T06:04:58,28.0,1268,7941,0,10,100.00,849,17.5,282.0
2026-05-16T06:05:03,34.8,1271,7941,0,11,100.00,829,22.6,282.0
2026-05-16T06:05:08,34.9,1271,7941,0,11,100.00,840,21.1,282.0
2026-05-16T06:05:14,25.2,1269,7941,0,10,100.00,811,15.3,282.0
2026-05-16T06:05:19,24.7,1270,7941,1,6,100.00,963,14.6,282.0
2026-05-16T06:05:24,26.2,1266,7941,0,7,100.00,782,15.7,282.0
2026-05-16T06:05:30,27.2,1273,7941,0,8,100.00,913,17.2,282.0
2026-05-16T06:05:35,26.3,1272,7941,0,8,100.00,853,15.8,282.0
2026-05-16T06:05:40,23.8,1272,7941,1,7,100.00,788,14.9,282.0
2026-05-16T06:05:45,23.8,1268,7941,0,9,100.00,878,14.5,282.0
2026-05-16T06:05:51,23.4,1271,7941,1,8,100.00,782,14.6,282.0
2026-05-16T06:05:56,25.2,1271,7941,0,9,100.00,955,15.2,282.0
2026-05-16T06:06:01,25.0,1271,7941,0,9,100.00,903,15.7,282.0
2026-05-16T06:06:07,26.9,1277,7941,0,11,100.00,731,16.7,282.0
2026-05-16T06:06:12,24.5,1264,7941,0,8,100.00,817,15.2,282.0
2026-05-16T06:06:17,24.3,1267,7941,0,7,100.00,984,14.9,282.0
2026-05-16T06:06:22,23.7,1263,7941,0,8,100.00,797,14.6,282.0
2026-05-16T06:06:28,24.6,1262,7941,1,7,100.00,848,15.0,282.0
2026-05-16T06:06:33,24.7,1269,7941,0,8,100.00,851,15.3,282.0
2026-05-16T06:06:38,26.5,1269,7941,0,8,100.00,835,16.4,282.0
2026-05-16T06:06:43,25.1,1267,7941,0,8,100.00,922,15.2,282.0
2026-05-16T06:06:49,23.0,1265,7941,0,8,100.00,768,14.1,282.0
2026-05-16T06:06:54,25.9,1267,7941,0,8,100.00,847,16.2,282.0
2026-05-16T06:06:59,24.2,1266,7941,0,8,100.00,893,14.8,282.0
2026-05-16T06:07:04,27.6,1261,7941,0,8,100.00,784,16.9,282.0
2026-05-16T06:07:10,26.5,1264,7941,0,8,100.00,873,16.5,282.0
2026-05-16T06:07:15,24.1,1261,7941,0,8,100.00,939,14.5,282.0
2026-05-16T06:07:20,22.5,1269,7941,1,7,100.00,782,13.8,282.0
2026-05-16T06:07:25,24.3,1266,7941,0,10,100.00,876,14.2,282.0
2026-05-16T06:07:31,20.5,1268,7941,0,10,100.00,820,12.3,282.0
2026-05-16T06:07:36,23.9,1263,7941,0,8,100.00,936,14.3,282.0
2026-05-16T06:07:41,22.4,1264,7941,0,8,100.00,859,13.9,282.0
2026-05-16T06:07:46,20.9,1269,7941,1,7,100.00,826,12.7,282.0
2026-05-16T06:07:52,23.0,1269,7941,0,8,100.00,911,14.5,282.0
2026-05-16T06:07:57,22.1,1269,7941,0,8,100.00,797,13.5,282.0
2026-05-16T06:08:02,25.1,1271,7941,0,8,100.00,762,15.6,282.0
2026-05-16T06:08:07,24.9,1264,7941,0,10,100.00,972,14.9,282.0
2026-05-16T06:08:13,21.4,1270,7941,0,10,100.00,762,13.2,282.0
2026-05-16T06:08:18,23.4,1262,7941,0,8,100.00,945,14.0,282.0
2026-05-16T06:08:23,25.0,1269,7941,0,10,100.00,816,15.3,282.0
2026-05-16T06:08:28,22.9,1257,7941,0,7,100.00,784,13.9,282.0
2026-05-16T06:08:34,24.2,1264,7941,0,8,100.00,934,14.6,282.0
2026-05-16T06:08:39,22.9,1273,7941,0,8,100.00,822,14.2,282.0
2026-05-16T06:08:44,23.8,1267,7941,0,8,100.00,791,14.5,282.0
2026-05-16T06:08:50,23.1,1272,7941,1,7,100.00,822,14.1,282.0
2026-05-16T06:08:55,19.7,1283,7941,0,10,100.00,817,11.4,282.0
2026-05-16T06:09:00,21.1,1285,7941,0,10,100.00,983,13.2,282.0
2026-05-16T06:09:05,35.0,1286,7941,0,11,100.00,789,21.8,282.0
2026-05-16T06:09:11,23.0,1284,7941,0,11,100.00,810,14.1,282.0
2026-05-16T06:09:16,22.8,1271,7941,0,9,100.00,905,13.7,282.0
2026-05-16T06:09:21,21.1,1268,7941,0,9,100.00,822,13.2,282.0
2026-05-16T06:09:26,21.5,1274,7941,0,8,100.00,746,12.7,282.0
2026-05-16T06:09:32,22.4,1270,7941,0,8,100.00,958,13.8,282.0
2026-05-16T06:09:37,21.9,1273,7941,0,8,100.00,832,13.2,282.0
2026-05-16T06:09:42,23.1,1265,7941,0,8,100.00,888,14.5,282.0
2026-05-16T06:09:47,20.9,1267,7941,0,7,100.00,826,12.6,282.0
2026-05-16T06:09:53,22.4,1273,7941,1,6,100.00,838,13.8,282.0
2026-05-16T06:09:58,22.6,1264,7941,0,7,100.00,870,13.7,282.0
2026-05-16T06:10:03,28.8,1270,7941,0,11,100.00,821,18.9,282.0
2026-05-16T06:10:08,32.5,1272,7941,0,11,100.00,844,19.9,282.0
2026-05-16T06:10:14,27.5,1269,7941,1,8,100.00,894,17.0,282.0
2026-05-16T06:10:19,25.9,1267,7941,0,8,100.00,821,16.0,282.0
2026-05-16T06:10:24,25.2,1264,7941,0,8,100.00,808,14.9,282.0
2026-05-16T06:10:30,21.5,1271,7941,0,9,100.00,893,13.4,282.0
2026-05-16T06:10:35,23.5,1272,7941,0,9,100.00,878,14.0,282.0
2026-05-16T06:10:40,22.4,1265,7941,1,7,100.00,867,13.8,282.0
2026-05-16T06:10:45,20.5,1265,7941,0,9,100.00,852,12.4,282.0
2026-05-16T06:10:51,21.4,1271,7941,0,9,100.00,849,12.8,282.0
2026-05-16T06:10:56,21.1,1267,7941,0,7,100.00,784,12.6,282.0
2026-05-16T06:11:01,20.8,1270,7941,1,6,100.00,909,13.0,282.0
2026-05-16T06:11:06,24.4,1273,7941,0,9,100.00,875,14.7,282.0
2026-05-16T06:11:12,20.9,1270,7941,0,8,100.00,793,12.8,282.0
2026-05-16T06:11:17,23.3,1264,7941,0,7,100.00,914,13.7,282.0
2026-05-16T06:11:22,23.3,1267,7941,0,9,100.00,851,14.3,282.0
2026-05-16T06:11:27,21.1,1273,7941,0,9,100.00,781,12.7,282.0
2026-05-16T06:11:33,22.4,1267,7941,0,9,100.00,910,13.9,282.0
2026-05-16T06:11:38,22.2,1273,7941,0,9,100.00,816,13.0,282.0
2026-05-16T06:11:43,20.7,1272,7941,0,8,100.00,871,12.7,282.0
2026-05-16T06:11:48,22.0,1261,7941,0,8,100.00,766,13.5,282.0
2026-05-16T06:11:54,21.0,1264,7941,0,7,100.00,913,12.7,282.0
2026-05-16T06:11:59,22.0,1273,7941,0,10,100.00,841,13.4,282.0
2026-05-16T06:12:04,25.5,1265,7941,0,8,100.00,877,15.5,282.0
2026-05-16T06:12:09,20.9,1273,7941,0,8,100.00,857,13.0,282.0
2026-05-16T06:12:14,23.3,1265,7941,0,8,100.00,885,13.9,282.0
2026-05-16T06:12:20,21.6,1272,7941,0,8,100.00,782,12.9,282.0
2026-05-16T06:12:25,24.2,1259,7941,0,7,100.00,903,14.4,282.0
2026-05-16T06:12:30,24.0,1266,7941,0,9,100.00,801,14.8,282.0
2026-05-16T06:12:36,24.5,1268,7941,0,8,100.00,866,14.8,282.0
2026-05-16T06:12:41,25.1,1277,7941,0,8,100.00,876,15.7,282.0
2026-05-16T06:12:46,24.8,1263,7941,1,7,100.00,827,15.1,282.0
2026-05-16T06:12:51,22.8,1268,7941,2,8,100.00,698,14.1,282.0
2026-05-16T06:12:57,25.7,1273,7941,0,10,100.00,984,15.2,282.0
2026-05-16T06:13:02,25.8,1269,7941,0,10,100.00,912,15.8,282.0
2026-05-16T06:13:07,28.8,1269,7941,1,9,100.00,826,17.6,282.0
2026-05-16T06:13:13,25.7,1267,7941,0,8,100.00,956,15.8,282.0
2026-05-16T06:13:18,24.0,1267,7941,0,8,100.00,851,14.2,282.0
2026-05-16T06:13:23,25.8,1271,7941,0,9,100.00,828,15.8,282.0
2026-05-16T06:13:28,22.9,1271,7941,0,9,100.00,908,13.9,282.0
2026-05-16T06:13:34,23.2,1271,7941,0,7,100.00,788,14.1,282.0
2026-05-16T06:13:39,26.5,1272,7941,0,8,100.00,864,16.2,282.0
2026-05-16T06:13:44,23.6,1258,7941,0,7,100.00,879,14.4,282.0
2026-05-16T06:13:49,22.8,1263,7941,0,8,100.00,844,13.5,282.0
2026-05-16T06:13:55,23.7,1264,7941,0,8,100.00,926,14.0,282.0
2026-05-16T06:14:00,21.5,1276,7941,0,10,100.00,727,13.2,282.0
2026-05-16T06:14:05,26.0,1269,7941,1,9,100.00,845,15.4,282.0
2026-05-16T06:14:10,27.2,1269,7941,1,7,100.00,861,16.8,282.0
2026-05-16T06:14:16,24.0,1270,7941,0,7,100.00,811,14.6,282.0
2026-05-16T06:14:21,29.1,1272,7941,0,9,100.00,951,17.9,282.0
2026-05-16T06:14:26,29.0,1269,7941,0,10,100.00,806,17.4,282.0
2026-05-16T06:14:32,28.7,1270,7941,0,9,100.00,864,17.9,282.0
2026-05-16T06:14:37,28.6,1266,7941,0,9,100.00,850,17.3,282.0
2026-05-16T06:14:42,25.8,1276,7941,0,9,100.00,788,16.0,282.0
2026-05-16T06:14:48,30.9,1271,7941,0,10,100.00,966,18.4,282.0
2026-05-16T06:14:53,26.7,1274,7941,0,10,100.00,838,16.2,282.0
2026-05-16T06:14:58,28.6,1269,7941,0,9,100.00,831,17.7,282.0
2026-05-16T06:15:03,35.4,1275,7941,0,11,100.00,926,23.4,282.0
2026-05-16T06:15:09,36.9,1270,7941,0,11,100.00,711,23.8,282.0
2026-05-16T06:15:14,30.1,1278,7941,1,10,100.00,881,18.4,282.0
2026-05-16T06:15:20,30.3,1273,7941,1,8,100.00,905,18.8,282.0
2026-05-16T06:15:25,27.9,1277,7941,0,10,100.00,781,16.9,282.0
2026-05-16T06:15:30,31.5,1275,7941,0,10,100.00,868,19.2,282.0
2026-05-16T06:15:36,30.9,1272,7941,0,10,100.00,883,18.5,282.0
2026-05-16T06:15:41,29.2,1268,7941,0,10,100.00,819,18.1,282.0
2026-05-16T06:15:46,30.9,1278,7941,0,9,100.00,844,19.0,282.0
2026-05-16T06:15:51,26.8,1274,7941,0,10,100.00,905,16.7,282.0
2026-05-16T06:15:57,30.7,1273,7941,1,9,100.00,869,19.4,282.0
2026-05-16T06:16:02,33.0,1269,7941,0,10,100.00,893,20.5,282.0
2026-05-16T06:16:07,30.7,1273,7941,0,10,100.00,785,19.0,282.0
2026-05-16T06:16:13,31.3,1272,7941,0,9,100.00,928,19.4,282.0
2026-05-16T06:16:18,29.7,1276,7941,0,9,100.00,899,18.2,282.0
2026-05-16T06:16:23,27.9,1275,7941,1,8,100.00,759,17.2,282.0
2026-05-16T06:16:29,30.7,1274,7941,0,9,100.00,956,18.6,282.0
2026-05-16T06:16:34,29.3,1271,7941,0,11,100.00,745,17.8,282.0
2026-05-16T06:16:39,28.8,1281,7941,1,10,100.00,887,17.6,282.0
2026-05-16T06:16:45,29.4,1269,7941,1,8,100.00,911,18.1,282.0
2026-05-16T06:16:50,28.1,1272,7941,0,9,100.00,848,17.4,282.0
2026-05-16T06:16:55,30.2,1276,7941,0,9,100.00,819,18.7,282.0
2026-05-16T06:17:01,25.9,1269,7941,0,9,100.00,914,15.7,282.0
2026-05-16T06:17:06,30.5,1269,7941,0,9,100.00,910,18.7,282.0
2026-05-16T06:17:11,28.7,1277,7941,0,9,100.00,822,17.4,282.0
2026-05-16T06:17:17,25.9,1280,7941,0,9,100.00,793,15.8,282.0
2026-05-16T06:17:22,26.4,1281,7941,0,8,100.00,851,16.0,282.0
2026-05-16T06:17:27,26.1,1274,7941,0,8,100.00,885,16.0,282.0
2026-05-16T06:17:32,28.3,1269,7941,0,8,100.00,821,17.8,282.0
2026-05-16T06:17:38,31.2,1270,7941,0,9,100.00,906,18.8,282.0
2026-05-16T06:17:43,29.2,1269,7941,0,11,100.00,810,17.8,282.0
2026-05-16T06:17:48,26.4,1279,7941,2,9,100.00,771,16.5,282.0
2026-05-16T06:17:53,26.7,1269,7941,1,7,100.00,884,16.8,282.0
2026-05-16T06:17:59,26.1,1275,7941,0,8,100.00,902,16.0,282.0
2026-05-16T06:18:04,32.6,1280,7941,0,11,100.00,828,19.7,282.0
2026-05-16T06:18:09,28.7,1276,7941,0,11,100.00,840,17.8,282.0
2026-05-16T06:18:15,27.5,1271,7941,0,9,100.00,884,17.2,282.0
2026-05-16T06:18:20,30.7,1277,7941,0,10,100.00,885,18.7,282.0
2026-05-16T06:18:25,29.2,1267,7941,0,7,100.00,803,17.3,282.0
2026-05-16T06:18:31,29.5,1270,7941,1,8,100.00,844,18.4,282.0
2026-05-16T06:18:36,30.7,1270,7941,0,9,100.00,920,18.9,282.0
2026-05-16T06:18:41,27.6,1273,7941,0,9,100.00,845,17.2,282.0
2026-05-16T06:18:47,26.8,1268,7941,1,7,100.00,822,16.2,282.0
2026-05-16T06:18:52,26.0,1274,7941,0,9,100.00,852,15.6,282.0
2026-05-16T06:18:57,25.3,1278,7941,0,10,100.00,910,15.7,282.0
2026-05-16T06:19:02,30.6,1282,7941,0,11,100.00,843,19.4,282.0
2026-05-16T06:19:08,31.3,1271,7941,0,11,100.00,814,19.7,282.0
2026-05-16T06:19:13,26.5,1272,7941,0,10,100.00,811,16.5,282.0
2026-05-16T06:19:18,27.4,1268,7941,2,7,100.00,960,16.8,282.0
2026-05-16T06:19:24,28.6,1270,7941,1,8,100.00,845,18.2,282.0
2026-05-16T06:19:29,26.4,1267,7941,0,8,100.00,854,16.2,282.0
2026-05-16T06:19:34,32.0,1278,7941,0,10,100.00,716,18.9,282.0
2026-05-16T06:19:39,23.7,1270,7941,0,9,100.00,882,14.5,282.0
2026-05-16T06:19:45,24.7,1272,7941,0,8,100.00,971,15.1,282.0
2026-05-16T06:19:50,23.4,1269,7941,0,9,100.00,763,14.1,282.0
2026-05-16T06:19:55,24.6,1270,7941,0,9,100.00,815,15.0,282.0
2026-05-16T06:20:00,24.3,1266,7941,0,7,100.00,947,14.6,282.0
2026-05-16T06:20:06,37.2,1273,7941,0,11,100.00,776,24.1,282.0
2026-05-16T06:20:11,29.2,1276,7941,0,11,100.00,859,18.1,282.0
2026-05-16T06:20:16,30.1,1268,7941,0,8,100.00,880,18.1,282.0
2026-05-16T06:20:22,30.0,1273,7941,0,8,100.00,792,18.4,282.0
2026-05-16T06:20:27,26.7,1263,7941,0,8,100.00,951,16.8,282.0
2026-05-16T06:20:32,23.3,1264,7941,0,7,100.00,799,14.8,282.0
2026-05-16T06:20:37,25.4,1264,7941,0,7,100.00,865,15.5,282.0
2026-05-16T06:20:43,25.0,1271,7941,0,7,100.00,899,14.3,282.0
2026-05-16T06:20:48,22.9,1270,7941,1,6,100.00,805,13.5,282.0
2026-05-16T06:20:53,22.7,1266,7941,1,6,100.00,840,13.6,282.0
2026-05-16T06:20:58,22.7,1272,7941,0,7,100.00,880,13.7,282.0
2026-05-16T06:21:04,30.4,1279,7941,0,11,100.00,789,18.6,282.0
2026-05-16T06:21:09,26.5,1280,7941,1,10,100.00,876,16.0,282.0
2026-05-16T06:21:14,23.2,1272,7941,0,9,100.00,880,13.9,282.0
2026-05-16T06:21:20,22.5,1276,7941,0,8,100.00,870,13.7,282.0
2026-05-16T06:21:25,24.9,1278,7941,0,8,100.00,827,15.4,282.0
2026-05-16T06:21:30,22.7,1277,7941,0,8,100.00,864,13.9,282.0
2026-05-16T06:21:35,25.5,1272,7941,0,8,100.00,812,15.0,282.0
2026-05-16T06:21:41,23.1,1275,7941,0,8,100.00,886,14.1,282.0
2026-05-16T06:21:46,25.1,1274,7941,0,8,100.00,866,15.6,282.0
2026-05-16T06:21:51,24.7,1285,7941,0,9,100.00,858,15.2,282.0
2026-05-16T06:21:56,24.0,1273,7941,1,8,100.00,796,14.3,282.0
2026-05-16T06:22:02,24.1,1272,7941,0,8,100.00,899,14.6,282.0
2026-05-16T06:22:07,25.4,1279,7941,0,8,100.00,863,15.6,282.0
2026-05-16T06:22:12,22.8,1273,7941,0,8,100.00,808,14.1,282.0
2026-05-16T06:22:17,24.3,1287,7941,0,10,100.00,912,14.7,282.0
2026-05-16T06:22:23,24.5,1287,7941,1,9,100.00,726,15.2,282.0
2026-05-16T06:22:28,24.0,1272,7941,0,9,100.00,931,14.7,282.0
2026-05-16T06:22:33,25.6,1274,7941,2,7,100.00,816,16.0,282.0
2026-05-16T06:22:38,24.5,1280,7941,0,8,100.00,819,14.4,282.0
2026-05-16T06:22:44,25.9,1281,7941,0,8,100.00,877,15.8,282.0
2026-05-16T06:22:49,24.5,1276,7941,0,8,100.00,906,14.9,282.0
2026-05-16T06:22:54,26.2,1276,7941,0,8,100.00,787,16.1,282.0
2026-05-16T06:22:59,25.2,1278,7941,1,9,100.00,901,15.2,282.0
2026-05-16T06:23:05,27.9,1281,7941,1,9,100.00,846,17.1,282.0
2026-05-16T06:23:10,24.7,1281,7941,0,9,100.00,820,15.6,282.0
2026-05-16T06:23:15,25.4,1282,7941,0,9,100.00,870,15.5,282.0
2026-05-16T06:23:21,23.6,1272,7941,0,8,100.00,882,14.3,282.0
2026-05-16T06:23:26,28.0,1280,7941,0,9,100.00,818,17.3,282.0
2026-05-16T06:23:31,24.5,1287,7941,0,9,100.00,800,15.1,282.0
2026-05-16T06:23:36,25.8,1280,7941,0,8,100.00,916,15.6,282.0
2026-05-16T06:23:42,23.3,1282,7941,1,7,100.00,894,14.1,282.0
2026-05-16T06:23:47,23.2,1282,7941,0,8,100.00,789,13.8,282.0
2026-05-16T06:23:52,21.5,1278,7941,0,8,100.00,806,12.8,282.0
2026-05-16T06:23:57,22.3,1269,7941,0,7,100.00,1022,13.2,282.0
2026-05-16T06:24:03,27.7,1279,7941,0,11,100.00,748,17.0,282.0
2026-05-16T06:24:08,27.7,1281,7941,1,10,100.00,712,17.1,282.0
2026-05-16T06:24:13,23.2,1280,7941,1,8,100.00,956,14.1,282.0
2026-05-16T06:24:18,25.3,1279,7941,0,9,100.00,854,15.2,282.0
2026-05-16T06:24:24,25.0,1286,7941,0,9,100.00,855,15.3,282.0
2026-05-16T06:24:29,23.3,1276,7941,2,7,100.00,857,14.4,282.0
2026-05-16T06:24:34,26.0,1268,7941,0,7,100.00,904,15.8,282.0
2026-05-16T06:24:40,25.0,1280,7941,1,6,100.00,813,15.8,282.0
2026-05-16T06:24:45,24.6,1274,7941,0,7,100.00,937,14.9,282.0
2026-05-16T06:24:50,23.0,1274,7941,0,8,100.00,775,13.9,282.1
2026-05-16T06:24:55,24.0,1276,7941,1,7,100.00,903,14.4,282.1
2026-05-16T06:25:01,23.8,1275,7941,0,9,100.00,860,14.6,282.1
2026-05-16T06:25:06,38.4,1282,7941,1,10,100.00,653,24.8,282.1
2026-05-16T06:25:11,29.2,1285,7941,0,11,100.00,828,17.8,282.1
2026-05-16T06:25:16,25.5,1273,7941,0,8,100.00,836,14.8,282.1
2026-05-16T06:25:22,27.0,1281,7941,0,10,100.00,917,16.5,282.1
2026-05-16T06:25:27,28.0,1286,7941,1,9,100.00,814,17.6,282.1
2026-05-16T06:25:32,25.0,1284,7941,0,8,100.00,883,15.4,282.1
2026-05-16T06:25:37,27.6,1276,7941,0,9,100.00,867,16.2,282.1
2026-05-16T06:25:43,25.4,1281,7941,0,9,100.00,847,15.1,282.1
2026-05-16T06:25:48,24.9,1275,7941,0,9,100.00,835,15.6,282.1
2026-05-16T06:25:53,24.7,1274,7941,0,9,100.00,804,15.2,282.1
2026-05-16T06:25:58,24.9,1275,7941,0,9,100.00,880,15.2,282.1
2026-05-16T06:26:04,28.7,1279,7941,0,9,100.00,819,17.4,282.1
2026-05-16T06:26:09,30.4,1279,7941,0,9,100.00,896,18.9,282.1
2026-05-16T06:26:14,25.6,1282,7941,0,9,100.00,833,15.9,282.1
2026-05-16T06:26:20,25.9,1280,7941,0,8,100.00,912,16.1,282.1
2026-05-16T06:26:25,24.4,1274,7941,0,8,100.00,853,14.5,282.1
2026-05-16T06:26:30,24.0,1275,7941,0,9,100.00,807,14.6,282.1
2026-05-16T06:26:35,37.2,1372,7941,0,9,100.00,953,16.0,282.1
2026-05-16T06:26:41,34.5,1368,7941,0,9,100.00,778,15.7,282.1
2026-05-16T06:26:46,24.4,1292,7941,1,7,100.00,801,14.6,282.1
2026-05-16T06:26:51,24.5,1287,7941,0,9,100.00,961,14.9,282.1
2026-05-16T06:26:56,24.7,1285,7941,1,8,100.00,755,15.2,282.1
2026-05-16T06:27:02,26.4,1274,7941,2,9,100.00,989,16.6,282.1
2026-05-16T06:27:07,28.3,1279,7941,0,11,100.00,759,17.3,282.1
2026-05-16T06:27:13,24.6,1273,7941,0,8,100.00,868,15.5,282.1
2026-05-16T06:27:18,27.1,1265,7941,0,7,100.00,982,16.2,282.1
2026-05-16T06:27:23,25.0,1274,7941,0,8,100.00,704,15.3,282.1
2026-05-16T06:27:28,25.1,1275,7941,0,8,100.00,872,15.2,282.1
2026-05-16T06:27:34,24.6,1275,7941,0,8,100.00,873,14.8,282.1
2026-05-16T06:27:39,23.4,1267,7941,0,8,100.00,777,13.8,282.1
2026-05-16T06:27:44,26.3,1276,7941,1,8,100.00,925,15.8,282.1
2026-05-16T06:27:49,25.1,1285,7941,0,9,100.00,848,15.2,282.1
2026-05-16T06:27:55,24.8,1281,7941,0,7,100.00,853,15.3,282.1
2026-05-16T06:28:00,26.1,1283,7941,0,7,100.00,839,16.2,282.1
2026-05-16T06:28:05,24.5,1276,7941,0,8,100.00,896,14.9,282.1
2026-05-16T06:28:10,26.2,1274,7941,0,9,100.00,837,15.8,282.1
2026-05-16T06:28:16,28.5,1276,7941,0,9,100.00,854,17.1,282.1
2026-05-16T06:28:21,28.8,1276,7941,0,9,100.00,807,17.9,282.1
2026-05-16T06:28:26,27.0,1274,7941,1,8,100.00,903,16.7,282.1
2026-05-16T06:28:31,25.5,1269,7941,0,8,100.00,864,15.6,282.1
2026-05-16T06:28:37,25.7,1282,7941,0,9,100.00,840,15.3,282.1
2026-05-16T06:28:42,27.3,1280,7941,0,9,100.00,789,16.4,282.1
2026-05-16T06:28:47,24.8,1266,7941,0,8,100.00,946,15.6,282.1
2026-05-16T06:28:53,24.7,1271,7941,0,8,100.00,802,15.6,282.1
2026-05-16T06:28:58,25.7,1269,7941,0,8,100.00,877,15.6,282.1
2026-05-16T06:29:03,27.3,1272,7941,0,9,100.00,860,16.9,282.1
2026-05-16T06:29:08,26.2,1268,7941,0,9,100.00,838,15.8,282.1
2026-05-16T06:29:14,25.6,1276,7941,1,8,100.00,898,15.9,282.1
2026-05-16T06:29:19,25.6,1281,7941,2,7,100.00,825,15.4,282.1
2026-05-16T06:29:24,28.4,1273,7941,0,9,100.00,878,17.0,282.1
2026-05-16T06:29:29,26.6,1277,7941,0,9,100.00,847,16.1,282.1
2026-05-16T06:29:35,28.9,1272,7941,0,8,100.00,838,17.5,282.1
2026-05-16T06:29:40,31.4,1282,7941,1,8,100.00,848,19.3,282.1
2026-05-16T06:29:45,29.4,1275,7941,0,9,100.00,850,18.0,282.1
2026-05-16T06:29:51,27.3,1274,7941,0,9,100.00,881,16.6,282.1
2026-05-16T06:29:56,28.6,1273,7941,0,8,100.00,838,17.5,282.1
2026-05-16T06:30:01,28.6,1280,7941,0,11,100.00,945,18.9,282.1
2026-05-16T06:30:07,43.6,1278,7941,1,10,100.00,792,28.6,282.1
2026-05-16T06:30:13,33.0,1284,7941,0,11,100.00,775,20.6,282.1
2026-05-16T06:30:18,33.5,1276,7941,2,8,100.00,949,20.7,282.1
2026-05-16T06:30:23,38.0,1280,7941,0,11,100.00,836,24.6,282.1
2026-05-16T06:30:29,31.5,1279,7941,0,11,100.00,879,19.0,282.1
2026-05-16T06:30:34,31.1,1270,7941,0,9,100.00,792,19.0,282.1
2026-05-16T06:30:39,31.2,1277,7941,0,9,100.00,857,19.6,282.1
2026-05-16T06:30:45,28.6,1278,7941,0,9,100.00,890,17.1,282.1
2026-05-16T06:30:50,26.5,1268,7941,0,7,100.00,856,16.6,282.1
2026-05-16T06:30:55,27.6,1274,7941,0,8,100.00,878,16.6,282.1
2026-05-16T06:31:00,25.6,1274,7941,0,8,100.00,753,15.6,282.1
2026-05-16T06:31:06,29.5,1274,7941,0,9,100.00,897,18.1,282.1
2026-05-16T06:31:11,28.2,1274,7941,0,9,100.00,879,17.4,282.1
2026-05-16T06:31:16,27.6,1274,7941,0,9,100.00,769,16.8,282.1
2026-05-16T06:31:22,28.9,1270,7941,0,9,100.00,880,17.8,282.1
2026-05-16T06:31:27,29.3,1271,7941,0,10,100.00,927,18.1,282.1
2026-05-16T06:31:32,27.0,1280,7941,0,10,100.00,848,17.0,282.1
2026-05-16T06:31:38,32.9,1274,7941,0,10,100.00,923,19.7,282.1
2026-05-16T06:31:43,29.0,1279,7941,1,9,100.00,799,17.8,282.1
2026-05-16T06:31:48,26.5,1266,7941,0,8,100.00,813,15.8,282.1
2026-05-16T06:31:53,28.4,1265,7941,0,7,100.00,979,17.3,282.1
2026-05-16T06:31:59,28.4,1274,7941,0,11,100.00,782,17.5,282.1
2026-05-16T06:32:04,33.5,1275,7941,1,10,100.00,852,20.5,282.1
2026-05-16T06:32:09,28.3,1267,7941,1,9,100.00,861,17.2,282.1
2026-05-16T06:32:15,29.5,1278,7941,1,8,100.00,890,18.3,282.1
2026-05-16T06:32:20,30.4,1275,7941,0,10,100.00,857,18.6,282.1
2026-05-16T06:32:25,27.7,1274,7941,0,10,100.00,769,16.4,282.2
2026-05-16T06:32:31,29.5,1271,7941,0,10,100.00,875,18.2,282.2
2026-05-16T06:32:36,29.0,1265,7941,0,8,100.00,957,17.6,282.2
2026-05-16T06:32:41,29.0,1267,7941,0,8,100.00,805,17.8,282.2
2026-05-16T06:32:47,28.8,1272,7941,0,10,100.00,822,17.5,282.2
2026-05-16T06:32:52,26.9,1274,7941,1,8,100.00,932,16.4,282.2
2026-05-16T06:32:57,27.5,1272,7941,2,7,100.00,800,17.2,282.2
2026-05-16T06:33:02,31.1,1270,7941,1,10,100.00,905,19.4,282.2
2026-05-16T06:33:08,29.2,1277,7941,0,11,100.00,718,18.3,282.2
2026-05-16T06:33:13,29.1,1268,7941,0,9,100.00,933,17.5,282.2
2026-05-16T06:33:18,26.6,1266,7941,1,8,100.00,942,16.2,282.2
2026-05-16T06:33:24,27.7,1266,7941,1,8,100.00,831,17.3,282.2
2026-05-16T06:33:29,28.5,1267,7941,0,8,100.00,784,17.5,282.2
2026-05-16T06:33:34,29.8,1268,7941,0,8,100.00,842,18.4,282.2
2026-05-16T06:33:40,28.9,1275,7941,0,8,100.00,907,17.8,282.2
2026-05-16T06:33:45,31.4,1275,7941,0,9,100.00,817,19.1,282.2
2026-05-16T06:33:50,25.3,1273,7941,1,8,100.00,803,15.4,282.2
2026-05-16T06:33:56,29.8,1279,7941,0,9,100.00,891,18.4,282.2
2026-05-16T06:34:01,27.9,1272,7941,0,9,100.00,862,17.3,282.2
2026-05-16T06:34:06,32.6,1273,7941,0,9,100.00,865,20.3,282.2
2026-05-16T06:34:11,28.6,1268,7941,0,9,100.00,913,17.5,282.2
2026-05-16T06:34:17,28.8,1273,7941,1,8,100.00,817,17.6,282.2
2026-05-16T06:34:22,27.0,1273,7941,0,9,100.00,780,16.9,282.2
2026-05-16T06:34:27,28.3,1271,7941,0,10,100.00,867,17.3,282.2
2026-05-16T06:34:33,26.3,1270,7941,0,9,100.00,823,16.3,282.2
2026-05-16T06:34:38,25.6,1269,7941,0,9,100.00,855,15.5,282.2
2026-05-16T06:34:43,23.9,1270,7941,0,7,100.00,857,14.5,282.2
2026-05-16T06:34:48,23.1,1269,7941,0,9,100.00,855,13.7,282.2
2026-05-16T06:34:54,24.5,1272,7941,0,10,100.00,842,15.1,282.2
2026-05-16T06:34:59,24.6,1276,7941,0,10,100.00,814,14.8,282.2
2026-05-16T06:35:04,33.0,1278,7941,1,10,100.00,926,21.1,282.2
2026-05-16T06:35:09,30.1,1273,7941,0,11,100.00,838,19.2,282.2
2026-05-16T06:35:15,24.6,1269,7941,0,9,100.00,762,14.9,282.2
2026-05-16T06:35:20,25.9,1267,7941,0,9,100.00,864,15.8,282.2
2026-05-16T06:35:25,27.3,1272,7941,0,11,100.00,910,16.5,282.2
2026-05-16T06:35:31,23.7,1274,7941,0,11,100.00,878,14.6,282.2
2026-05-16T06:35:36,27.9,1263,7941,0,7,100.00,884,16.5,282.2
2026-05-16T06:35:41,25.8,1267,7941,0,8,100.00,893,16.4,282.2
2026-05-16T06:35:46,24.6,1271,7941,0,9,100.00,783,15.0,282.2
2026-05-16T06:35:52,28.2,1278,7941,0,10,100.00,870,17.7,282.2
2026-05-16T06:35:57,24.0,1274,7941,0,10,100.00,807,14.5,282.2
2026-05-16T06:36:02,30.5,1276,7941,0,11,100.00,876,19.0,282.2
2026-05-16T06:36:08,29.0,1281,7941,1,10,100.00,820,17.8,282.2
2026-05-16T06:36:13,24.1,1272,7941,1,8,100.00,801,14.8,282.2
2026-05-16T06:36:18,27.4,1271,7941,0,9,100.00,937,17.3,282.2
2026-05-16T06:36:23,25.3,1278,7941,0,9,100.00,911,15.5,282.2
2026-05-16T06:36:29,24.2,1270,7941,0,8,100.00,780,14.9,282.2
2026-05-16T06:36:34,27.3,1271,7941,0,8,100.00,841,16.6,282.2
2026-05-16T06:36:39,23.5,1277,7941,0,8,100.00,900,14.7,282.2
2026-05-16T06:36:45,25.2,1272,7941,0,7,100.00,838,15.3,282.2
2026-05-16T06:36:50,23.9,1274,7941,2,8,100.00,777,14.8,282.2
2026-05-16T06:36:55,24.2,1273,7941,0,10,100.00,786,14.9,282.2
2026-05-16T06:37:00,23.1,1274,7941,0,8,100.00,987,14.0,282.2
2026-05-16T06:37:06,27.5,1273,7941,0,9,100.00,847,16.7,282.2
2026-05-16T06:37:11,23.4,1280,7941,0,9,100.00,868,14.3,282.2
2026-05-16T06:37:16,26.4,1273,7941,0,7,100.00,889,16.3,282.2
2026-05-16T06:37:21,23.5,1275,7941,0,7,100.00,823,14.4,282.2
2026-05-16T06:37:27,25.1,1278,7941,0,9,100.00,778,15.0,282.2
2026-05-16T06:37:32,25.1,1282,7941,0,9,100.00,953,15.5,282.2
2026-05-16T06:37:37,28.2,1274,7941,1,8,100.00,840,17.2,282.2
2026-05-16T06:37:42,26.1,1279,7941,0,10,100.00,807,16.3,282.2
2026-05-16T06:37:48,24.2,1268,7941,0,8,100.00,900,14.5,282.2
2026-05-16T06:37:53,26.2,1280,7941,1,7,100.00,837,16.2,282.2
2026-05-16T06:37:58,24.6,1269,7941,0,8,100.00,852,14.8,282.2
2026-05-16T06:38:04,26.6,1275,7941,0,9,100.00,880,16.6,282.2
2026-05-16T06:38:09,24.0,1279,7941,0,9,100.00,740,14.6,282.2
2026-05-16T06:38:14,26.1,1269,7941,0,8,100.00,988,16.2,282.2
2026-05-16T06:38:19,25.1,1277,7941,0,9,100.00,863,15.6,282.2
2026-05-16T06:38:25,27.0,1273,7941,0,9,100.00,726,16.7,282.2
2026-05-16T06:38:30,24.7,1269,7941,0,8,100.00,912,15.3,282.2
2026-05-16T06:38:35,25.1,1273,7941,0,8,100.00,852,15.0,282.2
2026-05-16T06:38:40,25.3,1275,7941,0,9,100.00,866,15.7,282.2
2026-05-16T06:38:46,24.3,1281,7941,0,9,100.00,793,14.6,282.2
2026-05-16T06:38:51,23.6,1279,7941,0,7,100.00,923,14.4,282.2
2026-05-16T06:38:56,26.8,1271,7941,0,9,100.00,793,16.2,282.2
2026-05-16T06:39:02,26.1,1272,7941,1,10,100.00,958,16.8,282.2
2026-05-16T06:39:07,37.2,1276,7941,2,9,100.00,841,24.2,282.2
2026-05-16T06:39:13,27.4,1275,7941,0,9,100.00,820,17.2,282.2
2026-05-16T06:39:18,24.8,1273,7941,0,8,100.00,762,15.1,282.2
2026-05-16T06:39:23,27.6,1277,7941,0,11,100.00,951,16.7,282.2
2026-05-16T06:39:28,23.7,1274,7941,0,11,100.00,826,14.6,282.2
2026-05-16T06:39:34,23.8,1264,7941,0,8,100.00,927,14.6,282.2
2026-05-16T06:39:39,26.9,1267,7941,0,8,100.00,911,16.1,282.2
2026-05-16T06:39:44,25.0,1264,7941,0,8,100.00,682,15.3,282.2
2026-05-16T06:39:49,26.3,1268,7941,0,9,100.00,874,16.0,282.2
2026-05-16T06:39:55,26.9,1273,7941,0,9,100.00,938,16.4,282.2
2026-05-16T06:40:00,23.4,1279,7941,1,7,100.00,794,14.1,282.2
2026-05-16T06:40:05,41.7,1276,7941,0,11,100.00,857,25.7,282.2
2026-05-16T06:40:11,31.0,1278,7941,0,11,100.00,780,19.4,282.2
2026-05-16T06:40:16,29.0,1266,7941,0,8,100.00,921,17.7,282.2
2026-05-16T06:40:21,31.8,1271,7941,0,9,100.00,871,19.3,282.2
2026-05-16T06:40:27,25.8,1269,7941,0,8,100.00,772,15.5,282.2
2026-05-16T06:40:32,25.9,1271,7941,0,9,100.00,890,16.1,282.2
2026-05-16T06:40:37,26.0,1273,7941,0,9,100.00,902,15.9,282.2
2026-05-16T06:40:43,22.7,1279,7941,0,9,100.00,759,14.0,282.2
2026-05-16T06:40:48,27.2,1273,7941,0,8,100.00,978,16.3,282.2
2026-05-16T06:40:53,24.9,1274,7941,0,9,100.00,804,15.2,282.2
2026-05-16T06:40:58,26.7,1277,7941,1,8,100.00,860,16.4,282.2
2026-05-16T06:41:04,32.3,1278,7941,1,10,100.00,937,20.2,282.2
2026-05-16T06:41:09,26.9,1276,7941,0,11,100.00,783,16.6,282.2
2026-05-16T06:41:14,26.1,1273,7941,0,8,100.00,838,15.7,282.2
2026-05-16T06:41:20,26.3,1274,7941,1,7,100.00,915,16.6,282.2
2026-05-16T06:41:25,27.2,1267,7941,0,7,100.00,867,16.4,282.2
2026-05-16T06:41:30,25.2,1274,7941,0,8,100.00,839,15.6,282.2
2026-05-16T06:41:36,25.1,1277,7941,0,8,100.00,778,14.8,282.2
2026-05-16T06:41:41,23.6,1278,7941,0,8,100.00,808,14.8,282.2
2026-05-16T06:41:46,25.3,1279,7941,0,8,100.00,901,15.2,282.2
2026-05-16T06:41:51,23.7,1270,7941,0,8,100.00,954,14.8,282.2
2026-05-16T06:41:57,26.3,1268,7941,0,8,100.00,715,15.8,282.2
2026-05-16T06:42:02,26.7,1277,7941,1,7,100.00,943,16.5,282.2
2026-05-16T06:42:07,27.6,1270,7941,0,8,100.00,813,16.4,282.2
2026-05-16T06:42:12,21.5,1269,7941,0,8,100.00,797,13.2,282.2
2026-05-16T06:42:18,22.6,1267,7941,0,8,100.00,892,13.5,282.2
2026-05-16T06:42:23,23.9,1272,7941,0,8,100.00,940,13.9,282.2
2026-05-16T06:42:28,21.7,1268,7941,1,8,100.00,812,13.1,282.2
2026-05-16T06:42:33,19.9,1271,7941,0,9,100.00,799,11.9,282.2
2026-05-16T06:42:39,23.0,1267,7941,0,9,100.00,894,13.8,282.2
2026-05-16T06:42:44,21.3,1266,7941,0,8,100.00,787,12.8,282.2
2026-05-16T06:42:49,21.2,1266,7941,0,8,100.00,889,13.1,282.2
2026-05-16T06:42:54,21.1,1266,7941,1,7,100.00,810,12.8,282.2
2026-05-16T06:43:00,20.7,1270,7941,0,9,100.00,808,12.5,282.2
2026-05-16T06:43:05,24.6,1272,7941,0,8,100.00,979,14.9,282.2
2026-05-16T06:43:10,21.6,1266,7941,0,9,100.00,783,13.6,282.2
2026-05-16T06:43:15,23.0,1266,7941,0,9,100.00,895,13.7,282.2
2026-05-16T06:43:21,22.5,1271,7941,0,8,100.00,797,13.4,282.2
2026-05-16T06:43:26,22.5,1261,7941,0,8,100.00,853,13.8,282.2
2026-05-16T06:43:31,24.9,1271,7941,0,8,100.00,915,15.3,282.2
2026-05-16T06:43:36,23.4,1268,7941,1,7,100.00,744,14.2,282.2
2026-05-16T06:43:42,24.1,1265,7941,0,7,100.00,848,14.6,282.2
2026-05-16T06:43:47,23.9,1266,7941,0,7,100.00,923,14.5,282.2
2026-05-16T06:43:52,23.8,1274,7941,0,11,100.00,829,14.8,282.2
2026-05-16T06:43:57,23.0,1276,7941,1,10,100.00,806,13.9,282.2
2026-05-16T06:44:03,23.9,1274,7941,0,9,100.00,836,14.8,282.2
2026-05-16T06:44:08,23.6,1267,7941,0,8,100.00,904,14.4,282.2
2026-05-16T06:44:13,22.5,1282,7941,0,9,100.00,896,14.0,282.2
2026-05-16T06:44:18,24.3,1271,7941,0,9,100.00,812,15.0,282.2
2026-05-16T06:44:24,23.6,1269,7941,0,8,100.00,810,14.8,282.2
2026-05-16T06:44:29,22.0,1270,7941,0,7,100.00,915,13.4,282.2
2026-05-16T06:44:34,22.0,1262,7941,0,8,100.00,800,13.6,282.2
2026-05-16T06:44:39,22.2,1266,7941,0,8,100.00,883,13.7,282.2
2026-05-16T06:44:45,24.0,1264,7941,0,7,100.00,713,14.4,282.2
2026-05-16T06:44:50,22.5,1268,7941,0,7,100.00,950,13.9,282.2
2026-05-16T06:44:55,24.2,1267,7941,1,9,100.00,800,14.5,282.2
2026-05-16T06:45:00,23.3,1270,7941,0,10,100.00,920,14.8,282.2
2026-05-16T06:45:06,40.7,1269,7941,1,10,100.00,859,25.5,282.2
2026-05-16T06:45:11,29.6,1276,7941,0,11,100.00,859,18.2,282.2
2026-05-16T06:45:16,22.4,1265,7941,0,8,100.00,728,13.3,282.2
2026-05-16T06:45:22,26.5,1270,7941,0,10,100.00,857,16.2,282.2
2026-05-16T06:45:27,25.0,1270,7941,0,10,100.00,882,14.8,282.2
2026-05-16T06:45:32,22.9,1260,7941,0,7,100.00,865,13.9,282.2
2026-05-16T06:45:37,23.4,1270,7941,0,7,100.00,972,14.0,282.2
2026-05-16T06:45:43,21.4,1273,7941,0,9,100.00,712,13.2,282.2
2026-05-16T06:45:48,23.5,1273,7941,0,9,100.00,877,14.5,282.2
2026-05-16T06:45:53,23.9,1267,7941,0,8,100.00,930,14.9,282.2
2026-05-16T06:45:58,21.6,1268,7941,0,8,100.00,901,13.1,282.2
2026-05-16T06:46:03,24.5,1271,7941,0,8,100.00,802,15.3,282.2
2026-05-16T06:46:09,23.7,1274,7941,0,8,100.00,795,15.1,282.2
2026-05-16T06:46:14,22.9,1267,7941,0,7,100.00,861,14.2,282.2
2026-05-16T06:46:19,23.2,1275,7941,0,8,100.00,883,14.2,282.2
2026-05-16T06:46:24,23.6,1274,7941,0,8,100.00,810,14.8,282.2
2026-05-16T06:46:30,23.1,1266,7941,0,7,100.00,824,14.3,282.2
2026-05-16T06:46:35,25.6,1269,7941,0,8,100.00,972,15.7,282.2
2026-05-16T06:46:40,22.3,1273,7941,0,8,100.00,747,13.8,282.2
2026-05-16T06:46:45,24.5,1267,7941,0,8,100.00,879,14.9,282.2
2026-05-16T06:46:51,24.7,1270,7941,1,7,100.00,893,15.1,282.2
2026-05-16T06:46:56,25.2,1269,7941,0,8,100.00,792,15.2,282.2
2026-05-16T06:47:01,25.1,1267,7941,0,9,100.00,939,15.2,282.2
2026-05-16T06:47:07,23.9,1268,7941,1,8,100.00,757,15.0,282.2
2026-05-16T06:47:12,22.2,1269,7941,0,8,100.00,952,13.8,282.2
2026-05-16T06:47:17,23.8,1265,7941,0,8,100.00,841,14.2,282.2
2026-05-16T06:47:22,21.6,1265,7941,0,8,100.00,702,13.5,282.2
2026-05-16T06:47:27,24.7,1271,7941,0,8,100.00,938,15.1,282.2
2026-05-16T06:47:33,21.7,1273,7941,0,8,100.00,887,13.2,282.2
2026-05-16T06:47:38,23.4,1260,7941,0,8,100.00,833,13.7,282.2
2026-05-16T06:47:43,25.7,1268,7941,0,8,100.00,875,15.8,282.2
2026-05-16T06:47:48,23.3,1276,7941,0,8,100.00,834,14.3,282.2
2026-05-16T06:47:54,26.7,1277,7941,0,8,100.00,902,16.3,282.2
2026-05-16T06:47:59,27.3,1273,7941,0,8,100.00,816,16.5,282.2
2026-05-16T06:48:04,33.9,1275,7941,0,11,100.00,780,22.1,282.2
2026-05-16T06:48:10,30.1,1274,7941,1,10,100.00,936,18.9,282.2
2026-05-16T06:48:15,29.3,1265,7941,0,9,100.00,780,18.1,282.2
2026-05-16T06:48:20,29.2,1269,7941,0,8,100.00,865,18.1,282.2
2026-05-16T06:48:26,33.2,1276,7941,0,10,100.00,935,20.2,282.2
2026-05-16T06:48:31,28.1,1278,7941,0,10,100.00,804,17.4,282.2
2026-05-16T06:48:36,32.0,1264,7941,0,10,100.00,882,19.4,282.2
2026-05-16T06:48:42,28.7,1274,7941,0,10,100.00,853,17.6,282.2
2026-05-16T06:48:47,27.6,1276,7941,0,9,100.00,784,17.0,282.2
2026-05-16T06:48:52,29.4,1277,7941,0,9,100.00,891,17.5,282.2
2026-05-16T06:48:57,28.3,1269,7941,0,8,100.00,845,17.2,282.2
2026-05-16T06:49:03,30.6,1270,7941,2,9,100.00,838,19.2,282.2
2026-05-16T06:49:08,32.7,1277,7941,0,11,100.00,803,20.2,282.2
2026-05-16T06:49:14,26.9,1266,7941,0,9,100.00,900,16.4,282.2
2026-05-16T06:49:19,27.0,1266,7941,0,9,100.00,914,16.1,282.2
2026-05-16T06:49:24,31.4,1267,7941,0,10,100.00,783,19.4,282.2
2026-05-16T06:49:29,26.6,1271,7941,0,10,100.00,832,16.2,282.2
2026-05-16T06:49:35,31.0,1272,7941,0,8,100.00,931,18.9,282.2
2026-05-16T06:49:40,25.5,1271,7941,0,9,100.00,797,15.3,282.2
2026-05-16T06:49:45,27.1,1262,7941,0,9,100.00,924,16.5,282.2
2026-05-16T06:49:51,26.6,1267,7941,0,9,100.00,851,16.2,282.2
2026-05-16T06:49:56,26.6,1262,7941,1,6,100.00,800,16.1,282.2
2026-05-16T06:50:01,29.1,1269,7941,0,11,100.00,982,18.0,282.2
2026-05-16T06:50:07,39.5,1269,7941,1,10,100.00,702,27.8,282.2
2026-05-16T06:50:12,29.2,1272,7941,1,10,100.00,771,17.7,282.2
2026-05-16T06:50:18,32.1,1271,7941,0,9,100.00,939,19.6,282.2
2026-05-16T06:50:23,31.7,1268,7941,0,9,100.00,840,19.6,282.2
2026-05-16T06:50:28,28.3,1266,7941,1,8,100.00,891,17.2,282.2
2026-05-16T06:50:34,30.0,1268,7941,0,11,100.00,854,18.6,282.2
2026-05-16T06:50:39,29.1,1272,7941,1,10,100.00,866,17.6,282.2
2026-05-16T06:50:44,30.7,1267,7941,0,9,100.00,838,18.4,282.2
2026-05-16T06:50:50,28.0,1272,7941,0,9,100.00,861,17.2,282.2
2026-05-16T06:50:55,26.6,1259,7941,1,6,100.00,910,16.1,282.2
2026-05-16T06:51:00,28.0,1268,7941,0,9,100.00,811,16.8,282.2
2026-05-16T06:51:05,31.8,1272,7941,0,10,100.00,844,19.4,282.2
2026-05-16T06:51:11,27.2,1275,7941,0,10,100.00,889,16.9,282.2
2026-05-16T06:51:16,27.2,1266,7941,0,8,100.00,900,16.3,282.2
2026-05-16T06:51:21,26.3,1268,7941,0,8,100.00,841,16.1,282.2
2026-05-16T06:51:27,26.9,1272,7941,1,9,100.00,834,16.7,282.2
2026-05-16T06:51:32,23.4,1277,7941,0,10,100.00,822,14.3,282.2
2026-05-16T06:51:37,24.1,1271,7941,1,8,100.00,848,14.2,282.2
2026-05-16T06:51:43,23.4,1269,7941,0,7,100.00,947,14.2,282.2
2026-05-16T06:51:48,23.9,1269,7941,1,8,100.00,804,14.4,282.2
2026-05-16T06:51:53,23.4,1267,7941,1,7,100.00,844,14.4,282.2
2026-05-16T06:51:58,23.2,1267,7941,0,8,100.00,881,14.1,282.2
2026-05-16T06:52:04,27.3,1262,7941,0,7,100.00,815,16.9,282.2
2026-05-16T06:52:09,25.3,1268,7941,2,5,100.00,811,15.2,282.2
2026-05-16T06:52:14,28.1,1272,7941,0,10,100.00,869,16.8,282.2
2026-05-16T06:52:19,29.1,1281,7941,0,10,100.00,827,17.9,282.2
2026-05-16T06:52:25,28.9,1277,7941,0,10,100.00,918,17.4,282.2
2026-05-16T06:52:30,27.5,1276,7941,0,10,100.00,824,17.2,282.2
2026-05-16T06:52:35,26.9,1273,7941,1,9,100.00,881,16.0,282.2
2026-05-16T06:52:40,26.6,1273,7941,1,9,100.00,762,16.2,282.2
2026-05-16T06:52:46,31.5,1267,7941,0,10,100.00,963,19.4,282.2
2026-05-16T06:52:51,27.3,1268,7941,1,8,100.00,805,16.8,282.2
2026-05-16T06:52:56,28.8,1272,7941,0,9,100.00,919,17.5,282.2
2026-05-16T06:53:02,28.8,1280,7941,0,11,100.00,740,17.9,282.2
2026-05-16T06:53:07,30.3,1271,7941,0,11,100.00,789,18.6,282.2
2026-05-16T06:53:12,29.1,1266,7941,0,9,100.00,1013,17.8,282.2
2026-05-16T06:53:18,29.3,1268,7941,1,8,100.00,776,17.9,282.2
2026-05-16T06:53:23,29.9,1263,7941,0,9,100.00,866,18.1,282.2
2026-05-16T06:53:28,27.0,1262,7941,0,8,100.00,887,16.3,282.2
2026-05-16T06:53:34,26.7,1267,7941,1,7,100.00,841,15.9,282.2
2026-05-16T06:53:39,29.7,1268,7941,0,10,100.00,841,17.8,282.2
2026-05-16T06:53:44,27.9,1260,7941,0,8,100.00,857,17.2,282.2
2026-05-16T06:53:49,26.0,1265,7941,2,6,100.00,870,15.7,282.2
2026-05-16T06:53:55,29.5,1263,7941,0,9,100.00,832,17.6,282.2
2026-05-16T06:54:00,27.6,1267,7941,0,9,100.00,863,17.3,282.2
2026-05-16T06:54:05,35.0,1271,7941,0,10,100.00,836,21.8,282.2
2026-05-16T06:54:11,27.4,1273,7941,0,10,100.00,852,16.7,282.2
2026-05-16T06:54:16,28.0,1274,7941,0,8,100.00,846,16.5,282.2
2026-05-16T06:54:21,27.6,1275,7941,0,8,100.00,912,17.0,282.2
2026-05-16T06:54:27,29.4,1282,7941,0,11,100.00,760,17.9,282.2
2026-05-16T06:54:32,26.4,1270,7941,1,8,100.00,936,16.1,282.2
2026-05-16T06:54:37,28.4,1264,7941,0,9,100.00,737,17.2,282.2
2026-05-16T06:54:42,27.6,1264,7941,0,9,100.00,905,17.1,282.2
2026-05-16T06:54:48,29.4,1268,7941,0,9,100.00,941,17.6,282.2
2026-05-16T06:54:53,28.4,1270,7941,0,9,100.00,838,17.6,282.2
2026-05-16T06:54:58,26.7,1269,7941,0,9,100.00,827,16.2,282.2
2026-05-16T06:55:04,34.0,1269,7941,0,11,100.00,835,22.9,282.2
2026-05-16T06:55:09,34.1,1274,7941,0,11,100.00,845,22.0,282.2
2026-05-16T06:55:15,27.4,1273,7941,0,10,100.00,751,17.0,282.2
2026-05-16T06:55:20,27.6,1277,7941,0,10,100.00,912,16.9,282.2
2026-05-16T06:55:25,26.1,1271,7941,0,10,100.00,870,16.0,282.2
2026-05-16T06:55:30,26.3,1273,7941,0,9,100.00,829,16.4,282.2
2026-05-16T06:55:36,30.2,1275,7941,0,10,100.00,853,18.0,282.2
2026-05-16T06:55:41,26.9,1282,7941,0,10,100.00,851,16.2,282.2
2026-05-16T06:55:46,27.2,1269,7941,0,9,100.00,846,16.8,282.2
2026-05-16T06:55:51,26.0,1269,7941,0,7,100.00,837,16.1,282.2
2026-05-16T06:55:57,28.0,1268,7941,0,8,100.00,844,17.5,282.2
2026-05-16T06:56:02,25.5,1270,7941,0,8,100.00,831,15.8,282.2
2026-05-16T06:56:07,29.5,1271,7941,0,8,100.00,907,17.9,282.2
2026-05-16T06:56:13,27.0,1272,7941,1,8,100.00,871,16.2,282.2
2026-05-16T06:56:18,27.7,1281,7941,0,9,100.00,801,17.1,282.2
2026-05-16T06:56:23,27.8,1277,7941,1,9,100.00,857,17.1,282.2
2026-05-16T06:56:28,27.3,1269,7941,0,10,100.00,880,16.8,282.2
2026-05-16T06:56:34,28.1,1273,7941,0,8,100.00,915,17.1,282.2
2026-05-16T06:56:39,28.5,1279,7941,0,9,100.00,834,17.3,282.2
2026-05-16T06:56:44,28.1,1269,7941,0,9,100.00,861,17.4,282.2
2026-05-16T06:56:50,27.4,1273,7941,0,9,100.00,815,16.8,282.2
2026-05-16T06:56:55,29.1,1270,7941,0,9,100.00,826,17.8,282.2
2026-05-16T06:57:00,27.6,1269,7941,0,9,100.00,923,16.8,282.2
2026-05-16T06:57:05,30.0,1270,7941,0,10,100.00,657,18.1,282.2
2026-05-16T06:57:11,29.6,1271,7941,0,10,100.00,952,18.1,282.2
2026-05-16T06:57:16,28.2,1271,7941,0,9,100.00,833,17.2,282.2
2026-05-16T06:57:21,28.2,1276,7941,1,8,100.00,948,17.6,282.2
2026-05-16T06:57:27,28.1,1273,7941,0,10,100.00,922,16.9,282.2
2026-05-16T06:57:32,28.9,1272,7941,0,10,100.00,723,17.9,282.2
2026-05-16T06:57:37,29.7,1273,7941,0,10,100.00,931,17.8,282.2
2026-05-16T06:57:43,25.9,1275,7941,1,9,100.00,788,16.0,282.2
2026-05-16T06:57:48,25.2,1272,7941,0,9,100.00,809,15.2,282.2
2026-05-16T06:57:53,26.2,1274,7941,0,9,100.00,901,16.4,282.2
2026-05-16T06:57:58,25.6,1269,7941,0,8,100.00,860,15.3,282.2
2026-05-16T06:58:04,46.1,1303,7941,0,11,100.00,847,17.4,282.2
2026-05-16T06:58:09,25.2,1283,7941,2,9,100.00,845,15.7,282.2
2026-05-16T06:58:14,26.1,1267,7941,1,7,100.00,834,16.2,282.2
2026-05-16T06:58:20,26.9,1278,7941,0,7,100.00,873,16.4,282.2
2026-05-16T06:58:25,28.6,1274,7941,0,8,100.00,949,17.4,282.2
2026-05-16T06:58:30,27.6,1278,7941,0,8,100.00,796,16.8,282.2
2026-05-16T06:58:36,28.9,1274,7941,0,8,100.00,808,17.8,282.2
2026-05-16T06:58:41,27.6,1275,7941,0,8,100.00,852,17.0,282.2
2026-05-16T06:58:46,27.9,1279,7941,0,10,100.00,933,16.7,282.2
2026-05-16T06:58:51,27.2,1286,7941,0,10,100.00,765,16.5,282.2
2026-05-16T06:58:57,28.0,1284,7941,1,8,100.00,903,16.7,282.2
2026-05-16T06:59:02,28.1,1278,7941,0,10,100.00,865,16.9,282.2
2026-05-16T06:59:07,29.0,1276,7941,0,10,100.00,919,17.6,282.2
2026-05-16T06:59:13,30.1,1277,7941,1,8,100.00,847,18.2,282.2
2026-05-16T06:59:18,29.8,1281,7941,0,10,100.00,885,17.5,282.2
2026-05-16T06:59:23,30.7,1280,7941,0,11,100.00,741,18.7,282.2
2026-05-16T06:59:29,30.1,1279,7941,0,11,100.00,955,18.6,282.2
2026-05-16T06:59:34,29.3,1277,7941,0,10,100.00,805,17.9,282.2
2026-05-16T06:59:39,30.3,1276,7941,1,9,100.00,855,18.1,282.2
2026-05-16T06:59:45,29.2,1276,7941,0,10,100.00,862,17.8,282.2
2026-05-16T06:59:50,26.7,1279,7941,0,9,100.00,753,16.3,282.2
2026-05-16T06:59:55,28.6,1272,7941,0,9,100.00,990,17.2,282.2
2026-05-16T07:00:00,29.8,1278,7941,0,9,100.00,828,17.9,282.2
2026-05-16T07:00:06,39.7,1313,7941,0,11,100.00,692,26.2,282.2
2026-05-16T07:00:12,39.2,1310,7941,0,11,100.00,563,29.0,282.2
2026-05-16T07:00:17,42.0,1313,7941,0,11,100.00,874,27.2,282.2
2026-05-16T07:00:23,36.8,1311,7941,0,11,100.00,851,23.4,282.2
2026-05-16T07:00:28,38.4,1310,7941,0,11,100.00,840,23.7,282.2
2026-05-16T07:00:33,38.1,1312,7941,1,10,100.00,863,24.0,282.2
2026-05-16T07:00:39,33.6,1313,7941,0,11,100.00,777,20.6,282.2
2026-05-16T07:00:44,35.6,1315,7941,1,10,100.00,907,21.4,282.2
2026-05-16T07:00:50,33.1,1312,7941,0,11,100.00,889,20.2,282.2
2026-05-16T07:00:55,36.9,1305,7941,0,11,100.00,882,22.4,282.2
2026-05-16T07:01:00,35.3,1312,7941,0,11,100.00,897,22.1,282.9
2026-05-16T07:01:06,39.7,1304,7941,0,10,100.00,783,25.2,282.9
2026-05-16T07:01:11,38.7,1313,7941,1,10,100.00,862,24.1,282.9
2026-05-16T07:01:17,36.0,1312,7941,1,10,100.00,839,22.4,282.9
2026-05-16T07:01:22,34.5,1317,7941,0,11,100.00,856,21.2,282.9
2026-05-16T07:01:27,34.9,1311,7941,1,10,100.00,910,21.4,282.9
2026-05-16T07:01:33,31.8,1308,7941,1,9,100.00,879,19.4,282.9
2026-05-16T07:01:38,33.2,1306,7941,0,10,100.00,826,19.4,282.9
2026-05-16T07:01:43,33.1,1305,7941,1,9,100.00,871,20.1,282.9
2026-05-16T07:01:49,30.7,1301,7941,0,9,100.00,835,18.2,282.9
2026-05-16T07:01:54,34.2,1299,7941,1,9,100.00,866,20.6,283.5
2026-05-16T07:01:59,30.7,1306,7941,0,10,100.00,759,18.6,283.5
2026-05-16T07:02:05,35.8,1303,7941,0,11,100.00,854,22.3,283.5
2026-05-16T07:02:10,32.4,1307,7941,0,11,100.00,941,20.1,283.5
2026-05-16T07:02:15,31.3,1305,7941,1,9,100.00,827,19.2,283.5
2026-05-16T07:02:21,29.7,1292,7941,0,8,100.00,866,18.4,283.5
2026-05-16T07:02:26,34.4,1304,7941,0,10,100.00,846,21.4,283.5
2026-05-16T07:02:31,29.8,1302,7941,1,9,100.00,908,18.3,283.5
2026-05-16T07:02:37,33.9,1302,7941,0,10,100.00,836,20.8,283.5
2026-05-16T07:02:42,30.8,1300,7941,0,10,100.00,793,19.0,283.5
2026-05-16T07:02:47,28.0,1301,7941,0,9,100.00,908,17.3,283.5
2026-05-16T07:02:53,32.6,1308,7941,0,11,100.00,867,20.2,283.5
2026-05-16T07:02:58,27.8,1312,7941,1,10,100.00,875,16.7,283.5
2026-05-16T07:03:03,34.5,1312,7941,0,11,100.00,827,21.9,283.5
2026-05-16T07:03:09,34.5,1307,7941,1,10,100.00,849,21.3,283.5
2026-05-16T07:03:14,30.6,1305,7941,0,11,100.00,824,18.6,283.5
2026-05-16T07:03:19,31.3,1294,7941,0,8,100.00,921,19.1,283.5
2026-05-16T07:03:25,32.1,1298,7941,1,9,100.00,865,19.9,283.5
2026-05-16T07:03:30,30.5,1306,7941,0,10,100.00,729,18.9,283.5
2026-05-16T07:03:35,33.8,1305,7941,1,10,100.00,913,20.8,283.5
2026-05-16T07:03:41,30.4,1301,7941,0,11,100.00,837,18.4,283.5
2026-05-16T07:03:46,31.0,1295,7941,1,8,100.00,865,18.9,283.5
2026-05-16T07:03:51,30.2,1304,7941,0,11,100.00,894,18.7,283.5
2026-05-16T07:03:57,29.8,1304,7941,1,10,100.00,774,18.4,283.5
2026-05-16T07:04:02,33.3,1302,7941,0,11,100.00,1018,20.8,283.5
2026-05-16T07:04:07,35.2,1288,7941,0,11,100.00,774,21.4,283.5
2026-05-16T07:04:13,28.2,1274,7941,0,11,100.00,791,17.5,283.5
2026-05-16T07:04:18,28.2,1263,7941,0,10,100.00,885,16.8,283.5
2026-05-16T07:04:23,27.5,1267,7941,0,10,100.00,886,16.9,283.5
2026-05-16T07:04:29,28.1,1267,7941,0,10,100.00,885,17.1,283.5
2026-05-16T07:04:34,28.7,1270,7941,0,10,100.00,787,17.5,283.5
2026-05-16T07:04:39,27.4,1272,7941,0,9,100.00,868,16.9,283.5
2026-05-16T07:04:45,28.0,1264,7941,0,8,100.00,842,17.1,283.5
2026-05-16T07:04:50,25.4,1265,7941,1,7,100.00,870,15.4,283.5
2026-05-16T07:04:55,25.7,1262,7941,0,8,100.00,842,15.6,283.5
2026-05-16T07:05:00,24.4,1270,7941,1,7,100.00,864,15.0,283.5
2026-05-16T07:05:06,38.3,1270,7941,0,11,100.00,803,23.6,283.5
2026-05-16T07:05:11,27.9,1275,7941,0,11,100.00,895,17.2,283.5
2026-05-16T07:05:16,25.1,1264,7941,0,9,100.00,793,14.9,283.5
2026-05-16T07:05:22,26.6,1257,7941,0,7,100.00,904,16.5,283.5
2026-05-16T07:05:27,28.3,1265,7941,0,8,100.00,852,17.4,283.5
2026-05-16T07:05:32,29.1,1268,7941,0,8,100.00,870,17.5,283.5
2026-05-16T07:05:37,28.2,1266,7941,0,8,100.00,795,16.9,283.5
2026-05-16T07:05:43,25.0,1262,7941,1,6,100.00,878,15.3,283.5
2026-05-16T07:05:48,25.0,1263,7941,0,7,100.00,823,15.2,283.5
2026-05-16T07:05:53,27.3,1266,7941,0,9,100.00,896,16.7,283.5
2026-05-16T07:05:59,25.7,1268,7941,0,9,100.00,808,15.6,283.5
2026-05-16T07:06:04,31.1,1275,7941,0,11,100.00,883,19.3,283.5
2026-05-16T07:06:09,25.5,1276,7941,0,11,100.00,792,15.6,283.5
2026-05-16T07:06:14,24.3,1268,7941,0,9,100.00,899,14.5,283.5
2026-05-16T07:06:20,26.2,1268,7941,0,10,100.00,867,15.8,283.5
2026-05-16T07:06:25,24.5,1269,7941,1,9,100.00,821,14.9,283.5
2026-05-16T07:06:30,23.7,1260,7941,0,8,100.00,848,14.8,283.5
2026-05-16T07:06:35,25.7,1265,7941,0,8,100.00,976,15.6,283.5
2026-05-16T07:06:41,22.7,1275,7941,0,8,100.00,772,14.1,283.5
2026-05-16T07:06:46,23.7,1260,7941,1,6,100.00,852,14.5,283.5
2026-05-16T07:06:51,24.9,1269,7941,0,7,100.00,947,15.6,283.5
2026-05-16T07:06:56,23.6,1266,7941,1,7,100.00,778,14.1,283.5
2026-05-16T07:07:02,23.0,1267,7941,0,8,100.00,817,14.1,283.5
2026-05-16T07:07:07,24.5,1267,7941,0,9,100.00,839,15.0,283.5
2026-05-16T07:07:12,22.8,1270,7941,0,9,100.00,873,14.3,283.5
2026-05-16T07:07:18,23.8,1270,7941,0,8,100.00,955,14.0,283.5
2026-05-16T07:07:23,24.9,1271,7941,1,7,100.00,776,15.3,283.5
2026-05-16T07:07:28,24.5,1262,7941,0,7,100.00,885,15.0,283.5
2026-05-16T07:07:33,23.8,1262,7941,0,7,100.00,765,14.9,283.5
2026-05-16T07:07:39,25.8,1262,7941,0,7,100.00,904,15.4,283.5
2026-05-16T07:07:44,23.9,1263,7941,0,8,100.00,889,14.2,283.5
2026-05-16T07:07:49,23.3,1264,7941,0,8,100.00,784,14.2,283.5
2026-05-16T07:07:54,26.5,1266,7941,0,8,100.00,925,16.4,283.5
2026-05-16T07:08:00,24.1,1266,7941,0,8,100.00,783,14.9,283.5
2026-05-16T07:08:05,29.0,1269,7941,0,9,100.00,851,17.6,283.5
2026-05-16T07:08:10,23.5,1278,7941,1,8,100.00,848,14.4,283.5
2026-05-16T07:08:16,24.1,1264,7941,0,7,100.00,886,14.6,283.5
2026-05-16T07:08:21,23.5,1264,7941,0,8,100.00,904,14.2,283.5
2026-05-16T07:08:26,23.6,1268,7941,0,8,100.00,853,14.2,283.5
2026-05-16T07:08:31,22.6,1265,7941,0,7,100.00,810,13.6,283.5
2026-05-16T07:08:37,25.7,1258,7941,0,6,100.00,886,15.8,283.5
2026-05-16T07:08:42,23.6,1269,7941,0,9,100.00,804,14.6,283.5
2026-05-16T07:08:47,24.1,1269,7941,0,9,100.00,863,14.1,283.5
2026-05-16T07:08:53,24.1,1272,7941,0,9,100.00,886,14.8,283.5
2026-05-16T07:08:58,23.1,1274,7941,0,8,100.00,860,14.0,283.5
2026-05-16T07:09:03,32.2,1278,7941,0,11,100.00,888,20.9,283.5
2026-05-16T07:09:09,32.2,1272,7941,0,11,100.00,801,20.2,283.5
2026-05-16T07:09:14,23.5,1271,7941,0,10,100.00,873,14.2,283.5
2026-05-16T07:09:19,24.1,1269,7941,1,7,100.00,810,14.6,283.5
2026-05-16T07:09:24,23.8,1259,7941,0,7,100.00,844,14.4,283.5
2026-05-16T07:09:30,24.5,1268,7941,0,7,100.00,864,15.5,283.5
2026-05-16T07:09:35,25.6,1273,7941,0,10,100.00,870,14.9,283.5
2026-05-16T07:09:40,22.8,1273,7941,0,10,100.00,822,13.8,283.5
2026-05-16T07:09:45,23.6,1267,7941,0,8,100.00,816,14.1,283.5
2026-05-16T07:09:51,23.4,1271,7941,0,8,100.00,884,14.3,283.5
2026-05-16T07:09:56,24.5,1261,7941,0,7,100.00,854,14.9,283.5
2026-05-16T07:10:01,25.9,1269,7941,0,8,100.00,975,15.8,283.5
2026-05-16T07:10:07,40.9,1273,7941,0,11,100.00,743,28.1,283.9
2026-05-16T07:10:12,35.4,1272,7941,1,10,100.00,861,22.9,283.9
2026-05-16T07:10:18,33.5,1273,7941,0,10,100.00,835,20.8,283.9
2026-05-16T07:10:23,33.3,1271,7941,0,11,100.00,832,20.5,283.9
2026-05-16T07:10:28,26.9,1274,7941,0,11,100.00,819,16.5,283.9
2026-05-16T07:10:34,24.0,1269,7941,0,8,100.00,920,14.9,283.9
2026-05-16T07:10:39,25.9,1265,7941,1,6,100.00,905,15.8,283.9
2026-05-16T07:10:44,25.2,1269,7941,0,8,100.00,748,15.3,283.9
2026-05-16T07:10:49,23.3,1273,7941,0,8,100.00,888,14.6,283.9
2026-05-16T07:10:55,25.0,1274,7941,0,9,100.00,894,15.3,283.9
2026-05-16T07:11:00,22.8,1272,7941,0,9,100.00,818,13.9,283.9
2026-05-16T07:11:05,28.5,1271,7941,0,9,100.00,870,17.2,283.9
2026-05-16T07:11:10,20.8,1266,7941,0,7,100.00,800,12.4,283.9
2026-05-16T07:11:16,24.6,1273,7941,0,11,100.00,867,14.4,283.9
2026-05-16T07:11:21,23.9,1280,7941,0,11,100.00,785,14.6,283.9
2026-05-16T07:11:26,24.3,1265,7941,0,9,100.00,971,14.7,283.9
2026-05-16T07:11:31,23.2,1269,7941,0,9,100.00,811,14.1,283.9
2026-05-16T07:11:37,27.0,1267,7941,0,7,100.00,870,15.4,283.9
2026-05-16T07:11:42,22.5,1274,7941,0,9,100.00,805,13.5,283.9
2026-05-16T07:11:47,22.5,1269,7941,0,9,100.00,859,13.9,283.9
2026-05-16T07:11:52,22.5,1270,7941,0,8,100.00,905,13.7,283.9
2026-05-16T07:11:58,22.9,1269,7941,1,7,100.00,857,13.9,283.9
2026-05-16T07:12:03,25.7,1268,7941,1,7,100.00,875,15.8,283.9
2026-05-16T07:12:08,23.9,1264,7941,0,8,100.00,827,14.6,283.9
2026-05-16T07:12:13,22.5,1272,7941,0,8,100.00,833,14.1,283.9
2026-05-16T07:12:19,24.0,1267,7941,0,8,100.00,908,14.2,283.9
2026-05-16T07:12:24,23.3,1268,7941,0,8,100.00,761,14.5,283.9
2026-05-16T07:12:29,20.6,1270,7941,0,7,100.00,894,12.6,283.9
2026-05-16T07:12:34,23.5,1274,7941,0,8,100.00,888,14.3,283.9
2026-05-16T07:12:40,22.0,1270,7941,1,7,100.00,737,13.5,283.9
2026-05-16T07:12:45,22.2,1273,7941,0,8,100.00,894,13.4,283.9
2026-05-16T07:12:50,21.3,1266,7941,0,8,100.00,874,13.2,283.9
2026-05-16T07:12:55,23.3,1265,7941,0,7,100.00,842,14.4,283.9
2026-05-16T07:13:01,21.5,1266,7941,0,8,100.00,905,13.4,283.9
2026-05-16T07:13:06,26.5,1272,7941,2,9,100.00,755,17.0,283.9
2026-05-16T07:13:11,22.3,1278,7941,0,11,100.00,830,13.8,283.9
2026-05-16T07:13:16,21.3,1264,7941,0,8,100.00,846,12.3,283.9
2026-05-16T07:13:21,22.0,1263,7941,1,6,100.00,952,13.6,283.9
2026-05-16T07:13:27,22.5,1264,7941,0,7,100.00,820,14.0,283.9
2026-05-16T07:13:32,21.5,1270,7941,0,8,100.00,767,12.9,283.9
2026-05-16T07:13:37,22.8,1265,7941,0,8,100.00,909,13.6,283.9
2026-05-16T07:13:42,20.7,1266,7941,0,7,100.00,907,12.8,283.9
2026-05-16T07:13:48,21.2,1263,7941,0,7,100.00,827,12.6,283.9
2026-05-16T07:13:53,23.2,1264,7941,1,7,100.00,865,14.2,283.9
2026-05-16T07:13:58,21.9,1276,7941,0,8,100.00,707,13.2,283.9
2026-05-16T07:14:03,25.0,1270,7941,0,9,100.00,908,15.3,283.9
2026-05-16T07:14:09,24.5,1270,7941,1,8,100.00,885,14.5,283.9
2026-05-16T07:14:14,21.3,1270,7941,0,8,100.00,898,13.2,283.9
2026-05-16T07:14:19,23.6,1262,7941,0,7,100.00,822,13.6,283.9
2026-05-16T07:14:24,23.1,1272,7941,1,8,100.00,821,14.2,283.9
2026-05-16T07:14:30,22.9,1266,7941,0,8,100.00,877,13.9,283.9
2026-05-16T07:14:35,22.5,1271,7941,0,10,100.00,877,13.1,283.9
2026-05-16T07:14:40,21.2,1277,7941,0,10,100.00,781,12.7,283.9
2026-05-16T07:14:45,22.5,1273,7941,0,9,100.00,846,13.6,283.9
2026-05-16T07:14:51,21.7,1260,7941,0,6,100.00,862,13.6,283.9
2026-05-16T07:14:56,21.8,1264,7941,0,7,100.00,818,13.1,283.9
2026-05-16T07:15:01,22.3,1262,7941,0,10,100.00,982,14.1,283.9
2026-05-16T07:15:07,33.4,1268,7941,1,10,100.00,736,23.0,283.9
2026-05-16T07:15:12,23.6,1275,7941,0,11,100.00,857,14.5,283.9
2026-05-16T07:15:17,24.3,1263,7941,0,7,100.00,905,14.8,283.9
2026-05-16T07:15:23,22.4,1265,7941,1,6,100.00,853,13.6,283.9
2026-05-16T07:15:28,23.2,1266,7941,0,9,100.00,861,14.4,283.9
2026-05-16T07:15:33,22.2,1270,7941,0,7,100.00,825,13.8,283.9
2026-05-16T07:15:38,23.5,1274,7941,0,7,100.00,741,14.1,283.9
2026-05-16T07:15:44,23.8,1269,7941,0,8,100.00,986,14.8,283.9
2026-05-16T07:15:49,21.5,1271,7941,0,8,100.00,888,13.1,283.9
2026-05-16T07:15:54,21.7,1265,7941,0,8,100.00,714,13.1,283.9
2026-05-16T07:15:59,21.8,1270,7941,1,7,100.00,966,13.2,283.9
2026-05-16T07:16:05,25.6,1268,7941,0,8,100.00,831,15.0,283.9
2026-05-16T07:16:10,23.0,1276,7941,0,8,100.00,922,14.1,283.9
2026-05-16T07:16:15,22.3,1273,7941,0,7,100.00,839,13.6,284.0
2026-05-16T07:16:20,22.5,1267,7941,1,7,100.00,830,13.7,284.0
2026-05-16T07:16:26,24.7,1267,7941,0,8,100.00,806,14.7,284.0
2026-05-16T07:16:31,21.4,1274,7941,0,8,100.00,844,13.0,284.0
2026-05-16T07:16:36,23.6,1266,7941,0,8,100.00,861,14.4,284.0
2026-05-16T07:16:41,21.7,1270,7941,1,6,100.00,834,13.5,284.0
2026-05-16T07:16:47,21.9,1267,7941,1,6,100.00,876,12.8,284.0
2026-05-16T07:16:52,22.2,1268,7941,0,10,100.00,776,13.7,284.0
2026-05-16T07:16:57,22.7,1268,7941,0,10,100.00,889,14.0,283.9
2026-05-16T07:17:02,24.0,1273,7941,0,10,100.00,762,14.9,283.9
2026-05-16T07:17:08,24.8,1264,7941,1,7,100.00,904,15.3,283.9
2026-05-16T07:17:13,23.8,1266,7941,2,6,100.00,837,14.3,283.9
2026-05-16T07:17:18,25.3,1271,7941,0,8,100.00,897,15.2,283.9
2026-05-16T07:17:23,26.7,1271,7941,1,7,100.00,899,16.2,283.9
2026-05-16T07:17:29,24.0,1273,7941,0,8,100.00,813,14.5,283.9
2026-05-16T07:17:34,28.9,1275,7941,0,10,100.00,833,17.5,283.9
2026-05-16T07:17:39,25.7,1279,7941,1,9,100.00,906,15.7,283.9
2026-05-16T07:17:44,24.4,1265,7941,0,9,100.00,770,15.1,283.9
2026-05-16T07:17:50,26.1,1263,7941,0,8,100.00,875,16.2,283.9
2026-05-16T07:17:55,25.0,1268,7941,0,8,100.00,910,15.3,283.9
2026-05-16T07:18:00,24.1,1277,7941,0,8,100.00,758,15.0,283.9
2026-05-16T07:18:05,32.4,1280,7941,0,11,100.00,842,19.7,283.9
2026-05-16T07:18:11,27.3,1274,7941,0,11,100.00,829,17.1,283.9
2026-05-16T07:18:16,25.7,1265,7941,0,7,100.00,958,15.3,283.9
2026-05-16T07:18:21,26.8,1271,7941,0,8,100.00,902,16.3,283.9
2026-05-16T07:18:27,25.5,1267,7941,1,8,100.00,762,15.4,283.9
2026-05-16T07:18:32,25.3,1270,7941,2,7,100.00,866,15.7,283.9
2026-05-16T07:18:37,24.3,1269,7941,0,8,100.00,838,14.5,283.9
2026-05-16T07:18:42,23.7,1270,7941,0,8,100.00,750,14.4,283.9
2026-05-16T07:18:48,25.8,1269,7941,0,9,100.00,890,16.3,283.9
2026-05-16T07:18:53,22.1,1268,7941,0,9,100.00,932,13.7,283.9
2026-05-16T07:18:58,24.0,1267,7941,1,6,100.00,809,14.6,283.9
2026-05-16T07:19:04,30.0,1280,7941,0,11,100.00,902,18.8,283.9
2026-05-16T07:19:09,25.6,1272,7941,0,11,100.00,791,15.8,283.9
2026-05-16T07:19:14,26.7,1267,7941,1,7,100.00,937,16.1,283.9
2026-05-16T07:19:19,26.3,1273,7941,0,8,100.00,820,16.0,283.9
2026-05-16T07:19:25,24.7,1267,7941,0,9,100.00,835,14.8,283.9
2026-05-16T07:19:30,27.1,1269,7941,0,9,100.00,867,16.8,283.9
2026-05-16T07:19:35,25.8,1263,7941,0,8,100.00,783,16.1,283.9
2026-05-16T07:19:41,26.4,1274,7941,0,8,100.00,866,16.2,283.9
2026-05-16T07:19:46,24.2,1273,7941,1,7,100.00,970,14.6,283.9
2026-05-16T07:19:51,22.6,1271,7941,1,7,100.00,768,13.7,283.9
2026-05-16T07:19:56,27.2,1272,7941,0,9,100.00,889,16.9,283.9
2026-05-16T07:20:02,27.5,1279,7941,0,11,100.00,926,18.1,284.0
2026-05-16T07:20:08,37.3,1273,7941,1,10,100.00,727,26.1,284.0
2026-05-16T07:20:13,31.5,1282,7941,2,9,100.00,890,19.2,284.0
2026-05-16T07:20:18,30.8,1281,7941,0,11,100.00,797,18.6,284.0
2026-05-16T07:20:24,29.5,1279,7941,0,9,100.00,996,17.9,284.0
2026-05-16T07:20:29,27.8,1277,7941,0,10,100.00,785,16.7,284.0
2026-05-16T07:20:34,28.1,1263,7941,0,7,100.00,907,17.3,284.0
2026-05-16T07:20:40,30.0,1278,7941,0,9,100.00,874,18.6,284.0
2026-05-16T07:20:45,27.9,1268,7941,0,9,100.00,741,17.0,284.0
2026-05-16T07:20:50,26.6,1275,7941,0,9,100.00,954,16.8,283.9
2026-05-16T07:20:55,26.5,1267,7941,0,7,100.00,847,16.4,283.9
2026-05-16T07:21:01,26.5,1278,7941,0,9,100.00,837,16.3,284.0
2026-05-16T07:21:06,30.8,1274,7941,0,9,100.00,908,18.7,284.0
2026-05-16T07:21:11,26.3,1281,7941,0,10,100.00,780,16.5,284.0
2026-05-16T07:21:17,28.6,1272,7941,1,7,100.00,903,17.0,284.0
2026-05-16T07:21:22,29.0,1275,7941,0,11,100.00,790,18.2,284.0
2026-05-16T07:21:27,27.4,1272,7941,0,11,100.00,819,16.9,284.0
2026-05-16T07:21:32,28.0,1270,7941,0,9,100.00,896,17.1,284.0
2026-05-16T07:21:38,30.0,1277,7941,0,11,100.00,887,18.4,284.0
2026-05-16T07:21:43,25.9,1275,7941,0,11,100.00,840,16.1,284.0
2026-05-16T07:21:48,27.4,1265,7941,0,9,100.00,861,16.5,284.0
2026-05-16T07:21:54,27.0,1284,7941,0,9,100.00,885,16.8,284.0
2026-05-16T07:21:59,27.3,1266,7941,0,8,100.00,853,16.4,284.0
2026-05-16T07:22:04,32.5,1276,7941,0,9,100.00,865,19.8,284.0
2026-05-16T07:22:10,26.8,1274,7941,1,8,100.00,838,16.6,284.0
2026-05-16T07:22:15,30.5,1273,7941,0,9,100.00,846,17.2,284.0
2026-05-16T07:22:20,29.4,1279,7941,0,9,100.00,924,18.1,284.0
2026-05-16T07:22:26,28.8,1277,7941,2,7,100.00,778,17.5,284.0
2026-05-16T07:22:31,32.9,1282,7941,0,9,100.00,885,20.4,284.0
2026-05-16T07:22:36,28.9,1285,7941,0,10,100.00,818,17.4,284.0
2026-05-16T07:22:41,27.1,1275,7941,0,10,100.00,827,16.6,284.0
2026-05-16T07:22:47,29.5,1271,7941,0,8,100.00,952,17.6,284.0
2026-05-16T07:22:52,27.3,1279,7941,0,11,100.00,786,16.9,284.0
2026-05-16T07:22:57,32.8,1281,7941,1,10,100.00,870,20.0,284.0
2026-05-16T07:23:03,29.7,1282,7941,1,10,100.00,880,18.8,284.0
2026-05-16T07:23:08,28.6,1283,7941,0,11,100.00,838,17.4,284.0
2026-05-16T07:23:13,29.0,1275,7941,0,8,100.00,941,16.9,284.0
2026-05-16T07:23:19,26.6,1271,7941,0,8,100.00,734,16.0,284.0
2026-05-16T07:23:24,30.8,1282,7941,1,8,100.00,983,18.6,284.0
2026-05-16T07:23:29,29.8,1282,7941,0,10,100.00,746,18.3,284.0
2026-05-16T07:23:35,28.0,1281,7941,0,10,100.00,851,17.4,284.0
2026-05-16T07:23:40,28.9,1280,7941,0,9,100.00,932,17.3,284.0
2026-05-16T07:23:45,27.6,1280,7941,0,9,100.00,833,17.2,284.0
2026-05-16T07:23:50,28.0,1274,7941,1,7,100.00,848,17.5,284.0
2026-05-16T07:23:56,29.2,1276,7941,0,9,100.00,813,17.4,284.0
2026-05-16T07:24:01,28.8,1276,7941,1,10,100.00,993,18.4,284.0
2026-05-16T07:24:07,34.8,1284,7941,0,11,100.00,818,22.8,284.0
2026-05-16T07:24:12,29.7,1272,7941,0,9,100.00,805,18.3,284.0
2026-05-16T07:24:17,27.9,1280,7941,0,9,100.00,853,17.2,284.0
2026-05-16T07:24:23,29.7,1273,7941,0,8,100.00,949,18.3,284.0
2026-05-16T07:24:28,28.8,1272,7941,1,8,100.00,811,17.5,284.0
2026-05-16T07:24:33,29.9,1278,7941,0,9,100.00,901,18.4,284.0
2026-05-16T07:24:39,28.5,1282,7941,0,10,100.00,826,17.4,284.0
2026-05-16T07:24:44,25.2,1284,7941,0,10,100.00,790,15.0,284.0
2026-05-16T07:24:49,27.5,1281,7941,0,9,100.00,893,16.6,284.0
2026-05-16T07:24:55,25.9,1274,7941,0,9,100.00,831,15.8,284.0
2026-05-16T07:25:00,23.5,1278,7941,0,9,100.00,875,14.3,284.1
2026-05-16T07:25:05,37.1,1279,7941,1,10,100.00,762,23.6,284.1
2026-05-16T07:25:11,29.2,1284,7941,0,11,100.00,810,18.1,284.1
2026-05-16T07:25:16,27.6,1280,7941,0,11,100.00,816,17.0,284.1
2026-05-16T07:25:21,27.5,1278,7941,0,8,100.00,835,17.0,284.1
2026-05-16T07:25:26,28.7,1274,7941,0,9,100.00,897,17.6,284.1
2026-05-16T07:25:32,27.5,1279,7941,0,9,100.00,769,17.0,284.1
2026-05-16T07:25:37,26.5,1286,7941,0,9,100.00,965,16.1,284.1
2026-05-16T07:25:42,26.2,1275,7941,0,8,100.00,848,16.3,284.1
2026-05-16T07:25:48,25.7,1274,7941,1,7,100.00,843,15.7,284.1
2026-05-16T07:25:53,24.3,1278,7941,0,9,100.00,703,15.0,284.1
2026-05-16T07:25:58,23.9,1280,7941,1,8,100.00,970,14.3,284.1
2026-05-16T07:26:03,27.2,1279,7941,0,9,100.00,855,16.7,284.1
2026-05-16T07:26:09,24.4,1275,7941,0,9,100.00,831,15.0,284.1
2026-05-16T07:26:14,26.1,1272,7941,0,9,100.00,930,16.0,284.1
2026-05-16T07:26:19,28.4,1280,7941,0,9,100.00,827,17.3,284.1
2026-05-16T07:26:25,25.3,1270,7941,0,7,100.00,906,15.4,284.1
2026-05-16T07:26:30,25.0,1270,7941,0,7,100.00,835,15.7,284.1
2026-05-16T07:26:35,25.8,1269,7941,1,8,100.00,857,16.2,284.1
2026-05-16T07:26:40,26.0,1277,7941,1,8,100.00,885,16.0,284.1
2026-05-16T07:26:46,26.0,1275,7941,0,9,100.00,809,15.8,284.1
2026-05-16T07:26:51,22.6,1269,7941,0,7,100.00,805,14.0,284.1
2026-05-16T07:26:56,22.6,1268,7941,0,7,100.00,919,13.8,284.1
2026-05-16T07:27:02,25.7,1277,7941,0,8,100.00,872,16.1,284.1
2026-05-16T07:27:07,27.8,1276,7941,0,8,100.00,832,17.2,284.1
2026-05-16T07:27:12,23.7,1280,7941,1,7,100.00,850,14.7,284.1
2026-05-16T07:27:17,24.1,1274,7941,0,9,100.00,917,14.1,284.1
2026-05-16T07:27:23,26.1,1275,7941,0,9,100.00,778,16.0,284.1
2026-05-16T07:27:28,23.5,1275,7941,0,9,100.00,825,14.3,284.1
2026-05-16T07:27:33,24.0,1263,7941,0,7,100.00,885,14.9,284.1
2026-05-16T07:27:39,25.0,1271,7941,0,7,100.00,910,14.8,284.1
2026-05-16T07:27:44,22.9,1271,7941,1,6,100.00,765,14.0,284.1
2026-05-16T07:27:49,23.6,1271,7941,0,7,100.00,872,14.5,284.1
2026-05-16T07:27:54,23.4,1265,7941,0,9,100.00,826,14.2,284.1
2026-05-16T07:28:00,24.0,1271,7941,0,9,100.00,780,14.9,284.1
2026-05-16T07:28:05,27.5,1267,7941,0,9,100.00,954,16.6,284.1
2026-05-16T07:28:10,24.0,1273,7941,0,9,100.00,809,14.8,284.1
2026-05-16T07:28:15,25.2,1267,7941,0,7,100.00,872,15.4,284.1
2026-05-16T07:28:21,26.2,1267,7941,0,7,100.00,924,16.2,284.1
2026-05-16T07:28:26,24.4,1262,7941,1,6,100.00,716,15.0,284.1
2026-05-16T07:28:31,26.0,1274,7941,0,8,100.00,905,16.3,284.1
2026-05-16T07:28:36,25.2,1265,7941,0,8,100.00,820,15.3,284.1
2026-05-16T07:28:42,25.3,1267,7941,0,8,100.00,846,15.8,284.2
2026-05-16T07:28:47,25.5,1265,7941,0,8,100.00,911,15.4,284.2
2026-05-16T07:28:52,24.2,1272,7941,0,8,100.00,887,15.1,284.2
2026-05-16T07:28:58,24.8,1269,7941,0,8,100.00,826,15.0,284.2
2026-05-16T07:29:03,26.9,1266,7941,0,8,100.00,823,16.4,284.2
2026-05-16T07:29:08,26.6,1269,7941,0,9,100.00,885,16.4,284.2
2026-05-16T07:29:13,23.9,1274,7941,0,9,100.00,894,14.8,284.2
2026-05-16T07:29:19,25.2,1268,7941,0,8,100.00,845,15.4,284.2
2026-05-16T07:29:24,24.8,1265,7941,0,8,100.00,807,14.9,284.2
2026-05-16T07:29:29,25.6,1270,7941,0,8,100.00,856,16.2,284.2
2026-05-16T07:29:35,24.3,1268,7941,0,8,100.00,832,14.8,284.2
2026-05-16T07:29:40,25.5,1272,7941,0,9,100.00,840,15.5,284.2
2026-05-16T07:29:45,24.3,1266,7941,0,8,100.00,919,15.0,284.2
2026-05-16T07:29:50,22.0,1271,7941,0,8,100.00,843,13.7,284.2
2026-05-16T07:29:56,25.2,1269,7941,0,9,100.00,905,15.5,284.2
2026-05-16T07:30:01,24.8,1278,7941,0,9,100.00,864,15.3,284.2
2026-05-16T07:30:06,40.0,1273,7941,0,11,100.00,754,27.8,284.2
2026-05-16T07:30:12,33.2,1278,7941,0,11,100.00,772,20.6,284.2
2026-05-16T07:30:17,27.4,1271,7941,0,10,100.00,934,16.2,284.2
2026-05-16T07:30:22,29.8,1268,7941,2,6,100.00,872,18.4,284.2
2026-05-16T07:30:28,27.0,1265,7941,0,8,100.00,821,16.4,284.2
2026-05-16T07:30:33,25.0,1265,7941,0,8,100.00,929,15.2,284.2
2026-05-16T07:30:38,27.0,1262,7941,0,8,100.00,823,16.4,284.2
2026-05-16T07:30:44,25.3,1267,7941,0,8,100.00,844,15.8,284.2
2026-05-16T07:30:49,23.9,1268,7941,0,8,100.00,827,14.5,284.2
2026-05-16T07:30:54,26.4,1268,7941,0,8,100.00,906,16.0,284.2
2026-05-16T07:30:59,23.6,1274,7941,1,7,100.00,849,14.6,284.2
2026-05-16T07:31:05,26.5,1278,7941,0,11,100.00,716,16.0,284.2
2026-05-16T07:31:10,25.7,1275,7941,1,10,100.00,911,16.0,284.2
2026-05-16T07:31:15,24.6,1265,7941,0,8,100.00,867,14.8,284.2
2026-05-16T07:31:20,25.3,1270,7941,1,8,100.00,820,15.8,284.2
2026-05-16T07:31:26,24.6,1272,7941,1,8,100.00,780,14.9,284.2
2026-05-16T07:31:31,22.9,1270,7941,0,8,100.00,944,14.3,284.2
2026-05-16T07:31:36,26.9,1270,7941,0,9,100.00,866,16.4,284.2
2026-05-16T07:31:41,24.2,1275,7941,0,9,100.00,947,14.5,284.2
2026-05-16T07:31:47,24.8,1270,7941,0,7,100.00,783,15.2,284.2
2026-05-16T07:31:52,24.9,1268,7941,0,8,100.00,817,15.7,284.2
2026-05-16T07:31:57,25.7,1265,7941,1,7,100.00,846,15.7,284.2
2026-05-16T07:32:03,28.6,1272,7941,1,10,100.00,891,18.1,284.2
2026-05-16T07:32:08,27.3,1279,7941,1,10,100.00,851,15.9,284.2
2026-05-16T07:32:13,21.8,1268,7941,0,9,100.00,889,13.3,284.2
2026-05-16T07:32:18,24.1,1270,7941,0,9,100.00,846,14.0,284.2
2026-05-16T07:32:24,24.7,1274,7941,0,7,100.00,825,15.4,284.2
2026-05-16T07:32:29,22.2,1278,7941,0,11,100.00,809,13.3,284.2
2026-05-16T07:32:34,24.1,1275,7941,0,11,100.00,793,14.8,284.2
2026-05-16T07:32:39,23.2,1265,7941,0,8,100.00,876,14.2,284.2
2026-05-16T07:32:45,22.3,1267,7941,0,7,100.00,912,13.7,284.2
2026-05-16T07:32:50,21.9,1270,7941,0,9,100.00,812,13.5,284.2
2026-05-16T07:32:55,21.5,1271,7941,0,9,100.00,731,13.4,284.2
2026-05-16T07:33:00,22.0,1270,7941,0,8,100.00,1014,13.1,284.2
2026-05-16T07:33:05,26.1,1274,7941,0,10,100.00,798,16.0,284.2
2026-05-16T07:33:11,22.0,1272,7941,0,10,100.00,833,13.7,284.2
2026-05-16T07:33:16,23.3,1263,7941,0,7,100.00,947,14.0,284.2
2026-05-16T07:33:21,21.5,1266,7941,0,7,100.00,750,13.1,284.2
2026-05-16T07:33:26,21.3,1266,7941,0,7,100.00,868,12.6,284.2
2026-05-16T07:33:32,21.8,1264,7941,0,7,100.00,859,13.5,284.2
2026-05-16T07:33:37,20.9,1264,7941,0,7,100.00,793,12.8,284.2
2026-05-16T07:33:42,23.4,1273,7941,0,8,100.00,865,14.3,284.2
2026-05-16T07:33:47,21.2,1272,7941,0,8,100.00,872,13.1,284.2
2026-05-16T07:33:53,21.4,1271,7941,0,8,100.00,839,13.2,284.2
2026-05-16T07:33:58,22.7,1277,7941,0,8,100.00,928,14.0,284.2
2026-05-16T07:34:03,25.1,1272,7941,0,9,100.00,843,15.8,284.2
2026-05-16T07:34:08,24.4,1270,7941,0,9,100.00,848,15.3,284.2
2026-05-16T07:34:14,23.0,1271,7941,0,8,100.00,749,14.5,284.2
2026-05-16T07:34:19,23.7,1264,7941,0,7,100.00,906,14.3,284.2
2026-05-16T07:34:24,24.6,1269,7941,1,6,100.00,890,15.2,284.2
2026-05-16T07:34:30,24.9,1277,7941,0,10,100.00,832,15.8,284.2
2026-05-16T07:34:35,22.0,1273,7941,1,9,100.00,776,13.2,284.2
2026-05-16T07:34:40,23.0,1275,7941,0,10,100.00,833,14.1,284.2
2026-05-16T07:34:45,23.2,1266,7941,0,8,100.00,924,14.5,284.2
2026-05-16T07:34:50,21.3,1273,7941,1,7,100.00,767,13.0,284.2
2026-05-16T07:34:56,22.4,1275,7941,0,9,100.00,840,13.6,284.2
2026-05-16T07:35:01,21.5,1270,7941,1,8,100.00,997,13.0,284.2
2026-05-16T07:35:06,35.8,1270,7941,0,11,100.00,761,23.8,284.2
2026-05-16T07:35:12,22.7,1274,7941,0,11,100.00,774,14.0,284.2
2026-05-16T07:35:17,22.9,1261,7941,0,7,100.00,908,14.0,284.2
2026-05-16T07:35:22,23.4,1264,7941,0,7,100.00,881,14.3,284.2
2026-05-16T07:35:27,21.5,1270,7941,0,8,100.00,727,12.7,284.2
2026-05-16T07:35:33,23.6,1270,7941,0,8,100.00,977,15.2,284.2
2026-05-16T07:35:38,23.9,1262,7941,0,7,100.00,846,14.2,284.2
2026-05-16T07:35:43,22.5,1265,7941,0,7,100.00,780,14.1,284.2
2026-05-16T07:35:48,22.8,1267,7941,0,10,100.00,725,14.1,284.2
2026-05-16T07:35:54,22.9,1271,7941,1,9,100.00,995,14.3,284.2
2026-05-16T07:35:59,22.6,1271,7941,0,8,100.00,824,13.9,284.2
2026-05-16T07:36:04,26.7,1271,7941,0,11,100.00,839,16.4,284.2
2026-05-16T07:36:09,23.5,1276,7941,0,11,100.00,765,14.6,284.2
2026-05-16T07:36:15,22.9,1267,7941,0,9,100.00,980,14.3,284.2
2026-05-16T07:36:20,22.6,1276,7941,0,8,100.00,902,13.8,284.2
2026-05-16T07:36:25,24.0,1268,7941,0,9,100.00,786,14.6,284.2
2026-05-16T07:36:30,21.8,1272,7941,1,8,100.00,822,13.3,284.2
2026-05-16T07:36:36,22.9,1265,7941,1,7,100.00,895,14.0,284.2
2026-05-16T07:36:41,32.8,1263,7941,0,7,100.00,834,13.1,284.2
2026-05-16T07:36:46,22.2,1264,7941,0,7,100.00,823,13.4,284.2
2026-05-16T07:36:51,20.8,1268,7941,0,7,100.00,880,12.7,284.2
2026-05-16T07:36:57,22.8,1266,7941,0,7,100.00,937,14.0,284.2
2026-05-16T07:37:02,22.7,1265,7941,0,7,100.00,812,13.9,284.2
2026-05-16T07:37:07,27.3,1267,7941,0,10,100.00,872,16.7,284.2
2026-05-16T07:37:12,23.0,1269,7941,0,10,100.00,878,14.1,284.2
2026-05-16T07:37:18,24.0,1263,7941,1,7,100.00,870,14.7,284.2
2026-05-16T07:37:23,22.4,1268,7941,0,8,100.00,758,13.7,284.2
2026-05-16T07:37:28,23.0,1260,7941,1,6,100.00,948,14.1,284.2
2026-05-16T07:37:33,21.1,1267,7941,0,8,100.00,861,13.0,284.2
2026-05-16T07:37:39,23.5,1266,7941,1,7,100.00,782,13.8,284.2
2026-05-16T07:37:44,25.3,1274,7941,0,10,100.00,853,15.5,284.2
2026-05-16T07:37:49,22.2,1274,7941,0,10,100.00,842,13.6,284.2
2026-05-16T07:37:54,26.3,1266,7941,1,7,100.00,891,16.1,284.2
2026-05-16T07:38:00,26.3,1271,7941,0,8,100.00,852,16.2,284.2
2026-05-16T07:38:05,28.6,1274,7941,0,9,100.00,821,17.6,284.2
2026-05-16T07:38:10,27.2,1270,7941,2,7,100.00,889,17.2,284.2
2026-05-16T07:38:16,27.4,1271,7941,0,9,100.00,794,16.9,284.2
2026-05-16T07:38:21,26.1,1273,7941,0,7,100.00,889,16.4,284.2
2026-05-16T07:38:26,28.3,1269,7941,0,9,100.00,891,17.1,284.2
2026-05-16T07:38:31,25.3,1274,7941,0,9,100.00,833,15.7,284.2
2026-05-16T07:38:37,28.6,1271,7941,0,9,100.00,837,17.6,284.2
2026-05-16T07:38:42,26.3,1268,7941,0,9,100.00,826,16.0,284.2
2026-05-16T07:38:47,26.0,1267,7941,0,9,100.00,793,16.0,284.2
2026-05-16T07:38:53,26.7,1275,7941,2,7,100.00,923,16.7,284.2
2026-05-16T07:38:58,25.1,1268,7941,0,8,100.00,865,15.6,284.2
2026-05-16T07:39:03,30.5,1279,7941,1,10,100.00,876,20.3,284.2
2026-05-16T07:39:09,36.0,1280,7941,1,10,100.00,761,23.6,284.2
2026-05-16T07:39:14,25.5,1272,7941,0,11,100.00,883,15.8,284.2
2026-05-16T07:39:19,23.9,1262,7941,0,8,100.00,774,14.5,284.2
2026-05-16T07:39:24,25.2,1267,7941,0,8,100.00,876,15.4,284.2
2026-05-16T07:39:30,23.3,1265,7941,1,7,100.00,891,14.2,284.2
2026-05-16T07:39:35,24.5,1262,7941,0,7,100.00,876,14.6,284.2
2026-05-16T07:39:40,24.4,1270,7941,0,11,100.00,835,14.6,284.2
2026-05-16T07:39:45,22.6,1277,7941,0,11,100.00,788,13.7,284.2
2026-05-16T07:39:51,24.4,1264,7941,1,7,100.00,886,14.7,284.2
2026-05-16T07:39:56,23.8,1265,7941,0,8,100.00,856,14.7,284.2
2026-05-16T07:40:01,27.9,1275,7941,2,9,100.00,894,17.9,284.2
2026-05-16T07:40:07,40.6,1277,7941,1,10,100.00,716,26.9,284.2
2026-05-16T07:40:12,29.6,1284,7941,0,11,100.00,869,18.1,284.2
2026-05-16T07:40:18,30.2,1275,7941,0,10,100.00,915,18.4,284.2
2026-05-16T07:40:23,31.1,1280,7941,2,8,100.00,842,19.2,284.2
2026-05-16T07:40:28,28.0,1278,7941,0,10,100.00,821,17.1,284.2
2026-05-16T07:40:34,27.8,1271,7941,0,8,100.00,870,17.1,284.2
2026-05-16T07:40:39,24.3,1275,7941,0,8,100.00,753,14.9,284.2
2026-05-16T07:40:44,23.8,1268,7941,1,7,100.00,854,14.7,284.2
2026-05-16T07:40:49,25.3,1273,7941,0,8,100.00,1004,15.7,284.2
2026-05-16T07:40:55,25.5,1270,7941,1,7,100.00,775,15.5,284.2
2026-05-16T07:41:00,23.9,1276,7941,0,8,100.00,806,14.9,284.2
2026-05-16T07:41:05,26.9,1275,7941,1,8,100.00,856,16.7,284.2
2026-05-16T07:41:10,24.3,1275,7941,0,9,100.00,862,15.8,284.2
2026-05-16T07:41:16,24.8,1278,7941,0,10,100.00,862,14.9,284.2
2026-05-16T07:41:21,24.0,1279,7941,0,10,100.00,871,14.7,284.2
2026-05-16T07:41:26,25.2,1277,7941,0,10,100.00,805,15.8,284.2
2026-05-16T07:41:31,25.0,1265,7941,0,8,100.00,866,15.2,284.2
2026-05-16T07:41:37,23.7,1267,7941,0,8,100.00,870,14.1,284.2
2026-05-16T07:41:42,25.5,1278,7941,0,9,100.00,811,15.8,284.2
2026-05-16T07:41:47,23.7,1273,7941,0,9,100.00,901,14.5,284.2
2026-05-16T07:41:53,23.5,1263,7941,0,7,100.00,780,14.3,284.2
2026-05-16T07:41:58,24.5,1263,7941,1,6,100.00,922,14.8,284.2
2026-05-16T07:42:03,28.8,1278,7941,0,11,100.00,875,17.5,284.2
2026-05-16T07:42:08,25.5,1275,7941,0,11,100.00,778,16.1,284.2
2026-05-16T07:42:14,24.9,1269,7941,1,8,100.00,883,15.6,284.2
2026-05-16T07:42:19,24.7,1269,7941,1,8,100.00,867,14.9,284.2
2026-05-16T07:42:24,27.5,1264,7941,0,8,100.00,884,16.6,284.2
2026-05-16T07:42:29,24.7,1267,7941,0,8,100.00,846,15.3,284.2
2026-05-16T07:42:35,24.8,1269,7941,0,8,100.00,836,14.8,284.2
2026-05-16T07:42:40,24.9,1274,7941,0,8,100.00,862,15.3,284.2
2026-05-16T07:42:45,25.1,1272,7941,0,8,100.00,840,15.3,284.2
2026-05-16T07:42:50,25.0,1268,7941,0,8,100.00,740,15.9,284.2
2026-05-16T07:42:56,25.1,1267,7941,0,8,100.00,901,15.2,284.2
2026-05-16T07:43:01,22.7,1266,7941,1,7,100.00,956,13.9,284.2
2026-05-16T07:43:06,28.7,1272,7941,1,10,100.00,821,17.9,284.2
2026-05-16T07:43:12,23.0,1272,7941,0,10,100.00,813,14.2,284.2
2026-05-16T07:43:17,23.7,1277,7941,0,10,100.00,853,14.1,284.2
2026-05-16T07:43:22,24.8,1274,7941,0,7,100.00,883,15.1,284.2
2026-05-16T07:43:27,23.0,1263,7941,0,8,100.00,819,14.0,284.2
2026-05-16T07:43:33,24.2,1263,7941,0,7,100.00,928,15.0,284.2
2026-05-16T07:43:38,24.3,1267,7941,1,7,100.00,777,14.8,284.2
2026-05-16T07:43:43,25.3,1273,7941,0,9,100.00,833,15.7,284.2
2026-05-16T07:43:48,23.4,1266,7941,0,9,100.00,879,13.9,284.2
2026-05-16T07:43:54,24.2,1262,7941,0,8,100.00,772,15.3,284.2
2026-05-16T07:43:59,26.8,1276,7941,0,8,100.00,973,16.9,284.2
2026-05-16T07:44:04,29.5,1277,7941,0,10,100.00,786,17.9,284.2
2026-05-16T07:44:10,26.0,1274,7941,0,10,100.00,907,15.8,284.2
2026-05-16T07:44:15,22.0,1278,7941,1,9,100.00,830,13.2,284.2
2026-05-16T07:44:20,23.2,1268,7941,1,7,100.00,836,14.5,284.2
2026-05-16T07:44:25,23.6,1263,7941,0,8,100.00,860,14.1,284.2
2026-05-16T07:44:31,21.9,1267,7941,0,8,100.00,858,13.4,284.2
2026-05-16T07:44:36,20.5,1269,7941,0,10,100.00,827,12.1,284.2
2026-05-16T07:44:41,22.3,1273,7941,1,9,100.00,764,13.6,284.2
2026-05-16T07:44:46,22.7,1269,7941,1,9,100.00,898,13.8,284.2
2026-05-16T07:44:52,21.1,1268,7941,0,8,100.00,823,12.9,284.2
2026-05-16T07:44:57,22.7,1270,7941,0,8,100.00,881,13.9,284.2
2026-05-16T07:45:02,24.1,1275,7941,1,10,100.00,888,15.8,284.2
2026-05-16T07:45:08,35.6,1273,7941,0,11,100.00,784,22.6,284.2
2026-05-16T07:45:13,25.6,1279,7941,0,11,100.00,851,15.7,284.2
2026-05-16T07:45:18,23.7,1265,7941,0,8,100.00,863,14.3,284.2
2026-05-16T07:45:24,26.0,1274,7941,0,9,100.00,849,16.0,284.2
2026-05-16T07:45:29,21.4,1268,7941,1,7,100.00,776,12.8,284.2
2026-05-16T07:45:34,22.4,1269,7941,0,8,100.00,949,13.6,284.2
2026-05-16T07:45:39,24.2,1272,7941,1,7,100.00,878,14.9,284.2
2026-05-16T07:45:44,21.6,1270,7941,1,7,100.00,834,13.1,284.2
2026-05-16T07:45:50,22.8,1275,7941,0,8,100.00,811,14.2,284.2
2026-05-16T07:45:55,24.8,1272,7941,0,8,100.00,851,15.0,284.2
2026-05-16T07:46:00,21.9,1272,7941,0,8,100.00,802,13.9,284.2
2026-05-16T07:46:05,26.8,1265,7941,1,8,100.00,927,16.7,284.2
2026-05-16T07:46:11,23.3,1274,7941,0,9,100.00,858,14.0,284.2
2026-05-16T07:46:16,22.7,1260,7941,0,6,100.00,784,13.8,284.2
2026-05-16T07:46:21,23.8,1267,7941,1,7,100.00,959,14.4,284.2
2026-05-16T07:46:27,22.5,1275,7941,1,10,100.00,785,13.6,284.2
2026-05-16T07:46:32,23.2,1277,7941,0,11,100.00,811,14.3,284.2
2026-05-16T07:46:37,23.9,1268,7941,0,9,100.00,891,14.8,284.2
2026-05-16T07:46:42,21.0,1265,7941,0,8,100.00,793,13.1,284.2
2026-05-16T07:46:47,23.3,1261,7941,0,7,100.00,930,14.3,284.2
2026-05-16T07:46:53,21.0,1268,7941,0,8,100.00,868,12.8,284.2
2026-05-16T07:46:58,21.6,1271,7941,0,8,100.00,752,13.2,284.2
2026-05-16T07:47:03,23.5,1275,7941,0,8,100.00,897,14.6,284.2
2026-05-16T07:47:08,22.9,1267,7941,0,8,100.00,879,14.1,284.2
2026-05-16T07:47:14,22.1,1272,7941,0,8,100.00,866,13.7,284.2
2026-05-16T07:47:19,22.7,1279,7941,0,8,100.00,814,13.9,284.2
2026-05-16T07:47:24,22.7,1267,7941,0,6,100.00,892,13.9,284.2
2026-05-16T07:47:29,21.9,1271,7941,0,8,100.00,813,13.2,284.2
2026-05-16T07:47:35,21.8,1272,7941,0,8,100.00,869,13.4,284.2
2026-05-16T07:47:40,20.5,1273,7941,0,8,100.00,817,12.0,284.2
2026-05-16T07:47:45,22.9,1272,7941,1,7,100.00,880,14.0,284.2
2026-05-16T07:47:50,21.4,1271,7941,1,7,100.00,837,13.4,284.2
2026-05-16T07:47:56,22.6,1267,7941,0,8,100.00,854,13.7,284.2
2026-05-16T07:48:01,21.8,1267,7941,0,8,100.00,918,13.5,284.2
2026-05-16T07:48:06,27.5,1270,7941,0,10,100.00,794,17.2,284.2
2026-05-16T07:48:12,22.9,1278,7941,0,10,100.00,859,14.4,284.2
2026-05-16T07:48:17,22.0,1263,7941,0,7,100.00,847,13.2,284.2
2026-05-16T07:48:22,22.2,1274,7941,0,8,100.00,794,13.5,284.2
2026-05-16T07:48:27,21.7,1264,7941,1,7,100.00,920,13.0,284.2
2026-05-16T07:48:32,21.7,1259,7941,0,7,100.00,844,13.3,284.2
2026-05-16T07:48:38,21.9,1266,7941,0,7,100.00,887,13.4,284.2
2026-05-16T07:48:43,22.7,1264,7941,0,8,100.00,910,13.9,284.2
2026-05-16T07:48:48,21.3,1265,7941,0,8,100.00,747,12.8,284.2
2026-05-16T07:48:53,19.3,1276,7941,0,9,100.00,829,11.7,284.2
2026-05-16T07:48:59,21.7,1270,7941,0,9,100.00,852,13.2,284.2
2026-05-16T07:49:04,28.9,1277,7941,1,10,100.00,808,18.1,284.2
2026-05-16T07:49:09,23.5,1277,7941,0,11,100.00,885,14.5,284.2
2026-05-16T07:49:14,20.8,1274,7941,0,10,100.00,752,12.8,284.2
2026-05-16T07:49:20,22.7,1262,7941,1,6,100.00,946,13.8,284.2
2026-05-16T07:49:25,24.0,1270,7941,1,8,100.00,840,14.5,284.2
2026-05-16T07:49:30,23.0,1281,7941,0,9,100.00,802,14.4,284.2
2026-05-16T07:49:35,25.5,1275,7941,0,10,100.00,830,15.8,284.2
2026-05-16T07:49:41,23.4,1274,7941,0,10,100.00,852,14.2,284.2
2026-05-16T07:49:46,23.8,1267,7941,0,9,100.00,906,14.5,284.2
2026-05-16T07:49:51,22.0,1272,7941,0,9,100.00,863,13.2,284.2
2026-05-16T07:49:56,23.1,1275,7941,0,9,100.00,805,14.2,284.2
2026-05-16T07:50:02,24.2,1275,7941,0,11,100.00,958,16.0,284.2
2026-05-16T07:50:07,36.3,1277,7941,0,11,100.00,846,23.8,284.2
2026-05-16T07:50:13,26.5,1275,7941,0,11,100.00,788,16.4,284.2
2026-05-16T07:50:18,27.4,1268,7941,0,9,100.00,846,16.8,284.2
2026-05-16T07:50:23,25.9,1270,7941,0,9,100.00,881,15.7,284.2
2026-05-16T07:50:29,24.4,1261,7941,0,7,100.00,902,15.2,284.2
2026-05-16T07:50:34,24.9,1266,7941,0,8,100.00,781,15.7,284.2
2026-05-16T07:50:39,22.5,1274,7941,1,7,100.00,866,14.2,284.2
2026-05-16T07:50:44,25.1,1269,7941,1,8,100.00,873,15.7,284.2
2026-05-16T07:50:50,23.5,1271,7941,0,9,100.00,827,14.5,284.2
2026-05-16T07:50:55,21.4,1259,7941,0,7,100.00,817,13.0,284.2
2026-05-16T07:51:00,24.9,1272,7941,0,8,100.00,922,15.6,284.2
2026-05-16T07:51:05,27.0,1269,7941,1,8,100.00,808,16.7,284.2
2026-05-16T07:51:11,23.2,1271,7941,0,9,100.00,838,14.1,284.2
2026-05-16T07:51:16,22.6,1265,7941,0,8,100.00,877,14.1,284.2
2026-05-16T07:51:21,22.0,1269,7941,0,8,100.00,798,13.9,284.2
2026-05-16T07:51:26,23.4,1268,7941,0,8,100.00,930,14.3,284.2
2026-05-16T07:51:32,21.9,1274,7941,0,8,100.00,825,13.2,284.2
2026-05-16T07:51:37,21.3,1279,7941,0,8,100.00,824,13.1,284.2
2026-05-16T07:51:42,22.3,1273,7941,0,8,100.00,914,13.6,284.2
2026-05-16T07:51:47,22.9,1268,7941,0,7,100.00,830,13.8,284.2
2026-05-16T07:51:53,22.3,1263,7941,0,7,100.00,805,13.5,284.2
2026-05-16T07:51:58,24.0,1267,7941,0,7,100.00,903,14.8,284.2
2026-05-16T07:52:03,24.6,1272,7941,0,10,100.00,710,15.4,284.2
2026-05-16T07:52:08,24.8,1270,7941,1,9,100.00,970,14.5,284.2
2026-05-16T07:52:14,24.8,1276,7941,0,10,100.00,826,15.4,284.2
2026-05-16T07:52:19,25.6,1269,7941,0,9,100.00,850,15.6,284.2
2026-05-16T07:52:24,30.6,1263,7941,0,8,100.00,894,18.7,284.2
2026-05-16T07:52:30,26.8,1264,7941,1,7,100.00,840,16.2,284.2
2026-05-16T07:52:35,27.5,1264,7941,0,8,100.00,827,16.9,284.2
2026-05-16T07:52:40,26.1,1270,7941,0,8,100.00,851,16.4,284.2
2026-05-16T07:52:45,23.3,1267,7941,0,8,100.00,845,14.2,284.2
2026-05-16T07:52:51,24.4,1271,7941,0,8,100.00,874,15.2,284.2
2026-05-16T07:52:56,25.7,1270,7941,0,8,100.00,825,15.8,284.2
2026-05-16T07:53:01,23.9,1267,7941,0,8,100.00,832,14.8,284.2
2026-05-16T07:53:07,32.6,1271,7941,0,10,100.00,946,20.1,284.2
2026-05-16T07:53:12,25.0,1274,7941,0,10,100.00,808,15.2,284.2
2026-05-16T07:53:17,24.8,1274,7941,0,10,100.00,863,15.0,284.2
2026-05-16T07:53:22,26.2,1270,7941,1,8,100.00,817,16.2,284.2
2026-05-16T07:53:28,23.5,1269,7941,0,9,100.00,759,14.4,284.2
2026-05-16T07:53:33,25.3,1267,7941,0,8,100.00,954,15.7,284.2
2026-05-16T07:53:38,25.4,1268,7941,1,7,100.00,748,15.4,284.2
2026-05-16T07:53:43,22.6,1260,7941,1,5,100.00,764,13.8,284.2
2026-05-16T07:53:49,22.7,1265,7941,0,7,100.00,779,13.6,284.2
2026-05-16T07:53:54,21.6,1263,7941,0,7,100.00,777,13.3,284.2
2026-05-16T07:53:59,21.7,1272,7941,1,6,100.00,790,13.0,284.2
2026-05-16T07:54:04,26.8,1269,7941,0,8,100.00,732,16.6,284.2
2026-05-16T07:54:10,20.7,1270,7941,1,7,100.00,635,12.9,284.2
2026-05-16T07:54:15,22.9,1263,7941,1,7,100.00,748,13.9,284.2
2026-05-16T07:54:20,21.3,1268,7941,0,8,100.00,611,13.0,284.2
2026-05-16T07:54:26,21.6,1261,7941,0,7,100.00,703,13.2,284.2
2026-05-16T07:54:31,22.1,1265,7941,0,9,100.00,684,13.5,284.2
2026-05-16T07:54:36,20.7,1268,7941,0,9,100.00,604,12.5,284.2
2026-05-16T07:54:41,19.2,1275,7941,0,10,100.00,576,11.3,284.2
2026-05-16T07:54:47,19.1,1277,7941,0,10,100.00,582,11.2,284.2
2026-05-16T07:54:52,17.7,1269,7941,0,8,100.00,600,11.2,284.2
2026-05-16T07:54:57,18.8,1265,7941,0,6,100.00,658,11.1,284.2
2026-05-16T07:55:03,20.8,1275,7941,0,10,100.00,541,14.3,284.2
2026-05-16T07:55:08,24.6,1273,7941,0,10,100.00,457,17.3,284.2
2026-05-16T07:55:14,18.9,1271,7941,0,9,100.00,637,11.7,284.2
2026-05-16T07:55:19,16.7,1258,7941,0,6,100.00,502,10.1,284.2
2026-05-16T07:55:24,20.2,1265,7941,0,7,100.00,507,12.2,284.2
2026-05-16T07:55:29,15.0,1268,7941,0,7,100.00,480,9.3,284.2
2026-05-16T07:55:35,16.4,1260,7941,0,7,100.00,459,10.0,284.2
2026-05-16T07:55:40,17.1,1265,7941,0,7,100.00,508,10.3,284.2
2026-05-16T07:55:45,14.1,1257,7941,0,6,100.00,439,8.3,284.2
2026-05-16T07:55:50,13.9,1266,7941,1,5,100.00,444,8.3,284.2
2026-05-16T07:55:56,16.2,1259,7941,0,6,100.00,450,9.7,284.2
2026-05-16T07:56:01,15.7,1262,7941,0,6,100.00,354,9.8,284.2
2026-05-16T07:56:06,18.9,1257,7941,1,5,100.00,406,11.7,284.2
2026-05-16T07:56:12,13.2,1264,7941,0,6,100.00,306,8.0,284.2
2026-05-16T07:56:17,12.4,1256,7941,0,5,100.00,396,7.3,284.2
2026-05-16T07:56:22,12.9,1258,7941,0,5,100.00,360,7.7,284.2
2026-05-16T07:56:27,11.8,1256,7941,0,5,100.00,300,7.1,284.2
2026-05-16T07:56:33,10.9,1260,7941,0,6,100.00,309,6.3,284.2
2026-05-16T07:56:38,11.6,1261,7941,0,6,100.00,287,6.7,284.2
2026-05-16T07:56:43,9.9,1264,7941,0,5,100.00,239,5.8,284.2
2026-05-16T07:56:48,9.5,1260,7941,1,4,100.00,325,5.1,284.2
2026-05-16T07:56:54,8.7,1262,7941,0,5,100.00,243,5.2,284.2
2026-05-16T07:56:59,8.3,1264,7941,0,5,100.00,180,4.5,284.2
2026-05-16T07:57:04,10.3,1256,7941,0,4,100.00,259,6.3,284.2
2026-05-16T07:57:09,7.9,1264,7941,0,4,100.00,190,4.3,284.2
2026-05-16T07:57:15,7.8,1262,7941,0,5,100.00,175,3.9,284.2
2026-05-16T07:57:20,7.5,1265,7941,0,5,100.00,165,4.2,284.2
2026-05-16T07:57:25,7.7,1258,7941,0,5,100.00,164,3.9,284.2
2026-05-16T07:57:31,6.9,1256,7941,0,4,100.00,141,3.6,284.2
2026-05-16T07:57:36,6.1,1250,7941,0,3,100.00,129,2.9,284.2
2026-05-16T07:57:41,5.9,1258,7941,0,3,100.00,115,2.7,284.2
2026-05-16T07:57:46,6.1,1256,7941,0,4,100.00,97,2.9,284.2
2026-05-16T07:57:52,4.4,1259,7941,0,4,100.00,98,2.0,284.2
2026-05-16T07:57:57,3.7,1252,7941,0,3,100.00,51,1.2,284.2
2026-05-16T07:58:02,3.5,1256,7941,0,3,100.00,47,1.3,284.2
2026-05-16T07:58:08,4.4,1126,7941,0,3,100.00,46,1.9,149.5
2026-05-16T07:58:13,3.6,1124,7941,0,3,100.00,22,1.6,147.3
2026-05-16T07:58:18,3.0,1120,7941,0,3,100.00,18,0.7,148.2
2026-05-16T07:58:23,2.1,1108,7941,0,2,100.00,2,0.1,148.5
