timestamp,net_rx_kb_s,net_tx_kb_s
2026-05-19T14:33:51,0.17,0.51
2026-05-19T14:33:56,0.15,0.17
2026-05-19T14:34:01,0.15,0.17
2026-05-19T14:34:06,0.34,1.42
2026-05-19T14:34:11,0.34,1.42
2026-05-19T14:34:16,1.03,4.55
2026-05-19T14:34:21,1.03,4.55
2026-05-19T14:34:26,6.03,18.62
2026-05-19T14:34:31,6.03,18.62
2026-05-19T14:34:36,14.82,48.04
2026-05-19T14:34:41,14.82,48.04
2026-05-19T14:34:46,22.69,83.74
2026-05-19T14:34:51,22.69,83.74
2026-05-19T14:34:56,30.23,124.26
2026-05-19T14:35:01,30.23,124.26
2026-05-19T14:35:06,37.66,163.37
2026-05-19T14:35:11,37.66,163.37
2026-05-19T14:35:16,45.21,200.85
2026-05-19T14:35:21,45.21,200.85
2026-05-19T14:35:26,53.4,245.39
2026-05-19T14:35:31,53.4,245.39
2026-05-19T14:35:36,61.75,290.95
2026-05-19T14:35:41,61.75,290.95
2026-05-19T14:35:46,69.69,333.56
2026-05-19T14:35:51,69.69,333.56
2026-05-19T14:35:56,409.59,377.82
2026-05-19T14:36:01,409.59,377.82
2026-05-19T14:36:06,416.2,408.99
2026-05-19T14:36:11,416.2,408.99
2026-05-19T14:36:16,3909.45,452.5
2026-05-19T14:36:21,3909.45,452.5
2026-05-19T14:36:26,3907.76,481.84
2026-05-19T14:36:31,3907.76,481.84
2026-05-19T14:36:36,86.42,479.22
2026-05-19T14:36:41,86.42,479.22
2026-05-19T14:36:46,104.15,530.13
2026-05-19T14:36:51,104.15,530.13
2026-05-19T14:36:56,122.92,613.33
2026-05-19T14:37:01,122.92,613.33
2026-05-19T14:37:06,129.83,652.17
2026-05-19T14:37:11,129.83,652.17
2026-05-19T14:37:16,137.29,681.31
2026-05-19T14:37:21,137.29,681.31
2026-05-19T14:37:26,145.0,728.01
2026-05-19T14:37:31,145.0,728.01
2026-05-19T14:37:36,152.44,778.76
2026-05-19T14:37:41,152.44,778.76
2026-05-19T14:37:46,160.54,820.32
2026-05-19T14:37:51,160.54,820.32
2026-05-19T14:37:56,167.53,850.97
2026-05-19T14:38:01,167.53,850.97
2026-05-19T14:38:06,170.66,873.91
2026-05-19T14:38:11,170.66,873.91
2026-05-19T14:38:16,175.91,900.34
2026-05-19T14:38:21,175.91,900.34
2026-05-19T14:38:26,186.45,956.66
2026-05-19T14:38:31,186.45,956.66
2026-05-19T14:38:36,185.76,958.07
2026-05-19T14:38:41,185.76,958.07
2026-05-19T14:38:46,187.26,974.42
2026-05-19T14:38:51,187.26,974.42
2026-05-19T14:38:56,200.61,1050.6
2026-05-19T14:39:01,200.61,1050.6
2026-05-19T14:39:06,196.58,1012.68
2026-05-19T14:39:11,196.58,1012.68
2026-05-19T14:39:16,190.73,989.65
2026-05-19T14:39:21,190.73,989.65
2026-05-19T14:39:26,202.13,1066.85
2026-05-19T14:39:31,202.13,1066.85
2026-05-19T14:39:36,211.38,1121.5
2026-05-19T14:39:41,211.38,1121.5
2026-05-19T14:39:46,216.48,1156.46
2026-05-19T14:39:51,216.48,1156.46
2026-05-19T14:39:56,211.51,1140.6
2026-05-19T14:40:01,211.51,1140.6
2026-05-19T14:40:06,190.64,1020.02
2026-05-19T14:40:11,190.64,1020.02
2026-05-19T14:40:16,180.55,977.78
2026-05-19T14:40:21,180.55,977.78
2026-05-19T14:40:26,182.19,998.65
2026-05-19T14:40:31,182.19,998.65
2026-05-19T14:40:36,188.13,1017.95
2026-05-19T14:40:41,188.13,1017.95
2026-05-19T14:40:46,206.8,1114.72
2026-05-19T14:40:51,206.8,1114.72
2026-05-19T14:40:56,212.94,1136.8
2026-05-19T14:41:01,212.94,1136.8
2026-05-19T14:41:06,198.18,1058.9
2026-05-19T14:41:11,198.18,1058.9
2026-05-19T14:41:16,202.62,1095.93
2026-05-19T14:41:21,202.62,1095.93
2026-05-19T14:41:26,220.67,1197.48
2026-05-19T14:41:31,220.67,1197.48
2026-05-19T14:41:36,215.63,1162.11
2026-05-19T14:41:41,215.63,1162.11
2026-05-19T14:41:46,206.13,1101.03
2026-05-19T14:41:51,206.13,1101.03
2026-05-19T14:41:56,202.76,1086.87
2026-05-19T14:42:01,202.76,1086.87
2026-05-19T14:42:06,190.66,1022.79
2026-05-19T14:42:11,190.66,1022.79
2026-05-19T14:42:16,194.05,1049.64
2026-05-19T14:42:21,194.05,1049.64
2026-05-19T14:42:26,201.99,1094.97
2026-05-19T14:42:31,201.99,1094.97
2026-05-19T14:42:36,195.06,1047.04
2026-05-19T14:42:41,195.06,1047.04
2026-05-19T14:42:46,195.82,1052.73
2026-05-19T14:42:51,195.82,1052.73
2026-05-19T14:42:56,204.39,1107.24
2026-05-19T14:43:01,204.39,1107.24
2026-05-19T14:43:06,199.09,1079.47
2026-05-19T14:43:11,199.09,1079.47
2026-05-19T14:43:16,198.2,1066.58
2026-05-19T14:43:21,198.2,1066.58
2026-05-19T14:43:26,211.88,1144.17
2026-05-19T14:43:31,211.88,1144.17
2026-05-19T14:43:36,211.4,1137.05
2026-05-19T14:43:41,211.4,1137.05
2026-05-19T14:43:46,205.21,1100.33
2026-05-19T14:43:51,205.21,1100.33
2026-05-19T14:43:56,201.2,1091.27
2026-05-19T14:44:01,201.2,1091.27
2026-05-19T14:44:06,196.96,1074.64
2026-05-19T14:44:11,196.96,1074.64
2026-05-19T14:44:16,196.33,1055.27
2026-05-19T14:44:21,196.33,1055.27
2026-05-19T14:44:26,198.75,1064.07
2026-05-19T14:44:31,198.75,1064.07
2026-05-19T14:44:36,198.19,1081.67
2026-05-19T14:44:41,198.19,1081.67
2026-05-19T14:44:46,195.73,1066.61
2026-05-19T14:44:51,195.73,1066.61
2026-05-19T14:44:56,195.89,1055.21
2026-05-19T14:45:01,195.89,1055.21
2026-05-19T14:45:06,186.02,987.91
2026-05-19T14:45:11,186.02,987.91
2026-05-19T14:45:16,176.02,951.7
2026-05-19T14:45:21,176.02,951.7
2026-05-19T14:45:26,200.3,1091.3
2026-05-19T14:45:31,200.3,1091.3
2026-05-19T14:45:36,214.81,1150.6
2026-05-19T14:45:41,214.81,1150.6
2026-05-19T14:45:46,209.71,1131.47
2026-05-19T14:45:51,209.71,1131.47
2026-05-19T14:45:56,216.12,1164.15
2026-05-19T14:46:01,216.12,1164.15
2026-05-19T14:46:06,202.02,1079.96
2026-05-19T14:46:11,202.02,1079.96
2026-05-19T14:46:16,188.28,1014.11
2026-05-19T14:46:21,188.28,1014.11
2026-05-19T14:46:26,197.95,1066.51
2026-05-19T14:46:31,197.95,1066.51
2026-05-19T14:46:36,200.36,1071.35
2026-05-19T14:46:41,200.36,1071.35
2026-05-19T14:46:46,193.07,1039.37
2026-05-19T14:46:51,193.07,1039.37
2026-05-19T14:46:56,198.41,1073.74
2026-05-19T14:47:01,198.41,1073.74
2026-05-19T14:47:06,202.03,1091.68
2026-05-19T14:47:11,202.03,1091.68
2026-05-19T14:47:16,196.38,1051.39
2026-05-19T14:47:21,196.38,1051.39
2026-05-19T14:47:26,203.33,1078.58
2026-05-19T14:47:31,203.33,1078.58
2026-05-19T14:47:36,198.25,1060.59
2026-05-19T14:47:41,198.25,1060.59
2026-05-19T14:47:46,185.72,996.37
2026-05-19T14:47:51,185.72,996.37
2026-05-19T14:47:56,185.49,985.98
2026-05-19T14:48:01,185.49,985.98
2026-05-19T14:48:06,177.85,940.99
2026-05-19T14:48:11,177.85,940.99
2026-05-19T14:48:16,176.71,943.7
2026-05-19T14:48:21,176.71,943.7
2026-05-19T14:48:26,186.46,1007.84
2026-05-19T14:48:31,186.46,1007.84
2026-05-19T14:48:36,197.59,1058.79
2026-05-19T14:48:41,197.59,1058.79
2026-05-19T14:48:46,196.04,1049.74
2026-05-19T14:48:51,196.04,1049.74
2026-05-19T14:48:56,186.38,1006.27
2026-05-19T14:49:01,186.38,1006.27
2026-05-19T14:49:06,186.21,992.24
2026-05-19T14:49:11,186.21,992.24
2026-05-19T14:49:16,176.63,944.0
2026-05-19T14:49:21,176.63,944.0
2026-05-19T14:49:26,180.74,984.67
2026-05-19T14:49:31,180.74,984.67
2026-05-19T14:49:36,182.14,981.54
2026-05-19T14:49:41,182.14,981.54
2026-05-19T14:49:46,178.09,960.29
2026-05-19T14:49:51,178.09,960.29
2026-05-19T14:49:56,188.49,1008.5
2026-05-19T14:50:01,188.49,1008.5
2026-05-19T14:50:06,171.51,908.24
2026-05-19T14:50:11,171.51,908.24
2026-05-19T14:50:16,154.4,831.81
2026-05-19T14:50:21,154.4,831.81
2026-05-19T14:50:26,163.14,885.75
2026-05-19T14:50:31,163.14,885.75
2026-05-19T14:50:36,174.05,941.25
2026-05-19T14:50:41,174.05,941.25
2026-05-19T14:50:46,177.74,951.97
2026-05-19T14:50:51,177.74,951.97
2026-05-19T14:50:56,170.97,923.32
2026-05-19T14:51:01,170.97,923.32
2026-05-19T14:51:06,173.33,940.14
2026-05-19T14:51:11,173.33,940.14
2026-05-19T14:51:16,175.64,942.38
2026-05-19T14:51:21,175.64,942.38
2026-05-19T14:51:26,185.48,994.55
2026-05-19T14:51:31,185.48,994.55
2026-05-19T14:51:36,199.07,1073.57
2026-05-19T14:51:41,199.07,1073.57
2026-05-19T14:51:46,188.23,981.01
2026-05-19T14:51:51,188.23,981.01
2026-05-19T14:51:56,186.48,966.23
2026-05-19T14:52:01,186.48,966.23
2026-05-19T14:52:06,174.41,940.82
2026-05-19T14:52:11,174.41,940.82
2026-05-19T14:52:16,161.32,878.6
2026-05-19T14:52:21,161.32,878.6
2026-05-19T14:52:26,181.26,984.87
2026-05-19T14:52:31,181.26,984.87
2026-05-19T14:52:36,187.28,1013.01
2026-05-19T14:52:41,187.28,1013.01
2026-05-19T14:52:46,175.2,944.85
2026-05-19T14:52:51,175.2,944.85
2026-05-19T14:52:56,172.86,933.78
2026-05-19T14:53:01,172.86,933.78
2026-05-19T14:53:06,172.12,930.08
2026-05-19T14:53:11,172.12,930.08
2026-05-19T14:53:16,181.03,967.61
2026-05-19T14:53:21,181.03,967.61
2026-05-19T14:53:26,193.17,1038.22
2026-05-19T14:53:31,193.17,1038.22
2026-05-19T14:53:36,186.02,1012.15
2026-05-19T14:53:41,186.02,1012.15
2026-05-19T14:53:46,184.85,996.36
2026-05-19T14:53:51,184.85,996.36
2026-05-19T14:53:56,177.48,965.79
2026-05-19T14:54:01,177.48,965.79
2026-05-19T14:54:06,165.21,902.03
2026-05-19T14:54:11,165.21,902.03
2026-05-19T14:54:16,185.52,1003.96
2026-05-19T14:54:21,185.52,1003.96
2026-05-19T14:54:26,208.75,1128.85
2026-05-19T14:54:31,208.75,1128.85
2026-05-19T14:54:36,213.1,1150.0
2026-05-19T14:54:41,213.1,1150.0
2026-05-19T14:54:46,213.46,1153.94
2026-05-19T14:54:51,213.46,1153.94
2026-05-19T14:54:56,219.99,1186.53
2026-05-19T14:55:01,219.99,1186.53
2026-05-19T14:55:06,210.54,1118.01
2026-05-19T14:55:11,210.54,1118.01
2026-05-19T14:55:16,203.1,1089.24
2026-05-19T14:55:21,203.1,1089.24
2026-05-19T14:55:26,216.8,1175.56
2026-05-19T14:55:31,216.8,1175.56
2026-05-19T14:55:36,217.82,1166.72
2026-05-19T14:55:41,217.82,1166.72
2026-05-19T14:55:46,213.66,1166.41
2026-05-19T14:55:51,213.66,1166.41
2026-05-19T14:55:56,214.13,1066.0
2026-05-19T14:56:01,214.13,1066.0
2026-05-19T14:56:06,207.0,905.63
2026-05-19T14:56:11,207.0,905.63
2026-05-19T14:56:16,203.74,901.63
2026-05-19T14:56:21,203.74,901.63
2026-05-19T14:56:26,202.79,1006.5
2026-05-19T14:56:31,202.79,1006.5
2026-05-19T14:56:36,202.68,1153.35
2026-05-19T14:56:41,202.68,1153.35
2026-05-19T14:56:46,207.27,1206.08
2026-05-19T14:56:51,207.27,1206.08
2026-05-19T14:56:56,209.6,1193.21
2026-05-19T14:57:01,209.6,1193.21
2026-05-19T14:57:06,206.14,1196.29
2026-05-19T14:57:11,206.14,1196.29
2026-05-19T14:57:16,197.45,1229.29
2026-05-19T14:57:21,197.45,1229.29
2026-05-19T14:57:26,199.5,1231.11
2026-05-19T14:57:31,199.5,1231.11
2026-05-19T14:57:36,204.1,1205.68
2026-05-19T14:57:41,204.1,1205.68
2026-05-19T14:57:46,212.16,1192.62
2026-05-19T14:57:51,212.16,1192.62
2026-05-19T14:57:56,224.8,1194.34
2026-05-19T14:58:01,224.8,1194.34
2026-05-19T14:58:06,225.89,1208.39
2026-05-19T14:58:11,225.89,1208.39
2026-05-19T14:58:16,222.62,1197.58
2026-05-19T14:58:21,222.62,1197.58
2026-05-19T14:58:26,221.78,1200.78
2026-05-19T14:58:31,221.78,1200.78
2026-05-19T14:58:36,215.35,1166.63
2026-05-19T14:58:41,215.35,1166.63
2026-05-19T14:58:46,217.86,1081.16
2026-05-19T14:58:51,217.86,1081.16
2026-05-19T14:58:56,215.35,1060.76
2026-05-19T14:59:01,215.35,1060.76
2026-05-19T14:59:06,203.77,1078.83
2026-05-19T14:59:11,203.77,1078.83
2026-05-19T14:59:16,209.91,1122.48
2026-05-19T14:59:21,209.91,1122.48
2026-05-19T14:59:26,215.74,1175.73
2026-05-19T14:59:31,215.74,1175.73
2026-05-19T14:59:36,218.47,1188.2
2026-05-19T14:59:41,218.47,1188.2
2026-05-19T14:59:46,221.62,1193.43
2026-05-19T14:59:51,221.62,1193.43
2026-05-19T14:59:56,217.68,1166.0
2026-05-19T15:00:01,217.68,1166.0
2026-05-19T15:00:06,194.66,1023.34
2026-05-19T15:00:11,194.66,1023.34
2026-05-19T15:00:16,151.19,815.18
2026-05-19T15:00:21,151.19,815.18
2026-05-19T15:00:26,159.21,888.07
2026-05-19T15:00:31,159.21,888.07
2026-05-19T15:00:36,194.4,1054.77
2026-05-19T15:00:41,194.4,1054.77
2026-05-19T15:00:46,202.45,1091.75
2026-05-19T15:00:51,202.45,1091.75
2026-05-19T15:00:56,203.52,1094.54
2026-05-19T15:01:01,203.52,1094.54
2026-05-19T15:01:06,193.77,1043.19
2026-05-19T15:01:11,193.77,1043.19
2026-05-19T15:01:16,200.78,1096.41
2026-05-19T15:01:21,200.78,1096.41
2026-05-19T15:01:26,216.43,1177.75
2026-05-19T15:01:31,216.43,1177.75
2026-05-19T15:01:36,214.15,1146.03
2026-05-19T15:01:41,214.15,1146.03
2026-05-19T15:01:46,201.5,1076.64
2026-05-19T15:01:51,201.5,1076.64
2026-05-19T15:01:56,202.17,1078.86
2026-05-19T15:02:01,202.17,1078.86
2026-05-19T15:02:06,201.69,1078.25
2026-05-19T15:02:11,201.69,1078.25
2026-05-19T15:02:16,199.45,1074.95
2026-05-19T15:02:21,199.45,1074.95
2026-05-19T15:02:26,199.78,1076.25
2026-05-19T15:02:31,199.78,1076.25
2026-05-19T15:02:36,192.34,1033.17
2026-05-19T15:02:41,192.34,1033.17
2026-05-19T15:02:46,203.43,1093.8
2026-05-19T15:02:51,203.43,1093.8
2026-05-19T15:02:56,217.64,1162.03
2026-05-19T15:03:01,217.64,1162.03
2026-05-19T15:03:06,212.71,1132.02
2026-05-19T15:03:11,212.71,1132.02
2026-05-19T15:03:16,209.62,1123.7
2026-05-19T15:03:21,209.62,1123.7
2026-05-19T15:03:26,216.81,1153.22
2026-05-19T15:03:31,216.81,1153.22
2026-05-19T15:03:36,216.47,1155.82
2026-05-19T15:03:41,216.47,1155.82
2026-05-19T15:03:46,215.84,1159.92
2026-05-19T15:03:51,215.84,1159.92
2026-05-19T15:03:56,216.76,1154.83
2026-05-19T15:04:01,216.76,1154.83
2026-05-19T15:04:06,197.18,1051.33
2026-05-19T15:04:11,197.18,1051.33
2026-05-19T15:04:16,189.73,1008.53
2026-05-19T15:04:21,189.73,1008.53
2026-05-19T15:04:26,201.44,1067.74
2026-05-19T15:04:31,201.44,1067.74
2026-05-19T15:04:36,195.89,1047.22
2026-05-19T15:04:41,195.89,1047.22
2026-05-19T15:04:46,201.94,1094.25
2026-05-19T15:04:51,201.94,1094.25
2026-05-19T15:04:56,215.44,1162.77
2026-05-19T15:05:01,215.44,1162.77
2026-05-19T15:05:06,202.62,1071.75
2026-05-19T15:05:11,202.62,1071.75
2026-05-19T15:05:16,189.97,1011.2
2026-05-19T15:05:21,189.97,1011.2
2026-05-19T15:05:26,201.45,1084.55
2026-05-19T15:05:31,201.45,1084.55
2026-05-19T15:05:36,204.19,1087.06
2026-05-19T15:05:41,204.19,1087.06
2026-05-19T15:05:46,200.53,1077.43
2026-05-19T15:05:51,200.53,1077.43
2026-05-19T15:05:56,202.53,1093.45
2026-05-19T15:06:01,202.53,1093.45
2026-05-19T15:06:06,190.02,1011.45
2026-05-19T15:06:11,190.02,1011.45
2026-05-19T15:06:16,192.28,1031.2
2026-05-19T15:06:21,192.28,1031.2
2026-05-19T15:06:26,206.67,1107.96
2026-05-19T15:06:31,206.67,1107.96
2026-05-19T15:06:36,210.61,1120.81
2026-05-19T15:06:41,210.61,1120.81
2026-05-19T15:06:46,208.78,1118.26
2026-05-19T15:06:51,208.78,1118.26
2026-05-19T15:06:56,212.53,1139.49
2026-05-19T15:07:01,212.53,1139.49
2026-05-19T15:07:06,211.6,1133.24
2026-05-19T15:07:11,211.6,1133.24
2026-05-19T15:07:16,210.5,1119.96
2026-05-19T15:07:21,210.5,1119.96
2026-05-19T15:07:26,215.11,1149.2
2026-05-19T15:07:31,215.11,1149.2
2026-05-19T15:07:36,204.14,1098.92
2026-05-19T15:07:41,204.14,1098.92
2026-05-19T15:07:46,202.61,1088.98
2026-05-19T15:07:51,202.61,1088.98
2026-05-19T15:07:56,207.23,1111.51
2026-05-19T15:08:01,207.23,1111.51
2026-05-19T15:08:06,197.96,1055.68
2026-05-19T15:08:11,197.96,1055.68
2026-05-19T15:08:16,196.54,1057.82
2026-05-19T15:08:21,196.54,1057.82
2026-05-19T15:08:26,199.54,1067.34
2026-05-19T15:08:31,199.54,1067.34
2026-05-19T15:08:36,197.79,1063.07
2026-05-19T15:08:41,197.79,1063.07
2026-05-19T15:08:46,205.96,1120.09
2026-05-19T15:08:51,205.96,1120.09
2026-05-19T15:08:56,213.45,1141.7
2026-05-19T15:09:01,213.45,1141.7
2026-05-19T15:09:06,197.95,1041.21
2026-05-19T15:09:11,197.95,1041.21
2026-05-19T15:09:16,179.44,964.65
2026-05-19T15:09:21,179.44,964.65
2026-05-19T15:09:26,193.29,1062.01
2026-05-19T15:09:31,193.29,1062.01
2026-05-19T15:09:36,205.11,1113.56
2026-05-19T15:09:41,205.11,1113.56
2026-05-19T15:09:46,202.56,1087.5
2026-05-19T15:09:51,202.56,1087.5
2026-05-19T15:09:56,205.19,1089.53
2026-05-19T15:10:01,205.19,1089.53
2026-05-19T15:10:06,194.08,1022.37
2026-05-19T15:10:11,194.08,1022.37
2026-05-19T15:10:16,174.96,938.82
2026-05-19T15:10:21,174.96,938.82
2026-05-19T15:10:26,179.52,976.38
2026-05-19T15:10:31,179.52,976.38
2026-05-19T15:10:36,183.86,987.91
2026-05-19T15:10:41,183.86,987.91
2026-05-19T15:10:46,182.43,984.12
2026-05-19T15:10:51,182.43,984.12
2026-05-19T15:10:56,191.52,1034.99
2026-05-19T15:11:01,191.52,1034.99
2026-05-19T15:11:06,183.15,984.15
2026-05-19T15:11:11,183.15,984.15
2026-05-19T15:11:16,192.0,1022.94
2026-05-19T15:11:21,192.0,1022.94
2026-05-19T15:11:26,205.62,1095.18
2026-05-19T15:11:31,205.62,1095.18
2026-05-19T15:11:36,204.85,1107.98
2026-05-19T15:11:41,204.85,1107.98
2026-05-19T15:11:46,205.82,1113.94
2026-05-19T15:11:51,205.82,1113.94
2026-05-19T15:11:56,197.43,1062.05
2026-05-19T15:12:01,197.43,1062.05
2026-05-19T15:12:06,190.44,1016.35
2026-05-19T15:12:11,190.44,1016.35
2026-05-19T15:12:16,189.5,1011.28
2026-05-19T15:12:21,189.5,1011.28
2026-05-19T15:12:26,177.84,963.77
2026-05-19T15:12:31,177.84,963.77
2026-05-19T15:12:36,185.16,998.94
2026-05-19T15:12:41,185.16,998.94
2026-05-19T15:12:46,205.76,1108.73
2026-05-19T15:12:51,205.76,1108.73
2026-05-19T15:12:56,207.04,1111.98
2026-05-19T15:13:01,207.04,1111.98
2026-05-19T15:13:06,200.91,1071.01
2026-05-19T15:13:11,200.91,1071.01
2026-05-19T15:13:16,193.9,1049.47
2026-05-19T15:13:21,193.9,1049.47
2026-05-19T15:13:26,204.09,1103.37
2026-05-19T15:13:31,204.09,1103.37
2026-05-19T15:13:36,210.25,1122.07
2026-05-19T15:13:41,210.25,1122.07
2026-05-19T15:13:46,207.73,1106.85
2026-05-19T15:13:51,207.73,1106.85
2026-05-19T15:13:56,199.13,1049.48
2026-05-19T15:14:01,199.13,1049.48
2026-05-19T15:14:06,178.6,932.11
2026-05-19T15:14:11,178.6,932.11
2026-05-19T15:14:16,168.06,883.26
2026-05-19T15:14:21,168.06,883.26
2026-05-19T15:14:26,172.2,922.43
2026-05-19T15:14:31,172.2,922.43
2026-05-19T15:14:36,175.65,948.41
2026-05-19T15:14:41,175.65,948.41
2026-05-19T15:14:46,189.19,1020.27
2026-05-19T15:14:51,189.19,1020.27
2026-05-19T15:14:56,206.13,1104.52
2026-05-19T15:15:01,206.13,1104.52
2026-05-19T15:15:06,191.94,1002.2
2026-05-19T15:15:11,191.94,1002.2
2026-05-19T15:15:16,184.71,992.52
2026-05-19T15:15:21,184.71,992.52
2026-05-19T15:15:26,205.24,1111.06
2026-05-19T15:15:31,205.24,1111.06
2026-05-19T15:15:36,212.33,1130.56
2026-05-19T15:15:41,212.33,1130.56
2026-05-19T15:15:46,208.11,1120.86
2026-05-19T15:15:51,208.11,1120.86
2026-05-19T15:15:56,210.98,1133.33
2026-05-19T15:16:01,210.98,1133.33
2026-05-19T15:16:06,210.16,1130.06
2026-05-19T15:16:11,210.16,1130.06
2026-05-19T15:16:16,210.78,1128.18
2026-05-19T15:16:21,210.78,1128.18
2026-05-19T15:16:26,220.48,1180.28
2026-05-19T15:16:31,220.48,1180.28
2026-05-19T15:16:36,223.22,1190.95
2026-05-19T15:16:41,223.22,1190.95
2026-05-19T15:16:46,219.08,1167.18
2026-05-19T15:16:51,219.08,1167.18
2026-05-19T15:16:56,216.67,1155.63
2026-05-19T15:17:01,216.67,1155.63
2026-05-19T15:17:06,203.65,1083.07
2026-05-19T15:17:11,203.65,1083.07
2026-05-19T15:17:16,206.85,1104.66
2026-05-19T15:17:21,206.85,1104.66
2026-05-19T15:17:26,220.56,1177.56
2026-05-19T15:17:31,220.56,1177.56
2026-05-19T15:17:36,217.35,1157.17
2026-05-19T15:17:41,217.35,1157.17
2026-05-19T15:17:46,210.82,1114.73
2026-05-19T15:17:51,210.82,1114.73
2026-05-19T15:17:56,199.0,1057.08
2026-05-19T15:18:01,199.0,1057.08
2026-05-19T15:18:06,193.12,1034.67
2026-05-19T15:18:11,193.12,1034.67
2026-05-19T15:18:16,193.84,1030.57
2026-05-19T15:18:21,193.84,1030.57
2026-05-19T15:18:26,201.07,1078.45
2026-05-19T15:18:31,201.07,1078.45
2026-05-19T15:18:36,212.32,1141.04
2026-05-19T15:18:41,212.32,1141.04
2026-05-19T15:18:46,213.75,1128.26
2026-05-19T15:18:51,213.75,1128.26
2026-05-19T15:18:56,208.99,1108.36
2026-05-19T15:19:01,208.99,1108.36
2026-05-19T15:19:06,208.02,1105.93
2026-05-19T15:19:11,208.02,1105.93
2026-05-19T15:19:16,209.83,1117.0
2026-05-19T15:19:21,209.83,1117.0
2026-05-19T15:19:26,212.52,1135.59
2026-05-19T15:19:31,212.52,1135.59
2026-05-19T15:19:36,212.7,1138.99
2026-05-19T15:19:41,212.7,1138.99
2026-05-19T15:19:46,210.08,1128.18
2026-05-19T15:19:51,210.08,1128.18
2026-05-19T15:19:56,207.95,1103.41
2026-05-19T15:20:01,207.95,1103.41
2026-05-19T15:20:06,197.63,1037.04
2026-05-19T15:20:11,197.63,1037.04
2026-05-19T15:20:16,170.92,915.76
2026-05-19T15:20:21,170.92,915.76
2026-05-19T15:20:26,166.14,903.36
2026-05-19T15:20:31,166.14,903.36
2026-05-19T15:20:36,178.29,948.58
2026-05-19T15:20:41,178.29,948.58
2026-05-19T15:20:46,185.58,999.48
2026-05-19T15:20:51,185.58,999.48
2026-05-19T15:20:56,195.18,1018.42
2026-05-19T15:21:01,195.18,1018.42
2026-05-19T15:21:06,171.14,867.62
2026-05-19T15:21:11,171.14,867.62
2026-05-19T15:21:16,168.26,900.31
2026-05-19T15:21:21,168.26,900.31
2026-05-19T15:21:26,193.07,1059.19
2026-05-19T15:21:31,193.07,1059.19
2026-05-19T15:21:36,191.49,1046.97
2026-05-19T15:21:41,191.49,1046.97
2026-05-19T15:21:46,183.23,975.08
2026-05-19T15:21:51,183.23,975.08
2026-05-19T15:21:56,187.32,1001.44
2026-05-19T15:22:01,187.32,1001.44
2026-05-19T15:22:06,193.96,1046.32
2026-05-19T15:22:11,193.96,1046.32
2026-05-19T15:22:16,196.02,1046.23
2026-05-19T15:22:21,196.02,1046.23
2026-05-19T15:22:26,203.91,1093.23
2026-05-19T15:22:31,203.91,1093.23
2026-05-19T15:22:36,204.98,1102.03
2026-05-19T15:22:41,204.98,1102.03
2026-05-19T15:22:46,198.81,1061.36
2026-05-19T15:22:51,198.81,1061.36
2026-05-19T15:22:56,172.33,918.07
2026-05-19T15:23:01,172.33,918.07
2026-05-19T15:23:06,156.22,829.39
2026-05-19T15:23:11,156.22,829.39
2026-05-19T15:23:16,174.4,930.29
2026-05-19T15:23:21,174.4,930.29
2026-05-19T15:23:26,185.79,1010.28
2026-05-19T15:23:31,185.79,1010.28
2026-05-19T15:23:36,193.51,1045.05
2026-05-19T15:23:41,193.51,1045.05
2026-05-19T15:23:46,193.24,1035.65
2026-05-19T15:23:51,193.24,1035.65
2026-05-19T15:23:56,185.5,1000.52
2026-05-19T15:24:01,185.5,1000.52
2026-05-19T15:24:06,185.58,992.09
2026-05-19T15:24:11,185.58,992.09
2026-05-19T15:24:16,187.92,1005.65
2026-05-19T15:24:21,187.92,1005.65
2026-05-19T15:24:26,194.15,1051.08
2026-05-19T15:24:31,194.15,1051.08
2026-05-19T15:24:36,197.38,1058.62
2026-05-19T15:24:41,197.38,1058.62
2026-05-19T15:24:46,193.74,1034.25
2026-05-19T15:24:51,193.74,1034.25
2026-05-19T15:24:56,193.21,1042.46
2026-05-19T15:25:01,193.21,1042.46
2026-05-19T15:25:06,176.96,936.67
2026-05-19T15:25:11,176.96,936.67
2026-05-19T15:25:16,168.68,906.76
2026-05-19T15:25:21,168.68,906.76
2026-05-19T15:25:26,195.08,1066.71
2026-05-19T15:25:31,195.08,1066.71
2026-05-19T15:25:36,200.62,1080.2
2026-05-19T15:25:41,200.62,1080.2
2026-05-19T15:25:46,198.85,1057.97
2026-05-19T15:25:51,198.85,1057.97
2026-05-19T15:25:56,202.91,1085.13
2026-05-19T15:26:01,202.91,1085.13
2026-05-19T15:26:06,195.01,1049.44
2026-05-19T15:26:11,195.01,1049.44
2026-05-19T15:26:16,191.8,1031.26
2026-05-19T15:26:21,191.8,1031.26
2026-05-19T15:26:26,201.45,1089.27
2026-05-19T15:26:31,201.45,1089.27
2026-05-19T15:26:36,210.94,1125.48
2026-05-19T15:26:41,210.94,1125.48
2026-05-19T15:26:46,210.43,1125.75
2026-05-19T15:26:51,210.43,1125.75
2026-05-19T15:26:56,207.36,1119.79
2026-05-19T15:27:01,207.36,1119.79
2026-05-19T15:27:06,201.33,1084.53
2026-05-19T15:27:11,201.33,1084.53
2026-05-19T15:27:16,211.38,1123.37
2026-05-19T15:27:21,211.38,1123.37
2026-05-19T15:27:26,227.09,1205.36
2026-05-19T15:27:31,227.09,1205.36
2026-05-19T15:27:36,227.47,1219.5
2026-05-19T15:27:41,227.47,1219.5
2026-05-19T15:27:46,227.25,1218.0
2026-05-19T15:27:51,227.25,1218.0
2026-05-19T15:27:56,226.06,1200.63
2026-05-19T15:28:01,226.06,1200.63
2026-05-19T15:28:06,221.89,1180.75
2026-05-19T15:28:11,221.89,1180.75
2026-05-19T15:28:16,208.86,1120.73
2026-05-19T15:28:21,208.86,1120.73
2026-05-19T15:28:26,211.49,1121.71
2026-05-19T15:28:31,211.49,1121.71
2026-05-19T15:28:36,225.17,1194.79
2026-05-19T15:28:41,225.17,1194.79
2026-05-19T15:28:46,222.48,1190.27
2026-05-19T15:28:51,222.48,1190.27
2026-05-19T15:28:56,219.05,1178.02
2026-05-19T15:29:01,219.05,1178.02
2026-05-19T15:29:06,212.69,1131.79
2026-05-19T15:29:11,212.69,1131.79
2026-05-19T15:29:16,214.26,1134.58
2026-05-19T15:29:21,214.26,1134.58
2026-05-19T15:29:26,224.39,1194.82
2026-05-19T15:29:31,224.39,1194.82
2026-05-19T15:29:36,222.25,1177.42
2026-05-19T15:29:41,222.25,1177.42
2026-05-19T15:29:46,213.66,1147.35
2026-05-19T15:29:51,213.66,1147.35
2026-05-19T15:29:56,199.29,1069.77
2026-05-19T15:30:01,199.29,1069.77
2026-05-19T15:30:06,183.95,959.6
2026-05-19T15:30:11,183.95,959.6
2026-05-19T15:30:16,172.67,919.29
2026-05-19T15:30:21,172.67,919.29
2026-05-19T15:30:26,175.65,955.7
2026-05-19T15:30:31,175.65,955.7
2026-05-19T15:30:36,195.33,1050.94
2026-05-19T15:30:41,195.33,1050.94
2026-05-19T15:30:46,211.5,1128.64
2026-05-19T15:30:51,211.5,1128.64
2026-05-19T15:30:56,214.77,1135.15
2026-05-19T15:31:01,214.77,1135.15
2026-05-19T15:31:06,206.31,1096.51
2026-05-19T15:31:11,206.31,1096.51
2026-05-19T15:31:16,199.22,1078.29
2026-05-19T15:31:21,199.22,1078.29
2026-05-19T15:31:26,204.12,1099.69
2026-05-19T15:31:31,204.12,1099.69
2026-05-19T15:31:36,209.02,1108.82
2026-05-19T15:31:41,209.02,1108.82
2026-05-19T15:31:46,209.28,1119.61
2026-05-19T15:31:51,209.28,1119.61
2026-05-19T15:31:56,212.13,1134.63
2026-05-19T15:32:01,212.13,1134.63
2026-05-19T15:32:06,198.49,1052.01
2026-05-19T15:32:11,198.49,1052.01
2026-05-19T15:32:16,197.09,1047.36
2026-05-19T15:32:21,197.09,1047.36
2026-05-19T15:32:26,214.14,1144.61
2026-05-19T15:32:31,214.14,1144.61
2026-05-19T15:32:36,215.37,1155.31
2026-05-19T15:32:41,215.37,1155.31
2026-05-19T15:32:46,211.56,1131.89
2026-05-19T15:32:51,211.56,1131.89
2026-05-19T15:32:56,198.27,1059.62
2026-05-19T15:33:01,198.27,1059.62
2026-05-19T15:33:06,189.52,1010.15
2026-05-19T15:33:11,189.52,1010.15
2026-05-19T15:33:16,199.56,1079.09
2026-05-19T15:33:21,199.56,1079.09
2026-05-19T15:33:26,215.01,1164.22
2026-05-19T15:33:31,215.01,1164.22
2026-05-19T15:33:36,216.47,1144.73
2026-05-19T15:33:41,216.47,1144.73
2026-05-19T15:33:46,213.76,1140.81
2026-05-19T15:33:51,213.76,1140.81
2026-05-19T15:33:56,221.51,1189.13
2026-05-19T15:34:01,221.51,1189.13
2026-05-19T15:34:06,211.1,1118.58
2026-05-19T15:34:11,211.1,1118.58
2026-05-19T15:34:16,202.99,1078.7
2026-05-19T15:34:21,202.99,1078.7
2026-05-19T15:34:26,208.73,1107.49
2026-05-19T15:34:31,208.73,1107.49
2026-05-19T15:34:36,210.04,1118.84
2026-05-19T15:34:41,210.04,1118.84
2026-05-19T15:34:46,210.84,1131.44
2026-05-19T15:34:51,210.84,1131.44
2026-05-19T15:34:56,205.86,1096.9
2026-05-19T15:35:01,205.86,1096.9
2026-05-19T15:35:06,189.36,1000.56
2026-05-19T15:35:11,189.36,1000.56
2026-05-19T15:35:16,184.33,996.76
2026-05-19T15:35:21,184.33,996.76
2026-05-19T15:35:26,203.82,1108.8
2026-05-19T15:35:31,203.82,1108.8
2026-05-19T15:35:36,216.04,1156.89
2026-05-19T15:35:41,216.04,1156.89
2026-05-19T15:35:46,213.44,1148.26
2026-05-19T15:35:51,213.44,1148.26
2026-05-19T15:35:56,212.26,1126.95
2026-05-19T15:36:01,212.26,1126.95
2026-05-19T15:36:06,195.37,1041.82
2026-05-19T15:36:11,195.37,1041.82
2026-05-19T15:36:16,193.98,1050.33
2026-05-19T15:36:21,193.98,1050.33
2026-05-19T15:36:26,211.68,1140.19
2026-05-19T15:36:31,211.68,1140.19
2026-05-19T15:36:36,213.26,1143.01
2026-05-19T15:36:41,213.26,1143.01
2026-05-19T15:36:46,209.1,1122.5
2026-05-19T15:36:51,209.1,1122.5
2026-05-19T15:36:56,205.14,1097.98
2026-05-19T15:37:01,205.14,1097.98
2026-05-19T15:37:06,196.16,1037.65
2026-05-19T15:37:11,196.16,1037.65
2026-05-19T15:37:16,191.48,1033.26
2026-05-19T15:37:21,191.48,1033.26
2026-05-19T15:37:26,205.3,1103.67
2026-05-19T15:37:31,205.3,1103.67
2026-05-19T15:37:36,209.15,1110.44
2026-05-19T15:37:41,209.15,1110.44
2026-05-19T15:37:46,212.89,1146.2
2026-05-19T15:37:51,212.89,1146.2
2026-05-19T15:37:56,216.36,1165.99
2026-05-19T15:38:01,216.36,1165.99
2026-05-19T15:38:06,205.47,1104.88
2026-05-19T15:38:11,205.47,1104.88
2026-05-19T15:38:16,199.86,1075.81
2026-05-19T15:38:21,199.86,1075.81
2026-05-19T15:38:26,209.39,1126.06
2026-05-19T15:38:31,209.39,1126.06
2026-05-19T15:38:36,216.22,1161.79
2026-05-19T15:38:41,216.22,1161.79
2026-05-19T15:38:46,210.92,1135.33
2026-05-19T15:38:51,210.92,1135.33
2026-05-19T15:38:56,206.82,1105.99
2026-05-19T15:39:01,206.82,1105.99
2026-05-19T15:39:06,187.52,983.46
2026-05-19T15:39:11,187.52,983.46
2026-05-19T15:39:16,168.53,904.33
2026-05-19T15:39:21,168.53,904.33
2026-05-19T15:39:26,180.99,992.43
2026-05-19T15:39:31,180.99,992.43
2026-05-19T15:39:36,198.13,1060.63
2026-05-19T15:39:41,198.13,1060.63
2026-05-19T15:39:46,197.86,1054.33
2026-05-19T15:39:51,197.86,1054.33
2026-05-19T15:39:56,183.43,984.49
2026-05-19T15:40:01,183.43,984.49
2026-05-19T15:40:06,179.62,944.1
2026-05-19T15:40:11,179.62,944.1
2026-05-19T15:40:16,181.42,974.42
2026-05-19T15:40:21,181.42,974.42
2026-05-19T15:40:26,181.37,989.22
2026-05-19T15:40:31,181.37,989.22
2026-05-19T15:40:36,187.32,999.21
2026-05-19T15:40:41,187.32,999.21
2026-05-19T15:40:46,190.23,1017.83
2026-05-19T15:40:51,190.23,1017.83
2026-05-19T15:40:56,193.69,1046.53
2026-05-19T15:41:01,193.69,1046.53
2026-05-19T15:41:06,195.98,1056.57
2026-05-19T15:41:11,195.98,1056.57
2026-05-19T15:41:16,195.13,1043.76
2026-05-19T15:41:21,195.13,1043.76
2026-05-19T15:41:26,200.98,1078.57
2026-05-19T15:41:31,200.98,1078.57
2026-05-19T15:41:36,210.88,1127.88
2026-05-19T15:41:41,210.88,1127.88
2026-05-19T15:41:46,208.14,1123.23
2026-05-19T15:41:51,208.14,1123.23
2026-05-19T15:41:56,205.78,1101.38
2026-05-19T15:42:01,205.78,1101.38
2026-05-19T15:42:06,200.16,1052.22
2026-05-19T15:42:11,200.16,1052.22
2026-05-19T15:42:16,201.69,1081.26
2026-05-19T15:42:21,201.69,1081.26
2026-05-19T15:42:26,217.74,1174.72
2026-05-19T15:42:31,217.74,1174.72
2026-05-19T15:42:36,211.2,1123.13
2026-05-19T15:42:41,211.2,1123.13
2026-05-19T15:42:46,209.29,1116.38
2026-05-19T15:42:51,209.29,1116.38
2026-05-19T15:42:56,221.36,1182.57
2026-05-19T15:43:01,221.36,1182.57
2026-05-19T15:43:06,214.16,1138.96
2026-05-19T15:43:11,214.16,1138.96
2026-05-19T15:43:16,213.57,1139.12
2026-05-19T15:43:21,213.57,1139.12
2026-05-19T15:43:26,219.06,1160.79
2026-05-19T15:43:31,219.06,1160.79
2026-05-19T15:43:36,219.88,1169.3
2026-05-19T15:43:41,219.88,1169.3
2026-05-19T15:43:46,219.08,1177.36
2026-05-19T15:43:51,219.08,1177.36
2026-05-19T15:43:56,217.85,1160.17
2026-05-19T15:44:01,217.85,1160.17
2026-05-19T15:44:06,216.47,1150.15
2026-05-19T15:44:11,216.47,1150.15
2026-05-19T15:44:16,217.87,1155.87
2026-05-19T15:44:21,217.87,1155.87
2026-05-19T15:44:26,219.69,1170.01
2026-05-19T15:44:31,219.69,1170.01
2026-05-19T15:44:36,208.03,1116.38
2026-05-19T15:44:41,208.03,1116.38
2026-05-19T15:44:46,192.46,1028.95
2026-05-19T15:44:51,192.46,1028.95
2026-05-19T15:44:56,192.25,1020.7
2026-05-19T15:45:01,192.25,1020.7
2026-05-19T15:45:06,184.26,964.44
2026-05-19T15:45:11,184.26,964.44
2026-05-19T15:45:16,168.82,907.92
2026-05-19T15:45:21,168.82,907.92
2026-05-19T15:45:26,185.26,1005.54
2026-05-19T15:45:31,185.26,1005.54
2026-05-19T15:45:36,188.01,993.56
2026-05-19T15:45:41,188.01,993.56
2026-05-19T15:45:46,183.63,976.05
2026-05-19T15:45:51,183.63,976.05
2026-05-19T15:45:56,197.34,1056.16
2026-05-19T15:46:01,197.34,1056.16
2026-05-19T15:46:06,205.0,1091.27
2026-05-19T15:46:11,205.0,1091.27
2026-05-19T15:46:16,206.99,1111.44
2026-05-19T15:46:21,206.99,1111.44
2026-05-19T15:46:26,213.74,1140.14
2026-05-19T15:46:31,213.74,1140.14
2026-05-19T15:46:36,215.83,1140.13
2026-05-19T15:46:41,215.83,1140.13
2026-05-19T15:46:46,211.04,1129.51
2026-05-19T15:46:51,211.04,1129.51
2026-05-19T15:46:56,203.98,1100.1
2026-05-19T15:47:01,203.98,1100.1
2026-05-19T15:47:06,198.56,1058.91
2026-05-19T15:47:11,198.56,1058.91
2026-05-19T15:47:16,207.28,1099.57
2026-05-19T15:47:21,207.28,1099.57
2026-05-19T15:47:26,209.82,1119.15
2026-05-19T15:47:31,209.82,1119.15
2026-05-19T15:47:36,201.05,1069.08
2026-05-19T15:47:41,201.05,1069.08
2026-05-19T15:47:46,208.06,1102.88
2026-05-19T15:47:51,208.06,1102.88
2026-05-19T15:47:56,221.31,1187.36
2026-05-19T15:48:01,221.31,1187.36
2026-05-19T15:48:06,210.74,1128.34
2026-05-19T15:48:11,210.74,1128.34
2026-05-19T15:48:16,194.69,1031.61
2026-05-19T15:48:21,194.69,1031.61
2026-05-19T15:48:26,202.04,1074.21
2026-05-19T15:48:31,202.04,1074.21
2026-05-19T15:48:36,208.39,1118.9
2026-05-19T15:48:41,208.39,1118.9
2026-05-19T15:48:46,205.07,1110.83
2026-05-19T15:48:51,205.07,1110.83
2026-05-19T15:48:56,212.44,1138.06
2026-05-19T15:49:01,212.44,1138.06
2026-05-19T15:49:06,206.14,1090.56
2026-05-19T15:49:11,206.14,1090.56
2026-05-19T15:49:16,197.55,1054.3
2026-05-19T15:49:21,197.55,1054.3
2026-05-19T15:49:26,209.34,1131.5
2026-05-19T15:49:31,209.34,1131.5
2026-05-19T15:49:36,207.61,1109.95
2026-05-19T15:49:41,207.61,1109.95
2026-05-19T15:49:46,202.09,1088.84
2026-05-19T15:49:51,202.09,1088.84
2026-05-19T15:49:56,211.29,1134.77
2026-05-19T15:50:01,211.29,1134.77
2026-05-19T15:50:06,194.68,1022.34
2026-05-19T15:50:11,194.68,1022.34
2026-05-19T15:50:16,176.77,943.99
2026-05-19T15:50:21,176.77,943.99
2026-05-19T15:50:26,181.65,990.52
2026-05-19T15:50:31,181.65,990.52
2026-05-19T15:50:36,195.06,1046.78
2026-05-19T15:50:41,195.06,1046.78
2026-05-19T15:50:46,207.84,1111.75
2026-05-19T15:50:51,207.84,1111.75
2026-05-19T15:50:56,209.23,1123.57
2026-05-19T15:51:01,209.23,1123.57
2026-05-19T15:51:06,202.94,1082.13
2026-05-19T15:51:11,202.94,1082.13
2026-05-19T15:51:16,203.23,1082.24
2026-05-19T15:51:21,203.23,1082.24
2026-05-19T15:51:26,213.49,1142.48
2026-05-19T15:51:31,213.49,1142.48
2026-05-19T15:51:36,216.25,1160.8
2026-05-19T15:51:41,216.25,1160.8
2026-05-19T15:51:46,219.76,1178.66
2026-05-19T15:51:51,219.76,1178.66
2026-05-19T15:51:56,219.55,1171.75
2026-05-19T15:52:01,219.55,1171.75
2026-05-19T15:52:06,212.42,1141.36
2026-05-19T15:52:11,212.42,1141.36
2026-05-19T15:52:16,213.03,1138.05
2026-05-19T15:52:21,213.03,1138.05
2026-05-19T15:52:26,218.03,1154.44
2026-05-19T15:52:31,218.03,1154.44
2026-05-19T15:52:36,212.74,1143.21
2026-05-19T15:52:41,212.74,1143.21
2026-05-19T15:52:46,210.14,1124.01
2026-05-19T15:52:51,210.14,1124.01
2026-05-19T15:52:56,214.39,1142.81
2026-05-19T15:53:01,214.39,1142.81
2026-05-19T15:53:06,198.84,1068.28
2026-05-19T15:53:11,198.84,1068.28
2026-05-19T15:53:16,188.17,1010.38
2026-05-19T15:53:21,188.17,1010.38
2026-05-19T15:53:26,192.29,1041.32
2026-05-19T15:53:31,192.29,1041.32
2026-05-19T15:53:36,200.78,1083.09
2026-05-19T15:53:41,200.78,1083.09
2026-05-19T15:53:46,206.47,1101.82
2026-05-19T15:53:51,206.47,1101.82
2026-05-19T15:53:56,207.15,1101.72
2026-05-19T15:54:01,207.15,1101.72
2026-05-19T15:54:06,197.89,1048.53
2026-05-19T15:54:11,197.89,1048.53
2026-05-19T15:54:16,192.62,1031.82
2026-05-19T15:54:21,192.62,1031.82
2026-05-19T15:54:26,204.21,1124.27
2026-05-19T15:54:31,204.21,1124.27
2026-05-19T15:54:36,199.5,1094.6
2026-05-19T15:54:41,199.5,1094.6
2026-05-19T15:54:46,202.09,1089.12
2026-05-19T15:54:51,202.09,1089.12
2026-05-19T15:54:56,204.56,1091.04
2026-05-19T15:55:01,204.56,1091.04
2026-05-19T15:55:06,183.81,966.02
2026-05-19T15:55:11,183.81,966.02
2026-05-19T15:55:16,176.42,950.87
2026-05-19T15:55:21,176.42,950.87
2026-05-19T15:55:26,200.29,1092.77
2026-05-19T15:55:31,200.29,1092.77
2026-05-19T15:55:36,219.54,1181.52
2026-05-19T15:55:41,219.54,1181.52
2026-05-19T15:55:46,216.12,1151.36
2026-05-19T15:55:51,216.12,1151.36
2026-05-19T15:55:56,212.82,1144.34
2026-05-19T15:56:01,212.82,1144.34
2026-05-19T15:56:06,203.87,1101.03
2026-05-19T15:56:11,203.87,1101.03
2026-05-19T15:56:16,206.5,1105.78
2026-05-19T15:56:21,206.5,1105.78
2026-05-19T15:56:26,219.95,1173.81
2026-05-19T15:56:31,219.95,1173.81
2026-05-19T15:56:36,213.85,1141.69
2026-05-19T15:56:41,213.85,1141.69
2026-05-19T15:56:46,211.23,1127.35
2026-05-19T15:56:51,211.23,1127.35
2026-05-19T15:56:56,211.76,1130.34
2026-05-19T15:57:01,211.76,1130.34
2026-05-19T15:57:06,199.47,1056.54
2026-05-19T15:57:11,199.47,1056.54
2026-05-19T15:57:16,197.41,1051.15
2026-05-19T15:57:21,197.41,1051.15
2026-05-19T15:57:26,200.97,1077.44
2026-05-19T15:57:31,200.97,1077.44
2026-05-19T15:57:36,183.41,964.32
2026-05-19T15:57:41,183.41,964.32
2026-05-19T15:57:46,175.31,932.31
2026-05-19T15:57:51,175.31,932.31
2026-05-19T15:57:56,185.28,1012.06
2026-05-19T15:58:01,185.28,1012.06
2026-05-19T15:58:06,179.94,966.37
2026-05-19T15:58:11,179.94,966.37
2026-05-19T15:58:16,174.85,922.26
2026-05-19T15:58:21,174.85,922.26
2026-05-19T15:58:26,188.21,1004.57
2026-05-19T15:58:31,188.21,1004.57
2026-05-19T15:58:36,183.82,978.57
2026-05-19T15:58:41,183.82,978.57
2026-05-19T15:58:46,186.5,1002.21
2026-05-19T15:58:51,186.5,1002.21
2026-05-19T15:58:56,211.79,1132.43
2026-05-19T15:59:01,211.79,1132.43
2026-05-19T15:59:06,209.34,1103.29
2026-05-19T15:59:11,209.34,1103.29
2026-05-19T15:59:16,202.58,1086.97
2026-05-19T15:59:21,202.58,1086.97
2026-05-19T15:59:26,211.6,1137.57
2026-05-19T15:59:31,211.6,1137.57
2026-05-19T15:59:36,214.67,1143.75
2026-05-19T15:59:41,214.67,1143.75
2026-05-19T15:59:46,211.54,1125.0
2026-05-19T15:59:51,211.54,1125.0
2026-05-19T15:59:56,199.68,1061.02
2026-05-19T16:00:01,199.68,1061.02
2026-05-19T16:00:06,183.8,963.82
2026-05-19T16:00:11,183.8,963.82
2026-05-19T16:00:16,165.61,877.38
2026-05-19T16:00:21,165.61,877.38
2026-05-19T16:00:26,163.92,878.46
2026-05-19T16:00:31,163.92,878.46
2026-05-19T16:00:36,183.97,987.52
2026-05-19T16:00:41,183.97,987.52
2026-05-19T16:00:46,196.65,1062.88
2026-05-19T16:00:51,196.65,1062.88
2026-05-19T16:00:56,201.55,1080.61
2026-05-19T16:01:01,201.55,1080.61
2026-05-19T16:01:06,200.93,1065.72
2026-05-19T16:01:11,200.93,1065.72
2026-05-19T16:01:16,205.79,1082.61
2026-05-19T16:01:21,205.79,1082.61
2026-05-19T16:01:26,210.83,1121.16
2026-05-19T16:01:31,210.83,1121.16
2026-05-19T16:01:36,201.62,1074.62
2026-05-19T16:01:41,201.62,1074.62
2026-05-19T16:01:46,200.73,1074.66
2026-05-19T16:01:51,200.73,1074.66
2026-05-19T16:01:56,212.46,1142.63
2026-05-19T16:02:01,212.46,1142.63
2026-05-19T16:02:06,210.6,1135.67
2026-05-19T16:02:11,210.6,1135.67
2026-05-19T16:02:16,215.92,1155.99
2026-05-19T16:02:21,215.92,1155.99
2026-05-19T16:02:26,227.32,1200.33
2026-05-19T16:02:31,227.32,1200.33
2026-05-19T16:02:36,227.75,1217.78
2026-05-19T16:02:41,227.75,1217.78
2026-05-19T16:02:46,226.88,1214.12
2026-05-19T16:02:51,226.88,1214.12
2026-05-19T16:02:56,227.15,1204.99
2026-05-19T16:03:01,227.15,1204.99
2026-05-19T16:03:06,221.36,1175.01
2026-05-19T16:03:11,221.36,1175.01
2026-05-19T16:03:16,218.12,1163.03
2026-05-19T16:03:21,218.12,1163.03
2026-05-19T16:03:26,221.92,1188.65
2026-05-19T16:03:31,221.92,1188.65
2026-05-19T16:03:36,226.14,1204.28
2026-05-19T16:03:41,226.14,1204.28
2026-05-19T16:03:46,225.0,1192.77
2026-05-19T16:03:51,225.0,1192.77
2026-05-19T16:03:56,224.26,1199.32
2026-05-19T16:04:01,224.26,1199.32
2026-05-19T16:04:06,226.8,1209.67
2026-05-19T16:04:11,226.8,1209.67
2026-05-19T16:04:16,226.78,1202.39
2026-05-19T16:04:21,226.78,1202.39
2026-05-19T16:04:26,229.51,1223.41
2026-05-19T16:04:31,229.51,1223.41
2026-05-19T16:04:36,228.64,1219.25
2026-05-19T16:04:41,228.64,1219.25
2026-05-19T16:04:46,227.91,1217.94
2026-05-19T16:04:51,227.91,1217.94
2026-05-19T16:04:56,223.16,1191.38
2026-05-19T16:05:01,223.16,1191.38
2026-05-19T16:05:06,210.86,1113.29
2026-05-19T16:05:11,210.86,1113.29
2026-05-19T16:05:16,210.71,1121.75
2026-05-19T16:05:21,210.71,1121.75
2026-05-19T16:05:26,221.76,1187.88
2026-05-19T16:05:31,221.76,1187.88
2026-05-19T16:05:36,226.82,1202.78
2026-05-19T16:05:41,226.82,1202.78
2026-05-19T16:05:46,224.82,1206.59
2026-05-19T16:05:51,224.82,1206.59
2026-05-19T16:05:56,225.32,1202.55
2026-05-19T16:06:01,225.32,1202.55
2026-05-19T16:06:06,215.37,1136.38
2026-05-19T16:06:11,215.37,1136.38
2026-05-19T16:06:16,212.79,1138.61
2026-05-19T16:06:21,212.79,1138.61
2026-05-19T16:06:26,224.26,1197.96
2026-05-19T16:06:31,224.26,1197.96
2026-05-19T16:06:36,226.99,1210.08
2026-05-19T16:06:41,226.99,1210.08
2026-05-19T16:06:46,227.82,1215.82
2026-05-19T16:06:51,227.82,1215.82
2026-05-19T16:06:56,229.95,1220.81
2026-05-19T16:07:01,229.95,1220.81
2026-05-19T16:07:06,224.86,1192.16
2026-05-19T16:07:11,224.86,1192.16
2026-05-19T16:07:16,231.12,1135.78
2026-05-19T16:07:21,231.12,1135.78
2026-05-19T16:07:26,248.59,1142.06
2026-05-19T16:07:31,248.59,1142.06
2026-05-19T16:07:36,234.01,1103.63
2026-05-19T16:07:41,234.01,1103.63
2026-05-19T16:07:46,212.76,1034.75
2026-05-19T16:07:51,212.76,1034.75
2026-05-19T16:07:56,217.28,1079.56
2026-05-19T16:08:01,217.28,1079.56
2026-05-19T16:08:06,216.93,1140.55
2026-05-19T16:08:11,216.93,1140.55
2026-05-19T16:08:16,217.79,1181.38
2026-05-19T16:08:21,217.79,1181.38
2026-05-19T16:08:26,225.17,1217.9
2026-05-19T16:08:31,225.17,1217.9
2026-05-19T16:08:36,227.88,1065.67
2026-05-19T16:08:41,227.88,1065.67
2026-05-19T16:08:46,224.49,1003.61
2026-05-19T16:08:51,224.49,1003.61
2026-05-19T16:08:56,222.67,1150.07
2026-05-19T16:09:01,222.67,1150.07
2026-05-19T16:09:06,218.46,1165.69
2026-05-19T16:09:11,218.46,1165.69
2026-05-19T16:09:16,212.83,1120.86
2026-05-19T16:09:21,212.83,1120.86
2026-05-19T16:09:26,236.22,1090.15
2026-05-19T16:09:31,236.22,1090.15
2026-05-19T16:09:36,241.64,1140.84
2026-05-19T16:09:41,241.64,1140.84
2026-05-19T16:09:46,227.44,1154.91
2026-05-19T16:09:51,227.44,1154.91
2026-05-19T16:09:56,226.73,1111.55
2026-05-19T16:10:01,226.73,1111.55
2026-05-19T16:10:06,213.06,1083.45
2026-05-19T16:10:11,213.06,1083.45
2026-05-19T16:10:16,210.75,1078.58
2026-05-19T16:10:21,210.75,1078.58
2026-05-19T16:10:26,221.81,1151.72
2026-05-19T16:10:31,221.81,1151.72
2026-05-19T16:10:36,228.39,1158.22
2026-05-19T16:10:41,228.39,1158.22
2026-05-19T16:10:46,226.1,1151.29
2026-05-19T16:10:51,226.1,1151.29
2026-05-19T16:10:56,229.59,1052.27
2026-05-19T16:11:01,229.59,1052.27
2026-05-19T16:11:06,233.11,1011.23
2026-05-19T16:11:11,233.11,1011.23
2026-05-19T16:11:16,220.43,1129.51
2026-05-19T16:11:21,220.43,1129.51
2026-05-19T16:11:26,228.93,1168.08
2026-05-19T16:11:31,228.93,1168.08
2026-05-19T16:11:36,228.74,1157.55
2026-05-19T16:11:41,228.74,1157.55
2026-05-19T16:11:46,220.64,1175.87
2026-05-19T16:11:51,220.64,1175.87
2026-05-19T16:11:56,227.14,1188.76
2026-05-19T16:12:01,227.14,1188.76
2026-05-19T16:12:06,220.39,1168.62
2026-05-19T16:12:11,220.39,1168.62
2026-05-19T16:12:16,218.11,1177.62
2026-05-19T16:12:21,218.11,1177.62
2026-05-19T16:12:26,226.1,1200.28
2026-05-19T16:12:31,226.1,1200.28
2026-05-19T16:12:36,237.72,1172.95
2026-05-19T16:12:41,237.72,1172.95
2026-05-19T16:12:46,245.31,1091.69
2026-05-19T16:12:51,245.31,1091.69
2026-05-19T16:12:56,234.92,1132.14
2026-05-19T16:13:01,234.92,1132.14
2026-05-19T16:13:06,226.16,1210.33
2026-05-19T16:13:11,226.16,1210.33
2026-05-19T16:13:16,228.81,1208.2
2026-05-19T16:13:21,228.81,1208.2
2026-05-19T16:13:26,232.47,1225.34
2026-05-19T16:13:31,232.47,1225.34
2026-05-19T16:13:36,229.12,1206.78
2026-05-19T16:13:41,229.12,1206.78
2026-05-19T16:13:46,227.04,1205.82
2026-05-19T16:13:51,227.04,1205.82
2026-05-19T16:13:56,227.39,1209.76
2026-05-19T16:14:01,227.39,1209.76
2026-05-19T16:14:06,220.59,1169.46
2026-05-19T16:14:11,220.59,1169.46
2026-05-19T16:14:16,218.48,1149.47
2026-05-19T16:14:21,218.48,1149.47
2026-05-19T16:14:26,224.75,1191.56
2026-05-19T16:14:31,224.75,1191.56
2026-05-19T16:14:36,229.95,1227.08
2026-05-19T16:14:41,229.95,1227.08
2026-05-19T16:14:46,230.16,1222.75
2026-05-19T16:14:51,230.16,1222.75
2026-05-19T16:14:56,228.96,1222.08
2026-05-19T16:15:01,228.96,1222.08
2026-05-19T16:15:06,219.56,1156.37
2026-05-19T16:15:11,219.56,1156.37
2026-05-19T16:15:16,218.5,1160.08
2026-05-19T16:15:21,218.5,1160.08
2026-05-19T16:15:26,227.84,1219.18
2026-05-19T16:15:31,227.84,1219.18
2026-05-19T16:15:36,229.55,1224.45
2026-05-19T16:15:41,229.55,1224.45
2026-05-19T16:15:46,231.01,1225.58
2026-05-19T16:15:51,231.01,1225.58
2026-05-19T16:15:56,228.07,1204.85
2026-05-19T16:16:01,228.07,1204.85
2026-05-19T16:16:06,214.76,1135.03
2026-05-19T16:16:11,214.76,1135.03
2026-05-19T16:16:16,211.09,1129.33
2026-05-19T16:16:21,211.09,1129.33
2026-05-19T16:16:26,217.85,1168.7
2026-05-19T16:16:31,217.85,1168.7
2026-05-19T16:16:36,207.87,1106.87
2026-05-19T16:16:41,207.87,1106.87
2026-05-19T16:16:46,209.39,1129.59
2026-05-19T16:16:51,209.39,1129.59
2026-05-19T16:16:56,215.43,1154.04
2026-05-19T16:17:01,215.43,1154.04
2026-05-19T16:17:06,204.58,1089.14
2026-05-19T16:17:11,204.58,1089.14
2026-05-19T16:17:16,205.56,1103.67
2026-05-19T16:17:21,205.56,1103.67
2026-05-19T16:17:26,219.9,1140.97
2026-05-19T16:17:31,219.9,1140.97
2026-05-19T16:17:36,222.01,1156.03
2026-05-19T16:17:41,222.01,1156.03
2026-05-19T16:17:46,220.54,1185.23
2026-05-19T16:17:51,220.54,1185.23
2026-05-19T16:17:56,219.68,1177.7
2026-05-19T16:18:01,219.68,1177.7
2026-05-19T16:18:06,206.02,1094.05
2026-05-19T16:18:11,206.02,1094.05
2026-05-19T16:18:16,196.58,1046.56
2026-05-19T16:18:21,196.58,1046.56
2026-05-19T16:18:26,208.6,1115.98
2026-05-19T16:18:31,208.6,1115.98
2026-05-19T16:18:36,217.25,1164.72
2026-05-19T16:18:41,217.25,1164.72
2026-05-19T16:18:46,214.83,1153.71
2026-05-19T16:18:51,214.83,1153.71
2026-05-19T16:18:56,215.72,1150.52
2026-05-19T16:19:01,215.72,1150.52
2026-05-19T16:19:06,207.62,1101.13
2026-05-19T16:19:11,207.62,1101.13
2026-05-19T16:19:16,197.29,1059.69
2026-05-19T16:19:21,197.29,1059.69
2026-05-19T16:19:26,204.12,1103.29
2026-05-19T16:19:31,204.12,1103.29
2026-05-19T16:19:36,210.44,1120.22
2026-05-19T16:19:41,210.44,1120.22
2026-05-19T16:19:46,207.01,1107.02
2026-05-19T16:19:51,207.01,1107.02
2026-05-19T16:19:56,215.23,1154.31
2026-05-19T16:20:01,215.23,1154.31
2026-05-19T16:20:06,206.49,1093.51
2026-05-19T16:20:11,206.49,1093.51
2026-05-19T16:20:16,198.45,1061.49
2026-05-19T16:20:21,198.45,1061.49
2026-05-19T16:20:26,204.76,1105.17
2026-05-19T16:20:31,204.76,1105.17
2026-05-19T16:20:36,202.32,1083.85
2026-05-19T16:20:41,202.32,1083.85
2026-05-19T16:20:46,207.97,1115.26
2026-05-19T16:20:51,207.97,1115.26
2026-05-19T16:20:56,216.48,1155.41
2026-05-19T16:21:01,216.48,1155.41
2026-05-19T16:21:06,211.37,1129.54
2026-05-19T16:21:11,211.37,1129.54
2026-05-19T16:21:16,207.33,1116.18
2026-05-19T16:21:21,207.33,1116.18
2026-05-19T16:21:26,217.75,1160.16
2026-05-19T16:21:31,217.75,1160.16
2026-05-19T16:21:36,224.13,1196.02
2026-05-19T16:21:41,224.13,1196.02
2026-05-19T16:21:46,224.14,1200.18
2026-05-19T16:21:51,224.14,1200.18
2026-05-19T16:21:56,222.95,1188.55
2026-05-19T16:22:01,222.95,1188.55
2026-05-19T16:22:06,213.46,1134.5
2026-05-19T16:22:11,213.46,1134.5
2026-05-19T16:22:16,217.86,1155.52
2026-05-19T16:22:21,217.86,1155.52
2026-05-19T16:22:26,228.9,1217.05
2026-05-19T16:22:31,228.9,1217.05
2026-05-19T16:22:36,224.78,1190.58
2026-05-19T16:22:41,224.78,1190.58
2026-05-19T16:22:46,226.59,1208.36
2026-05-19T16:22:51,226.59,1208.36
2026-05-19T16:22:56,231.1,1221.89
2026-05-19T16:23:01,231.1,1221.89
2026-05-19T16:23:06,222.09,1166.55
2026-05-19T16:23:11,222.09,1166.55
2026-05-19T16:23:16,221.12,1170.43
2026-05-19T16:23:21,221.12,1170.43
2026-05-19T16:23:26,230.06,1228.14
2026-05-19T16:23:31,230.06,1228.14
2026-05-19T16:23:36,230.53,1227.26
2026-05-19T16:23:41,230.53,1227.26
2026-05-19T16:23:46,231.23,1210.4
2026-05-19T16:23:51,231.23,1210.4
2026-05-19T16:23:56,230.46,1214.42
2026-05-19T16:24:01,230.46,1214.42
2026-05-19T16:24:06,225.33,1181.97
2026-05-19T16:24:11,225.33,1181.97
2026-05-19T16:24:16,222.62,1174.31
2026-05-19T16:24:21,222.62,1174.31
2026-05-19T16:24:26,228.09,1215.97
2026-05-19T16:24:31,228.09,1215.97
2026-05-19T16:24:36,232.21,1226.24
2026-05-19T16:24:41,232.21,1226.24
2026-05-19T16:24:46,230.7,1221.33
2026-05-19T16:24:51,230.7,1221.33
2026-05-19T16:24:56,232.18,1220.15
2026-05-19T16:25:01,232.18,1220.15
2026-05-19T16:25:06,217.14,1129.77
2026-05-19T16:25:11,217.14,1129.77
2026-05-19T16:25:16,208.02,1104.3
2026-05-19T16:25:21,208.02,1104.3
2026-05-19T16:25:26,221.46,1182.51
2026-05-19T16:25:31,221.46,1182.51
2026-05-19T16:25:36,229.41,1216.19
2026-05-19T16:25:41,229.41,1216.19
2026-05-19T16:25:46,231.05,1228.7
2026-05-19T16:25:51,231.05,1228.7
2026-05-19T16:25:56,228.28,1204.56
2026-05-19T16:26:01,228.28,1204.56
2026-05-19T16:26:06,222.51,1168.37
2026-05-19T16:26:11,222.51,1168.37
2026-05-19T16:26:16,219.11,1175.63
2026-05-19T16:26:21,219.11,1175.63
2026-05-19T16:26:26,222.13,1200.62
2026-05-19T16:26:31,222.13,1200.62
2026-05-19T16:26:36,226.92,1196.91
2026-05-19T16:26:41,226.92,1196.91
2026-05-19T16:26:46,228.87,1206.59
2026-05-19T16:26:51,228.87,1206.59
2026-05-19T16:26:56,228.09,1218.24
2026-05-19T16:27:01,228.09,1218.24
2026-05-19T16:27:06,221.1,1177.91
2026-05-19T16:27:11,221.1,1177.91
2026-05-19T16:27:16,219.41,1152.34
2026-05-19T16:27:21,219.41,1152.34
2026-05-19T16:27:26,223.68,1187.7
2026-05-19T16:27:31,223.68,1187.7
2026-05-19T16:27:36,224.37,1208.74
2026-05-19T16:27:41,224.37,1208.74
2026-05-19T16:27:46,224.2,1206.17
2026-05-19T16:27:51,224.2,1206.17
2026-05-19T16:27:56,225.28,1208.71
2026-05-19T16:28:01,225.28,1208.71
2026-05-19T16:28:06,219.58,1177.45
2026-05-19T16:28:11,219.58,1177.45
2026-05-19T16:28:16,219.19,1171.01
2026-05-19T16:28:21,219.19,1171.01
2026-05-19T16:28:26,226.29,1212.43
2026-05-19T16:28:31,226.29,1212.43
2026-05-19T16:28:36,225.77,1210.59
2026-05-19T16:28:41,225.77,1210.59
2026-05-19T16:28:46,226.9,1204.0
2026-05-19T16:28:51,226.9,1204.0
2026-05-19T16:28:56,227.08,1203.63
2026-05-19T16:29:01,227.08,1203.63
2026-05-19T16:29:06,219.74,1174.29
2026-05-19T16:29:11,219.74,1174.29
2026-05-19T16:29:16,219.44,1177.07
2026-05-19T16:29:21,219.44,1177.07
2026-05-19T16:29:26,229.14,1217.26
2026-05-19T16:29:31,229.14,1217.26
2026-05-19T16:29:36,231.4,1227.21
2026-05-19T16:29:41,231.4,1227.21
2026-05-19T16:29:46,231.39,1231.76
2026-05-19T16:29:51,231.39,1231.76
2026-05-19T16:29:56,232.34,1236.38
2026-05-19T16:30:01,232.34,1236.38
2026-05-19T16:30:06,222.18,1182.09
2026-05-19T16:30:11,222.18,1182.09
2026-05-19T16:30:16,219.08,1165.73
2026-05-19T16:30:21,219.08,1165.73
2026-05-19T16:30:26,226.36,1213.02
2026-05-19T16:30:31,226.36,1213.02
2026-05-19T16:30:36,227.37,1228.72
2026-05-19T16:30:41,227.37,1228.72
2026-05-19T16:30:46,229.78,1236.2
2026-05-19T16:30:51,229.78,1236.2
2026-05-19T16:30:56,231.5,1227.81
2026-05-19T16:31:01,231.5,1227.81
2026-05-19T16:31:06,226.54,1199.43
2026-05-19T16:31:11,226.54,1199.43
2026-05-19T16:31:16,224.35,1220.9
2026-05-19T16:31:21,224.35,1220.9
2026-05-19T16:31:26,229.36,1243.43
2026-05-19T16:31:31,229.36,1243.43
2026-05-19T16:31:36,231.8,1225.33
2026-05-19T16:31:41,231.8,1225.33
2026-05-19T16:31:46,232.34,1235.08
2026-05-19T16:31:51,232.34,1235.08
2026-05-19T16:31:56,231.52,1239.41
2026-05-19T16:32:01,231.52,1239.41
2026-05-19T16:32:06,223.64,1195.1
2026-05-19T16:32:11,223.64,1195.1
2026-05-19T16:32:16,224.31,1189.71
2026-05-19T16:32:21,224.31,1189.71
2026-05-19T16:32:26,230.8,1223.69
2026-05-19T16:32:31,230.8,1223.69
2026-05-19T16:32:36,231.02,1233.72
2026-05-19T16:32:41,231.02,1233.72
2026-05-19T16:32:46,232.14,1230.08
2026-05-19T16:32:51,232.14,1230.08
2026-05-19T16:32:56,232.52,1224.66
2026-05-19T16:33:01,232.52,1224.66
2026-05-19T16:33:06,226.5,1204.64
2026-05-19T16:33:11,226.5,1204.64
2026-05-19T16:33:16,226.57,1202.23
2026-05-19T16:33:21,226.57,1202.23
2026-05-19T16:33:26,234.05,1232.39
2026-05-19T16:33:31,234.05,1232.39
2026-05-19T16:33:36,234.38,1244.55
2026-05-19T16:33:41,234.38,1244.55
2026-05-19T16:33:46,233.8,1242.93
2026-05-19T16:33:51,233.8,1242.93
2026-05-19T16:33:56,231.82,1232.9
2026-05-19T16:34:01,231.82,1232.9
2026-05-19T16:34:06,225.84,1206.64
2026-05-19T16:34:11,225.84,1206.64
2026-05-19T16:34:16,228.27,1209.23
2026-05-19T16:34:21,228.27,1209.23
2026-05-19T16:34:26,233.22,1234.87
2026-05-19T16:34:31,233.22,1234.87
2026-05-19T16:34:36,233.68,1233.83
2026-05-19T16:34:41,233.68,1233.83
2026-05-19T16:34:46,234.32,1234.94
2026-05-19T16:34:51,234.32,1234.94
2026-05-19T16:34:56,234.22,1240.94
2026-05-19T16:35:01,234.22,1240.94
2026-05-19T16:35:06,225.35,1186.0
2026-05-19T16:35:11,225.35,1186.0
2026-05-19T16:35:16,220.99,1171.78
2026-05-19T16:35:21,220.99,1171.78
2026-05-19T16:35:26,229.23,1219.29
2026-05-19T16:35:31,229.23,1219.29
2026-05-19T16:35:36,225.82,1192.23
2026-05-19T16:35:41,225.82,1192.23
2026-05-19T16:35:46,222.9,1185.34
2026-05-19T16:35:51,222.9,1185.34
2026-05-19T16:35:56,225.72,1202.66
2026-05-19T16:36:01,225.72,1202.66
2026-05-19T16:36:06,219.09,1163.77
2026-05-19T16:36:11,219.09,1163.77
2026-05-19T16:36:16,221.75,1179.98
2026-05-19T16:36:21,221.75,1179.98
2026-05-19T16:36:26,229.41,1211.2
2026-05-19T16:36:31,229.41,1211.2
2026-05-19T16:36:36,225.84,1195.05
2026-05-19T16:36:41,225.84,1195.05
2026-05-19T16:36:46,227.11,1217.21
2026-05-19T16:36:51,227.11,1217.21
2026-05-19T16:36:56,230.64,1226.02
2026-05-19T16:37:01,230.64,1226.02
2026-05-19T16:37:06,222.34,1162.76
2026-05-19T16:37:11,222.34,1162.76
2026-05-19T16:37:16,211.39,1122.48
2026-05-19T16:37:21,211.39,1122.48
2026-05-19T16:37:26,215.85,1167.28
2026-05-19T16:37:31,215.85,1167.28
2026-05-19T16:37:36,224.57,1187.21
2026-05-19T16:37:41,224.57,1187.21
2026-05-19T16:37:46,227.2,1202.98
2026-05-19T16:37:51,227.2,1202.98
2026-05-19T16:37:56,228.97,1223.59
2026-05-19T16:38:01,228.97,1223.59
2026-05-19T16:38:06,223.26,1178.65
2026-05-19T16:38:11,223.26,1178.65
2026-05-19T16:38:16,221.46,1169.56
2026-05-19T16:38:21,221.46,1169.56
2026-05-19T16:38:26,228.6,1209.22
2026-05-19T16:38:31,228.6,1209.22
2026-05-19T16:38:36,230.63,1230.03
2026-05-19T16:38:41,230.63,1230.03
2026-05-19T16:38:46,229.24,1215.74
2026-05-19T16:38:51,229.24,1215.74
2026-05-19T16:38:56,227.64,1199.93
2026-05-19T16:39:01,227.64,1199.93
2026-05-19T16:39:06,215.44,1131.96
2026-05-19T16:39:11,215.44,1131.96
2026-05-19T16:39:16,201.59,1073.43
2026-05-19T16:39:21,201.59,1073.43
2026-05-19T16:39:26,209.0,1128.78
2026-05-19T16:39:31,209.0,1128.78
2026-05-19T16:39:36,208.96,1126.86
2026-05-19T16:39:41,208.96,1126.86
2026-05-19T16:39:46,200.91,1081.38
2026-05-19T16:39:51,200.91,1081.38
2026-05-19T16:39:56,204.05,1081.74
2026-05-19T16:40:01,204.05,1081.74
2026-05-19T16:40:06,193.64,1017.95
2026-05-19T16:40:11,193.64,1017.95
2026-05-19T16:40:16,183.48,997.81
2026-05-19T16:40:21,183.48,997.81
2026-05-19T16:40:26,195.6,1073.54
2026-05-19T16:40:31,195.6,1073.54
2026-05-19T16:40:36,207.36,1113.35
2026-05-19T16:40:41,207.36,1113.35
2026-05-19T16:40:46,208.13,1117.0
2026-05-19T16:40:51,208.13,1117.0
2026-05-19T16:40:56,204.36,1095.81
2026-05-19T16:41:01,204.36,1095.81
2026-05-19T16:41:06,204.65,1097.98
2026-05-19T16:41:11,204.65,1097.98
2026-05-19T16:41:16,206.39,1111.79
2026-05-19T16:41:21,206.39,1111.79
2026-05-19T16:41:26,209.67,1121.45
2026-05-19T16:41:31,209.67,1121.45
2026-05-19T16:41:36,189.52,1010.86
2026-05-19T16:41:41,189.52,1010.86
2026-05-19T16:41:46,191.76,1031.38
2026-05-19T16:41:51,191.76,1031.38
2026-05-19T16:41:56,215.75,1167.87
2026-05-19T16:42:01,215.75,1167.87
2026-05-19T16:42:06,202.37,1090.54
2026-05-19T16:42:11,202.37,1090.54
2026-05-19T16:42:16,204.23,1092.73
2026-05-19T16:42:21,204.23,1092.73
2026-05-19T16:42:26,218.46,1175.94
2026-05-19T16:42:31,218.46,1175.94
2026-05-19T16:42:36,216.47,1162.49
2026-05-19T16:42:41,216.47,1162.49
2026-05-19T16:42:46,214.06,1155.97
2026-05-19T16:42:51,214.06,1155.97
2026-05-19T16:42:56,215.67,1164.41
2026-05-19T16:43:01,215.67,1164.41
2026-05-19T16:43:06,206.75,1104.79
2026-05-19T16:43:11,206.75,1104.79
2026-05-19T16:43:16,201.46,1080.04
2026-05-19T16:43:21,201.46,1080.04
2026-05-19T16:43:26,210.62,1130.74
2026-05-19T16:43:31,210.62,1130.74
2026-05-19T16:43:36,220.06,1177.95
2026-05-19T16:43:41,220.06,1177.95
2026-05-19T16:43:46,226.88,1215.03
2026-05-19T16:43:51,226.88,1215.03
2026-05-19T16:43:56,223.75,1187.65
2026-05-19T16:44:01,223.75,1187.65
2026-05-19T16:44:06,212.12,1134.99
2026-05-19T16:44:11,212.12,1134.99
2026-05-19T16:44:16,213.03,1137.23
2026-05-19T16:44:21,213.03,1137.23
2026-05-19T16:44:26,223.52,1187.81
2026-05-19T16:44:31,223.52,1187.81
2026-05-19T16:44:36,226.33,1210.71
2026-05-19T16:44:41,226.33,1210.71
2026-05-19T16:44:46,224.73,1202.36
2026-05-19T16:44:51,224.73,1202.36
2026-05-19T16:44:56,229.11,1221.74
2026-05-19T16:45:01,229.11,1221.74
2026-05-19T16:45:06,220.73,1162.71
2026-05-19T16:45:11,220.73,1162.71
2026-05-19T16:45:16,217.67,1159.03
2026-05-19T16:45:21,217.67,1159.03
2026-05-19T16:45:26,228.5,1225.05
2026-05-19T16:45:31,228.5,1225.05
2026-05-19T16:45:36,230.23,1227.6
2026-05-19T16:45:41,230.23,1227.6
2026-05-19T16:45:46,232.03,1231.42
2026-05-19T16:45:51,232.03,1231.42
2026-05-19T16:45:56,232.62,1230.08
2026-05-19T16:46:01,232.62,1230.08
2026-05-19T16:46:06,228.43,1215.75
2026-05-19T16:46:11,228.43,1215.75
2026-05-19T16:46:16,227.82,1214.68
2026-05-19T16:46:21,227.82,1214.68
2026-05-19T16:46:26,232.1,1235.38
2026-05-19T16:46:31,232.1,1235.38
2026-05-19T16:46:36,231.99,1232.0
2026-05-19T16:46:41,231.99,1232.0
2026-05-19T16:46:46,231.55,1221.38
2026-05-19T16:46:51,231.55,1221.38
2026-05-19T16:46:56,232.47,1231.96
2026-05-19T16:47:01,232.47,1231.96
2026-05-19T16:47:06,230.46,1226.61
2026-05-19T16:47:11,230.46,1226.61
2026-05-19T16:47:16,191.33,992.67
2026-05-19T16:47:21,191.33,992.67
2026-05-19T16:47:26,174.84,931.57
2026-05-19T16:47:31,174.84,931.57
2026-05-19T16:47:36,210.63,1136.19
2026-05-19T16:47:41,210.63,1136.19
2026-05-19T16:47:46,225.93,1194.54
2026-05-19T16:47:51,225.93,1194.54
2026-05-19T16:47:56,228.35,1220.41
2026-05-19T16:48:01,228.35,1220.41
2026-05-19T16:48:06,221.6,1178.72
2026-05-19T16:48:11,221.6,1178.72
2026-05-19T16:48:16,218.93,1161.93
2026-05-19T16:48:21,218.93,1161.93
2026-05-19T16:48:26,225.71,1196.77
2026-05-19T16:48:31,225.71,1196.77
2026-05-19T16:48:36,226.12,1203.44
2026-05-19T16:48:41,226.12,1203.44
2026-05-19T16:48:46,227.87,1221.69
2026-05-19T16:48:51,227.87,1221.69
2026-05-19T16:48:56,230.74,1222.98
2026-05-19T16:49:01,230.74,1222.98
2026-05-19T16:49:06,219.58,1143.12
2026-05-19T16:49:11,219.58,1143.12
2026-05-19T16:49:16,201.34,1065.91
2026-05-19T16:49:21,201.34,1065.91
2026-05-19T16:49:26,209.65,1131.09
2026-05-19T16:49:31,209.65,1131.09
2026-05-19T16:49:36,226.15,1204.5
2026-05-19T16:49:41,226.15,1204.5
2026-05-19T16:49:46,229.44,1213.76
2026-05-19T16:49:51,229.44,1213.76
2026-05-19T16:49:56,228.37,1207.01
2026-05-19T16:50:01,228.37,1207.01
2026-05-19T16:50:06,212.7,1117.6
2026-05-19T16:50:11,212.7,1117.6
2026-05-19T16:50:16,177.57,949.35
2026-05-19T16:50:21,177.57,949.35
2026-05-19T16:50:26,168.57,920.13
2026-05-19T16:50:31,168.57,920.13
2026-05-19T16:50:36,203.06,1082.46
2026-05-19T16:50:41,203.06,1082.46
2026-05-19T16:50:46,226.76,1206.36
2026-05-19T16:50:51,226.76,1206.36
2026-05-19T16:50:56,228.5,1216.02
2026-05-19T16:51:01,228.5,1216.02
2026-05-19T16:51:06,216.5,1137.59
2026-05-19T16:51:11,216.5,1137.59
2026-05-19T16:51:16,212.62,1128.09
2026-05-19T16:51:21,212.62,1128.09
2026-05-19T16:51:26,220.65,1181.55
2026-05-19T16:51:31,220.65,1181.55
2026-05-19T16:51:36,221.71,1182.28
2026-05-19T16:51:41,221.71,1182.28
2026-05-19T16:51:46,223.0,1190.12
2026-05-19T16:51:51,223.0,1190.12
2026-05-19T16:51:56,224.81,1202.52
2026-05-19T16:52:01,224.81,1202.52
2026-05-19T16:52:06,221.07,1176.83
2026-05-19T16:52:11,221.07,1176.83
2026-05-19T16:52:16,214.21,1145.42
2026-05-19T16:52:21,214.21,1145.42
2026-05-19T16:52:26,216.74,1159.97
2026-05-19T16:52:31,216.74,1159.97
2026-05-19T16:52:36,222.05,1183.27
2026-05-19T16:52:41,222.05,1183.27
2026-05-19T16:52:46,224.54,1200.9
2026-05-19T16:52:51,224.54,1200.9
2026-05-19T16:52:56,226.09,1208.6
2026-05-19T16:53:01,226.09,1208.6
2026-05-19T16:53:06,216.21,1144.9
2026-05-19T16:53:11,216.21,1144.9
2026-05-19T16:53:16,207.71,1107.36
2026-05-19T16:53:21,207.71,1107.36
2026-05-19T16:53:26,214.77,1156.04
2026-05-19T16:53:31,214.77,1156.04
2026-05-19T16:53:36,220.91,1177.49
2026-05-19T16:53:41,220.91,1177.49
2026-05-19T16:53:46,222.4,1185.51
2026-05-19T16:53:51,222.4,1185.51
2026-05-19T16:53:56,224.02,1207.09
2026-05-19T16:54:01,224.02,1207.09
2026-05-19T16:54:06,216.99,1159.55
2026-05-19T16:54:11,216.99,1159.55
2026-05-19T16:54:16,214.98,1143.05
2026-05-19T16:54:21,214.98,1143.05
2026-05-19T16:54:26,222.05,1186.76
2026-05-19T16:54:31,222.05,1186.76
2026-05-19T16:54:36,221.71,1184.18
2026-05-19T16:54:41,221.71,1184.18
2026-05-19T16:54:46,221.04,1192.93
2026-05-19T16:54:51,221.04,1192.93
2026-05-19T16:54:56,220.53,1172.57
2026-05-19T16:55:01,220.53,1172.57
2026-05-19T16:55:06,206.5,1073.13
2026-05-19T16:55:11,206.5,1073.13
2026-05-19T16:55:16,194.85,1054.43
2026-05-19T16:55:21,194.85,1054.43
2026-05-19T16:55:26,211.76,1149.67
2026-05-19T16:55:31,211.76,1149.67
2026-05-19T16:55:36,228.28,1208.67
2026-05-19T16:55:41,228.28,1208.67
2026-05-19T16:55:46,229.56,1225.18
2026-05-19T16:55:51,229.56,1225.18
2026-05-19T16:55:56,231.06,1226.58
2026-05-19T16:56:01,231.06,1226.58
2026-05-19T16:56:06,229.31,1214.28
2026-05-19T16:56:11,229.31,1214.28
2026-05-19T16:56:16,225.39,1199.53
2026-05-19T16:56:21,225.39,1199.53
2026-05-19T16:56:26,227.88,1218.32
2026-05-19T16:56:31,227.88,1218.32
2026-05-19T16:56:36,231.23,1233.32
2026-05-19T16:56:41,231.23,1233.32
2026-05-19T16:56:46,230.81,1224.07
2026-05-19T16:56:51,230.81,1224.07
2026-05-19T16:56:56,230.32,1218.94
2026-05-19T16:57:01,230.32,1218.94
2026-05-19T16:57:06,224.73,1195.15
2026-05-19T16:57:11,224.73,1195.15
2026-05-19T16:57:16,225.06,1199.52
2026-05-19T16:57:21,225.06,1199.52
2026-05-19T16:57:26,231.42,1224.07
2026-05-19T16:57:31,231.42,1224.07
2026-05-19T16:57:36,231.71,1228.87
2026-05-19T16:57:41,231.71,1228.87
2026-05-19T16:57:46,230.07,1226.37
2026-05-19T16:57:51,230.07,1226.37
2026-05-19T16:57:56,231.13,1224.71
2026-05-19T16:58:01,231.13,1224.71
2026-05-19T16:58:06,230.74,1223.63
2026-05-19T16:58:11,230.74,1223.63
2026-05-19T16:58:16,229.46,1218.8
2026-05-19T16:58:21,229.46,1218.8
2026-05-19T16:58:26,229.92,1226.83
2026-05-19T16:58:31,229.92,1226.83
2026-05-19T16:58:36,229.69,1224.24
2026-05-19T16:58:41,229.69,1224.24
2026-05-19T16:58:46,231.03,1225.21
2026-05-19T16:58:51,231.03,1225.21
2026-05-19T16:58:56,231.83,1228.65
2026-05-19T16:59:01,231.83,1228.65
2026-05-19T16:59:06,230.25,1217.25
2026-05-19T16:59:11,230.25,1217.25
2026-05-19T16:59:16,223.57,1188.06
2026-05-19T16:59:21,223.57,1188.06
2026-05-19T16:59:26,223.56,1182.09
2026-05-19T16:59:31,223.56,1182.09
2026-05-19T16:59:36,230.25,1219.47
2026-05-19T16:59:41,230.25,1219.47
2026-05-19T16:59:46,230.95,1228.11
2026-05-19T16:59:51,230.95,1228.11
2026-05-19T16:59:56,231.15,1220.06
2026-05-19T17:00:01,231.15,1220.06
2026-05-19T17:00:06,216.95,1122.6
2026-05-19T17:00:11,216.95,1122.6
2026-05-19T17:00:16,144.19,761.83
2026-05-19T17:00:21,144.19,761.83
2026-05-19T17:00:26,125.83,696.7
2026-05-19T17:00:31,125.83,696.7
2026-05-19T17:00:36,178.83,969.57
2026-05-19T17:00:41,178.83,969.57
2026-05-19T17:00:46,191.49,1029.82
2026-05-19T17:00:51,191.49,1029.82
2026-05-19T17:00:56,203.79,1079.54
2026-05-19T17:01:01,203.79,1079.54
2026-05-19T17:01:06,216.5,1139.55
2026-05-19T17:01:11,216.5,1139.55
2026-05-19T17:01:16,208.99,1115.93
2026-05-19T17:01:21,208.99,1115.93
2026-05-19T17:01:26,207.82,1112.68
2026-05-19T17:01:31,207.82,1112.68
2026-05-19T17:01:36,214.79,1127.34
2026-05-19T17:01:41,214.79,1127.34
2026-05-19T17:01:46,214.85,1148.06
2026-05-19T17:01:51,214.85,1148.06
2026-05-19T17:01:56,218.36,1172.98
2026-05-19T17:02:01,218.36,1172.98
2026-05-19T17:02:06,215.41,1139.09
2026-05-19T17:02:11,215.41,1139.09
2026-05-19T17:02:16,215.46,1140.37
2026-05-19T17:02:21,215.46,1140.37
2026-05-19T17:02:26,220.04,1174.15
2026-05-19T17:02:31,220.04,1174.15
2026-05-19T17:02:36,223.13,1194.37
2026-05-19T17:02:41,223.13,1194.37
2026-05-19T17:02:46,227.4,1202.72
2026-05-19T17:02:51,227.4,1202.72
2026-05-19T17:02:56,221.99,1178.09
2026-05-19T17:03:01,221.99,1178.09
2026-05-19T17:03:06,212.23,1120.97
2026-05-19T17:03:11,212.23,1120.97
2026-05-19T17:03:16,213.5,1139.02
2026-05-19T17:03:21,213.5,1139.02
2026-05-19T17:03:26,220.8,1186.58
2026-05-19T17:03:31,220.8,1186.58
2026-05-19T17:03:36,217.9,1161.02
2026-05-19T17:03:41,217.9,1161.02
2026-05-19T17:03:46,220.44,1177.75
2026-05-19T17:03:51,220.44,1177.75
2026-05-19T17:03:56,225.38,1189.25
2026-05-19T17:04:01,225.38,1189.25
2026-05-19T17:04:06,222.01,1175.27
2026-05-19T17:04:11,222.01,1175.27
2026-05-19T17:04:16,220.38,1182.67
2026-05-19T17:04:21,220.38,1182.67
2026-05-19T17:04:26,223.79,1189.63
2026-05-19T17:04:31,223.79,1189.63
2026-05-19T17:04:36,221.65,1180.64
2026-05-19T17:04:41,221.65,1180.64
2026-05-19T17:04:46,217.36,1179.64
2026-05-19T17:04:51,217.36,1179.64
2026-05-19T17:04:56,225.97,1178.1
2026-05-19T17:05:01,225.97,1178.1
2026-05-19T17:05:06,213.03,1080.7
2026-05-19T17:05:11,213.03,1080.7
2026-05-19T17:05:16,188.98,1011.8
2026-05-19T17:05:21,188.98,1011.8
2026-05-19T17:05:26,204.73,1098.89
2026-05-19T17:05:31,204.73,1098.89
2026-05-19T17:05:36,220.53,1172.7
2026-05-19T17:05:41,220.53,1172.7
2026-05-19T17:05:46,220.94,1189.65
2026-05-19T17:05:51,220.94,1189.65
2026-05-19T17:05:56,227.41,1213.39
2026-05-19T17:06:01,227.41,1213.39
2026-05-19T17:06:06,221.68,1180.76
2026-05-19T17:06:11,221.68,1180.76
2026-05-19T17:06:16,219.31,1173.32
2026-05-19T17:06:21,219.31,1173.32
2026-05-19T17:06:26,226.39,1217.69
2026-05-19T17:06:31,226.39,1217.69
2026-05-19T17:06:36,227.37,1218.81
2026-05-19T17:06:41,227.37,1218.81
2026-05-19T17:06:46,229.45,1223.18
2026-05-19T17:06:51,229.45,1223.18
2026-05-19T17:06:56,230.22,1218.56
2026-05-19T17:07:01,230.22,1218.56
2026-05-19T17:07:06,223.35,1177.54
2026-05-19T17:07:11,223.35,1177.54
2026-05-19T17:07:16,219.5,1178.58
2026-05-19T17:07:21,219.5,1178.58
2026-05-19T17:07:26,225.98,1218.34
2026-05-19T17:07:31,225.98,1218.34
2026-05-19T17:07:36,229.74,1217.53
2026-05-19T17:07:41,229.74,1217.53
2026-05-19T17:07:46,230.6,1215.09
2026-05-19T17:07:51,230.6,1215.09
2026-05-19T17:07:56,229.08,1216.15
2026-05-19T17:08:01,229.08,1216.15
2026-05-19T17:08:06,219.6,1168.8
2026-05-19T17:08:11,219.6,1168.8
2026-05-19T17:08:16,218.7,1168.92
2026-05-19T17:08:21,218.7,1168.92
2026-05-19T17:08:26,226.15,1206.44
2026-05-19T17:08:31,226.15,1206.44
2026-05-19T17:08:36,227.9,1220.81
2026-05-19T17:08:41,227.9,1220.81
2026-05-19T17:08:46,229.71,1227.75
2026-05-19T17:08:51,229.71,1227.75
2026-05-19T17:08:56,228.61,1207.5
2026-05-19T17:09:01,228.61,1207.5
2026-05-19T17:09:06,209.8,1095.6
2026-05-19T17:09:11,209.8,1095.6
2026-05-19T17:09:16,181.61,973.9
2026-05-19T17:09:21,181.61,973.9
2026-05-19T17:09:26,197.24,1081.73
2026-05-19T17:09:31,197.24,1081.73
2026-05-19T17:09:36,225.36,1200.34
2026-05-19T17:09:41,225.36,1200.34
2026-05-19T17:09:46,229.94,1221.24
2026-05-19T17:09:51,229.94,1221.24
2026-05-19T17:09:56,232.43,1230.44
2026-05-19T17:10:01,232.43,1230.44
2026-05-19T17:10:06,218.03,1133.0
2026-05-19T17:10:11,218.03,1133.0
2026-05-19T17:10:16,194.92,1041.41
2026-05-19T17:10:21,194.92,1041.41
2026-05-19T17:10:26,206.18,1125.08
2026-05-19T17:10:31,206.18,1125.08
2026-05-19T17:10:36,229.92,1222.75
2026-05-19T17:10:41,229.92,1222.75
2026-05-19T17:10:46,232.24,1233.16
2026-05-19T17:10:51,232.24,1233.16
2026-05-19T17:10:56,231.75,1232.93
2026-05-19T17:11:01,231.75,1232.93
2026-05-19T17:11:06,226.1,1197.43
2026-05-19T17:11:11,226.1,1197.43
2026-05-19T17:11:16,224.42,1185.93
2026-05-19T17:11:21,224.42,1185.93
2026-05-19T17:11:26,230.15,1224.21
2026-05-19T17:11:31,230.15,1224.21
2026-05-19T17:11:36,232.47,1244.95
2026-05-19T17:11:41,232.47,1244.95
2026-05-19T17:11:46,230.49,1222.61
2026-05-19T17:11:51,230.49,1222.61
2026-05-19T17:11:56,230.91,1218.42
2026-05-19T17:12:01,230.91,1218.42
2026-05-19T17:12:06,224.73,1188.93
2026-05-19T17:12:11,224.73,1188.93
2026-05-19T17:12:16,222.17,1180.3
2026-05-19T17:12:21,222.17,1180.3
2026-05-19T17:12:26,229.93,1218.28
2026-05-19T17:12:31,229.93,1218.28
2026-05-19T17:12:36,232.86,1235.13
2026-05-19T17:12:41,232.86,1235.13
2026-05-19T17:12:46,234.45,1242.27
2026-05-19T17:12:51,234.45,1242.27
2026-05-19T17:12:56,234.67,1232.13
2026-05-19T17:13:01,234.67,1232.13
2026-05-19T17:13:06,226.02,1178.17
2026-05-19T17:13:11,226.02,1178.17
2026-05-19T17:13:16,224.95,1192.6
2026-05-19T17:13:21,224.95,1192.6
2026-05-19T17:13:26,232.86,1242.02
2026-05-19T17:13:31,232.86,1242.02
2026-05-19T17:13:36,234.08,1234.8
2026-05-19T17:13:41,234.08,1234.8
2026-05-19T17:13:46,234.29,1241.72
2026-05-19T17:13:51,234.29,1241.72
2026-05-19T17:13:56,234.17,1229.8
2026-05-19T17:14:01,234.17,1229.8
2026-05-19T17:14:06,232.19,1232.14
2026-05-19T17:14:11,232.19,1232.14
2026-05-19T17:14:16,232.07,1238.64
2026-05-19T17:14:21,232.07,1238.64
2026-05-19T17:14:26,233.73,1234.62
2026-05-19T17:14:31,233.73,1234.62
2026-05-19T17:14:36,234.15,1237.74
2026-05-19T17:14:41,234.15,1237.74
2026-05-19T17:14:46,234.04,1242.41
2026-05-19T17:14:51,234.04,1242.41
2026-05-19T17:14:56,232.77,1230.5
2026-05-19T17:15:01,232.77,1230.5
2026-05-19T17:15:06,215.32,1105.95
2026-05-19T17:15:11,215.32,1105.95
2026-05-19T17:15:16,201.68,1079.06
2026-05-19T17:15:21,201.68,1079.06
2026-05-19T17:15:26,216.59,1187.9
2026-05-19T17:15:31,216.59,1187.9
2026-05-19T17:15:36,230.74,1213.87
2026-05-19T17:15:41,230.74,1213.87
2026-05-19T17:15:46,231.51,1218.56
2026-05-19T17:15:51,231.51,1218.56
2026-05-19T17:15:56,230.07,1217.82
2026-05-19T17:16:01,230.07,1217.82
2026-05-19T17:16:06,230.18,1218.52
2026-05-19T17:16:11,230.18,1218.52
2026-05-19T17:16:16,225.52,1202.81
2026-05-19T17:16:21,225.52,1202.81
2026-05-19T17:16:26,224.91,1195.12
2026-05-19T17:16:31,224.91,1195.12
2026-05-19T17:16:36,229.09,1219.39
2026-05-19T17:16:41,229.09,1219.39
2026-05-19T17:16:46,229.43,1219.5
2026-05-19T17:16:51,229.43,1219.5
2026-05-19T17:16:56,228.94,1222.62
2026-05-19T17:17:01,228.94,1222.62
2026-05-19T17:17:06,222.94,1188.43
2026-05-19T17:17:11,222.94,1188.43
2026-05-19T17:17:16,220.22,1167.69
2026-05-19T17:17:21,220.22,1167.69
2026-05-19T17:17:26,218.07,1164.29
2026-05-19T17:17:31,218.07,1164.29
2026-05-19T17:17:36,217.49,1166.06
2026-05-19T17:17:41,217.49,1166.06
2026-05-19T17:17:46,223.54,1199.82
2026-05-19T17:17:51,223.54,1199.82
2026-05-19T17:17:56,222.62,1190.09
2026-05-19T17:18:01,222.62,1190.09
2026-05-19T17:18:06,212.79,1127.8
2026-05-19T17:18:11,212.79,1127.8
2026-05-19T17:18:16,206.75,1107.47
2026-05-19T17:18:21,206.75,1107.47
2026-05-19T17:18:26,216.63,1162.42
2026-05-19T17:18:31,216.63,1162.42
2026-05-19T17:18:36,222.85,1186.52
2026-05-19T17:18:41,222.85,1186.52
2026-05-19T17:18:46,223.53,1204.74
2026-05-19T17:18:51,223.53,1204.74
2026-05-19T17:18:56,227.7,1214.32
2026-05-19T17:19:01,227.7,1214.32
2026-05-19T17:19:06,218.66,1136.78
2026-05-19T17:19:11,218.66,1136.78
2026-05-19T17:19:16,202.51,1080.68
2026-05-19T17:19:21,202.51,1080.68
2026-05-19T17:19:26,210.44,1144.4
2026-05-19T17:19:31,210.44,1144.4
2026-05-19T17:19:36,224.85,1196.93
2026-05-19T17:19:41,224.85,1196.93
2026-05-19T17:19:46,225.16,1203.93
2026-05-19T17:19:51,225.16,1203.93
2026-05-19T17:19:56,225.07,1205.79
2026-05-19T17:20:01,225.07,1205.79
2026-05-19T17:20:06,212.64,1112.52
2026-05-19T17:20:11,212.64,1112.52
2026-05-19T17:20:16,174.15,932.79
2026-05-19T17:20:21,174.15,932.79
2026-05-19T17:20:26,157.83,868.92
2026-05-19T17:20:31,157.83,868.92
2026-05-19T17:20:36,195.22,1036.93
2026-05-19T17:20:41,195.22,1036.93
2026-05-19T17:20:46,223.74,1196.1
2026-05-19T17:20:51,223.74,1196.1
2026-05-19T17:20:56,225.48,1210.39
2026-05-19T17:21:01,225.48,1210.39
2026-05-19T17:21:06,212.04,1124.29
2026-05-19T17:21:11,212.04,1124.29
2026-05-19T17:21:16,210.52,1124.03
2026-05-19T17:21:21,210.52,1124.03
2026-05-19T17:21:26,224.06,1198.99
2026-05-19T17:21:31,224.06,1198.99
2026-05-19T17:21:36,225.76,1202.7
2026-05-19T17:21:41,225.76,1202.7
2026-05-19T17:21:46,224.21,1199.53
2026-05-19T17:21:51,224.21,1199.53
2026-05-19T17:21:56,223.99,1193.87
2026-05-19T17:22:01,223.99,1193.87
2026-05-19T17:22:06,221.85,1185.48
2026-05-19T17:22:11,221.85,1185.48
2026-05-19T17:22:16,218.92,1179.8
2026-05-19T17:22:21,218.92,1179.8
2026-05-19T17:22:26,222.79,1193.25
2026-05-19T17:22:31,222.79,1193.25
2026-05-19T17:22:36,232.52,1208.24
2026-05-19T17:22:41,232.52,1208.24
2026-05-19T17:22:46,233.04,1207.7
2026-05-19T17:22:51,233.04,1207.7
2026-05-19T17:22:56,224.53,1200.52
2026-05-19T17:23:01,224.53,1200.52
2026-05-19T17:23:06,217.13,1152.72
2026-05-19T17:23:11,217.13,1152.72
2026-05-19T17:23:16,213.54,1140.02
2026-05-19T17:23:21,213.54,1140.02
2026-05-19T17:23:26,219.16,1178.16
2026-05-19T17:23:31,219.16,1178.16
2026-05-19T17:23:36,224.95,1208.7
2026-05-19T17:23:41,224.95,1208.7
2026-05-19T17:23:46,225.91,1206.26
2026-05-19T17:23:51,225.91,1206.26
2026-05-19T17:23:56,221.8,1174.0
2026-05-19T17:24:01,221.8,1174.0
2026-05-19T17:24:06,214.57,1142.92
2026-05-19T17:24:11,214.57,1142.92
2026-05-19T17:24:16,213.37,1136.71
2026-05-19T17:24:21,213.37,1136.71
2026-05-19T17:24:26,223.76,1188.21
2026-05-19T17:24:31,223.76,1188.21
2026-05-19T17:24:36,230.03,1218.61
2026-05-19T17:24:41,230.03,1218.61
2026-05-19T17:24:46,229.15,1219.42
2026-05-19T17:24:51,229.15,1219.42
2026-05-19T17:24:56,226.11,1199.3
2026-05-19T17:25:01,226.11,1199.3
2026-05-19T17:25:06,209.84,1084.69
2026-05-19T17:25:11,209.84,1084.69
2026-05-19T17:25:16,194.31,1028.02
2026-05-19T17:25:21,194.31,1028.02
2026-05-19T17:25:26,208.1,1128.34
2026-05-19T17:25:31,208.1,1128.34
2026-05-19T17:25:36,178.68,954.41
2026-05-19T17:25:41,178.68,954.41
2026-05-19T17:25:46,67.01,364.8
2026-05-19T17:25:51,67.01,364.8
2026-05-19T17:25:56,35.38,176.25
2026-05-19T17:26:01,35.38,176.25
2026-05-19T17:26:06,140.68,765.17
2026-05-19T17:26:11,140.68,765.17
2026-05-19T17:26:16,219.73,1194.82
2026-05-19T17:26:21,219.73,1194.82
2026-05-19T17:26:26,230.37,1214.0
2026-05-19T17:26:31,230.37,1214.0
2026-05-19T17:26:36,229.07,1223.49
2026-05-19T17:26:41,229.07,1223.49
2026-05-19T17:26:46,229.31,1238.37
2026-05-19T17:26:51,229.31,1238.37
2026-05-19T17:26:56,232.61,1240.41
2026-05-19T17:27:01,232.61,1240.41
2026-05-19T17:27:06,222.62,1177.91
2026-05-19T17:27:11,222.62,1177.91
2026-05-19T17:27:16,221.86,1171.36
2026-05-19T17:27:21,221.86,1171.36
2026-05-19T17:27:26,232.49,1227.96
2026-05-19T17:27:31,232.49,1227.96
2026-05-19T17:27:36,232.81,1232.7
2026-05-19T17:27:41,232.81,1232.7
2026-05-19T17:27:46,229.94,1221.3
2026-05-19T17:27:51,229.94,1221.3
2026-05-19T17:27:56,229.62,1213.67
2026-05-19T17:28:01,229.62,1213.67
2026-05-19T17:28:06,230.58,1220.65
2026-05-19T17:28:11,230.58,1220.65
2026-05-19T17:28:16,229.73,1221.95
2026-05-19T17:28:21,229.73,1221.95
2026-05-19T17:28:26,231.11,1217.57
2026-05-19T17:28:31,231.11,1217.57
2026-05-19T17:28:36,231.98,1217.31
2026-05-19T17:28:41,231.98,1217.31
2026-05-19T17:28:46,230.42,1220.92
2026-05-19T17:28:51,230.42,1220.92
2026-05-19T17:28:56,226.22,1247.42
2026-05-19T17:29:01,226.22,1247.42
2026-05-19T17:29:06,224.41,1234.16
2026-05-19T17:29:11,224.41,1234.16
2026-05-19T17:29:16,222.53,1175.43
2026-05-19T17:29:21,222.53,1175.43
2026-05-19T17:29:26,223.22,1185.77
2026-05-19T17:29:31,223.22,1185.77
2026-05-19T17:29:36,227.54,1218.04
2026-05-19T17:29:41,227.54,1218.04
2026-05-19T17:29:46,229.18,1215.97
2026-05-19T17:29:51,229.18,1215.97
2026-05-19T17:29:56,230.96,1216.48
2026-05-19T17:30:01,230.96,1216.48
2026-05-19T17:30:06,217.49,1128.92
2026-05-19T17:30:11,217.49,1128.92
2026-05-19T17:30:16,171.22,903.92
2026-05-19T17:30:21,171.22,903.92
2026-05-19T17:30:26,163.81,897.51
2026-05-19T17:30:31,163.81,897.51
2026-05-19T17:30:36,207.84,1125.87
2026-05-19T17:30:41,207.84,1125.87
2026-05-19T17:30:46,228.93,1226.89
2026-05-19T17:30:51,228.93,1226.89
2026-05-19T17:30:56,231.56,1219.77
2026-05-19T17:31:01,231.56,1219.77
2026-05-19T17:31:06,224.97,1211.44
2026-05-19T17:31:11,224.97,1211.44
2026-05-19T17:31:16,224.27,1219.04
2026-05-19T17:31:21,224.27,1219.04
2026-05-19T17:31:26,232.57,1236.65
2026-05-19T17:31:31,232.57,1236.65
2026-05-19T17:31:36,234.84,1238.79
2026-05-19T17:31:41,234.84,1238.79
2026-05-19T17:31:46,234.12,1231.51
2026-05-19T17:31:51,234.12,1231.51
2026-05-19T17:31:56,233.36,1236.95
2026-05-19T17:32:01,233.36,1236.95
2026-05-19T17:32:06,232.17,1231.47
2026-05-19T17:32:11,232.17,1231.47
2026-05-19T17:32:16,232.38,1226.73
2026-05-19T17:32:21,232.38,1226.73
2026-05-19T17:32:26,234.22,1241.07
2026-05-19T17:32:31,234.22,1241.07
2026-05-19T17:32:36,235.26,1242.88
2026-05-19T17:32:41,235.26,1242.88
2026-05-19T17:32:46,234.97,1235.48
2026-05-19T17:32:51,234.97,1235.48
2026-05-19T17:32:56,234.17,1236.07
2026-05-19T17:33:01,234.17,1236.07
2026-05-19T17:33:06,230.7,1218.34
2026-05-19T17:33:11,230.7,1218.34
2026-05-19T17:33:16,230.57,1219.67
2026-05-19T17:33:21,230.57,1219.67
2026-05-19T17:33:26,233.58,1238.41
2026-05-19T17:33:31,233.58,1238.41
2026-05-19T17:33:36,232.9,1230.07
2026-05-19T17:33:41,232.9,1230.07
2026-05-19T17:33:46,234.88,1230.06
2026-05-19T17:33:51,234.88,1230.06
2026-05-19T17:33:56,235.38,1245.2
2026-05-19T17:34:01,235.38,1245.2
2026-05-19T17:34:06,233.0,1242.7
2026-05-19T17:34:11,233.0,1242.7
2026-05-19T17:34:16,232.92,1230.09
2026-05-19T17:34:21,232.92,1230.09
2026-05-19T17:34:26,232.81,1223.07
2026-05-19T17:34:31,232.81,1223.07
2026-05-19T17:34:36,234.06,1242.45
2026-05-19T17:34:41,234.06,1242.45
2026-05-19T17:34:46,236.74,1251.83
2026-05-19T17:34:51,236.74,1251.83
2026-05-19T17:34:56,237.21,1241.78
2026-05-19T17:35:01,237.21,1241.78
2026-05-19T17:35:06,221.68,1146.88
2026-05-19T17:35:11,221.68,1146.88
2026-05-19T17:35:16,213.02,1131.72
2026-05-19T17:35:21,213.02,1131.72
2026-05-19T17:35:26,227.55,1226.47
2026-05-19T17:35:31,227.55,1226.47
2026-05-19T17:35:36,234.44,1236.2
2026-05-19T17:35:41,234.44,1236.2
2026-05-19T17:35:46,234.8,1246.51
2026-05-19T17:35:51,234.8,1246.51
2026-05-19T17:35:56,233.97,1241.41
2026-05-19T17:36:01,233.97,1241.41
2026-05-19T17:36:06,226.18,1199.62
2026-05-19T17:36:11,226.18,1199.62
2026-05-19T17:36:16,225.53,1192.33
2026-05-19T17:36:21,225.53,1192.33
2026-05-19T17:36:26,231.17,1217.93
2026-05-19T17:36:31,231.17,1217.93
2026-05-19T17:36:36,234.43,1242.14
2026-05-19T17:36:41,234.43,1242.14
2026-05-19T17:36:46,237.21,1247.57
2026-05-19T17:36:51,237.21,1247.57
2026-05-19T17:36:56,236.78,1243.07
2026-05-19T17:37:01,236.78,1243.07
2026-05-19T17:37:06,236.55,1238.8
2026-05-19T17:37:11,236.55,1238.8
2026-05-19T17:37:16,233.12,1229.71
2026-05-19T17:37:21,233.12,1229.71
2026-05-19T17:37:26,231.23,1227.67
2026-05-19T17:37:31,231.23,1227.67
2026-05-19T17:37:36,232.67,1228.3
2026-05-19T17:37:41,232.67,1228.3
2026-05-19T17:37:46,232.98,1227.74
2026-05-19T17:37:51,232.98,1227.74
2026-05-19T17:37:56,234.35,1238.02
2026-05-19T17:38:01,234.35,1238.02
2026-05-19T17:38:06,230.25,1209.96
2026-05-19T17:38:11,230.25,1209.96
2026-05-19T17:38:16,226.01,1197.71
2026-05-19T17:38:21,226.01,1197.71
2026-05-19T17:38:26,229.53,1214.23
2026-05-19T17:38:31,229.53,1214.23
2026-05-19T17:38:36,226.91,1193.43
2026-05-19T17:38:41,226.91,1193.43
2026-05-19T17:38:46,226.49,1210.41
2026-05-19T17:38:51,226.49,1210.41
2026-05-19T17:38:56,232.18,1226.79
2026-05-19T17:39:01,232.18,1226.79
2026-05-19T17:39:06,216.06,1114.99
2026-05-19T17:39:11,216.06,1114.99
2026-05-19T17:39:16,189.37,1002.91
2026-05-19T17:39:21,189.37,1002.91
2026-05-19T17:39:26,204.8,1100.79
2026-05-19T17:39:31,204.8,1100.79
2026-05-19T17:39:36,231.77,1227.71
2026-05-19T17:39:41,231.77,1227.71
2026-05-19T17:39:46,233.11,1233.2
2026-05-19T17:39:51,233.11,1233.2
2026-05-19T17:39:56,232.85,1224.3
2026-05-19T17:40:01,232.85,1224.3
2026-05-19T17:40:06,220.81,1146.69
2026-05-19T17:40:11,220.81,1146.69
2026-05-19T17:40:16,198.47,1046.98
2026-05-19T17:40:21,198.47,1046.98
2026-05-19T17:40:26,201.94,1092.49
2026-05-19T17:40:31,201.94,1092.49
2026-05-19T17:40:36,224.92,1187.01
2026-05-19T17:40:41,224.92,1187.01
2026-05-19T17:40:46,233.28,1222.92
2026-05-19T17:40:51,233.28,1222.92
2026-05-19T17:40:56,233.29,1227.3
2026-05-19T17:41:01,233.29,1227.3
2026-05-19T17:41:06,227.0,1200.74
2026-05-19T17:41:11,227.0,1200.74
2026-05-19T17:41:16,227.95,1199.2
2026-05-19T17:41:21,227.95,1199.2
2026-05-19T17:41:26,235.03,1225.28
2026-05-19T17:41:31,235.03,1225.28
2026-05-19T17:41:36,232.85,1229.49
2026-05-19T17:41:41,232.85,1229.49
2026-05-19T17:41:46,233.42,1226.13
2026-05-19T17:41:51,233.42,1226.13
2026-05-19T17:41:56,233.83,1226.21
2026-05-19T17:42:01,233.83,1226.21
2026-05-19T17:42:06,226.8,1189.46
2026-05-19T17:42:11,226.8,1189.46
2026-05-19T17:42:16,225.9,1186.38
2026-05-19T17:42:21,225.9,1186.38
2026-05-19T17:42:26,232.08,1223.56
2026-05-19T17:42:31,232.08,1223.56
2026-05-19T17:42:36,232.19,1225.85
2026-05-19T17:42:41,232.19,1225.85
2026-05-19T17:42:46,230.84,1230.2
2026-05-19T17:42:51,230.84,1230.2
2026-05-19T17:42:56,231.29,1222.66
2026-05-19T17:43:01,231.29,1222.66
2026-05-19T17:43:06,227.91,1199.79
2026-05-19T17:43:11,227.91,1199.79
2026-05-19T17:43:16,226.81,1203.1
2026-05-19T17:43:21,226.81,1203.1
2026-05-19T17:43:26,225.71,1200.51
2026-05-19T17:43:31,225.71,1200.51
2026-05-19T17:43:36,223.85,1182.7
2026-05-19T17:43:41,223.85,1182.7
2026-05-19T17:43:46,225.83,1204.4
2026-05-19T17:43:51,225.83,1204.4
2026-05-19T17:43:56,225.84,1202.64
2026-05-19T17:44:01,225.84,1202.64
2026-05-19T17:44:06,219.25,1158.33
2026-05-19T17:44:11,219.25,1158.33
2026-05-19T17:44:16,217.73,1164.38
2026-05-19T17:44:21,217.73,1164.38
2026-05-19T17:44:26,220.71,1178.06
2026-05-19T17:44:31,220.71,1178.06
2026-05-19T17:44:36,217.72,1164.31
2026-05-19T17:44:41,217.72,1164.31
2026-05-19T17:44:46,224.23,1195.31
2026-05-19T17:44:51,224.23,1195.31
2026-05-19T17:44:56,230.21,1215.87
2026-05-19T17:45:01,230.21,1215.87
2026-05-19T17:45:06,212.99,1105.59
2026-05-19T17:45:11,212.99,1105.59
2026-05-19T17:45:16,189.96,1011.46
2026-05-19T17:45:21,189.96,1011.46
2026-05-19T17:45:26,200.81,1095.33
2026-05-19T17:45:31,200.81,1095.33
2026-05-19T17:45:36,222.49,1184.57
2026-05-19T17:45:41,222.49,1184.57
2026-05-19T17:45:46,224.92,1193.58
2026-05-19T17:45:51,224.92,1193.58
2026-05-19T17:45:56,219.65,1162.72
2026-05-19T17:46:01,219.65,1162.72
2026-05-19T17:46:06,217.13,1155.95
2026-05-19T17:46:11,217.13,1155.95
2026-05-19T17:46:16,208.61,1123.44
2026-05-19T17:46:21,208.61,1123.44
2026-05-19T17:46:26,211.33,1132.77
2026-05-19T17:46:31,211.33,1132.77
2026-05-19T17:46:36,221.1,1172.06
2026-05-19T17:46:41,221.1,1172.06
2026-05-19T17:46:46,222.37,1177.36
2026-05-19T17:46:51,222.37,1177.36
2026-05-19T17:46:56,226.04,1205.46
2026-05-19T17:47:01,226.04,1205.46
2026-05-19T17:47:06,221.6,1178.25
2026-05-19T17:47:11,221.6,1178.25
2026-05-19T17:47:16,215.36,1149.5
2026-05-19T17:47:21,215.36,1149.5
2026-05-19T17:47:26,211.35,1122.83
2026-05-19T17:47:31,211.35,1122.83
2026-05-19T17:47:36,214.43,1125.79
2026-05-19T17:47:41,214.43,1125.79
2026-05-19T17:47:46,209.19,1118.98
2026-05-19T17:47:51,209.19,1118.98
2026-05-19T17:47:56,207.4,1107.16
2026-05-19T17:48:01,207.4,1107.16
2026-05-19T17:48:06,196.92,1031.04
2026-05-19T17:48:11,196.92,1031.04
2026-05-19T17:48:16,166.53,892.97
2026-05-19T17:48:21,166.53,892.97
2026-05-19T17:48:26,178.21,960.75
2026-05-19T17:48:31,178.21,960.75
2026-05-19T17:48:36,202.24,1068.82
2026-05-19T17:48:41,202.24,1068.82
2026-05-19T17:48:46,205.69,1093.54
2026-05-19T17:48:51,205.69,1093.54
2026-05-19T17:48:56,205.84,1096.6
2026-05-19T17:49:01,205.84,1096.6
2026-05-19T17:49:06,198.5,1036.14
2026-05-19T17:49:11,198.5,1036.14
2026-05-19T17:49:16,177.74,942.84
2026-05-19T17:49:21,177.74,942.84
2026-05-19T17:49:26,181.5,961.88
2026-05-19T17:49:31,181.5,961.88
2026-05-19T17:49:36,193.25,1011.88
2026-05-19T17:49:41,193.25,1011.88
2026-05-19T17:49:46,200.97,1075.45
2026-05-19T17:49:51,200.97,1075.45
2026-05-19T17:49:56,218.4,1161.33
2026-05-19T17:50:01,218.4,1161.33
2026-05-19T17:50:06,199.31,1031.37
2026-05-19T17:50:11,199.31,1031.37
2026-05-19T17:50:16,159.91,828.96
2026-05-19T17:50:21,159.91,828.96
2026-05-19T17:50:26,164.0,890.67
2026-05-19T17:50:31,164.0,890.67
2026-05-19T17:50:36,199.8,1075.47
2026-05-19T17:50:41,199.8,1075.47
2026-05-19T17:50:46,213.28,1121.58
2026-05-19T17:50:51,213.28,1121.58
2026-05-19T17:50:56,210.17,1112.43
2026-05-19T17:51:01,210.17,1112.43
2026-05-19T17:51:06,198.7,1052.35
2026-05-19T17:51:11,198.7,1052.35
2026-05-19T17:51:16,190.61,1020.31
2026-05-19T17:51:21,190.61,1020.31
2026-05-19T17:51:26,198.95,1068.75
2026-05-19T17:51:31,198.95,1068.75
2026-05-19T17:51:36,206.56,1080.92
2026-05-19T17:51:41,206.56,1080.92
2026-05-19T17:51:46,200.99,1053.63
2026-05-19T17:51:51,200.99,1053.63
2026-05-19T17:51:56,201.77,1068.65
2026-05-19T17:52:01,201.77,1068.65
2026-05-19T17:52:06,201.16,1061.59
2026-05-19T17:52:11,201.16,1061.59
2026-05-19T17:52:16,187.54,986.82
2026-05-19T17:52:21,187.54,986.82
2026-05-19T17:52:26,181.96,973.01
2026-05-19T17:52:31,181.96,973.01
2026-05-19T17:52:36,195.43,1049.49
2026-05-19T17:52:41,195.43,1049.49
2026-05-19T17:52:46,214.12,1141.38
2026-05-19T17:52:51,214.12,1141.38
2026-05-19T17:52:56,223.88,1190.72
2026-05-19T17:53:01,223.88,1190.72
2026-05-19T17:53:06,218.44,1148.45
2026-05-19T17:53:11,218.44,1148.45
2026-05-19T17:53:16,206.52,1092.5
2026-05-19T17:53:21,206.52,1092.5
2026-05-19T17:53:26,213.77,1145.55
2026-05-19T17:53:31,213.77,1145.55
2026-05-19T17:53:36,223.95,1184.03
2026-05-19T17:53:41,223.95,1184.03
2026-05-19T17:53:46,223.33,1186.45
2026-05-19T17:53:51,223.33,1186.45
2026-05-19T17:53:56,223.11,1187.69
2026-05-19T17:54:01,223.11,1187.69
2026-05-19T17:54:06,212.44,1112.75
2026-05-19T17:54:11,212.44,1112.75
2026-05-19T17:54:16,201.17,1070.94
2026-05-19T17:54:21,201.17,1070.94
2026-05-19T17:54:26,213.74,1143.81
2026-05-19T17:54:31,213.74,1143.81
2026-05-19T17:54:36,217.76,1157.1
2026-05-19T17:54:41,217.76,1157.1
2026-05-19T17:54:46,215.45,1147.8
2026-05-19T17:54:51,215.45,1147.8
2026-05-19T17:54:56,227.35,1198.95
2026-05-19T17:55:01,227.35,1198.95
2026-05-19T17:55:06,219.52,1134.25
2026-05-19T17:55:11,219.52,1134.25
2026-05-19T17:55:16,202.77,1075.92
2026-05-19T17:55:21,202.77,1075.92
2026-05-19T17:55:26,216.08,1162.14
2026-05-19T17:55:31,216.08,1162.14
2026-05-19T17:55:36,233.44,1225.71
2026-05-19T17:55:41,233.44,1225.71
2026-05-19T17:55:46,232.55,1222.47
2026-05-19T17:55:51,232.55,1222.47
2026-05-19T17:55:56,231.14,1212.34
2026-05-19T17:56:01,231.14,1212.34
2026-05-19T17:56:06,231.23,1218.07
2026-05-19T17:56:11,231.23,1218.07
2026-05-19T17:56:16,226.62,1198.16
2026-05-19T17:56:21,226.62,1198.16
2026-05-19T17:56:26,227.38,1196.57
2026-05-19T17:56:31,227.38,1196.57
2026-05-19T17:56:36,232.7,1226.3
2026-05-19T17:56:41,232.7,1226.3
2026-05-19T17:56:46,232.97,1233.86
2026-05-19T17:56:51,232.97,1233.86
2026-05-19T17:56:56,233.21,1240.09
2026-05-19T17:57:01,233.21,1240.09
2026-05-19T17:57:06,224.68,1190.34
2026-05-19T17:57:11,224.68,1190.34
2026-05-19T17:57:16,225.25,1184.52
2026-05-19T17:57:21,225.25,1184.52
2026-05-19T17:57:26,232.98,1218.17
2026-05-19T17:57:31,232.98,1218.17
2026-05-19T17:57:36,231.98,1226.64
2026-05-19T17:57:41,231.98,1226.64
2026-05-19T17:57:46,228.98,1224.73
2026-05-19T17:57:51,228.98,1224.73
2026-05-19T17:57:56,229.58,1200.91
2026-05-19T17:58:01,229.58,1200.91
2026-05-19T17:58:06,225.02,1189.61
2026-05-19T17:58:11,225.02,1189.61
2026-05-19T17:58:16,221.53,1196.21
2026-05-19T17:58:21,221.53,1196.21
2026-05-19T17:58:26,228.39,1209.74
2026-05-19T17:58:31,228.39,1209.74
2026-05-19T17:58:36,231.31,1214.26
2026-05-19T17:58:41,231.31,1214.26
2026-05-19T17:58:46,228.29,1207.58
2026-05-19T17:58:51,228.29,1207.58
2026-05-19T17:58:56,228.56,1216.18
2026-05-19T17:59:01,228.56,1216.18
2026-05-19T17:59:06,229.62,1214.54
2026-05-19T17:59:11,229.62,1214.54
2026-05-19T17:59:16,218.8,1158.18
2026-05-19T17:59:21,218.8,1158.18
2026-05-19T17:59:26,219.12,1162.33
2026-05-19T17:59:31,219.12,1162.33
2026-05-19T17:59:36,228.18,1208.01
2026-05-19T17:59:41,228.18,1208.01
2026-05-19T17:59:46,227.07,1212.34
2026-05-19T17:59:51,227.07,1212.34
2026-05-19T17:59:56,230.35,1212.01
2026-05-19T18:00:01,230.35,1212.01
2026-05-19T18:00:06,216.0,1109.47
2026-05-19T18:00:11,216.0,1109.47
2026-05-19T18:00:16,138.32,724.14
2026-05-19T18:00:21,138.32,724.14
2026-05-19T18:00:26,121.44,666.22
2026-05-19T18:00:31,121.44,666.22
2026-05-19T18:00:36,179.02,980.17
2026-05-19T18:00:41,179.02,980.17
2026-05-19T18:00:46,199.01,1073.27
2026-05-19T18:00:51,199.01,1073.27
2026-05-19T18:00:56,212.51,1112.78
2026-05-19T18:01:01,212.51,1112.78
2026-05-19T18:01:06,212.66,1109.13
2026-05-19T18:01:11,212.66,1109.13
2026-05-19T18:01:16,208.17,1111.55
2026-05-19T18:01:21,208.17,1111.55
2026-05-19T18:01:26,213.66,1159.28
2026-05-19T18:01:31,213.66,1159.28
2026-05-19T18:01:36,221.38,1182.1
2026-05-19T18:01:41,221.38,1182.1
2026-05-19T18:01:46,228.85,1209.52
2026-05-19T18:01:51,228.85,1209.52
2026-05-19T18:01:56,227.32,1205.22
2026-05-19T18:02:01,227.32,1205.22
2026-05-19T18:02:06,219.59,1162.64
2026-05-19T18:02:11,219.59,1162.64
2026-05-19T18:02:16,214.97,1143.51
2026-05-19T18:02:21,214.97,1143.51
2026-05-19T18:02:26,223.04,1178.06
2026-05-19T18:02:31,223.04,1178.06
2026-05-19T18:02:36,226.9,1196.5
2026-05-19T18:02:41,226.9,1196.5
2026-05-19T18:02:46,223.71,1202.92
2026-05-19T18:02:51,223.71,1202.92
2026-05-19T18:02:56,225.44,1197.27
2026-05-19T18:03:01,225.44,1197.27
2026-05-19T18:03:06,218.42,1143.47
2026-05-19T18:03:11,218.42,1143.47
2026-05-19T18:03:16,211.85,1118.9
2026-05-19T18:03:21,211.85,1118.9
2026-05-19T18:03:26,220.63,1165.86
2026-05-19T18:03:31,220.63,1165.86
2026-05-19T18:03:36,226.38,1201.72
2026-05-19T18:03:41,226.38,1201.72
2026-05-19T18:03:46,227.29,1212.68
2026-05-19T18:03:51,227.29,1212.68
2026-05-19T18:03:56,225.17,1194.98
2026-05-19T18:04:01,225.17,1194.98
2026-05-19T18:04:06,221.59,1164.55
2026-05-19T18:04:11,221.59,1164.55
2026-05-19T18:04:16,223.19,1176.41
2026-05-19T18:04:21,223.19,1176.41
2026-05-19T18:04:26,220.41,1180.94
2026-05-19T18:04:31,220.41,1180.94
2026-05-19T18:04:36,223.21,1185.77
2026-05-19T18:04:41,223.21,1185.77
2026-05-19T18:04:46,229.56,1201.15
2026-05-19T18:04:51,229.56,1201.15
2026-05-19T18:04:56,227.6,1205.07
2026-05-19T18:05:01,227.6,1205.07
2026-05-19T18:05:06,216.49,1138.6
2026-05-19T18:05:11,216.49,1138.6
2026-05-19T18:05:16,203.34,1083.41
2026-05-19T18:05:21,203.34,1083.41
2026-05-19T18:05:26,212.45,1138.06
2026-05-19T18:05:31,212.45,1138.06
2026-05-19T18:05:36,222.28,1170.82
2026-05-19T18:05:41,222.28,1170.82
2026-05-19T18:05:46,223.67,1185.41
2026-05-19T18:05:51,223.67,1185.41
2026-05-19T18:05:56,229.43,1221.32
2026-05-19T18:06:01,229.43,1221.32
2026-05-19T18:06:06,225.03,1194.95
2026-05-19T18:06:11,225.03,1194.95
2026-05-19T18:06:16,226.33,1185.19
2026-05-19T18:06:21,226.33,1185.19
2026-05-19T18:06:26,233.19,1224.1
2026-05-19T18:06:31,233.19,1224.1
2026-05-19T18:06:36,232.18,1231.75
2026-05-19T18:06:41,232.18,1231.75
2026-05-19T18:06:46,232.65,1225.66
2026-05-19T18:06:51,232.65,1225.66
2026-05-19T18:06:56,233.66,1218.1
2026-05-19T18:07:01,233.66,1218.1
2026-05-19T18:07:06,227.62,1204.23
2026-05-19T18:07:11,227.62,1204.23
2026-05-19T18:07:16,225.18,1205.32
2026-05-19T18:07:21,225.18,1205.32
2026-05-19T18:07:26,228.91,1212.82
2026-05-19T18:07:31,228.91,1212.82
2026-05-19T18:07:36,230.96,1213.67
2026-05-19T18:07:41,230.96,1213.67
2026-05-19T18:07:46,234.18,1233.7
2026-05-19T18:07:51,234.18,1233.7
2026-05-19T18:07:56,234.95,1237.93
2026-05-19T18:08:01,234.95,1237.93
2026-05-19T18:08:06,230.59,1208.62
2026-05-19T18:08:11,230.59,1208.62
2026-05-19T18:08:16,228.81,1206.43
2026-05-19T18:08:21,228.81,1206.43
2026-05-19T18:08:26,229.35,1220.75
2026-05-19T18:08:31,229.35,1220.75
2026-05-19T18:08:36,229.38,1222.85
2026-05-19T18:08:41,229.38,1222.85
2026-05-19T18:08:46,228.4,1209.67
2026-05-19T18:08:51,228.4,1209.67
2026-05-19T18:08:56,225.31,1194.45
2026-05-19T18:09:01,225.31,1194.45
2026-05-19T18:09:06,212.91,1117.54
2026-05-19T18:09:11,212.91,1117.54
2026-05-19T18:09:16,192.4,1023.17
2026-05-19T18:09:21,192.4,1023.17
2026-05-19T18:09:26,205.99,1113.48
2026-05-19T18:09:31,205.99,1113.48
2026-05-19T18:09:36,231.25,1218.31
2026-05-19T18:09:41,231.25,1218.31
2026-05-19T18:09:46,233.34,1230.81
2026-05-19T18:09:51,233.34,1230.81
2026-05-19T18:09:56,232.53,1236.07
2026-05-19T18:10:01,232.53,1236.07
2026-05-19T18:10:06,218.75,1139.19
2026-05-19T18:10:11,218.75,1139.19
2026-05-19T18:10:16,190.23,1005.96
2026-05-19T18:10:21,190.23,1005.96
2026-05-19T18:10:26,195.14,1050.56
2026-05-19T18:10:31,195.14,1050.56
2026-05-19T18:10:36,223.41,1177.0
2026-05-19T18:10:41,223.41,1177.0
2026-05-19T18:10:46,229.99,1209.02
2026-05-19T18:10:51,229.99,1209.02
2026-05-19T18:10:56,231.56,1223.29
2026-05-19T18:11:01,231.56,1223.29
2026-05-19T18:11:06,233.6,1240.0
2026-05-19T18:11:11,233.6,1240.0
2026-05-19T18:11:16,230.64,1221.4
2026-05-19T18:11:21,230.64,1221.4
2026-05-19T18:11:26,225.5,1194.1
2026-05-19T18:11:31,225.5,1194.1
2026-05-19T18:11:36,224.72,1191.6
2026-05-19T18:11:41,224.72,1191.6
2026-05-19T18:11:46,229.55,1219.91
2026-05-19T18:11:51,229.55,1219.91
2026-05-19T18:11:56,231.41,1224.07
2026-05-19T18:12:01,231.41,1224.07
2026-05-19T18:12:06,221.78,1168.6
2026-05-19T18:12:11,221.78,1168.6
2026-05-19T18:12:16,220.31,1167.75
2026-05-19T18:12:21,220.31,1167.75
2026-05-19T18:12:26,230.73,1221.99
2026-05-19T18:12:31,230.73,1221.99
2026-05-19T18:12:36,233.55,1226.97
2026-05-19T18:12:41,233.55,1226.97
2026-05-19T18:12:46,232.82,1237.72
2026-05-19T18:12:51,232.82,1237.72
2026-05-19T18:12:56,232.83,1238.11
2026-05-19T18:13:01,232.83,1238.11
2026-05-19T18:13:06,225.16,1175.13
2026-05-19T18:13:11,225.16,1175.13
2026-05-19T18:13:16,223.71,1176.39
2026-05-19T18:13:21,223.71,1176.39
2026-05-19T18:13:26,230.95,1230.77
2026-05-19T18:13:31,230.95,1230.77
2026-05-19T18:13:36,231.84,1228.0
2026-05-19T18:13:41,231.84,1228.0
2026-05-19T18:13:46,232.4,1218.94
2026-05-19T18:13:51,232.4,1218.94
2026-05-19T18:13:56,231.48,1224.88
2026-05-19T18:14:01,231.48,1224.88
2026-05-19T18:14:06,227.41,1200.51
2026-05-19T18:14:11,227.41,1200.51
2026-05-19T18:14:16,217.67,1153.61
2026-05-19T18:14:21,217.67,1153.61
2026-05-19T18:14:26,221.35,1177.79
2026-05-19T18:14:31,221.35,1177.79
2026-05-19T18:14:36,231.64,1216.97
2026-05-19T18:14:41,231.64,1216.97
2026-05-19T18:14:46,232.02,1217.79
2026-05-19T18:14:51,232.02,1217.79
2026-05-19T18:14:56,229.69,1216.91
2026-05-19T18:15:01,229.69,1216.91
2026-05-19T18:15:06,215.98,1128.62
2026-05-19T18:15:11,215.98,1128.62
2026-05-19T18:15:16,195.86,1040.55
2026-05-19T18:15:21,195.86,1040.55
2026-05-19T18:15:26,203.87,1089.04
2026-05-19T18:15:31,203.87,1089.04
2026-05-19T18:15:36,220.13,1158.58
2026-05-19T18:15:41,220.13,1158.58
2026-05-19T18:15:46,223.16,1186.57
2026-05-19T18:15:51,223.16,1186.57
2026-05-19T18:15:56,227.41,1207.16
2026-05-19T18:16:01,227.41,1207.16
2026-05-19T18:16:06,223.61,1182.94
2026-05-19T18:16:11,223.61,1182.94
2026-05-19T18:16:16,219.44,1156.35
2026-05-19T18:16:21,219.44,1156.35
2026-05-19T18:16:26,223.05,1177.85
2026-05-19T18:16:31,223.05,1177.85
2026-05-19T18:16:36,220.89,1171.23
2026-05-19T18:16:41,220.89,1171.23
2026-05-19T18:16:46,220.5,1166.27
2026-05-19T18:16:51,220.5,1166.27
2026-05-19T18:16:56,225.21,1184.63
2026-05-19T18:17:01,225.21,1184.63
2026-05-19T18:17:06,214.16,1118.68
2026-05-19T18:17:11,214.16,1118.68
2026-05-19T18:17:16,203.47,1072.42
2026-05-19T18:17:21,203.47,1072.42
2026-05-19T18:17:26,214.79,1133.82
2026-05-19T18:17:31,214.79,1133.82
2026-05-19T18:17:36,222.42,1168.35
2026-05-19T18:17:41,222.42,1168.35
2026-05-19T18:17:46,221.22,1183.64
2026-05-19T18:17:51,221.22,1183.64
2026-05-19T18:17:56,226.37,1201.46
2026-05-19T18:18:01,226.37,1201.46
2026-05-19T18:18:06,217.45,1132.02
2026-05-19T18:18:11,217.45,1132.02
2026-05-19T18:18:16,201.86,1067.28
2026-05-19T18:18:21,201.86,1067.28
2026-05-19T18:18:26,212.09,1120.07
2026-05-19T18:18:31,212.09,1120.07
2026-05-19T18:18:36,226.07,1180.24
2026-05-19T18:18:41,226.07,1180.24
2026-05-19T18:18:46,227.43,1200.64
2026-05-19T18:18:51,227.43,1200.64
2026-05-19T18:18:56,229.13,1207.68
2026-05-19T18:19:01,229.13,1207.68
2026-05-19T18:19:06,217.45,1132.23
2026-05-19T18:19:11,217.45,1132.23
2026-05-19T18:19:16,205.37,1087.01
2026-05-19T18:19:21,205.37,1087.01
2026-05-19T18:19:26,215.22,1160.11
2026-05-19T18:19:31,215.22,1160.11
2026-05-19T18:19:36,219.28,1165.41
2026-05-19T18:19:41,219.28,1165.41
2026-05-19T18:19:46,218.13,1165.17
2026-05-19T18:19:51,218.13,1165.17
2026-05-19T18:19:56,225.46,1204.85
2026-05-19T18:20:01,225.46,1204.85
2026-05-19T18:20:06,215.54,1118.75
2026-05-19T18:20:11,215.54,1118.75
2026-05-19T18:20:16,183.91,977.89
2026-05-19T18:20:21,183.91,977.89
2026-05-19T18:20:26,167.87,951.42
2026-05-19T18:20:31,167.87,951.42
2026-05-19T18:20:36,193.98,1059.06
2026-05-19T18:20:41,193.98,1059.06
2026-05-19T18:20:46,222.22,1172.51
2026-05-19T18:20:51,222.22,1172.51
2026-05-19T18:20:56,227.93,1211.39
2026-05-19T18:21:01,227.93,1211.39
2026-05-19T18:21:06,225.8,1202.03
2026-05-19T18:21:11,225.8,1202.03
2026-05-19T18:21:16,227.92,1214.5
2026-05-19T18:21:21,227.92,1214.5
2026-05-19T18:21:26,232.64,1232.4
2026-05-19T18:21:31,232.64,1232.4
2026-05-19T18:21:36,231.26,1220.56
2026-05-19T18:21:41,231.26,1220.56
2026-05-19T18:21:46,231.74,1230.65
2026-05-19T18:21:51,231.74,1230.65
2026-05-19T18:21:56,232.9,1238.51
2026-05-19T18:22:01,232.9,1238.51
2026-05-19T18:22:06,231.32,1221.35
2026-05-19T18:22:11,231.32,1221.35
2026-05-19T18:22:16,229.84,1212.36
2026-05-19T18:22:21,229.84,1212.36
2026-05-19T18:22:26,230.42,1223.85
2026-05-19T18:22:31,230.42,1223.85
2026-05-19T18:22:36,232.12,1228.46
2026-05-19T18:22:41,232.12,1228.46
2026-05-19T18:22:46,232.08,1226.79
2026-05-19T18:22:51,232.08,1226.79
2026-05-19T18:22:56,232.57,1232.88
2026-05-19T18:23:01,232.57,1232.88
2026-05-19T18:23:06,225.66,1190.1
2026-05-19T18:23:11,225.66,1190.1
2026-05-19T18:23:16,222.26,1177.49
2026-05-19T18:23:21,222.26,1177.49
2026-05-19T18:23:26,229.46,1214.26
2026-05-19T18:23:31,229.46,1214.26
2026-05-19T18:23:36,228.18,1231.64
2026-05-19T18:23:41,228.18,1231.64
2026-05-19T18:23:46,228.39,1245.55
2026-05-19T18:23:51,228.39,1245.55
2026-05-19T18:23:56,230.96,1217.82
2026-05-19T18:24:01,230.96,1217.82
2026-05-19T18:24:06,222.82,1167.45
2026-05-19T18:24:11,222.82,1167.45
2026-05-19T18:24:16,223.82,1190.66
2026-05-19T18:24:21,223.82,1190.66
2026-05-19T18:24:26,230.0,1227.31
2026-05-19T18:24:31,230.0,1227.31
2026-05-19T18:24:36,231.25,1222.18
2026-05-19T18:24:41,231.25,1222.18
2026-05-19T18:24:46,229.49,1215.22
2026-05-19T18:24:51,229.49,1215.22
2026-05-19T18:24:56,228.58,1216.42
2026-05-19T18:25:01,228.58,1216.42
2026-05-19T18:25:06,218.43,1138.73
2026-05-19T18:25:11,218.43,1138.73
2026-05-19T18:25:16,207.82,1103.6
2026-05-19T18:25:21,207.82,1103.6
2026-05-19T18:25:26,216.43,1187.73
2026-05-19T18:25:31,216.43,1187.73
2026-05-19T18:25:36,226.11,1215.08
2026-05-19T18:25:41,226.11,1215.08
2026-05-19T18:25:46,228.6,1204.11
2026-05-19T18:25:51,228.6,1204.11
2026-05-19T18:25:56,230.29,1221.12
2026-05-19T18:26:01,230.29,1221.12
2026-05-19T18:26:06,231.05,1218.64
2026-05-19T18:26:11,231.05,1218.64
2026-05-19T18:26:16,228.75,1205.45
2026-05-19T18:26:21,228.75,1205.45
2026-05-19T18:26:26,229.67,1216.7
2026-05-19T18:26:31,229.67,1216.7
2026-05-19T18:26:36,227.58,1215.4
2026-05-19T18:26:41,227.58,1215.4
2026-05-19T18:26:46,229.5,1219.24
2026-05-19T18:26:51,229.5,1219.24
2026-05-19T18:26:56,233.36,1218.24
2026-05-19T18:27:01,233.36,1218.24
2026-05-19T18:27:06,227.75,1200.55
2026-05-19T18:27:11,227.75,1200.55
2026-05-19T18:27:16,222.69,1191.05
2026-05-19T18:27:21,222.69,1191.05
2026-05-19T18:27:26,224.24,1187.11
2026-05-19T18:27:31,224.24,1187.11
2026-05-19T18:27:36,221.24,1159.53
2026-05-19T18:27:41,221.24,1159.53
2026-05-19T18:27:46,218.79,1166.4
2026-05-19T18:27:51,218.79,1166.4
2026-05-19T18:27:56,223.62,1201.24
2026-05-19T18:28:01,223.62,1201.24
2026-05-19T18:28:06,223.99,1188.01
2026-05-19T18:28:11,223.99,1188.01
2026-05-19T18:28:16,219.04,1157.99
2026-05-19T18:28:21,219.04,1157.99
2026-05-19T18:28:26,220.43,1164.42
2026-05-19T18:28:31,220.43,1164.42
2026-05-19T18:28:36,223.34,1182.25
2026-05-19T18:28:41,223.34,1182.25
2026-05-19T18:28:46,223.53,1196.08
2026-05-19T18:28:51,223.53,1196.08
2026-05-19T18:28:56,221.55,1171.81
2026-05-19T18:29:01,221.55,1171.81
2026-05-19T18:29:06,201.76,1117.93
2026-05-19T18:29:11,201.76,1117.93
2026-05-19T18:29:16,178.32,1049.04
2026-05-19T18:29:21,178.32,1049.04
2026-05-19T18:29:26,174.88,1009.06
2026-05-19T18:29:31,174.88,1009.06
2026-05-19T18:29:36,177.27,1005.96
2026-05-19T18:29:41,177.27,1005.96
2026-05-19T18:29:46,157.13,909.04
2026-05-19T18:29:51,157.13,909.04
2026-05-19T18:29:56,148.3,870.99
2026-05-19T18:30:01,148.3,870.99
2026-05-19T18:30:06,151.68,868.91
2026-05-19T18:30:11,151.68,868.91
2026-05-19T18:30:16,125.52,722.87
2026-05-19T18:30:21,125.52,722.87
2026-05-19T18:30:26,127.18,715.25
2026-05-19T18:30:31,127.18,715.25
2026-05-19T18:30:36,158.36,862.42
2026-05-19T18:30:41,158.36,862.42
2026-05-19T18:30:46,167.88,954.39
2026-05-19T18:30:51,167.88,954.39
2026-05-19T18:30:56,163.93,958.73
2026-05-19T18:31:01,163.93,958.73
2026-05-19T18:31:06,158.62,941.0
2026-05-19T18:31:11,158.62,941.0
2026-05-19T18:31:16,152.9,939.25
2026-05-19T18:31:21,152.9,939.25
2026-05-19T18:31:26,144.52,863.56
2026-05-19T18:31:31,144.52,863.56
2026-05-19T18:31:36,138.64,805.72
2026-05-19T18:31:41,138.64,805.72
2026-05-19T18:31:46,156.09,903.87
2026-05-19T18:31:51,156.09,903.87
2026-05-19T18:31:56,174.81,1011.46
2026-05-19T18:32:01,174.81,1011.46
2026-05-19T18:32:06,173.39,1003.74
2026-05-19T18:32:11,173.39,1003.74
2026-05-19T18:32:16,175.56,1011.02
2026-05-19T18:32:21,175.56,1011.02
2026-05-19T18:32:26,179.38,1036.65
2026-05-19T18:32:31,179.38,1036.65
2026-05-19T18:32:36,178.37,1040.87
2026-05-19T18:32:41,178.37,1040.87
2026-05-19T18:32:46,169.86,1017.78
2026-05-19T18:32:51,169.86,1017.78
2026-05-19T18:32:56,167.91,940.86
2026-05-19T18:33:01,167.91,940.86
2026-05-19T18:33:06,163.21,905.84
2026-05-19T18:33:11,163.21,905.84
2026-05-19T18:33:16,163.11,956.68
2026-05-19T18:33:21,163.11,956.68
2026-05-19T18:33:26,175.46,1001.05
2026-05-19T18:33:31,175.46,1001.05
2026-05-19T18:33:36,182.14,1033.02
2026-05-19T18:33:41,182.14,1033.02
2026-05-19T18:33:46,185.42,1067.97
2026-05-19T18:33:51,185.42,1067.97
2026-05-19T18:33:56,182.72,1054.67
2026-05-19T18:34:01,182.72,1054.67
2026-05-19T18:34:06,177.01,1006.73
2026-05-19T18:34:11,177.01,1006.73
2026-05-19T18:34:16,174.87,1013.86
2026-05-19T18:34:21,174.87,1013.86
2026-05-19T18:34:26,179.75,1052.13
2026-05-19T18:34:31,179.75,1052.13
2026-05-19T18:34:36,181.41,1038.84
2026-05-19T18:34:41,181.41,1038.84
2026-05-19T18:34:46,180.41,1031.03
2026-05-19T18:34:51,180.41,1031.03
2026-05-19T18:34:56,184.66,1048.29
2026-05-19T18:35:01,184.66,1048.29
2026-05-19T18:35:06,179.2,978.6
2026-05-19T18:35:11,179.2,978.6
2026-05-19T18:35:16,169.87,968.72
2026-05-19T18:35:21,169.87,968.72
2026-05-19T18:35:26,177.5,1039.92
2026-05-19T18:35:31,177.5,1039.92
2026-05-19T18:35:36,184.32,1047.05
2026-05-19T18:35:41,184.32,1047.05
2026-05-19T18:35:46,185.9,1060.02
2026-05-19T18:35:51,185.9,1060.02
2026-05-19T18:35:56,187.91,1060.57
2026-05-19T18:36:01,187.91,1060.57
2026-05-19T18:36:06,184.13,1042.51
2026-05-19T18:36:11,184.13,1042.51
2026-05-19T18:36:16,182.71,1046.46
2026-05-19T18:36:21,182.71,1046.46
2026-05-19T18:36:26,183.81,1057.32
2026-05-19T18:36:31,183.81,1057.32
2026-05-19T18:36:36,184.15,1057.24
2026-05-19T18:36:41,184.15,1057.24
2026-05-19T18:36:46,186.29,1060.2
2026-05-19T18:36:51,186.29,1060.2
2026-05-19T18:36:56,187.64,1058.17
2026-05-19T18:37:01,187.64,1058.17
2026-05-19T18:37:06,186.7,1045.25
2026-05-19T18:37:11,186.7,1045.25
2026-05-19T18:37:16,187.2,1046.8
2026-05-19T18:37:21,187.2,1046.8
2026-05-19T18:37:26,192.6,1055.83
2026-05-19T18:37:31,192.6,1055.83
2026-05-19T18:37:36,189.73,1027.55
2026-05-19T18:37:41,189.73,1027.55
2026-05-19T18:37:46,186.31,1030.97
2026-05-19T18:37:51,186.31,1030.97
2026-05-19T18:37:56,185.92,1047.02
2026-05-19T18:38:01,185.92,1047.02
2026-05-19T18:38:06,184.45,1044.56
2026-05-19T18:38:11,184.45,1044.56
2026-05-19T18:38:16,187.85,1056.35
2026-05-19T18:38:21,187.85,1056.35
2026-05-19T18:38:26,188.2,1047.85
2026-05-19T18:38:31,188.2,1047.85
2026-05-19T18:38:36,173.38,964.23
2026-05-19T18:38:41,173.38,964.23
2026-05-19T18:38:46,163.15,921.62
2026-05-19T18:38:51,163.15,921.62
2026-05-19T18:38:56,176.16,996.29
2026-05-19T18:39:01,176.16,996.29
2026-05-19T18:39:06,177.01,975.58
2026-05-19T18:39:11,177.01,975.58
2026-05-19T18:39:16,153.7,835.19
2026-05-19T18:39:21,153.7,835.19
2026-05-19T18:39:26,151.51,843.77
2026-05-19T18:39:31,151.51,843.77
2026-05-19T18:39:36,169.71,969.35
2026-05-19T18:39:41,169.71,969.35
2026-05-19T18:39:46,176.62,999.11
2026-05-19T18:39:51,176.62,999.11
2026-05-19T18:39:56,172.72,976.9
2026-05-19T18:40:01,172.72,976.9
2026-05-19T18:40:06,161.76,914.17
2026-05-19T18:40:11,161.76,914.17
2026-05-19T18:40:16,153.43,875.12
2026-05-19T18:40:21,153.43,875.12
2026-05-19T18:40:26,154.47,889.18
2026-05-19T18:40:31,154.47,889.18
2026-05-19T18:40:36,153.99,864.54
2026-05-19T18:40:41,153.99,864.54
2026-05-19T18:40:46,149.26,829.71
2026-05-19T18:40:51,149.26,829.71
2026-05-19T18:40:56,144.76,809.54
2026-05-19T18:41:01,144.76,809.54
2026-05-19T18:41:06,138.31,781.27
2026-05-19T18:41:11,138.31,781.27
2026-05-19T18:41:16,133.72,753.31
2026-05-19T18:41:21,133.72,753.31
2026-05-19T18:41:26,128.83,719.8
2026-05-19T18:41:31,128.83,719.8
2026-05-19T18:41:36,122.93,679.6
2026-05-19T18:41:41,122.93,679.6
2026-05-19T18:41:46,116.24,642.36
2026-05-19T18:41:51,116.24,642.36
2026-05-19T18:41:56,108.2,608.5
2026-05-19T18:42:01,108.2,608.5
2026-05-19T18:42:06,101.18,573.74
2026-05-19T18:42:11,101.18,573.74
2026-05-19T18:42:16,92.97,529.21
2026-05-19T18:42:21,92.97,529.21
2026-05-19T18:42:26,86.42,489.31
2026-05-19T18:42:31,86.42,489.31
2026-05-19T18:42:36,80.82,449.26
2026-05-19T18:42:41,80.82,449.26
2026-05-19T18:42:46,73.75,410.81
2026-05-19T18:42:51,73.75,410.81
2026-05-19T18:42:56,66.08,371.51
2026-05-19T18:43:01,66.08,371.51
2026-05-19T18:43:06,57.18,320.64
2026-05-19T18:43:11,57.18,320.64
2026-05-19T18:43:16,50.4,284.31
2026-05-19T18:43:21,50.4,284.31
2026-05-19T18:43:26,43.33,253.72
2026-05-19T18:43:31,43.33,253.72
2026-05-19T18:43:36,34.62,206.93
2026-05-19T18:43:41,34.62,206.93
2026-05-19T18:43:46,25.59,152.5
2026-05-19T18:43:51,25.59,152.5
2026-05-19T18:43:56,21.76,121.12
2026-05-19T18:44:01,21.76,121.12
2026-05-19T18:44:06,18.38,92.67
2026-05-19T18:44:11,18.38,92.67
2026-05-19T18:44:16,10.47,50.98
2026-05-19T18:44:21,10.47,50.98
2026-05-19T18:44:26,3.88,16.58
2026-05-19T18:44:31,3.88,16.58
2026-05-19T18:44:36,1.54,2.58
2026-05-19T18:44:41,1.54,2.58
2026-05-19T18:44:46,1.41,3.05
2026-05-19T18:44:51,1.1,2.38
