timestamp,net_rx_kb_s,net_tx_kb_s
2026-05-19T10:21:54,0.19,0.25
2026-05-19T10:21:59,0.19,0.25
2026-05-19T10:22:04,0.3,0.34
2026-05-19T10:22:09,0.3,0.34
2026-05-19T10:22:14,0.4,0.81
2026-05-19T10:22:19,0.4,0.81
2026-05-19T10:22:24,3.74,11.05
2026-05-19T10:22:29,3.74,11.05
2026-05-19T10:22:34,11.41,37.83
2026-05-19T10:22:39,11.41,37.83
2026-05-19T10:22:44,19.53,71.82
2026-05-19T10:22:49,19.53,71.82
2026-05-19T10:22:54,27.22,112.94
2026-05-19T10:22:59,27.22,112.94
2026-05-19T10:23:04,34.59,156.56
2026-05-19T10:23:09,34.59,156.56
2026-05-19T10:23:14,42.54,195.36
2026-05-19T10:23:19,42.54,195.36
2026-05-19T10:23:24,50.26,235.78
2026-05-19T10:23:29,50.26,235.78
2026-05-19T10:23:34,58.15,287.46
2026-05-19T10:23:39,58.15,287.46
2026-05-19T10:23:44,66.18,328.09
2026-05-19T10:23:49,66.18,328.09
2026-05-19T10:23:54,73.53,362.34
2026-05-19T10:23:59,73.53,362.34
2026-05-19T10:24:04,80.53,411.91
2026-05-19T10:24:09,80.53,411.91
2026-05-19T10:24:14,87.12,447.84
2026-05-19T10:24:19,87.12,447.84
2026-05-19T10:24:24,88.39,450.61
2026-05-19T10:24:29,88.39,450.61
2026-05-19T10:24:34,109.28,496.85
2026-05-19T10:24:39,109.28,496.85
2026-05-19T10:24:44,122.98,574.83
2026-05-19T10:24:49,122.98,574.83
2026-05-19T10:24:54,117.97,615.17
2026-05-19T10:24:59,117.97,615.17
2026-05-19T10:25:04,122.26,636.58
2026-05-19T10:25:09,122.26,636.58
2026-05-19T10:25:14,129.93,682.17
2026-05-19T10:25:19,129.93,682.17
2026-05-19T10:25:24,141.56,748.86
2026-05-19T10:25:29,141.56,748.86
2026-05-19T10:25:34,147.87,776.03
2026-05-19T10:25:39,147.87,776.03
2026-05-19T10:25:44,154.46,815.4
2026-05-19T10:25:49,154.46,815.4
2026-05-19T10:25:54,162.1,867.26
2026-05-19T10:25:59,162.1,867.26
2026-05-19T10:26:04,169.08,894.62
2026-05-19T10:26:09,169.08,894.62
2026-05-19T10:26:14,176.85,938.95
2026-05-19T10:26:19,176.85,938.95
2026-05-19T10:26:24,185.32,991.75
2026-05-19T10:26:29,185.32,991.75
2026-05-19T10:26:34,187.62,1007.55
2026-05-19T10:26:39,187.62,1007.55
2026-05-19T10:26:44,194.12,1036.94
2026-05-19T10:26:49,194.12,1036.94
2026-05-19T10:26:54,205.1,1093.98
2026-05-19T10:26:59,205.1,1093.98
2026-05-19T10:27:04,203.38,1098.07
2026-05-19T10:27:09,203.38,1098.07
2026-05-19T10:27:14,209.9,1132.09
2026-05-19T10:27:19,209.9,1132.09
2026-05-19T10:27:24,218.97,1181.15
2026-05-19T10:27:29,218.97,1181.15
2026-05-19T10:27:34,208.19,1149.19
2026-05-19T10:27:39,208.19,1149.19
2026-05-19T10:27:44,206.21,1152.06
2026-05-19T10:27:49,206.21,1152.06
2026-05-19T10:27:54,216.98,1208.62
2026-05-19T10:27:59,216.98,1208.62
2026-05-19T10:28:04,212.78,1191.37
2026-05-19T10:28:09,212.78,1191.37
2026-05-19T10:28:14,210.06,1174.06
2026-05-19T10:28:19,210.06,1174.06
2026-05-19T10:28:24,218.52,1219.39
2026-05-19T10:28:29,218.52,1219.39
2026-05-19T10:28:34,222.77,1242.51
2026-05-19T10:28:39,222.77,1242.51
2026-05-19T10:28:44,223.87,1247.56
2026-05-19T10:28:49,223.87,1247.56
2026-05-19T10:28:54,215.31,1194.62
2026-05-19T10:28:59,215.31,1194.62
2026-05-19T10:29:04,208.32,1153.68
2026-05-19T10:29:09,208.32,1153.68
2026-05-19T10:29:14,201.23,1124.01
2026-05-19T10:29:19,201.23,1124.01
2026-05-19T10:29:24,204.64,1146.88
2026-05-19T10:29:29,204.64,1146.88
2026-05-19T10:29:34,215.06,1207.9
2026-05-19T10:29:39,215.06,1207.9
2026-05-19T10:29:44,217.92,1210.47
2026-05-19T10:29:49,217.92,1210.47
2026-05-19T10:29:54,219.06,1209.67
2026-05-19T10:29:59,219.06,1209.67
2026-05-19T10:30:04,202.2,1115.21
2026-05-19T10:30:09,202.2,1115.21
2026-05-19T10:30:14,176.84,987.82
2026-05-19T10:30:19,176.84,987.82
2026-05-19T10:30:24,183.44,1038.23
2026-05-19T10:30:29,183.44,1038.23
2026-05-19T10:30:34,202.54,1132.19
2026-05-19T10:30:39,202.54,1132.19
2026-05-19T10:30:44,209.88,1181.47
2026-05-19T10:30:49,209.88,1181.47
2026-05-19T10:30:54,218.83,1229.66
2026-05-19T10:30:59,218.83,1229.66
2026-05-19T10:31:04,219.0,1217.43
2026-05-19T10:31:09,219.0,1217.43
2026-05-19T10:31:14,217.1,1203.77
2026-05-19T10:31:19,217.1,1203.77
2026-05-19T10:31:24,217.51,1212.09
2026-05-19T10:31:29,217.51,1212.09
2026-05-19T10:31:34,207.97,1165.41
2026-05-19T10:31:39,207.97,1165.41
2026-05-19T10:31:44,204.59,1147.71
2026-05-19T10:31:49,204.59,1147.71
2026-05-19T10:31:54,208.94,1169.98
2026-05-19T10:31:59,208.94,1169.98
2026-05-19T10:32:04,200.89,1123.92
2026-05-19T10:32:09,200.89,1123.92
2026-05-19T10:32:14,203.42,1137.27
2026-05-19T10:32:19,203.42,1137.27
2026-05-19T10:32:24,215.03,1192.43
2026-05-19T10:32:29,215.03,1192.43
2026-05-19T10:32:34,222.89,1212.08
2026-05-19T10:32:39,222.89,1212.08
2026-05-19T10:32:44,224.74,1224.73
2026-05-19T10:32:49,224.74,1224.73
2026-05-19T10:32:54,223.01,1241.72
2026-05-19T10:32:59,223.01,1241.72
2026-05-19T10:33:04,214.67,1187.49
2026-05-19T10:33:09,214.67,1187.49
2026-05-19T10:33:14,209.8,1160.85
2026-05-19T10:33:19,209.8,1160.85
2026-05-19T10:33:24,217.41,1212.43
2026-05-19T10:33:29,217.41,1212.43
2026-05-19T10:33:34,218.23,1219.13
2026-05-19T10:33:39,218.23,1219.13
2026-05-19T10:33:44,217.18,1214.83
2026-05-19T10:33:49,217.18,1214.83
2026-05-19T10:33:54,218.23,1218.35
2026-05-19T10:33:59,218.23,1218.35
2026-05-19T10:34:04,209.12,1159.19
2026-05-19T10:34:09,209.12,1159.19
2026-05-19T10:34:14,192.06,1065.66
2026-05-19T10:34:19,192.06,1065.66
2026-05-19T10:34:24,195.32,1098.36
2026-05-19T10:34:29,195.32,1098.36
2026-05-19T10:34:34,209.48,1181.49
2026-05-19T10:34:39,209.48,1181.49
2026-05-19T10:34:44,215.21,1200.75
2026-05-19T10:34:49,215.21,1200.75
2026-05-19T10:34:54,215.95,1198.8
2026-05-19T10:34:59,215.95,1198.8
2026-05-19T10:35:04,205.98,1139.79
2026-05-19T10:35:09,205.98,1139.79
2026-05-19T10:35:14,207.6,1158.46
2026-05-19T10:35:19,207.6,1158.46
2026-05-19T10:35:24,217.36,1216.34
2026-05-19T10:35:29,217.36,1216.34
2026-05-19T10:35:34,218.5,1214.51
2026-05-19T10:35:39,218.5,1214.51
2026-05-19T10:35:44,222.5,1233.57
2026-05-19T10:35:49,222.5,1233.57
2026-05-19T10:35:54,223.86,1241.71
2026-05-19T10:35:59,223.86,1241.71
2026-05-19T10:36:04,214.62,1188.95
2026-05-19T10:36:09,214.62,1188.95
2026-05-19T10:36:14,209.69,1164.84
2026-05-19T10:36:19,209.69,1164.84
2026-05-19T10:36:24,212.78,1178.43
2026-05-19T10:36:29,212.78,1178.43
2026-05-19T10:36:34,212.81,1175.85
2026-05-19T10:36:39,212.81,1175.85
2026-05-19T10:36:44,218.49,1220.3
2026-05-19T10:36:49,218.49,1220.3
2026-05-19T10:36:54,222.98,1240.48
2026-05-19T10:36:59,222.98,1240.48
2026-05-19T10:37:04,212.32,1177.48
2026-05-19T10:37:09,212.32,1177.48
2026-05-19T10:37:14,208.23,1159.82
2026-05-19T10:37:19,208.23,1159.82
2026-05-19T10:37:24,219.82,1223.31
2026-05-19T10:37:29,219.82,1223.31
2026-05-19T10:37:34,224.53,1248.52
2026-05-19T10:37:39,224.53,1248.52
2026-05-19T10:37:44,220.75,1233.31
2026-05-19T10:37:49,220.75,1233.31
2026-05-19T10:37:54,221.49,1218.68
2026-05-19T10:37:59,221.49,1218.68
2026-05-19T10:38:04,215.15,1180.0
2026-05-19T10:38:09,215.15,1180.0
2026-05-19T10:38:14,211.19,1180.79
2026-05-19T10:38:19,211.19,1180.79
2026-05-19T10:38:24,216.96,1210.92
2026-05-19T10:38:29,216.96,1210.92
2026-05-19T10:38:34,214.63,1191.59
2026-05-19T10:38:39,214.63,1191.59
2026-05-19T10:38:44,216.78,1203.79
2026-05-19T10:38:49,216.78,1203.79
2026-05-19T10:38:54,219.79,1222.14
2026-05-19T10:38:59,219.79,1222.14
2026-05-19T10:39:04,206.5,1145.13
2026-05-19T10:39:09,206.5,1145.13
2026-05-19T10:39:14,201.8,1124.92
2026-05-19T10:39:19,201.8,1124.92
2026-05-19T10:39:24,212.22,1189.07
2026-05-19T10:39:29,212.22,1189.07
2026-05-19T10:39:34,216.69,1192.44
2026-05-19T10:39:39,216.69,1192.44
2026-05-19T10:39:44,218.51,1211.19
2026-05-19T10:39:49,218.51,1211.19
2026-05-19T10:39:54,217.73,1221.24
2026-05-19T10:39:59,217.73,1221.24
2026-05-19T10:40:04,200.21,1112.88
2026-05-19T10:40:09,200.21,1112.88
2026-05-19T10:40:14,193.92,1094.11
2026-05-19T10:40:19,193.92,1094.11
2026-05-19T10:40:24,207.68,1171.73
2026-05-19T10:40:29,207.68,1171.73
2026-05-19T10:40:34,214.52,1191.65
2026-05-19T10:40:39,214.52,1191.65
2026-05-19T10:40:44,217.42,1220.1
2026-05-19T10:40:49,217.42,1220.1
2026-05-19T10:40:54,213.6,1204.11
2026-05-19T10:40:59,213.6,1204.11
2026-05-19T10:41:04,205.1,1146.29
2026-05-19T10:41:09,205.1,1146.29
2026-05-19T10:41:14,206.6,1149.27
2026-05-19T10:41:19,206.6,1149.27
2026-05-19T10:41:24,215.19,1198.42
2026-05-19T10:41:29,215.19,1198.42
2026-05-19T10:41:34,211.6,1185.56
2026-05-19T10:41:39,211.6,1185.56
2026-05-19T10:41:44,213.71,1196.85
2026-05-19T10:41:49,213.71,1196.85
2026-05-19T10:41:54,219.36,1220.08
2026-05-19T10:41:59,219.36,1220.08
2026-05-19T10:42:04,209.0,1159.46
2026-05-19T10:42:09,209.0,1159.46
2026-05-19T10:42:14,207.73,1164.42
2026-05-19T10:42:19,207.73,1164.42
2026-05-19T10:42:24,215.5,1218.21
2026-05-19T10:42:29,215.5,1218.21
2026-05-19T10:42:34,214.44,1193.16
2026-05-19T10:42:39,214.44,1193.16
2026-05-19T10:42:44,215.24,1187.87
2026-05-19T10:42:49,215.24,1187.87
2026-05-19T10:42:54,219.53,1221.5
2026-05-19T10:42:59,219.53,1221.5
2026-05-19T10:43:04,211.74,1186.34
2026-05-19T10:43:09,211.74,1186.34
2026-05-19T10:43:14,210.43,1174.79
2026-05-19T10:43:19,210.43,1174.79
2026-05-19T10:43:24,216.9,1210.68
2026-05-19T10:43:29,216.9,1210.68
2026-05-19T10:43:34,215.9,1206.66
2026-05-19T10:43:39,215.9,1206.66
2026-05-19T10:43:44,214.52,1199.2
2026-05-19T10:43:49,214.52,1199.2
2026-05-19T10:43:54,218.72,1224.03
2026-05-19T10:43:59,218.72,1224.03
2026-05-19T10:44:04,216.89,1203.8
2026-05-19T10:44:09,216.89,1203.8
2026-05-19T10:44:14,215.15,1197.56
2026-05-19T10:44:19,215.15,1197.56
2026-05-19T10:44:24,220.91,1237.38
2026-05-19T10:44:29,220.91,1237.38
2026-05-19T10:44:34,220.38,1235.69
2026-05-19T10:44:39,220.38,1235.69
2026-05-19T10:44:44,216.02,1204.25
2026-05-19T10:44:49,216.02,1204.25
2026-05-19T10:44:54,216.84,1206.75
2026-05-19T10:44:59,216.84,1206.75
2026-05-19T10:45:04,206.99,1142.86
2026-05-19T10:45:09,206.99,1142.86
2026-05-19T10:45:14,203.92,1138.1
2026-05-19T10:45:19,203.92,1138.1
2026-05-19T10:45:24,219.82,1233.47
2026-05-19T10:45:29,219.82,1233.47
2026-05-19T10:45:34,223.14,1235.86
2026-05-19T10:45:39,223.14,1235.86
2026-05-19T10:45:44,219.05,1229.44
2026-05-19T10:45:49,219.05,1229.44
2026-05-19T10:45:54,217.28,1219.85
2026-05-19T10:45:59,217.28,1219.85
2026-05-19T10:46:04,214.45,1192.64
2026-05-19T10:46:09,214.45,1192.64
2026-05-19T10:46:14,210.33,1169.88
2026-05-19T10:46:19,210.33,1169.88
2026-05-19T10:46:24,215.83,1203.76
2026-05-19T10:46:29,215.83,1203.76
2026-05-19T10:46:34,221.7,1240.53
2026-05-19T10:46:39,221.7,1240.53
2026-05-19T10:46:44,222.65,1243.64
2026-05-19T10:46:49,222.65,1243.64
2026-05-19T10:46:54,222.91,1235.03
2026-05-19T10:46:59,222.91,1235.03
2026-05-19T10:47:04,214.78,1191.97
2026-05-19T10:47:09,214.78,1191.97
2026-05-19T10:47:14,209.79,1170.38
2026-05-19T10:47:19,209.79,1170.38
2026-05-19T10:47:24,214.34,1194.88
2026-05-19T10:47:29,214.34,1194.88
2026-05-19T10:47:34,215.78,1206.29
2026-05-19T10:47:39,215.78,1206.29
2026-05-19T10:47:44,215.23,1200.35
2026-05-19T10:47:49,215.23,1200.35
2026-05-19T10:47:54,218.72,1212.88
2026-05-19T10:47:59,218.72,1212.88
2026-05-19T10:48:04,218.83,1205.28
2026-05-19T10:48:09,218.83,1205.28
2026-05-19T10:48:14,218.07,1206.88
2026-05-19T10:48:19,218.07,1206.88
2026-05-19T10:48:24,222.7,1233.66
2026-05-19T10:48:29,222.7,1233.66
2026-05-19T10:48:34,222.47,1230.28
2026-05-19T10:48:39,222.47,1230.28
2026-05-19T10:48:44,216.01,1190.36
2026-05-19T10:48:49,216.01,1190.36
2026-05-19T10:48:54,210.31,1163.71
2026-05-19T10:48:59,210.31,1163.71
2026-05-19T10:49:04,200.56,1119.77
2026-05-19T10:49:09,200.56,1119.77
2026-05-19T10:49:14,202.25,1121.53
2026-05-19T10:49:19,202.25,1121.53
2026-05-19T10:49:24,215.88,1192.14
2026-05-19T10:49:29,215.88,1192.14
2026-05-19T10:49:34,216.84,1201.28
2026-05-19T10:49:39,216.84,1201.28
2026-05-19T10:49:44,216.68,1214.91
2026-05-19T10:49:49,216.68,1214.91
2026-05-19T10:49:54,220.72,1219.91
2026-05-19T10:49:59,220.72,1219.91
2026-05-19T10:50:04,206.55,1122.99
2026-05-19T10:50:09,206.55,1122.99
2026-05-19T10:50:14,186.82,1036.1
2026-05-19T10:50:19,186.82,1036.1
2026-05-19T10:50:24,187.2,1057.59
2026-05-19T10:50:29,187.2,1057.59
2026-05-19T10:50:34,197.5,1100.69
2026-05-19T10:50:39,197.5,1100.69
2026-05-19T10:50:44,207.12,1148.91
2026-05-19T10:50:49,207.12,1148.91
2026-05-19T10:50:54,214.11,1189.59
2026-05-19T10:50:59,214.11,1189.59
2026-05-19T10:51:04,208.69,1156.3
2026-05-19T10:51:09,208.69,1156.3
2026-05-19T10:51:14,201.32,1124.11
2026-05-19T10:51:19,201.32,1124.11
2026-05-19T10:51:24,212.41,1181.7
2026-05-19T10:51:29,212.41,1181.7
2026-05-19T10:51:34,223.65,1233.75
2026-05-19T10:51:39,223.65,1233.75
2026-05-19T10:51:44,223.69,1241.37
2026-05-19T10:51:49,223.69,1241.37
2026-05-19T10:51:54,223.2,1241.57
2026-05-19T10:51:59,223.2,1241.57
2026-05-19T10:52:04,213.77,1179.08
2026-05-19T10:52:09,213.77,1179.08
2026-05-19T10:52:14,209.1,1158.7
2026-05-19T10:52:19,209.1,1158.7
2026-05-19T10:52:24,218.39,1217.33
2026-05-19T10:52:29,218.39,1217.33
2026-05-19T10:52:34,216.29,1202.69
2026-05-19T10:52:39,216.29,1202.69
2026-05-19T10:52:44,212.7,1183.27
2026-05-19T10:52:49,212.7,1183.27
2026-05-19T10:52:54,217.07,1209.27
2026-05-19T10:52:59,217.07,1209.27
2026-05-19T10:53:04,217.28,1208.19
2026-05-19T10:53:09,217.28,1208.19
2026-05-19T10:53:14,219.48,1216.46
2026-05-19T10:53:19,219.48,1216.46
2026-05-19T10:53:24,222.32,1228.23
2026-05-19T10:53:29,222.32,1228.23
2026-05-19T10:53:34,220.98,1233.3
2026-05-19T10:53:39,220.98,1233.3
2026-05-19T10:53:44,210.75,1183.59
2026-05-19T10:53:49,210.75,1183.59
2026-05-19T10:53:54,212.21,1175.85
2026-05-19T10:53:59,212.21,1175.85
2026-05-19T10:54:04,214.26,1187.09
2026-05-19T10:54:09,214.26,1187.09
2026-05-19T10:54:14,208.51,1168.12
2026-05-19T10:54:19,208.51,1168.12
2026-05-19T10:54:24,211.17,1188.31
2026-05-19T10:54:29,211.17,1188.31
2026-05-19T10:54:34,214.46,1191.97
2026-05-19T10:54:39,214.46,1191.97
2026-05-19T10:54:44,212.34,1185.15
2026-05-19T10:54:49,212.34,1185.15
2026-05-19T10:54:54,212.22,1197.67
2026-05-19T10:54:59,212.22,1197.67
2026-05-19T10:55:04,209.17,1154.6
2026-05-19T10:55:09,209.17,1154.6
2026-05-19T10:55:14,207.13,1148.49
2026-05-19T10:55:19,207.13,1148.49
2026-05-19T10:55:24,213.66,1197.55
2026-05-19T10:55:29,213.66,1197.55
2026-05-19T10:55:34,212.64,1178.87
2026-05-19T10:55:39,212.64,1178.87
2026-05-19T10:55:44,209.92,1170.25
2026-05-19T10:55:49,209.92,1170.25
2026-05-19T10:55:54,214.79,1209.5
2026-05-19T10:55:59,214.79,1209.5
2026-05-19T10:56:04,217.58,1215.42
2026-05-19T10:56:09,217.58,1215.42
2026-05-19T10:56:14,216.2,1194.61
2026-05-19T10:56:19,216.2,1194.61
2026-05-19T10:56:24,221.0,1220.32
2026-05-19T10:56:29,221.0,1220.32
2026-05-19T10:56:34,220.87,1237.8
2026-05-19T10:56:39,220.87,1237.8
2026-05-19T10:56:44,219.72,1237.37
2026-05-19T10:56:49,219.72,1237.37
2026-05-19T10:56:54,221.57,1225.67
2026-05-19T10:56:59,221.57,1225.67
2026-05-19T10:57:04,211.03,1163.96
2026-05-19T10:57:09,211.03,1163.96
2026-05-19T10:57:14,208.01,1148.51
2026-05-19T10:57:19,208.01,1148.51
2026-05-19T10:57:24,214.33,1203.35
2026-05-19T10:57:29,214.33,1203.35
2026-05-19T10:57:34,212.86,1204.63
2026-05-19T10:57:39,212.86,1204.63
2026-05-19T10:57:44,216.71,1202.05
2026-05-19T10:57:49,216.71,1202.05
2026-05-19T10:57:54,221.25,1214.51
2026-05-19T10:57:59,221.25,1214.51
2026-05-19T10:58:04,213.68,1179.93
2026-05-19T10:58:09,213.68,1179.93
2026-05-19T10:58:14,209.63,1174.12
2026-05-19T10:58:19,209.63,1174.12
2026-05-19T10:58:24,216.66,1213.02
2026-05-19T10:58:29,216.66,1213.02
2026-05-19T10:58:34,215.78,1205.37
2026-05-19T10:58:39,215.78,1205.37
2026-05-19T10:58:44,216.33,1212.26
2026-05-19T10:58:49,216.33,1212.26
2026-05-19T10:58:54,218.77,1226.67
2026-05-19T10:58:59,218.77,1226.67
2026-05-19T10:59:04,215.34,1206.63
2026-05-19T10:59:09,215.34,1206.63
2026-05-19T10:59:14,215.74,1207.12
2026-05-19T10:59:19,215.74,1207.12
2026-05-19T10:59:24,221.16,1226.44
2026-05-19T10:59:29,221.16,1226.44
2026-05-19T10:59:34,219.79,1225.59
2026-05-19T10:59:39,219.79,1225.59
2026-05-19T10:59:44,210.26,1196.29
2026-05-19T10:59:49,210.26,1196.29
2026-05-19T10:59:54,214.18,1199.1
2026-05-19T10:59:59,214.18,1199.1
2026-05-19T11:00:04,206.64,1119.78
2026-05-19T11:00:09,206.64,1119.78
2026-05-19T11:00:14,174.57,1020.44
2026-05-19T11:00:19,174.57,1020.44
2026-05-19T11:00:24,162.94,1000.76
2026-05-19T11:00:29,162.94,1000.76
2026-05-19T11:00:34,174.73,1034.77
2026-05-19T11:00:39,174.73,1034.77
2026-05-19T11:00:44,187.15,1117.73
2026-05-19T11:00:49,187.15,1117.73
2026-05-19T11:00:54,192.37,1129.92
2026-05-19T11:00:59,192.37,1129.92
2026-05-19T11:01:04,189.82,1106.82
2026-05-19T11:01:09,189.82,1106.82
2026-05-19T11:01:14,173.19,1035.42
2026-05-19T11:01:19,173.19,1035.42
2026-05-19T11:01:24,187.34,1023.11
2026-05-19T11:01:29,187.34,1023.11
2026-05-19T11:01:34,200.76,1092.09
2026-05-19T11:01:39,200.76,1092.09
2026-05-19T11:01:44,182.3,1096.27
2026-05-19T11:01:49,182.3,1096.27
2026-05-19T11:01:54,181.44,1091.78
2026-05-19T11:01:59,181.44,1091.78
2026-05-19T11:02:04,183.15,1082.2
2026-05-19T11:02:09,183.15,1082.2
2026-05-19T11:02:14,179.34,1063.37
2026-05-19T11:02:19,179.34,1063.37
2026-05-19T11:02:24,179.27,1071.05
2026-05-19T11:02:29,179.27,1071.05
2026-05-19T11:02:34,185.56,1098.1
2026-05-19T11:02:39,185.56,1098.1
2026-05-19T11:02:44,185.43,1092.35
2026-05-19T11:02:49,185.43,1092.35
2026-05-19T11:02:54,182.44,1073.56
2026-05-19T11:02:59,182.44,1073.56
2026-05-19T11:03:04,178.83,1056.87
2026-05-19T11:03:09,178.83,1056.87
2026-05-19T11:03:14,178.43,1054.9
2026-05-19T11:03:19,178.43,1054.9
2026-05-19T11:03:24,187.15,1113.93
2026-05-19T11:03:29,187.15,1113.93
2026-05-19T11:03:34,185.46,1118.95
2026-05-19T11:03:39,185.46,1118.95
2026-05-19T11:03:44,178.26,1078.67
2026-05-19T11:03:49,178.26,1078.67
2026-05-19T11:03:54,176.24,1061.05
2026-05-19T11:03:59,176.24,1061.05
2026-05-19T11:04:04,178.95,1068.44
2026-05-19T11:04:09,178.95,1068.44
2026-05-19T11:04:14,180.38,1090.54
2026-05-19T11:04:19,180.38,1090.54
2026-05-19T11:04:24,179.5,1081.8
2026-05-19T11:04:29,179.5,1081.8
2026-05-19T11:04:34,176.21,1057.4
2026-05-19T11:04:39,176.21,1057.4
2026-05-19T11:04:44,173.74,1052.9
2026-05-19T11:04:49,173.74,1052.9
2026-05-19T11:04:54,177.95,1064.52
2026-05-19T11:04:59,177.95,1064.52
2026-05-19T11:05:04,179.07,1052.59
2026-05-19T11:05:09,179.07,1052.59
2026-05-19T11:05:14,163.61,976.04
2026-05-19T11:05:19,163.61,976.04
2026-05-19T11:05:24,168.71,1006.79
2026-05-19T11:05:29,168.71,1006.79
2026-05-19T11:05:34,187.87,1108.24
2026-05-19T11:05:39,187.87,1108.24
2026-05-19T11:05:44,177.3,1011.25
2026-05-19T11:05:49,177.3,1011.25
2026-05-19T11:05:54,168.49,950.49
2026-05-19T11:05:59,168.49,950.49
2026-05-19T11:06:04,173.2,1024.99
2026-05-19T11:06:09,173.2,1024.99
2026-05-19T11:06:14,177.84,1065.52
2026-05-19T11:06:19,177.84,1065.52
2026-05-19T11:06:24,179.54,1082.06
2026-05-19T11:06:29,179.54,1082.06
2026-05-19T11:06:34,166.17,982.25
2026-05-19T11:06:39,166.17,982.25
2026-05-19T11:06:44,166.33,975.97
2026-05-19T11:06:49,166.33,975.97
2026-05-19T11:06:54,179.46,1074.37
2026-05-19T11:06:59,179.46,1074.37
2026-05-19T11:07:04,180.06,1066.24
2026-05-19T11:07:09,180.06,1066.24
2026-05-19T11:07:14,182.5,1068.85
2026-05-19T11:07:19,182.5,1068.85
2026-05-19T11:07:24,182.99,1076.06
2026-05-19T11:07:29,182.99,1076.06
2026-05-19T11:07:34,178.96,1061.36
2026-05-19T11:07:39,178.96,1061.36
2026-05-19T11:07:44,178.76,1064.61
2026-05-19T11:07:49,178.76,1064.61
2026-05-19T11:07:54,180.13,1076.7
2026-05-19T11:07:59,180.13,1076.7
2026-05-19T11:08:04,177.09,1069.07
2026-05-19T11:08:09,177.09,1069.07
2026-05-19T11:08:14,178.11,1062.23
2026-05-19T11:08:19,178.11,1062.23
2026-05-19T11:08:24,178.91,1056.83
2026-05-19T11:08:29,178.91,1056.83
2026-05-19T11:08:34,179.89,1064.98
2026-05-19T11:08:39,179.89,1064.98
2026-05-19T11:08:44,181.54,1079.1
2026-05-19T11:08:49,181.54,1079.1
2026-05-19T11:08:54,179.04,1069.51
2026-05-19T11:08:59,179.04,1069.51
2026-05-19T11:09:04,172.85,1018.26
2026-05-19T11:09:09,172.85,1018.26
2026-05-19T11:09:14,168.89,1024.05
2026-05-19T11:09:19,168.89,1024.05
2026-05-19T11:09:24,171.99,1070.65
2026-05-19T11:09:29,171.99,1070.65
2026-05-19T11:09:34,174.99,1071.44
2026-05-19T11:09:39,174.99,1071.44
2026-05-19T11:09:44,175.91,1075.6
2026-05-19T11:09:49,175.91,1075.6
2026-05-19T11:09:54,170.58,1051.94
2026-05-19T11:09:59,170.58,1051.94
2026-05-19T11:10:04,158.06,991.21
2026-05-19T11:10:09,158.06,991.21
2026-05-19T11:10:14,154.46,964.42
2026-05-19T11:10:19,154.46,964.42
2026-05-19T11:10:24,161.51,991.1
2026-05-19T11:10:29,161.51,991.1
2026-05-19T11:10:34,168.98,1029.2
2026-05-19T11:10:39,168.98,1029.2
2026-05-19T11:10:44,171.31,1048.72
2026-05-19T11:10:49,171.31,1048.72
2026-05-19T11:10:54,169.87,1043.3
2026-05-19T11:10:59,169.87,1043.3
2026-05-19T11:11:04,170.46,1038.06
2026-05-19T11:11:09,170.46,1038.06
2026-05-19T11:11:14,164.77,1015.17
2026-05-19T11:11:19,164.77,1015.17
2026-05-19T11:11:24,161.93,1004.12
2026-05-19T11:11:29,161.93,1004.12
2026-05-19T11:11:34,170.1,1039.34
2026-05-19T11:11:39,170.1,1039.34
2026-05-19T11:11:44,175.11,1061.03
2026-05-19T11:11:49,175.11,1061.03
2026-05-19T11:11:54,177.57,1080.59
2026-05-19T11:11:59,177.57,1080.59
2026-05-19T11:12:04,181.03,1083.02
2026-05-19T11:12:09,181.03,1083.02
2026-05-19T11:12:14,187.24,1099.7
2026-05-19T11:12:19,187.24,1099.7
2026-05-19T11:12:24,188.78,1124.9
2026-05-19T11:12:29,188.78,1124.9
2026-05-19T11:12:34,182.18,1026.41
2026-05-19T11:12:39,182.18,1026.41
2026-05-19T11:12:44,200.09,1080.42
2026-05-19T11:12:49,200.09,1080.42
2026-05-19T11:12:54,220.53,1217.47
2026-05-19T11:12:59,220.53,1217.47
2026-05-19T11:13:04,212.85,1171.32
2026-05-19T11:13:09,212.85,1171.32
2026-05-19T11:13:14,211.75,1161.14
2026-05-19T11:13:19,211.75,1161.14
2026-05-19T11:13:24,215.52,1205.58
2026-05-19T11:13:29,215.52,1205.58
2026-05-19T11:13:34,219.23,1236.72
2026-05-19T11:13:39,219.23,1236.72
2026-05-19T11:13:44,221.58,1227.68
2026-05-19T11:13:49,221.58,1227.68
2026-05-19T11:13:54,221.13,1218.86
2026-05-19T11:13:59,221.13,1218.86
2026-05-19T11:14:04,214.24,1195.87
2026-05-19T11:14:09,214.24,1195.87
2026-05-19T11:14:14,210.0,1179.78
2026-05-19T11:14:19,210.0,1179.78
2026-05-19T11:14:24,215.17,1190.76
2026-05-19T11:14:29,215.17,1190.76
2026-05-19T11:14:34,214.09,1192.53
2026-05-19T11:14:39,214.09,1192.53
2026-05-19T11:14:44,217.22,1211.28
2026-05-19T11:14:49,217.22,1211.28
2026-05-19T11:14:54,219.68,1224.13
2026-05-19T11:14:59,219.68,1224.13
2026-05-19T11:15:04,207.92,1148.34
2026-05-19T11:15:09,207.92,1148.34
2026-05-19T11:15:14,200.23,1100.06
2026-05-19T11:15:19,200.23,1100.06
2026-05-19T11:15:24,209.51,1162.77
2026-05-19T11:15:29,209.51,1162.77
2026-05-19T11:15:34,216.46,1192.1
2026-05-19T11:15:39,216.46,1192.1
2026-05-19T11:15:44,221.62,1243.8
2026-05-19T11:15:49,221.62,1243.8
2026-05-19T11:15:54,220.74,1232.12
2026-05-19T11:15:59,220.74,1232.12
2026-05-19T11:16:04,208.64,1138.82
2026-05-19T11:16:09,208.64,1138.82
2026-05-19T11:16:14,202.08,1116.41
2026-05-19T11:16:19,202.08,1116.41
2026-05-19T11:16:24,207.14,1145.53
2026-05-19T11:16:29,207.14,1145.53
2026-05-19T11:16:34,212.54,1176.44
2026-05-19T11:16:39,212.54,1176.44
2026-05-19T11:16:44,218.25,1224.67
2026-05-19T11:16:49,218.25,1224.67
2026-05-19T11:16:54,224.53,1243.7
2026-05-19T11:16:59,224.53,1243.7
2026-05-19T11:17:04,217.27,1196.6
2026-05-19T11:17:09,217.27,1196.6
2026-05-19T11:17:14,215.86,1196.63
2026-05-19T11:17:19,215.86,1196.63
2026-05-19T11:17:24,220.42,1217.26
2026-05-19T11:17:29,220.42,1217.26
2026-05-19T11:17:34,212.51,1178.91
2026-05-19T11:17:39,212.51,1178.91
2026-05-19T11:17:44,212.75,1182.54
2026-05-19T11:17:49,212.75,1182.54
2026-05-19T11:17:54,217.44,1206.22
2026-05-19T11:17:59,217.44,1206.22
2026-05-19T11:18:04,209.08,1159.83
2026-05-19T11:18:09,209.08,1159.83
2026-05-19T11:18:14,212.57,1175.14
2026-05-19T11:18:19,212.57,1175.14
2026-05-19T11:18:24,220.4,1206.57
2026-05-19T11:18:29,220.4,1206.57
2026-05-19T11:18:34,204.44,1135.54
2026-05-19T11:18:39,204.44,1135.54
2026-05-19T11:18:44,202.35,1113.0
2026-05-19T11:18:49,202.35,1113.0
2026-05-19T11:18:54,211.67,1161.03
2026-05-19T11:18:59,211.67,1161.03
2026-05-19T11:19:04,202.87,1140.67
2026-05-19T11:19:09,202.87,1140.67
2026-05-19T11:19:14,197.53,1109.66
2026-05-19T11:19:19,197.53,1109.66
2026-05-19T11:19:24,205.93,1149.56
2026-05-19T11:19:29,205.93,1149.56
2026-05-19T11:19:34,213.31,1183.25
2026-05-19T11:19:39,213.31,1183.25
2026-05-19T11:19:44,214.9,1191.82
2026-05-19T11:19:49,214.9,1191.82
2026-05-19T11:19:54,215.13,1205.07
2026-05-19T11:19:59,215.13,1205.07
2026-05-19T11:20:04,203.0,1129.78
2026-05-19T11:20:09,203.0,1129.78
2026-05-19T11:20:14,188.2,1041.05
2026-05-19T11:20:19,188.2,1041.05
2026-05-19T11:20:24,199.9,1117.73
2026-05-19T11:20:29,199.9,1117.73
2026-05-19T11:20:34,214.49,1191.51
2026-05-19T11:20:39,214.49,1191.51
2026-05-19T11:20:44,218.89,1216.97
2026-05-19T11:20:49,218.89,1216.97
2026-05-19T11:20:54,219.41,1232.16
2026-05-19T11:20:59,219.41,1232.16
2026-05-19T11:21:04,208.86,1165.17
2026-05-19T11:21:09,208.86,1165.17
2026-05-19T11:21:14,209.51,1161.27
2026-05-19T11:21:19,209.51,1161.27
2026-05-19T11:21:24,215.72,1197.36
2026-05-19T11:21:29,215.72,1197.36
2026-05-19T11:21:34,211.89,1176.3
2026-05-19T11:21:39,211.89,1176.3
2026-05-19T11:21:44,214.03,1189.73
2026-05-19T11:21:49,214.03,1189.73
2026-05-19T11:21:54,199.95,1112.75
2026-05-19T11:21:59,199.95,1112.75
2026-05-19T11:22:04,180.05,1008.12
2026-05-19T11:22:09,180.05,1008.12
2026-05-19T11:22:14,186.15,1038.93
2026-05-19T11:22:19,186.15,1038.93
2026-05-19T11:22:24,198.28,1109.28
2026-05-19T11:22:29,198.28,1109.28
2026-05-19T11:22:34,206.52,1150.87
2026-05-19T11:22:39,206.52,1150.87
2026-05-19T11:22:44,212.2,1153.91
2026-05-19T11:22:49,212.2,1153.91
2026-05-19T11:22:54,210.32,1139.79
2026-05-19T11:22:59,210.32,1139.79
2026-05-19T11:23:04,204.82,1144.87
2026-05-19T11:23:09,204.82,1144.87
2026-05-19T11:23:14,193.46,1086.69
2026-05-19T11:23:19,193.46,1086.69
2026-05-19T11:23:24,196.46,1091.37
2026-05-19T11:23:29,196.46,1091.37
2026-05-19T11:23:34,203.96,1127.22
2026-05-19T11:23:39,203.96,1127.22
2026-05-19T11:23:44,191.53,1062.48
2026-05-19T11:23:49,191.53,1062.48
2026-05-19T11:23:54,187.08,1057.82
2026-05-19T11:23:59,187.08,1057.82
2026-05-19T11:24:04,191.75,1076.68
2026-05-19T11:24:09,191.75,1076.68
2026-05-19T11:24:14,199.05,1112.61
2026-05-19T11:24:19,199.05,1112.61
2026-05-19T11:24:24,208.97,1159.92
2026-05-19T11:24:29,208.97,1159.92
2026-05-19T11:24:34,206.51,1140.09
2026-05-19T11:24:39,206.51,1140.09
2026-05-19T11:24:44,198.34,1113.48
2026-05-19T11:24:49,198.34,1113.48
2026-05-19T11:24:54,207.38,1162.67
2026-05-19T11:24:59,207.38,1162.67
2026-05-19T11:25:04,203.79,1127.06
2026-05-19T11:25:09,203.79,1127.06
2026-05-19T11:25:14,200.24,1109.05
2026-05-19T11:25:19,200.24,1109.05
2026-05-19T11:25:24,214.8,1200.56
2026-05-19T11:25:29,214.8,1200.56
2026-05-19T11:25:34,215.13,1204.79
2026-05-19T11:25:39,215.13,1204.79
2026-05-19T11:25:44,211.48,1185.61
2026-05-19T11:25:49,211.48,1185.61
2026-05-19T11:25:54,201.4,1133.36
2026-05-19T11:25:59,201.4,1133.36
2026-05-19T11:26:04,190.47,1061.86
2026-05-19T11:26:09,190.47,1061.86
2026-05-19T11:26:14,191.63,1063.18
2026-05-19T11:26:19,191.63,1063.18
2026-05-19T11:26:24,201.49,1119.61
2026-05-19T11:26:29,201.49,1119.61
2026-05-19T11:26:34,202.16,1123.24
2026-05-19T11:26:39,202.16,1123.24
2026-05-19T11:26:44,198.76,1105.95
2026-05-19T11:26:49,198.76,1105.95
2026-05-19T11:26:54,197.96,1098.09
2026-05-19T11:26:59,197.96,1098.09
2026-05-19T11:27:04,188.1,1053.92
2026-05-19T11:27:09,188.1,1053.92
2026-05-19T11:27:14,194.52,1100.35
2026-05-19T11:27:19,194.52,1100.35
2026-05-19T11:27:24,207.63,1161.8
2026-05-19T11:27:29,207.63,1161.8
2026-05-19T11:27:34,204.15,1134.34
2026-05-19T11:27:39,204.15,1134.34
2026-05-19T11:27:44,201.91,1127.07
2026-05-19T11:27:49,201.91,1127.07
2026-05-19T11:27:54,206.65,1144.16
2026-05-19T11:27:59,206.65,1144.16
2026-05-19T11:28:04,201.44,1108.75
2026-05-19T11:28:09,201.44,1108.75
2026-05-19T11:28:14,198.81,1116.33
2026-05-19T11:28:19,198.81,1116.33
2026-05-19T11:28:24,206.53,1158.97
2026-05-19T11:28:29,206.53,1158.97
2026-05-19T11:28:34,202.4,1120.94
2026-05-19T11:28:39,202.4,1120.94
2026-05-19T11:28:44,195.85,1091.01
2026-05-19T11:28:49,195.85,1091.01
2026-05-19T11:28:54,194.06,1081.08
2026-05-19T11:28:59,194.06,1081.08
2026-05-19T11:29:04,188.19,1035.35
2026-05-19T11:29:09,188.19,1035.35
2026-05-19T11:29:14,188.37,1034.34
2026-05-19T11:29:19,188.37,1034.34
2026-05-19T11:29:24,195.84,1087.76
2026-05-19T11:29:29,195.84,1087.76
2026-05-19T11:29:34,191.48,1068.93
2026-05-19T11:29:39,191.48,1068.93
2026-05-19T11:29:44,195.57,1096.32
2026-05-19T11:29:49,195.57,1096.32
2026-05-19T11:29:54,205.2,1145.93
2026-05-19T11:29:59,205.2,1145.93
2026-05-19T11:30:04,190.0,1035.44
2026-05-19T11:30:09,190.0,1035.44
2026-05-19T11:30:14,166.41,913.34
2026-05-19T11:30:19,166.41,913.34
2026-05-19T11:30:24,175.31,996.46
2026-05-19T11:30:29,175.31,996.46
2026-05-19T11:30:34,193.52,1083.12
2026-05-19T11:30:39,193.52,1083.12
2026-05-19T11:30:44,194.38,1074.29
2026-05-19T11:30:49,194.38,1074.29
2026-05-19T11:30:54,205.49,1136.94
2026-05-19T11:30:59,205.49,1136.94
2026-05-19T11:31:04,197.57,1092.3
2026-05-19T11:31:09,197.57,1092.3
2026-05-19T11:31:14,187.3,1048.62
2026-05-19T11:31:19,187.3,1048.62
2026-05-19T11:31:24,192.77,1081.87
2026-05-19T11:31:29,192.77,1081.87
2026-05-19T11:31:34,193.84,1077.72
2026-05-19T11:31:39,193.84,1077.72
2026-05-19T11:31:44,201.23,1108.41
2026-05-19T11:31:49,201.23,1108.41
2026-05-19T11:31:54,214.32,1193.44
2026-05-19T11:31:59,214.32,1193.44
2026-05-19T11:32:04,215.93,1211.88
2026-05-19T11:32:09,215.93,1211.88
2026-05-19T11:32:14,214.64,1183.4
2026-05-19T11:32:19,214.64,1183.4
2026-05-19T11:32:24,221.53,1217.78
2026-05-19T11:32:29,221.53,1217.78
2026-05-19T11:32:34,214.84,1193.64
2026-05-19T11:32:39,214.84,1193.64
2026-05-19T11:32:44,209.12,1171.26
2026-05-19T11:32:49,209.12,1171.26
2026-05-19T11:32:54,214.11,1193.23
2026-05-19T11:32:59,214.11,1193.23
2026-05-19T11:33:04,207.05,1130.35
2026-05-19T11:33:09,207.05,1130.35
2026-05-19T11:33:14,208.22,1149.08
2026-05-19T11:33:19,208.22,1149.08
2026-05-19T11:33:24,215.28,1210.39
2026-05-19T11:33:29,215.28,1210.39
2026-05-19T11:33:34,213.36,1189.65
2026-05-19T11:33:39,213.36,1189.65
2026-05-19T11:33:44,213.62,1185.54
2026-05-19T11:33:49,213.62,1185.54
2026-05-19T11:33:54,214.3,1190.83
2026-05-19T11:33:59,214.3,1190.83
2026-05-19T11:34:04,206.11,1144.38
2026-05-19T11:34:09,206.11,1144.38
2026-05-19T11:34:14,202.45,1127.36
2026-05-19T11:34:19,202.45,1127.36
2026-05-19T11:34:24,212.31,1186.1
2026-05-19T11:34:29,212.31,1186.1
2026-05-19T11:34:34,217.17,1213.35
2026-05-19T11:34:39,217.17,1213.35
2026-05-19T11:34:44,210.91,1180.99
2026-05-19T11:34:49,210.91,1180.99
2026-05-19T11:34:54,191.38,1077.12
2026-05-19T11:34:59,191.38,1077.12
2026-05-19T11:35:04,186.13,1032.7
2026-05-19T11:35:09,186.13,1032.7
2026-05-19T11:35:14,193.67,1078.02
2026-05-19T11:35:19,193.67,1078.02
2026-05-19T11:35:24,202.44,1128.58
2026-05-19T11:35:29,202.44,1128.58
2026-05-19T11:35:34,206.48,1144.04
2026-05-19T11:35:39,206.48,1144.04
2026-05-19T11:35:44,206.8,1158.3
2026-05-19T11:35:49,206.8,1158.3
2026-05-19T11:35:54,211.96,1178.58
2026-05-19T11:35:59,211.96,1178.58
2026-05-19T11:36:04,203.39,1121.76
2026-05-19T11:36:09,203.39,1121.76
2026-05-19T11:36:14,205.11,1146.67
2026-05-19T11:36:19,205.11,1146.67
2026-05-19T11:36:24,216.8,1195.44
2026-05-19T11:36:29,216.8,1195.44
2026-05-19T11:36:34,210.09,1161.16
2026-05-19T11:36:39,210.09,1161.16
2026-05-19T11:36:44,199.32,1125.13
2026-05-19T11:36:49,199.32,1125.13
2026-05-19T11:36:54,204.75,1152.24
2026-05-19T11:36:59,204.75,1152.24
2026-05-19T11:37:04,205.69,1156.56
2026-05-19T11:37:09,205.69,1156.56
2026-05-19T11:37:14,203.96,1136.97
2026-05-19T11:37:19,203.96,1136.97
2026-05-19T11:37:24,216.61,1183.05
2026-05-19T11:37:29,216.61,1183.05
2026-05-19T11:37:34,215.41,1193.05
2026-05-19T11:37:39,215.41,1193.05
2026-05-19T11:37:44,212.77,1200.39
2026-05-19T11:37:49,212.77,1200.39
2026-05-19T11:37:54,216.85,1209.84
2026-05-19T11:37:59,216.85,1209.84
2026-05-19T11:38:04,209.13,1155.71
2026-05-19T11:38:09,209.13,1155.71
2026-05-19T11:38:14,198.89,1101.76
2026-05-19T11:38:19,198.89,1101.76
2026-05-19T11:38:24,206.43,1160.03
2026-05-19T11:38:29,206.43,1160.03
2026-05-19T11:38:34,218.25,1220.76
2026-05-19T11:38:39,218.25,1220.76
2026-05-19T11:38:44,220.01,1227.0
2026-05-19T11:38:49,220.01,1227.0
2026-05-19T11:38:54,222.41,1227.89
2026-05-19T11:38:59,222.41,1227.89
2026-05-19T11:39:04,206.81,1134.15
2026-05-19T11:39:09,206.81,1134.15
2026-05-19T11:39:14,197.79,1112.39
2026-05-19T11:39:19,197.79,1112.39
2026-05-19T11:39:24,210.83,1184.47
2026-05-19T11:39:29,210.83,1184.47
2026-05-19T11:39:34,220.27,1218.02
2026-05-19T11:39:39,220.27,1218.02
2026-05-19T11:39:44,223.82,1248.27
2026-05-19T11:39:49,223.82,1248.27
2026-05-19T11:39:54,219.41,1225.7
2026-05-19T11:39:59,219.41,1225.7
2026-05-19T11:40:04,205.21,1133.53
2026-05-19T11:40:09,205.21,1133.53
2026-05-19T11:40:14,196.82,1095.26
2026-05-19T11:40:19,196.82,1095.26
2026-05-19T11:40:24,206.22,1160.04
2026-05-19T11:40:29,206.22,1160.04
2026-05-19T11:40:34,215.71,1191.78
2026-05-19T11:40:39,215.71,1191.78
2026-05-19T11:40:44,220.6,1228.35
2026-05-19T11:40:49,220.6,1228.35
2026-05-19T11:40:54,224.21,1251.33
2026-05-19T11:40:59,224.21,1251.33
2026-05-19T11:41:04,216.65,1197.75
2026-05-19T11:41:09,216.65,1197.75
2026-05-19T11:41:14,215.59,1190.76
2026-05-19T11:41:19,215.59,1190.76
2026-05-19T11:41:24,221.22,1219.55
2026-05-19T11:41:29,221.22,1219.55
2026-05-19T11:41:34,220.14,1221.46
2026-05-19T11:41:39,220.14,1221.46
2026-05-19T11:41:44,220.45,1224.27
2026-05-19T11:41:49,220.45,1224.27
2026-05-19T11:41:54,218.65,1211.58
2026-05-19T11:41:59,218.65,1211.58
2026-05-19T11:42:04,207.39,1140.97
2026-05-19T11:42:09,207.39,1140.97
2026-05-19T11:42:14,204.33,1131.91
2026-05-19T11:42:19,204.33,1131.91
2026-05-19T11:42:24,212.28,1186.31
2026-05-19T11:42:29,212.28,1186.31
2026-05-19T11:42:34,212.32,1184.07
2026-05-19T11:42:39,212.32,1184.07
2026-05-19T11:42:44,214.86,1187.95
2026-05-19T11:42:49,214.86,1187.95
2026-05-19T11:42:54,219.5,1214.48
2026-05-19T11:42:59,219.5,1214.48
2026-05-19T11:43:04,217.35,1204.0
2026-05-19T11:43:09,217.35,1204.0
2026-05-19T11:43:14,218.08,1204.76
2026-05-19T11:43:19,218.08,1204.76
2026-05-19T11:43:24,218.03,1206.92
2026-05-19T11:43:29,218.03,1206.92
2026-05-19T11:43:34,217.01,1209.33
2026-05-19T11:43:39,217.01,1209.33
2026-05-19T11:43:44,218.21,1213.83
2026-05-19T11:43:49,218.21,1213.83
2026-05-19T11:43:54,209.94,1158.84
2026-05-19T11:43:59,209.94,1158.84
2026-05-19T11:44:04,205.63,1143.25
2026-05-19T11:44:09,205.63,1143.25
2026-05-19T11:44:14,212.22,1180.1
2026-05-19T11:44:19,212.22,1180.1
2026-05-19T11:44:24,213.73,1183.29
2026-05-19T11:44:29,213.73,1183.29
2026-05-19T11:44:34,213.56,1188.89
2026-05-19T11:44:39,213.56,1188.89
2026-05-19T11:44:44,219.74,1221.12
2026-05-19T11:44:49,219.74,1221.12
2026-05-19T11:44:54,217.15,1195.83
2026-05-19T11:44:59,217.15,1195.83
2026-05-19T11:45:04,202.27,1106.66
2026-05-19T11:45:09,202.27,1106.66
2026-05-19T11:45:14,190.29,1059.46
2026-05-19T11:45:19,190.29,1059.46
2026-05-19T11:45:24,203.99,1146.58
2026-05-19T11:45:29,203.99,1146.58
2026-05-19T11:45:34,218.65,1212.68
2026-05-19T11:45:39,218.65,1212.68
2026-05-19T11:45:44,208.1,1157.93
2026-05-19T11:45:49,208.1,1157.93
2026-05-19T11:45:54,197.59,1102.83
2026-05-19T11:45:59,197.59,1102.83
2026-05-19T11:46:04,199.44,1100.43
2026-05-19T11:46:09,199.44,1100.43
2026-05-19T11:46:14,207.36,1149.45
2026-05-19T11:46:19,207.36,1149.45
2026-05-19T11:46:24,214.32,1190.48
2026-05-19T11:46:29,214.32,1190.48
2026-05-19T11:46:34,214.82,1195.78
2026-05-19T11:46:39,214.82,1195.78
2026-05-19T11:46:44,210.78,1186.61
2026-05-19T11:46:49,210.78,1186.61
2026-05-19T11:46:54,209.57,1164.6
2026-05-19T11:46:59,209.57,1164.6
2026-05-19T11:47:04,208.51,1151.33
2026-05-19T11:47:09,208.51,1151.33
2026-05-19T11:47:14,213.7,1182.98
2026-05-19T11:47:19,213.7,1182.98
2026-05-19T11:47:24,215.41,1195.84
2026-05-19T11:47:29,215.41,1195.84
2026-05-19T11:47:34,212.09,1192.76
2026-05-19T11:47:39,212.09,1192.76
2026-05-19T11:47:44,216.96,1206.61
2026-05-19T11:47:49,216.96,1206.61
2026-05-19T11:47:54,216.91,1202.15
2026-05-19T11:47:59,216.91,1202.15
2026-05-19T11:48:04,203.57,1142.76
2026-05-19T11:48:09,203.57,1142.76
2026-05-19T11:48:14,201.43,1126.86
2026-05-19T11:48:19,201.43,1126.86
2026-05-19T11:48:24,210.58,1184.71
2026-05-19T11:48:29,210.58,1184.71
2026-05-19T11:48:34,210.83,1177.22
2026-05-19T11:48:39,210.83,1177.22
2026-05-19T11:48:44,213.59,1183.4
2026-05-19T11:48:49,213.59,1183.4
2026-05-19T11:48:54,219.31,1214.49
2026-05-19T11:48:59,219.31,1214.49
2026-05-19T11:49:04,206.36,1131.88
2026-05-19T11:49:09,206.36,1131.88
2026-05-19T11:49:14,188.01,1047.59
2026-05-19T11:49:19,188.01,1047.59
2026-05-19T11:49:24,196.87,1112.93
2026-05-19T11:49:29,196.87,1112.93
2026-05-19T11:49:34,213.54,1197.29
2026-05-19T11:49:39,213.54,1197.29
2026-05-19T11:49:44,219.91,1216.41
2026-05-19T11:49:49,219.91,1216.41
2026-05-19T11:49:54,218.08,1212.67
2026-05-19T11:49:59,218.08,1212.67
2026-05-19T11:50:04,203.76,1133.42
2026-05-19T11:50:09,203.76,1133.42
2026-05-19T11:50:14,195.53,1093.08
2026-05-19T11:50:19,195.53,1093.08
2026-05-19T11:50:24,201.19,1124.83
2026-05-19T11:50:29,201.19,1124.83
2026-05-19T11:50:34,208.25,1161.39
2026-05-19T11:50:39,208.25,1161.39
2026-05-19T11:50:44,214.75,1204.83
2026-05-19T11:50:49,214.75,1204.83
2026-05-19T11:50:54,210.59,1162.5
2026-05-19T11:50:59,210.59,1162.5
2026-05-19T11:51:04,199.19,1111.04
2026-05-19T11:51:09,199.19,1111.04
2026-05-19T11:51:14,208.6,1170.4
2026-05-19T11:51:19,208.6,1170.4
2026-05-19T11:51:24,210.52,1175.83
2026-05-19T11:51:29,210.52,1175.83
2026-05-19T11:51:34,201.96,1130.71
2026-05-19T11:51:39,201.96,1130.71
2026-05-19T11:51:44,213.25,1189.39
2026-05-19T11:51:49,213.25,1189.39
2026-05-19T11:51:54,216.13,1204.94
2026-05-19T11:51:59,216.13,1204.94
2026-05-19T11:52:04,203.36,1121.8
2026-05-19T11:52:09,203.36,1121.8
2026-05-19T11:52:14,201.28,1115.89
2026-05-19T11:52:19,201.28,1115.89
2026-05-19T11:52:24,210.66,1178.25
2026-05-19T11:52:29,210.66,1178.25
2026-05-19T11:52:34,212.7,1187.37
2026-05-19T11:52:39,212.7,1187.37
2026-05-19T11:52:44,215.19,1207.99
2026-05-19T11:52:49,215.19,1207.99
2026-05-19T11:52:54,210.99,1179.71
2026-05-19T11:52:59,210.99,1179.71
2026-05-19T11:53:04,200.47,1109.86
2026-05-19T11:53:09,200.47,1109.86
2026-05-19T11:53:14,208.65,1158.66
2026-05-19T11:53:19,208.65,1158.66
2026-05-19T11:53:24,220.67,1226.48
2026-05-19T11:53:29,220.67,1226.48
2026-05-19T11:53:34,219.58,1214.05
2026-05-19T11:53:39,219.58,1214.05
2026-05-19T11:53:44,215.08,1206.6
2026-05-19T11:53:49,215.08,1206.6
2026-05-19T11:53:54,211.9,1179.85
2026-05-19T11:53:59,211.9,1179.85
2026-05-19T11:54:04,200.16,1105.58
2026-05-19T11:54:09,200.16,1105.58
2026-05-19T11:54:14,199.38,1112.85
2026-05-19T11:54:19,199.38,1112.85
2026-05-19T11:54:24,212.44,1178.72
2026-05-19T11:54:29,212.44,1178.72
2026-05-19T11:54:34,217.35,1202.27
2026-05-19T11:54:39,217.35,1202.27
2026-05-19T11:54:44,220.84,1221.09
2026-05-19T11:54:49,220.84,1221.09
2026-05-19T11:54:54,222.5,1231.82
2026-05-19T11:54:59,222.5,1231.82
2026-05-19T11:55:04,205.63,1131.02
2026-05-19T11:55:09,205.63,1131.02
2026-05-19T11:55:14,183.7,1022.41
2026-05-19T11:55:19,183.7,1022.41
2026-05-19T11:55:24,199.26,1108.08
2026-05-19T11:55:29,199.26,1108.08
2026-05-19T11:55:34,205.8,1136.11
2026-05-19T11:55:39,205.8,1136.11
2026-05-19T11:55:44,194.45,1081.5
2026-05-19T11:55:49,194.45,1081.5
2026-05-19T11:55:54,205.18,1147.22
2026-05-19T11:55:59,205.18,1147.22
2026-05-19T11:56:04,210.2,1173.75
2026-05-19T11:56:09,210.2,1173.75
2026-05-19T11:56:14,208.74,1154.95
2026-05-19T11:56:19,208.74,1154.95
2026-05-19T11:56:24,212.48,1165.91
2026-05-19T11:56:29,212.48,1165.91
2026-05-19T11:56:34,210.21,1162.78
2026-05-19T11:56:39,210.21,1162.78
2026-05-19T11:56:44,210.27,1176.48
2026-05-19T11:56:49,210.27,1176.48
2026-05-19T11:56:54,215.91,1196.35
2026-05-19T11:56:59,215.91,1196.35
2026-05-19T11:57:04,207.01,1150.5
2026-05-19T11:57:09,207.01,1150.5
2026-05-19T11:57:14,205.0,1145.44
2026-05-19T11:57:19,205.0,1145.44
2026-05-19T11:57:24,218.27,1203.48
2026-05-19T11:57:29,218.27,1203.48
2026-05-19T11:57:34,216.62,1213.41
2026-05-19T11:57:39,216.62,1213.41
2026-05-19T11:57:44,213.91,1230.44
2026-05-19T11:57:49,213.91,1230.44
2026-05-19T11:57:54,220.38,1248.88
2026-05-19T11:57:59,220.38,1248.88
2026-05-19T11:58:04,211.4,1175.35
2026-05-19T11:58:09,211.4,1175.35
2026-05-19T11:58:14,208.26,1149.1
2026-05-19T11:58:19,208.26,1149.1
2026-05-19T11:58:24,218.36,1205.87
2026-05-19T11:58:29,218.36,1205.87
2026-05-19T11:58:34,219.23,1218.16
2026-05-19T11:58:39,219.23,1218.16
2026-05-19T11:58:44,218.04,1220.15
2026-05-19T11:58:49,218.04,1220.15
2026-05-19T11:58:54,218.74,1216.63
2026-05-19T11:58:59,218.74,1216.63
2026-05-19T11:59:04,210.34,1164.3
2026-05-19T11:59:09,210.34,1164.3
2026-05-19T11:59:14,205.1,1141.57
2026-05-19T11:59:19,205.1,1141.57
2026-05-19T11:59:24,207.22,1166.03
2026-05-19T11:59:29,207.22,1166.03
2026-05-19T11:59:34,207.55,1155.44
2026-05-19T11:59:39,207.55,1155.44
2026-05-19T11:59:44,214.73,1181.03
2026-05-19T11:59:49,214.73,1181.03
2026-05-19T11:59:54,217.18,1223.38
2026-05-19T11:59:59,217.18,1223.38
2026-05-19T12:00:04,202.72,1120.32
2026-05-19T12:00:09,202.72,1120.32
2026-05-19T12:00:14,174.41,971.0
2026-05-19T12:00:19,174.41,971.0
2026-05-19T12:00:24,186.56,1057.09
2026-05-19T12:00:29,186.56,1057.09
2026-05-19T12:00:34,212.4,1179.48
2026-05-19T12:00:39,212.4,1179.48
2026-05-19T12:00:44,212.82,1192.55
2026-05-19T12:00:49,212.82,1192.55
2026-05-19T12:00:54,217.43,1211.93
2026-05-19T12:00:59,217.43,1211.93
2026-05-19T12:01:04,212.45,1184.88
2026-05-19T12:01:09,212.45,1184.88
2026-05-19T12:01:14,207.15,1144.95
2026-05-19T12:01:19,207.15,1144.95
2026-05-19T12:01:24,212.57,1172.66
2026-05-19T12:01:29,212.57,1172.66
2026-05-19T12:01:34,219.49,1222.25
2026-05-19T12:01:39,219.49,1222.25
2026-05-19T12:01:44,222.39,1242.23
2026-05-19T12:01:49,222.39,1242.23
2026-05-19T12:01:54,223.84,1238.75
2026-05-19T12:01:59,223.84,1238.75
2026-05-19T12:02:04,217.8,1203.87
2026-05-19T12:02:09,217.8,1203.87
2026-05-19T12:02:14,209.73,1173.87
2026-05-19T12:02:19,209.73,1173.87
2026-05-19T12:02:24,214.98,1204.18
2026-05-19T12:02:29,214.98,1204.18
2026-05-19T12:02:34,220.07,1226.44
2026-05-19T12:02:39,220.07,1226.44
2026-05-19T12:02:44,215.57,1204.9
2026-05-19T12:02:49,215.57,1204.9
2026-05-19T12:02:54,215.43,1195.24
2026-05-19T12:02:59,215.43,1195.24
2026-05-19T12:03:04,211.91,1171.27
2026-05-19T12:03:09,211.91,1171.27
2026-05-19T12:03:14,213.09,1194.91
2026-05-19T12:03:19,213.09,1194.91
2026-05-19T12:03:24,221.28,1235.37
2026-05-19T12:03:29,221.28,1235.37
2026-05-19T12:03:34,224.13,1243.99
2026-05-19T12:03:39,224.13,1243.99
2026-05-19T12:03:44,222.66,1235.65
2026-05-19T12:03:49,222.66,1235.65
2026-05-19T12:03:54,214.88,1181.19
2026-05-19T12:03:59,214.88,1181.19
2026-05-19T12:04:04,198.94,1110.71
2026-05-19T12:04:09,198.94,1110.71
2026-05-19T12:04:14,201.78,1144.85
2026-05-19T12:04:19,201.78,1144.85
2026-05-19T12:04:24,215.03,1184.48
2026-05-19T12:04:29,215.03,1184.48
2026-05-19T12:04:34,206.5,1150.78
2026-05-19T12:04:39,206.5,1150.78
2026-05-19T12:04:44,207.31,1166.98
2026-05-19T12:04:49,207.31,1166.98
2026-05-19T12:04:54,216.31,1208.81
2026-05-19T12:04:59,216.31,1208.81
2026-05-19T12:05:04,203.52,1133.74
2026-05-19T12:05:09,203.52,1133.74
2026-05-19T12:05:14,200.6,1121.98
2026-05-19T12:05:19,200.6,1121.98
2026-05-19T12:05:24,214.2,1194.88
2026-05-19T12:05:29,214.2,1194.88
2026-05-19T12:05:34,216.82,1207.76
2026-05-19T12:05:39,216.82,1207.76
2026-05-19T12:05:44,216.7,1213.84
2026-05-19T12:05:49,216.7,1213.84
2026-05-19T12:05:54,216.28,1204.91
2026-05-19T12:05:59,216.28,1204.91
2026-05-19T12:06:04,205.66,1147.83
2026-05-19T12:06:09,205.66,1147.83
2026-05-19T12:06:14,207.35,1155.58
2026-05-19T12:06:19,207.35,1155.58
2026-05-19T12:06:24,219.62,1220.01
2026-05-19T12:06:29,219.62,1220.01
2026-05-19T12:06:34,222.18,1224.53
2026-05-19T12:06:39,222.18,1224.53
2026-05-19T12:06:44,224.76,1242.99
2026-05-19T12:06:49,224.76,1242.99
2026-05-19T12:06:54,222.89,1233.15
2026-05-19T12:06:59,222.89,1233.15
2026-05-19T12:07:04,205.97,1146.54
2026-05-19T12:07:09,205.97,1146.54
2026-05-19T12:07:14,205.88,1152.7
2026-05-19T12:07:19,205.88,1152.7
2026-05-19T12:07:24,222.34,1232.74
2026-05-19T12:07:29,222.34,1232.74
2026-05-19T12:07:34,224.8,1240.87
2026-05-19T12:07:39,224.8,1240.87
2026-05-19T12:07:44,221.89,1228.76
2026-05-19T12:07:49,221.89,1228.76
2026-05-19T12:07:54,217.48,1207.71
2026-05-19T12:07:59,217.48,1207.71
2026-05-19T12:08:04,207.24,1147.49
2026-05-19T12:08:09,207.24,1147.49
2026-05-19T12:08:14,203.45,1130.75
2026-05-19T12:08:19,203.45,1130.75
2026-05-19T12:08:24,215.19,1193.16
2026-05-19T12:08:29,215.19,1193.16
2026-05-19T12:08:34,215.09,1198.08
2026-05-19T12:08:39,215.09,1198.08
2026-05-19T12:08:44,209.55,1167.64
2026-05-19T12:08:49,209.55,1167.64
2026-05-19T12:08:54,210.53,1159.03
2026-05-19T12:08:59,210.53,1159.03
2026-05-19T12:09:04,196.84,1076.65
2026-05-19T12:09:09,196.84,1076.65
2026-05-19T12:09:14,179.15,1004.16
2026-05-19T12:09:19,179.15,1004.16
2026-05-19T12:09:24,198.6,1121.74
2026-05-19T12:09:29,198.6,1121.74
2026-05-19T12:09:34,216.75,1194.31
2026-05-19T12:09:39,216.75,1194.31
2026-05-19T12:09:44,212.02,1169.02
2026-05-19T12:09:49,212.02,1169.02
2026-05-19T12:09:54,214.15,1191.75
2026-05-19T12:09:59,214.15,1191.75
2026-05-19T12:10:04,209.02,1153.32
2026-05-19T12:10:09,209.02,1153.32
2026-05-19T12:10:14,200.88,1117.43
2026-05-19T12:10:19,200.88,1117.43
2026-05-19T12:10:24,198.02,1116.59
2026-05-19T12:10:29,198.02,1116.59
2026-05-19T12:10:34,196.19,1088.12
2026-05-19T12:10:39,196.19,1088.12
2026-05-19T12:10:44,200.04,1102.04
2026-05-19T12:10:49,200.04,1102.04
2026-05-19T12:10:54,206.62,1158.18
2026-05-19T12:10:59,206.62,1158.18
2026-05-19T12:11:04,200.57,1125.02
2026-05-19T12:11:09,200.57,1125.02
2026-05-19T12:11:14,202.15,1105.22
2026-05-19T12:11:19,202.15,1105.22
2026-05-19T12:11:24,215.07,1190.21
2026-05-19T12:11:29,215.07,1190.21
2026-05-19T12:11:34,217.31,1212.8
2026-05-19T12:11:39,217.31,1212.8
2026-05-19T12:11:44,216.76,1203.47
2026-05-19T12:11:49,216.76,1203.47
2026-05-19T12:11:54,220.42,1226.25
2026-05-19T12:11:59,220.42,1226.25
2026-05-19T12:12:04,211.86,1176.29
2026-05-19T12:12:09,211.86,1176.29
2026-05-19T12:12:14,212.54,1172.36
2026-05-19T12:12:19,212.54,1172.36
2026-05-19T12:12:24,218.72,1201.44
2026-05-19T12:12:29,218.72,1201.44
2026-05-19T12:12:34,205.97,1148.77
2026-05-19T12:12:39,205.97,1148.77
2026-05-19T12:12:44,208.72,1178.38
2026-05-19T12:12:49,208.72,1178.38
2026-05-19T12:12:54,217.41,1211.27
2026-05-19T12:12:59,217.41,1211.27
2026-05-19T12:13:04,207.51,1146.03
2026-05-19T12:13:09,207.51,1146.03
2026-05-19T12:13:14,210.68,1182.13
2026-05-19T12:13:19,210.68,1182.13
2026-05-19T12:13:24,223.41,1242.21
2026-05-19T12:13:29,223.41,1242.21
2026-05-19T12:13:34,220.57,1219.8
2026-05-19T12:13:39,220.57,1219.8
2026-05-19T12:13:44,218.26,1214.96
2026-05-19T12:13:49,218.26,1214.96
2026-05-19T12:13:54,219.01,1224.54
2026-05-19T12:13:59,219.01,1224.54
2026-05-19T12:14:04,213.63,1197.63
2026-05-19T12:14:09,213.63,1197.63
2026-05-19T12:14:14,206.37,1146.1
2026-05-19T12:14:19,206.37,1146.1
2026-05-19T12:14:24,206.71,1143.54
2026-05-19T12:14:29,206.71,1143.54
2026-05-19T12:14:34,205.18,1141.96
2026-05-19T12:14:39,205.18,1141.96
2026-05-19T12:14:44,207.67,1167.51
2026-05-19T12:14:49,207.67,1167.51
2026-05-19T12:14:54,213.08,1192.15
2026-05-19T12:14:59,213.08,1192.15
2026-05-19T12:15:04,201.85,1114.76
2026-05-19T12:15:09,201.85,1114.76
2026-05-19T12:15:14,198.2,1104.5
2026-05-19T12:15:19,198.2,1104.5
2026-05-19T12:15:24,210.89,1179.8
2026-05-19T12:15:29,210.89,1179.8
2026-05-19T12:15:34,209.08,1155.72
2026-05-19T12:15:39,209.08,1155.72
2026-05-19T12:15:44,206.82,1161.86
2026-05-19T12:15:49,206.82,1161.86
2026-05-19T12:15:54,215.06,1212.97
2026-05-19T12:15:59,215.06,1212.97
2026-05-19T12:16:04,208.25,1161.6
2026-05-19T12:16:09,208.25,1161.6
2026-05-19T12:16:14,205.64,1131.11
2026-05-19T12:16:19,205.64,1131.11
2026-05-19T12:16:24,213.97,1184.0
2026-05-19T12:16:29,213.97,1184.0
2026-05-19T12:16:34,211.79,1189.62
2026-05-19T12:16:39,211.79,1189.62
2026-05-19T12:16:44,211.25,1179.42
2026-05-19T12:16:49,211.25,1179.42
2026-05-19T12:16:54,215.39,1204.18
2026-05-19T12:16:59,215.39,1204.18
2026-05-19T12:17:04,207.24,1157.59
2026-05-19T12:17:09,207.24,1157.59
2026-05-19T12:17:14,199.45,1105.18
2026-05-19T12:17:19,199.45,1105.18
2026-05-19T12:17:24,204.2,1136.11
2026-05-19T12:17:29,204.2,1136.11
2026-05-19T12:17:34,212.07,1189.26
2026-05-19T12:17:39,212.07,1189.26
2026-05-19T12:17:44,214.85,1197.4
2026-05-19T12:17:49,214.85,1197.4
2026-05-19T12:17:54,211.44,1177.61
2026-05-19T12:17:59,211.44,1177.61
2026-05-19T12:18:04,204.09,1149.34
2026-05-19T12:18:09,204.09,1149.34
2026-05-19T12:18:14,210.6,1173.26
2026-05-19T12:18:19,210.6,1173.26
2026-05-19T12:18:24,222.27,1238.89
2026-05-19T12:18:29,222.27,1238.89
2026-05-19T12:18:34,212.96,1198.72
2026-05-19T12:18:39,212.96,1198.72
2026-05-19T12:18:44,201.49,1123.23
2026-05-19T12:18:49,201.49,1123.23
2026-05-19T12:18:54,208.75,1153.79
2026-05-19T12:18:59,208.75,1153.79
2026-05-19T12:19:04,207.75,1141.39
2026-05-19T12:19:09,207.75,1141.39
2026-05-19T12:19:14,201.19,1109.24
2026-05-19T12:19:19,201.19,1109.24
2026-05-19T12:19:24,209.38,1170.46
2026-05-19T12:19:29,209.38,1170.46
2026-05-19T12:19:34,211.18,1183.38
2026-05-19T12:19:39,211.18,1183.38
2026-05-19T12:19:44,212.68,1182.21
2026-05-19T12:19:49,212.68,1182.21
2026-05-19T12:19:54,217.79,1203.24
2026-05-19T12:19:59,217.79,1203.24
2026-05-19T12:20:04,202.43,1107.86
2026-05-19T12:20:09,202.43,1107.86
2026-05-19T12:20:14,186.01,1032.3
2026-05-19T12:20:19,186.01,1032.3
2026-05-19T12:20:24,197.39,1110.52
2026-05-19T12:20:29,197.39,1110.52
2026-05-19T12:20:34,208.83,1165.38
2026-05-19T12:20:39,208.83,1165.38
2026-05-19T12:20:44,212.72,1189.24
2026-05-19T12:20:49,212.72,1189.24
2026-05-19T12:20:54,207.86,1154.92
2026-05-19T12:20:59,207.86,1154.92
2026-05-19T12:21:04,204.21,1137.65
2026-05-19T12:21:09,204.21,1137.65
2026-05-19T12:21:14,212.7,1179.72
2026-05-19T12:21:19,212.7,1179.72
2026-05-19T12:21:24,216.08,1192.6
2026-05-19T12:21:29,216.08,1192.6
2026-05-19T12:21:34,211.18,1178.4
2026-05-19T12:21:39,211.18,1178.4
2026-05-19T12:21:44,209.73,1174.44
2026-05-19T12:21:49,209.73,1174.44
2026-05-19T12:21:54,211.15,1178.19
2026-05-19T12:21:59,211.15,1178.19
2026-05-19T12:22:04,196.32,1083.48
2026-05-19T12:22:09,196.32,1083.48
2026-05-19T12:22:14,199.8,1086.36
2026-05-19T12:22:19,199.8,1086.36
2026-05-19T12:22:24,205.57,1139.22
2026-05-19T12:22:29,205.57,1139.22
2026-05-19T12:22:34,197.09,1105.29
2026-05-19T12:22:39,197.09,1105.29
2026-05-19T12:22:44,207.2,1162.78
2026-05-19T12:22:49,207.2,1162.78
2026-05-19T12:22:54,212.04,1182.98
2026-05-19T12:22:59,212.04,1182.98
2026-05-19T12:23:04,201.65,1113.65
2026-05-19T12:23:09,201.65,1113.65
2026-05-19T12:23:14,207.49,1157.85
2026-05-19T12:23:19,207.49,1157.85
2026-05-19T12:23:24,223.48,1233.71
2026-05-19T12:23:29,223.48,1233.71
2026-05-19T12:23:34,225.32,1246.84
2026-05-19T12:23:39,225.32,1246.84
2026-05-19T12:23:44,226.43,1254.45
2026-05-19T12:23:49,226.43,1254.45
2026-05-19T12:23:54,227.1,1244.29
2026-05-19T12:23:59,227.1,1244.29
2026-05-19T12:24:04,221.44,1217.0
2026-05-19T12:24:09,221.44,1217.0
2026-05-19T12:24:14,221.74,1233.87
2026-05-19T12:24:19,221.74,1233.87
2026-05-19T12:24:24,226.86,1257.74
2026-05-19T12:24:29,226.86,1257.74
2026-05-19T12:24:34,225.73,1252.13
2026-05-19T12:24:39,225.73,1252.13
2026-05-19T12:24:44,226.22,1256.35
2026-05-19T12:24:49,226.22,1256.35
2026-05-19T12:24:54,227.13,1249.64
2026-05-19T12:24:59,227.13,1249.64
2026-05-19T12:25:04,216.65,1192.62
2026-05-19T12:25:09,216.65,1192.62
2026-05-19T12:25:14,214.99,1202.34
2026-05-19T12:25:19,214.99,1202.34
2026-05-19T12:25:24,220.62,1234.82
2026-05-19T12:25:29,220.62,1234.82
2026-05-19T12:25:34,220.95,1223.2
2026-05-19T12:25:39,220.95,1223.2
2026-05-19T12:25:44,224.59,1247.81
2026-05-19T12:25:49,224.59,1247.81
2026-05-19T12:25:54,224.31,1249.88
2026-05-19T12:25:59,224.31,1249.88
2026-05-19T12:26:04,220.76,1230.65
2026-05-19T12:26:09,220.76,1230.65
2026-05-19T12:26:14,222.08,1229.61
2026-05-19T12:26:19,222.08,1229.61
2026-05-19T12:26:24,225.38,1253.49
2026-05-19T12:26:29,225.38,1253.49
2026-05-19T12:26:34,225.22,1245.71
2026-05-19T12:26:39,225.22,1245.71
2026-05-19T12:26:44,225.3,1239.99
2026-05-19T12:26:49,225.3,1239.99
2026-05-19T12:26:54,226.29,1259.6
2026-05-19T12:26:59,226.29,1259.6
2026-05-19T12:27:04,223.11,1245.21
2026-05-19T12:27:09,223.11,1245.21
2026-05-19T12:27:14,223.21,1236.4
2026-05-19T12:27:19,223.21,1236.4
2026-05-19T12:27:24,226.47,1245.42
2026-05-19T12:27:29,226.47,1245.42
2026-05-19T12:27:34,225.03,1247.24
2026-05-19T12:27:39,225.03,1247.24
2026-05-19T12:27:44,225.71,1255.17
2026-05-19T12:27:49,225.71,1255.17
2026-05-19T12:27:54,227.24,1256.06
2026-05-19T12:27:59,227.24,1256.06
2026-05-19T12:28:04,222.71,1240.56
2026-05-19T12:28:09,222.71,1240.56
2026-05-19T12:28:14,222.18,1234.98
2026-05-19T12:28:19,222.18,1234.98
2026-05-19T12:28:24,225.09,1243.34
2026-05-19T12:28:29,225.09,1243.34
2026-05-19T12:28:34,223.86,1245.76
2026-05-19T12:28:39,223.86,1245.76
2026-05-19T12:28:44,222.41,1232.19
2026-05-19T12:28:49,222.41,1232.19
2026-05-19T12:28:54,217.63,1211.03
2026-05-19T12:28:59,217.63,1211.03
2026-05-19T12:29:04,205.56,1154.01
2026-05-19T12:29:09,205.56,1154.01
2026-05-19T12:29:14,202.26,1121.57
2026-05-19T12:29:19,202.26,1121.57
2026-05-19T12:29:24,212.24,1172.74
2026-05-19T12:29:29,212.24,1172.74
2026-05-19T12:29:34,211.2,1183.08
2026-05-19T12:29:39,211.2,1183.08
2026-05-19T12:29:44,206.5,1168.66
2026-05-19T12:29:49,206.5,1168.66
2026-05-19T12:29:54,205.56,1152.53
2026-05-19T12:29:59,205.56,1152.53
2026-05-19T12:30:04,189.61,1040.5
2026-05-19T12:30:09,189.61,1040.5
2026-05-19T12:30:14,175.61,982.32
2026-05-19T12:30:19,175.61,982.32
2026-05-19T12:30:24,187.54,1063.85
2026-05-19T12:30:29,187.54,1063.85
2026-05-19T12:30:34,204.27,1145.0
2026-05-19T12:30:39,204.27,1145.0
2026-05-19T12:30:44,215.21,1174.45
2026-05-19T12:30:49,215.21,1174.45
2026-05-19T12:30:54,217.79,1180.44
2026-05-19T12:30:59,217.79,1180.44
2026-05-19T12:31:04,209.99,1156.56
2026-05-19T12:31:09,209.99,1156.56
2026-05-19T12:31:14,206.62,1153.74
2026-05-19T12:31:19,206.62,1153.74
2026-05-19T12:31:24,211.96,1187.27
2026-05-19T12:31:29,211.96,1187.27
2026-05-19T12:31:34,210.71,1166.8
2026-05-19T12:31:39,210.71,1166.8
2026-05-19T12:31:44,208.17,1153.35
2026-05-19T12:31:49,208.17,1153.35
2026-05-19T12:31:54,214.54,1192.11
2026-05-19T12:31:59,214.54,1192.11
2026-05-19T12:32:04,211.75,1176.74
2026-05-19T12:32:09,211.75,1176.74
2026-05-19T12:32:14,209.16,1164.98
2026-05-19T12:32:19,209.16,1164.98
2026-05-19T12:32:24,218.13,1216.48
2026-05-19T12:32:29,218.13,1216.48
2026-05-19T12:32:34,217.12,1208.12
2026-05-19T12:32:39,217.12,1208.12
2026-05-19T12:32:44,207.43,1149.07
2026-05-19T12:32:49,207.43,1149.07
2026-05-19T12:32:54,211.06,1171.85
2026-05-19T12:32:59,211.06,1171.85
2026-05-19T12:33:04,207.37,1157.32
2026-05-19T12:33:09,207.37,1157.32
2026-05-19T12:33:14,205.67,1134.93
2026-05-19T12:33:19,205.67,1134.93
2026-05-19T12:33:24,211.27,1173.79
2026-05-19T12:33:29,211.27,1173.79
2026-05-19T12:33:34,210.58,1175.7
2026-05-19T12:33:39,210.58,1175.7
2026-05-19T12:33:44,216.74,1202.65
2026-05-19T12:33:49,216.74,1202.65
2026-05-19T12:33:54,219.75,1216.36
2026-05-19T12:33:59,219.75,1216.36
2026-05-19T12:34:04,211.72,1167.09
2026-05-19T12:34:09,211.72,1167.09
2026-05-19T12:34:14,209.58,1149.84
2026-05-19T12:34:19,209.58,1149.84
2026-05-19T12:34:24,211.09,1177.83
2026-05-19T12:34:29,211.09,1177.83
2026-05-19T12:34:34,209.43,1180.15
2026-05-19T12:34:39,209.43,1180.15
2026-05-19T12:34:44,211.49,1171.8
2026-05-19T12:34:49,211.49,1171.8
2026-05-19T12:34:54,209.52,1151.06
2026-05-19T12:34:59,209.52,1151.06
2026-05-19T12:35:04,202.39,1113.43
2026-05-19T12:35:09,202.39,1113.43
2026-05-19T12:35:14,194.08,1087.97
2026-05-19T12:35:19,194.08,1087.97
2026-05-19T12:35:24,203.64,1134.21
2026-05-19T12:35:29,203.64,1134.21
2026-05-19T12:35:34,208.51,1148.92
2026-05-19T12:35:39,208.51,1148.92
2026-05-19T12:35:44,204.55,1151.35
2026-05-19T12:35:49,204.55,1151.35
2026-05-19T12:35:54,211.98,1196.33
2026-05-19T12:35:59,211.98,1196.33
2026-05-19T12:36:04,209.04,1163.07
2026-05-19T12:36:09,209.04,1163.07
2026-05-19T12:36:14,212.52,1172.99
2026-05-19T12:36:19,212.52,1172.99
2026-05-19T12:36:24,223.98,1242.35
2026-05-19T12:36:29,223.98,1242.35
2026-05-19T12:36:34,220.87,1226.98
2026-05-19T12:36:39,220.87,1226.98
2026-05-19T12:36:44,215.32,1200.42
2026-05-19T12:36:49,215.32,1200.42
2026-05-19T12:36:54,217.4,1211.52
2026-05-19T12:36:59,217.4,1211.52
2026-05-19T12:37:04,213.52,1182.79
2026-05-19T12:37:09,213.52,1182.79
2026-05-19T12:37:14,210.07,1166.18
2026-05-19T12:37:19,210.07,1166.18
2026-05-19T12:37:24,213.07,1180.78
2026-05-19T12:37:29,213.07,1180.78
2026-05-19T12:37:34,212.38,1189.34
2026-05-19T12:37:39,212.38,1189.34
2026-05-19T12:37:44,211.69,1174.29
2026-05-19T12:37:49,211.69,1174.29
2026-05-19T12:37:54,211.52,1177.08
2026-05-19T12:37:59,211.52,1177.08
2026-05-19T12:38:04,209.81,1183.01
2026-05-19T12:38:09,209.81,1183.01
2026-05-19T12:38:14,210.69,1174.0
2026-05-19T12:38:19,210.69,1174.0
2026-05-19T12:38:24,215.08,1204.92
2026-05-19T12:38:29,215.08,1204.92
2026-05-19T12:38:34,214.83,1204.4
2026-05-19T12:38:39,214.83,1204.4
2026-05-19T12:38:44,218.75,1218.08
2026-05-19T12:38:49,218.75,1218.08
2026-05-19T12:38:54,217.9,1211.81
2026-05-19T12:38:59,217.9,1211.81
2026-05-19T12:39:04,200.45,1103.14
2026-05-19T12:39:09,200.45,1103.14
2026-05-19T12:39:14,194.45,1086.55
2026-05-19T12:39:19,194.45,1086.55
2026-05-19T12:39:24,206.84,1164.97
2026-05-19T12:39:29,206.84,1164.97
2026-05-19T12:39:34,211.82,1176.95
2026-05-19T12:39:39,211.82,1176.95
2026-05-19T12:39:44,207.5,1153.47
2026-05-19T12:39:49,207.5,1153.47
2026-05-19T12:39:54,207.68,1169.55
2026-05-19T12:39:59,207.68,1169.55
2026-05-19T12:40:04,194.93,1091.74
2026-05-19T12:40:09,194.93,1091.74
2026-05-19T12:40:14,190.48,1066.97
2026-05-19T12:40:19,190.48,1066.97
2026-05-19T12:40:24,204.32,1147.32
2026-05-19T12:40:29,204.32,1147.32
2026-05-19T12:40:34,211.34,1167.59
2026-05-19T12:40:39,211.34,1167.59
2026-05-19T12:40:44,214.65,1199.71
2026-05-19T12:40:49,214.65,1199.71
2026-05-19T12:40:54,217.24,1223.73
2026-05-19T12:40:59,217.24,1223.73
2026-05-19T12:41:04,214.55,1201.56
2026-05-19T12:41:09,214.55,1201.56
2026-05-19T12:41:14,210.6,1164.08
2026-05-19T12:41:19,210.6,1164.08
2026-05-19T12:41:24,217.13,1195.7
2026-05-19T12:41:29,217.13,1195.7
2026-05-19T12:41:34,214.06,1200.21
2026-05-19T12:41:39,214.06,1200.21
2026-05-19T12:41:44,209.87,1191.15
2026-05-19T12:41:49,209.87,1191.15
2026-05-19T12:41:54,216.17,1205.55
2026-05-19T12:41:59,216.17,1205.55
2026-05-19T12:42:04,214.96,1187.39
2026-05-19T12:42:09,214.96,1187.39
2026-05-19T12:42:14,214.35,1193.2
2026-05-19T12:42:19,214.35,1193.2
2026-05-19T12:42:24,215.53,1205.64
2026-05-19T12:42:29,215.53,1205.64
2026-05-19T12:42:34,209.05,1171.41
2026-05-19T12:42:39,209.05,1171.41
2026-05-19T12:42:44,211.12,1171.96
2026-05-19T12:42:49,211.12,1171.96
2026-05-19T12:42:54,216.97,1206.92
2026-05-19T12:42:59,216.97,1206.92
2026-05-19T12:43:04,206.06,1190.34
2026-05-19T12:43:09,206.06,1190.34
2026-05-19T12:43:14,193.36,1146.93
2026-05-19T12:43:19,193.36,1146.93
2026-05-19T12:43:24,181.84,1092.52
2026-05-19T12:43:29,181.84,1092.52
2026-05-19T12:43:34,175.4,1057.36
2026-05-19T12:43:39,175.4,1057.36
2026-05-19T12:43:44,181.05,1070.63
2026-05-19T12:43:49,181.05,1070.63
2026-05-19T12:43:54,188.74,1115.94
2026-05-19T12:43:59,188.74,1115.94
2026-05-19T12:44:04,190.37,1130.41
2026-05-19T12:44:09,190.37,1130.41
2026-05-19T12:44:14,187.46,1108.54
2026-05-19T12:44:19,187.46,1108.54
2026-05-19T12:44:24,186.36,1112.7
2026-05-19T12:44:29,186.36,1112.7
2026-05-19T12:44:34,179.34,1086.78
2026-05-19T12:44:39,179.34,1086.78
2026-05-19T12:44:44,176.81,1061.63
2026-05-19T12:44:49,176.81,1061.63
2026-05-19T12:44:54,179.71,1071.53
2026-05-19T12:44:59,179.71,1071.53
2026-05-19T12:45:04,170.46,1011.91
2026-05-19T12:45:09,170.46,1011.91
2026-05-19T12:45:14,166.92,1009.4
2026-05-19T12:45:19,166.92,1009.4
2026-05-19T12:45:24,175.9,1062.95
2026-05-19T12:45:29,175.9,1062.95
2026-05-19T12:45:34,178.04,1053.33
2026-05-19T12:45:39,178.04,1053.33
2026-05-19T12:45:44,181.74,1076.13
2026-05-19T12:45:49,181.74,1076.13
2026-05-19T12:45:54,188.44,1116.37
2026-05-19T12:45:59,188.44,1116.37
2026-05-19T12:46:04,187.95,1105.05
2026-05-19T12:46:09,187.95,1105.05
2026-05-19T12:46:14,184.36,1095.75
2026-05-19T12:46:19,184.36,1095.75
2026-05-19T12:46:24,182.86,1102.16
2026-05-19T12:46:29,182.86,1102.16
2026-05-19T12:46:34,182.29,1084.71
2026-05-19T12:46:39,182.29,1084.71
2026-05-19T12:46:44,187.26,1097.41
2026-05-19T12:46:49,187.26,1097.41
2026-05-19T12:46:54,191.17,1123.98
2026-05-19T12:46:59,191.17,1123.98
2026-05-19T12:47:04,184.85,1085.42
2026-05-19T12:47:09,184.85,1085.42
2026-05-19T12:47:14,182.22,1089.9
2026-05-19T12:47:19,182.22,1089.9
2026-05-19T12:47:24,188.22,1131.25
2026-05-19T12:47:29,188.22,1131.25
2026-05-19T12:47:34,191.27,1126.77
2026-05-19T12:47:39,191.27,1126.77
2026-05-19T12:47:44,189.25,1120.09
2026-05-19T12:47:49,189.25,1120.09
2026-05-19T12:47:54,187.54,1103.45
2026-05-19T12:47:59,187.54,1103.45
2026-05-19T12:48:04,184.99,1086.42
2026-05-19T12:48:09,184.99,1086.42
2026-05-19T12:48:14,187.31,1101.81
2026-05-19T12:48:19,187.31,1101.81
2026-05-19T12:48:24,191.49,1125.67
2026-05-19T12:48:29,191.49,1125.67
2026-05-19T12:48:34,191.16,1125.27
2026-05-19T12:48:39,191.16,1125.27
2026-05-19T12:48:44,190.21,1128.2
2026-05-19T12:48:49,190.21,1128.2
2026-05-19T12:48:54,190.39,1128.83
2026-05-19T12:48:59,190.39,1128.83
2026-05-19T12:49:04,186.77,1109.7
2026-05-19T12:49:09,186.77,1109.7
2026-05-19T12:49:14,182.78,1094.91
2026-05-19T12:49:19,182.78,1094.91
2026-05-19T12:49:24,186.21,1107.03
2026-05-19T12:49:29,186.21,1107.03
2026-05-19T12:49:34,185.92,1111.03
2026-05-19T12:49:39,185.92,1111.03
2026-05-19T12:49:44,180.15,1077.32
2026-05-19T12:49:49,180.15,1077.32
2026-05-19T12:49:54,178.89,1065.58
2026-05-19T12:49:59,178.89,1065.58
2026-05-19T12:50:04,174.49,1032.23
2026-05-19T12:50:09,174.49,1032.23
2026-05-19T12:50:14,170.27,1025.44
2026-05-19T12:50:19,170.27,1025.44
2026-05-19T12:50:24,181.13,1092.38
2026-05-19T12:50:29,181.13,1092.38
2026-05-19T12:50:34,188.16,1112.53
2026-05-19T12:50:39,188.16,1112.53
2026-05-19T12:50:44,188.14,1110.8
2026-05-19T12:50:49,188.14,1110.8
2026-05-19T12:50:54,188.9,1118.34
2026-05-19T12:50:59,188.9,1118.34
2026-05-19T12:51:04,186.95,1113.73
2026-05-19T12:51:09,186.95,1113.73
2026-05-19T12:51:14,189.28,1119.83
2026-05-19T12:51:19,189.28,1119.83
2026-05-19T12:51:24,186.07,1070.91
2026-05-19T12:51:29,186.07,1070.91
2026-05-19T12:51:34,154.37,884.55
2026-05-19T12:51:39,154.37,884.55
2026-05-19T12:51:44,135.09,820.62
2026-05-19T12:51:49,135.09,820.62
2026-05-19T12:51:54,147.52,900.09
2026-05-19T12:51:59,147.52,900.09
2026-05-19T12:52:04,152.63,934.3
2026-05-19T12:52:09,152.63,934.3
2026-05-19T12:52:14,153.27,958.6
2026-05-19T12:52:19,153.27,958.6
2026-05-19T12:52:24,158.08,963.23
2026-05-19T12:52:29,158.08,963.23
2026-05-19T12:52:34,154.38,919.9
2026-05-19T12:52:39,154.38,919.9
2026-05-19T12:52:44,145.44,882.76
2026-05-19T12:52:49,145.44,882.76
2026-05-19T12:52:54,149.6,879.14
2026-05-19T12:52:59,149.6,879.14
2026-05-19T12:53:04,111.48,667.66
2026-05-19T12:53:09,111.48,667.66
2026-05-19T12:53:14,102.34,645.68
2026-05-19T12:53:19,102.34,645.68
2026-05-19T12:53:24,142.74,866.75
2026-05-19T12:53:29,142.74,866.75
2026-05-19T12:53:34,149.25,933.85
2026-05-19T12:53:39,149.25,933.85
2026-05-19T12:53:44,152.74,967.84
2026-05-19T12:53:49,152.74,967.84
2026-05-19T12:53:54,153.75,945.49
2026-05-19T12:53:59,153.75,945.49
2026-05-19T12:54:04,146.91,911.2
2026-05-19T12:54:09,146.91,911.2
2026-05-19T12:54:14,148.8,937.86
2026-05-19T12:54:19,148.8,937.86
2026-05-19T12:54:24,157.73,976.81
2026-05-19T12:54:29,157.73,976.81
2026-05-19T12:54:34,156.65,974.95
2026-05-19T12:54:39,156.65,974.95
2026-05-19T12:54:44,158.22,961.05
2026-05-19T12:54:49,158.22,961.05
2026-05-19T12:54:54,155.67,940.72
2026-05-19T12:54:59,155.67,940.72
2026-05-19T12:55:04,150.4,929.58
2026-05-19T12:55:09,150.4,929.58
2026-05-19T12:55:14,145.06,918.92
2026-05-19T12:55:19,145.06,918.92
2026-05-19T12:55:24,144.54,919.11
2026-05-19T12:55:29,144.54,919.11
2026-05-19T12:55:34,153.89,966.58
2026-05-19T12:55:39,153.89,966.58
2026-05-19T12:55:44,142.85,893.12
2026-05-19T12:55:49,142.85,893.12
2026-05-19T12:55:54,135.47,827.73
2026-05-19T12:55:59,135.47,827.73
2026-05-19T12:56:04,138.92,859.79
2026-05-19T12:56:09,138.92,859.79
2026-05-19T12:56:14,144.13,893.07
2026-05-19T12:56:19,144.13,893.07
2026-05-19T12:56:24,132.51,787.66
2026-05-19T12:56:29,132.51,787.66
2026-05-19T12:56:34,157.17,894.87
2026-05-19T12:56:39,157.17,894.87
2026-05-19T12:56:44,207.56,1170.89
2026-05-19T12:56:49,207.56,1170.89
2026-05-19T12:56:54,217.96,1201.91
2026-05-19T12:56:59,217.96,1201.91
2026-05-19T12:57:04,209.05,1162.18
2026-05-19T12:57:09,209.05,1162.18
2026-05-19T12:57:14,202.89,1148.03
2026-05-19T12:57:19,202.89,1148.03
2026-05-19T12:57:24,217.15,1207.49
2026-05-19T12:57:29,217.15,1207.49
2026-05-19T12:57:34,220.36,1218.1
2026-05-19T12:57:39,220.36,1218.1
2026-05-19T12:57:44,216.61,1207.48
2026-05-19T12:57:49,216.61,1207.48
2026-05-19T12:57:54,218.36,1219.19
2026-05-19T12:57:59,218.36,1219.19
2026-05-19T12:58:04,219.99,1225.99
2026-05-19T12:58:09,219.99,1225.99
2026-05-19T12:58:14,221.87,1238.16
2026-05-19T12:58:19,221.87,1238.16
2026-05-19T12:58:24,221.67,1219.78
2026-05-19T12:58:29,221.67,1219.78
2026-05-19T12:58:34,212.55,1179.02
2026-05-19T12:58:39,212.55,1179.02
2026-05-19T12:58:44,210.05,1191.08
2026-05-19T12:58:49,210.05,1191.08
2026-05-19T12:58:54,214.5,1200.58
2026-05-19T12:58:59,214.5,1200.58
2026-05-19T12:59:04,214.51,1192.41
2026-05-19T12:59:09,214.51,1192.41
2026-05-19T12:59:14,215.83,1200.53
2026-05-19T12:59:19,215.83,1200.53
2026-05-19T12:59:24,221.93,1238.01
2026-05-19T12:59:29,221.93,1238.01
2026-05-19T12:59:34,220.44,1225.09
2026-05-19T12:59:39,220.44,1225.09
2026-05-19T12:59:44,212.56,1178.92
2026-05-19T12:59:49,212.56,1178.92
2026-05-19T12:59:54,215.46,1203.54
2026-05-19T12:59:59,215.46,1203.54
2026-05-19T13:00:04,198.28,1082.15
2026-05-19T13:00:09,198.28,1082.15
2026-05-19T13:00:14,162.21,886.19
2026-05-19T13:00:19,162.21,886.19
2026-05-19T13:00:24,162.49,921.59
2026-05-19T13:00:29,162.49,921.59
2026-05-19T13:00:34,193.51,1093.34
2026-05-19T13:00:39,193.51,1093.34
2026-05-19T13:00:44,214.51,1205.74
2026-05-19T13:00:49,214.51,1205.74
2026-05-19T13:00:54,216.06,1200.3
2026-05-19T13:00:59,216.06,1200.3
2026-05-19T13:01:04,206.43,1140.43
2026-05-19T13:01:09,206.43,1140.43
2026-05-19T13:01:14,210.59,1166.89
2026-05-19T13:01:19,210.59,1166.89
2026-05-19T13:01:24,224.33,1248.92
2026-05-19T13:01:29,224.33,1248.92
2026-05-19T13:01:34,224.58,1246.01
2026-05-19T13:01:39,224.58,1246.01
2026-05-19T13:01:44,219.19,1204.23
2026-05-19T13:01:49,219.19,1204.23
2026-05-19T13:01:54,217.8,1210.06
2026-05-19T13:01:59,217.8,1210.06
2026-05-19T13:02:04,214.93,1202.91
2026-05-19T13:02:09,214.93,1202.91
2026-05-19T13:02:14,211.91,1179.41
2026-05-19T13:02:19,211.91,1179.41
2026-05-19T13:02:24,217.32,1203.53
2026-05-19T13:02:29,217.32,1203.53
2026-05-19T13:02:34,220.64,1215.87
2026-05-19T13:02:39,220.64,1215.87
2026-05-19T13:02:44,219.94,1214.68
2026-05-19T13:02:49,219.94,1214.68
2026-05-19T13:02:54,216.28,1202.03
2026-05-19T13:02:59,216.28,1202.03
2026-05-19T13:03:04,209.22,1164.5
2026-05-19T13:03:09,209.22,1164.5
2026-05-19T13:03:14,209.9,1163.46
2026-05-19T13:03:19,209.9,1163.46
2026-05-19T13:03:24,215.59,1195.64
2026-05-19T13:03:29,215.59,1195.64
2026-05-19T13:03:34,212.67,1186.17
2026-05-19T13:03:39,212.67,1186.17
2026-05-19T13:03:44,214.93,1204.69
2026-05-19T13:03:49,214.93,1204.69
2026-05-19T13:03:54,221.75,1234.68
2026-05-19T13:03:59,221.75,1234.68
2026-05-19T13:04:04,212.47,1162.45
2026-05-19T13:04:09,212.47,1162.45
2026-05-19T13:04:14,210.62,1165.35
2026-05-19T13:04:19,210.62,1165.35
2026-05-19T13:04:24,221.65,1241.35
2026-05-19T13:04:29,221.65,1241.35
2026-05-19T13:04:34,221.01,1226.33
2026-05-19T13:04:39,221.01,1226.33
2026-05-19T13:04:44,217.4,1200.42
2026-05-19T13:04:49,217.4,1200.42
2026-05-19T13:04:54,217.21,1212.02
2026-05-19T13:04:59,217.21,1212.02
2026-05-19T13:05:04,209.08,1159.45
2026-05-19T13:05:09,209.08,1159.45
2026-05-19T13:05:14,212.6,1168.16
2026-05-19T13:05:19,212.6,1168.16
2026-05-19T13:05:24,221.16,1235.58
2026-05-19T13:05:29,221.16,1235.58
2026-05-19T13:05:34,214.67,1199.6
2026-05-19T13:05:39,214.67,1199.6
2026-05-19T13:05:44,211.82,1174.66
2026-05-19T13:05:49,211.82,1174.66
2026-05-19T13:05:54,215.41,1197.92
2026-05-19T13:05:59,215.41,1197.92
2026-05-19T13:06:04,209.93,1166.82
2026-05-19T13:06:09,209.93,1166.82
2026-05-19T13:06:14,205.88,1151.98
2026-05-19T13:06:19,205.88,1151.98
2026-05-19T13:06:24,213.02,1188.21
2026-05-19T13:06:29,213.02,1188.21
2026-05-19T13:06:34,215.76,1216.33
2026-05-19T13:06:39,215.76,1216.33
2026-05-19T13:06:44,214.62,1218.87
2026-05-19T13:06:49,214.62,1218.87
2026-05-19T13:06:54,214.12,1196.09
2026-05-19T13:06:59,214.12,1196.09
2026-05-19T13:07:04,212.7,1187.03
2026-05-19T13:07:09,212.7,1187.03
2026-05-19T13:07:14,214.2,1195.75
2026-05-19T13:07:19,214.2,1195.75
2026-05-19T13:07:24,217.65,1212.03
2026-05-19T13:07:29,217.65,1212.03
2026-05-19T13:07:34,216.32,1199.19
2026-05-19T13:07:39,216.32,1199.19
2026-05-19T13:07:44,215.54,1201.15
2026-05-19T13:07:49,215.54,1201.15
2026-05-19T13:07:54,217.05,1218.38
2026-05-19T13:07:59,217.05,1218.38
2026-05-19T13:08:04,212.22,1177.57
2026-05-19T13:08:09,212.22,1177.57
2026-05-19T13:08:14,213.67,1181.95
2026-05-19T13:08:19,213.67,1181.95
2026-05-19T13:08:24,218.95,1219.63
2026-05-19T13:08:29,218.95,1219.63
2026-05-19T13:08:34,216.35,1212.14
2026-05-19T13:08:39,216.35,1212.14
2026-05-19T13:08:44,211.54,1182.48
2026-05-19T13:08:49,211.54,1182.48
2026-05-19T13:08:54,214.5,1187.83
2026-05-19T13:08:59,214.5,1187.83
2026-05-19T13:09:04,208.16,1145.41
2026-05-19T13:09:09,208.16,1145.41
2026-05-19T13:09:14,196.06,1093.52
2026-05-19T13:09:19,196.06,1093.52
2026-05-19T13:09:24,208.21,1166.79
2026-05-19T13:09:29,208.21,1166.79
2026-05-19T13:09:34,212.69,1187.36
2026-05-19T13:09:39,212.69,1187.36
2026-05-19T13:09:44,213.4,1198.94
2026-05-19T13:09:49,213.4,1198.94
2026-05-19T13:09:54,221.47,1235.47
2026-05-19T13:09:59,221.47,1235.47
2026-05-19T13:10:04,208.58,1150.1
2026-05-19T13:10:09,208.58,1150.1
2026-05-19T13:10:14,195.24,1082.34
2026-05-19T13:10:19,195.24,1082.34
2026-05-19T13:10:24,203.76,1148.37
2026-05-19T13:10:29,203.76,1148.37
2026-05-19T13:10:34,213.47,1200.05
2026-05-19T13:10:39,213.47,1200.05
2026-05-19T13:10:44,218.59,1214.39
2026-05-19T13:10:49,218.59,1214.39
2026-05-19T13:10:54,220.59,1229.08
2026-05-19T13:10:59,220.59,1229.08
2026-05-19T13:11:04,213.3,1192.11
2026-05-19T13:11:09,213.3,1192.11
2026-05-19T13:11:14,207.89,1155.61
2026-05-19T13:11:19,207.89,1155.61
2026-05-19T13:11:24,212.05,1186.91
2026-05-19T13:11:29,212.05,1186.91
2026-05-19T13:11:34,216.39,1214.02
2026-05-19T13:11:39,216.39,1214.02
2026-05-19T13:11:44,216.0,1212.95
2026-05-19T13:11:49,216.0,1212.95
2026-05-19T13:11:54,219.34,1221.15
2026-05-19T13:11:59,219.34,1221.15
2026-05-19T13:12:04,213.11,1184.92
2026-05-19T13:12:09,213.11,1184.92
2026-05-19T13:12:14,211.39,1170.03
2026-05-19T13:12:19,211.39,1170.03
2026-05-19T13:12:24,221.51,1225.02
2026-05-19T13:12:29,221.51,1225.02
2026-05-19T13:12:34,219.48,1230.66
2026-05-19T13:12:39,219.48,1230.66
2026-05-19T13:12:44,215.3,1200.65
2026-05-19T13:12:49,215.3,1200.65
2026-05-19T13:12:54,215.6,1192.57
2026-05-19T13:12:59,215.6,1192.57
2026-05-19T13:13:04,214.08,1179.82
2026-05-19T13:13:09,214.08,1179.82
2026-05-19T13:13:14,212.46,1178.55
2026-05-19T13:13:19,212.46,1178.55
2026-05-19T13:13:24,218.03,1212.5
2026-05-19T13:13:29,218.03,1212.5
2026-05-19T13:13:34,211.35,1158.46
2026-05-19T13:13:39,211.35,1158.46
2026-05-19T13:13:44,197.94,1101.0
2026-05-19T13:13:49,197.94,1101.0
2026-05-19T13:13:54,207.51,1164.57
2026-05-19T13:13:59,207.51,1164.57
2026-05-19T13:14:04,208.85,1154.05
2026-05-19T13:14:09,208.85,1154.05
2026-05-19T13:14:14,209.71,1161.68
2026-05-19T13:14:19,209.71,1161.68
2026-05-19T13:14:24,221.98,1229.23
2026-05-19T13:14:29,221.98,1229.23
2026-05-19T13:14:34,214.4,1185.8
2026-05-19T13:14:39,214.4,1185.8
2026-05-19T13:14:44,206.46,1144.48
2026-05-19T13:14:49,206.46,1144.48
2026-05-19T13:14:54,213.4,1190.46
2026-05-19T13:14:59,213.4,1190.46
2026-05-19T13:15:04,206.94,1147.16
2026-05-19T13:15:09,206.94,1147.16
2026-05-19T13:15:14,200.68,1107.01
2026-05-19T13:15:19,200.68,1107.01
2026-05-19T13:15:24,212.87,1175.83
2026-05-19T13:15:29,212.87,1175.83
2026-05-19T13:15:34,221.52,1232.47
2026-05-19T13:15:39,221.52,1232.47
2026-05-19T13:15:44,223.44,1244.95
2026-05-19T13:15:49,223.44,1244.95
2026-05-19T13:15:54,215.93,1188.22
2026-05-19T13:15:59,215.93,1188.22
2026-05-19T13:16:04,207.57,1144.0
2026-05-19T13:16:09,207.57,1144.0
2026-05-19T13:16:14,213.49,1183.68
2026-05-19T13:16:19,213.49,1183.68
2026-05-19T13:16:24,223.38,1250.91
2026-05-19T13:16:29,223.38,1250.91
2026-05-19T13:16:34,219.41,1220.61
2026-05-19T13:16:39,219.41,1220.61
2026-05-19T13:16:44,216.68,1195.43
2026-05-19T13:16:49,216.68,1195.43
2026-05-19T13:16:54,221.99,1227.91
2026-05-19T13:16:59,221.99,1227.91
2026-05-19T13:17:04,213.93,1178.53
2026-05-19T13:17:09,213.93,1178.53
2026-05-19T13:17:14,203.11,1139.13
2026-05-19T13:17:19,203.11,1139.13
2026-05-19T13:17:24,210.19,1165.22
2026-05-19T13:17:29,210.19,1165.22
2026-05-19T13:17:34,209.75,1148.91
2026-05-19T13:17:39,209.75,1148.91
2026-05-19T13:17:44,208.94,1175.39
2026-05-19T13:17:49,208.94,1175.39
2026-05-19T13:17:54,217.54,1221.78
2026-05-19T13:17:59,217.54,1221.78
2026-05-19T13:18:04,209.88,1169.38
2026-05-19T13:18:09,209.88,1169.38
2026-05-19T13:18:14,211.7,1170.91
2026-05-19T13:18:19,211.7,1170.91
2026-05-19T13:18:24,217.91,1208.71
2026-05-19T13:18:29,217.91,1208.71
2026-05-19T13:18:34,214.26,1199.99
2026-05-19T13:18:39,214.26,1199.99
2026-05-19T13:18:44,217.2,1214.5
2026-05-19T13:18:49,217.2,1214.5
2026-05-19T13:18:54,218.21,1209.12
2026-05-19T13:18:59,218.21,1209.12
2026-05-19T13:19:04,214.47,1186.38
2026-05-19T13:19:09,214.47,1186.38
2026-05-19T13:19:14,215.86,1205.07
2026-05-19T13:19:19,215.86,1205.07
2026-05-19T13:19:24,218.51,1216.38
2026-05-19T13:19:29,218.51,1216.38
2026-05-19T13:19:34,211.43,1181.69
2026-05-19T13:19:39,211.43,1181.69
2026-05-19T13:19:44,201.08,1129.92
2026-05-19T13:19:49,201.08,1129.92
2026-05-19T13:19:54,204.37,1138.97
2026-05-19T13:19:59,204.37,1138.97
2026-05-19T13:20:04,209.77,1130.37
2026-05-19T13:20:09,209.77,1130.37
2026-05-19T13:20:14,209.03,1131.09
2026-05-19T13:20:19,209.03,1131.09
2026-05-19T13:20:24,198.43,1110.57
2026-05-19T13:20:29,198.43,1110.57
2026-05-19T13:20:34,195.78,1098.7
2026-05-19T13:20:39,195.78,1098.7
2026-05-19T13:20:44,211.91,1182.55
2026-05-19T13:20:49,211.91,1182.55
2026-05-19T13:20:54,216.99,1206.41
2026-05-19T13:20:59,216.99,1206.41
2026-05-19T13:21:04,207.96,1153.93
2026-05-19T13:21:09,207.96,1153.93
2026-05-19T13:21:14,206.43,1152.02
2026-05-19T13:21:19,206.43,1152.02
2026-05-19T13:21:24,216.87,1198.59
2026-05-19T13:21:29,216.87,1198.59
2026-05-19T13:21:34,220.74,1218.2
2026-05-19T13:21:39,220.74,1218.2
2026-05-19T13:21:44,216.76,1223.66
2026-05-19T13:21:49,216.76,1223.66
2026-05-19T13:21:54,216.8,1212.72
2026-05-19T13:21:59,216.8,1212.72
2026-05-19T13:22:04,212.08,1173.57
2026-05-19T13:22:09,212.08,1173.57
2026-05-19T13:22:14,209.11,1151.39
2026-05-19T13:22:19,209.11,1151.39
2026-05-19T13:22:24,214.62,1197.33
2026-05-19T13:22:29,214.62,1197.33
2026-05-19T13:22:34,211.2,1198.19
2026-05-19T13:22:39,211.2,1198.19
2026-05-19T13:22:44,209.74,1175.24
2026-05-19T13:22:49,209.74,1175.24
2026-05-19T13:22:54,214.16,1182.78
2026-05-19T13:22:59,214.16,1182.78
2026-05-19T13:23:04,207.76,1148.15
2026-05-19T13:23:09,207.76,1148.15
2026-05-19T13:23:14,203.31,1138.97
2026-05-19T13:23:19,203.31,1138.97
2026-05-19T13:23:24,212.09,1189.37
2026-05-19T13:23:29,212.09,1189.37
2026-05-19T13:23:34,215.44,1195.93
2026-05-19T13:23:39,215.44,1195.93
2026-05-19T13:23:44,206.84,1162.68
2026-05-19T13:23:49,206.84,1162.68
2026-05-19T13:23:54,205.71,1153.35
2026-05-19T13:23:59,205.71,1153.35
2026-05-19T13:24:04,199.9,1102.09
2026-05-19T13:24:09,199.9,1102.09
2026-05-19T13:24:14,202.61,1122.98
2026-05-19T13:24:19,202.61,1122.98
2026-05-19T13:24:24,215.88,1204.75
2026-05-19T13:24:29,215.88,1204.75
2026-05-19T13:24:34,214.09,1197.88
2026-05-19T13:24:39,214.09,1197.88
2026-05-19T13:24:44,215.15,1204.28
2026-05-19T13:24:49,215.15,1204.28
2026-05-19T13:24:54,208.63,1166.57
2026-05-19T13:24:59,208.63,1166.57
2026-05-19T13:25:04,192.03,1063.0
2026-05-19T13:25:09,192.03,1063.0
2026-05-19T13:25:14,193.91,1086.37
2026-05-19T13:25:19,193.91,1086.37
2026-05-19T13:25:24,214.14,1192.73
2026-05-19T13:25:29,214.14,1192.73
2026-05-19T13:25:34,210.7,1155.68
2026-05-19T13:25:39,210.7,1155.68
2026-05-19T13:25:44,197.89,1105.25
2026-05-19T13:25:49,197.89,1105.25
2026-05-19T13:25:54,206.26,1152.05
2026-05-19T13:25:59,206.26,1152.05
2026-05-19T13:26:04,206.85,1146.62
2026-05-19T13:26:09,206.85,1146.62
2026-05-19T13:26:14,200.17,1111.54
2026-05-19T13:26:19,200.17,1111.54
2026-05-19T13:26:24,204.32,1131.17
2026-05-19T13:26:29,204.32,1131.17
2026-05-19T13:26:34,206.7,1135.8
2026-05-19T13:26:39,206.7,1135.8
2026-05-19T13:26:44,202.37,1130.62
2026-05-19T13:26:49,202.37,1130.62
2026-05-19T13:26:54,208.13,1166.82
2026-05-19T13:26:59,208.13,1166.82
2026-05-19T13:27:04,204.7,1130.28
2026-05-19T13:27:09,204.7,1130.28
2026-05-19T13:27:14,202.12,1123.68
2026-05-19T13:27:19,202.12,1123.68
2026-05-19T13:27:24,218.12,1205.05
2026-05-19T13:27:29,218.12,1205.05
2026-05-19T13:27:34,219.28,1209.47
2026-05-19T13:27:39,219.28,1209.47
2026-05-19T13:27:44,207.92,1158.52
2026-05-19T13:27:49,207.92,1158.52
2026-05-19T13:27:54,199.35,1113.78
2026-05-19T13:27:59,199.35,1113.78
2026-05-19T13:28:04,195.01,1086.64
2026-05-19T13:28:09,195.01,1086.64
2026-05-19T13:28:14,204.87,1129.99
2026-05-19T13:28:19,204.87,1129.99
2026-05-19T13:28:24,218.37,1201.97
2026-05-19T13:28:29,218.37,1201.97
2026-05-19T13:28:34,220.23,1217.4
2026-05-19T13:28:39,220.23,1217.4
2026-05-19T13:28:44,222.52,1238.62
2026-05-19T13:28:49,222.52,1238.62
2026-05-19T13:28:54,223.26,1236.3
2026-05-19T13:28:59,223.26,1236.3
2026-05-19T13:29:04,217.67,1200.24
2026-05-19T13:29:09,217.67,1200.24
2026-05-19T13:29:14,212.98,1182.08
2026-05-19T13:29:19,212.98,1182.08
2026-05-19T13:29:24,217.2,1213.54
2026-05-19T13:29:29,217.2,1213.54
2026-05-19T13:29:34,215.24,1199.5
2026-05-19T13:29:39,215.24,1199.5
2026-05-19T13:29:44,214.03,1179.24
2026-05-19T13:29:49,214.03,1179.24
2026-05-19T13:29:54,219.11,1217.74
2026-05-19T13:29:59,219.11,1217.74
2026-05-19T13:30:04,204.43,1122.15
2026-05-19T13:30:09,204.43,1122.15
2026-05-19T13:30:14,185.25,1045.91
2026-05-19T13:30:19,185.25,1045.91
2026-05-19T13:30:24,198.04,1138.57
2026-05-19T13:30:29,198.04,1138.57
2026-05-19T13:30:34,217.58,1196.84
2026-05-19T13:30:39,217.58,1196.84
2026-05-19T13:30:44,221.7,1224.29
2026-05-19T13:30:49,221.7,1224.29
2026-05-19T13:30:54,221.91,1242.98
2026-05-19T13:30:59,221.91,1242.98
2026-05-19T13:31:04,215.93,1202.64
2026-05-19T13:31:09,215.93,1202.64
2026-05-19T13:31:14,218.01,1206.81
2026-05-19T13:31:19,218.01,1206.81
2026-05-19T13:31:24,222.66,1232.23
2026-05-19T13:31:29,222.66,1232.23
2026-05-19T13:31:34,219.53,1220.17
2026-05-19T13:31:39,219.53,1220.17
2026-05-19T13:31:44,219.95,1228.14
2026-05-19T13:31:49,219.95,1228.14
2026-05-19T13:31:54,222.1,1234.91
2026-05-19T13:31:59,222.1,1234.91
2026-05-19T13:32:04,215.59,1191.91
2026-05-19T13:32:09,215.59,1191.91
2026-05-19T13:32:14,213.91,1189.17
2026-05-19T13:32:19,213.91,1189.17
2026-05-19T13:32:24,222.4,1240.9
2026-05-19T13:32:29,222.4,1240.9
2026-05-19T13:32:34,225.03,1250.28
2026-05-19T13:32:39,225.03,1250.28
2026-05-19T13:32:44,223.08,1234.01
2026-05-19T13:32:49,223.08,1234.01
2026-05-19T13:32:54,218.53,1213.96
2026-05-19T13:32:59,218.53,1213.96
2026-05-19T13:33:04,209.59,1179.52
2026-05-19T13:33:09,209.59,1179.52
2026-05-19T13:33:14,209.32,1177.29
2026-05-19T13:33:19,209.32,1177.29
2026-05-19T13:33:24,214.14,1191.36
2026-05-19T13:33:29,214.14,1191.36
2026-05-19T13:33:34,216.82,1196.27
2026-05-19T13:33:39,216.82,1196.27
2026-05-19T13:33:44,215.58,1195.4
2026-05-19T13:33:49,215.58,1195.4
2026-05-19T13:33:54,215.33,1211.93
2026-05-19T13:33:59,215.33,1211.93
2026-05-19T13:34:04,210.97,1179.64
2026-05-19T13:34:09,210.97,1179.64
2026-05-19T13:34:14,210.04,1163.6
2026-05-19T13:34:19,210.04,1163.6
2026-05-19T13:34:24,219.35,1209.9
2026-05-19T13:34:29,219.35,1209.9
2026-05-19T13:34:34,206.67,1151.39
2026-05-19T13:34:39,206.67,1151.39
2026-05-19T13:34:44,205.13,1160.7
2026-05-19T13:34:49,205.13,1160.7
2026-05-19T13:34:54,218.21,1217.0
2026-05-19T13:34:59,218.21,1217.0
2026-05-19T13:35:04,201.75,1105.63
2026-05-19T13:35:09,201.75,1105.63
2026-05-19T13:35:14,197.8,1108.13
2026-05-19T13:35:19,197.8,1108.13
2026-05-19T13:35:24,213.27,1204.39
2026-05-19T13:35:29,213.27,1204.39
2026-05-19T13:35:34,208.08,1160.96
2026-05-19T13:35:39,208.08,1160.96
2026-05-19T13:35:44,207.79,1153.66
2026-05-19T13:35:49,207.79,1153.66
2026-05-19T13:35:54,215.48,1200.66
2026-05-19T13:35:59,215.48,1200.66
2026-05-19T13:36:04,210.58,1183.29
2026-05-19T13:36:09,210.58,1183.29
2026-05-19T13:36:14,211.57,1184.37
2026-05-19T13:36:19,211.57,1184.37
2026-05-19T13:36:24,217.45,1211.52
2026-05-19T13:36:29,217.45,1211.52
2026-05-19T13:36:34,214.67,1192.3
2026-05-19T13:36:39,214.67,1192.3
2026-05-19T13:36:44,213.55,1195.49
2026-05-19T13:36:49,213.55,1195.49
2026-05-19T13:36:54,215.69,1208.62
2026-05-19T13:36:59,215.69,1208.62
2026-05-19T13:37:04,211.63,1178.51
2026-05-19T13:37:09,211.63,1178.51
2026-05-19T13:37:14,212.35,1177.78
2026-05-19T13:37:19,212.35,1177.78
2026-05-19T13:37:24,216.63,1206.36
2026-05-19T13:37:29,216.63,1206.36
2026-05-19T13:37:34,203.01,1146.23
2026-05-19T13:37:39,203.01,1146.23
2026-05-19T13:37:44,193.16,1084.73
2026-05-19T13:37:49,193.16,1084.73
2026-05-19T13:37:54,189.67,1055.97
2026-05-19T13:37:59,189.67,1055.97
2026-05-19T13:38:04,186.39,1039.09
2026-05-19T13:38:09,186.39,1039.09
2026-05-19T13:38:14,198.75,1102.43
2026-05-19T13:38:19,198.75,1102.43
2026-05-19T13:38:24,198.62,1097.46
2026-05-19T13:38:29,198.62,1097.46
2026-05-19T13:38:34,185.49,1024.6
2026-05-19T13:38:39,185.49,1024.6
2026-05-19T13:38:44,188.55,1045.96
2026-05-19T13:38:49,188.55,1045.96
2026-05-19T13:38:54,199.51,1122.89
2026-05-19T13:38:59,199.51,1122.89
2026-05-19T13:39:04,189.14,1045.97
2026-05-19T13:39:09,189.14,1045.97
2026-05-19T13:39:14,180.6,1006.58
2026-05-19T13:39:19,180.6,1006.58
2026-05-19T13:39:24,192.4,1090.59
2026-05-19T13:39:29,192.4,1090.59
2026-05-19T13:39:34,191.42,1067.93
2026-05-19T13:39:39,191.42,1067.93
2026-05-19T13:39:44,188.12,1050.92
2026-05-19T13:39:49,188.12,1050.92
2026-05-19T13:39:54,193.28,1063.79
2026-05-19T13:39:59,193.28,1063.79
2026-05-19T13:40:04,177.43,964.15
2026-05-19T13:40:09,177.43,964.15
2026-05-19T13:40:14,154.75,855.62
2026-05-19T13:40:19,154.75,855.62
2026-05-19T13:40:24,159.21,897.2
2026-05-19T13:40:29,159.21,897.2
2026-05-19T13:40:34,174.03,984.11
2026-05-19T13:40:39,174.03,984.11
2026-05-19T13:40:44,184.23,1039.86
2026-05-19T13:40:49,184.23,1039.86
2026-05-19T13:40:54,190.21,1059.72
2026-05-19T13:40:59,190.21,1059.72
2026-05-19T13:41:04,193.09,1066.24
2026-05-19T13:41:09,193.09,1066.24
2026-05-19T13:41:14,204.92,1136.97
2026-05-19T13:41:19,204.92,1136.97
2026-05-19T13:41:24,219.71,1210.96
2026-05-19T13:41:29,219.71,1210.96
2026-05-19T13:41:34,222.65,1230.48
2026-05-19T13:41:39,222.65,1230.48
2026-05-19T13:41:44,224.08,1252.44
2026-05-19T13:41:49,224.08,1252.44
2026-05-19T13:41:54,226.36,1248.47
2026-05-19T13:41:59,226.36,1248.47
2026-05-19T13:42:04,219.58,1199.36
2026-05-19T13:42:09,219.58,1199.36
2026-05-19T13:42:14,218.56,1210.6
2026-05-19T13:42:19,218.56,1210.6
2026-05-19T13:42:24,225.43,1258.11
2026-05-19T13:42:29,225.43,1258.11
2026-05-19T13:42:34,226.48,1251.94
2026-05-19T13:42:39,226.48,1251.94
2026-05-19T13:42:44,225.07,1234.12
2026-05-19T13:42:49,225.07,1234.12
2026-05-19T13:42:54,226.51,1245.45
2026-05-19T13:42:59,226.51,1245.45
2026-05-19T13:43:04,221.52,1231.18
2026-05-19T13:43:09,221.52,1231.18
2026-05-19T13:43:14,218.37,1204.65
2026-05-19T13:43:19,218.37,1204.65
2026-05-19T13:43:24,223.7,1226.13
2026-05-19T13:43:29,223.7,1226.13
2026-05-19T13:43:34,224.19,1241.5
2026-05-19T13:43:39,224.19,1241.5
2026-05-19T13:43:44,223.84,1246.84
2026-05-19T13:43:49,223.84,1246.84
2026-05-19T13:43:54,222.15,1224.13
2026-05-19T13:43:59,222.15,1224.13
2026-05-19T13:44:04,219.17,1209.39
2026-05-19T13:44:09,219.17,1209.39
2026-05-19T13:44:14,219.87,1231.51
2026-05-19T13:44:19,219.87,1231.51
2026-05-19T13:44:24,220.98,1227.45
2026-05-19T13:44:29,220.98,1227.45
2026-05-19T13:44:34,216.86,1199.85
2026-05-19T13:44:39,216.86,1199.85
2026-05-19T13:44:44,215.42,1205.08
2026-05-19T13:44:49,215.42,1205.08
2026-05-19T13:44:54,222.31,1231.97
2026-05-19T13:44:59,222.31,1231.97
2026-05-19T13:45:04,214.24,1163.48
2026-05-19T13:45:09,214.24,1163.48
2026-05-19T13:45:14,206.64,1145.47
2026-05-19T13:45:19,206.64,1145.47
2026-05-19T13:45:24,217.51,1222.04
2026-05-19T13:45:29,217.51,1222.04
2026-05-19T13:45:34,222.91,1242.0
2026-05-19T13:45:39,222.91,1242.0
2026-05-19T13:45:44,223.25,1237.39
2026-05-19T13:45:49,223.25,1237.39
2026-05-19T13:45:54,220.93,1218.48
2026-05-19T13:45:59,220.93,1218.48
2026-05-19T13:46:04,217.13,1208.73
2026-05-19T13:46:09,217.13,1208.73
2026-05-19T13:46:14,219.37,1218.89
2026-05-19T13:46:19,219.37,1218.89
2026-05-19T13:46:24,221.1,1227.96
2026-05-19T13:46:29,221.1,1227.96
2026-05-19T13:46:34,214.94,1199.39
2026-05-19T13:46:39,214.94,1199.39
2026-05-19T13:46:44,212.29,1182.13
2026-05-19T13:46:49,212.29,1182.13
2026-05-19T13:46:54,217.52,1210.87
2026-05-19T13:46:59,217.52,1210.87
2026-05-19T13:47:04,210.89,1181.32
2026-05-19T13:47:09,210.89,1181.32
2026-05-19T13:47:14,206.89,1155.31
2026-05-19T13:47:19,206.89,1155.31
2026-05-19T13:47:24,214.96,1190.86
2026-05-19T13:47:29,214.96,1190.86
2026-05-19T13:47:34,210.56,1174.83
2026-05-19T13:47:39,210.56,1174.83
2026-05-19T13:47:44,209.48,1170.98
2026-05-19T13:47:49,209.48,1170.98
2026-05-19T13:47:54,210.18,1166.05
2026-05-19T13:47:59,210.18,1166.05
2026-05-19T13:48:04,195.33,1086.52
2026-05-19T13:48:09,195.33,1086.52
2026-05-19T13:48:14,196.38,1102.13
2026-05-19T13:48:19,196.38,1102.13
2026-05-19T13:48:24,193.95,1092.03
2026-05-19T13:48:29,193.95,1092.03
2026-05-19T13:48:34,189.36,1054.15
2026-05-19T13:48:39,189.36,1054.15
2026-05-19T13:48:44,205.87,1144.37
2026-05-19T13:48:49,205.87,1144.37
2026-05-19T13:48:54,212.28,1192.3
2026-05-19T13:48:59,212.28,1192.3
2026-05-19T13:49:04,205.08,1129.09
2026-05-19T13:49:09,205.08,1129.09
2026-05-19T13:49:14,198.82,1106.17
2026-05-19T13:49:19,198.82,1106.17
2026-05-19T13:49:24,209.1,1177.64
2026-05-19T13:49:29,209.1,1177.64
2026-05-19T13:49:34,217.37,1200.83
2026-05-19T13:49:39,217.37,1200.83
2026-05-19T13:49:44,207.0,1146.9
2026-05-19T13:49:49,207.0,1146.9
2026-05-19T13:49:54,198.38,1113.44
2026-05-19T13:49:59,198.38,1113.44
2026-05-19T13:50:04,191.87,1060.86
2026-05-19T13:50:09,191.87,1060.86
2026-05-19T13:50:14,178.48,991.45
2026-05-19T13:50:19,178.48,991.45
2026-05-19T13:50:24,188.84,1080.71
2026-05-19T13:50:29,188.84,1080.71
2026-05-19T13:50:34,209.8,1168.6
2026-05-19T13:50:39,209.8,1168.6
2026-05-19T13:50:44,215.05,1188.18
2026-05-19T13:50:49,215.05,1188.18
2026-05-19T13:50:54,217.22,1212.01
2026-05-19T13:50:59,217.22,1212.01
2026-05-19T13:51:04,206.51,1145.11
2026-05-19T13:51:09,206.51,1145.11
2026-05-19T13:51:14,205.78,1152.45
2026-05-19T13:51:19,205.78,1152.45
2026-05-19T13:51:24,219.82,1223.95
2026-05-19T13:51:29,219.82,1223.95
2026-05-19T13:51:34,217.63,1203.43
2026-05-19T13:51:39,217.63,1203.43
2026-05-19T13:51:44,200.14,1104.04
2026-05-19T13:51:49,200.14,1104.04
2026-05-19T13:51:54,187.93,1046.18
2026-05-19T13:51:59,187.93,1046.18
2026-05-19T13:52:04,186.6,1044.14
2026-05-19T13:52:09,186.6,1044.14
2026-05-19T13:52:14,190.39,1051.94
2026-05-19T13:52:19,190.39,1051.94
2026-05-19T13:52:24,198.7,1104.74
2026-05-19T13:52:29,198.7,1104.74
2026-05-19T13:52:34,206.46,1152.39
2026-05-19T13:52:39,206.46,1152.39
2026-05-19T13:52:44,218.09,1210.93
2026-05-19T13:52:49,218.09,1210.93
2026-05-19T13:52:54,225.86,1248.66
2026-05-19T13:52:59,225.86,1248.66
2026-05-19T13:53:04,223.63,1231.1
2026-05-19T13:53:09,223.63,1231.1
2026-05-19T13:53:14,224.71,1232.99
2026-05-19T13:53:19,224.71,1232.99
2026-05-19T13:53:24,222.07,1238.97
2026-05-19T13:53:29,222.07,1238.97
2026-05-19T13:53:34,218.16,1214.33
2026-05-19T13:53:39,218.16,1214.33
2026-05-19T13:53:44,210.67,1171.45
2026-05-19T13:53:49,210.67,1171.45
2026-05-19T13:53:54,204.72,1148.8
2026-05-19T13:53:59,204.72,1148.8
2026-05-19T13:54:04,196.06,1092.27
2026-05-19T13:54:09,196.06,1092.27
2026-05-19T13:54:14,195.7,1083.06
2026-05-19T13:54:19,195.7,1083.06
2026-05-19T13:54:24,211.74,1174.69
2026-05-19T13:54:29,211.74,1174.69
2026-05-19T13:54:34,217.38,1212.36
2026-05-19T13:54:39,217.38,1212.36
2026-05-19T13:54:44,200.7,1127.32
2026-05-19T13:54:49,200.7,1127.32
2026-05-19T13:54:54,198.84,1106.28
2026-05-19T13:54:59,198.84,1106.28
2026-05-19T13:55:04,207.88,1130.45
2026-05-19T13:55:09,207.88,1130.45
2026-05-19T13:55:14,199.92,1104.46
2026-05-19T13:55:19,199.92,1104.46
2026-05-19T13:55:24,205.12,1146.82
2026-05-19T13:55:29,205.12,1146.82
2026-05-19T13:55:34,209.14,1145.87
2026-05-19T13:55:39,209.14,1145.87
2026-05-19T13:55:44,208.91,1169.68
2026-05-19T13:55:49,208.91,1169.68
2026-05-19T13:55:54,216.86,1222.94
2026-05-19T13:55:59,216.86,1222.94
2026-05-19T13:56:04,213.88,1177.6
2026-05-19T13:56:09,213.88,1177.6
2026-05-19T13:56:14,213.21,1178.85
2026-05-19T13:56:19,213.21,1178.85
2026-05-19T13:56:24,223.54,1246.98
2026-05-19T13:56:29,223.54,1246.98
2026-05-19T13:56:34,226.17,1257.21
2026-05-19T13:56:39,226.17,1257.21
2026-05-19T13:56:44,227.25,1252.39
2026-05-19T13:56:49,227.25,1252.39
2026-05-19T13:56:54,224.19,1233.45
2026-05-19T13:56:59,224.19,1233.45
2026-05-19T13:57:04,215.02,1192.72
2026-05-19T13:57:09,215.02,1192.72
2026-05-19T13:57:14,203.62,1134.24
2026-05-19T13:57:19,203.62,1134.24
2026-05-19T13:57:24,206.25,1140.0
2026-05-19T13:57:29,206.25,1140.0
2026-05-19T13:57:34,214.73,1191.09
2026-05-19T13:57:39,214.73,1191.09
2026-05-19T13:57:44,212.98,1185.89
2026-05-19T13:57:49,212.98,1185.89
2026-05-19T13:57:54,211.58,1186.43
2026-05-19T13:57:59,211.58,1186.43
2026-05-19T13:58:04,207.73,1161.51
2026-05-19T13:58:09,207.73,1161.51
2026-05-19T13:58:14,202.43,1116.73
2026-05-19T13:58:19,202.43,1116.73
2026-05-19T13:58:24,204.99,1138.18
2026-05-19T13:58:29,204.99,1138.18
2026-05-19T13:58:34,203.69,1146.95
2026-05-19T13:58:39,203.69,1146.95
2026-05-19T13:58:44,204.75,1149.52
2026-05-19T13:58:49,204.75,1149.52
2026-05-19T13:58:54,213.58,1189.72
2026-05-19T13:58:59,213.58,1189.72
2026-05-19T13:59:04,216.47,1198.21
2026-05-19T13:59:09,216.47,1198.21
2026-05-19T13:59:14,216.22,1199.45
2026-05-19T13:59:19,216.22,1199.45
2026-05-19T13:59:24,216.33,1200.99
2026-05-19T13:59:29,216.33,1200.99
2026-05-19T13:59:34,213.91,1195.79
2026-05-19T13:59:39,213.91,1195.79
2026-05-19T13:59:44,212.2,1190.28
2026-05-19T13:59:49,212.2,1190.28
2026-05-19T13:59:54,212.99,1185.77
2026-05-19T13:59:59,212.99,1185.77
2026-05-19T14:00:04,198.37,1091.85
2026-05-19T14:00:09,198.37,1091.85
2026-05-19T14:00:14,174.74,981.45
2026-05-19T14:00:19,174.74,981.45
2026-05-19T14:00:24,180.01,1022.41
2026-05-19T14:00:29,180.01,1022.41
2026-05-19T14:00:34,201.1,1111.3
2026-05-19T14:00:39,201.1,1111.3
2026-05-19T14:00:44,204.68,1129.32
2026-05-19T14:00:49,204.68,1129.32
2026-05-19T14:00:54,204.44,1141.66
2026-05-19T14:00:59,204.44,1141.66
2026-05-19T14:01:04,206.23,1165.26
2026-05-19T14:01:09,206.23,1165.26
2026-05-19T14:01:14,208.96,1171.89
2026-05-19T14:01:19,208.96,1171.89
2026-05-19T14:01:24,214.27,1187.36
2026-05-19T14:01:29,214.27,1187.36
2026-05-19T14:01:34,217.56,1214.19
2026-05-19T14:01:39,217.56,1214.19
2026-05-19T14:01:44,214.44,1213.35
2026-05-19T14:01:49,214.44,1213.35
2026-05-19T14:01:54,215.07,1212.07
2026-05-19T14:01:59,215.07,1212.07
2026-05-19T14:02:04,213.77,1184.96
2026-05-19T14:02:09,213.77,1184.96
2026-05-19T14:02:14,207.74,1156.53
2026-05-19T14:02:19,207.74,1156.53
2026-05-19T14:02:24,211.12,1188.19
2026-05-19T14:02:29,211.12,1188.19
2026-05-19T14:02:34,207.55,1165.84
2026-05-19T14:02:39,207.55,1165.84
2026-05-19T14:02:44,209.25,1163.83
2026-05-19T14:02:49,209.25,1163.83
2026-05-19T14:02:54,211.73,1169.45
2026-05-19T14:02:59,211.73,1169.45
2026-05-19T14:03:04,200.63,1120.25
2026-05-19T14:03:09,200.63,1120.25
2026-05-19T14:03:14,204.86,1148.48
2026-05-19T14:03:19,204.86,1148.48
2026-05-19T14:03:24,217.79,1211.14
2026-05-19T14:03:29,217.79,1211.14
2026-05-19T14:03:34,218.56,1218.43
2026-05-19T14:03:39,218.56,1218.43
2026-05-19T14:03:44,218.56,1209.11
2026-05-19T14:03:49,218.56,1209.11
2026-05-19T14:03:54,218.46,1203.35
2026-05-19T14:03:59,218.46,1203.35
2026-05-19T14:04:04,203.13,1126.08
2026-05-19T14:04:09,203.13,1126.08
2026-05-19T14:04:14,198.18,1095.21
2026-05-19T14:04:19,198.18,1095.21
2026-05-19T14:04:24,204.46,1139.73
2026-05-19T14:04:29,204.46,1139.73
2026-05-19T14:04:34,202.65,1129.18
2026-05-19T14:04:39,202.65,1129.18
2026-05-19T14:04:44,200.28,1111.99
2026-05-19T14:04:49,200.28,1111.99
2026-05-19T14:04:54,204.8,1135.46
2026-05-19T14:04:59,204.8,1135.46
2026-05-19T14:05:04,196.65,1082.34
2026-05-19T14:05:09,196.65,1082.34
2026-05-19T14:05:14,175.45,977.52
2026-05-19T14:05:19,175.45,977.52
2026-05-19T14:05:24,189.07,1065.12
2026-05-19T14:05:29,189.07,1065.12
2026-05-19T14:05:34,212.18,1178.85
2026-05-19T14:05:39,212.18,1178.85
2026-05-19T14:05:44,212.61,1173.85
2026-05-19T14:05:49,212.61,1173.85
2026-05-19T14:05:54,214.24,1180.73
2026-05-19T14:05:59,214.24,1180.73
2026-05-19T14:06:04,208.31,1146.16
2026-05-19T14:06:09,208.31,1146.16
2026-05-19T14:06:14,202.38,1127.75
2026-05-19T14:06:19,202.38,1127.75
2026-05-19T14:06:24,209.66,1170.36
2026-05-19T14:06:29,209.66,1170.36
2026-05-19T14:06:34,207.9,1151.51
2026-05-19T14:06:39,207.9,1151.51
2026-05-19T14:06:44,200.51,1115.22
2026-05-19T14:06:49,200.51,1115.22
2026-05-19T14:06:54,203.89,1127.11
2026-05-19T14:06:59,203.89,1127.11
2026-05-19T14:07:04,204.08,1127.39
2026-05-19T14:07:09,204.08,1127.39
2026-05-19T14:07:14,204.51,1144.13
2026-05-19T14:07:19,204.51,1144.13
2026-05-19T14:07:24,212.46,1188.68
2026-05-19T14:07:29,212.46,1188.68
2026-05-19T14:07:34,209.28,1157.79
2026-05-19T14:07:39,209.28,1157.79
2026-05-19T14:07:44,205.13,1135.87
2026-05-19T14:07:49,205.13,1135.87
2026-05-19T14:07:54,212.98,1184.38
2026-05-19T14:07:59,212.98,1184.38
2026-05-19T14:08:04,204.03,1126.73
2026-05-19T14:08:09,204.03,1126.73
2026-05-19T14:08:14,194.54,1079.63
2026-05-19T14:08:19,194.54,1079.63
2026-05-19T14:08:24,207.71,1156.14
2026-05-19T14:08:29,207.71,1156.14
2026-05-19T14:08:34,202.77,1130.05
2026-05-19T14:08:39,202.77,1130.05
2026-05-19T14:08:44,198.12,1107.17
2026-05-19T14:08:49,198.12,1107.17
2026-05-19T14:08:54,207.42,1153.71
2026-05-19T14:08:59,207.42,1153.71
2026-05-19T14:09:04,197.82,1079.21
2026-05-19T14:09:09,197.82,1079.21
2026-05-19T14:09:14,181.58,1012.8
2026-05-19T14:09:19,181.58,1012.8
2026-05-19T14:09:24,196.03,1122.38
2026-05-19T14:09:29,196.03,1122.38
2026-05-19T14:09:34,214.1,1190.97
2026-05-19T14:09:39,214.1,1190.97
2026-05-19T14:09:44,213.09,1172.7
2026-05-19T14:09:49,213.09,1172.7
2026-05-19T14:09:54,215.7,1202.12
2026-05-19T14:09:59,215.7,1202.12
2026-05-19T14:10:04,201.24,1109.42
2026-05-19T14:10:09,201.24,1109.42
2026-05-19T14:10:14,186.27,1035.6
2026-05-19T14:10:19,186.27,1035.6
2026-05-19T14:10:24,182.08,1033.71
2026-05-19T14:10:29,182.08,1033.71
2026-05-19T14:10:34,193.39,1084.17
2026-05-19T14:10:39,193.39,1084.17
2026-05-19T14:10:44,213.17,1184.1
2026-05-19T14:10:49,213.17,1184.1
2026-05-19T14:10:54,216.54,1201.47
2026-05-19T14:10:59,216.54,1201.47
2026-05-19T14:11:04,208.92,1156.95
2026-05-19T14:11:09,208.92,1156.95
2026-05-19T14:11:14,207.0,1166.35
2026-05-19T14:11:19,207.0,1166.35
2026-05-19T14:11:24,217.52,1222.32
2026-05-19T14:11:29,217.52,1222.32
2026-05-19T14:11:34,212.09,1175.62
2026-05-19T14:11:39,212.09,1175.62
2026-05-19T14:11:44,209.47,1171.26
2026-05-19T14:11:49,209.47,1171.26
2026-05-19T14:11:54,218.37,1223.82
2026-05-19T14:11:59,218.37,1223.82
2026-05-19T14:12:04,207.07,1154.29
2026-05-19T14:12:09,207.07,1154.29
2026-05-19T14:12:14,203.4,1129.16
2026-05-19T14:12:19,203.4,1129.16
2026-05-19T14:12:24,212.95,1181.48
2026-05-19T14:12:29,212.95,1181.48
2026-05-19T14:12:34,214.34,1190.16
2026-05-19T14:12:39,214.34,1190.16
2026-05-19T14:12:44,214.93,1208.35
2026-05-19T14:12:49,214.93,1208.35
2026-05-19T14:12:54,216.51,1214.35
2026-05-19T14:12:59,216.51,1214.35
2026-05-19T14:13:04,210.29,1156.52
2026-05-19T14:13:09,210.29,1156.52
2026-05-19T14:13:14,207.41,1144.8
2026-05-19T14:13:19,207.41,1144.8
2026-05-19T14:13:24,217.33,1219.71
2026-05-19T14:13:29,217.33,1219.71
2026-05-19T14:13:34,212.02,1191.17
2026-05-19T14:13:39,212.02,1191.17
2026-05-19T14:13:44,208.25,1161.67
2026-05-19T14:13:49,208.25,1161.67
2026-05-19T14:13:54,215.37,1192.1
2026-05-19T14:13:59,215.37,1192.1
2026-05-19T14:14:04,206.3,1149.35
2026-05-19T14:14:09,206.3,1149.35
2026-05-19T14:14:14,202.34,1127.85
2026-05-19T14:14:19,202.34,1127.85
2026-05-19T14:14:24,213.53,1184.02
2026-05-19T14:14:29,213.53,1184.02
2026-05-19T14:14:34,211.79,1173.9
2026-05-19T14:14:39,211.79,1173.9
2026-05-19T14:14:44,210.47,1186.26
2026-05-19T14:14:49,210.47,1186.26
2026-05-19T14:14:54,217.07,1227.62
2026-05-19T14:14:59,217.07,1227.62
2026-05-19T14:15:04,205.45,1130.07
2026-05-19T14:15:09,205.45,1130.07
2026-05-19T14:15:14,198.41,1111.62
2026-05-19T14:15:19,198.41,1111.62
2026-05-19T14:15:24,209.61,1185.21
2026-05-19T14:15:29,209.61,1185.21
2026-05-19T14:15:34,210.76,1176.04
2026-05-19T14:15:39,210.76,1176.04
2026-05-19T14:15:44,209.23,1170.36
2026-05-19T14:15:49,209.23,1170.36
2026-05-19T14:15:54,206.87,1165.27
2026-05-19T14:15:59,206.87,1165.27
2026-05-19T14:16:04,197.51,1095.15
2026-05-19T14:16:09,197.51,1095.15
2026-05-19T14:16:14,192.85,1068.38
2026-05-19T14:16:19,192.85,1068.38
2026-05-19T14:16:24,192.59,1094.5
2026-05-19T14:16:29,192.59,1094.5
2026-05-19T14:16:34,185.79,1024.09
2026-05-19T14:16:39,185.79,1024.09
2026-05-19T14:16:44,181.38,991.05
2026-05-19T14:16:49,181.38,991.05
2026-05-19T14:16:54,190.55,1066.2
2026-05-19T14:16:59,190.55,1066.2
2026-05-19T14:17:04,195.46,1102.3
2026-05-19T14:17:09,195.46,1102.3
2026-05-19T14:17:14,201.57,1132.26
2026-05-19T14:17:19,201.57,1132.26
2026-05-19T14:17:24,205.75,1160.21
2026-05-19T14:17:29,205.75,1160.21
2026-05-19T14:17:34,198.37,1107.13
2026-05-19T14:17:39,198.37,1107.13
2026-05-19T14:17:44,194.8,1065.07
2026-05-19T14:17:49,194.8,1065.07
2026-05-19T14:17:54,194.32,1075.7
2026-05-19T14:17:59,194.32,1075.7
2026-05-19T14:18:04,199.64,1110.88
2026-05-19T14:18:09,199.64,1110.88
2026-05-19T14:18:14,210.53,1167.1
2026-05-19T14:18:19,210.53,1167.1
2026-05-19T14:18:24,219.71,1226.12
2026-05-19T14:18:29,219.71,1226.12
2026-05-19T14:18:34,223.63,1241.67
2026-05-19T14:18:39,223.63,1241.67
2026-05-19T14:18:44,222.56,1228.69
2026-05-19T14:18:49,222.56,1228.69
2026-05-19T14:18:54,219.08,1218.7
2026-05-19T14:18:59,219.08,1218.7
2026-05-19T14:19:04,212.71,1173.16
2026-05-19T14:19:09,212.71,1173.16
2026-05-19T14:19:14,214.71,1190.86
2026-05-19T14:19:19,214.71,1190.86
2026-05-19T14:19:24,221.94,1233.29
2026-05-19T14:19:29,221.94,1233.29
2026-05-19T14:19:34,221.47,1225.35
2026-05-19T14:19:39,221.47,1225.35
2026-05-19T14:19:44,221.09,1229.65
2026-05-19T14:19:49,221.09,1229.65
2026-05-19T14:19:54,224.73,1242.6
2026-05-19T14:19:59,224.73,1242.6
2026-05-19T14:20:04,216.8,1157.51
2026-05-19T14:20:09,216.8,1157.51
2026-05-19T14:20:14,195.4,1058.95
2026-05-19T14:20:19,195.4,1058.95
2026-05-19T14:20:24,191.17,1089.65
2026-05-19T14:20:29,191.17,1089.65
2026-05-19T14:20:34,202.47,1141.9
2026-05-19T14:20:39,202.47,1141.9
2026-05-19T14:20:44,203.51,1140.94
2026-05-19T14:20:49,203.51,1140.94
2026-05-19T14:20:54,203.03,1135.53
2026-05-19T14:20:59,203.03,1135.53
2026-05-19T14:21:04,202.54,1139.15
2026-05-19T14:21:09,202.54,1139.15
2026-05-19T14:21:14,206.93,963.67
2026-05-19T14:21:19,206.93,963.67
2026-05-19T14:21:24,208.67,752.44
2026-05-19T14:21:29,208.67,752.44
2026-05-19T14:21:34,204.21,707.8
2026-05-19T14:21:39,204.21,707.8
2026-05-19T14:21:44,193.98,732.57
2026-05-19T14:21:49,193.98,732.57
2026-05-19T14:21:54,183.92,875.65
2026-05-19T14:21:59,183.92,875.65
2026-05-19T14:22:04,185.11,911.98
2026-05-19T14:22:09,185.11,911.98
2026-05-19T14:22:14,168.59,754.68
2026-05-19T14:22:19,168.59,754.68
2026-05-19T14:22:24,156.28,783.64
2026-05-19T14:22:29,156.28,783.64
2026-05-19T14:22:34,173.51,964.14
2026-05-19T14:22:39,173.51,964.14
2026-05-19T14:22:44,198.0,1090.15
2026-05-19T14:22:49,198.0,1090.15
2026-05-19T14:22:54,208.1,1147.92
2026-05-19T14:22:59,208.1,1147.92
2026-05-19T14:23:04,203.2,1138.6
2026-05-19T14:23:09,203.2,1138.6
2026-05-19T14:23:14,201.94,1137.9
2026-05-19T14:23:19,201.94,1137.9
2026-05-19T14:23:24,210.69,1191.45
2026-05-19T14:23:29,210.69,1191.45
2026-05-19T14:23:34,217.48,1213.83
2026-05-19T14:23:39,217.48,1213.83
2026-05-19T14:23:44,215.87,1200.56
2026-05-19T14:23:49,215.87,1200.56
2026-05-19T14:23:54,215.36,1204.99
2026-05-19T14:23:59,215.36,1204.99
2026-05-19T14:24:04,207.12,1160.79
2026-05-19T14:24:09,207.12,1160.79
2026-05-19T14:24:14,205.81,1151.9
2026-05-19T14:24:19,205.81,1151.9
2026-05-19T14:24:24,214.7,1195.56
2026-05-19T14:24:29,214.7,1195.56
2026-05-19T14:24:34,209.12,1174.6
2026-05-19T14:24:39,209.12,1174.6
2026-05-19T14:24:44,208.53,1172.6
2026-05-19T14:24:49,208.53,1172.6
2026-05-19T14:24:54,214.09,1194.35
2026-05-19T14:24:59,214.09,1194.35
2026-05-19T14:25:04,200.39,1097.17
2026-05-19T14:25:09,200.39,1097.17
2026-05-19T14:25:14,193.71,1089.83
2026-05-19T14:25:19,193.71,1089.83
2026-05-19T14:25:24,210.69,1197.53
2026-05-19T14:25:29,210.69,1197.53
2026-05-19T14:25:34,218.86,1206.98
2026-05-19T14:25:39,218.86,1206.98
2026-05-19T14:25:44,216.86,1209.24
2026-05-19T14:25:49,216.86,1209.24
2026-05-19T14:25:54,215.36,1215.29
2026-05-19T14:25:59,215.36,1215.29
2026-05-19T14:26:04,211.6,1180.88
2026-05-19T14:26:09,211.6,1180.88
2026-05-19T14:26:14,201.6,1134.7
2026-05-19T14:26:19,201.6,1134.7
2026-05-19T14:26:24,202.74,1154.88
2026-05-19T14:26:29,202.74,1154.88
2026-05-19T14:26:34,204.93,1160.61
2026-05-19T14:26:39,204.93,1160.61
2026-05-19T14:26:44,200.48,1131.9
2026-05-19T14:26:49,200.48,1131.9
2026-05-19T14:26:54,205.08,1161.78
2026-05-19T14:26:59,205.08,1161.78
2026-05-19T14:27:04,196.93,1122.46
2026-05-19T14:27:09,196.93,1122.46
2026-05-19T14:27:14,195.23,1093.11
2026-05-19T14:27:19,195.23,1093.11
2026-05-19T14:27:24,207.2,1169.7
2026-05-19T14:27:29,207.2,1169.7
2026-05-19T14:27:34,200.18,1142.97
2026-05-19T14:27:39,200.18,1142.97
2026-05-19T14:27:44,195.05,1114.77
2026-05-19T14:27:49,195.05,1114.77
2026-05-19T14:27:54,193.27,1103.59
2026-05-19T14:27:59,193.27,1103.59
2026-05-19T14:28:04,177.8,989.76
2026-05-19T14:28:09,177.8,989.76
2026-05-19T14:28:14,172.07,943.34
2026-05-19T14:28:19,172.07,943.34
2026-05-19T14:28:24,172.81,955.06
2026-05-19T14:28:29,172.81,955.06
2026-05-19T14:28:34,165.41,923.23
2026-05-19T14:28:39,165.41,923.23
2026-05-19T14:28:44,159.99,892.99
2026-05-19T14:28:49,159.99,892.99
2026-05-19T14:28:54,154.4,865.61
2026-05-19T14:28:59,154.4,865.61
2026-05-19T14:29:04,145.81,821.54
2026-05-19T14:29:09,145.81,821.54
2026-05-19T14:29:14,138.94,780.96
2026-05-19T14:29:19,138.94,780.96
2026-05-19T14:29:24,133.16,740.47
2026-05-19T14:29:29,133.16,740.47
2026-05-19T14:29:34,126.03,705.21
2026-05-19T14:29:39,126.03,705.21
2026-05-19T14:29:44,121.11,676.24
2026-05-19T14:29:49,121.11,676.24
2026-05-19T14:29:54,116.55,642.09
2026-05-19T14:29:59,116.55,642.09
2026-05-19T14:30:04,106.93,590.71
2026-05-19T14:30:09,106.93,590.71
2026-05-19T14:30:14,98.13,545.46
2026-05-19T14:30:19,98.13,545.46
2026-05-19T14:30:24,94.72,525.48
2026-05-19T14:30:29,94.72,525.48
2026-05-19T14:30:34,90.42,492.92
2026-05-19T14:30:39,90.42,492.92
2026-05-19T14:30:44,82.03,447.67
2026-05-19T14:30:49,82.03,447.67
2026-05-19T14:30:54,73.54,401.91
2026-05-19T14:30:59,73.54,401.91
2026-05-19T14:31:04,65.63,360.26
2026-05-19T14:31:09,65.63,360.26
2026-05-19T14:31:14,57.93,316.71
2026-05-19T14:31:19,57.93,316.71
2026-05-19T14:31:24,50.16,274.08
2026-05-19T14:31:29,50.16,274.08
2026-05-19T14:31:34,41.59,230.63
2026-05-19T14:31:39,41.59,230.63
2026-05-19T14:31:44,33.9,188.28
2026-05-19T14:31:49,33.9,188.28
2026-05-19T14:31:54,27.17,151.5
2026-05-19T14:31:59,27.17,151.5
2026-05-19T14:32:04,20.0,111.47
2026-05-19T14:32:09,20.0,111.47
2026-05-19T14:32:14,12.58,68.49
2026-05-19T14:32:19,12.58,68.49
2026-05-19T14:32:24,5.66,28.64
2026-05-19T14:32:29,5.66,28.64
2026-05-19T14:32:34,1.52,6.78
2026-05-19T14:32:39,1.52,6.78
2026-05-19T14:32:44,0.62,1.99
2026-05-19T14:32:49,0.62,1.99
2026-05-19T14:32:54,0.9,2.74
2026-05-19T14:32:59,0.59,1.81
