timestamp,cpu_total_pct,mem_used_mb,mem_total_mb,pg_active,pg_idle,pg_cache_hit_ratio,pg_tps_delta,target_pid_cpu_pct,target_pid_mem_mb
2026-05-19T14:34:14,12.7,2089,7941,0,3,99.99,11,11.0,187.5
2026-05-19T14:34:19,10.1,2063,7941,1,3,99.99,21,7.5,199.7
2026-05-19T14:34:24,11.3,1999,7941,0,4,99.99,49,9.0,175.0
2026-05-19T14:34:29,13.5,2016,7941,0,4,99.99,72,10.8,192.1
2026-05-19T14:34:35,13.5,2026,7941,0,4,99.99,79,10.3,205.6
2026-05-19T14:34:40,13.7,2034,7941,0,5,99.99,126,10.7,220.8
2026-05-19T14:34:45,14.3,2029,7941,0,5,99.99,107,11.2,217.6
2026-05-19T14:34:51,14.9,2026,7941,0,4,99.99,136,11.5,218.1
2026-05-19T14:34:56,16.2,2031,7941,1,3,99.99,175,12.7,218.3
2026-05-19T14:35:01,18.9,2041,7941,0,5,99.99,199,14.8,220.8
2026-05-19T14:35:07,27.6,2048,7941,0,7,99.99,163,25.1,227.6
2026-05-19T14:35:12,20.7,2081,7941,0,7,99.99,227,15.8,257.2
2026-05-19T14:35:17,23.7,2070,7941,0,3,99.99,257,17.9,262.1
2026-05-19T14:35:23,21.6,2068,7941,0,6,99.99,251,16.1,230.2
2026-05-19T14:35:28,22.9,2063,7941,0,6,99.99,294,17.0,231.3
2026-05-19T14:35:33,23.4,2078,7941,0,6,99.99,294,17.4,249.6
2026-05-19T14:35:38,23.3,2078,7941,1,5,99.99,291,16.9,249.8
2026-05-19T14:35:44,24.3,2086,7941,1,8,99.99,314,17.9,250.1
2026-05-19T14:35:49,41.0,2170,7941,0,8,99.99,391,19.3,250.3
2026-05-19T14:35:54,50.6,2172,7941,2,5,99.99,411,17.6,250.5
2026-05-19T14:36:00,52.1,2179,7941,0,7,99.99,408,19.1,250.6
2026-05-19T14:36:05,58.5,2170,7941,1,9,99.99,360,24.4,251.0
2026-05-19T14:36:10,33.2,2105,7941,0,10,99.99,453,21.4,255.1
2026-05-19T14:36:16,20.8,2105,7941,2,5,99.99,359,13.7,276.3
2026-05-19T14:36:21,24.0,2122,7941,0,9,99.99,343,17.8,296.3
2026-05-19T14:36:26,20.3,2141,7941,0,9,99.99,345,13.9,315.1
2026-05-19T14:36:31,22.7,2173,7941,0,8,99.99,293,16.1,334.4
2026-05-19T14:36:37,29.1,2170,7941,0,7,99.99,545,20.1,345.2
2026-05-19T14:36:42,30.1,2186,7941,0,8,99.99,584,21.3,345.2
2026-05-19T14:36:47,30.0,2193,7941,0,8,99.99,525,20.8,345.2
2026-05-19T14:36:52,31.6,2185,7941,0,9,99.99,544,22.7,345.3
2026-05-19T14:36:58,33.7,2184,7941,1,8,99.99,649,22.8,345.3
2026-05-19T14:37:03,49.5,2221,7941,0,10,99.99,585,29.0,345.4
2026-05-19T14:37:08,37.2,2207,7941,0,10,99.99,640,25.7,345.6
2026-05-19T14:37:14,36.7,2199,7941,1,9,99.99,653,25.9,345.6
2026-05-19T14:37:19,35.7,2203,7941,0,11,99.99,697,24.2,345.6
2026-05-19T14:37:24,40.4,2194,7941,0,10,99.99,696,28.1,345.7
2026-05-19T14:37:29,34.6,2194,7941,0,10,99.99,671,23.4,345.7
2026-05-19T14:37:35,38.9,2192,7941,0,10,99.99,798,27.1,345.9
2026-05-19T14:37:40,39.7,2215,7941,0,10,99.99,726,28.1,361.8
2026-05-19T14:37:45,37.8,2217,7941,1,10,99.99,796,25.6,362.0
2026-05-19T14:37:51,39.4,2220,7941,0,11,99.99,762,26.0,362.0
2026-05-19T14:37:56,40.1,2220,7941,0,11,99.99,791,27.7,366.7
2026-05-19T14:38:01,43.6,2227,7941,0,11,99.99,831,28.6,366.8
2026-05-19T14:38:07,46.4,2215,7941,1,10,99.99,746,32.2,367.2
2026-05-19T14:38:12,39.7,2224,7941,0,8,99.99,884,27.7,371.3
2026-05-19T14:38:17,41.5,2224,7941,0,11,99.99,879,27.9,371.3
2026-05-19T14:38:22,42.0,2230,7941,1,8,99.99,942,28.3,371.4
2026-05-19T14:38:28,41.9,2236,7941,0,11,99.99,808,27.7,371.9
2026-05-19T14:38:33,43.6,2234,7941,0,10,99.99,790,29.2,372.0
2026-05-19T14:38:38,44.9,2230,7941,1,10,99.99,843,30.5,372.0
2026-05-19T14:38:44,45.4,2231,7941,2,6,99.99,970,30.8,372.1
2026-05-19T14:38:49,46.1,2233,7941,1,9,99.99,985,30.3,372.1
2026-05-19T14:38:54,46.2,2238,7941,1,7,99.99,956,30.8,372.2
2026-05-19T14:39:00,52.4,2295,7941,1,10,99.99,1011,30.2,372.3
2026-05-19T14:39:05,50.2,2244,7941,0,10,99.99,641,33.2,372.3
2026-05-19T14:39:10,45.3,2234,7941,1,10,99.99,921,31.0,372.3
2026-05-19T14:39:16,40.4,2230,7941,0,11,99.99,1024,25.8,372.3
2026-05-19T14:39:21,41.0,2233,7941,1,8,99.99,920,26.2,372.5
2026-05-19T14:39:26,44.2,2234,7941,0,11,99.99,1010,27.3,372.6
2026-05-19T14:39:32,43.6,2235,7941,0,9,99.99,1013,26.8,372.6
2026-05-19T14:39:37,42.1,2225,7941,0,11,99.99,1051,25.8,372.6
2026-05-19T14:39:42,42.8,2232,7941,0,10,99.99,1103,26.7,375.7
2026-05-19T14:39:47,42.1,2234,7941,0,9,99.99,857,26.4,375.7
2026-05-19T14:39:53,43.2,2236,7941,0,10,99.99,1031,27.3,375.7
2026-05-19T14:39:58,40.8,2238,7941,2,10,99.99,1048,25.2,375.7
2026-05-19T14:40:03,42.0,2240,7941,0,10,99.99,657,27.1,375.7
2026-05-19T14:40:09,43.7,2239,7941,1,8,99.99,884,28.6,375.7
2026-05-19T14:40:14,43.1,2240,7941,1,10,99.99,886,27.0,375.9
2026-05-19T14:40:19,44.2,2236,7941,0,10,99.99,952,27.7,375.9
2026-05-19T14:40:25,43.8,2240,7941,0,11,99.99,784,28.3,375.9
2026-05-19T14:40:30,43.8,2234,7941,0,9,99.99,976,27.6,375.9
2026-05-19T14:40:35,43.9,2235,7941,0,10,99.99,979,26.9,375.9
2026-05-19T14:40:41,43.7,2239,7941,0,10,99.99,1000,27.2,376.1
2026-05-19T14:40:46,43.0,2244,7941,0,10,99.99,1074,27.0,376.1
2026-05-19T14:40:51,43.4,2244,7941,0,9,99.99,972,26.7,376.1
2026-05-19T14:40:57,45.8,2240,7941,0,10,99.99,962,28.1,375.6
2026-05-19T14:41:02,51.2,2289,7941,0,10,99.99,883,27.8,375.6
2026-05-19T14:41:07,43.4,2248,7941,0,10,99.99,1004,27.6,375.6
2026-05-19T14:41:13,40.5,2241,7941,0,10,99.99,1015,25.3,375.6
2026-05-19T14:41:18,41.8,2248,7941,0,11,99.99,1042,26.5,375.6
2026-05-19T14:41:23,41.2,2254,7941,0,11,99.99,1084,25.3,375.6
2026-05-19T14:41:28,43.0,2242,7941,0,10,99.99,1041,26.6,377.7
2026-05-19T14:41:34,42.2,2250,7941,1,10,99.99,934,26.6,377.7
2026-05-19T14:41:39,43.3,2253,7941,0,8,99.99,1029,26.3,377.8
2026-05-19T14:41:44,43.4,2243,7941,1,8,99.99,877,28.3,377.8
2026-05-19T14:41:50,43.0,2245,7941,0,10,99.99,970,27.3,377.8
2026-05-19T14:41:55,44.8,2234,7941,1,10,99.99,990,28.0,377.8
2026-05-19T14:42:00,46.5,2249,7941,0,8,99.99,992,26.9,378.0
2026-05-19T14:42:06,44.6,2235,7941,0,11,99.99,699,28.8,378.0
2026-05-19T14:42:11,45.1,2233,7941,0,10,99.99,1012,27.9,378.0
2026-05-19T14:42:16,42.2,2236,7941,1,10,99.99,1005,26.2,378.0
2026-05-19T14:42:22,42.6,2237,7941,0,11,99.99,908,27.2,378.0
2026-05-19T14:42:27,44.9,2238,7941,0,10,99.99,913,28.2,378.0
2026-05-19T14:42:32,44.2,2242,7941,0,8,99.99,943,27.5,378.0
2026-05-19T14:42:38,43.5,2237,7941,0,11,99.99,935,27.2,378.0
2026-05-19T14:42:43,43.0,2231,7941,0,7,99.99,990,27.9,378.0
2026-05-19T14:42:48,44.7,2232,7941,1,9,99.99,985,27.5,378.0
2026-05-19T14:42:54,43.3,2228,7941,0,11,99.99,961,26.9,378.7
2026-05-19T14:42:59,46.3,2301,7941,1,11,99.99,979,26.7,378.7
2026-05-19T14:43:04,45.9,2236,7941,0,11,99.99,788,26.9,378.8
2026-05-19T14:43:10,41.1,2240,7941,0,10,99.99,1045,25.6,378.9
2026-05-19T14:43:15,40.5,2248,7941,0,10,99.99,910,25.7,378.9
2026-05-19T14:43:20,40.4,2244,7941,0,11,99.99,1022,25.4,378.9
2026-05-19T14:43:25,40.8,2239,7941,1,10,99.99,1142,25.6,379.0
2026-05-19T14:43:31,40.6,2235,7941,1,10,99.99,955,25.7,379.0
2026-05-19T14:43:36,43.7,2239,7941,0,10,99.99,941,28.0,379.0
2026-05-19T14:43:41,41.3,2240,7941,0,11,99.99,973,26.2,379.0
2026-05-19T14:43:47,43.6,2232,7941,1,9,99.99,881,27.3,379.0
2026-05-19T14:43:52,42.0,2236,7941,0,10,99.99,1026,26.2,379.0
2026-05-19T14:43:57,41.7,2236,7941,0,9,99.99,968,25.7,379.0
2026-05-19T14:44:03,45.7,2237,7941,0,11,99.99,893,26.8,379.1
2026-05-19T14:44:08,44.6,2236,7941,0,11,99.99,974,27.7,379.1
2026-05-19T14:44:13,42.2,2233,7941,0,9,99.99,928,26.8,379.1
2026-05-19T14:44:19,42.6,2239,7941,0,10,99.99,989,27.0,379.1
2026-05-19T14:44:24,42.9,2237,7941,1,9,99.99,878,27.8,379.3
2026-05-19T14:44:29,42.0,2239,7941,1,9,99.99,944,26.7,379.3
2026-05-19T14:44:34,42.5,2233,7941,0,8,99.99,976,26.8,379.3
2026-05-19T14:44:40,43.5,2240,7941,0,10,99.99,925,27.0,379.3
2026-05-19T14:44:45,42.9,2235,7941,0,10,99.99,933,27.0,379.3
2026-05-19T14:44:50,43.4,2239,7941,0,11,99.99,955,27.8,379.3
2026-05-19T14:44:56,44.3,2242,7941,1,9,99.99,877,27.3,379.3
2026-05-19T14:45:01,49.2,2270,7941,0,10,99.99,1020,26.1,379.3
2026-05-19T14:45:07,42.9,2245,7941,0,9,99.99,598,30.1,379.3
2026-05-19T14:45:12,42.8,2245,7941,0,10,99.99,925,27.3,379.3
2026-05-19T14:45:17,42.9,2246,7941,0,10,99.99,1101,26.6,379.3
2026-05-19T14:45:23,42.6,2248,7941,0,9,99.99,1050,27.1,379.3
2026-05-19T14:45:28,44.7,2248,7941,0,10,99.99,964,27.5,379.3
2026-05-19T14:45:33,44.3,2244,7941,0,10,99.99,970,27.8,379.3
2026-05-19T14:45:39,43.4,2244,7941,0,11,99.99,1003,27.2,379.3
2026-05-19T14:45:44,42.1,2245,7941,1,10,99.99,1017,26.5,379.3
2026-05-19T14:45:49,43.9,2246,7941,0,10,99.99,1046,26.8,379.4
2026-05-19T14:45:55,42.0,2241,7941,0,10,99.99,1045,26.3,379.4
2026-05-19T14:46:00,48.5,2265,7941,1,9,99.99,894,27.6,379.4
2026-05-19T14:46:05,44.3,2240,7941,0,11,99.99,803,28.5,379.4
2026-05-19T14:46:11,43.0,2243,7941,1,10,99.99,960,27.0,379.5
2026-05-19T14:46:16,42.5,2236,7941,1,9,99.99,875,27.2,379.5
2026-05-19T14:46:21,43.4,2241,7941,0,10,99.99,1026,27.7,379.5
2026-05-19T14:46:26,43.9,2243,7941,0,9,99.99,1008,27.4,379.5
2026-05-19T14:46:32,43.7,2231,7941,1,9,99.99,873,28.0,379.9
2026-05-19T14:46:37,43.4,2238,7941,0,10,99.99,938,28.1,379.9
2026-05-19T14:46:43,42.7,2238,7941,1,10,99.99,923,27.6,379.9
2026-05-19T14:46:48,45.6,2248,7941,0,8,99.99,899,28.6,380.0
2026-05-19T14:46:53,42.8,2248,7941,0,9,99.99,1040,26.5,380.0
2026-05-19T14:46:58,45.2,2277,7941,2,10,99.99,923,26.7,380.0
2026-05-19T14:47:04,49.2,2268,7941,1,10,99.99,960,27.7,380.0
2026-05-19T14:47:09,45.0,2245,7941,0,11,99.99,894,27.7,380.0
2026-05-19T14:47:14,43.6,2244,7941,0,8,99.99,990,27.2,380.2
2026-05-19T14:47:20,44.9,2244,7941,0,10,99.99,939,28.0,380.4
2026-05-19T14:47:25,44.9,2247,7941,0,10,99.99,952,27.2,380.5
2026-05-19T14:47:30,44.5,2243,7941,1,10,99.99,873,28.4,380.5
2026-05-19T14:47:36,44.8,2247,7941,0,10,99.99,926,27.3,380.5
2026-05-19T14:47:41,42.5,2253,7941,2,8,99.99,794,27.7,380.5
2026-05-19T14:47:46,45.0,2248,7941,0,8,99.99,926,28.5,380.5
2026-05-19T14:47:52,44.5,2240,7941,0,9,99.99,925,27.8,380.5
2026-05-19T14:47:57,44.7,2241,7941,0,11,99.99,905,27.6,380.5
2026-05-19T14:48:02,47.3,2261,7941,0,9,99.99,778,28.6,380.5
2026-05-19T14:48:08,43.6,2249,7941,0,10,99.99,798,28.5,380.5
2026-05-19T14:48:13,44.2,2244,7941,0,9,99.99,912,27.7,380.5
2026-05-19T14:48:19,46.8,2243,7941,0,11,99.99,898,28.5,380.5
2026-05-19T14:48:24,45.0,2245,7941,0,11,99.99,932,27.9,380.5
2026-05-19T14:48:29,45.9,2248,7941,0,11,99.99,960,27.8,380.5
2026-05-19T14:48:35,46.7,2238,7941,0,10,99.99,943,28.5,380.5
2026-05-19T14:48:40,44.1,2242,7941,0,11,99.99,859,27.9,380.5
2026-05-19T14:48:45,45.7,2240,7941,0,11,99.99,968,27.8,380.5
2026-05-19T14:48:51,44.5,2247,7941,0,9,99.99,786,28.2,380.5
2026-05-19T14:48:56,45.1,2245,7941,1,9,99.99,1048,27.5,380.5
2026-05-19T14:49:02,51.9,2285,7941,1,10,99.99,866,28.0,380.5
2026-05-19T14:49:07,43.8,2259,7941,1,10,99.99,716,28.9,380.5
2026-05-19T14:49:12,44.1,2255,7941,0,8,99.99,781,27.1,380.5
2026-05-19T14:49:18,44.8,2241,7941,1,8,99.99,961,27.4,380.5
2026-05-19T14:49:23,45.2,2241,7941,0,10,99.99,946,27.8,380.5
2026-05-19T14:49:28,42.6,2241,7941,1,9,99.99,835,27.3,380.5
2026-05-19T14:49:34,42.7,2248,7941,0,11,99.99,774,27.9,380.5
2026-05-19T14:49:39,44.9,2235,7941,0,10,99.99,904,28.4,380.5
2026-05-19T14:49:45,46.5,2242,7941,1,8,99.99,950,28.0,380.5
2026-05-19T14:49:50,44.1,2239,7941,1,9,99.99,894,27.7,380.5
2026-05-19T14:49:55,44.3,2239,7941,0,11,99.99,863,28.2,380.5
2026-05-19T14:50:01,46.5,2263,7941,1,9,99.99,842,27.7,380.5
2026-05-19T14:50:06,42.8,2243,7941,0,10,99.99,569,28.7,380.5
2026-05-19T14:50:12,45.5,2249,7941,1,10,99.99,831,29.0,380.5
2026-05-19T14:50:17,43.2,2240,7941,1,9,99.99,781,27.9,380.5
2026-05-19T14:50:22,43.7,2240,7941,0,11,99.99,818,27.7,380.5
2026-05-19T14:50:28,43.8,2239,7941,0,10,99.99,842,28.1,380.5
2026-05-19T14:50:33,45.7,2238,7941,0,7,99.99,872,28.0,380.5
2026-05-19T14:50:38,44.6,2239,7941,0,11,99.99,897,27.6,380.5
2026-05-19T14:50:44,42.9,2239,7941,0,9,99.99,767,28.1,380.5
2026-05-19T14:50:49,43.1,2239,7941,1,10,99.99,795,27.6,380.5
2026-05-19T14:50:54,43.8,2234,7941,2,9,99.99,840,27.8,380.5
2026-05-19T14:51:00,52.6,2302,7941,2,8,99.99,927,28.5,380.5
2026-05-19T14:51:05,43.6,2252,7941,0,9,99.99,743,27.5,380.5
2026-05-19T14:51:11,42.6,2249,7941,1,9,99.99,803,27.7,380.5
2026-05-19T14:51:16,43.5,2241,7941,0,10,99.99,930,27.1,380.5
2026-05-19T14:51:21,44.3,2249,7941,0,10,99.99,958,28.1,382.9
2026-05-19T14:51:27,45.0,2238,7941,0,9,99.99,991,27.7,382.9
2026-05-19T14:51:32,45.7,2242,7941,0,11,99.99,915,28.4,382.9
2026-05-19T14:51:37,42.2,2245,7941,0,9,99.99,778,27.8,382.9
2026-05-19T14:51:43,43.1,2245,7941,0,10,99.99,829,27.8,382.9
2026-05-19T14:51:48,44.8,2246,7941,0,11,99.99,875,27.7,382.9
2026-05-19T14:51:53,45.4,2251,7941,1,9,99.99,922,28.0,383.0
2026-05-19T14:51:59,44.5,2279,7941,1,11,99.99,849,27.6,383.0
2026-05-19T14:52:04,45.4,2246,7941,1,10,99.99,669,27.6,383.0
2026-05-19T14:52:10,42.6,2254,7941,1,10,99.99,792,28.2,383.0
2026-05-19T14:52:15,41.1,2249,7941,0,11,99.99,738,26.5,383.0
2026-05-19T14:52:20,43.2,2253,7941,0,10,99.99,968,26.6,383.0
2026-05-19T14:52:25,41.0,2248,7941,0,10,99.99,896,25.5,383.5
2026-05-19T14:52:31,42.5,2259,7941,0,9,99.99,881,27.2,383.5
2026-05-19T14:52:36,43.3,2259,7941,0,10,99.99,858,27.3,383.5
2026-05-19T14:52:41,43.4,2258,7941,0,9,99.99,784,28.5,383.5
2026-05-19T14:52:47,42.1,2259,7941,0,9,99.99,833,27.7,383.5
2026-05-19T14:52:52,43.1,2259,7941,0,9,99.99,765,27.7,383.5
2026-05-19T14:52:58,43.7,2262,7941,0,11,99.99,908,28.5,383.5
2026-05-19T14:53:03,49.8,2271,7941,0,9,99.99,740,27.7,383.5
2026-05-19T14:53:08,44.2,2240,7941,0,7,99.99,961,27.6,383.5
2026-05-19T14:53:14,43.9,2246,7941,0,10,99.99,882,28.5,383.5
2026-05-19T14:53:19,44.2,2248,7941,0,10,99.99,941,27.4,383.5
2026-05-19T14:53:24,43.9,2251,7941,0,11,99.99,933,27.5,383.5
2026-05-19T14:53:30,43.5,2251,7941,1,10,99.99,901,28.3,383.5
2026-05-19T14:53:35,43.5,2249,7941,0,11,99.99,789,27.6,383.5
2026-05-19T14:53:40,42.9,2253,7941,0,10,99.99,966,26.9,383.5
2026-05-19T14:53:46,45.1,2247,7941,0,10,99.99,851,28.3,383.5
2026-05-19T14:53:51,43.2,2251,7941,0,8,99.99,736,27.6,383.5
2026-05-19T14:53:56,43.9,2247,7941,0,8,99.99,896,27.5,383.5
2026-05-19T14:54:02,45.0,2251,7941,0,9,99.99,797,28.2,383.7
2026-05-19T14:54:07,43.3,2251,7941,1,9,99.99,849,28.8,383.7
2026-05-19T14:54:13,40.8,2249,7941,0,11,99.99,951,25.7,383.7
2026-05-19T14:54:18,44.6,2249,7941,0,10,99.99,1073,27.2,383.7
2026-05-19T14:54:23,42.4,2248,7941,0,10,99.99,1031,26.6,383.7
2026-05-19T14:54:28,41.5,2250,7941,0,11,99.99,999,26.2,383.7
2026-05-19T14:54:34,40.2,2256,7941,0,10,99.99,1037,25.8,383.7
2026-05-19T14:54:39,37.4,2251,7941,1,10,99.99,1019,23.2,383.7
2026-05-19T14:54:44,37.6,2257,7941,0,10,99.99,1021,23.6,383.7
2026-05-19T14:54:50,38.2,2255,7941,2,9,99.99,1051,24.1,383.7
2026-05-19T14:54:55,37.1,2245,7941,0,11,99.99,1078,22.9,383.7
2026-05-19T14:55:00,46.4,2283,7941,2,10,99.99,1066,24.6,383.7
2026-05-19T14:55:05,44.2,2249,7941,1,10,99.99,728,27.4,383.7
2026-05-19T14:55:11,41.5,2248,7941,0,9,99.99,1008,26.5,383.7
2026-05-19T14:55:16,41.9,2252,7941,0,9,99.99,1136,26.8,383.7
2026-05-19T14:55:21,39.9,2246,7941,1,10,99.99,1007,24.7,383.7
2026-05-19T14:55:27,39.7,2256,7941,1,6,99.99,1040,25.4,385.2
2026-05-19T14:55:32,40.0,2256,7941,0,10,99.99,1013,25.4,385.9
2026-05-19T14:55:37,38.3,2252,7941,0,11,99.99,970,23.2,385.9
2026-05-19T14:55:42,37.0,2255,7941,0,11,99.99,1018,22.9,385.9
2026-05-19T14:55:48,26.5,2257,7941,0,11,99.99,664,15.2,385.9
2026-05-19T14:55:53,29.0,2255,7941,0,10,99.99,699,17.6,385.9
2026-05-19T14:55:58,30.8,2261,7941,1,11,99.99,722,19.4,385.9
2026-05-19T14:56:03,35.8,2251,7941,0,11,99.99,743,21.3,385.9
2026-05-19T14:56:09,25.0,2250,7941,0,11,99.99,595,16.0,385.9
2026-05-19T14:56:14,33.7,2253,7941,1,9,99.99,867,21.1,385.9
2026-05-19T14:56:19,34.3,2252,7941,0,11,99.99,859,21.6,385.9
2026-05-19T14:56:25,35.1,2253,7941,0,8,99.99,1054,21.6,385.9
2026-05-19T14:56:30,34.0,2258,7941,1,9,99.99,909,21.6,385.9
2026-05-19T14:56:35,36.8,2252,7941,1,10,99.99,981,23.3,385.9
2026-05-19T14:56:40,33.2,2260,7941,0,11,99.99,875,21.1,385.9
2026-05-19T14:56:46,33.7,2258,7941,0,11,99.99,976,20.7,385.9
2026-05-19T14:56:51,35.9,2264,7941,1,10,99.99,1043,22.6,385.9
2026-05-19T14:56:56,34.7,2254,7941,0,11,99.99,887,21.8,385.9
2026-05-19T14:57:01,42.7,2306,7941,2,8,99.99,988,23.5,385.9
2026-05-19T14:57:07,39.0,2257,7941,0,9,99.99,866,25.0,385.9
2026-05-19T14:57:12,30.5,2261,7941,0,9,99.99,841,19.1,385.9
2026-05-19T14:57:17,32.0,2259,7941,0,11,99.99,916,20.2,385.9
2026-05-19T14:57:22,34.3,2259,7941,0,11,99.99,909,21.9,385.9
2026-05-19T14:57:28,33.7,2259,7941,0,8,99.99,935,20.9,385.9
2026-05-19T14:57:33,33.8,2253,7941,0,9,99.99,941,21.4,385.9
2026-05-19T14:57:38,31.9,2247,7941,0,11,99.99,922,19.7,385.9
2026-05-19T14:57:43,35.1,2257,7941,0,11,99.99,985,22.0,385.9
2026-05-19T14:57:49,40.6,2257,7941,0,11,99.99,1040,24.7,385.9
2026-05-19T14:57:54,37.7,2256,7941,0,10,99.99,979,24.2,385.9
2026-05-19T14:57:59,39.8,2287,7941,1,11,99.99,1131,23.6,385.9
2026-05-19T14:58:04,41.2,2255,7941,1,10,99.99,1007,24.4,385.9
2026-05-19T14:58:10,36.8,2251,7941,0,10,99.99,1071,22.9,386.0
2026-05-19T14:58:15,36.2,2245,7941,0,10,99.99,1103,22.8,386.0
2026-05-19T14:58:20,36.4,2255,7941,0,7,99.99,1004,23.2,386.0
2026-05-19T14:58:25,37.3,2253,7941,0,11,99.99,1025,22.9,386.0
2026-05-19T14:58:31,37.0,2249,7941,0,11,99.99,906,23.1,386.0
2026-05-19T14:58:36,37.7,2249,7941,0,10,99.99,1102,23.8,386.0
2026-05-19T14:58:41,28.4,2259,7941,1,10,99.99,627,18.2,386.0
2026-05-19T14:58:47,34.6,2253,7941,1,9,99.99,865,22.2,386.0
2026-05-19T14:58:52,37.1,2249,7941,0,11,99.99,986,23.2,386.0
2026-05-19T14:58:57,38.4,2251,7941,0,8,99.99,1037,24.2,386.0
2026-05-19T14:59:02,46.7,2297,7941,1,9,99.99,941,26.1,386.1
2026-05-19T14:59:08,42.5,2252,7941,0,11,99.99,875,26.6,386.2
2026-05-19T14:59:13,38.9,2250,7941,0,11,99.99,1142,24.6,386.2
2026-05-19T14:59:18,37.0,2251,7941,0,11,99.99,970,22.8,386.2
2026-05-19T14:59:23,40.2,2254,7941,1,9,99.99,1014,25.6,386.2
2026-05-19T14:59:29,37.6,2245,7941,1,8,99.99,1094,23.6,386.2
2026-05-19T14:59:34,39.0,2252,7941,1,10,99.99,1025,24.4,386.2
2026-05-19T14:59:39,40.5,2255,7941,0,11,99.99,1015,25.2,386.2
2026-05-19T14:59:45,41.7,2248,7941,1,7,99.99,1117,25.4,386.2
2026-05-19T14:59:50,42.0,2253,7941,0,11,99.99,1010,26.2,386.2
2026-05-19T14:59:55,42.3,2251,7941,0,10,99.99,1005,26.3,386.2
2026-05-19T15:00:00,44.9,2259,7941,0,9,99.99,1003,26.2,386.2
2026-05-19T15:00:06,40.4,2291,7941,0,9,99.99,441,28.2,386.2
2026-05-19T15:00:12,43.5,2288,7941,0,9,99.99,653,30.0,386.2
2026-05-19T15:00:17,45.2,2287,7941,1,10,99.99,912,28.3,386.2
2026-05-19T15:00:22,44.4,2287,7941,0,11,99.99,889,27.6,386.2
2026-05-19T15:00:28,45.7,2286,7941,1,8,99.99,1034,27.9,386.4
2026-05-19T15:00:33,43.8,2293,7941,1,8,99.99,912,28.7,386.4
2026-05-19T15:00:38,44.9,2289,7941,0,11,99.99,936,27.5,386.4
2026-05-19T15:00:44,44.8,2287,7941,0,9,99.99,1082,27.8,386.4
2026-05-19T15:00:49,43.4,2282,7941,0,11,99.99,862,27.5,386.4
2026-05-19T15:00:54,42.4,2280,7941,0,9,99.99,987,27.0,386.4
2026-05-19T15:01:00,50.1,2359,7941,1,11,99.99,1024,27.9,386.4
2026-05-19T15:01:05,50.2,2302,7941,0,11,99.99,823,27.8,386.4
2026-05-19T15:01:10,41.2,2279,7941,0,11,99.99,1012,25.6,386.4
2026-05-19T15:01:16,41.4,2284,7941,0,11,99.99,1058,25.7,386.4
2026-05-19T15:01:21,43.0,2293,7941,2,9,99.99,968,26.9,386.4
2026-05-19T15:01:26,44.3,2285,7941,1,10,99.99,1027,27.1,386.4
2026-05-19T15:01:32,43.9,2291,7941,0,10,99.99,991,27.4,386.4
2026-05-19T15:01:37,43.3,2284,7941,1,10,99.99,1014,26.9,386.4
2026-05-19T15:01:42,42.5,2295,7941,0,11,99.99,860,27.5,386.4
2026-05-19T15:01:48,44.2,2288,7941,0,8,99.99,982,27.4,386.4
2026-05-19T15:01:53,44.0,2292,7941,0,10,99.99,1018,27.2,386.4
2026-05-19T15:01:58,44.7,2283,7941,0,8,99.99,978,27.4,386.4
2026-05-19T15:02:03,45.3,2283,7941,0,11,99.99,843,27.1,386.4
2026-05-19T15:02:09,44.6,2279,7941,0,9,99.99,979,27.5,386.4
2026-05-19T15:02:14,43.8,2284,7941,2,9,99.99,914,27.0,386.4
2026-05-19T15:02:19,43.4,2285,7941,1,9,99.99,907,27.4,386.4
2026-05-19T15:02:25,44.8,2279,7941,0,9,99.99,914,28.1,386.4
2026-05-19T15:02:30,44.3,2283,7941,1,10,99.99,908,27.9,386.4
2026-05-19T15:02:35,43.6,2285,7941,0,8,99.99,987,26.6,386.4
2026-05-19T15:02:41,42.9,2287,7941,0,10,99.99,1022,26.9,386.4
2026-05-19T15:02:46,43.1,2282,7941,0,10,99.99,1045,26.2,386.4
2026-05-19T15:02:51,44.4,2281,7941,0,10,99.99,1018,27.5,386.4
2026-05-19T15:02:57,44.6,2277,7941,0,10,99.99,1090,26.9,386.4
2026-05-19T15:03:02,50.8,2331,7941,0,9,99.99,922,27.2,386.4
2026-05-19T15:03:07,44.9,2288,7941,2,9,99.99,940,28.2,386.4
2026-05-19T15:03:13,42.8,2292,7941,1,9,99.99,1042,26.2,386.4
2026-05-19T15:03:18,41.9,2275,7941,1,9,99.99,995,26.2,386.4
2026-05-19T15:03:23,42.5,2284,7941,1,10,99.99,1092,26.5,386.4
2026-05-19T15:03:29,44.2,2285,7941,1,9,99.99,1046,27.5,386.4
2026-05-19T15:03:34,45.4,2285,7941,1,10,99.99,936,28.2,386.4
2026-05-19T15:03:39,44.7,2283,7941,1,10,99.99,1072,27.7,386.4
2026-05-19T15:03:45,43.3,2287,7941,0,7,99.99,1049,26.9,386.4
2026-05-19T15:03:50,44.5,2289,7941,0,10,99.99,952,27.3,386.4
2026-05-19T15:03:55,42.8,2288,7941,0,10,99.99,1053,26.8,386.4
2026-05-19T15:04:01,48.9,2315,7941,1,7,99.99,857,28.3,386.6
2026-05-19T15:04:06,44.4,2261,7941,1,10,99.99,866,27.5,386.6
2026-05-19T15:04:11,43.5,2264,7941,0,10,99.99,894,27.9,386.8
2026-05-19T15:04:17,44.0,2257,7941,0,11,99.99,1003,28.1,386.8
2026-05-19T15:04:22,42.1,2264,7941,0,9,99.99,987,26.6,386.8
2026-05-19T15:04:27,42.2,2261,7941,1,8,99.99,781,27.4,386.8
2026-05-19T15:04:33,44.8,2255,7941,0,10,99.99,951,28.1,386.8
2026-05-19T15:04:38,42.3,2259,7941,0,10,99.99,1041,26.1,386.8
2026-05-19T15:04:43,42.9,2263,7941,0,11,99.99,1020,27.2,386.8
2026-05-19T15:04:49,46.2,2254,7941,0,11,99.99,988,27.9,386.8
2026-05-19T15:04:54,44.0,2261,7941,0,10,99.99,1049,26.5,386.8
2026-05-19T15:04:59,46.6,2322,7941,2,9,99.99,1021,27.3,386.8
2026-05-19T15:05:04,48.4,2272,7941,0,10,99.99,726,27.3,386.8
2026-05-19T15:05:10,43.8,2257,7941,1,9,99.99,818,27.9,386.8
2026-05-19T15:05:15,45.6,2255,7941,0,10,99.99,1117,27.7,386.8
2026-05-19T15:05:20,44.1,2257,7941,1,8,99.99,989,27.4,386.8
2026-05-19T15:05:26,44.5,2256,7941,0,9,99.99,1008,27.2,386.8
2026-05-19T15:05:31,42.5,2260,7941,1,9,99.99,844,28.1,386.8
2026-05-19T15:05:36,44.9,2256,7941,0,10,99.99,943,27.5,386.8
2026-05-19T15:05:42,44.7,2260,7941,0,10,99.99,1054,28.1,386.8
2026-05-19T15:05:47,43.8,2260,7941,0,11,99.99,914,27.7,386.8
2026-05-19T15:05:52,45.1,2257,7941,0,8,99.99,918,27.4,386.8
2026-05-19T15:05:58,45.0,2258,7941,0,10,99.99,939,28.1,386.8
2026-05-19T15:06:03,43.6,2265,7941,1,9,99.99,815,27.3,386.8
2026-05-19T15:06:08,44.0,2256,7941,0,11,99.99,991,27.1,386.8
2026-05-19T15:06:14,44.8,2256,7941,0,10,99.99,918,28.1,386.8
2026-05-19T15:06:19,45.0,2255,7941,0,11,99.99,1030,27.4,386.8
2026-05-19T15:06:24,45.1,2253,7941,1,9,99.99,999,27.4,386.8
2026-05-19T15:06:30,45.0,2250,7941,1,9,99.99,970,28.1,386.8
2026-05-19T15:06:35,44.4,2251,7941,0,9,99.99,1013,27.2,386.8
2026-05-19T15:06:40,43.5,2251,7941,0,10,99.99,975,27.7,386.8
2026-05-19T15:06:46,44.8,2253,7941,0,10,99.99,1016,27.3,386.8
2026-05-19T15:06:51,42.5,2252,7941,1,10,99.99,994,26.7,386.8
2026-05-19T15:06:56,42.7,2255,7941,0,11,99.99,1021,26.8,386.8
2026-05-19T15:07:02,54.6,2302,7941,0,10,99.99,983,27.1,386.8
2026-05-19T15:07:07,44.8,2256,7941,1,9,99.99,967,27.7,386.8
2026-05-19T15:07:12,44.2,2263,7941,0,10,99.99,1076,27.7,386.8
2026-05-19T15:07:18,44.3,2259,7941,0,9,99.99,1015,26.8,386.8
2026-05-19T15:07:23,43.6,2261,7941,0,9,99.99,954,27.5,386.8
2026-05-19T15:07:28,43.6,2247,7941,0,10,99.99,947,27.4,386.8
2026-05-19T15:07:34,44.0,2253,7941,0,11,99.99,959,27.4,386.8
2026-05-19T15:07:39,44.3,2255,7941,1,8,99.99,934,27.9,386.8
2026-05-19T15:07:44,44.1,2250,7941,1,10,99.99,1031,27.2,386.8
2026-05-19T15:07:50,44.2,2256,7941,2,9,99.99,976,27.7,386.8
2026-05-19T15:07:55,45.3,2254,7941,0,8,99.99,1010,27.8,387.0
2026-05-19T15:08:00,44.3,2249,7941,0,10,99.99,987,27.4,387.0
2026-05-19T15:08:06,43.9,2254,7941,2,8,99.99,839,28.8,387.0
2026-05-19T15:08:11,44.9,2252,7941,0,11,99.99,944,27.8,387.0
2026-05-19T15:08:16,45.0,2251,7941,0,11,99.99,1061,27.4,387.0
2026-05-19T15:08:22,44.6,2253,7941,0,11,99.99,853,28.3,387.0
2026-05-19T15:08:27,43.5,2255,7941,0,10,99.99,912,27.3,387.0
2026-05-19T15:08:32,44.4,2254,7941,0,10,99.99,976,27.6,387.0
2026-05-19T15:08:38,45.2,2258,7941,1,9,99.99,1021,27.5,387.0
2026-05-19T15:08:43,43.9,2255,7941,0,10,99.99,1022,27.3,387.0
2026-05-19T15:08:48,45.1,2255,7941,1,10,99.99,1008,27.6,387.0
2026-05-19T15:08:54,44.8,2260,7941,1,10,99.99,1014,27.5,387.0
2026-05-19T15:08:59,45.0,2304,7941,1,10,99.99,1042,26.7,387.0
2026-05-19T15:09:04,49.2,2254,7941,0,6,99.99,588,29.0,387.0
2026-05-19T15:09:10,43.4,2259,7941,0,11,99.99,847,27.8,387.1
2026-05-19T15:09:15,45.3,2251,7941,2,8,99.99,985,27.1,387.1
2026-05-19T15:09:20,45.1,2249,7941,0,11,99.99,972,28.3,387.1
2026-05-19T15:09:26,44.4,2256,7941,0,10,99.99,1047,26.9,387.1
2026-05-19T15:09:31,43.1,2253,7941,1,8,99.99,951,27.4,387.2
2026-05-19T15:09:36,44.6,2252,7941,0,10,99.99,947,28.1,387.2
2026-05-19T15:09:42,44.4,2263,7941,0,11,99.99,909,27.4,387.2
2026-05-19T15:09:47,44.1,2260,7941,0,10,99.99,1040,27.6,387.2
2026-05-19T15:09:52,44.2,2256,7941,0,8,99.99,929,27.7,387.3
2026-05-19T15:09:58,44.6,2262,7941,1,10,99.99,1063,27.0,387.3
2026-05-19T15:10:03,43.6,2261,7941,1,10,99.99,738,28.2,387.3
2026-05-19T15:10:09,44.3,2253,7941,0,9,99.99,822,28.6,387.3
2026-05-19T15:10:14,43.0,2253,7941,0,11,99.99,812,27.7,387.3
2026-05-19T15:10:19,45.4,2254,7941,0,11,99.99,924,28.4,387.3
2026-05-19T15:10:25,44.2,2254,7941,0,11,99.99,952,27.5,387.3
2026-05-19T15:10:30,43.1,2256,7941,0,10,99.99,812,27.3,387.3
2026-05-19T15:10:35,42.4,2252,7941,0,10,99.99,767,28.1,387.3
2026-05-19T15:10:41,43.7,2255,7941,0,11,99.99,933,27.5,387.3
2026-05-19T15:10:46,43.1,2262,7941,0,11,99.99,1006,27.6,387.3
2026-05-19T15:10:51,42.8,2258,7941,2,9,99.99,800,27.9,387.3
2026-05-19T15:10:57,43.3,2260,7941,0,11,99.99,1015,27.5,387.3
2026-05-19T15:11:02,51.9,2280,7941,0,11,99.99,728,27.3,387.3
2026-05-19T15:11:07,44.2,2265,7941,0,9,99.99,932,28.1,387.3
2026-05-19T15:11:12,41.5,2264,7941,1,10,99.99,1002,25.9,387.3
2026-05-19T15:11:18,42.9,2254,7941,1,9,99.99,1006,26.9,387.3
2026-05-19T15:11:23,43.9,2257,7941,1,7,99.99,933,28.1,387.3
2026-05-19T15:11:28,43.0,2252,7941,0,9,99.99,1005,26.5,387.5
2026-05-19T15:11:34,44.4,2268,7941,1,8,99.99,1006,27.9,387.5
2026-05-19T15:11:39,43.0,2272,7941,0,11,99.99,963,26.8,387.5
2026-05-19T15:11:44,43.0,2274,7941,0,11,99.99,968,27.3,387.5
2026-05-19T15:11:50,44.4,2282,7941,0,8,99.99,861,28.2,387.5
2026-05-19T15:11:55,44.4,2276,7941,2,8,99.99,984,27.2,387.5
2026-05-19T15:12:00,49.5,2304,7941,0,10,99.99,980,27.0,387.5
2026-05-19T15:12:06,43.9,2284,7941,1,9,99.99,746,28.4,387.5
2026-05-19T15:12:11,44.3,2277,7941,0,10,99.99,938,27.6,387.6
2026-05-19T15:12:16,41.9,2282,7941,0,10,99.99,777,27.5,387.6
2026-05-19T15:12:22,44.7,2280,7941,0,10,99.99,758,28.5,387.6
2026-05-19T15:12:27,43.5,2279,7941,0,8,99.99,982,27.5,387.6
2026-05-19T15:12:32,45.1,2282,7941,0,9,99.99,986,27.6,387.6
2026-05-19T15:12:38,45.5,2273,7941,0,8,99.99,1031,28.4,387.6
2026-05-19T15:12:43,44.2,2278,7941,0,11,99.99,917,27.4,387.6
2026-05-19T15:12:48,44.8,2278,7941,0,8,99.99,950,28.0,387.6
2026-05-19T15:12:54,46.2,2280,7941,0,10,99.99,1064,27.5,387.6
2026-05-19T15:12:59,44.5,2329,7941,1,11,99.99,1050,26.2,387.6
2026-05-19T15:13:04,49.6,2282,7941,0,11,99.99,784,28.2,387.6
2026-05-19T15:13:10,42.0,2271,7941,1,7,99.99,838,27.6,387.6
2026-05-19T15:13:15,43.5,2276,7941,0,11,99.99,1063,27.1,387.6
2026-05-19T15:13:20,43.5,2278,7941,0,10,99.99,1051,27.2,387.6
2026-05-19T15:13:26,42.9,2281,7941,1,10,99.99,897,27.3,387.6
2026-05-19T15:13:31,43.7,2277,7941,2,7,99.99,1017,27.2,387.6
2026-05-19T15:13:36,45.3,2274,7941,0,10,99.99,978,28.5,387.8
2026-05-19T15:13:42,44.9,2272,7941,1,10,99.99,1002,27.2,387.8
2026-05-19T15:13:47,46.3,2258,7941,0,9,99.99,947,28.3,387.8
2026-05-19T15:13:52,47.0,2251,7941,0,11,99.99,827,27.7,387.8
2026-05-19T15:13:58,42.7,2247,7941,0,9,99.99,887,27.5,387.8
2026-05-19T15:14:03,49.8,2243,7941,0,11,99.99,649,28.1,387.8
2026-05-19T15:14:08,47.6,2246,7941,0,10,99.99,827,27.5,387.8
2026-05-19T15:14:13,42.5,2247,7941,1,9,99.99,741,27.6,387.8
2026-05-19T15:14:19,45.0,2245,7941,0,8,99.99,904,27.7,387.8
2026-05-19T15:14:24,44.0,2253,7941,1,9,99.99,809,28.5,387.8
2026-05-19T15:14:30,42.8,2253,7941,1,10,99.99,837,27.6,387.8
2026-05-19T15:14:35,45.2,2250,7941,0,10,99.99,819,28.1,387.8
2026-05-19T15:14:40,45.6,2255,7941,0,9,99.99,998,28.2,387.8
2026-05-19T15:14:46,41.9,2252,7941,0,9,99.99,1048,25.9,387.8
2026-05-19T15:14:51,43.7,2261,7941,1,10,99.99,950,27.7,387.8
2026-05-19T15:14:56,43.6,2265,7941,0,11,99.99,968,27.0,387.8
2026-05-19T15:15:02,50.5,2298,7941,1,7,99.99,921,27.3,387.8
2026-05-19T15:15:07,43.2,2264,7941,1,9,99.99,699,30.1,387.8
2026-05-19T15:15:13,42.4,2256,7941,1,9,99.99,1019,26.5,387.8
2026-05-19T15:15:18,43.1,2263,7941,0,10,99.99,997,26.9,387.8
2026-05-19T15:15:23,43.0,2262,7941,1,10,99.99,1010,27.0,387.8
2026-05-19T15:15:28,43.8,2261,7941,1,10,99.99,1041,27.3,387.8
2026-05-19T15:15:34,44.8,2265,7941,1,10,99.99,993,28.1,387.8
2026-05-19T15:15:39,44.0,2269,7941,0,8,99.99,1019,27.4,387.8
2026-05-19T15:15:44,42.2,2257,7941,1,9,99.99,906,26.8,387.8
2026-05-19T15:15:50,44.4,2262,7941,0,11,99.99,1035,27.6,387.9
2026-05-19T15:15:55,38.3,2255,7941,1,8,99.99,978,23.4,387.9
2026-05-19T15:16:00,43.6,2263,7941,0,10,99.99,1087,25.6,387.9
2026-05-19T15:16:06,44.0,2243,7941,1,9,99.99,990,27.9,387.9
2026-05-19T15:16:11,42.0,2248,7941,0,11,99.99,1014,26.3,387.9
2026-05-19T15:16:16,43.0,2247,7941,1,10,99.99,969,27.1,387.9
2026-05-19T15:16:22,40.9,2253,7941,0,11,99.99,1083,25.1,387.9
2026-05-19T15:16:27,41.8,2253,7941,0,11,99.99,995,25.4,387.9
2026-05-19T15:16:32,41.6,2256,7941,1,8,99.99,1055,26.2,387.9
2026-05-19T15:16:37,41.1,2252,7941,0,11,99.99,1065,25.4,387.9
2026-05-19T15:16:43,43.8,2246,7941,1,9,99.99,998,27.6,387.9
2026-05-19T15:16:48,44.6,2244,7941,0,11,99.99,994,27.1,387.9
2026-05-19T15:16:53,43.2,2256,7941,1,8,99.99,1079,27.1,387.9
2026-05-19T15:16:59,43.3,2252,7941,1,10,99.99,987,27.3,387.9
2026-05-19T15:17:04,52.5,2242,7941,0,10,99.99,826,27.9,387.9
2026-05-19T15:17:09,44.3,2247,7941,0,11,99.99,1017,27.3,387.9
2026-05-19T15:17:15,42.6,2256,7941,0,11,99.99,1029,26.5,387.9
2026-05-19T15:17:20,42.0,2248,7941,1,10,99.99,1051,26.0,387.9
2026-05-19T15:17:25,45.0,2248,7941,0,10,99.99,977,27.5,387.9
2026-05-19T15:17:30,42.4,2251,7941,0,9,99.99,1047,25.9,387.9
2026-05-19T15:17:36,45.1,2261,7941,0,11,99.99,1027,28.1,387.9
2026-05-19T15:17:41,43.1,2247,7941,1,9,99.99,987,27.3,387.9
2026-05-19T15:17:47,43.9,2243,7941,0,10,99.99,870,27.5,387.9
2026-05-19T15:17:52,44.1,2244,7941,1,8,99.99,897,28.0,387.9
2026-05-19T15:17:57,43.0,2256,7941,0,8,99.99,1020,26.6,387.9
2026-05-19T15:18:02,44.6,2256,7941,1,9,99.99,842,27.1,387.9
2026-05-19T15:18:08,42.9,2247,7941,0,10,99.99,887,28.1,387.9
2026-05-19T15:18:13,41.7,2254,7941,1,9,99.99,885,27.2,387.9
2026-05-19T15:18:18,41.0,2242,7941,0,11,99.99,990,26.8,387.9
2026-05-19T15:18:24,43.4,2250,7941,0,11,99.99,1016,27.4,387.9
2026-05-19T15:18:29,41.3,2252,7941,0,11,99.99,922,25.8,387.9
2026-05-19T15:18:34,42.5,2247,7941,0,10,99.99,1056,26.4,387.9
2026-05-19T15:18:39,44.2,2244,7941,0,11,99.99,972,27.1,387.9
2026-05-19T15:18:45,42.9,2239,7941,0,8,99.99,1062,27.3,387.9
2026-05-19T15:18:50,43.8,2246,7941,0,11,99.99,918,28.3,387.9
2026-05-19T15:18:55,43.2,2246,7941,0,11,99.99,1000,26.8,387.9
2026-05-19T15:19:01,49.5,2311,7941,1,10,99.99,1091,26.1,387.9
2026-05-19T15:19:06,45.5,2265,7941,0,10,99.99,830,28.4,387.9
2026-05-19T15:19:11,43.8,2259,7941,1,9,99.99,1023,28.1,387.9
2026-05-19T15:19:17,43.1,2259,7941,0,11,99.99,1046,26.7,387.9
2026-05-19T15:19:22,42.0,2261,7941,2,8,99.99,988,26.8,387.9
2026-05-19T15:19:27,43.6,2255,7941,1,9,99.99,1008,27.3,387.9
2026-05-19T15:19:33,42.1,2257,7941,0,11,99.99,1006,26.5,387.9
2026-05-19T15:19:38,43.2,2254,7941,1,10,99.99,959,27.0,387.9
2026-05-19T15:19:43,42.4,2249,7941,0,10,99.99,952,27.2,387.9
2026-05-19T15:19:49,42.7,2248,7941,0,9,99.99,1033,26.9,387.9
2026-05-19T15:19:54,43.5,2259,7941,0,11,99.99,942,27.7,387.9
2026-05-19T15:19:59,43.3,2263,7941,0,8,99.99,1036,27.1,387.9
2026-05-19T15:20:04,42.2,2262,7941,1,8,99.99,674,27.2,387.9
2026-05-19T15:20:10,43.9,2258,7941,0,8,99.99,760,28.4,387.9
2026-05-19T15:20:15,43.9,2247,7941,0,11,99.99,748,27.7,387.9
2026-05-19T15:20:21,43.6,2250,7941,0,11,99.99,855,27.6,387.9
2026-05-19T15:20:26,45.4,2243,7941,0,8,99.99,976,28.0,387.9
2026-05-19T15:20:31,44.0,2251,7941,0,10,99.99,757,28.2,387.9
2026-05-19T15:20:37,43.9,2243,7941,1,10,99.99,823,27.5,387.9
2026-05-19T15:20:42,44.6,2248,7941,2,9,99.99,956,27.5,387.9
2026-05-19T15:20:47,45.2,2243,7941,0,7,99.99,906,28.5,387.9
2026-05-19T15:20:53,45.5,2251,7941,1,8,99.99,874,28.0,387.9
2026-05-19T15:20:58,42.9,2246,7941,1,8,99.99,843,27.5,387.9
2026-05-19T15:21:03,51.8,2273,7941,1,9,99.99,586,27.9,387.9
2026-05-19T15:21:09,45.2,2248,7941,0,10,99.99,945,28.2,387.9
2026-05-19T15:21:14,43.0,2253,7941,0,9,99.99,895,27.4,387.9
2026-05-19T15:21:19,45.0,2250,7941,2,8,99.99,983,28.4,387.9
2026-05-19T15:21:25,43.0,2241,7941,0,11,99.99,873,26.9,387.9
2026-05-19T15:21:30,43.5,2238,7941,0,11,99.99,890,27.3,387.9
2026-05-19T15:21:35,45.6,2236,7941,1,9,99.99,940,28.8,387.9
2026-05-19T15:21:41,42.1,2234,7941,1,9,99.99,769,27.7,387.9
2026-05-19T15:21:46,44.8,2225,7941,0,10,99.99,899,27.8,387.9
2026-05-19T15:21:51,45.7,2239,7941,1,8,99.99,878,27.9,387.9
2026-05-19T15:21:57,42.0,2226,7941,0,10,99.99,1126,26.1,387.9
2026-05-19T15:22:02,48.2,2239,7941,0,9,99.99,829,27.8,387.9
2026-05-19T15:22:07,44.8,2237,7941,0,10,99.99,906,27.9,387.9
2026-05-19T15:22:13,43.0,2234,7941,0,9,99.99,917,27.4,387.9
2026-05-19T15:22:18,44.2,2238,7941,1,10,99.99,940,27.8,387.9
2026-05-19T15:22:23,45.6,2244,7941,2,9,99.99,1056,27.3,387.9
2026-05-19T15:22:29,44.0,2243,7941,1,9,99.99,974,27.5,387.9
2026-05-19T15:22:34,45.5,2229,7941,1,7,99.99,1006,28.3,387.9
2026-05-19T15:22:39,44.6,2233,7941,0,9,99.99,986,27.3,387.9
2026-05-19T15:22:45,43.0,2230,7941,0,9,99.99,756,27.8,387.9
2026-05-19T15:22:50,42.3,2229,7941,0,8,99.99,684,28.4,387.9
2026-05-19T15:22:56,43.4,2233,7941,0,10,99.99,822,28.1,387.9
2026-05-19T15:23:01,52.7,2255,7941,0,10,99.99,815,27.8,387.9
2026-05-19T15:23:06,44.3,2231,7941,0,9,99.99,735,28.8,387.9
2026-05-19T15:23:12,44.6,2228,7941,0,11,99.99,932,27.7,387.9
2026-05-19T15:23:17,44.1,2225,7941,1,10,99.99,928,27.9,387.9
2026-05-19T15:23:23,43.8,2237,7941,0,10,99.99,850,28.4,387.9
2026-05-19T15:23:28,45.2,2239,7941,1,9,99.99,982,27.7,387.9
2026-05-19T15:23:33,44.7,2233,7941,1,8,99.99,942,27.9,387.9
2026-05-19T15:23:39,44.5,2226,7941,1,10,99.99,851,28.2,387.9
2026-05-19T15:23:44,44.0,2222,7941,0,10,99.99,913,27.7,387.9
2026-05-19T15:23:49,44.4,2235,7941,0,9,99.99,855,27.5,387.9
2026-05-19T15:23:55,45.7,2231,7941,0,11,99.99,973,28.1,387.9
2026-05-19T15:24:00,46.5,2231,7941,3,6,99.99,991,27.4,387.9
2026-05-19T15:24:05,46.2,2227,7941,0,10,99.99,744,29.1,387.9
2026-05-19T15:24:11,43.3,2228,7941,1,9,99.99,897,27.5,387.9
2026-05-19T15:24:16,44.6,2229,7941,0,9,99.99,945,27.4,387.9
2026-05-19T15:24:21,45.4,2230,7941,0,9,99.99,975,28.6,387.9
2026-05-19T15:24:27,44.4,2222,7941,0,11,99.99,908,27.6,387.9
2026-05-19T15:24:32,44.3,2233,7941,0,10,99.99,895,28.0,387.9
2026-05-19T15:24:37,44.6,2228,7941,0,10,99.99,945,28.3,387.9
2026-05-19T15:24:43,43.9,2235,7941,0,10,99.99,926,27.7,387.9
2026-05-19T15:24:48,43.3,2235,7941,1,10,99.99,872,27.6,387.9
2026-05-19T15:24:53,44.9,2238,7941,0,10,99.99,973,28.4,387.9
2026-05-19T15:24:59,44.3,2227,7941,1,10,99.99,898,27.4,387.9
2026-05-19T15:25:04,51.8,2238,7941,1,10,99.99,562,27.0,387.9
2026-05-19T15:25:09,43.7,2232,7941,0,11,99.99,811,28.1,387.9
2026-05-19T15:25:15,44.4,2227,7941,0,8,99.99,968,27.0,387.9
2026-05-19T15:25:20,43.8,2227,7941,0,10,99.99,1091,26.9,387.9
2026-05-19T15:25:25,45.5,2232,7941,0,9,99.99,925,28.3,387.9
2026-05-19T15:25:31,43.9,2240,7941,0,10,99.99,926,27.6,387.9
2026-05-19T15:25:36,43.2,2236,7941,1,9,99.99,866,27.1,387.9
2026-05-19T15:25:41,45.5,2237,7941,0,10,99.99,1067,27.8,387.9
2026-05-19T15:25:47,42.7,2231,7941,0,8,99.99,915,27.0,387.9
2026-05-19T15:25:52,45.7,2227,7941,0,9,99.99,970,28.1,387.9
2026-05-19T15:25:57,43.5,2231,7941,0,9,99.99,999,27.0,387.9
2026-05-19T15:26:03,46.8,2227,7941,1,9,99.99,838,27.4,388.0
2026-05-19T15:26:08,45.2,2226,7941,0,9,99.99,855,28.7,388.0
2026-05-19T15:26:13,44.3,2233,7941,0,9,99.99,897,27.7,388.0
2026-05-19T15:26:19,44.1,2237,7941,0,10,99.99,1120,27.8,388.0
2026-05-19T15:26:24,45.0,2240,7941,0,6,99.99,1017,27.9,388.0
2026-05-19T15:26:29,43.3,2246,7941,1,10,99.99,962,27.1,388.0
2026-05-19T15:26:35,44.3,2235,7941,0,11,99.99,1058,27.6,388.0
2026-05-19T15:26:40,44.2,2241,7941,0,10,99.99,957,28.3,387.9
2026-05-19T15:26:45,43.5,2246,7941,0,10,99.99,982,27.5,387.9
2026-05-19T15:26:51,43.6,2240,7941,0,11,99.99,944,27.2,387.9
2026-05-19T15:26:56,41.9,2239,7941,0,10,99.99,1061,26.2,387.9
2026-05-19T15:27:01,52.2,2285,7941,1,9,99.99,921,27.6,387.9
2026-05-19T15:27:07,47.3,2251,7941,0,10,99.99,989,27.6,387.9
2026-05-19T15:27:12,38.9,2235,7941,0,9,99.99,1028,23.9,387.9
2026-05-19T15:27:17,37.8,2245,7941,0,10,99.99,1081,24.1,387.9
2026-05-19T15:27:23,41.4,2235,7941,0,10,99.99,1113,25.8,387.9
2026-05-19T15:27:28,37.5,2234,7941,1,10,99.99,963,23.2,387.9
2026-05-19T15:27:33,39.5,2246,7941,0,10,99.99,1152,25.4,387.9
2026-05-19T15:27:38,40.6,2246,7941,0,11,99.99,1014,25.8,387.9
2026-05-19T15:27:44,39.9,2242,7941,0,11,99.99,1130,25.2,388.1
2026-05-19T15:27:49,41.7,2240,7941,0,8,99.99,956,26.0,388.1
2026-05-19T15:27:54,40.6,2231,7941,0,10,99.99,1096,25.3,388.1
2026-05-19T15:27:59,38.4,2238,7941,0,10,99.99,1101,24.0,388.1
2026-05-19T15:28:05,44.0,2232,7941,1,8,99.99,970,27.2,388.1
2026-05-19T15:28:10,42.3,2235,7941,0,11,99.99,916,27.0,388.1
2026-05-19T15:28:15,43.1,2233,7941,1,9,99.99,992,27.0,388.1
2026-05-19T15:28:21,40.6,2241,7941,1,10,99.99,1075,25.8,388.1
2026-05-19T15:28:26,42.3,2236,7941,0,9,99.99,980,26.6,388.1
2026-05-19T15:28:31,40.0,2232,7941,2,9,99.99,1080,24.6,388.1
2026-05-19T15:28:36,42.0,2227,7941,0,10,99.99,1087,26.1,388.1
2026-05-19T15:28:42,41.1,2239,7941,0,10,99.99,1017,25.7,388.1
2026-05-19T15:28:47,41.2,2234,7941,2,8,99.99,979,26.7,388.2
2026-05-19T15:28:52,41.0,2236,7941,1,10,99.99,1077,26.2,388.2
2026-05-19T15:28:58,40.5,2231,7941,0,10,99.99,1064,25.6,388.2
2026-05-19T15:29:03,53.9,2261,7941,0,11,99.99,901,26.7,388.2
2026-05-19T15:29:08,42.4,2241,7941,0,11,99.99,953,26.1,388.2
2026-05-19T15:29:13,41.8,2235,7941,1,8,99.99,1097,25.9,388.2
2026-05-19T15:29:19,40.4,2235,7941,0,11,99.99,1043,25.1,388.2
2026-05-19T15:29:24,41.1,2240,7941,0,9,99.99,1078,25.9,388.2
2026-05-19T15:29:29,41.7,2248,7941,1,9,99.99,1107,26.6,388.2
2026-05-19T15:29:34,45.1,2243,7941,1,8,99.99,905,27.5,388.2
2026-05-19T15:29:40,45.3,2247,7941,0,10,99.99,949,27.8,388.2
2026-05-19T15:29:45,43.1,2241,7941,1,9,99.99,1026,27.2,388.2
2026-05-19T15:29:50,42.5,2243,7941,0,8,99.99,869,27.2,388.2
2026-05-19T15:29:56,45.2,2241,7941,0,8,99.99,1015,28.4,388.1
2026-05-19T15:30:01,43.7,2242,7941,0,10,99.99,897,27.4,388.1
2026-05-19T15:30:07,43.7,2240,7941,0,10,99.99,554,28.8,388.1
2026-05-19T15:30:12,45.0,2241,7941,0,11,99.99,860,28.7,388.1
2026-05-19T15:30:17,43.6,2243,7941,1,7,99.99,942,27.5,388.1
2026-05-19T15:30:23,42.6,2253,7941,1,9,99.99,832,27.6,388.1
2026-05-19T15:30:28,44.2,2244,7941,0,10,99.99,961,28.0,388.1
2026-05-19T15:30:33,42.9,2247,7941,1,10,99.99,974,27.0,388.1
2026-05-19T15:30:39,42.9,2246,7941,0,11,99.99,1049,25.8,388.1
2026-05-19T15:30:44,44.2,2241,7941,1,9,99.99,1059,27.6,388.1
2026-05-19T15:30:49,43.7,2238,7941,0,10,99.99,917,27.4,388.1
2026-05-19T15:30:55,44.3,2236,7941,1,9,99.99,1087,27.5,388.1
2026-05-19T15:31:00,47.8,2317,7941,1,9,99.99,1009,27.3,388.1
2026-05-19T15:31:05,47.5,2248,7941,0,9,99.99,886,27.4,388.1
2026-05-19T15:31:11,44.5,2240,7941,0,10,99.99,959,27.9,388.1
2026-05-19T15:31:16,41.1,2242,7941,0,11,99.99,885,26.2,388.1
2026-05-19T15:31:21,43.5,2246,7941,0,10,99.99,991,27.0,388.1
2026-05-19T15:31:26,43.3,2238,7941,0,10,99.99,952,28.0,388.1
2026-05-19T15:31:32,43.7,2245,7941,0,10,99.99,1014,27.4,388.1
2026-05-19T15:31:37,42.9,2242,7941,0,11,99.99,915,27.1,388.1
2026-05-19T15:31:42,42.9,2250,7941,0,11,99.99,1012,27.5,388.1
2026-05-19T15:31:48,45.4,2244,7941,2,9,99.99,1042,27.7,388.1
2026-05-19T15:31:53,43.5,2242,7941,1,10,99.99,1002,27.9,388.1
2026-05-19T15:31:58,44.5,2236,7941,1,10,99.99,1023,27.8,388.1
2026-05-19T15:32:04,45.8,2235,7941,1,10,99.99,753,27.6,388.1
2026-05-19T15:32:09,44.4,2240,7941,1,10,99.99,962,27.8,388.1
2026-05-19T15:32:14,45.1,2232,7941,1,10,99.99,981,27.3,388.1
2026-05-19T15:32:20,43.6,2234,7941,0,10,99.99,1128,26.5,388.1
2026-05-19T15:32:25,44.7,2236,7941,0,11,99.99,957,28.1,388.1
2026-05-19T15:32:30,43.6,2237,7941,0,11,99.99,1007,27.3,388.1
2026-05-19T15:32:36,44.6,2238,7941,0,9,99.99,1000,27.9,388.1
2026-05-19T15:32:41,43.6,2247,7941,0,11,99.99,960,27.2,388.1
2026-05-19T15:32:46,43.7,2238,7941,0,9,99.99,991,27.3,388.1
2026-05-19T15:32:52,43.4,2241,7941,0,11,99.99,806,28.6,388.1
2026-05-19T15:32:57,44.2,2236,7941,1,10,99.99,1023,27.0,388.1
2026-05-19T15:33:02,51.1,2276,7941,0,10,99.99,855,26.9,388.1
2026-05-19T15:33:08,44.6,2249,7941,1,10,99.99,932,28.5,388.1
2026-05-19T15:33:13,40.6,2240,7941,0,11,99.99,921,26.5,388.1
2026-05-19T15:33:18,41.9,2240,7941,0,10,99.99,1082,25.5,388.1
2026-05-19T15:33:24,43.5,2246,7941,0,10,99.99,1067,27.7,388.1
2026-05-19T15:33:29,42.9,2247,7941,0,8,99.99,959,26.7,388.1
2026-05-19T15:33:34,43.7,2236,7941,1,7,99.99,977,28.1,388.1
2026-05-19T15:33:39,43.1,2240,7941,1,9,99.99,1092,27.1,388.1
2026-05-19T15:33:45,42.6,2243,7941,0,8,99.99,1074,27.0,388.1
2026-05-19T15:33:50,44.4,2241,7941,0,10,99.99,997,28.0,388.1
2026-05-19T15:33:55,41.2,2238,7941,1,9,99.99,1051,25.2,388.2
2026-05-19T15:34:01,48.1,2253,7941,0,10,99.99,1014,27.4,388.2
2026-05-19T15:34:06,41.4,2249,7941,1,8,99.99,830,27.7,388.2
2026-05-19T15:34:12,41.5,2256,7941,0,11,99.99,961,26.4,388.2
2026-05-19T15:34:17,45.2,2234,7941,0,10,99.99,1012,28.0,388.2
2026-05-19T15:34:22,43.5,2240,7941,0,11,99.99,1027,27.3,388.2
2026-05-19T15:34:27,44.0,2237,7941,0,10,99.99,1001,27.8,388.2
2026-05-19T15:34:33,42.2,2240,7941,0,11,99.99,973,27.3,388.2
2026-05-19T15:34:38,42.0,2238,7941,0,10,99.99,976,26.5,388.2
2026-05-19T15:34:43,43.0,2237,7941,0,10,99.99,1032,27.6,388.2
2026-05-19T15:34:49,43.4,2233,7941,0,10,99.99,892,27.3,388.2
2026-05-19T15:34:54,43.4,2236,7941,0,10,99.99,980,27.2,388.2
2026-05-19T15:34:59,45.2,2289,7941,1,11,99.99,1016,28.2,388.2
2026-05-19T15:35:04,53.9,2240,7941,0,11,99.99,604,27.1,388.2
2026-05-19T15:35:10,43.9,2237,7941,0,9,99.99,928,27.8,388.2
2026-05-19T15:35:15,44.5,2236,7941,0,10,99.99,1032,27.8,388.2
2026-05-19T15:35:20,42.2,2240,7941,1,8,99.99,954,26.5,388.2
2026-05-19T15:35:26,43.9,2239,7941,0,10,99.99,1075,27.1,388.2
2026-05-19T15:35:31,41.5,2235,7941,1,9,99.99,1034,25.7,388.2
2026-05-19T15:35:36,44.3,2236,7941,1,8,99.99,980,27.2,388.2
2026-05-19T15:35:42,42.9,2242,7941,1,10,99.99,1045,27.5,388.2
2026-05-19T15:35:47,43.0,2241,7941,1,10,99.99,962,26.8,388.2
2026-05-19T15:35:52,44.0,2240,7941,1,8,99.99,998,27.5,388.2
2026-05-19T15:35:58,42.6,2238,7941,0,11,99.99,979,27.2,388.2
2026-05-19T15:36:03,43.1,2237,7941,0,9,99.99,734,27.3,388.2
2026-05-19T15:36:08,44.4,2239,7941,0,10,99.99,1003,27.9,388.2
2026-05-19T15:36:13,44.0,2228,7941,0,10,99.99,1026,27.3,388.2
2026-05-19T15:36:19,42.2,2233,7941,0,9,99.99,955,26.6,388.2
2026-05-19T15:36:24,45.2,2237,7941,0,10,99.99,1035,27.7,388.2
2026-05-19T15:36:29,43.8,2240,7941,1,9,99.99,1048,27.0,388.2
2026-05-19T15:36:35,45.8,2237,7941,0,10,99.99,1004,28.2,388.2
2026-05-19T15:36:40,43.6,2244,7941,1,7,99.99,990,27.2,388.2
2026-05-19T15:36:45,45.3,2236,7941,1,10,99.99,971,27.3,388.2
2026-05-19T15:36:51,44.4,2243,7941,0,10,99.99,955,27.9,388.2
2026-05-19T15:36:56,43.4,2236,7941,0,9,99.99,947,27.4,388.2
2026-05-19T15:37:01,52.4,2245,7941,0,11,99.99,926,27.5,388.2
2026-05-19T15:37:07,44.7,2240,7941,0,8,99.99,785,28.5,388.2
2026-05-19T15:37:12,43.7,2231,7941,1,10,99.99,970,27.4,388.2
2026-05-19T15:37:17,43.2,2229,7941,0,10,99.99,1064,27.0,388.2
2026-05-19T15:37:23,43.0,2237,7941,0,10,99.99,974,27.3,388.2
2026-05-19T15:37:28,43.4,2243,7941,0,9,99.99,918,27.3,388.2
2026-05-19T15:37:33,44.8,2237,7941,0,8,99.99,1063,27.8,388.2
2026-05-19T15:37:39,43.0,2239,7941,0,10,99.99,1040,26.2,388.2
2026-05-19T15:37:44,43.8,2238,7941,0,11,99.99,974,27.4,388.2
2026-05-19T15:37:49,44.3,2231,7941,0,11,99.99,1069,27.0,388.2
2026-05-19T15:37:54,43.1,2245,7941,1,8,99.99,936,26.3,388.2
2026-05-19T15:38:00,44.5,2247,7941,1,10,99.99,1027,28.0,388.2
2026-05-19T15:38:05,43.8,2239,7941,0,10,99.99,905,27.8,388.2
2026-05-19T15:38:11,41.7,2248,7941,0,10,99.99,919,27.3,388.2
2026-05-19T15:38:16,42.0,2246,7941,0,11,99.99,981,27.1,388.2
2026-05-19T15:38:21,41.5,2249,7941,0,10,99.99,989,25.9,388.2
2026-05-19T15:38:26,41.6,2243,7941,1,10,99.99,1069,26.4,388.2
2026-05-19T15:38:32,43.3,2246,7941,2,8,99.99,976,27.9,388.2
2026-05-19T15:38:37,43.1,2247,7941,1,10,99.99,1078,27.5,388.2
2026-05-19T15:38:42,42.4,2250,7941,0,11,99.99,941,27.4,388.2
2026-05-19T15:38:48,42.6,2244,7941,0,9,99.99,1026,26.8,388.2
2026-05-19T15:38:53,41.4,2244,7941,0,9,99.99,871,27.0,388.2
2026-05-19T15:38:58,44.5,2249,7941,0,11,99.99,1031,28.3,388.2
2026-05-19T15:39:04,51.4,2277,7941,1,7,99.99,628,27.1,388.2
2026-05-19T15:39:09,44.6,2245,7941,0,10,99.99,660,28.7,388.2
2026-05-19T15:39:14,45.2,2244,7941,0,10,99.99,985,28.1,388.2
2026-05-19T15:39:20,44.7,2243,7941,0,11,99.99,988,27.7,388.2
2026-05-19T15:39:25,43.1,2248,7941,0,11,99.99,920,27.5,388.2
2026-05-19T15:39:31,45.0,2243,7941,0,11,99.99,916,28.1,388.2
2026-05-19T15:39:36,44.1,2247,7941,3,8,99.99,975,27.8,388.2
2026-05-19T15:39:41,43.8,2247,7941,0,10,99.99,928,27.4,388.2
2026-05-19T15:39:47,43.2,2250,7941,0,8,99.99,816,28.3,388.2
2026-05-19T15:39:52,41.5,2250,7941,0,9,99.99,803,27.1,388.2
2026-05-19T15:39:57,43.9,2249,7941,0,10,99.99,963,26.6,388.2
2026-05-19T15:40:02,53.0,2260,7941,0,8,99.99,920,28.0,388.2
2026-05-19T15:40:08,43.8,2239,7941,0,10,99.99,756,29.2,388.2
2026-05-19T15:40:13,44.4,2240,7941,0,9,99.99,890,27.3,388.2
2026-05-19T15:40:19,43.7,2247,7941,1,9,99.99,886,28.1,388.2
2026-05-19T15:40:24,43.3,2228,7941,0,10,99.99,888,27.2,388.2
2026-05-19T15:40:29,41.6,2238,7941,0,11,99.99,891,27.5,388.2
2026-05-19T15:40:35,44.7,2250,7941,0,11,99.99,911,28.4,388.2
2026-05-19T15:40:40,42.7,2248,7941,1,9,99.99,906,27.6,388.2
2026-05-19T15:40:45,42.2,2244,7941,1,9,99.99,943,27.3,388.2
2026-05-19T15:40:51,42.8,2251,7941,1,8,99.99,954,28.0,388.2
2026-05-19T15:40:56,42.5,2254,7941,0,8,99.99,969,26.3,388.2
2026-05-19T15:41:01,52.8,2277,7941,0,11,99.99,962,27.7,388.2
2026-05-19T15:41:07,43.6,2247,7941,1,10,99.99,784,28.2,388.2
2026-05-19T15:41:12,42.7,2240,7941,2,8,99.99,948,27.0,388.2
2026-05-19T15:41:17,43.0,2238,7941,0,11,99.99,1075,27.6,388.2
2026-05-19T15:41:23,42.1,2241,7941,0,9,99.99,937,26.5,388.2
2026-05-19T15:41:28,44.8,2230,7941,1,8,99.99,1072,27.2,388.2
2026-05-19T15:41:33,43.5,2234,7941,0,11,99.99,954,27.6,388.2
2026-05-19T15:41:39,43.3,2230,7941,0,10,99.99,948,27.0,388.2
2026-05-19T15:41:44,43.4,2234,7941,0,10,99.99,962,27.5,388.2
2026-05-19T15:41:49,43.2,2234,7941,0,10,99.99,950,27.0,388.2
2026-05-19T15:41:55,43.9,2238,7941,0,9,99.99,1083,26.8,388.2
2026-05-19T15:42:00,43.0,2235,7941,0,10,99.99,978,27.8,388.2
2026-05-19T15:42:05,43.7,2241,7941,3,6,99.99,818,27.9,388.2
2026-05-19T15:42:11,42.6,2243,7941,1,8,99.99,1004,26.9,388.2
2026-05-19T15:42:16,41.8,2248,7941,0,9,99.99,1036,26.8,388.2
2026-05-19T15:42:21,41.5,2242,7941,1,10,99.99,1070,26.0,388.2
2026-05-19T15:42:27,43.7,2240,7941,0,11,99.99,1076,27.2,388.2
2026-05-19T15:42:32,43.0,2232,7941,1,10,99.99,875,27.8,388.2
2026-05-19T15:42:37,44.0,2238,7941,0,11,99.99,968,27.1,388.2
2026-05-19T15:42:43,41.5,2233,7941,0,11,99.99,1026,26.8,388.2
2026-05-19T15:42:48,41.2,2235,7941,1,7,99.99,1026,25.7,388.2
2026-05-19T15:42:53,42.4,2248,7941,1,9,99.99,1052,26.2,388.2
2026-05-19T15:42:58,43.6,2238,7941,1,9,99.99,1041,27.5,388.2
2026-05-19T15:43:04,52.1,2262,7941,1,10,99.99,890,27.1,388.2
2026-05-19T15:43:09,42.6,2251,7941,0,11,99.99,1014,26.6,388.2
2026-05-19T15:43:14,41.7,2245,7941,1,8,99.99,1139,26.2,388.2
2026-05-19T15:43:20,42.1,2249,7941,1,10,99.99,964,26.3,388.2
2026-05-19T15:43:25,44.1,2242,7941,0,11,99.99,1018,27.9,388.2
2026-05-19T15:43:30,41.4,2242,7941,0,11,99.99,1041,25.6,388.2
2026-05-19T15:43:35,42.3,2239,7941,1,9,99.99,1028,26.8,388.2
2026-05-19T15:43:41,43.1,2240,7941,0,11,99.99,990,27.0,388.2
2026-05-19T15:43:46,41.2,2238,7941,1,9,99.99,1050,25.1,388.2
2026-05-19T15:43:51,43.1,2239,7941,0,11,99.99,1050,26.9,388.2
2026-05-19T15:43:57,41.8,2250,7941,0,9,99.99,975,26.0,388.2
2026-05-19T15:44:02,41.9,2246,7941,1,10,99.99,1032,26.4,388.2
2026-05-19T15:44:07,42.0,2236,7941,0,10,99.99,1044,26.1,388.2
2026-05-19T15:44:12,41.7,2245,7941,0,10,99.99,1048,26.2,388.2
2026-05-19T15:44:18,43.5,2236,7941,1,10,99.99,963,27.2,388.2
2026-05-19T15:44:23,42.9,2252,7941,0,11,99.99,1031,27.0,388.2
2026-05-19T15:44:28,44.7,2239,7941,0,11,99.99,1015,28.1,388.2
2026-05-19T15:44:34,43.4,2245,7941,1,9,99.99,868,27.5,388.2
2026-05-19T15:44:39,42.9,2238,7941,1,7,99.99,865,27.4,388.2
2026-05-19T15:44:44,44.6,2238,7941,0,9,99.99,928,28.3,388.2
2026-05-19T15:44:50,44.8,2242,7941,1,10,99.99,906,27.8,388.2
2026-05-19T15:44:55,44.5,2248,7941,0,10,99.99,1013,27.6,388.2
2026-05-19T15:45:00,50.8,2298,7941,2,9,99.99,919,28.5,388.2
2026-05-19T15:45:06,44.8,2237,7941,0,9,99.99,513,28.2,388.2
2026-05-19T15:45:11,44.6,2231,7941,1,8,99.99,859,27.8,388.2
2026-05-19T15:45:17,43.8,2231,7941,0,10,99.99,924,28.0,388.2
2026-05-19T15:45:22,42.9,2234,7941,1,9,99.99,991,26.9,388.2
2026-05-19T15:45:27,42.5,2227,7941,0,9,99.99,860,27.5,388.2
2026-05-19T15:45:33,42.2,2240,7941,0,11,99.99,830,28.3,388.2
2026-05-19T15:45:38,42.5,2233,7941,0,11,99.99,928,27.5,388.2
2026-05-19T15:45:43,43.6,2240,7941,0,11,99.99,875,27.5,388.2
2026-05-19T15:45:49,44.2,2243,7941,0,9,99.99,921,28.2,388.2
2026-05-19T15:45:54,45.6,2241,7941,0,9,99.99,975,27.6,388.2
2026-05-19T15:45:59,41.6,2241,7941,0,9,99.99,1103,25.7,388.2
2026-05-19T15:46:05,46.0,2247,7941,1,10,99.99,866,28.1,388.2
2026-05-19T15:46:10,43.4,2246,7941,2,9,99.99,1003,27.0,388.2
2026-05-19T15:46:15,42.8,2249,7941,2,8,99.99,951,27.1,388.2
2026-05-19T15:46:21,43.8,2245,7941,0,10,99.99,1061,27.4,388.2
2026-05-19T15:46:26,43.8,2242,7941,0,11,99.99,1043,26.4,388.2
2026-05-19T15:46:31,42.9,2252,7941,0,10,99.99,1025,27.0,388.2
2026-05-19T15:46:36,44.3,2252,7941,0,9,99.99,912,27.6,388.2
2026-05-19T15:46:42,44.7,2256,7941,1,10,99.99,1059,27.1,388.2
2026-05-19T15:46:47,43.7,2245,7941,0,11,99.99,959,28.0,388.2
2026-05-19T15:46:52,42.8,2250,7941,0,11,99.99,869,27.2,388.2
2026-05-19T15:46:58,44.5,2244,7941,0,11,99.99,1016,27.6,388.2
2026-05-19T15:47:03,52.6,2276,7941,1,9,99.99,913,27.3,388.2
2026-05-19T15:47:08,43.7,2257,7941,0,10,99.99,997,27.3,388.2
2026-05-19T15:47:14,43.9,2242,7941,0,9,99.99,1040,27.5,388.2
2026-05-19T15:47:19,43.2,2247,7941,0,10,99.99,900,26.9,388.2
2026-05-19T15:47:24,42.6,2249,7941,0,7,99.99,1032,26.8,388.2
2026-05-19T15:47:30,43.8,2252,7941,0,11,99.99,923,28.0,388.2
2026-05-19T15:47:35,43.5,2251,7941,0,11,99.99,912,27.2,388.2
2026-05-19T15:47:40,45.3,2253,7941,1,9,99.99,1081,27.6,388.2
2026-05-19T15:47:46,43.1,2252,7941,1,9,99.99,1008,26.6,388.2
2026-05-19T15:47:51,43.0,2256,7941,0,9,99.99,1009,26.8,388.2
2026-05-19T15:47:56,43.0,2250,7941,1,9,99.99,1071,26.8,388.2
2026-05-19T15:48:01,51.5,2251,7941,1,10,99.99,940,27.2,388.2
2026-05-19T15:48:07,43.8,2241,7941,2,9,99.99,931,28.5,388.2
2026-05-19T15:48:12,44.9,2246,7941,2,8,99.99,841,28.2,388.2
2026-05-19T15:48:18,44.0,2243,7941,1,10,99.99,1012,27.3,388.2
2026-05-19T15:48:23,43.1,2248,7941,0,9,99.99,1080,27.3,388.2
2026-05-19T15:48:28,43.6,2242,7941,0,11,99.99,847,27.6,388.2
2026-05-19T15:48:33,45.0,2241,7941,0,8,99.99,1058,27.2,388.2
2026-05-19T15:48:39,43.5,2244,7941,0,11,99.99,1002,27.2,388.2
2026-05-19T15:48:44,44.7,2245,7941,1,9,99.99,917,27.5,388.2
2026-05-19T15:48:49,42.9,2244,7941,0,11,99.99,1040,26.2,388.2
2026-05-19T15:48:55,42.7,2243,7941,0,8,99.99,1038,27.2,388.2
2026-05-19T15:49:00,46.1,2292,7941,1,9,99.99,1010,26.7,388.2
2026-05-19T15:49:05,50.5,2263,7941,0,11,99.99,759,28.6,388.2
2026-05-19T15:49:11,43.4,2254,7941,0,9,99.99,970,26.9,388.2
2026-05-19T15:49:16,43.3,2247,7941,2,9,99.99,985,26.4,388.2
2026-05-19T15:49:21,43.4,2250,7941,0,8,99.99,1072,26.7,388.2
2026-05-19T15:49:27,44.7,2245,7941,0,11,99.99,1007,27.3,388.2
2026-05-19T15:49:32,42.6,2244,7941,1,10,99.99,917,26.8,388.2
2026-05-19T15:49:37,44.2,2240,7941,1,10,99.99,894,28.2,388.2
2026-05-19T15:49:42,42.7,2252,7941,0,11,99.99,934,27.1,388.2
2026-05-19T15:49:48,45.0,2243,7941,0,9,99.99,1072,27.8,388.2
2026-05-19T15:49:53,43.4,2247,7941,0,10,99.99,1057,26.4,388.2
2026-05-19T15:49:58,43.9,2245,7941,0,9,99.99,1006,26.9,388.2
2026-05-19T15:50:04,43.5,2240,7941,1,10,99.99,593,28.1,388.2
2026-05-19T15:50:09,44.9,2242,7941,0,8,99.99,912,27.5,388.2
2026-05-19T15:50:14,43.0,2241,7941,0,10,99.99,823,27.8,388.2
2026-05-19T15:50:20,44.6,2247,7941,0,10,99.99,864,28.2,388.2
2026-05-19T15:50:25,45.6,2244,7941,0,9,99.99,971,27.7,388.2
2026-05-19T15:50:30,43.6,2250,7941,0,10,99.99,970,27.1,388.2
2026-05-19T15:50:36,45.7,2244,7941,0,9,99.99,1032,28.6,388.2
2026-05-19T15:50:41,43.7,2249,7941,0,10,99.99,937,27.7,388.2
2026-05-19T15:50:46,45.1,2247,7941,1,9,99.99,1043,27.5,388.2
2026-05-19T15:50:52,43.2,2253,7941,0,8,99.99,997,27.2,388.2
2026-05-19T15:50:57,42.1,2244,7941,0,10,99.99,982,26.4,388.2
2026-05-19T15:51:02,53.0,2291,7941,0,10,99.99,931,27.5,388.2
2026-05-19T15:51:08,43.7,2237,7941,0,9,99.99,944,27.1,388.2
2026-05-19T15:51:13,41.4,2241,7941,1,8,99.99,1016,26.8,388.2
2026-05-19T15:51:18,42.4,2243,7941,1,9,99.99,961,27.2,388.2
2026-05-19T15:51:24,41.4,2239,7941,1,9,99.99,1047,25.7,388.2
2026-05-19T15:51:29,44.1,2235,7941,0,10,99.99,1046,27.2,388.2
2026-05-19T15:51:34,42.9,2233,7941,1,9,99.99,1021,26.7,388.2
2026-05-19T15:51:40,42.1,2243,7941,0,10,99.99,1066,26.1,388.2
2026-05-19T15:51:45,39.7,2237,7941,1,9,99.99,1114,25.1,388.2
2026-05-19T15:51:50,42.5,2243,7941,0,9,99.99,957,26.8,388.2
2026-05-19T15:51:55,42.6,2241,7941,1,7,99.99,1039,26.6,388.2
2026-05-19T15:52:01,45.2,2235,7941,0,10,99.99,1005,26.1,388.2
2026-05-19T15:52:06,45.1,2245,7941,1,9,99.99,958,27.7,388.2
2026-05-19T15:52:11,45.0,2236,7941,1,8,99.99,1051,28.0,388.2
2026-05-19T15:52:17,42.4,2237,7941,0,11,99.99,1009,26.4,388.2
2026-05-19T15:52:22,43.2,2238,7941,1,8,99.99,1068,26.9,388.2
2026-05-19T15:52:27,44.2,2237,7941,0,10,99.99,1052,28.0,388.2
2026-05-19T15:52:33,43.7,2242,7941,0,10,99.99,931,27.5,388.2
2026-05-19T15:52:38,43.1,2250,7941,0,10,99.99,996,27.3,388.2
2026-05-19T15:52:43,43.7,2244,7941,2,9,99.99,1013,27.0,388.2
2026-05-19T15:52:49,44.5,2239,7941,0,11,99.99,1069,27.5,388.2
2026-05-19T15:52:54,44.7,2239,7941,1,10,99.99,953,28.0,388.2
2026-05-19T15:52:59,43.3,2278,7941,1,8,99.99,967,27.2,388.2
2026-05-19T15:53:05,51.2,2233,7941,0,11,99.99,732,27.2,388.2
2026-05-19T15:53:10,44.9,2232,7941,0,10,99.99,1039,28.1,388.2
2026-05-19T15:53:15,41.6,2230,7941,0,10,99.99,807,27.7,388.2
2026-05-19T15:53:21,43.6,2238,7941,0,10,99.99,911,27.2,388.2
2026-05-19T15:53:26,43.9,2236,7941,2,7,99.99,947,27.9,388.2
2026-05-19T15:53:31,43.0,2239,7941,0,11,99.99,1043,25.9,388.2
2026-05-19T15:53:37,45.2,2232,7941,0,10,99.99,949,27.9,388.2
2026-05-19T15:53:42,44.2,2234,7941,0,11,99.99,893,27.4,388.2
2026-05-19T15:53:47,44.0,2230,7941,1,10,99.99,1010,27.3,388.2
2026-05-19T15:53:53,43.3,2237,7941,0,9,99.99,1062,26.2,388.2
2026-05-19T15:53:58,43.7,2231,7941,0,11,99.99,1020,26.4,388.2
2026-05-19T15:54:03,43.5,2233,7941,0,11,99.99,711,27.2,388.2
2026-05-19T15:54:08,45.4,2237,7941,0,9,99.99,946,28.5,388.2
2026-05-19T15:54:14,45.2,2235,7941,1,9,99.99,975,27.6,388.2
2026-05-19T15:54:19,43.2,2239,7941,1,7,99.99,949,26.9,388.2
2026-05-19T15:54:25,44.5,2238,7941,0,11,99.99,1010,28.1,388.2
2026-05-19T15:54:30,43.8,2237,7941,0,10,99.99,889,27.7,388.2
2026-05-19T15:54:35,45.6,2244,7941,1,7,99.99,969,28.2,388.2
2026-05-19T15:54:41,43.8,2239,7941,0,7,99.99,996,26.8,388.2
2026-05-19T15:54:46,43.3,2236,7941,0,9,99.99,1014,27.2,388.2
2026-05-19T15:54:51,44.4,2233,7941,0,10,99.99,918,28.4,388.2
2026-05-19T15:54:57,42.0,2238,7941,1,10,99.99,933,26.2,388.2
2026-05-19T15:55:02,52.3,2272,7941,1,8,99.99,817,27.1,388.2
2026-05-19T15:55:08,44.2,2248,7941,0,11,99.99,714,30.0,388.2
2026-05-19T15:55:13,43.7,2246,7941,0,11,99.99,979,27.7,388.2
2026-05-19T15:55:18,42.8,2243,7941,0,9,99.99,1046,26.9,388.2
2026-05-19T15:55:24,43.4,2242,7941,2,9,99.99,999,27.0,388.2
2026-05-19T15:55:29,44.9,2231,7941,0,9,99.99,1089,27.3,388.2
2026-05-19T15:55:34,43.8,2231,7941,1,9,99.99,1005,27.7,388.2
2026-05-19T15:55:40,41.4,2228,7941,0,8,99.99,964,25.8,388.2
2026-05-19T15:55:45,44.7,2239,7941,0,11,99.99,1074,27.5,388.2
2026-05-19T15:55:50,43.2,2245,7941,0,11,99.99,981,26.4,388.2
2026-05-19T15:55:56,45.1,2245,7941,0,11,99.99,996,27.6,388.2
2026-05-19T15:56:01,48.3,2279,7941,3,7,99.99,996,27.2,388.2
2026-05-19T15:56:06,45.7,2255,7941,0,11,99.99,964,27.7,388.2
2026-05-19T15:56:12,44.5,2244,7941,1,9,99.99,955,27.5,388.2
2026-05-19T15:56:17,43.9,2242,7941,0,11,99.99,1002,27.4,388.2
2026-05-19T15:56:22,43.2,2240,7941,0,11,99.99,1095,26.5,388.2
2026-05-19T15:56:28,45.5,2242,7941,0,7,99.99,1024,27.7,388.2
2026-05-19T15:56:33,45.8,2245,7941,1,10,99.99,955,28.3,388.2
2026-05-19T15:56:38,44.3,2240,7941,1,10,99.99,1001,26.6,388.2
2026-05-19T15:56:44,44.4,2241,7941,2,7,99.99,1005,27.9,388.2
2026-05-19T15:56:49,44.8,2236,7941,0,9,99.99,981,27.6,388.2
2026-05-19T15:56:54,44.2,2240,7941,0,10,99.99,1035,26.5,388.2
2026-05-19T15:57:00,44.1,2289,7941,1,9,99.99,1081,27.2,388.2
2026-05-19T15:57:05,51.5,2254,7941,0,9,99.99,736,28.1,388.2
2026-05-19T15:57:10,43.0,2244,7941,0,11,99.99,930,27.0,388.2
2026-05-19T15:57:16,43.7,2248,7941,1,9,99.99,998,27.8,388.2
2026-05-19T15:57:21,43.3,2240,7941,0,9,99.99,897,27.4,388.2
2026-05-19T15:57:26,43.3,2247,7941,0,10,99.99,865,27.7,388.2
2026-05-19T15:57:32,44.3,2246,7941,0,11,99.99,809,28.3,388.2
2026-05-19T15:57:37,43.5,2235,7941,0,11,99.99,844,28.0,388.2
2026-05-19T15:57:42,43.2,2239,7941,0,9,99.99,890,27.0,388.2
2026-05-19T15:57:48,45.6,2240,7941,0,11,99.99,883,28.5,388.2
2026-05-19T15:57:53,45.2,2252,7941,0,11,99.99,931,27.9,388.2
2026-05-19T15:57:59,44.6,2246,7941,0,11,99.99,890,27.8,388.2
2026-05-19T15:58:04,46.1,2241,7941,1,10,99.99,739,28.5,388.2
2026-05-19T15:58:09,43.1,2243,7941,1,10,99.99,837,27.8,388.2
2026-05-19T15:58:15,43.2,2239,7941,0,11,99.99,833,27.3,388.2
2026-05-19T15:58:20,45.4,2229,7941,0,10,99.99,909,28.1,388.2
2026-05-19T15:58:25,44.8,2234,7941,0,9,99.99,934,27.9,388.2
2026-05-19T15:58:31,42.5,2232,7941,1,10,99.99,791,27.6,388.2
2026-05-19T15:58:36,45.0,2239,7941,0,8,99.99,883,28.5,388.2
2026-05-19T15:58:41,41.7,2241,7941,0,11,99.99,897,26.3,388.2
2026-05-19T15:58:47,45.2,2243,7941,0,8,99.99,1045,27.7,388.2
2026-05-19T15:58:52,44.1,2236,7941,0,9,99.99,1118,27.4,388.2
2026-05-19T15:58:57,42.0,2229,7941,0,10,99.99,1004,25.4,388.2
2026-05-19T15:59:03,51.3,2295,7941,0,9,99.99,880,27.5,388.2
2026-05-19T15:59:08,42.8,2240,7941,1,10,99.99,865,27.4,388.2
2026-05-19T15:59:13,42.2,2235,7941,1,10,99.99,1020,26.5,388.2
2026-05-19T15:59:18,43.7,2232,7941,1,7,99.99,1065,27.0,388.2
2026-05-19T15:59:24,42.7,2241,7941,0,10,99.99,993,26.7,388.2
2026-05-19T15:59:29,44.8,2243,7941,0,11,99.99,1094,27.3,388.2
2026-05-19T15:59:34,43.8,2237,7941,0,10,99.99,953,27.6,388.2
2026-05-19T15:59:40,42.3,2240,7941,0,10,99.99,940,26.5,388.2
2026-05-19T15:59:45,44.5,2229,7941,1,9,99.99,947,28.2,388.2
2026-05-19T15:59:50,43.3,2229,7941,0,10,99.99,898,27.3,388.2
2026-05-19T15:59:56,43.9,2240,7941,0,9,99.99,918,27.3,388.3
2026-05-19T16:00:01,42.7,2237,7941,0,11,99.99,1010,26.8,388.3
2026-05-19T16:00:07,41.3,2244,7941,0,8,99.99,495,29.3,388.3
2026-05-19T16:00:12,44.2,2244,7941,0,9,99.99,846,27.9,388.3
2026-05-19T16:00:18,44.9,2234,7941,2,9,99.99,913,28.4,388.3
2026-05-19T16:00:23,41.7,2235,7941,0,11,99.99,764,27.5,388.3
2026-05-19T16:00:28,43.1,2236,7941,0,11,99.99,825,27.5,388.3
2026-05-19T16:00:34,43.6,2241,7941,1,10,99.99,1006,27.8,388.3
2026-05-19T16:00:39,43.6,2246,7941,0,10,99.99,990,27.4,388.3
2026-05-19T16:00:44,43.1,2241,7941,0,10,99.99,883,27.6,388.3
2026-05-19T16:00:50,43.7,2239,7941,0,10,99.99,985,28.2,388.3
2026-05-19T16:00:55,43.5,2243,7941,0,11,99.99,954,27.2,388.3
2026-05-19T16:01:00,46.4,2301,7941,1,10,99.99,1025,27.1,388.3
2026-05-19T16:01:06,49.6,2233,7941,0,10,99.99,856,27.6,388.3
2026-05-19T16:01:11,43.4,2241,7941,1,10,99.99,912,26.7,388.3
2026-05-19T16:01:16,43.8,2236,7941,0,8,99.99,1023,27.8,388.3
2026-05-19T16:01:22,42.4,2237,7941,0,11,99.99,1012,26.6,388.3
2026-05-19T16:01:27,43.4,2243,7941,0,9,99.99,1007,26.7,388.3
2026-05-19T16:01:32,44.5,2236,7941,1,9,99.99,936,28.5,388.3
2026-05-19T16:01:37,42.0,2236,7941,1,10,99.99,861,27.1,388.3
2026-05-19T16:01:43,42.5,2239,7941,0,11,99.99,1067,26.7,388.3
2026-05-19T16:01:48,43.5,2239,7941,0,9,99.99,973,27.5,388.3
2026-05-19T16:01:53,45.3,2239,7941,1,8,99.99,1062,27.2,388.3
2026-05-19T16:01:59,42.6,2237,7941,0,11,99.99,1049,27.0,388.3
2026-05-19T16:02:04,44.7,2237,7941,1,9,99.99,872,27.0,388.3
2026-05-19T16:02:09,41.2,2239,7941,0,11,99.99,1047,25.6,388.3
2026-05-19T16:02:14,39.6,2230,7941,0,10,99.99,1080,24.8,388.3
2026-05-19T16:02:20,40.2,2244,7941,0,11,99.99,1030,24.6,388.3
2026-05-19T16:02:25,40.9,2246,7941,0,9,99.99,1129,26.0,388.3
2026-05-19T16:02:30,39.7,2244,7941,0,11,99.99,1018,25.1,388.3
2026-05-19T16:02:36,41.2,2241,7941,0,11,99.99,1093,25.1,388.3
2026-05-19T16:02:41,39.7,2240,7941,0,11,99.99,1142,24.9,388.3
2026-05-19T16:02:46,39.9,2242,7941,0,8,99.99,1017,25.4,388.3
2026-05-19T16:02:51,40.0,2243,7941,0,10,99.99,1036,25.7,388.3
2026-05-19T16:02:57,40.6,2244,7941,0,11,99.99,1065,25.2,388.3
2026-05-19T16:03:02,48.4,2277,7941,1,7,99.99,1049,25.1,388.3
2026-05-19T16:03:07,44.3,2257,7941,0,9,99.99,953,28.1,388.3
2026-05-19T16:03:13,40.3,2241,7941,0,9,99.99,1079,25.8,388.3
2026-05-19T16:03:18,40.0,2244,7941,0,11,99.99,1053,25.0,388.3
2026-05-19T16:03:23,42.1,2247,7941,1,10,99.99,1018,26.2,388.3
2026-05-19T16:03:28,38.6,2247,7941,1,10,99.99,1102,24.0,388.3
2026-05-19T16:03:34,39.6,2249,7941,1,10,99.99,1055,25.4,388.3
2026-05-19T16:03:39,42.7,2253,7941,0,10,99.99,1035,26.7,388.3
2026-05-19T16:03:44,42.0,2250,7941,0,10,99.99,1106,26.6,388.3
2026-05-19T16:03:49,40.7,2255,7941,0,10,99.99,1050,24.9,388.3
2026-05-19T16:03:55,38.7,2249,7941,0,11,99.99,1051,24.1,388.3
2026-05-19T16:04:00,41.6,2257,7941,1,9,99.99,1121,25.2,388.3
2026-05-19T16:04:05,45.5,2247,7941,1,10,99.99,1056,26.2,388.3
2026-05-19T16:04:11,39.0,2246,7941,0,10,99.99,989,24.8,388.3
2026-05-19T16:04:16,39.3,2246,7941,0,11,99.99,1116,24.1,388.3
2026-05-19T16:04:21,38.3,2244,7941,0,11,99.99,1139,24.4,388.3
2026-05-19T16:04:26,40.6,2244,7941,1,10,99.99,1069,25.8,388.3
2026-05-19T16:04:32,40.9,2247,7941,0,11,99.99,980,25.1,388.3
2026-05-19T16:04:37,40.1,2239,7941,0,10,99.99,1111,25.2,388.3
2026-05-19T16:04:42,39.2,2247,7941,0,11,99.99,1079,24.7,388.3
2026-05-19T16:04:48,42.7,2239,7941,0,11,99.99,981,27.4,388.3
2026-05-19T16:04:53,40.5,2241,7941,0,10,99.99,1081,25.7,388.3
2026-05-19T16:04:58,39.0,2239,7941,0,11,99.99,1000,24.3,388.3
2026-05-19T16:05:03,50.6,2274,7941,0,9,99.99,891,27.0,388.3
2026-05-19T16:05:09,43.0,2253,7941,0,10,99.99,1005,26.7,388.3
2026-05-19T16:05:14,39.9,2250,7941,0,10,99.99,1016,25.1,388.3
2026-05-19T16:05:19,39.5,2257,7941,1,9,99.99,1067,25.4,388.3
2026-05-19T16:05:24,40.4,2259,7941,1,9,99.99,1115,25.0,388.3
2026-05-19T16:05:30,39.6,2267,7941,0,9,99.99,1071,25.4,388.3
2026-05-19T16:05:35,40.3,2241,7941,0,11,99.99,1063,24.9,388.3
2026-05-19T16:05:40,39.5,2240,7941,0,10,99.99,1031,25.8,388.3
2026-05-19T16:05:45,39.8,2250,7941,0,11,99.99,1066,24.9,388.3
2026-05-19T16:05:51,36.6,2250,7941,1,10,99.99,1067,22.9,388.3
2026-05-19T16:05:56,40.5,2245,7941,0,9,99.99,1092,25.4,388.3
2026-05-19T16:06:01,47.0,2250,7941,0,9,99.99,960,26.6,388.3
2026-05-19T16:06:07,41.2,2248,7941,0,10,99.99,929,26.4,388.3
2026-05-19T16:06:12,41.4,2255,7941,0,10,99.99,1080,26.2,388.3
2026-05-19T16:06:17,37.8,2251,7941,1,9,99.99,1009,24.1,388.3
2026-05-19T16:06:23,40.8,2244,7941,0,9,99.99,1066,26.2,388.3
2026-05-19T16:06:28,39.1,2241,7941,0,10,99.99,1088,24.6,388.3
2026-05-19T16:06:33,39.6,2242,7941,0,11,99.99,1108,24.8,388.3
2026-05-19T16:06:38,39.8,2236,7941,1,10,99.99,1022,25.2,388.3
2026-05-19T16:06:44,38.0,2238,7941,0,10,99.99,1106,24.1,388.3
2026-05-19T16:06:49,41.4,2242,7941,0,9,99.99,1108,26.0,388.3
2026-05-19T16:06:54,40.0,2241,7941,1,10,99.99,1015,24.9,388.3
2026-05-19T16:06:59,38.4,2246,7941,0,11,99.99,1089,24.3,388.3
2026-05-19T16:07:05,49.4,2238,7941,1,8,99.99,946,25.5,388.3
2026-05-19T16:07:10,25.4,2234,7941,0,11,99.99,707,16.0,388.3
2026-05-19T16:07:15,32.6,2243,7941,0,10,99.99,1011,20.4,388.3
2026-05-19T16:07:20,35.8,2238,7941,1,9,99.99,1020,22.1,388.3
2026-05-19T16:07:26,23.5,2228,7941,0,9,99.99,730,14.1,388.3
2026-05-19T16:07:31,28.2,2237,7941,0,11,99.99,798,18.1,388.3
2026-05-19T16:07:36,24.4,2244,7941,0,11,99.99,643,15.2,388.3
2026-05-19T16:07:41,30.7,2246,7941,0,11,99.99,960,19.3,388.3
2026-05-19T16:07:47,31.4,2243,7941,1,10,99.99,906,19.8,388.3
2026-05-19T16:07:52,33.0,2246,7941,0,8,99.99,1009,20.6,388.3
2026-05-19T16:07:57,35.4,2247,7941,0,11,99.99,985,22.1,388.3
2026-05-19T16:08:02,37.9,2247,7941,1,10,99.99,951,23.1,388.3
2026-05-19T16:08:07,34.9,2244,7941,0,11,99.99,1044,22.1,388.3
2026-05-19T16:08:13,35.0,2247,7941,0,11,99.99,1031,22.4,388.3
2026-05-19T16:08:18,34.7,2249,7941,1,10,99.99,1066,22.2,388.3
2026-05-19T16:08:23,33.2,2247,7941,0,10,99.99,1036,20.6,388.3
2026-05-19T16:08:28,25.0,2246,7941,1,10,99.99,717,15.8,388.3
2026-05-19T16:08:34,22.2,2238,7941,0,11,99.99,527,14.5,388.3
2026-05-19T16:08:39,28.9,2244,7941,0,11,99.99,901,18.2,388.3
2026-05-19T16:08:44,31.0,2247,7941,0,11,99.99,905,19.6,388.3
2026-05-19T16:08:49,35.3,2256,7941,0,11,99.99,1168,22.1,388.3
2026-05-19T16:08:55,33.7,2250,7941,1,8,99.99,1021,21.2,388.3
2026-05-19T16:09:00,35.6,2301,7941,1,11,99.99,1063,22.4,388.3
2026-05-19T16:09:05,47.3,2268,7941,0,11,99.99,761,25.4,388.3
2026-05-19T16:09:10,35.9,2253,7941,1,10,99.99,978,23.1,388.3
2026-05-19T16:09:16,35.5,2239,7941,0,10,99.99,1034,22.5,388.3
2026-05-19T16:09:21,22.4,2252,7941,0,11,99.99,569,14.1,388.3
2026-05-19T16:09:26,34.6,2240,7941,0,11,99.99,1038,21.4,388.3
2026-05-19T16:09:31,37.5,2237,7941,0,11,99.99,1102,23.5,388.3
2026-05-19T16:09:37,34.8,2241,7941,0,11,99.99,1011,22.4,388.3
2026-05-19T16:09:42,29.8,2241,7941,0,11,99.99,962,18.6,388.3
2026-05-19T16:09:47,21.6,2237,7941,0,9,99.99,633,13.1,388.3
2026-05-19T16:09:52,35.4,2239,7941,0,8,99.99,1069,22.6,388.3
2026-05-19T16:09:58,34.9,2243,7941,0,11,99.99,1031,21.8,388.3
2026-05-19T16:10:03,41.4,2239,7941,4,6,99.99,842,26.9,388.3
2026-05-19T16:10:08,40.2,2234,7941,0,11,99.99,941,25.2,388.3
2026-05-19T16:10:13,27.4,2240,7941,0,9,99.99,762,17.3,388.3
2026-05-19T16:10:19,36.3,2248,7941,0,11,99.99,1004,22.8,388.3
2026-05-19T16:10:24,33.4,2245,7941,1,9,99.99,1039,20.7,388.3
2026-05-19T16:10:29,32.5,2243,7941,0,11,99.99,915,20.3,388.3
2026-05-19T16:10:34,31.3,2245,7941,0,11,99.99,932,19.6,388.3
2026-05-19T16:10:40,34.2,2239,7941,0,11,99.99,935,21.3,388.3
2026-05-19T16:10:45,27.8,2242,7941,0,11,99.99,761,17.1,388.3
2026-05-19T16:10:50,22.5,2244,7941,0,11,99.99,591,14.3,388.3
2026-05-19T16:10:55,35.0,2245,7941,0,10,99.99,1087,22.0,388.3
2026-05-19T16:11:01,36.2,2300,7941,1,10,99.99,888,20.2,388.3
2026-05-19T16:11:06,37.9,2258,7941,0,10,99.99,858,21.8,388.3
2026-05-19T16:11:11,33.6,2250,7941,0,10,99.99,1072,21.9,388.3
2026-05-19T16:11:17,31.7,2252,7941,0,10,99.99,925,19.7,388.3
2026-05-19T16:11:22,30.7,2256,7941,0,11,99.99,1022,19.2,388.3
2026-05-19T16:11:27,27.7,2251,7941,1,9,99.99,795,17.5,388.3
2026-05-19T16:11:32,34.4,2253,7941,0,11,99.99,1059,21.7,388.3
2026-05-19T16:11:37,35.0,2241,7941,0,11,99.99,1022,21.9,388.3
2026-05-19T16:11:43,33.0,2240,7941,0,11,99.99,1100,20.3,388.3
2026-05-19T16:11:48,29.4,2252,7941,0,11,99.99,938,18.2,388.3
2026-05-19T16:11:53,33.5,2250,7941,0,11,99.99,989,21.4,388.3
2026-05-19T16:11:58,32.3,2254,7941,1,8,99.99,1062,20.1,388.3
2026-05-19T16:12:04,38.3,2264,7941,0,10,99.99,923,23.8,388.3
2026-05-19T16:12:09,33.9,2250,7941,1,10,99.99,995,21.4,388.3
2026-05-19T16:12:14,34.3,2254,7941,2,8,99.99,1048,21.1,388.3
2026-05-19T16:12:19,34.4,2258,7941,0,11,99.99,1066,21.9,388.3
2026-05-19T16:12:24,33.7,2246,7941,0,11,99.99,1047,20.9,388.3
2026-05-19T16:12:30,27.0,2250,7941,0,11,99.99,778,17.0,388.3
2026-05-19T16:12:35,33.0,2235,7941,1,9,99.99,930,20.8,388.3
2026-05-19T16:12:40,21.7,2234,7941,0,9,99.99,651,13.4,388.3
2026-05-19T16:12:45,34.0,2235,7941,1,10,99.99,1051,20.9,388.3
2026-05-19T16:12:51,33.4,2239,7941,0,11,99.99,1014,21.1,388.3
2026-05-19T16:12:56,33.6,2249,7941,0,10,99.99,1083,21.2,388.3
2026-05-19T16:13:01,42.7,2318,7941,1,9,99.99,1110,23.8,388.3
2026-05-19T16:13:06,41.3,2247,7941,0,11,99.99,1086,24.4,388.3
2026-05-19T16:13:12,37.0,2246,7941,0,10,99.99,1086,23.2,388.3
2026-05-19T16:13:17,38.8,2242,7941,0,10,99.99,981,24.7,388.3
2026-05-19T16:13:22,39.4,2252,7941,0,10,99.99,1145,24.6,388.3
2026-05-19T16:13:28,39.6,2246,7941,1,10,99.99,1055,25.0,388.3
2026-05-19T16:13:33,41.7,2245,7941,0,11,99.99,999,26.4,388.3
2026-05-19T16:13:38,39.6,2245,7941,0,10,99.99,1059,24.9,388.3
2026-05-19T16:13:43,39.4,2247,7941,0,10,99.99,1091,25.4,388.3
2026-05-19T16:13:49,40.1,2245,7941,0,11,99.99,1119,25.1,388.3
2026-05-19T16:13:54,41.4,2253,7941,0,11,99.99,1091,26.7,388.3
2026-05-19T16:13:59,38.0,2254,7941,0,11,99.99,1035,24.2,388.3
2026-05-19T16:14:04,42.3,2233,7941,0,10,99.99,911,26.2,388.3
2026-05-19T16:14:10,39.4,2243,7941,0,10,99.99,1041,25.1,388.3
2026-05-19T16:14:15,41.0,2239,7941,0,11,99.99,1024,25.6,388.3
2026-05-19T16:14:20,39.6,2243,7941,1,9,99.99,1020,25.4,388.3
2026-05-19T16:14:25,37.8,2240,7941,1,8,99.99,1092,23.5,388.3
2026-05-19T16:14:31,36.6,2243,7941,0,11,99.99,1141,23.2,388.3
2026-05-19T16:14:36,37.7,2246,7941,0,11,99.99,1027,24.2,388.3
2026-05-19T16:14:41,39.1,2237,7941,1,9,99.99,1034,25.0,388.3
2026-05-19T16:14:46,38.5,2239,7941,1,10,99.99,1171,24.5,388.3
2026-05-19T16:14:52,37.2,2235,7941,0,11,99.99,1007,23.5,388.3
2026-05-19T16:14:57,37.8,2243,7941,0,11,99.99,1143,23.6,388.3
2026-05-19T16:15:02,49.4,2307,7941,1,9,99.99,941,26.1,388.3
2026-05-19T16:15:08,44.4,2258,7941,1,10,99.99,988,25.9,388.3
2026-05-19T16:15:13,39.3,2259,7941,0,9,99.99,1079,25.0,388.3
2026-05-19T16:15:18,36.4,2256,7941,0,11,99.99,1051,23.1,388.3
2026-05-19T16:15:23,39.0,2255,7941,0,10,99.99,1071,24.7,388.3
2026-05-19T16:15:29,37.8,2248,7941,0,11,99.99,1049,24.2,388.3
2026-05-19T16:15:34,38.2,2240,7941,1,9,99.99,1143,23.8,388.3
2026-05-19T16:15:39,40.5,2235,7941,1,9,99.99,1136,25.3,388.3
2026-05-19T16:15:44,42.4,2230,7941,0,8,99.99,1082,25.6,388.3
2026-05-19T16:15:50,40.6,2236,7941,1,10,99.99,1008,25.1,388.3
2026-05-19T16:15:55,43.5,2236,7941,0,11,99.99,1006,26.7,388.3
2026-05-19T16:16:00,43.2,2243,7941,1,9,99.99,1029,25.9,388.3
2026-05-19T16:16:06,45.7,2237,7941,0,10,99.99,941,28.4,388.3
2026-05-19T16:16:11,41.0,2241,7941,0,10,99.99,1077,25.7,388.3
2026-05-19T16:16:16,40.4,2252,7941,0,10,99.99,1036,25.2,388.3
2026-05-19T16:16:22,43.9,2238,7941,0,8,99.99,1012,27.9,388.3
2026-05-19T16:16:27,42.9,2245,7941,2,7,99.99,967,27.1,388.3
2026-05-19T16:16:32,43.1,2252,7941,0,10,99.99,940,27.3,388.3
2026-05-19T16:16:38,44.6,2242,7941,2,7,99.99,1085,27.6,388.3
2026-05-19T16:16:43,41.2,2252,7941,0,8,99.99,1019,25.4,388.3
2026-05-19T16:16:48,44.0,2249,7941,1,8,99.99,939,27.0,388.3
2026-05-19T16:16:54,43.3,2243,7941,0,10,99.99,1079,26.8,388.3
2026-05-19T16:16:59,42.2,2247,7941,0,10,99.99,966,26.2,388.3
2026-05-19T16:17:04,54.1,2257,7941,0,10,99.99,870,27.4,388.3
2026-05-19T16:17:09,43.2,2254,7941,0,10,99.99,1019,26.4,388.3
2026-05-19T16:17:15,44.6,2248,7941,1,8,99.99,1019,28.0,388.3
2026-05-19T16:17:20,43.3,2244,7941,0,10,99.99,1022,26.7,388.3
2026-05-19T16:17:25,42.4,2235,7941,0,11,99.99,993,27.1,388.3
2026-05-19T16:17:31,42.2,2240,7941,1,9,99.99,1023,26.7,388.3
2026-05-19T16:17:36,43.6,2237,7941,1,9,99.99,1033,26.3,388.3
2026-05-19T16:17:41,42.9,2238,7941,0,9,99.99,1143,26.9,388.3
2026-05-19T16:17:47,44.0,2234,7941,0,11,99.99,996,27.0,388.3
2026-05-19T16:17:52,42.6,2240,7941,1,10,99.99,946,26.6,388.3
2026-05-19T16:17:57,44.9,2241,7941,0,10,99.99,1091,27.1,388.3
2026-05-19T16:18:02,43.3,2236,7941,0,8,99.99,854,26.8,388.3
2026-05-19T16:18:08,42.3,2241,7941,1,7,99.99,906,26.8,388.3
2026-05-19T16:18:13,42.9,2243,7941,0,10,99.99,939,27.5,388.3
2026-05-19T16:18:18,43.6,2241,7941,0,9,99.99,1021,26.7,388.3
2026-05-19T16:18:24,42.7,2238,7941,0,11,99.99,1077,27.0,388.3
2026-05-19T16:18:29,42.6,2235,7941,0,10,99.99,943,26.5,388.3
2026-05-19T16:18:34,44.3,2242,7941,0,11,99.99,1063,26.9,388.3
2026-05-19T16:18:40,44.6,2240,7941,0,9,99.99,988,27.9,388.3
2026-05-19T16:18:45,42.4,2234,7941,0,10,99.99,1053,26.6,388.3
2026-05-19T16:18:50,42.2,2241,7941,1,10,99.99,986,27.1,388.3
2026-05-19T16:18:56,42.8,2231,7941,0,11,99.99,959,26.1,388.3
2026-05-19T16:19:01,45.2,2281,7941,1,8,99.99,1171,26.4,388.3
2026-05-19T16:19:06,49.5,2237,7941,0,11,99.99,697,28.3,388.3
2026-05-19T16:19:12,41.4,2244,7941,0,11,99.99,991,26.2,388.3
2026-05-19T16:19:17,41.7,2243,7941,0,11,99.99,1014,25.7,388.3
2026-05-19T16:19:22,42.4,2245,7941,1,9,99.99,1017,26.9,388.3
2026-05-19T16:19:27,44.2,2245,7941,0,11,99.99,967,27.4,388.3
2026-05-19T16:19:33,42.5,2252,7941,1,9,99.99,1005,26.5,388.3
2026-05-19T16:19:38,43.8,2241,7941,0,9,99.99,915,28.3,388.3
2026-05-19T16:19:43,42.9,2245,7941,0,10,99.99,998,27.1,388.3
2026-05-19T16:19:49,41.3,2245,7941,0,10,99.99,1064,25.8,388.3
2026-05-19T16:19:54,43.0,2248,7941,0,9,99.99,1084,26.1,388.3
2026-05-19T16:19:59,42.5,2247,7941,0,11,99.99,1053,27.0,388.3
2026-05-19T16:20:05,45.9,2233,7941,0,8,99.99,762,29.2,388.3
2026-05-19T16:20:10,44.8,2238,7941,0,9,99.99,1000,27.6,388.3
2026-05-19T16:20:15,44.0,2243,7941,0,10,99.99,946,27.5,388.3
2026-05-19T16:20:21,44.6,2241,7941,2,7,99.99,920,28.2,388.3
2026-05-19T16:20:26,44.3,2241,7941,0,10,99.99,1047,27.2,388.3
2026-05-19T16:20:31,44.3,2238,7941,0,10,99.99,920,28.0,388.3
2026-05-19T16:20:37,44.5,2237,7941,1,9,99.99,1008,27.4,388.3
2026-05-19T16:20:42,43.6,2244,7941,0,11,99.99,962,26.8,388.3
2026-05-19T16:20:47,44.4,2247,7941,1,6,99.99,1045,27.4,388.3
2026-05-19T16:20:53,41.7,2248,7941,0,9,99.99,1100,26.6,388.3
2026-05-19T16:20:58,42.0,2247,7941,1,10,99.99,996,26.8,388.3
2026-05-19T16:21:03,51.8,2271,7941,0,11,99.99,915,26.8,388.3
2026-05-19T16:21:09,43.8,2247,7941,0,11,99.99,991,27.2,388.3
2026-05-19T16:21:14,44.2,2247,7941,0,11,99.99,1018,27.3,388.3
2026-05-19T16:21:19,42.9,2241,7941,0,11,99.99,1035,26.0,388.3
2026-05-19T16:21:24,42.1,2247,7941,0,11,99.99,1104,26.2,388.3
2026-05-19T16:21:30,41.4,2248,7941,1,9,99.99,1050,26.2,388.3
2026-05-19T16:21:35,41.5,2245,7941,0,10,99.99,1008,25.9,388.3
2026-05-19T16:21:40,41.2,2250,7941,0,11,99.99,1040,26.3,388.3
2026-05-19T16:21:46,43.1,2249,7941,0,11,99.99,1100,26.6,388.3
2026-05-19T16:21:51,42.7,2247,7941,1,9,99.99,1023,27.0,388.3
2026-05-19T16:21:56,42.9,2243,7941,0,10,99.99,1034,27.0,388.3
2026-05-19T16:22:02,44.8,2245,7941,0,10,99.99,991,27.0,388.3
2026-05-19T16:22:07,44.5,2243,7941,0,11,99.99,1022,28.0,388.3
2026-05-19T16:22:12,38.2,2248,7941,1,9,99.99,1043,24.9,388.3
2026-05-19T16:22:17,38.5,2246,7941,0,10,99.99,1043,23.9,388.3
2026-05-19T16:22:23,41.0,2248,7941,0,10,99.99,1118,25.9,388.3
2026-05-19T16:22:28,39.4,2246,7941,0,11,99.99,1008,25.2,388.3
2026-05-19T16:22:33,40.8,2245,7941,0,9,99.99,1079,26.1,388.3
2026-05-19T16:22:39,39.3,2244,7941,0,11,99.99,1026,24.3,388.3
2026-05-19T16:22:44,39.1,2245,7941,0,12,99.99,1098,24.6,388.3
2026-05-19T16:22:49,39.6,2254,7941,0,10,99.99,1077,24.6,388.3
2026-05-19T16:22:54,39.7,2245,7941,0,11,99.99,1057,24.6,388.3
2026-05-19T16:22:59,38.3,2244,7941,0,11,99.99,1018,24.0,388.3
2026-05-19T16:23:05,53.0,2265,7941,0,10,99.99,1000,26.7,388.3
2026-05-19T16:23:10,37.9,2255,7941,0,10,99.99,1020,23.9,388.3
2026-05-19T16:23:15,40.2,2254,7941,0,11,99.99,1068,25.5,388.3
2026-05-19T16:23:21,39.1,2254,7941,0,10,99.99,1073,24.6,388.3
2026-05-19T16:23:26,39.9,2246,7941,1,9,99.99,1143,25.2,388.3
2026-05-19T16:23:31,40.5,2247,7941,0,10,99.99,1071,24.4,388.3
2026-05-19T16:23:36,42.2,2240,7941,0,11,99.99,1020,26.4,388.3
2026-05-19T16:23:42,39.7,2240,7941,0,11,99.99,1034,24.6,388.3
2026-05-19T16:23:47,42.2,2244,7941,0,9,99.99,1110,25.3,388.3
2026-05-19T16:23:52,41.1,2249,7941,0,11,99.99,1029,26.3,388.3
2026-05-19T16:23:57,37.4,2247,7941,1,9,99.99,1145,23.2,388.3
2026-05-19T16:24:03,43.4,2237,7941,0,11,99.99,1003,26.6,388.3
2026-05-19T16:24:08,43.9,2238,7941,1,9,99.99,992,27.3,388.3
2026-05-19T16:24:13,40.6,2242,7941,0,11,99.99,1119,25.3,388.3
2026-05-19T16:24:19,39.4,2240,7941,1,9,99.99,1076,25.1,388.3
2026-05-19T16:24:24,39.3,2243,7941,0,11,99.99,987,24.1,388.3
2026-05-19T16:24:29,40.0,2243,7941,1,10,99.99,1114,25.1,388.3
2026-05-19T16:24:34,41.1,2245,7941,0,10,99.99,1083,25.3,388.4
2026-05-19T16:24:40,41.7,2241,7941,0,10,99.99,1092,26.5,388.4
2026-05-19T16:24:45,40.2,2246,7941,0,11,99.99,1060,25.1,388.4
2026-05-19T16:24:50,39.5,2240,7941,0,9,99.99,1108,24.2,388.4
2026-05-19T16:24:56,40.6,2238,7941,1,10,99.99,1096,25.0,388.4
2026-05-19T16:25:01,43.9,2312,7941,1,11,99.99,1005,25.2,388.4
2026-05-19T16:25:06,47.5,2278,7941,0,8,99.99,847,27.3,388.4
2026-05-19T16:25:12,42.4,2246,7941,0,11,99.99,983,26.7,388.4
2026-05-19T16:25:17,39.7,2247,7941,0,9,99.99,1084,24.6,388.4
2026-05-19T16:25:22,39.8,2242,7941,0,11,99.99,1076,25.3,388.4
2026-05-19T16:25:28,38.9,2239,7941,0,10,99.99,1049,24.2,388.4
2026-05-19T16:25:33,41.2,2242,7941,1,10,99.99,1070,25.4,388.4
2026-05-19T16:25:38,40.8,2239,7941,1,10,99.99,1132,25.4,388.4
2026-05-19T16:25:43,38.4,2249,7941,1,10,99.99,1042,24.1,388.4
2026-05-19T16:25:49,41.7,2241,7941,0,10,99.99,994,26.0,388.4
2026-05-19T16:25:54,38.6,2244,7941,0,10,99.99,1144,23.8,388.4
2026-05-19T16:25:59,40.6,2242,7941,0,11,99.99,1006,25.6,388.4
2026-05-19T16:26:04,47.4,2247,7941,0,11,99.99,962,26.1,388.4
2026-05-19T16:26:10,39.8,2247,7941,0,10,99.99,1084,25.1,388.4
2026-05-19T16:26:15,42.4,2244,7941,1,9,99.99,1011,27.1,388.4
2026-05-19T16:26:20,40.9,2243,7941,0,10,99.99,1020,26.1,388.4
2026-05-19T16:26:25,41.7,2247,7941,0,8,99.99,1070,26.4,388.4
2026-05-19T16:26:31,41.2,2246,7941,0,10,99.99,1040,25.6,388.4
2026-05-19T16:26:36,39.6,2250,7941,0,11,99.99,1074,24.1,388.4
2026-05-19T16:26:41,40.9,2241,7941,1,9,99.99,1084,25.6,388.4
2026-05-19T16:26:47,40.1,2243,7941,1,8,99.99,1058,24.2,388.4
2026-05-19T16:26:52,39.4,2234,7941,1,9,99.99,1065,24.6,388.4
2026-05-19T16:26:57,39.8,2232,7941,0,10,99.99,1068,25.0,388.4
2026-05-19T16:27:02,49.3,2280,7941,1,10,99.99,948,25.1,388.4
2026-05-19T16:27:08,42.1,2237,7941,1,10,99.99,1080,25.8,388.4
2026-05-19T16:27:13,41.1,2242,7941,0,7,99.99,1085,26.0,388.4
2026-05-19T16:27:18,38.2,2234,7941,0,11,99.99,938,24.1,388.4
2026-05-19T16:27:23,40.7,2246,7941,1,9,99.99,1096,26.2,388.4
2026-05-19T16:27:29,40.2,2245,7941,0,10,99.99,1099,25.0,388.4
2026-05-19T16:27:34,39.4,2247,7941,0,9,99.99,1025,24.6,388.4
2026-05-19T16:27:39,40.7,2248,7941,1,9,99.99,1046,26.1,388.4
2026-05-19T16:27:45,40.4,2241,7941,1,9,99.99,1010,25.4,388.4
2026-05-19T16:27:50,40.5,2232,7941,0,10,99.99,1064,24.9,388.4
2026-05-19T16:27:55,39.8,2231,7941,0,9,99.99,1087,24.8,388.4
2026-05-19T16:28:00,41.0,2246,7941,1,10,99.99,1067,25.1,388.4
2026-05-19T16:28:06,44.1,2241,7941,0,11,99.99,973,26.9,388.4
2026-05-19T16:28:11,39.4,2251,7941,0,11,99.99,1128,24.3,388.4
2026-05-19T16:28:16,39.1,2247,7941,0,11,99.99,1039,24.9,388.4
2026-05-19T16:28:22,40.7,2243,7941,1,9,99.99,1040,25.6,388.4
2026-05-19T16:28:27,41.0,2248,7941,1,10,99.99,1035,25.4,388.4
2026-05-19T16:28:32,41.4,2246,7941,0,11,99.99,1068,26.4,388.4
2026-05-19T16:28:37,40.0,2248,7941,0,10,99.99,1048,25.0,388.4
2026-05-19T16:28:43,38.4,2250,7941,0,10,99.99,1128,24.6,388.4
2026-05-19T16:28:48,38.2,2246,7941,0,9,99.99,1030,23.5,388.4
2026-05-19T16:28:53,40.6,2246,7941,0,10,99.99,1058,25.7,388.4
2026-05-19T16:28:58,38.3,2243,7941,0,11,99.99,1086,24.1,388.4
2026-05-19T16:29:04,49.0,2279,7941,0,11,99.99,939,26.9,388.4
2026-05-19T16:29:09,41.4,2265,7941,0,10,99.99,982,26.3,388.4
2026-05-19T16:29:14,36.1,2249,7941,0,10,99.99,1088,22.4,388.4
2026-05-19T16:29:20,37.1,2243,7941,0,10,99.99,1117,23.6,388.4
2026-05-19T16:29:25,38.2,2245,7941,0,10,99.99,1139,24.1,388.4
2026-05-19T16:29:30,35.1,2246,7941,1,10,99.99,1139,22.1,388.4
2026-05-19T16:29:35,38.7,2247,7941,0,11,99.99,1055,24.3,388.4
2026-05-19T16:29:41,36.2,2249,7941,1,8,99.99,1088,22.9,388.4
2026-05-19T16:29:46,37.4,2238,7941,1,9,99.99,1083,24.0,388.4
2026-05-19T16:29:51,33.4,2247,7941,0,8,99.99,1028,21.3,388.4
2026-05-19T16:29:56,34.4,2254,7941,0,10,99.99,1025,21.4,388.4
2026-05-19T16:30:02,36.8,2247,7941,0,9,99.99,1117,23.5,388.4
2026-05-19T16:30:07,42.6,2247,7941,0,9,99.99,925,26.9,388.4
2026-05-19T16:30:12,37.2,2251,7941,1,10,99.99,1060,23.9,388.4
2026-05-19T16:30:18,36.5,2249,7941,0,11,99.99,1072,22.6,388.4
2026-05-19T16:30:23,35.1,2248,7941,0,11,99.99,1053,22.2,388.4
2026-05-19T16:30:28,36.0,2249,7941,0,9,99.99,1114,22.8,388.4
2026-05-19T16:30:33,37.0,2249,7941,1,9,99.99,1072,23.4,388.4
2026-05-19T16:30:39,36.8,2246,7941,1,10,99.99,1082,23.2,388.4
2026-05-19T16:30:44,36.2,2248,7941,1,9,99.99,1061,22.9,388.4
2026-05-19T16:30:49,37.2,2249,7941,0,11,99.99,1020,23.6,388.4
2026-05-19T16:30:54,37.0,2247,7941,0,10,99.99,1149,23.4,388.4
2026-05-19T16:30:59,34.2,2255,7941,0,11,99.99,1047,22.0,388.4
2026-05-19T16:31:05,48.0,2286,7941,0,10,99.99,1034,27.0,388.4
2026-05-19T16:31:10,34.0,2252,7941,0,11,99.99,1067,21.7,388.4
2026-05-19T16:31:15,36.8,2252,7941,0,11,99.99,1014,23.4,388.4
2026-05-19T16:31:21,36.5,2246,7941,0,11,99.99,1148,23.3,388.4
2026-05-19T16:31:26,35.0,2253,7941,0,11,99.99,1100,21.8,388.4
2026-05-19T16:31:31,35.0,2251,7941,0,11,99.99,1077,22.8,388.4
2026-05-19T16:31:36,36.3,2239,7941,1,8,99.99,1052,23.0,388.4
2026-05-19T16:31:42,36.6,2251,7941,0,11,99.99,1163,23.1,388.4
2026-05-19T16:31:47,36.7,2248,7941,0,9,99.99,1009,23.2,388.4
2026-05-19T16:31:52,36.1,2254,7941,0,10,99.99,1176,23.1,388.4
2026-05-19T16:31:57,36.6,2244,7941,0,9,99.99,1080,23.2,388.4
2026-05-19T16:32:03,40.8,2265,7941,0,11,99.99,955,26.4,388.4
2026-05-19T16:32:08,38.7,2257,7941,1,10,99.99,1030,24.7,388.4
2026-05-19T16:32:13,38.6,2260,7941,0,11,99.99,1132,24.3,388.4
2026-05-19T16:32:18,36.3,2257,7941,0,8,99.99,1087,23.5,388.4
2026-05-19T16:32:24,37.2,2251,7941,0,10,99.99,1044,23.4,388.4
2026-05-19T16:32:29,38.4,2246,7941,0,11,99.99,1057,24.3,388.4
2026-05-19T16:32:34,35.9,2247,7941,0,11,99.99,1094,22.7,388.4
2026-05-19T16:32:39,36.8,2244,7941,1,9,99.99,1064,23.1,388.4
2026-05-19T16:32:45,36.9,2246,7941,2,9,99.99,1116,22.9,388.4
2026-05-19T16:32:50,35.1,2260,7941,1,10,99.99,1041,22.2,388.4
2026-05-19T16:32:55,34.0,2255,7941,0,10,99.99,1110,21.8,388.4
2026-05-19T16:33:00,36.8,2295,7941,1,10,99.99,1055,23.2,388.4
2026-05-19T16:33:06,47.5,2277,7941,0,11,99.99,1051,25.2,388.4
2026-05-19T16:33:11,34.8,2255,7941,1,9,99.99,1129,21.9,388.4
2026-05-19T16:33:16,36.3,2252,7941,0,11,99.99,1101,22.9,388.4
2026-05-19T16:33:21,35.9,2258,7941,1,9,99.99,1101,23.2,388.4
2026-05-19T16:33:27,35.4,2246,7941,0,10,99.99,906,22.6,388.4
2026-05-19T16:33:32,35.7,2254,7941,0,11,99.99,1174,22.7,388.4
2026-05-19T16:33:37,37.1,2248,7941,3,8,99.99,1145,23.2,388.4
2026-05-19T16:33:42,35.9,2255,7941,0,11,99.99,981,22.9,388.4
2026-05-19T16:33:48,37.5,2255,7941,0,11,99.99,1142,23.6,388.4
2026-05-19T16:33:53,35.0,2257,7941,0,10,99.99,1033,21.9,388.4
2026-05-19T16:33:58,35.5,2254,7941,0,11,99.99,1073,22.4,388.4
2026-05-19T16:34:03,40.4,2260,7941,2,8,99.99,1008,25.6,388.4
2026-05-19T16:34:08,36.5,2248,7941,0,10,99.99,1119,23.0,388.4
2026-05-19T16:34:14,36.8,2254,7941,0,10,99.99,1088,23.6,388.4
2026-05-19T16:34:19,36.1,2258,7941,0,11,99.99,1108,22.4,388.4
2026-05-19T16:34:24,36.1,2255,7941,0,11,99.99,1077,22.9,388.4
2026-05-19T16:34:29,34.2,2257,7941,0,11,99.99,1104,21.9,388.4
2026-05-19T16:34:35,35.8,2255,7941,0,11,99.99,1036,22.2,388.4
2026-05-19T16:34:40,36.2,2259,7941,0,11,99.99,1003,23.1,388.4
2026-05-19T16:34:45,36.0,2250,7941,0,10,99.99,1148,22.6,388.4
2026-05-19T16:34:50,35.4,2254,7941,0,9,99.99,1066,22.9,388.4
2026-05-19T16:34:56,35.7,2242,7941,0,11,99.99,1109,22.4,388.4
2026-05-19T16:35:01,40.6,2308,7941,2,10,99.99,1151,23.4,388.4
2026-05-19T16:35:06,46.8,2251,7941,0,10,99.99,923,27.6,388.4
2026-05-19T16:35:12,38.0,2242,7941,0,9,99.99,1061,24.5,388.4
2026-05-19T16:35:17,39.0,2249,7941,0,10,99.99,1088,25.0,388.4
2026-05-19T16:35:22,41.2,2248,7941,0,9,99.99,1058,25.4,388.4
2026-05-19T16:35:27,39.7,2249,7941,1,7,99.99,1118,24.6,388.4
2026-05-19T16:35:33,42.5,2250,7941,0,10,99.99,989,27.7,388.4
2026-05-19T16:35:38,40.6,2249,7941,0,11,99.99,1004,25.7,388.4
2026-05-19T16:35:43,40.0,2250,7941,0,11,99.99,1025,25.1,388.4
2026-05-19T16:35:49,40.7,2234,7941,0,11,99.99,1091,25.3,388.4
2026-05-19T16:35:54,39.3,2245,7941,0,11,99.99,1122,24.2,388.4
2026-05-19T16:35:59,39.0,2252,7941,0,10,99.99,1030,24.8,388.4
2026-05-19T16:36:04,43.2,2248,7941,0,11,99.99,909,26.6,388.4
2026-05-19T16:36:10,39.7,2245,7941,0,11,99.99,1063,24.8,388.4
2026-05-19T16:36:15,41.1,2245,7941,0,11,99.99,1062,25.3,388.4
2026-05-19T16:36:20,39.9,2253,7941,0,9,99.99,1008,24.8,388.4
2026-05-19T16:36:25,42.0,2245,7941,1,8,99.99,1190,26.6,388.4
2026-05-19T16:36:31,39.2,2252,7941,1,6,99.99,1075,24.4,388.4
2026-05-19T16:36:36,41.9,2245,7941,0,10,99.99,962,26.4,388.4
2026-05-19T16:36:41,41.8,2248,7941,0,9,99.99,1053,25.8,388.4
2026-05-19T16:36:46,39.1,2247,7941,0,9,99.99,1233,23.9,388.4
2026-05-19T16:36:52,39.6,2250,7941,1,10,99.99,961,24.9,388.4
2026-05-19T16:36:57,40.1,2249,7941,0,11,99.99,1072,24.8,388.4
2026-05-19T16:37:02,51.8,2315,7941,1,8,99.99,1012,27.0,388.4
2026-05-19T16:37:08,44.7,2263,7941,0,11,99.99,949,26.8,388.4
2026-05-19T16:37:13,41.8,2251,7941,0,9,99.99,1012,26.8,388.4
2026-05-19T16:37:18,40.4,2247,7941,0,10,99.99,1082,25.4,388.4
2026-05-19T16:37:23,41.3,2247,7941,1,10,99.99,923,25.9,388.4
2026-05-19T16:37:29,40.6,2244,7941,1,10,99.99,1179,25.1,388.4
2026-05-19T16:37:34,42.4,2247,7941,0,11,99.99,985,26.2,388.4
2026-05-19T16:37:39,39.7,2255,7941,1,10,99.99,1077,24.5,388.4
2026-05-19T16:37:44,39.2,2253,7941,0,11,99.99,1005,24.8,388.4
2026-05-19T16:37:50,40.0,2260,7941,0,11,99.99,1136,25.1,388.4
2026-05-19T16:37:55,40.6,2256,7941,2,9,99.99,1054,24.8,388.4
2026-05-19T16:38:00,42.1,2258,7941,1,6,99.99,1079,26.6,388.4
2026-05-19T16:38:06,41.8,2255,7941,0,10,99.99,944,26.7,388.4
2026-05-19T16:38:11,35.9,2249,7941,1,10,99.99,971,23.2,388.4
2026-05-19T16:38:16,41.2,2247,7941,1,9,99.99,1136,25.3,388.4
2026-05-19T16:38:21,38.7,2252,7941,0,11,99.99,1103,24.5,388.4
2026-05-19T16:38:27,39.6,2245,7941,0,9,99.99,1028,24.7,388.4
2026-05-19T16:38:32,41.2,2253,7941,0,11,99.99,1024,25.6,388.4
2026-05-19T16:38:37,39.1,2247,7941,0,11,99.99,1093,24.0,388.4
2026-05-19T16:38:43,38.4,2251,7941,1,10,99.99,1030,24.2,388.4
2026-05-19T16:38:48,40.5,2253,7941,1,10,99.99,1145,25.4,388.4
2026-05-19T16:38:53,38.1,2242,7941,0,10,99.99,1023,23.9,388.4
2026-05-19T16:38:58,39.7,2248,7941,0,8,99.99,1061,25.5,388.4
2026-05-19T16:39:04,51.1,2264,7941,2,7,99.99,819,26.8,388.4
2026-05-19T16:39:09,42.2,2257,7941,0,11,99.99,869,27.4,388.4
2026-05-19T16:39:14,42.0,2258,7941,0,11,99.99,1065,26.1,388.4
2026-05-19T16:39:19,43.0,2254,7941,1,10,99.99,1082,25.9,388.4
2026-05-19T16:39:25,42.1,2245,7941,0,9,99.99,939,26.8,388.4
2026-05-19T16:39:30,44.5,2249,7941,0,11,99.99,1008,28.1,388.4
2026-05-19T16:39:36,44.6,2252,7941,0,10,99.99,951,27.8,388.4
2026-05-19T16:39:41,43.4,2245,7941,1,9,99.99,972,27.2,388.4
2026-05-19T16:39:46,45.3,2251,7941,1,7,99.99,985,28.1,388.4
2026-05-19T16:39:52,43.1,2251,7941,0,9,99.99,923,26.9,388.4
2026-05-19T16:39:57,44.1,2252,7941,0,10,99.99,980,27.9,388.4
2026-05-19T16:40:02,46.3,2256,7941,0,11,99.99,868,26.9,388.4
2026-05-19T16:40:08,43.6,2245,7941,0,9,99.99,722,28.5,388.4
2026-05-19T16:40:13,44.2,2249,7941,0,10,99.99,942,27.4,388.4
2026-05-19T16:40:18,45.0,2251,7941,1,10,99.99,1125,27.5,388.4
2026-05-19T16:40:24,42.7,2248,7941,0,10,99.99,878,27.3,388.4
2026-05-19T16:40:29,45.4,2252,7941,0,9,99.99,1002,27.8,388.4
2026-05-19T16:40:34,44.5,2244,7941,1,10,99.99,1026,27.0,388.4
2026-05-19T16:40:40,41.4,2255,7941,0,11,99.99,1012,26.5,388.4
2026-05-19T16:40:45,41.9,2260,7941,1,10,99.99,955,27.2,388.4
2026-05-19T16:40:50,44.1,2251,7941,0,8,99.99,936,27.6,388.4
2026-05-19T16:40:56,44.1,2248,7941,2,9,99.99,977,27.7,388.4
2026-05-19T16:41:01,42.2,2293,7941,1,9,99.99,1056,25.1,388.4
2026-05-19T16:41:06,49.2,2265,7941,0,10,99.99,889,27.7,388.4
2026-05-19T16:41:11,44.2,2255,7941,0,9,99.99,983,27.8,388.4
2026-05-19T16:41:17,42.3,2254,7941,0,10,99.99,991,27.1,388.4
2026-05-19T16:41:22,41.8,2252,7941,0,10,99.99,1052,26.7,388.4
2026-05-19T16:41:27,41.4,2248,7941,0,10,99.99,744,27.3,388.4
2026-05-19T16:41:33,42.6,2248,7941,1,8,99.99,880,27.5,388.4
2026-05-19T16:41:38,44.1,2247,7941,0,11,99.99,928,27.2,388.4
2026-05-19T16:41:43,43.8,2251,7941,0,10,99.99,1117,27.0,388.4
2026-05-19T16:41:49,43.0,2250,7941,0,10,99.99,1016,26.2,388.4
2026-05-19T16:41:54,44.2,2254,7941,1,9,99.99,974,27.4,388.4
2026-05-19T16:41:59,41.8,2256,7941,1,10,99.99,1009,26.5,388.4
2026-05-19T16:42:05,44.6,2256,7941,0,9,99.99,786,27.5,388.4
2026-05-19T16:42:10,42.2,2253,7941,0,11,99.99,1034,26.7,388.4
2026-05-19T16:42:15,42.5,2250,7941,0,10,99.99,1153,25.9,388.4
2026-05-19T16:42:20,43.4,2246,7941,1,8,99.99,1016,27.3,388.4
2026-05-19T16:42:26,44.8,2249,7941,0,10,99.99,1025,27.2,388.4
2026-05-19T16:42:31,42.8,2244,7941,0,10,99.99,1048,26.6,388.4
2026-05-19T16:42:36,43.1,2254,7941,0,8,99.99,954,26.4,388.4
2026-05-19T16:42:42,44.0,2254,7941,0,11,99.99,1079,27.0,388.4
2026-05-19T16:42:47,45.3,2248,7941,0,10,99.99,1045,28.0,388.4
2026-05-19T16:42:52,42.3,2249,7941,0,9,99.99,994,26.3,388.4
2026-05-19T16:42:58,43.2,2249,7941,2,6,99.99,1073,26.5,388.4
2026-05-19T16:43:03,53.1,2286,7941,2,6,99.99,798,28.0,388.4
2026-05-19T16:43:08,43.4,2256,7941,0,10,99.99,935,27.5,388.4
2026-05-19T16:43:14,43.6,2250,7941,1,8,99.99,1025,27.3,388.4
2026-05-19T16:43:19,42.9,2252,7941,0,11,99.99,976,26.8,388.4
2026-05-19T16:43:24,41.8,2247,7941,0,11,99.99,1097,25.8,388.4
2026-05-19T16:43:30,40.0,2257,7941,2,9,99.99,1037,26.2,388.4
2026-05-19T16:43:35,40.6,2264,7941,0,11,99.99,1020,24.9,388.4
2026-05-19T16:43:40,40.2,2270,7941,0,11,99.99,1131,25.4,388.4
2026-05-19T16:43:46,41.7,2262,7941,0,8,99.99,1066,25.4,388.4
2026-05-19T16:43:51,41.2,2262,7941,0,11,99.99,1000,26.1,388.4
2026-05-19T16:43:56,41.0,2254,7941,1,8,99.99,1072,25.9,388.4
2026-05-19T16:44:01,42.8,2259,7941,0,10,99.99,975,26.4,388.4
2026-05-19T16:44:07,41.4,2268,7941,0,10,99.99,1048,26.6,388.4
2026-05-19T16:44:12,40.4,2260,7941,0,11,99.99,923,25.7,388.4
2026-05-19T16:44:17,39.7,2259,7941,1,9,99.99,1094,24.9,388.4
2026-05-19T16:44:23,38.9,2254,7941,0,11,99.99,1105,24.3,388.4
2026-05-19T16:44:28,41.9,2254,7941,0,10,99.99,1029,26.3,388.4
2026-05-19T16:44:33,40.8,2258,7941,0,9,99.99,1060,25.4,388.4
2026-05-19T16:44:38,42.0,2261,7941,0,11,99.99,994,26.4,388.4
2026-05-19T16:44:44,36.6,2259,7941,1,9,99.99,1054,22.6,388.4
2026-05-19T16:44:49,36.8,2262,7941,1,10,99.99,1061,22.8,388.4
2026-05-19T16:44:54,37.1,2266,7941,1,10,99.99,1190,23.2,388.4
2026-05-19T16:44:59,34.9,2264,7941,1,10,99.99,1069,22.2,388.4
2026-05-19T16:45:05,53.0,2279,7941,1,9,99.99,826,27.1,388.4
2026-05-19T16:45:10,37.1,2268,7941,1,8,99.99,1063,23.8,388.4
2026-05-19T16:45:15,35.6,2265,7941,0,11,99.99,1061,22.6,388.4
2026-05-19T16:45:20,37.1,2265,7941,0,10,99.99,1085,23.9,388.4
2026-05-19T16:45:26,36.3,2258,7941,0,10,99.99,1072,22.9,388.4
2026-05-19T16:45:31,37.0,2255,7941,0,11,99.99,1150,23.4,388.4
2026-05-19T16:45:36,36.1,2256,7941,0,11,99.99,1089,22.4,388.4
2026-05-19T16:45:41,36.0,2266,7941,0,11,99.99,964,23.0,388.4
2026-05-19T16:45:47,37.7,2260,7941,0,11,99.99,1120,23.4,388.4
2026-05-19T16:45:52,36.9,2266,7941,0,11,99.99,1175,23.0,388.4
2026-05-19T16:45:57,35.0,2258,7941,0,10,99.99,1057,22.1,388.4
2026-05-19T16:46:02,40.2,2261,7941,1,10,99.99,1055,25.3,388.4
2026-05-19T16:46:08,37.8,2253,7941,0,11,99.99,1046,23.8,388.4
2026-05-19T16:46:13,37.4,2255,7941,1,8,99.99,1061,24.0,388.4
2026-05-19T16:46:18,36.6,2250,7941,0,11,99.99,1133,22.6,388.4
2026-05-19T16:46:23,37.3,2256,7941,0,11,99.99,1055,23.8,388.4
2026-05-19T16:46:29,36.5,2254,7941,0,11,99.99,1101,22.3,388.4
2026-05-19T16:46:34,38.4,2265,7941,1,7,99.99,1031,24.6,388.4
2026-05-19T16:46:39,36.3,2260,7941,0,11,99.99,1096,22.4,388.4
2026-05-19T16:46:44,36.7,2258,7941,0,11,99.99,1088,23.3,388.4
2026-05-19T16:46:50,35.5,2262,7941,0,10,99.99,1039,22.6,388.4
2026-05-19T16:46:55,37.2,2257,7941,0,10,99.99,1178,23.2,388.4
2026-05-19T16:47:00,36.2,2261,7941,0,10,99.99,1072,23.5,388.4
2026-05-19T16:47:05,47.6,2282,7941,0,9,99.99,1108,25.8,388.4
2026-05-19T16:47:11,42.8,2263,7941,0,10,99.99,601,27.4,388.4
2026-05-19T16:47:16,45.5,2260,7941,0,11,99.99,609,29.3,388.4
2026-05-19T16:47:21,43.1,2265,7941,0,11,99.99,997,27.1,388.4
2026-05-19T16:47:27,42.6,2261,7941,0,8,99.99,1140,26.1,388.4
2026-05-19T16:47:32,41.5,2260,7941,0,11,99.99,1029,25.9,388.4
2026-05-19T16:47:37,42.7,2256,7941,1,10,99.99,1005,26.5,388.4
2026-05-19T16:47:43,40.7,2263,7941,0,10,99.99,1127,25.4,388.4
2026-05-19T16:47:48,40.7,2259,7941,0,10,99.99,1039,25.4,388.4
2026-05-19T16:47:53,42.1,2259,7941,0,11,99.99,1087,25.4,388.4
2026-05-19T16:47:58,42.4,2261,7941,0,11,99.99,1059,25.9,388.4
2026-05-19T16:48:04,43.7,2264,7941,2,8,99.99,957,26.6,388.4
2026-05-19T16:48:09,44.3,2261,7941,1,9,99.99,1020,26.7,388.4
2026-05-19T16:48:14,42.9,2260,7941,0,11,99.99,1040,26.9,388.4
2026-05-19T16:48:20,40.2,2263,7941,0,8,99.99,1098,25.2,388.4
2026-05-19T16:48:25,43.0,2256,7941,0,9,99.99,1075,26.7,388.4
2026-05-19T16:48:30,41.0,2255,7941,0,10,99.99,1085,25.8,388.4
2026-05-19T16:48:35,42.6,2260,7941,0,10,99.99,1023,26.4,388.4
2026-05-19T16:48:41,40.0,2256,7941,0,10,99.99,1091,25.2,388.4
2026-05-19T16:48:46,40.2,2251,7941,0,10,99.99,1084,24.7,388.4
2026-05-19T16:48:51,39.3,2250,7941,1,10,99.99,1035,24.9,388.4
2026-05-19T16:48:56,40.4,2248,7941,0,10,99.99,1105,24.8,388.4
2026-05-19T16:49:02,46.4,2312,7941,1,9,99.99,1041,25.5,388.4
2026-05-19T16:49:07,44.6,2228,7941,0,10,99.99,735,28.1,388.4
2026-05-19T16:49:13,42.5,2236,7941,0,11,99.99,952,26.5,388.4
2026-05-19T16:49:18,42.3,2247,7941,0,9,99.99,1113,26.5,388.4
2026-05-19T16:49:23,42.2,2248,7941,1,9,99.99,1054,26.0,388.4
2026-05-19T16:49:28,39.8,2254,7941,0,9,99.99,1090,24.6,388.4
2026-05-19T16:49:34,41.9,2247,7941,2,7,99.99,1058,26.6,388.4
2026-05-19T16:49:39,41.2,2247,7941,0,11,99.99,1029,25.1,388.4
2026-05-19T16:49:44,41.1,2238,7941,0,10,99.99,1120,25.6,388.4
2026-05-19T16:49:50,41.6,2251,7941,0,10,99.99,1029,25.6,388.4
2026-05-19T16:49:55,42.5,2244,7941,1,9,99.99,1090,26.1,388.4
2026-05-19T16:50:00,42.5,2237,7941,0,11,99.99,1062,26.5,388.4
2026-05-19T16:50:05,43.7,2250,7941,1,10,99.99,591,27.4,388.4
2026-05-19T16:50:11,44.1,2242,7941,0,10,99.99,824,27.9,388.4
2026-05-19T16:50:16,45.4,2242,7941,0,9,99.99,831,28.8,388.4
2026-05-19T16:50:22,43.6,2246,7941,0,11,99.99,797,28.7,388.4
2026-05-19T16:50:27,41.7,2247,7941,0,11,99.99,1060,25.4,388.4
2026-05-19T16:50:32,42.5,2250,7941,0,10,99.99,1027,26.6,388.4
2026-05-19T16:50:37,42.6,2262,7941,0,11,99.99,1104,25.9,388.4
2026-05-19T16:50:43,42.6,2253,7941,0,11,99.99,1024,26.1,388.4
2026-05-19T16:50:48,42.8,2253,7941,0,11,99.99,1096,25.4,388.4
2026-05-19T16:50:53,42.3,2256,7941,0,11,99.99,1055,25.9,388.4
2026-05-19T16:50:58,43.0,2245,7941,0,10,99.99,1003,26.9,388.4
2026-05-19T16:51:04,54.8,2289,7941,1,9,99.99,917,26.4,388.4
2026-05-19T16:51:09,43.8,2268,7941,1,10,99.99,993,27.3,388.4
2026-05-19T16:51:14,42.6,2249,7941,0,10,99.99,1103,26.5,388.4
2026-05-19T16:51:20,42.8,2247,7941,1,8,99.99,1056,26.7,388.4
2026-05-19T16:51:25,43.9,2246,7941,0,11,99.99,1044,26.9,388.4
2026-05-19T16:51:30,42.8,2241,7941,0,10,99.99,1040,26.1,388.4
2026-05-19T16:51:36,45.3,2240,7941,0,11,99.99,1021,28.0,388.4
2026-05-19T16:51:41,42.7,2241,7941,0,11,99.99,1071,26.1,388.4
2026-05-19T16:51:46,43.9,2238,7941,0,11,99.99,1026,26.1,388.4
2026-05-19T16:51:51,41.7,2239,7941,0,9,99.99,1086,25.7,388.4
2026-05-19T16:51:57,40.5,2246,7941,1,8,99.99,1056,24.8,388.4
2026-05-19T16:52:02,45.3,2249,7941,0,9,99.99,1010,26.3,388.4
2026-05-19T16:52:07,43.5,2243,7941,1,9,99.99,911,27.4,388.4
2026-05-19T16:52:13,40.0,2247,7941,0,10,99.99,1062,24.9,388.4
2026-05-19T16:52:18,42.6,2251,7941,0,10,99.99,1028,26.1,388.4
2026-05-19T16:52:23,43.3,2251,7941,1,9,99.99,1083,26.7,388.4
2026-05-19T16:52:28,42.9,2250,7941,0,10,99.99,1067,26.8,388.4
2026-05-19T16:52:34,42.4,2253,7941,3,8,99.99,1003,26.1,388.4
2026-05-19T16:52:39,41.3,2245,7941,1,10,99.99,1065,25.6,388.4
2026-05-19T16:52:44,41.9,2247,7941,1,10,99.99,1057,25.9,388.4
2026-05-19T16:52:49,40.4,2255,7941,1,9,99.99,1102,25.0,388.4
2026-05-19T16:52:55,43.4,2249,7941,1,10,99.99,1077,26.7,388.4
2026-05-19T16:53:00,43.3,2248,7941,0,9,99.99,1057,26.9,388.4
2026-05-19T16:53:05,48.0,2283,7941,0,10,99.99,729,27.3,388.4
2026-05-19T16:53:11,43.8,2241,7941,0,11,99.99,1003,27.3,388.4
2026-05-19T16:53:16,41.0,2245,7941,0,11,99.99,1150,25.9,388.4
2026-05-19T16:53:21,43.5,2255,7941,0,11,99.99,960,26.8,388.4
2026-05-19T16:53:27,43.5,2243,7941,0,10,99.99,1105,26.7,388.4
2026-05-19T16:53:32,42.0,2253,7941,1,7,99.99,1022,26.4,388.4
2026-05-19T16:53:37,44.4,2247,7941,0,11,99.99,1014,27.3,388.4
2026-05-19T16:53:42,42.6,2251,7941,0,10,99.99,1078,26.4,388.4
2026-05-19T16:53:48,40.2,2245,7941,1,10,99.99,1026,24.3,388.4
2026-05-19T16:53:53,42.0,2251,7941,0,11,99.99,1009,26.1,388.4
2026-05-19T16:53:58,43.4,2251,7941,0,7,99.99,1100,25.8,388.4
2026-05-19T16:54:03,44.0,2250,7941,0,11,99.99,882,27.7,388.4
2026-05-19T16:54:09,43.9,2245,7941,0,11,99.99,1077,27.2,388.4
2026-05-19T16:54:14,41.6,2251,7941,1,10,99.99,1010,25.1,388.4
2026-05-19T16:54:19,42.6,2247,7941,0,11,99.99,1106,26.4,388.4
2026-05-19T16:54:25,42.7,2247,7941,1,10,99.99,1078,26.2,388.4
2026-05-19T16:54:30,42.1,2253,7941,1,8,99.99,1086,26.4,388.4
2026-05-19T16:54:35,42.0,2248,7941,0,8,99.99,952,25.9,388.4
2026-05-19T16:54:41,42.2,2248,7941,0,11,99.99,1092,25.9,388.4
2026-05-19T16:54:46,43.5,2248,7941,1,10,99.99,1030,26.8,388.4
2026-05-19T16:54:51,41.4,2249,7941,0,10,99.99,1059,25.1,388.4
2026-05-19T16:54:56,42.4,2251,7941,0,11,99.99,1007,26.9,388.4
2026-05-19T16:55:02,44.4,2290,7941,2,8,99.99,993,25.8,388.4
2026-05-19T16:55:08,48.7,2262,7941,0,8,99.99,742,28.8,388.4
2026-05-19T16:55:13,40.2,2244,7941,1,10,99.99,973,25.7,388.4
2026-05-19T16:55:18,40.8,2247,7941,0,11,99.99,1115,24.7,388.4
2026-05-19T16:55:23,40.3,2241,7941,1,8,99.99,1110,25.1,388.4
2026-05-19T16:55:29,38.4,2243,7941,0,11,99.99,974,23.8,388.4
2026-05-19T16:55:34,38.9,2232,7941,0,10,99.99,1120,23.8,388.4
2026-05-19T16:55:39,38.1,2244,7941,0,9,99.99,1147,24.4,388.4
2026-05-19T16:55:44,38.3,2242,7941,0,9,99.99,998,23.6,388.4
2026-05-19T16:55:50,39.6,2246,7941,0,9,99.99,1135,24.9,388.4
2026-05-19T16:55:55,39.3,2241,7941,0,11,99.99,1050,24.3,388.4
2026-05-19T16:56:00,37.1,2243,7941,0,11,99.99,1069,23.4,388.4
2026-05-19T16:56:05,43.1,2239,7941,0,8,99.99,1039,25.8,388.4
2026-05-19T16:56:11,40.0,2250,7941,0,9,99.99,1059,24.6,388.4
2026-05-19T16:56:16,40.2,2244,7941,0,11,99.99,1109,25.1,388.4
2026-05-19T16:56:21,37.7,2249,7941,0,10,99.99,1076,23.8,388.4
2026-05-19T16:56:26,38.4,2244,7941,0,9,99.99,1076,23.7,388.4
2026-05-19T16:56:32,39.3,2246,7941,0,10,99.99,1055,24.6,388.4
2026-05-19T16:56:37,40.2,2243,7941,1,10,99.99,1089,25.0,388.4
2026-05-19T16:56:42,39.4,2253,7941,2,8,99.99,1034,25.2,388.4
2026-05-19T16:56:47,37.4,2238,7941,3,8,99.99,1134,23.4,388.4
2026-05-19T16:56:53,39.3,2247,7941,0,10,99.99,1072,24.9,388.4
2026-05-19T16:56:58,39.2,2251,7941,1,9,99.99,1139,24.1,388.4
2026-05-19T16:57:03,49.1,2285,7941,1,10,99.99,912,25.2,388.4
2026-05-19T16:57:08,40.7,2245,7941,1,10,99.99,1098,25.6,388.4
2026-05-19T16:57:14,38.8,2245,7941,0,10,99.99,1118,23.8,388.4
2026-05-19T16:57:19,39.6,2245,7941,0,11,99.99,1056,24.4,388.4
2026-05-19T16:57:24,39.6,2242,7941,1,9,99.99,1095,24.6,388.4
2026-05-19T16:57:30,38.1,2249,7941,0,11,99.99,1057,24.1,388.4
2026-05-19T16:57:35,39.2,2245,7941,0,11,99.99,1158,24.3,388.4
2026-05-19T16:57:40,38.9,2248,7941,0,11,99.99,1042,24.3,388.4
2026-05-19T16:57:45,39.3,2244,7941,2,9,99.99,999,24.6,388.4
2026-05-19T16:57:51,37.7,2246,7941,0,10,99.99,1179,23.8,388.4
2026-05-19T16:57:56,39.3,2247,7941,2,8,99.99,1028,23.9,388.4
2026-05-19T16:58:01,41.2,2261,7941,1,11,99.99,1115,24.8,388.4
2026-05-19T16:58:06,44.0,2257,7941,0,7,99.99,1086,25.5,388.4
2026-05-19T16:58:12,38.9,2248,7941,0,11,99.99,1033,24.4,388.4
2026-05-19T16:58:17,39.2,2249,7941,0,11,99.99,1119,23.9,388.4
2026-05-19T16:58:22,41.2,2248,7941,0,11,99.99,1043,26.1,388.4
2026-05-19T16:58:27,37.5,2247,7941,0,10,99.99,1126,23.2,388.4
2026-05-19T16:58:33,37.2,2243,7941,0,11,99.99,1007,23.5,388.4
2026-05-19T16:58:38,38.5,2245,7941,0,9,99.99,1096,24.2,388.4
2026-05-19T16:58:43,39.2,2255,7941,0,11,99.99,1060,24.1,388.4
2026-05-19T16:58:48,37.8,2245,7941,0,10,99.99,1067,23.8,388.4
2026-05-19T16:58:54,36.5,2245,7941,0,11,99.99,1128,23.1,388.4
2026-05-19T16:58:59,38.7,2251,7941,0,9,99.99,1055,24.3,388.4
2026-05-19T16:59:04,47.9,2260,7941,1,7,99.99,1050,25.2,388.4
2026-05-19T16:59:09,42.2,2245,7941,1,8,99.99,995,27.0,388.4
2026-05-19T16:59:15,38.2,2250,7941,0,10,99.99,1031,23.9,388.4
2026-05-19T16:59:20,38.8,2249,7941,0,11,99.99,1028,24.1,388.4
2026-05-19T16:59:25,39.6,2247,7941,0,9,99.99,1121,24.4,388.4
2026-05-19T16:59:30,37.7,2247,7941,0,10,99.99,1057,23.6,388.4
2026-05-19T16:59:35,38.0,2242,7941,0,10,99.99,1016,23.8,388.4
2026-05-19T16:59:41,38.1,2247,7941,0,10,99.99,1134,23.6,388.4
2026-05-19T16:59:46,39.8,2249,7941,0,8,99.99,1147,24.4,388.4
2026-05-19T16:59:51,37.4,2242,7941,0,11,99.99,973,23.3,388.4
2026-05-19T16:59:56,40.4,2245,7941,0,9,99.99,1130,25.0,388.4
2026-05-19T17:00:02,41.8,2254,7941,1,9,99.99,1043,26.0,388.4
2026-05-19T17:00:08,43.9,2305,7941,1,8,99.99,353,29.4,388.4
2026-05-19T17:00:13,42.4,2295,7941,0,11,99.99,497,28.8,388.4
2026-05-19T17:00:19,44.7,2301,7941,1,9,99.99,788,28.0,388.4
2026-05-19T17:00:24,45.5,2302,7941,0,11,99.99,809,28.3,388.4
2026-05-19T17:00:29,43.7,2299,7941,0,11,99.99,831,27.8,388.4
2026-05-19T17:00:35,43.2,2297,7941,0,10,99.99,967,26.8,388.4
2026-05-19T17:00:40,41.6,2306,7941,0,8,99.99,879,27.4,388.4
2026-05-19T17:00:45,42.6,2304,7941,1,8,99.99,923,26.7,388.4
2026-05-19T17:00:51,43.4,2301,7941,0,11,99.99,1028,26.8,388.4
2026-05-19T17:00:56,42.0,2300,7941,0,11,99.99,1090,25.9,388.4
2026-05-19T17:01:01,45.2,2360,7941,1,10,99.99,1083,26.2,388.4
2026-05-19T17:01:07,50.1,2318,7941,0,10,99.99,879,28.3,388.4
2026-05-19T17:01:12,42.4,2312,7941,0,9,99.99,948,26.3,388.4
2026-05-19T17:01:17,42.3,2310,7941,0,10,99.99,1015,26.7,388.4
2026-05-19T17:01:22,42.7,2313,7941,0,11,99.99,951,26.6,388.4
2026-05-19T17:01:28,43.3,2311,7941,0,8,99.99,1097,26.3,388.4
2026-05-19T17:01:33,43.8,2300,7941,0,9,99.99,979,27.8,388.4
2026-05-19T17:01:38,43.1,2303,7941,0,10,99.99,959,27.0,388.4
2026-05-19T17:01:44,43.1,2305,7941,0,11,99.99,1043,26.4,388.4
2026-05-19T17:01:49,44.7,2308,7941,0,9,99.99,1078,26.8,388.4
2026-05-19T17:01:54,42.6,2303,7941,0,11,99.99,990,26.2,388.4
2026-05-19T17:01:59,42.3,2302,7941,0,9,99.99,1091,26.4,388.4
2026-05-19T17:02:05,45.0,2301,7941,0,11,99.99,867,27.4,388.4
2026-05-19T17:02:10,42.8,2281,7941,0,11,99.99,1062,26.2,388.4
2026-05-19T17:02:15,42.3,2284,7941,0,9,99.99,1029,26.3,388.4
2026-05-19T17:02:21,40.3,2286,7941,0,10,99.99,1062,25.8,388.4
2026-05-19T17:02:26,41.5,2282,7941,0,9,99.99,946,26.3,388.4
2026-05-19T17:02:31,42.0,2280,7941,1,10,99.99,1110,25.9,388.4
2026-05-19T17:02:36,41.3,2276,7941,0,11,99.99,1086,25.2,388.4
2026-05-19T17:02:42,42.2,2281,7941,0,11,99.99,1055,26.2,388.4
2026-05-19T17:02:47,43.0,2291,7941,0,9,99.99,1018,26.6,388.4
2026-05-19T17:02:52,43.5,2282,7941,1,9,99.99,1048,27.3,388.4
2026-05-19T17:02:58,41.9,2286,7941,0,10,99.99,1029,25.6,388.4
2026-05-19T17:03:03,50.0,2339,7941,2,9,99.99,944,26.1,388.4
2026-05-19T17:03:08,45.0,2297,7941,0,11,99.99,967,27.9,388.4
2026-05-19T17:03:13,42.1,2283,7941,1,10,99.99,1072,25.5,388.4
2026-05-19T17:03:19,42.5,2278,7941,0,8,99.99,1066,26.5,388.4
2026-05-19T17:03:24,44.1,2277,7941,0,11,99.99,977,26.6,388.4
2026-05-19T17:03:29,42.1,2287,7941,1,7,99.99,1075,26.1,388.4
2026-05-19T17:03:34,43.7,2278,7941,0,11,99.99,985,27.4,388.4
2026-05-19T17:03:40,42.4,2286,7941,0,9,99.99,981,26.1,388.4
2026-05-19T17:03:45,43.6,2279,7941,1,10,99.99,1096,26.3,388.4
2026-05-19T17:03:50,43.9,2285,7941,1,9,99.99,1047,27.1,388.4
2026-05-19T17:03:56,41.8,2277,7941,0,11,99.99,1059,25.8,388.4
2026-05-19T17:04:01,43.0,2281,7941,2,9,99.99,1121,26.2,388.4
2026-05-19T17:04:06,47.7,2260,7941,1,8,99.99,932,27.7,388.4
2026-05-19T17:04:11,43.5,2260,7941,0,10,99.99,1017,26.8,388.4
2026-05-19T17:04:17,44.1,2253,7941,0,10,99.99,1108,27.0,388.4
2026-05-19T17:04:22,43.0,2257,7941,0,10,99.99,1057,26.3,388.4
2026-05-19T17:04:27,43.5,2256,7941,0,9,99.99,1045,27.2,388.4
2026-05-19T17:04:33,43.7,2259,7941,1,8,99.99,1051,27.1,388.4
2026-05-19T17:04:38,41.9,2255,7941,1,9,99.99,1029,25.6,388.4
2026-05-19T17:04:43,43.2,2260,7941,0,11,99.99,1032,26.9,388.4
2026-05-19T17:04:49,43.6,2261,7941,1,9,99.99,1106,25.9,388.4
2026-05-19T17:04:54,41.9,2261,7941,0,11,99.99,970,26.5,388.4
2026-05-19T17:04:59,43.0,2260,7941,1,9,99.99,1021,26.2,388.4
2026-05-19T17:05:05,54.8,2304,7941,1,6,99.99,603,26.8,388.4
2026-05-19T17:05:10,46.9,2255,7941,0,10,99.99,960,28.2,388.4
2026-05-19T17:05:15,42.7,2264,7941,0,11,99.99,1097,26.4,388.4
2026-05-19T17:05:21,41.7,2260,7941,1,10,99.99,984,26.2,388.4
2026-05-19T17:05:26,43.8,2265,7941,0,8,99.99,1053,27.6,388.4
2026-05-19T17:05:31,42.4,2263,7941,0,10,99.99,1062,26.2,388.4
2026-05-19T17:05:36,44.0,2265,7941,0,11,99.99,987,27.5,388.4
2026-05-19T17:05:42,43.0,2270,7941,0,11,99.99,1063,26.5,388.4
2026-05-19T17:05:47,41.4,2264,7941,0,10,99.99,982,25.8,388.4
2026-05-19T17:05:52,41.0,2267,7941,1,10,99.99,1101,25.6,388.4
2026-05-19T17:05:58,40.6,2263,7941,0,11,99.99,1160,25.2,388.4
2026-05-19T17:06:03,39.1,2269,7941,0,10,99.99,886,25.3,388.4
2026-05-19T17:06:08,42.4,2269,7941,0,11,99.99,1051,26.5,388.4
2026-05-19T17:06:13,38.5,2269,7941,0,10,99.99,1109,24.2,388.4
2026-05-19T17:06:19,41.2,2269,7941,1,9,99.99,1021,25.4,388.4
2026-05-19T17:06:24,40.9,2266,7941,1,10,99.99,1076,25.2,388.4
2026-05-19T17:06:29,39.9,2262,7941,1,10,99.99,1124,25.2,388.4
2026-05-19T17:06:34,40.4,2268,7941,0,11,99.99,1083,24.9,388.4
2026-05-19T17:06:40,40.5,2267,7941,0,9,99.99,1048,25.6,388.4
2026-05-19T17:06:45,39.7,2267,7941,1,9,99.99,1026,24.3,388.4
2026-05-19T17:06:50,41.2,2273,7941,0,11,99.99,1090,25.2,388.4
2026-05-19T17:06:55,40.3,2260,7941,0,11,99.99,1121,25.2,388.4
2026-05-19T17:07:01,39.6,2270,7941,2,8,99.99,1048,24.3,388.4
2026-05-19T17:07:06,50.8,2276,7941,1,10,99.99,944,27.4,388.4
2026-05-19T17:07:11,40.6,2270,7941,0,11,99.99,1060,25.4,388.4
2026-05-19T17:07:17,40.4,2262,7941,1,9,99.99,1112,24.6,388.4
2026-05-19T17:07:22,40.8,2264,7941,0,11,99.99,1059,25.1,388.4
2026-05-19T17:07:27,39.2,2266,7941,0,9,99.99,1138,24.3,388.4
2026-05-19T17:07:32,40.9,2261,7941,1,10,99.99,1094,25.7,388.4
2026-05-19T17:07:38,38.9,2263,7941,0,11,99.99,1038,24.3,388.4
2026-05-19T17:07:43,41.0,2270,7941,0,8,99.99,1098,25.4,388.4
2026-05-19T17:07:48,40.6,2264,7941,1,10,99.99,1077,25.1,388.4
2026-05-19T17:07:53,39.7,2261,7941,1,9,99.99,1002,25.2,388.4
2026-05-19T17:07:59,41.0,2246,7941,1,9,99.99,1031,25.5,388.4
2026-05-19T17:08:04,42.1,2240,7941,0,10,99.99,942,26.1,388.4
2026-05-19T17:08:09,41.0,2242,7941,0,11,99.99,1069,25.6,388.4
2026-05-19T17:08:14,38.4,2242,7941,0,10,99.99,1110,23.8,388.4
2026-05-19T17:08:20,39.3,2254,7941,0,11,99.99,1029,24.6,388.4
2026-05-19T17:08:25,41.1,2250,7941,0,11,99.99,977,25.5,388.4
2026-05-19T17:08:30,40.0,2245,7941,1,9,99.99,1150,24.2,388.4
2026-05-19T17:08:36,40.1,2238,7941,0,11,99.99,1089,24.8,388.4
2026-05-19T17:08:41,38.2,2240,7941,1,10,99.99,1035,23.9,388.4
2026-05-19T17:08:46,39.8,2249,7941,0,11,99.99,1176,24.3,388.4
2026-05-19T17:08:51,39.7,2247,7941,0,9,99.99,1008,25.0,388.4
2026-05-19T17:08:57,40.1,2245,7941,1,9,99.99,1031,25.1,388.4
2026-05-19T17:09:02,43.3,2302,7941,1,11,99.99,1040,26.2,388.4
2026-05-19T17:09:08,50.1,2241,7941,0,10,99.99,526,29.4,388.4
2026-05-19T17:09:13,41.0,2246,7941,1,9,99.99,1053,25.7,388.4
2026-05-19T17:09:18,41.7,2234,7941,0,11,99.99,990,26.2,388.4
2026-05-19T17:09:24,39.8,2240,7941,0,12,99.99,1105,24.6,388.4
2026-05-19T17:09:29,40.9,2240,7941,0,10,99.99,1091,25.1,388.4
2026-05-19T17:09:34,41.6,2241,7941,1,9,99.99,1012,26.2,388.4
2026-05-19T17:09:40,37.9,2248,7941,0,11,99.99,1025,23.8,388.4
2026-05-19T17:09:45,36.4,2240,7941,1,9,99.99,1123,22.7,388.4
2026-05-19T17:09:50,36.8,2237,7941,1,10,99.99,1113,22.7,388.4
2026-05-19T17:09:55,35.4,2243,7941,0,11,99.99,1095,22.1,388.4
2026-05-19T17:10:00,34.8,2249,7941,1,10,99.99,1065,22.1,388.4
2026-05-19T17:10:06,42.5,2242,7941,0,11,99.99,575,27.2,388.4
2026-05-19T17:10:11,43.8,2244,7941,0,9,99.99,1039,27.7,388.4
2026-05-19T17:10:16,43.5,2243,7941,0,10,99.99,982,26.7,388.4
2026-05-19T17:10:22,41.0,2243,7941,0,11,99.99,1026,25.4,388.4
2026-05-19T17:10:27,36.9,2233,7941,0,10,99.99,1108,23.2,388.4
2026-05-19T17:10:32,36.4,2241,7941,0,11,99.99,1094,22.9,388.4
2026-05-19T17:10:37,36.4,2242,7941,0,11,99.99,1070,23.1,388.4
2026-05-19T17:10:43,34.9,2245,7941,0,11,99.99,1083,21.9,388.4
2026-05-19T17:10:48,35.1,2240,7941,0,8,99.99,1099,21.9,388.4
2026-05-19T17:10:53,36.8,2242,7941,0,10,99.99,1017,23.4,388.4
2026-05-19T17:10:58,38.0,2239,7941,0,10,99.99,1160,23.5,388.4
2026-05-19T17:11:04,46.5,2255,7941,1,7,99.99,987,25.2,388.4
2026-05-19T17:11:09,37.7,2241,7941,0,7,99.99,1058,23.4,388.4
2026-05-19T17:11:14,35.7,2244,7941,0,11,99.99,1095,22.5,388.4
2026-05-19T17:11:19,36.4,2252,7941,1,10,99.99,1113,22.8,388.4
2026-05-19T17:11:25,36.5,2243,7941,0,11,99.99,1009,22.9,388.4
2026-05-19T17:11:30,36.2,2244,7941,0,11,99.99,1142,22.9,388.4
2026-05-19T17:11:35,37.4,2244,7941,1,10,99.99,1061,23.4,388.4
2026-05-19T17:11:40,36.6,2246,7941,0,11,99.99,1031,22.8,388.4
2026-05-19T17:11:46,35.3,2241,7941,0,11,99.99,1136,21.6,388.4
2026-05-19T17:11:51,34.9,2244,7941,2,9,99.99,1101,22.2,388.4
2026-05-19T17:11:56,37.2,2235,7941,0,11,99.99,1038,23.4,388.4
2026-05-19T17:12:01,37.5,2249,7941,2,7,99.99,1109,23.2,388.4
2026-05-19T17:12:07,43.3,2239,7941,1,9,99.99,999,27.0,388.4
2026-05-19T17:12:12,34.8,2243,7941,0,11,99.99,1042,21.9,388.4
2026-05-19T17:12:18,36.3,2235,7941,0,8,99.99,1080,22.5,388.4
2026-05-19T17:12:23,37.6,2234,7941,0,8,99.99,1078,24.0,388.4
2026-05-19T17:12:28,34.9,2236,7941,0,10,99.99,1070,21.9,388.4
2026-05-19T17:12:33,37.9,2238,7941,0,11,99.99,1091,23.9,388.4
2026-05-19T17:12:39,35.7,2241,7941,0,11,99.99,1168,22.4,388.4
2026-05-19T17:12:44,35.3,2245,7941,2,7,99.99,1054,21.9,388.4
2026-05-19T17:12:49,35.3,2244,7941,0,11,99.99,1036,22.1,388.4
2026-05-19T17:12:54,34.8,2246,7941,0,11,99.99,1048,21.7,388.4
2026-05-19T17:13:00,35.6,2255,7941,0,8,99.99,1170,22.5,388.4
2026-05-19T17:13:05,49.4,2282,7941,0,11,99.99,928,26.2,388.4
2026-05-19T17:13:10,38.0,2262,7941,1,10,99.99,1148,24.1,388.4
2026-05-19T17:13:15,34.2,2255,7941,0,7,99.99,1041,21.4,388.4
2026-05-19T17:13:21,36.2,2261,7941,0,10,99.99,1060,23.0,388.4
2026-05-19T17:13:26,36.8,2256,7941,0,9,99.99,1048,23.1,388.4
2026-05-19T17:13:31,35.8,2255,7941,0,10,99.99,1161,22.2,388.4
2026-05-19T17:13:36,35.4,2258,7941,0,11,99.99,1047,22.4,388.4
2026-05-19T17:13:42,36.1,2256,7941,1,10,99.99,1137,22.6,388.4
2026-05-19T17:13:47,36.2,2258,7941,1,9,99.99,1013,22.7,388.4
2026-05-19T17:13:52,34.9,2254,7941,0,11,99.99,1120,22.2,388.4
2026-05-19T17:13:57,35.6,2256,7941,1,9,99.99,1104,22.1,388.4
2026-05-19T17:14:02,39.1,2251,7941,1,10,99.99,1028,24.2,388.4
2026-05-19T17:14:08,37.8,2260,7941,1,10,99.99,1115,23.8,388.4
2026-05-19T17:14:13,36.7,2249,7941,0,11,99.99,1074,23.1,388.4
2026-05-19T17:14:18,35.1,2254,7941,0,11,99.99,1162,21.9,388.4
2026-05-19T17:14:23,36.5,2247,7941,0,11,99.99,1061,22.8,388.4
2026-05-19T17:14:29,35.6,2243,7941,0,11,99.99,1101,22.5,388.4
2026-05-19T17:14:34,36.5,2242,7941,0,10,99.99,1032,22.6,388.4
2026-05-19T17:14:39,34.9,2244,7941,0,10,99.99,1023,22.1,388.4
2026-05-19T17:14:44,35.5,2243,7941,1,10,99.99,1207,21.8,388.4
2026-05-19T17:14:50,35.4,2241,7941,0,10,99.99,997,22.2,388.4
2026-05-19T17:14:55,36.1,2243,7941,0,11,99.99,1078,22.2,388.4
2026-05-19T17:15:00,34.9,2238,7941,0,9,99.99,1156,21.9,388.4
2026-05-19T17:15:05,50.9,2265,7941,0,9,99.99,535,27.1,388.4
2026-05-19T17:15:11,42.0,2253,7941,0,10,99.99,1112,25.8,388.4
2026-05-19T17:15:16,40.1,2246,7941,0,9,99.99,1063,25.1,388.4
2026-05-19T17:15:21,43.3,2246,7941,1,9,99.99,1047,26.0,388.4
2026-05-19T17:15:26,40.1,2243,7941,0,11,99.99,1015,24.9,388.4
2026-05-19T17:15:32,39.3,2240,7941,0,11,99.99,1114,24.9,388.4
2026-05-19T17:15:37,40.1,2245,7941,1,10,99.99,1143,24.8,388.4
2026-05-19T17:15:42,39.3,2253,7941,1,10,99.99,1062,24.8,388.4
2026-05-19T17:15:48,38.6,2246,7941,1,10,99.99,1064,23.9,388.4
2026-05-19T17:15:53,38.7,2241,7941,0,7,99.99,1104,24.3,388.4
2026-05-19T17:15:58,39.8,2247,7941,0,11,99.99,951,24.8,388.4
2026-05-19T17:16:03,42.1,2255,7941,0,11,99.99,1137,25.7,388.4
2026-05-19T17:16:09,41.5,2244,7941,1,10,99.99,1077,26.4,388.4
2026-05-19T17:16:14,40.6,2256,7941,0,10,99.99,1046,25.4,388.4
2026-05-19T17:16:19,40.7,2253,7941,1,9,99.99,1046,25.2,388.4
2026-05-19T17:16:24,40.3,2233,7941,0,11,99.99,1039,25.2,388.4
2026-05-19T17:16:30,39.0,2235,7941,0,11,99.99,1110,24.6,388.4
2026-05-19T17:16:35,40.9,2246,7941,0,10,99.99,1087,25.5,388.4
2026-05-19T17:16:40,40.1,2235,7941,0,10,99.99,1091,24.9,388.4
2026-05-19T17:16:46,40.6,2235,7941,0,11,99.99,1029,25.7,388.4
2026-05-19T17:16:51,38.6,2231,7941,0,10,99.99,1106,24.1,388.4
2026-05-19T17:16:56,38.0,2237,7941,0,10,99.99,1062,23.8,388.4
2026-05-19T17:17:01,40.6,2279,7941,1,10,99.99,1064,24.5,388.4
2026-05-19T17:17:07,48.9,2264,7941,0,9,99.99,1036,26.6,388.4
2026-05-19T17:17:12,41.7,2257,7941,0,10,99.99,1037,26.7,388.4
2026-05-19T17:17:17,41.4,2246,7941,2,9,99.99,1046,25.4,388.4
2026-05-19T17:17:23,42.8,2249,7941,1,8,99.99,976,26.8,388.4
2026-05-19T17:17:28,41.7,2251,7941,0,10,99.99,1006,26.3,388.4
2026-05-19T17:17:33,41.4,2254,7941,0,11,99.99,1035,26.1,388.4
2026-05-19T17:17:38,42.4,2249,7941,0,8,99.99,1125,26.4,388.4
2026-05-19T17:17:44,42.8,2252,7941,3,6,99.99,1011,26.2,388.4
2026-05-19T17:17:49,42.4,2247,7941,0,9,99.99,1070,25.9,388.4
2026-05-19T17:17:54,43.0,2253,7941,1,10,99.99,1093,26.7,388.4
2026-05-19T17:18:00,42.1,2256,7941,0,10,99.99,987,26.2,388.4
2026-05-19T17:18:05,45.5,2260,7941,0,8,99.99,862,27.7,388.4
2026-05-19T17:18:10,42.0,2252,7941,1,9,99.99,943,26.2,388.4
2026-05-19T17:18:15,41.6,2243,7941,0,9,99.99,1117,26.1,388.4
2026-05-19T17:18:21,42.1,2248,7941,1,9,99.99,1010,26.4,388.4
2026-05-19T17:18:26,43.6,2250,7941,1,10,99.99,997,26.2,388.4
2026-05-19T17:18:31,41.1,2250,7941,1,8,99.99,1154,25.4,388.4
2026-05-19T17:18:37,40.9,2247,7941,1,10,99.99,930,25.8,388.4
2026-05-19T17:18:42,42.4,2254,7941,0,10,99.99,1121,26.2,388.4
2026-05-19T17:18:47,42.6,2245,7941,1,10,99.99,1032,26.7,388.4
2026-05-19T17:18:52,38.9,2249,7941,0,10,99.99,1079,24.1,388.4
2026-05-19T17:18:58,38.0,2252,7941,0,11,99.99,1109,24.0,388.4
2026-05-19T17:19:03,48.9,2315,7941,1,9,99.99,929,25.7,388.4
2026-05-19T17:19:08,45.8,2258,7941,0,8,99.99,835,28.6,388.4
2026-05-19T17:19:14,43.7,2249,7941,1,9,99.99,1088,27.6,388.4
2026-05-19T17:19:19,42.5,2253,7941,0,11,99.99,1112,26.5,388.4
2026-05-19T17:19:24,42.3,2252,7941,0,9,99.99,1019,26.1,388.4
2026-05-19T17:19:30,41.9,2249,7941,0,11,99.99,1061,26.2,388.4
2026-05-19T17:19:35,43.1,2252,7941,0,11,99.99,998,25.9,388.4
2026-05-19T17:19:40,41.6,2254,7941,0,10,99.99,1047,25.7,388.4
2026-05-19T17:19:45,40.9,2246,7941,0,10,99.99,1083,25.4,388.4
2026-05-19T17:19:51,42.8,2250,7941,0,10,99.99,1021,26.8,388.4
2026-05-19T17:19:56,41.6,2250,7941,0,9,99.99,1063,25.8,388.4
2026-05-19T17:20:01,40.9,2258,7941,0,10,99.99,1142,25.6,388.4
2026-05-19T17:20:07,43.3,2252,7941,0,9,99.99,592,30.4,388.4
2026-05-19T17:20:12,41.6,2241,7941,0,11,99.99,706,27.4,388.4
2026-05-19T17:20:18,43.5,2245,7941,0,10,99.99,885,27.4,388.4
2026-05-19T17:20:23,40.5,2250,7941,0,10,99.99,726,27.3,388.4
2026-05-19T17:20:28,40.6,2252,7941,2,8,99.99,1063,25.8,388.4
2026-05-19T17:20:34,43.2,2246,7941,0,11,99.99,1021,26.6,388.4
2026-05-19T17:20:39,44.1,2248,7941,0,11,99.99,1023,26.9,388.4
2026-05-19T17:20:44,40.5,2252,7941,0,11,99.99,1097,25.0,388.4
2026-05-19T17:20:49,41.3,2247,7941,2,8,99.99,1059,25.9,388.4
2026-05-19T17:20:55,36.4,2248,7941,1,10,99.99,934,22.7,388.4
2026-05-19T17:21:00,41.2,2250,7941,1,9,99.99,1089,25.4,388.4
2026-05-19T17:21:05,56.8,2292,7941,0,11,99.99,932,27.5,388.4
2026-05-19T17:21:11,41.9,2256,7941,1,10,99.99,1046,25.7,388.4
2026-05-19T17:21:16,43.0,2251,7941,0,11,99.99,1074,26.0,388.4
2026-05-19T17:21:21,41.6,2239,7941,0,10,99.99,990,26.2,389.4
2026-05-19T17:21:26,41.2,2238,7941,0,11,99.99,1093,25.6,389.4
2026-05-19T17:21:32,42.4,2243,7941,0,11,99.99,1130,26.4,389.4
2026-05-19T17:21:37,42.2,2238,7941,1,8,99.99,1010,26.5,389.4
2026-05-19T17:21:42,42.3,2238,7941,0,11,99.99,1051,26.6,389.4
2026-05-19T17:21:48,43.8,2251,7941,1,9,99.99,1104,27.1,389.4
2026-05-19T17:21:53,40.4,2256,7941,0,10,99.99,1044,25.7,389.4
2026-05-19T17:21:58,43.2,2245,7941,0,11,99.99,1062,26.6,389.4
2026-05-19T17:22:03,43.7,2249,7941,2,9,99.99,996,26.7,389.4
2026-05-19T17:22:09,42.4,2251,7941,0,10,99.99,1022,26.2,389.4
2026-05-19T17:22:14,41.5,2251,7941,0,11,99.99,1054,26.0,389.4
2026-05-19T17:22:19,40.6,2250,7941,0,10,99.99,1061,25.1,389.4
2026-05-19T17:22:25,42.1,2243,7941,1,10,99.99,1030,26.2,389.4
2026-05-19T17:22:30,40.6,2252,7941,0,11,99.99,1173,25.1,389.4
2026-05-19T17:22:35,40.6,2243,7941,0,10,99.99,1045,24.9,389.4
2026-05-19T17:22:40,39.0,2251,7941,0,9,99.99,1081,25.1,389.5
2026-05-19T17:22:46,41.6,2249,7941,0,10,99.99,985,25.9,389.5
2026-05-19T17:22:51,40.6,2253,7941,1,9,99.99,1073,26.1,389.5
2026-05-19T17:22:56,41.2,2251,7941,1,10,99.99,1053,26.2,389.5
2026-05-19T17:23:02,41.9,2286,7941,1,10,99.99,1026,25.9,389.5
2026-05-19T17:23:07,49.7,2245,7941,2,8,99.99,954,27.6,389.7
2026-05-19T17:23:12,41.6,2244,7941,1,9,99.99,1049,25.8,389.7
2026-05-19T17:23:17,40.7,2238,7941,1,9,99.99,1115,25.6,389.7
2026-05-19T17:23:23,41.5,2248,7941,1,8,99.99,996,26.6,389.7
2026-05-19T17:23:28,43.1,2248,7941,0,11,99.99,1077,26.4,389.7
2026-05-19T17:23:33,41.5,2249,7941,0,10,99.99,1083,26.1,389.7
2026-05-19T17:23:39,40.9,2245,7941,0,11,99.99,1040,24.9,389.7
2026-05-19T17:23:44,42.5,2246,7941,0,9,99.99,996,26.7,389.7
2026-05-19T17:23:49,41.5,2239,7941,0,10,99.99,1080,26.2,389.7
2026-05-19T17:23:54,40.5,2239,7941,0,11,99.99,1037,25.1,389.7
2026-05-19T17:24:00,42.2,2242,7941,0,10,99.99,976,26.1,389.7
2026-05-19T17:24:05,44.6,2245,7941,0,10,99.99,928,27.0,389.7
2026-05-19T17:24:10,43.6,2244,7941,1,9,99.99,987,27.5,389.7
2026-05-19T17:24:16,42.9,2241,7941,0,11,99.99,1084,26.5,389.7
2026-05-19T17:24:21,44.4,2274,7941,0,8,99.99,1104,25.6,389.7
2026-05-19T17:24:26,42.9,2256,7941,0,9,99.99,1072,26.6,389.7
2026-05-19T17:24:31,41.5,2246,7941,0,10,99.99,1120,25.9,389.7
2026-05-19T17:24:37,42.3,2247,7941,1,10,99.99,1060,26.0,389.7
2026-05-19T17:24:42,42.4,2251,7941,0,11,99.99,999,25.9,389.7
2026-05-19T17:24:47,43.9,2253,7941,0,11,99.99,1098,26.9,389.7
2026-05-19T17:24:53,42.3,2255,7941,0,10,99.99,1017,26.5,389.7
2026-05-19T17:24:58,42.3,2254,7941,0,10,99.99,1099,25.4,389.7
2026-05-19T17:25:03,46.8,2319,7941,1,10,99.99,773,26.7,389.7
2026-05-19T17:25:09,45.5,2261,7941,0,11,99.99,798,28.2,389.7
2026-05-19T17:25:14,40.6,2248,7941,0,11,99.99,1067,25.2,389.7
2026-05-19T17:25:19,40.3,2254,7941,0,10,99.99,1016,25.9,389.7
2026-05-19T17:25:25,41.4,2248,7941,1,8,99.99,1114,25.9,389.7
2026-05-19T17:25:30,36.9,2246,7941,0,11,99.99,825,23.1,389.7
2026-05-19T17:25:35,1.9,2240,7941,0,11,99.99,6,0.1,389.7
2026-05-19T17:25:40,2.7,2202,7941,0,1,99.99,158,0.1,389.7
2026-05-19T17:25:46,2.9,2018,7941,0,1,99.99,6,0.9,196.9
2026-05-19T17:25:51,13.4,2052,7941,0,11,99.99,157,9.6,226.6
2026-05-19T17:25:56,40.2,2068,7941,0,11,99.99,789,26.9,245.2
2026-05-19T17:26:01,41.0,2155,7941,0,9,99.99,1119,25.9,304.9
2026-05-19T17:26:07,44.3,2212,7941,0,10,99.99,1019,27.6,363.9
2026-05-19T17:26:12,44.6,2235,7941,0,11,99.99,1007,26.9,364.1
2026-05-19T17:26:17,41.0,2220,7941,1,9,99.99,1157,25.4,364.2
2026-05-19T17:26:22,41.3,2226,7941,0,10,99.99,1023,25.5,378.6
2026-05-19T17:26:28,37.3,2222,7941,0,11,99.99,1036,23.2,378.7
2026-05-19T17:26:33,38.9,2218,7941,0,11,99.99,1121,24.9,379.0
2026-05-19T17:26:38,36.6,2228,7941,0,10,99.99,968,23.1,379.0
2026-05-19T17:26:43,38.6,2224,7941,1,10,99.99,1081,23.9,379.2
2026-05-19T17:26:49,39.9,2231,7941,1,9,99.99,1121,24.8,379.2
2026-05-19T17:26:54,37.3,2230,7941,0,11,99.99,1093,23.3,379.2
2026-05-19T17:26:59,38.7,2238,7941,2,8,99.99,1104,24.6,379.2
2026-05-19T17:27:04,49.6,2225,7941,1,10,99.99,924,26.4,379.2
2026-05-19T17:27:10,40.6,2227,7941,0,10,99.99,1136,25.5,379.2
2026-05-19T17:27:15,38.7,2223,7941,1,10,99.99,1041,24.6,379.2
2026-05-19T17:27:20,39.0,2234,7941,0,11,99.99,1048,24.5,379.2
2026-05-19T17:27:25,38.6,2237,7941,0,11,99.99,1153,23.9,379.2
2026-05-19T17:27:31,38.9,2241,7941,0,11,99.99,999,24.2,379.2
2026-05-19T17:27:36,37.5,2240,7941,0,11,99.99,1105,23.6,379.3
2026-05-19T17:27:41,35.8,2239,7941,0,8,99.99,1055,22.4,379.3
2026-05-19T17:27:46,39.2,2237,7941,0,10,99.99,1082,23.8,379.3
2026-05-19T17:27:52,40.5,2225,7941,0,11,99.99,1020,25.6,379.4
2026-05-19T17:27:57,37.7,2225,7941,1,10,99.99,1103,23.2,379.4
2026-05-19T17:28:02,44.1,2233,7941,1,9,99.99,1122,25.6,379.4
2026-05-19T17:28:07,41.4,2231,7941,0,11,99.99,1070,25.4,379.4
2026-05-19T17:28:13,38.8,2232,7941,0,10,99.99,1007,24.1,379.4
2026-05-19T17:28:18,38.3,2237,7941,0,11,99.99,1086,24.4,379.4
2026-05-19T17:28:23,39.5,2236,7941,0,10,99.99,1089,24.8,379.4
2026-05-19T17:28:28,38.9,2233,7941,0,11,99.99,1110,24.3,379.4
2026-05-19T17:28:34,40.5,2238,7941,0,10,99.99,1064,25.2,379.4
2026-05-19T17:28:39,38.9,2234,7941,1,7,99.99,1072,24.7,379.4
2026-05-19T17:28:44,38.4,2232,7941,1,10,99.99,996,24.1,379.4
2026-05-19T17:28:50,37.6,2232,7941,1,10,99.99,1160,23.7,379.4
2026-05-19T17:28:55,34.2,2239,7941,0,11,99.99,881,21.6,379.4
2026-05-19T17:29:00,38.0,2233,7941,1,10,99.99,1083,23.9,379.4
2026-05-19T17:29:05,48.3,2279,7941,1,9,99.99,1052,26.2,379.4
2026-05-19T17:29:10,41.8,2233,7941,0,11,99.99,989,25.9,379.5
2026-05-19T17:29:16,39.0,2232,7941,0,10,99.99,1147,24.1,379.5
2026-05-19T17:29:21,38.7,2228,7941,0,8,99.99,1095,24.3,379.5
2026-05-19T17:29:26,38.5,2244,7941,1,10,99.99,1006,24.5,379.5
2026-05-19T17:29:32,40.6,2235,7941,0,9,99.99,1020,25.5,379.5
2026-05-19T17:29:37,37.5,2236,7941,0,10,99.99,1150,23.6,379.5
2026-05-19T17:29:42,36.5,2238,7941,0,10,99.99,1072,22.9,379.5
2026-05-19T17:29:47,38.8,2241,7941,0,11,99.99,954,24.4,379.5
2026-05-19T17:29:53,34.6,2240,7941,0,10,99.99,1185,21.9,379.6
2026-05-19T17:29:58,39.4,2246,7941,1,9,99.99,1077,24.3,387.1
2026-05-19T17:30:03,44.1,2254,7941,2,9,99.99,855,25.9,387.2
2026-05-19T17:30:09,42.7,2238,7941,0,11,99.99,546,28.6,387.3
2026-05-19T17:30:14,45.4,2235,7941,1,9,99.99,883,28.3,387.4
2026-05-19T17:30:19,45.0,2247,7941,0,9,99.99,925,27.8,387.4
2026-05-19T17:30:25,44.3,2239,7941,2,9,99.99,821,27.5,387.5
2026-05-19T17:30:30,41.7,2241,7941,0,8,99.99,1185,25.9,387.5
2026-05-19T17:30:35,40.6,2233,7941,0,10,99.99,1022,24.6,387.5
2026-05-19T17:30:41,38.7,2231,7941,1,10,99.99,1041,23.9,387.5
2026-05-19T17:30:46,37.8,2237,7941,1,9,99.99,1079,23.4,387.5
2026-05-19T17:30:51,34.5,2230,7941,0,11,99.99,1068,21.3,387.5
2026-05-19T17:30:56,34.9,2239,7941,0,10,99.99,1115,21.8,387.5
2026-05-19T17:31:02,35.6,2291,7941,1,8,99.99,1020,21.6,387.5
2026-05-19T17:31:07,43.4,2268,7941,0,11,99.99,1025,24.4,387.5
2026-05-19T17:31:12,34.7,2249,7941,0,9,99.99,1090,21.8,387.5
2026-05-19T17:31:17,34.0,2237,7941,0,11,99.99,1037,21.5,387.5
2026-05-19T17:31:23,35.9,2248,7941,1,10,99.99,1057,22.7,387.5
2026-05-19T17:31:28,34.7,2247,7941,1,10,99.99,1114,21.7,387.5
2026-05-19T17:31:33,35.8,2240,7941,2,8,99.99,1165,22.6,387.5
2026-05-19T17:31:38,33.6,2239,7941,0,9,99.99,989,21.1,387.5
2026-05-19T17:31:43,36.3,2246,7941,0,10,99.99,1104,22.8,387.5
2026-05-19T17:31:49,35.6,2244,7941,1,9,99.99,1092,22.1,387.5
2026-05-19T17:31:54,34.7,2236,7941,0,9,99.99,1080,21.5,387.5
2026-05-19T17:31:59,35.3,2242,7941,0,11,99.99,1106,22.4,387.5
2026-05-19T17:32:04,40.5,2243,7941,1,10,99.99,1048,24.7,387.5
2026-05-19T17:32:10,37.4,2241,7941,0,11,99.99,1079,23.3,387.5
2026-05-19T17:32:15,37.0,2240,7941,1,7,99.99,1170,22.9,387.5
2026-05-19T17:32:20,37.3,2240,7941,0,11,99.99,1022,23.2,387.5
2026-05-19T17:32:25,35.9,2238,7941,2,8,99.99,1150,22.6,387.5
2026-05-19T17:32:31,35.3,2244,7941,0,11,99.99,985,22.0,387.5
2026-05-19T17:32:36,36.5,2239,7941,1,10,99.99,1188,22.8,387.5
2026-05-19T17:32:41,34.6,2242,7941,0,11,99.99,1074,21.6,387.5
2026-05-19T17:32:46,36.9,2234,7941,0,11,99.99,998,23.2,387.8
2026-05-19T17:32:51,34.2,2231,7941,1,10,99.99,1145,21.7,387.8
2026-05-19T17:32:57,34.2,2235,7941,0,11,99.99,1145,21.5,387.8
2026-05-19T17:33:02,38.5,2270,7941,1,10,99.99,1077,23.5,387.8
2026-05-19T17:33:07,45.9,2247,7941,0,11,99.99,1052,25.4,387.8
2026-05-19T17:33:13,34.7,2237,7941,1,10,99.99,1022,22.0,387.8
2026-05-19T17:33:18,34.6,2230,7941,0,11,99.99,1092,21.3,387.8
2026-05-19T17:33:23,36.6,2232,7941,0,11,99.99,1054,22.9,387.8
2026-05-19T17:33:28,34.7,2236,7941,0,10,99.99,1145,21.6,387.8
2026-05-19T17:33:33,35.9,2230,7941,0,11,99.99,1076,22.8,387.8
2026-05-19T17:33:39,35.3,2232,7941,1,10,99.99,1063,21.9,387.9
2026-05-19T17:33:44,35.7,2242,7941,0,9,99.99,1109,22.0,388.1
2026-05-19T17:33:49,35.1,2240,7941,0,11,99.99,1092,22.1,388.1
2026-05-19T17:33:54,34.8,2241,7941,0,11,99.99,1060,21.6,388.2
2026-05-19T17:34:00,35.7,2243,7941,0,9,99.99,1113,22.1,388.2
2026-05-19T17:34:05,39.9,2237,7941,0,10,99.99,1144,24.4,388.3
2026-05-19T17:34:10,35.8,2244,7941,0,11,99.99,1075,22.9,388.3
2026-05-19T17:34:15,36.9,2239,7941,1,9,99.99,1130,22.8,388.5
2026-05-19T17:34:21,34.4,2243,7941,0,8,99.99,926,21.4,388.5
2026-05-19T17:34:26,36.1,2238,7941,1,10,99.99,1157,22.5,388.5
2026-05-19T17:34:31,34.0,2245,7941,0,9,99.99,1224,21.1,388.5
2026-05-19T17:34:36,36.6,2235,7941,2,8,99.99,1000,22.9,388.5
2026-05-19T17:34:42,34.4,2241,7941,1,9,99.99,1089,21.2,388.5
2026-05-19T17:34:47,36.6,2241,7941,0,9,99.99,1135,22.6,388.5
2026-05-19T17:34:52,35.1,2241,7941,0,10,99.99,1091,21.8,388.5
2026-05-19T17:34:57,34.2,2248,7941,0,10,99.99,1034,21.6,388.5
2026-05-19T17:35:02,40.5,2315,7941,2,7,99.99,981,23.8,388.5
2026-05-19T17:35:08,46.6,2230,7941,0,10,99.99,895,26.4,388.5
2026-05-19T17:35:13,34.7,2233,7941,1,10,99.99,1098,22.1,388.5
2026-05-19T17:35:18,35.2,2236,7941,0,9,99.99,1066,22.3,388.6
2026-05-19T17:35:24,36.5,2240,7941,0,9,99.99,1087,22.9,388.6
2026-05-19T17:35:29,35.0,2235,7941,1,10,99.99,1102,21.9,388.6
2026-05-19T17:35:34,36.1,2233,7941,1,6,99.99,1085,22.4,388.6
2026-05-19T17:35:39,35.5,2242,7941,0,9,99.99,1127,22.6,388.6
2026-05-19T17:35:45,36.7,2249,7941,1,10,99.99,1012,22.4,388.6
2026-05-19T17:35:50,36.3,2241,7941,0,11,99.99,1121,22.9,388.5
2026-05-19T17:35:55,35.1,2245,7941,0,11,99.99,1142,21.9,388.6
2026-05-19T17:36:00,34.5,2239,7941,0,9,99.99,1077,21.5,388.6
2026-05-19T17:36:06,42.5,2241,7941,1,8,99.99,970,26.1,388.6
2026-05-19T17:36:11,36.8,2241,7941,0,10,99.99,1011,23.2,388.6
2026-05-19T17:36:16,38.6,2245,7941,0,11,99.99,1082,24.2,388.6
2026-05-19T17:36:21,34.6,2249,7941,0,10,99.99,1126,22.1,388.6
2026-05-19T17:36:27,35.3,2242,7941,1,9,99.99,1053,22.1,388.6
2026-05-19T17:36:32,36.1,2245,7941,0,9,99.99,1087,22.5,388.6
2026-05-19T17:36:37,35.7,2244,7941,0,11,99.99,1131,22.6,388.6
2026-05-19T17:36:42,36.0,2252,7941,0,11,99.99,1102,22.8,388.6
2026-05-19T17:36:47,34.7,2249,7941,0,11,99.99,1070,21.3,388.6
2026-05-19T17:36:53,35.4,2233,7941,0,10,99.99,1046,22.1,388.5
2026-05-19T17:36:58,35.5,2231,7941,0,9,99.99,1130,22.3,388.5
2026-05-19T17:37:03,45.3,2251,7941,1,8,99.99,1156,23.8,388.5
2026-05-19T17:37:08,43.6,2244,7941,1,10,99.99,1058,25.4,388.5
2026-05-19T17:37:14,39.2,2241,7941,1,9,99.99,1059,24.4,388.5
2026-05-19T17:37:19,41.3,2237,7941,1,9,99.99,1067,25.3,388.5
2026-05-19T17:37:24,39.6,2240,7941,1,8,99.99,1096,24.6,388.5
2026-05-19T17:37:29,38.9,2237,7941,0,11,99.99,1077,24.6,388.5
2026-05-19T17:37:35,39.8,2240,7941,1,8,99.99,1107,24.1,388.5
2026-05-19T17:37:40,38.0,2237,7941,0,10,99.99,1039,23.5,388.5
2026-05-19T17:37:45,39.7,2239,7941,0,11,99.99,1065,24.7,388.5
2026-05-19T17:37:50,37.4,2248,7941,0,11,99.99,1099,23.6,388.5
2026-05-19T17:37:56,40.3,2248,7941,0,10,99.99,1158,25.5,388.5
2026-05-19T17:38:01,38.8,2241,7941,1,10,99.99,1095,23.8,388.5
2026-05-19T17:38:06,41.7,2246,7941,0,9,99.99,902,26.8,388.8
2026-05-19T17:38:12,39.3,2248,7941,0,11,99.99,1140,24.9,388.8
2026-05-19T17:38:17,38.5,2246,7941,0,10,99.99,1064,23.9,388.8
2026-05-19T17:38:22,40.1,2243,7941,1,10,99.99,1095,24.6,388.8
2026-05-19T17:38:27,35.6,2244,7941,0,10,99.99,920,21.9,388.8
2026-05-19T17:38:33,38.8,2244,7941,0,10,99.99,1174,24.0,388.8
2026-05-19T17:38:38,39.8,2244,7941,0,11,99.99,987,25.0,388.8
2026-05-19T17:38:43,37.8,2250,7941,0,9,99.99,1058,22.9,388.8
2026-05-19T17:38:48,39.3,2253,7941,0,10,99.99,1173,24.3,388.8
2026-05-19T17:38:54,37.9,2249,7941,2,9,99.99,1027,23.6,388.8
2026-05-19T17:38:59,39.0,2250,7941,0,11,99.99,1102,24.1,388.8
2026-05-19T17:39:04,50.6,2309,7941,2,9,99.99,683,27.0,388.8
2026-05-19T17:39:10,43.2,2244,7941,0,9,99.99,764,27.7,388.8
2026-05-19T17:39:15,40.0,2246,7941,0,11,99.99,1039,24.9,388.8
2026-05-19T17:39:20,39.5,2249,7941,0,11,99.99,1114,24.5,388.8
2026-05-19T17:39:25,39.0,2249,7941,0,10,99.99,996,24.1,388.8
2026-05-19T17:39:31,39.8,2246,7941,1,9,99.99,1140,24.6,388.8
2026-05-19T17:39:36,38.6,2237,7941,0,10,99.99,1093,24.2,388.8
2026-05-19T17:39:41,37.2,2256,7941,1,10,99.99,1039,22.9,389.0
2026-05-19T17:39:46,39.1,2247,7941,0,10,99.99,1083,24.0,389.0
2026-05-19T17:39:52,39.1,2239,7941,0,11,99.99,1107,24.1,389.0
2026-05-19T17:39:57,39.3,2235,7941,1,8,99.99,1087,24.6,389.0
2026-05-19T17:40:02,38.2,2256,7941,0,9,99.99,991,24.1,389.0
2026-05-19T17:40:08,43.2,2238,7941,1,8,99.99,784,28.3,389.0
2026-05-19T17:40:13,44.8,2238,7941,1,10,99.99,936,28.2,389.1
2026-05-19T17:40:18,45.7,2236,7941,0,10,99.99,1015,27.7,389.1
2026-05-19T17:40:24,41.8,2231,7941,0,12,99.99,1008,26.1,389.1
2026-05-19T17:40:29,41.0,2236,7941,1,10,99.99,1079,24.9,389.1
2026-05-19T17:40:34,41.1,2235,7941,0,10,99.99,1178,24.9,389.1
2026-05-19T17:40:40,41.2,2235,7941,0,10,99.99,1010,25.1,389.1
2026-05-19T17:40:45,40.4,2242,7941,1,9,99.99,1048,24.4,389.1
2026-05-19T17:40:50,40.5,2247,7941,0,9,99.99,1091,25.1,389.1
2026-05-19T17:40:55,39.9,2245,7941,1,10,99.99,1050,24.4,389.1
2026-05-19T17:41:01,38.1,2248,7941,0,11,99.99,1086,23.2,389.1
2026-05-19T17:41:06,48.9,2276,7941,0,11,99.99,1060,25.7,389.1
2026-05-19T17:41:11,38.9,2250,7941,0,9,99.99,970,23.8,389.1
2026-05-19T17:41:16,39.7,2245,7941,1,8,99.99,1171,24.3,389.2
2026-05-19T17:41:22,39.9,2243,7941,1,10,99.99,1079,24.9,389.2
2026-05-19T17:41:27,39.3,2248,7941,0,10,99.99,1035,24.7,389.2
2026-05-19T17:41:32,38.4,2245,7941,1,9,99.99,1103,24.2,389.2
2026-05-19T17:41:37,39.4,2246,7941,0,11,99.99,1092,24.1,389.2
2026-05-19T17:41:43,39.3,2249,7941,0,10,99.99,1042,24.2,389.2
2026-05-19T17:41:48,38.4,2243,7941,0,10,99.99,1115,23.5,389.2
2026-05-19T17:41:53,38.4,2250,7941,0,11,99.99,1035,23.6,389.2
2026-05-19T17:41:58,39.4,2252,7941,0,9,99.99,1125,24.2,389.2
2026-05-19T17:42:04,44.7,2249,7941,0,8,99.99,942,25.7,389.2
2026-05-19T17:42:09,42.1,2250,7941,1,9,99.99,1100,26.1,389.2
2026-05-19T17:42:14,39.5,2245,7941,0,11,99.99,1045,24.3,389.2
2026-05-19T17:42:20,40.0,2245,7941,0,10,99.99,1110,24.8,389.2
2026-05-19T17:42:25,39.5,2251,7941,2,9,99.99,1108,24.6,389.2
2026-05-19T17:42:30,38.7,2247,7941,0,11,99.99,1067,23.8,389.2
2026-05-19T17:42:35,39.2,2242,7941,1,10,99.99,1102,24.3,389.2
2026-05-19T17:42:41,37.6,2249,7941,0,8,99.99,993,23.1,389.2
2026-05-19T17:42:46,40.0,2245,7941,0,11,99.99,1127,24.5,389.2
2026-05-19T17:42:51,38.3,2251,7941,0,11,99.99,1012,23.8,389.2
2026-05-19T17:42:56,39.5,2247,7941,1,9,99.99,1117,24.1,389.2
2026-05-19T17:43:02,39.1,2283,7941,2,10,99.99,1141,24.2,389.2
2026-05-19T17:43:07,46.4,2252,7941,1,10,99.99,984,25.4,389.2
2026-05-19T17:43:12,39.2,2236,7941,0,9,99.99,1035,25.0,389.4
2026-05-19T17:43:17,41.5,2240,7941,1,9,99.99,1135,25.2,389.4
2026-05-19T17:43:23,41.5,2247,7941,0,11,99.99,1028,25.7,389.5
2026-05-19T17:43:28,40.6,2243,7941,1,9,99.99,1031,25.1,389.5
2026-05-19T17:43:33,42.6,2247,7941,1,9,99.99,1050,25.8,389.6
2026-05-19T17:43:38,41.9,2247,7941,0,8,99.99,1081,25.7,389.6
2026-05-19T17:43:44,42.2,2243,7941,2,8,99.99,1063,25.9,389.6
2026-05-19T17:43:49,44.7,2245,7941,0,11,99.99,1019,26.9,389.6
2026-05-19T17:43:54,42.1,2244,7941,0,7,99.99,1063,26.1,389.6
2026-05-19T17:44:00,43.4,2248,7941,0,10,99.99,1075,26.9,389.7
2026-05-19T17:44:05,48.5,2243,7941,0,8,99.99,954,28.2,389.7
2026-05-19T17:44:10,43.5,2246,7941,0,8,99.99,1079,26.1,389.7
2026-05-19T17:44:16,40.5,2242,7941,0,11,99.99,1098,25.1,389.7
2026-05-19T17:44:21,41.2,2243,7941,0,10,99.99,964,26.2,389.7
2026-05-19T17:44:26,42.9,2242,7941,1,10,99.99,1025,25.9,389.7
2026-05-19T17:44:31,44.7,2243,7941,0,11,99.99,1038,27.5,389.7
2026-05-19T17:44:37,42.8,2244,7941,0,10,99.99,1050,26.4,389.9
2026-05-19T17:44:42,41.3,2244,7941,1,10,99.99,1070,25.4,389.9
2026-05-19T17:44:47,41.9,2240,7941,0,10,99.99,1061,25.7,389.9
2026-05-19T17:44:53,42.9,2245,7941,0,11,99.99,1071,25.8,389.9
2026-05-19T17:44:58,42.6,2242,7941,0,11,99.99,1091,26.4,389.9
2026-05-19T17:45:03,46.5,2305,7941,1,10,99.99,798,26.7,389.9
2026-05-19T17:45:09,48.6,2241,7941,0,11,99.99,807,27.9,389.9
2026-05-19T17:45:14,42.7,2251,7941,0,11,99.99,964,26.9,389.9
2026-05-19T17:45:19,42.5,2248,7941,1,9,99.99,1052,26.5,389.9
2026-05-19T17:45:25,44.5,2251,7941,0,10,99.99,1045,27.3,389.9
2026-05-19T17:45:30,43.4,2249,7941,0,11,99.99,1060,26.2,389.9
2026-05-19T17:45:35,42.8,2241,7941,0,9,99.99,1071,26.0,389.9
2026-05-19T17:45:40,43.5,2243,7941,0,8,99.99,980,27.4,389.9
2026-05-19T17:45:46,45.2,2239,7941,0,9,99.99,1106,27.3,389.9
2026-05-19T17:45:51,42.5,2247,7941,1,10,99.99,980,26.7,389.9
2026-05-19T17:45:56,44.1,2244,7941,0,11,99.99,1005,26.1,389.9
2026-05-19T17:46:02,44.0,2250,7941,1,9,99.99,1102,26.5,389.9
2026-05-19T17:46:07,42.9,2247,7941,0,10,99.99,814,27.9,389.9
2026-05-19T17:46:12,43.7,2253,7941,0,10,99.99,993,27.4,389.9
2026-05-19T17:46:18,43.0,2252,7941,0,10,99.99,1060,26.1,389.9
2026-05-19T17:46:23,42.2,2250,7941,0,11,99.99,1039,26.5,389.9
2026-05-19T17:46:28,41.6,2247,7941,1,10,99.99,1097,25.6,389.9
2026-05-19T17:46:33,42.8,2242,7941,1,10,99.99,943,27.3,389.9
2026-05-19T17:46:39,41.5,2249,7941,0,11,99.99,1062,25.8,389.9
2026-05-19T17:46:44,42.1,2254,7941,1,10,99.99,1121,26.0,389.9
2026-05-19T17:46:49,41.9,2250,7941,0,10,99.99,974,26.0,389.9
2026-05-19T17:46:54,41.6,2249,7941,0,10,99.99,1136,25.2,389.9
2026-05-19T17:47:00,43.6,2241,7941,0,11,99.99,1120,27.0,389.9
2026-05-19T17:47:05,52.6,2279,7941,0,10,99.99,887,26.6,389.9
2026-05-19T17:47:10,44.8,2251,7941,0,10,99.99,997,26.6,389.9
2026-05-19T17:47:16,45.0,2241,7941,1,10,99.99,1103,27.7,389.9
2026-05-19T17:47:21,42.5,2242,7941,0,10,99.99,843,26.9,389.9
2026-05-19T17:47:26,46.2,2247,7941,1,9,99.99,1096,27.7,389.9
2026-05-19T17:47:32,44.1,2249,7941,0,11,99.99,971,27.5,389.9
2026-05-19T17:47:37,44.3,2244,7941,0,10,99.99,965,27.4,389.9
2026-05-19T17:47:42,44.3,2246,7941,0,10,99.99,979,27.7,389.9
2026-05-19T17:47:47,44.8,2246,7941,0,11,99.99,958,27.5,389.9
2026-05-19T17:47:53,44.1,2249,7941,0,11,99.99,1002,27.1,389.9
2026-05-19T17:47:58,43.3,2250,7941,2,8,99.99,974,28.0,389.9
2026-05-19T17:48:03,44.4,2258,7941,0,11,99.99,744,27.4,389.9
2026-05-19T17:48:09,40.9,2256,7941,0,11,99.99,730,27.2,389.9
2026-05-19T17:48:14,42.0,2251,7941,2,8,99.99,752,27.8,389.9
2026-05-19T17:48:19,42.6,2256,7941,0,10,99.99,885,27.2,389.9
2026-05-19T17:48:25,46.2,2249,7941,0,9,99.99,1115,27.6,389.9
2026-05-19T17:48:30,44.5,2248,7941,0,10,99.99,867,28.1,389.9
2026-05-19T17:48:35,44.6,2241,7941,0,7,99.99,988,27.3,389.9
2026-05-19T17:48:41,43.9,2251,7941,1,9,99.99,989,27.6,389.9
2026-05-19T17:48:46,44.4,2245,7941,2,9,99.99,1016,27.2,389.9
2026-05-19T17:48:51,44.4,2249,7941,0,11,99.99,897,27.4,389.9
2026-05-19T17:48:56,45.1,2252,7941,1,9,99.99,975,27.7,389.9
2026-05-19T17:49:02,45.0,2310,7941,1,9,99.99,948,27.7,389.9
2026-05-19T17:49:07,50.0,2246,7941,1,9,99.99,603,28.1,389.9
2026-05-19T17:49:13,45.2,2247,7941,0,10,99.99,862,28.5,389.9
2026-05-19T17:49:18,45.9,2244,7941,1,6,99.99,988,27.5,389.9
2026-05-19T17:49:23,44.2,2246,7941,0,11,99.99,831,27.5,389.9
2026-05-19T17:49:29,42.3,2244,7941,0,10,99.99,871,27.7,389.9
2026-05-19T17:49:34,45.2,2245,7941,1,8,99.99,915,27.8,389.9
2026-05-19T17:49:39,44.9,2250,7941,0,11,99.99,1064,27.9,389.9
2026-05-19T17:49:45,45.2,2246,7941,0,11,99.99,985,27.8,389.9
2026-05-19T17:49:50,44.1,2251,7941,1,10,99.99,1012,26.8,389.9
2026-05-19T17:49:55,44.7,2244,7941,0,8,99.99,1005,28.0,389.9
2026-05-19T17:50:01,44.0,2244,7941,0,10,99.99,955,27.6,390.1
2026-05-19T17:50:06,44.6,2245,7941,0,11,99.99,510,27.8,390.1
2026-05-19T17:50:12,44.6,2257,7941,1,10,99.99,707,27.9,390.4
2026-05-19T17:50:17,46.0,2243,7941,0,10,99.99,820,28.3,390.4
2026-05-19T17:50:22,44.8,2248,7941,0,10,99.99,843,27.7,390.4
2026-05-19T17:50:28,41.5,2249,7941,1,10,99.99,1048,25.8,390.4
2026-05-19T17:50:33,46.3,2251,7941,1,10,99.99,996,28.1,390.4
2026-05-19T17:50:38,46.1,2250,7941,0,9,99.99,1025,27.4,390.4
2026-05-19T17:50:44,44.7,2250,7941,0,8,99.99,951,27.4,390.4
2026-05-19T17:50:49,47.4,2245,7941,0,10,99.99,984,28.7,390.4
2026-05-19T17:50:54,45.5,2246,7941,1,9,99.99,991,27.0,390.4
2026-05-19T17:50:59,46.5,2250,7941,1,8,99.99,962,27.7,390.5
2026-05-19T17:51:05,51.4,2264,7941,0,10,99.99,759,27.3,390.5
2026-05-19T17:51:10,43.5,2247,7941,0,11,99.99,926,27.3,390.5
2026-05-19T17:51:15,46.2,2250,7941,0,11,99.99,947,28.2,390.6
2026-05-19T17:51:21,43.0,2256,7941,0,11,99.99,878,27.0,390.8
2026-05-19T17:51:26,44.2,2258,7941,0,10,99.99,1094,26.8,390.8
2026-05-19T17:51:31,42.0,2253,7941,0,10,99.99,905,26.9,390.8
2026-05-19T17:51:37,45.2,2248,7941,0,8,99.99,918,27.5,390.8
2026-05-19T17:51:42,43.1,2252,7941,0,9,99.99,879,27.2,390.8
2026-05-19T17:51:47,46.2,2248,7941,0,10,99.99,971,27.7,390.8
2026-05-19T17:51:53,44.5,2256,7941,1,8,99.99,1042,27.4,390.9
2026-05-19T17:51:58,44.9,2245,7941,0,11,99.99,921,27.8,391.0
2026-05-19T17:52:03,45.7,2249,7941,1,9,99.99,862,27.7,391.1
2026-05-19T17:52:09,41.9,2251,7941,0,10,99.99,726,27.5,391.1
2026-05-19T17:52:14,43.9,2253,7941,0,9,99.99,955,27.2,391.1
2026-05-19T17:52:19,43.7,2248,7941,0,9,99.99,790,27.9,391.1
2026-05-19T17:52:24,44.8,2248,7941,0,9,99.99,969,27.4,391.1
2026-05-19T17:52:30,45.1,2253,7941,0,10,99.99,979,28.2,391.1
2026-05-19T17:52:35,45.0,2249,7941,0,10,99.99,967,27.3,391.1
2026-05-19T17:52:40,44.2,2255,7941,0,11,99.99,1021,26.8,391.1
2026-05-19T17:52:46,42.6,2246,7941,1,9,99.99,1109,26.4,391.1
2026-05-19T17:52:51,41.3,2251,7941,0,10,99.99,1051,25.0,391.1
2026-05-19T17:52:56,42.3,2247,7941,0,11,99.99,1028,26.7,391.1
2026-05-19T17:53:02,42.6,2248,7941,1,10,99.99,1029,26.5,391.1
2026-05-19T17:53:07,48.7,2254,7941,1,8,99.99,841,27.7,391.2
2026-05-19T17:53:12,42.6,2251,7941,0,10,99.99,989,26.7,391.2
2026-05-19T17:53:18,42.2,2249,7941,0,11,99.99,1089,25.8,391.2
2026-05-19T17:53:23,42.5,2253,7941,1,7,99.99,1034,26.6,391.2
2026-05-19T17:53:28,43.3,2260,7941,1,9,99.99,1028,26.6,391.2
2026-05-19T17:53:33,42.9,2255,7941,1,9,99.99,1040,26.5,391.2
2026-05-19T17:53:39,43.2,2258,7941,1,10,99.99,1058,26.7,391.2
2026-05-19T17:53:44,42.0,2258,7941,1,9,99.99,1061,25.8,391.2
2026-05-19T17:53:49,43.0,2250,7941,0,11,99.99,1006,26.9,391.2
2026-05-19T17:53:54,43.2,2248,7941,0,10,99.99,992,26.2,391.2
2026-05-19T17:54:00,42.2,2253,7941,1,8,99.99,1014,25.7,391.2
2026-05-19T17:54:05,47.4,2248,7941,1,10,99.99,781,28.5,391.2
2026-05-19T17:54:10,41.8,2251,7941,0,9,99.99,967,25.9,391.2
2026-05-19T17:54:16,44.1,2245,7941,0,9,99.99,1074,27.0,391.2
2026-05-19T17:54:21,42.8,2245,7941,0,11,99.99,1012,26.3,391.3
2026-05-19T17:54:26,43.2,2249,7941,0,8,99.99,997,26.7,391.3
2026-05-19T17:54:31,43.3,2247,7941,0,9,99.99,1051,27.0,391.3
2026-05-19T17:54:37,41.6,2247,7941,0,8,99.99,1025,25.8,391.3
2026-05-19T17:54:42,41.1,2252,7941,0,7,99.99,1010,26.1,391.3
2026-05-19T17:54:47,38.9,2252,7941,0,10,99.99,1034,23.4,391.3
2026-05-19T17:54:52,39.7,2254,7941,0,10,99.99,1082,24.8,391.3
2026-05-19T17:54:58,39.8,2251,7941,1,9,99.99,1053,24.7,391.3
2026-05-19T17:55:03,44.1,2313,7941,1,6,99.99,929,25.0,391.3
2026-05-19T17:55:09,49.0,2248,7941,0,8,99.99,832,28.7,391.3
2026-05-19T17:55:14,39.5,2253,7941,0,11,99.99,1036,24.4,391.3
2026-05-19T17:55:19,39.3,2252,7941,0,11,99.99,1130,24.1,391.3
2026-05-19T17:55:24,40.8,2255,7941,0,11,99.99,1119,25.1,391.3
2026-05-19T17:55:30,38.7,2257,7941,1,10,99.99,965,24.6,391.3
2026-05-19T17:55:35,40.2,2257,7941,2,9,99.99,1115,25.6,391.3
2026-05-19T17:55:40,39.3,2255,7941,0,10,99.99,1097,24.4,391.3
2026-05-19T17:55:45,39.6,2255,7941,0,11,99.99,1060,24.7,391.3
2026-05-19T17:55:51,40.0,2257,7941,0,10,99.99,1135,25.1,391.3
2026-05-19T17:55:56,40.1,2255,7941,1,9,99.99,997,25.0,391.3
2026-05-19T17:56:01,40.4,2251,7941,1,9,99.99,1103,25.0,391.3
2026-05-19T17:56:06,42.9,2249,7941,1,9,99.99,975,26.9,391.3
2026-05-19T17:56:12,41.0,2255,7941,1,9,99.99,1066,25.8,391.3
2026-05-19T17:56:17,41.6,2278,7941,0,9,99.99,1062,26.0,391.3
2026-05-19T17:56:22,41.3,2281,7941,0,10,99.99,1079,24.8,391.3
2026-05-19T17:56:28,39.5,2277,7941,0,10,99.99,1074,24.9,391.3
2026-05-19T17:56:33,40.0,2277,7941,0,11,99.99,1095,24.6,391.3
2026-05-19T17:56:38,38.1,2281,7941,0,11,99.99,1095,23.4,391.3
2026-05-19T17:56:43,39.5,2278,7941,0,10,99.99,1096,24.3,391.3
2026-05-19T17:56:48,39.4,2275,7941,0,10,99.99,1099,24.2,391.3
2026-05-19T17:56:54,38.8,2273,7941,3,9,99.99,1093,24.3,391.3
2026-05-19T17:56:59,39.0,2274,7941,1,9,99.99,1075,23.8,391.3
2026-05-19T17:57:04,53.5,2319,7941,0,10,99.99,923,26.5,391.3
2026-05-19T17:57:09,41.7,2293,7941,0,11,99.99,1063,25.7,391.3
2026-05-19T17:57:15,40.0,2277,7941,0,9,99.99,1136,24.9,391.3
2026-05-19T17:57:20,41.9,2277,7941,3,7,99.99,1097,26.0,391.3
2026-05-19T17:57:25,40.5,2274,7941,0,11,99.99,1008,25.1,391.3
2026-05-19T17:57:31,40.5,2270,7941,0,10,99.99,1128,24.9,391.3
2026-05-19T17:57:36,40.0,2271,7941,0,10,99.99,1105,25.2,391.3
2026-05-19T17:57:41,40.0,2274,7941,0,8,99.99,990,25.7,391.3
2026-05-19T17:57:46,41.1,2283,7941,0,10,99.99,1072,24.9,391.3
2026-05-19T17:57:52,40.5,2282,7941,0,10,99.99,1119,24.6,391.3
2026-05-19T17:57:57,40.9,2278,7941,2,8,99.99,1016,26.0,391.3
2026-05-19T17:58:02,42.8,2282,7941,0,10,99.99,1103,26.0,391.3
2026-05-19T17:58:07,43.4,2273,7941,2,9,99.99,922,27.4,391.3
2026-05-19T17:58:13,39.6,2272,7941,0,10,99.99,1135,24.7,391.3
2026-05-19T17:58:18,39.0,2271,7941,1,10,99.99,997,24.2,391.3
2026-05-19T17:58:23,39.7,2276,7941,0,10,99.99,1087,24.7,391.3
2026-05-19T17:58:28,40.3,2277,7941,0,11,99.99,1117,25.4,391.3
2026-05-19T17:58:34,40.4,2275,7941,0,11,99.99,1112,25.1,391.3
2026-05-19T17:58:39,40.1,2272,7941,0,10,99.99,998,24.4,391.3
2026-05-19T17:58:44,40.9,2277,7941,0,10,99.99,1063,25.1,391.3
2026-05-19T17:58:50,39.8,2277,7941,0,10,99.99,1094,24.9,391.3
2026-05-19T17:58:55,37.6,2283,7941,0,10,99.99,1107,23.1,391.3
2026-05-19T17:59:00,40.5,2277,7941,0,11,99.99,1061,25.4,391.3
2026-05-19T17:59:05,47.8,2277,7941,0,10,99.99,995,26.5,391.3
2026-05-19T17:59:11,42.0,2275,7941,0,8,99.99,962,26.9,391.3
2026-05-19T17:59:16,39.7,2280,7941,0,10,99.99,1094,24.1,391.3
2026-05-19T17:59:21,39.8,2279,7941,2,8,99.99,1093,24.6,391.3
2026-05-19T17:59:26,40.5,2274,7941,0,10,99.99,1025,25.9,391.3
2026-05-19T17:59:32,40.6,2275,7941,2,7,99.99,1066,25.2,391.3
2026-05-19T17:59:37,41.0,2277,7941,0,9,99.99,1052,25.1,391.3
2026-05-19T17:59:42,40.3,2276,7941,1,9,99.99,1061,25.4,391.3
2026-05-19T17:59:47,41.0,2278,7941,1,10,99.99,1029,24.8,391.3
2026-05-19T17:59:53,39.9,2279,7941,0,10,99.99,1143,24.8,391.3
2026-05-19T17:59:58,39.6,2274,7941,1,9,99.99,1087,23.9,391.3
2026-05-19T18:00:03,40.6,2269,7941,0,10,99.99,775,26.4,391.3
2026-05-19T18:00:09,39.7,2268,7941,0,9,99.99,348,31.1,391.3
2026-05-19T18:00:15,43.4,2264,7941,1,10,99.99,556,29.8,391.3
2026-05-19T18:00:20,44.2,2265,7941,0,10,99.99,739,28.1,391.3
2026-05-19T18:00:26,43.7,2266,7941,1,10,99.99,851,27.5,391.3
2026-05-19T18:00:31,44.2,2269,7941,0,10,99.99,989,27.5,391.3
2026-05-19T18:00:36,41.6,2273,7941,1,9,99.99,986,25.9,391.3
2026-05-19T18:00:42,39.4,2266,7941,0,11,99.99,1021,23.9,391.3
2026-05-19T18:00:47,37.4,2267,7941,0,8,99.99,992,22.4,391.3
2026-05-19T18:00:52,43.0,2275,7941,2,8,99.99,933,27.0,391.3
2026-05-19T18:00:57,44.9,2274,7941,0,11,99.99,1012,27.0,391.3
2026-05-19T18:01:03,48.3,2344,7941,1,11,99.99,961,28.1,391.3
2026-05-19T18:01:08,48.0,2286,7941,0,10,99.99,979,27.7,391.3
2026-05-19T18:01:13,44.9,2272,7941,1,7,99.99,990,27.6,391.3
2026-05-19T18:01:19,43.8,2269,7941,0,10,99.99,1071,26.8,391.3
2026-05-19T18:01:24,44.0,2266,7941,0,10,99.99,1020,26.9,391.3
2026-05-19T18:01:29,43.2,2269,7941,2,9,99.99,1057,26.8,391.3
2026-05-19T18:01:35,42.6,2267,7941,1,8,99.99,1029,26.1,391.3
2026-05-19T18:01:40,39.3,2265,7941,0,9,99.99,1079,24.8,391.3
2026-05-19T18:01:45,43.0,2264,7941,0,9,99.99,1114,26.2,391.3
2026-05-19T18:01:51,42.4,2269,7941,0,10,99.99,1006,26.4,391.3
2026-05-19T18:01:56,42.4,2266,7941,0,10,99.99,1037,26.3,391.3
2026-05-19T18:02:01,42.9,2263,7941,1,8,99.99,1087,25.7,391.3
2026-05-19T18:02:06,44.7,2253,7941,0,11,99.99,925,27.4,391.3
2026-05-19T18:02:12,42.9,2255,7941,0,11,99.99,980,26.4,391.3
2026-05-19T18:02:17,42.6,2259,7941,1,9,99.99,1099,25.8,391.3
2026-05-19T18:02:22,44.0,2263,7941,0,11,99.99,1050,27.3,391.3
2026-05-19T18:02:28,42.0,2260,7941,0,11,99.99,1056,25.4,391.3
2026-05-19T18:02:33,44.5,2267,7941,0,11,99.99,1073,27.5,391.3
2026-05-19T18:02:38,42.5,2255,7941,0,10,99.99,1007,25.4,391.3
2026-05-19T18:02:43,42.8,2261,7941,0,11,99.99,998,26.6,391.3
2026-05-19T18:02:49,43.3,2253,7941,0,9,99.99,1112,25.9,391.3
2026-05-19T18:02:54,42.7,2256,7941,0,11,99.99,1042,26.4,391.3
2026-05-19T18:02:59,40.8,2259,7941,0,11,99.99,1096,25.5,391.3
2026-05-19T18:03:05,50.2,2274,7941,1,10,99.99,862,26.9,391.3
2026-05-19T18:03:10,40.4,2263,7941,0,11,99.99,961,25.2,391.3
2026-05-19T18:03:15,42.9,2261,7941,0,11,99.99,1106,26.2,391.3
2026-05-19T18:03:20,41.4,2256,7941,0,10,99.99,1083,25.5,391.3
2026-05-19T18:03:26,42.5,2264,7941,0,10,99.99,1025,26.7,391.3
2026-05-19T18:03:31,42.0,2265,7941,0,10,99.99,1077,26.0,391.3
2026-05-19T18:03:36,41.1,2255,7941,0,11,99.99,1060,25.1,391.3
2026-05-19T18:03:42,42.2,2267,7941,0,11,99.99,1069,26.5,391.3
2026-05-19T18:03:47,43.0,2261,7941,0,10,99.99,1044,26.4,391.3
2026-05-19T18:03:52,43.0,2259,7941,0,11,99.99,981,26.7,391.3
2026-05-19T18:03:57,42.8,2260,7941,0,9,99.99,1094,25.9,391.3
2026-05-19T18:04:03,45.8,2271,7941,2,9,99.99,1054,26.2,391.3
2026-05-19T18:04:08,46.2,2263,7941,0,11,99.99,933,27.6,391.3
2026-05-19T18:04:13,42.9,2260,7941,1,10,99.99,1092,25.8,391.3
2026-05-19T18:04:19,42.1,2260,7941,0,11,99.99,1048,25.9,391.3
2026-05-19T18:04:24,41.8,2262,7941,0,10,99.99,1025,26.2,391.3
2026-05-19T18:04:29,41.9,2262,7941,0,9,99.99,1113,25.8,391.3
2026-05-19T18:04:34,42.3,2260,7941,1,8,99.99,1062,26.2,391.3
2026-05-19T18:04:40,42.4,2263,7941,2,9,99.99,930,25.9,391.3
2026-05-19T18:04:45,44.1,2269,7941,1,9,99.99,1091,26.8,391.3
2026-05-19T18:04:50,41.7,2262,7941,1,10,99.99,1153,25.7,391.3
2026-05-19T18:04:56,42.7,2265,7941,0,11,99.99,992,25.8,391.3
2026-05-19T18:05:01,42.9,2257,7941,0,10,99.99,1175,26.4,391.3
2026-05-19T18:05:06,53.9,2259,7941,0,11,99.99,645,28.1,391.3
2026-05-19T18:05:12,43.0,2255,7941,0,11,99.99,989,26.4,391.3
2026-05-19T18:05:17,42.2,2263,7941,2,9,99.99,1082,26.2,391.3
2026-05-19T18:05:22,42.3,2259,7941,0,11,99.99,988,26.1,391.3
2026-05-19T18:05:27,44.5,2259,7941,2,9,99.99,1006,27.5,391.3
2026-05-19T18:05:33,42.5,2260,7941,0,9,99.99,1105,26.2,391.3
2026-05-19T18:05:38,41.8,2261,7941,0,11,99.99,1008,25.7,391.3
2026-05-19T18:05:43,41.3,2263,7941,0,11,99.99,1091,25.7,391.3
2026-05-19T18:05:49,38.0,2261,7941,0,9,99.99,1087,23.2,391.3
2026-05-19T18:05:54,38.8,2256,7941,1,11,99.99,1032,23.8,391.3
2026-05-19T18:05:59,39.0,2258,7941,0,10,99.99,1072,24.0,391.3
2026-05-19T18:06:04,43.2,2254,7941,0,10,99.99,973,26.8,391.3
2026-05-19T18:06:10,39.4,2262,7941,0,11,99.99,1037,24.6,391.3
2026-05-19T18:06:15,37.9,2252,7941,0,10,99.99,1119,23.5,391.3
2026-05-19T18:06:20,40.0,2266,7941,1,10,99.99,1113,25.1,391.3
2026-05-19T18:06:25,38.3,2252,7941,1,8,99.99,1001,23.4,391.3
2026-05-19T18:06:31,38.5,2255,7941,0,11,99.99,1163,23.9,391.3
2026-05-19T18:06:36,38.7,2261,7941,1,10,99.99,1133,23.8,391.3
2026-05-19T18:06:41,37.1,2268,7941,0,11,99.99,1044,22.9,391.3
2026-05-19T18:06:46,41.8,2257,7941,0,11,99.99,1057,25.8,391.3
2026-05-19T18:06:52,38.0,2259,7941,0,11,99.99,1081,23.4,391.3
2026-05-19T18:06:57,39.8,2260,7941,1,10,99.99,1040,24.8,391.3
2026-05-19T18:07:02,42.1,2320,7941,1,10,99.99,1070,25.9,391.3
2026-05-19T18:07:07,47.0,2260,7941,1,10,99.99,1010,25.4,391.3
2026-05-19T18:07:13,41.3,2270,7941,1,9,99.99,1021,25.7,391.3
2026-05-19T18:07:18,40.8,2260,7941,0,9,99.99,1064,24.9,391.3
2026-05-19T18:07:23,41.6,2264,7941,0,11,99.99,1136,25.9,391.3
2026-05-19T18:07:28,39.7,2259,7941,0,11,99.99,1067,23.9,391.3
2026-05-19T18:07:34,40.3,2262,7941,0,9,99.99,1093,24.6,391.3
2026-05-19T18:07:39,40.8,2275,7941,0,10,99.99,1054,25.4,391.3
2026-05-19T18:07:44,39.5,2262,7941,0,11,99.99,1024,24.3,391.3
2026-05-19T18:07:49,39.8,2268,7941,1,10,99.99,1184,24.5,391.3
2026-05-19T18:07:55,39.7,2272,7941,1,10,99.99,1027,24.1,391.3
2026-05-19T18:08:00,40.0,2269,7941,0,11,99.99,1091,24.4,391.3
2026-05-19T18:08:05,46.0,2269,7941,1,9,99.99,1046,26.6,391.3
2026-05-19T18:08:10,40.1,2274,7941,0,8,99.99,1100,25.2,391.3
2026-05-19T18:08:16,39.0,2274,7941,0,10,99.99,1038,24.8,391.3
2026-05-19T18:08:21,38.1,2275,7941,0,11,99.99,1145,23.8,391.3
2026-05-19T18:08:26,40.2,2265,7941,0,9,99.99,1040,25.1,391.3
2026-05-19T18:08:31,38.4,2271,7941,1,9,99.99,1020,24.2,391.3
2026-05-19T18:08:37,39.5,2266,7941,1,9,99.99,1133,24.1,391.3
2026-05-19T18:08:42,39.3,2263,7941,0,10,99.99,1052,25.3,391.3
2026-05-19T18:08:47,38.2,2269,7941,0,11,99.99,1002,23.6,391.3
2026-05-19T18:08:52,40.6,2262,7941,1,10,99.99,1119,25.4,391.3
2026-05-19T18:08:58,39.6,2267,7941,0,10,99.99,1060,24.4,391.3
2026-05-19T18:09:03,44.9,2340,7941,2,7,99.99,819,26.0,391.3
2026-05-19T18:09:08,49.8,2289,7941,0,10,99.99,757,29.0,391.3
2026-05-19T18:09:14,41.4,2281,7941,0,10,99.99,957,25.7,391.3
2026-05-19T18:09:19,40.3,2262,7941,0,10,99.99,1169,24.6,391.3
2026-05-19T18:09:24,42.2,2264,7941,0,11,99.99,936,26.5,391.3
2026-05-19T18:09:30,39.0,2268,7941,0,10,99.99,1154,24.1,391.3
2026-05-19T18:09:35,42.1,2268,7941,0,11,99.99,1085,26.1,391.3
2026-05-19T18:09:40,38.6,2263,7941,0,11,99.99,1110,24.1,391.3
2026-05-19T18:09:45,39.5,2265,7941,0,10,99.99,1071,24.1,391.3
2026-05-19T18:09:51,40.3,2267,7941,0,11,99.99,1114,24.7,391.3
2026-05-19T18:09:56,39.1,2268,7941,0,9,99.99,1065,24.3,391.3
2026-05-19T18:10:01,42.7,2269,7941,0,11,99.99,1129,26.5,391.3
2026-05-19T18:10:07,44.0,2272,7941,0,9,99.99,631,28.9,391.3
2026-05-19T18:10:12,44.2,2262,7941,1,8,99.99,906,27.6,391.3
2026-05-19T18:10:18,46.5,2262,7941,1,9,99.99,990,28.4,391.3
2026-05-19T18:10:23,43.8,2266,7941,0,11,99.99,935,27.0,391.3
2026-05-19T18:10:28,40.4,2267,7941,0,7,99.99,1104,25.1,391.3
2026-05-19T18:10:33,40.4,2275,7941,0,6,99.99,1163,25.4,391.3
2026-05-19T18:10:39,40.1,2263,7941,0,11,99.99,960,24.6,391.3
2026-05-19T18:10:44,40.8,2266,7941,0,10,99.99,1069,25.7,391.3
2026-05-19T18:10:49,39.7,2267,7941,0,9,99.99,1047,24.6,391.3
2026-05-19T18:10:54,36.7,2263,7941,1,8,99.99,1140,23.1,391.3
2026-05-19T18:11:00,35.6,2266,7941,0,10,99.99,1131,22.3,391.3
2026-05-19T18:11:05,48.1,2280,7941,0,11,99.99,1009,25.6,391.3
2026-05-19T18:11:10,42.1,2273,7941,0,11,99.99,1063,26.4,391.3
2026-05-19T18:11:15,40.5,2272,7941,0,9,99.99,1092,24.5,391.3
2026-05-19T18:11:21,38.2,2272,7941,0,9,99.99,1021,23.8,391.3
2026-05-19T18:11:26,40.9,2276,7941,0,11,99.99,1095,24.4,391.3
2026-05-19T18:11:31,38.7,2276,7941,2,8,99.99,1076,23.8,391.3
2026-05-19T18:11:37,41.2,2273,7941,0,11,99.99,948,25.7,391.3
2026-05-19T18:11:42,37.9,2271,7941,0,9,99.99,1086,23.5,391.3
2026-05-19T18:11:47,39.1,2275,7941,0,9,99.99,1181,24.3,391.3
2026-05-19T18:11:52,38.4,2275,7941,0,11,99.99,988,24.0,391.3
2026-05-19T18:11:58,39.1,2276,7941,0,9,99.99,1097,24.1,391.3
2026-05-19T18:12:03,41.4,2276,7941,1,10,99.99,961,25.9,391.3
2026-05-19T18:12:08,41.5,2272,7941,0,11,99.99,994,26.4,391.3
2026-05-19T18:12:13,38.7,2276,7941,0,11,99.99,1139,24.6,391.3
2026-05-19T18:12:19,39.6,2280,7941,0,10,99.99,1051,24.2,391.3
2026-05-19T18:12:24,39.2,2272,7941,1,10,99.99,1104,24.1,391.3
2026-05-19T18:12:29,38.0,2272,7941,0,11,99.99,1046,23.9,391.3
2026-05-19T18:12:34,39.9,2274,7941,0,10,99.99,1050,24.4,391.3
2026-05-19T18:12:40,39.9,2271,7941,0,9,99.99,1249,24.9,391.3
2026-05-19T18:12:45,38.6,2272,7941,1,10,99.99,1035,23.3,391.3
2026-05-19T18:12:50,39.1,2272,7941,1,10,99.99,1048,24.6,391.3
2026-05-19T18:12:55,39.5,2275,7941,1,8,99.99,1119,24.3,391.3
2026-05-19T18:13:01,37.9,2274,7941,0,9,99.99,1052,23.5,391.3
2026-05-19T18:13:06,50.7,2273,7941,1,9,99.99,952,27.6,391.3
2026-05-19T18:13:11,38.1,2279,7941,0,11,99.99,1048,23.9,391.3
2026-05-19T18:13:17,37.8,2270,7941,2,9,99.99,1139,23.5,391.3
2026-05-19T18:13:22,40.3,2275,7941,1,10,99.99,1101,24.9,391.3
2026-05-19T18:13:27,40.1,2271,7941,0,10,99.99,1061,24.5,391.3
2026-05-19T18:13:32,38.5,2267,7941,1,9,99.99,975,23.8,391.3
2026-05-19T18:13:38,38.2,2276,7941,1,9,99.99,1166,23.4,391.3
2026-05-19T18:13:43,40.2,2275,7941,0,11,99.99,1051,24.9,391.3
2026-05-19T18:13:48,39.7,2276,7941,1,10,99.99,1051,24.6,391.3
2026-05-19T18:13:53,37.3,2281,7941,1,9,99.99,1065,23.3,391.3
2026-05-19T18:13:59,39.1,2277,7941,0,11,99.99,1061,24.1,391.3
2026-05-19T18:14:04,41.2,2271,7941,0,10,99.99,1015,25.5,391.3
2026-05-19T18:14:09,38.1,2272,7941,1,10,99.99,1035,23.5,391.3
2026-05-19T18:14:14,38.7,2277,7941,0,8,99.99,1086,24.1,391.3
2026-05-19T18:14:20,38.6,2276,7941,1,9,99.99,992,23.6,391.3
2026-05-19T18:14:25,40.3,2286,7941,0,11,99.99,1088,25.4,391.3
2026-05-19T18:14:30,40.0,2278,7941,0,11,99.99,1016,24.6,391.3
2026-05-19T18:14:35,40.8,2273,7941,0,11,99.99,1139,24.9,391.3
2026-05-19T18:14:41,39.5,2274,7941,0,11,99.99,1002,24.8,391.3
2026-05-19T18:14:46,40.4,2276,7941,0,10,99.99,1095,24.3,391.3
2026-05-19T18:14:51,41.0,2280,7941,1,8,99.99,1106,25.5,391.3
2026-05-19T18:14:56,39.7,2273,7941,0,11,99.99,1000,24.5,391.3
2026-05-19T18:15:02,40.7,2275,7941,2,8,99.99,1120,25.7,391.3
2026-05-19T18:15:08,52.8,2304,7941,0,10,99.99,731,29.8,391.3
2026-05-19T18:15:13,42.0,2281,7941,0,10,99.99,896,26.5,391.3
2026-05-19T18:15:18,42.1,2268,7941,0,9,99.99,1026,26.2,391.3
2026-05-19T18:15:23,43.4,2271,7941,0,7,99.99,1032,27.0,391.3
2026-05-19T18:15:29,43.7,2271,7941,0,10,99.99,1024,26.6,391.3
2026-05-19T18:15:34,42.9,2275,7941,1,10,99.99,1008,26.6,391.3
2026-05-19T18:15:39,42.2,2282,7941,0,10,99.99,1088,26.1,391.3
2026-05-19T18:15:44,43.1,2272,7941,0,11,99.99,1080,25.9,391.3
2026-05-19T18:15:50,43.9,2282,7941,0,11,99.99,1027,27.1,391.3
2026-05-19T18:15:55,42.0,2282,7941,1,10,99.99,1022,25.9,391.3
2026-05-19T18:16:00,42.5,2268,7941,0,11,99.99,1095,26.3,391.3
2026-05-19T18:16:06,45.4,2273,7941,0,10,99.99,977,27.4,391.3
2026-05-19T18:16:11,44.2,2274,7941,0,10,99.99,973,27.2,391.3
2026-05-19T18:16:16,44.7,2271,7941,0,9,99.99,1117,27.3,391.3
2026-05-19T18:16:21,43.3,2279,7941,1,9,99.99,1065,26.3,391.3
2026-05-19T18:16:27,43.5,2270,7941,0,9,99.99,999,27.8,391.3
2026-05-19T18:16:32,42.3,2276,7941,0,9,99.99,982,26.2,391.3
2026-05-19T18:16:37,42.9,2271,7941,0,10,99.99,1061,26.1,391.3
2026-05-19T18:16:43,43.6,2270,7941,0,10,99.99,1033,26.7,391.3
2026-05-19T18:16:48,42.6,2274,7941,0,11,99.99,1046,25.9,391.3
2026-05-19T18:16:53,42.1,2275,7941,0,10,99.99,1011,26.5,391.3
2026-05-19T18:16:58,41.0,2275,7941,0,9,99.99,1119,25.5,391.3
2026-05-19T18:17:04,47.9,2337,7941,2,7,99.99,785,26.6,391.3
2026-05-19T18:17:09,47.0,2280,7941,0,10,99.99,862,28.0,391.3
2026-05-19T18:17:14,43.2,2283,7941,0,9,99.99,1029,26.4,391.3
2026-05-19T18:17:19,42.2,2271,7941,0,9,99.99,1051,25.7,391.3
2026-05-19T18:17:25,44.3,2269,7941,0,11,99.99,1026,27.3,391.3
2026-05-19T18:17:30,42.2,2271,7941,0,11,99.99,1091,26.2,391.3
2026-05-19T18:17:35,43.1,2273,7941,1,7,99.99,989,27.1,391.3
2026-05-19T18:17:41,42.9,2283,7941,0,10,99.99,1071,26.8,391.3
2026-05-19T18:17:46,44.1,2274,7941,0,10,99.99,1024,26.8,391.3
2026-05-19T18:17:51,45.4,2274,7941,0,11,99.99,1020,27.6,391.3
2026-05-19T18:17:57,43.6,2269,7941,0,11,99.99,1123,26.2,391.3
2026-05-19T18:18:02,42.9,2270,7941,3,9,99.99,928,27.6,391.3
2026-05-19T18:18:07,44.3,2269,7941,0,10,99.99,890,28.2,391.3
2026-05-19T18:18:13,43.3,2270,7941,0,11,99.99,892,27.3,391.3
2026-05-19T18:18:18,43.7,2275,7941,0,10,99.99,1072,26.7,391.3
2026-05-19T18:18:23,43.0,2273,7941,0,9,99.99,1091,26.3,391.3
2026-05-19T18:18:28,43.3,2271,7941,0,10,99.99,995,26.5,391.3
2026-05-19T18:18:34,43.7,2273,7941,1,9,99.99,1087,27.4,391.3
2026-05-19T18:18:39,42.4,2273,7941,1,8,99.99,1086,25.9,391.3
2026-05-19T18:18:44,42.9,2275,7941,0,11,99.99,1016,27.3,391.3
2026-05-19T18:18:50,43.1,2272,7941,1,8,99.99,1118,26.1,391.3
2026-05-19T18:18:55,43.2,2275,7941,0,10,99.99,1083,26.0,391.3
2026-05-19T18:19:00,42.2,2278,7941,1,9,99.99,1005,26.0,391.3
2026-05-19T18:19:05,51.1,2311,7941,0,9,99.99,828,27.0,391.3
2026-05-19T18:19:11,43.2,2290,7941,1,10,99.99,904,26.9,391.3
2026-05-19T18:19:16,44.3,2283,7941,1,9,99.99,1056,26.7,391.3
2026-05-19T18:19:21,42.4,2270,7941,0,9,99.99,1050,25.6,391.3
2026-05-19T18:19:27,43.3,2276,7941,0,10,99.99,1053,27.0,391.3
2026-05-19T18:19:32,41.2,2272,7941,1,9,99.99,993,24.9,391.3
2026-05-19T18:19:37,42.4,2274,7941,1,9,99.99,1032,26.1,391.3
2026-05-19T18:19:43,44.0,2273,7941,0,11,99.99,1017,27.6,391.3
2026-05-19T18:19:48,43.4,2273,7941,1,9,99.99,1116,25.9,391.3
2026-05-19T18:19:53,43.4,2272,7941,0,11,99.99,1049,26.5,391.3
2026-05-19T18:19:58,42.7,2267,7941,2,6,99.99,1072,25.8,391.3
2026-05-19T18:20:04,46.1,2267,7941,2,8,99.99,771,26.7,391.3
2026-05-19T18:20:09,45.3,2266,7941,0,11,99.99,776,29.0,391.3
2026-05-19T18:20:15,44.2,2265,7941,0,11,99.99,844,27.5,391.3
2026-05-19T18:20:20,42.9,2271,7941,0,11,99.99,815,27.4,391.3
2026-05-19T18:20:25,42.7,2266,7941,0,8,99.99,909,27.5,391.3
2026-05-19T18:20:31,42.9,2268,7941,0,7,99.99,1009,27.1,391.3
2026-05-19T18:20:36,43.8,2268,7941,0,10,99.99,1024,26.7,391.3
2026-05-19T18:20:41,39.0,2274,7941,0,11,99.99,1061,24.1,391.3
2026-05-19T18:20:46,40.2,2265,7941,1,9,99.99,1024,24.8,391.3
2026-05-19T18:20:52,40.9,2275,7941,0,10,99.99,1078,25.2,391.3
2026-05-19T18:20:57,39.1,2265,7941,0,8,99.99,1081,24.1,391.3
2026-05-19T18:21:02,40.7,2274,7941,1,10,99.99,1085,25.1,391.3
2026-05-19T18:21:07,48.5,2292,7941,0,11,99.99,1018,26.7,391.3
2026-05-19T18:21:13,35.4,2272,7941,0,10,99.99,1089,21.7,391.3
2026-05-19T18:21:18,39.5,2266,7941,2,9,99.99,1029,24.3,391.3
2026-05-19T18:21:23,38.6,2271,7941,0,11,99.99,1147,24.3,391.3
2026-05-19T18:21:28,39.2,2278,7941,0,11,99.99,1030,24.8,391.3
2026-05-19T18:21:34,40.2,2282,7941,0,10,99.99,1108,24.8,391.3
2026-05-19T18:21:39,38.8,2272,7941,0,9,99.99,1087,24.2,391.3
2026-05-19T18:21:44,40.3,2274,7941,0,7,99.99,1054,25.0,391.3
2026-05-19T18:21:49,39.8,2270,7941,0,9,99.99,1090,24.4,391.3
2026-05-19T18:21:55,39.7,2268,7941,0,10,99.99,1143,24.8,391.3
2026-05-19T18:22:00,38.4,2279,7941,0,8,99.99,1109,23.8,391.3
2026-05-19T18:22:05,43.4,2272,7941,0,8,99.99,1073,26.8,391.3
2026-05-19T18:22:11,39.3,2274,7941,1,9,99.99,1048,24.1,391.3
2026-05-19T18:22:16,39.3,2272,7941,0,11,99.99,1080,23.9,391.3
2026-05-19T18:22:21,39.9,2273,7941,0,10,99.99,1068,24.4,391.3
2026-05-19T18:22:26,40.0,2276,7941,0,10,99.99,1133,24.8,391.3
2026-05-19T18:22:32,39.9,2271,7941,0,10,99.99,1017,24.6,391.3
2026-05-19T18:22:37,39.3,2277,7941,1,10,99.99,1107,24.0,391.3
2026-05-19T18:22:42,38.1,2275,7941,0,11,99.99,1073,23.7,391.3
2026-05-19T18:22:47,39.7,2273,7941,2,9,99.99,1135,24.6,391.3
2026-05-19T18:22:53,39.5,2279,7941,0,10,99.99,1020,24.4,391.3
2026-05-19T18:22:58,39.5,2275,7941,1,10,99.99,1103,24.7,391.3
2026-05-19T18:23:03,43.7,2337,7941,1,11,99.99,957,25.1,391.3
2026-05-19T18:23:09,44.5,2292,7941,0,10,99.99,1078,26.2,391.3
2026-05-19T18:23:14,39.8,2278,7941,1,10,99.99,1151,24.9,391.3
2026-05-19T18:23:19,37.9,2280,7941,0,11,99.99,1001,23.6,391.3
2026-05-19T18:23:24,41.3,2279,7941,0,11,99.99,1119,25.5,391.3
2026-05-19T18:23:30,38.1,2276,7941,1,10,99.99,1088,23.8,391.3
2026-05-19T18:23:35,37.6,2277,7941,1,10,99.99,991,23.8,391.3
2026-05-19T18:23:40,38.3,2283,7941,0,10,99.99,1063,23.8,391.3
2026-05-19T18:23:45,38.7,2276,7941,0,10,99.99,1047,23.6,391.3
2026-05-19T18:23:51,40.4,2280,7941,0,10,99.99,1063,24.6,391.3
2026-05-19T18:23:56,38.9,2283,7941,0,11,99.99,1106,24.3,391.3
2026-05-19T18:24:01,39.6,2285,7941,0,11,99.99,1153,24.7,391.3
2026-05-19T18:24:07,44.7,2297,7941,0,10,99.99,906,26.1,391.3
2026-05-19T18:24:12,38.8,2280,7941,0,11,99.99,1036,23.9,391.3
2026-05-19T18:24:17,39.2,2282,7941,1,9,99.99,1059,24.6,391.3
2026-05-19T18:24:22,39.5,2272,7941,1,10,99.99,1106,24.3,391.3
2026-05-19T18:24:28,39.1,2278,7941,0,11,99.99,1097,24.6,391.3
2026-05-19T18:24:33,38.0,2279,7941,0,10,99.99,1086,23.5,391.3
2026-05-19T18:24:38,38.7,2279,7941,0,10,99.99,1060,23.7,391.3
2026-05-19T18:24:43,37.1,2276,7941,1,10,99.99,1009,23.2,391.3
2026-05-19T18:24:49,39.1,2279,7941,0,10,99.99,1142,23.5,391.3
2026-05-19T18:24:54,39.8,2273,7941,2,8,99.99,1032,24.6,391.3
2026-05-19T18:24:59,38.0,2273,7941,0,11,99.99,1063,23.5,391.3
2026-05-19T18:25:04,50.9,2345,7941,2,9,99.99,777,26.4,391.3
2026-05-19T18:25:10,43.0,2287,7941,1,9,99.99,1045,26.9,391.3
2026-05-19T18:25:15,40.8,2279,7941,0,9,99.99,1059,25.4,391.3
2026-05-19T18:25:20,40.9,2276,7941,0,9,99.99,1056,25.5,391.3
2026-05-19T18:25:25,37.6,2277,7941,1,10,99.99,1013,23.2,391.3
2026-05-19T18:25:31,37.3,2277,7941,0,11,99.99,1058,23.0,391.3
2026-05-19T18:25:36,40.9,2283,7941,0,11,99.99,1114,25.4,391.3
2026-05-19T18:25:41,37.9,2282,7941,0,10,99.99,1065,23.7,391.3
2026-05-19T18:25:46,39.0,2284,7941,1,10,99.99,993,24.3,391.3
2026-05-19T18:25:52,39.0,2271,7941,0,9,99.99,1131,24.2,391.3
2026-05-19T18:25:57,38.3,2271,7941,0,11,99.99,1040,23.8,391.3
2026-05-19T18:26:02,40.4,2282,7941,1,11,99.99,1082,25.1,391.3
2026-05-19T18:26:07,41.8,2270,7941,0,11,99.99,1019,26.4,391.3
2026-05-19T18:26:13,39.1,2277,7941,1,10,99.99,1119,24.4,391.3
2026-05-19T18:26:18,38.8,2275,7941,0,9,99.99,1022,24.0,391.3
2026-05-19T18:26:23,41.8,2278,7941,1,8,99.99,1119,25.8,391.3
2026-05-19T18:26:29,38.7,2277,7941,0,11,99.99,1050,23.9,391.3
2026-05-19T18:26:34,38.6,2278,7941,1,10,99.99,1013,24.1,391.3
2026-05-19T18:26:39,39.2,2271,7941,0,10,99.99,1078,24.1,391.3
2026-05-19T18:26:44,38.7,2281,7941,0,9,99.99,1135,23.7,391.3
2026-05-19T18:26:50,38.4,2277,7941,0,11,99.99,1020,24.3,391.3
2026-05-19T18:26:55,38.8,2269,7941,0,10,99.99,1125,23.7,391.3
2026-05-19T18:27:00,38.6,2271,7941,0,10,99.99,1057,23.8,391.3
2026-05-19T18:27:05,48.2,2322,7941,1,10,99.99,939,25.6,391.3
2026-05-19T18:27:11,42.8,2300,7941,0,11,99.99,1107,26.7,391.3
2026-05-19T18:27:16,42.0,2283,7941,0,11,99.99,1037,26.0,391.3
2026-05-19T18:27:21,43.0,2272,7941,1,8,99.99,1009,26.8,391.3
2026-05-19T18:27:26,43.4,2279,7941,2,5,99.99,1041,27.1,391.3
2026-05-19T18:27:32,41.6,2273,7941,0,9,99.99,1013,25.6,391.3
2026-05-19T18:27:37,43.3,2271,7941,2,8,99.99,1064,26.4,391.3
2026-05-19T18:27:42,41.5,2272,7941,0,11,99.99,1009,25.4,391.3
2026-05-19T18:27:47,42.9,2275,7941,0,11,99.99,997,25.9,391.3
2026-05-19T18:27:53,43.5,2276,7941,1,8,99.99,1034,27.1,391.3
2026-05-19T18:27:58,42.2,2287,7941,0,9,99.99,1164,25.9,391.3
2026-05-19T18:28:03,44.9,2278,7941,0,11,99.99,953,27.0,391.3
2026-05-19T18:28:09,44.1,2273,7941,0,10,99.99,1005,26.8,391.3
2026-05-19T18:28:14,43.2,2271,7941,0,11,99.99,1104,26.2,391.3
2026-05-19T18:28:19,43.7,2270,7941,2,9,99.99,978,27.1,391.3
2026-05-19T18:28:25,43.5,2273,7941,0,11,99.99,1048,26.6,391.3
2026-05-19T18:28:30,42.6,2276,7941,0,10,99.99,1084,25.8,391.3
2026-05-19T18:28:35,43.5,2275,7941,0,10,99.99,1006,26.7,391.3
2026-05-19T18:28:40,43.1,2273,7941,0,10,99.99,1034,25.9,391.3
2026-05-19T18:28:46,44.5,2278,7941,0,9,99.99,1080,26.5,391.3
2026-05-19T18:28:51,32.4,2278,7941,0,11,99.99,818,19.7,391.3
2026-05-19T18:28:56,35.9,2275,7941,0,10,99.99,938,22.5,391.3
2026-05-19T18:29:02,35.6,2277,7941,0,9,99.99,809,21.9,391.3
2026-05-19T18:29:07,36.2,2275,7941,1,9,99.99,662,18.1,391.3
2026-05-19T18:29:12,37.4,2278,7941,0,10,99.99,747,22.9,391.3
2026-05-19T18:29:17,37.6,2274,7941,1,9,99.99,812,22.9,391.3
2026-05-19T18:29:23,37.8,2276,7941,0,11,99.99,799,23.4,391.3
2026-05-19T18:29:28,37.5,2271,7941,0,11,99.99,755,22.6,391.3
2026-05-19T18:29:33,39.6,2277,7941,0,11,99.99,784,24.9,391.3
2026-05-19T18:29:39,29.5,2274,7941,1,10,99.99,570,18.2,391.3
2026-05-19T18:29:44,28.5,2279,7941,2,8,99.99,537,17.5,391.3
2026-05-19T18:29:49,31.1,2274,7941,2,9,99.99,593,19.4,391.3
2026-05-19T18:29:55,37.5,2255,7941,0,11,99.99,709,23.1,391.3
2026-05-19T18:30:00,36.7,2245,7941,1,10,99.99,719,23.4,391.3
2026-05-19T18:30:05,37.9,2243,7941,1,6,99.99,476,25.7,391.3
2026-05-19T18:30:11,42.7,2241,7941,1,6,99.99,475,29.5,391.3
2026-05-19T18:30:16,39.1,2240,7941,0,11,99.99,550,23.8,391.3
2026-05-19T18:30:22,41.3,2237,7941,1,9,99.99,578,26.6,391.3
2026-05-19T18:30:27,46.3,2242,7941,0,11,99.99,688,28.4,391.3
2026-05-19T18:30:33,42.1,2239,7941,0,11,99.99,749,27.0,391.3
2026-05-19T18:30:38,39.8,2241,7941,0,9,99.99,766,24.7,391.3
2026-05-19T18:30:43,41.1,2244,7941,0,11,99.99,765,26.1,391.3
2026-05-19T18:30:49,39.4,2240,7941,0,9,99.99,700,24.6,391.3
2026-05-19T18:30:54,36.2,2245,7941,0,11,99.99,691,22.8,391.3
2026-05-19T18:30:59,32.2,2242,7941,0,10,99.99,618,20.2,391.3
2026-05-19T18:31:05,43.2,2256,7941,1,10,99.99,601,23.2,391.3
2026-05-19T18:31:10,33.6,2247,7941,1,9,99.99,611,20.8,391.3
2026-05-19T18:31:15,34.1,2242,7941,0,11,99.99,640,21.3,391.3
2026-05-19T18:31:20,28.2,2241,7941,1,9,99.99,581,17.0,391.3
2026-05-19T18:31:26,29.4,2238,7941,0,11,99.99,581,18.4,391.3
2026-05-19T18:31:31,26.1,2244,7941,0,11,99.99,536,16.1,391.3
2026-05-19T18:31:36,34.0,2250,7941,0,10,99.99,718,20.8,391.3
2026-05-19T18:31:42,37.0,2251,7941,0,9,99.99,744,23.8,391.3
2026-05-19T18:31:47,39.8,2253,7941,1,8,99.99,864,24.8,391.3
2026-05-19T18:31:52,37.3,2246,7941,0,10,99.99,733,23.4,391.3
2026-05-19T18:31:57,36.2,2244,7941,0,9,99.99,822,21.7,391.3
2026-05-19T18:32:03,41.9,2255,7941,0,9,99.99,702,25.7,391.3
2026-05-19T18:32:08,42.0,2253,7941,0,10,99.99,806,25.2,391.3
2026-05-19T18:32:13,35.7,2245,7941,0,11,99.99,820,22.1,391.3
2026-05-19T18:32:19,36.4,2244,7941,0,9,99.99,844,22.6,391.3
2026-05-19T18:32:24,39.0,2247,7941,0,11,99.99,739,23.6,391.3
2026-05-19T18:32:29,37.1,2243,7941,0,9,99.99,853,22.9,391.3
2026-05-19T18:32:35,34.8,2245,7941,0,11,99.99,750,21.2,391.3
2026-05-19T18:32:40,28.7,2250,7941,0,11,99.99,629,17.8,391.3
2026-05-19T18:32:45,36.3,2252,7941,0,11,99.99,766,22.4,391.3
2026-05-19T18:32:50,29.4,2244,7941,0,9,99.99,564,18.8,391.3
2026-05-19T18:32:56,30.6,2250,7941,1,10,99.99,620,18.9,391.3
2026-05-19T18:33:01,33.5,2259,7941,0,9,99.99,691,21.3,391.3
2026-05-19T18:33:07,50.1,2284,7941,0,9,99.99,820,26.8,391.3
2026-05-19T18:33:12,37.4,2269,7941,0,9,99.99,700,23.4,391.3
2026-05-19T18:33:17,38.3,2250,7941,1,9,99.99,841,23.9,391.3
2026-05-19T18:33:23,40.2,2267,7941,0,11,99.99,783,25.9,391.3
2026-05-19T18:33:28,39.4,2250,7941,1,10,99.99,809,24.2,391.3
2026-05-19T18:33:33,41.5,2255,7941,0,9,99.99,878,26.6,391.3
2026-05-19T18:33:39,37.9,2260,7941,0,10,99.99,834,23.5,391.3
2026-05-19T18:33:44,39.4,2258,7941,0,11,99.99,863,24.8,391.3
2026-05-19T18:33:49,35.9,2260,7941,0,11,99.99,762,22.5,391.3
2026-05-19T18:33:54,39.7,2253,7941,0,11,99.99,827,25.2,391.3
2026-05-19T18:34:00,36.0,2249,7941,0,10,99.99,719,22.9,391.3
2026-05-19T18:34:05,43.6,2255,7941,0,9,99.99,805,25.4,391.3
2026-05-19T18:34:10,39.3,2267,7941,0,10,99.99,755,25.7,391.3
2026-05-19T18:34:16,38.2,2253,7941,1,10,99.99,824,23.5,391.3
2026-05-19T18:34:21,38.9,2249,7941,0,11,99.99,822,24.9,391.3
2026-05-19T18:34:26,37.1,2254,7941,2,8,99.99,819,22.8,391.3
2026-05-19T18:34:31,38.9,2246,7941,0,11,99.99,837,24.6,391.3
2026-05-19T18:34:37,39.7,2251,7941,0,11,99.99,766,25.1,391.3
2026-05-19T18:34:42,36.3,2254,7941,0,11,99.99,837,22.8,391.3
2026-05-19T18:34:47,34.9,2248,7941,0,11,99.99,862,20.9,391.3
2026-05-19T18:34:53,35.0,2251,7941,0,11,99.99,850,20.9,391.3
2026-05-19T18:34:58,33.5,2250,7941,0,9,99.99,809,20.5,391.3
2026-05-19T18:35:03,37.6,2296,7941,1,11,99.99,645,23.6,391.3
2026-05-19T18:35:09,46.6,2270,7941,0,10,99.99,773,25.7,391.3
2026-05-19T18:35:14,35.1,2259,7941,0,11,99.99,823,21.6,391.3
2026-05-19T18:35:19,37.7,2248,7941,0,11,99.99,807,23.4,391.3
2026-05-19T18:35:25,37.3,2250,7941,0,10,99.99,847,22.9,391.3
2026-05-19T18:35:30,33.3,2251,7941,1,10,99.99,848,20.9,391.3
2026-05-19T18:35:35,35.2,2247,7941,1,9,99.99,815,22.0,391.3
2026-05-19T18:35:41,33.8,2246,7941,2,6,99.99,840,21.1,391.3
2026-05-19T18:35:46,33.6,2249,7941,0,8,99.99,875,20.4,391.3
2026-05-19T18:35:51,35.3,2247,7941,1,10,99.99,818,21.9,391.3
2026-05-19T18:35:56,34.3,2251,7941,1,10,99.99,777,20.8,391.3
2026-05-19T18:36:02,38.2,2253,7941,0,9,99.99,887,23.4,391.3
2026-05-19T18:36:07,39.7,2250,7941,0,10,99.99,794,25.1,391.3
2026-05-19T18:36:12,33.9,2252,7941,1,10,99.99,779,20.8,391.3
2026-05-19T18:36:18,34.0,2250,7941,0,11,99.99,822,20.8,391.3
2026-05-19T18:36:23,36.5,2256,7941,0,11,99.99,782,22.4,391.3
2026-05-19T18:36:28,34.0,2254,7941,0,11,99.99,832,20.5,391.3
2026-05-19T18:36:33,36.2,2249,7941,0,11,99.99,815,22.4,391.3
2026-05-19T18:36:39,33.0,2251,7941,0,11,99.99,838,19.6,391.3
2026-05-19T18:36:44,33.0,2260,7941,1,10,99.99,854,20.5,391.3
2026-05-19T18:36:49,28.5,2258,7941,0,11,99.99,823,17.8,391.3
2026-05-19T18:36:54,30.6,2264,7941,0,11,99.99,784,18.0,391.3
2026-05-19T18:37:00,30.4,2258,7941,1,10,99.99,870,18.9,391.3
2026-05-19T18:37:05,40.3,2306,7941,0,11,99.99,852,20.9,391.3
2026-05-19T18:37:10,29.7,2274,7941,1,10,99.99,752,17.8,391.3
2026-05-19T18:37:15,28.9,2267,7941,1,7,99.99,872,17.8,391.3
2026-05-19T18:37:21,30.6,2251,7941,0,10,99.99,792,18.4,391.3
2026-05-19T18:37:26,24.0,2262,7941,1,10,99.99,656,14.3,391.3
2026-05-19T18:37:31,28.5,2262,7941,0,11,99.99,797,17.6,391.3
2026-05-19T18:37:36,30.6,2255,7941,0,10,99.99,858,18.4,391.3
2026-05-19T18:37:42,28.6,2258,7941,0,10,99.99,807,17.9,391.4
2026-05-19T18:37:47,30.0,2262,7941,0,10,99.99,794,18.4,391.4
2026-05-19T18:37:52,26.9,2263,7941,1,10,99.99,770,16.3,391.4
2026-05-19T18:37:57,28.7,2263,7941,0,11,99.99,809,17.2,391.4
2026-05-19T18:38:03,31.6,2266,7941,0,11,99.99,802,18.6,391.4
2026-05-19T18:38:08,33.7,2263,7941,0,11,99.99,830,20.5,391.4
2026-05-19T18:38:13,29.8,2257,7941,0,11,99.99,845,17.9,391.4
2026-05-19T18:38:18,28.5,2263,7941,0,9,99.99,771,17.9,391.4
2026-05-19T18:38:24,30.1,2263,7941,0,11,99.99,749,18.9,391.4
2026-05-19T18:38:29,17.2,2256,7941,0,9,99.99,463,9.8,391.4
2026-05-19T18:38:34,28.0,2262,7941,0,11,99.99,757,17.2,391.4
2026-05-19T18:38:39,25.5,2257,7941,0,11,99.99,697,15.4,391.4
2026-05-19T18:38:45,24.4,2255,7941,0,10,99.99,643,14.5,391.4
2026-05-19T18:38:50,32.0,2250,7941,0,11,99.99,848,20.0,391.4
2026-05-19T18:38:55,27.6,2250,7941,1,9,99.99,824,16.8,391.4
2026-05-19T18:39:00,29.9,2253,7941,0,11,99.99,735,17.8,391.4
2026-05-19T18:39:06,51.9,2272,7941,0,11,99.99,566,26.1,391.4
2026-05-19T18:39:11,21.3,2268,7941,0,11,99.99,410,13.1,391.4
2026-05-19T18:39:16,20.7,2257,7941,0,11,99.99,564,12.4,391.4
2026-05-19T18:39:21,24.3,2259,7941,0,10,99.99,716,14.7,391.4
2026-05-19T18:39:27,25.4,2263,7941,0,11,99.99,723,14.8,391.4
2026-05-19T18:39:32,25.0,2257,7941,0,11,99.99,717,15.2,391.4
2026-05-19T18:39:37,24.9,2248,7941,1,9,99.99,738,14.9,391.4
2026-05-19T18:39:42,24.8,2256,7941,0,11,99.99,751,14.9,391.4
2026-05-19T18:39:47,26.9,2253,7941,0,10,99.99,804,16.8,391.4
2026-05-19T18:39:53,22.6,2260,7941,0,11,99.99,695,13.8,391.4
2026-05-19T18:39:58,23.2,2260,7941,0,11,99.99,703,14.0,391.4
2026-05-19T18:40:03,31.9,2248,7941,0,10,99.99,617,20.6,391.4
2026-05-19T18:40:09,37.4,2240,7941,1,10,99.99,689,23.1,391.4
2026-05-19T18:40:14,28.7,2246,7941,0,10,99.99,680,17.3,391.4
2026-05-19T18:40:19,27.7,2247,7941,0,11,99.99,742,17.0,391.4
2026-05-19T18:40:24,24.3,2249,7941,0,11,99.99,646,14.3,391.4
2026-05-19T18:40:30,23.6,2249,7941,0,11,99.99,714,14.3,391.4
2026-05-19T18:40:35,22.8,2250,7941,0,11,99.99,621,13.6,391.4
2026-05-19T18:40:40,22.9,2258,7941,0,11,99.99,645,14.1,391.4
2026-05-19T18:40:45,21.7,2242,7941,0,10,99.99,657,13.0,391.4
2026-05-19T18:40:50,21.6,2243,7941,0,10,99.99,554,13.2,391.4
2026-05-19T18:40:56,22.2,2239,7941,0,11,99.99,675,13.2,391.4
2026-05-19T18:41:01,21.6,2252,7941,0,11,99.99,529,13.2,391.4
2026-05-19T18:41:06,29.5,2283,7941,0,11,99.99,652,14.8,391.4
2026-05-19T18:41:11,20.7,2264,7941,0,11,99.99,587,13.1,391.4
2026-05-19T18:41:17,20.7,2251,7941,1,10,99.99,615,12.4,391.4
2026-05-19T18:41:22,19.1,2245,7941,0,10,99.99,453,11.5,391.4
2026-05-19T18:41:27,19.6,2242,7941,0,8,99.99,649,11.6,391.4
2026-05-19T18:41:32,17.7,2243,7941,0,10,99.99,525,10.9,391.4
2026-05-19T18:41:37,19.3,2232,7941,0,9,99.99,472,11.8,391.4
2026-05-19T18:41:43,17.1,2239,7941,1,8,99.99,531,10.3,391.4
2026-05-19T18:41:48,17.6,2234,7941,0,8,99.99,436,10.4,391.4
2026-05-19T18:41:53,16.7,2234,7941,0,8,99.99,500,10.1,391.4
2026-05-19T18:41:58,15.8,2244,7941,0,9,99.99,413,9.2,391.4
2026-05-19T18:42:04,21.1,2252,7941,0,10,99.99,419,12.6,391.4
2026-05-19T18:42:09,16.6,2243,7941,0,10,99.99,413,10.1,391.4
2026-05-19T18:42:14,14.7,2228,7941,0,8,99.99,358,8.9,391.4
2026-05-19T18:42:19,15.4,2234,7941,0,10,99.99,380,9.3,391.4
2026-05-19T18:42:24,14.7,2241,7941,0,10,99.99,372,8.7,391.4
2026-05-19T18:42:30,13.8,2244,7941,0,9,99.99,332,8.4,391.4
2026-05-19T18:42:35,13.2,2227,7941,0,8,99.99,336,8.1,391.4
2026-05-19T18:42:40,13.4,2227,7941,0,8,99.99,332,8.3,391.1
2026-05-19T18:42:45,12.9,2228,7941,0,8,99.99,278,7.7,391.2
2026-05-19T18:42:50,11.5,2233,7941,0,8,99.99,270,7.1,391.2
2026-05-19T18:42:56,10.8,2223,7941,0,7,99.99,246,6.2,391.2
2026-05-19T18:43:01,10.6,2219,7941,0,7,99.99,225,6.4,391.2
2026-05-19T18:43:06,10.9,2222,7941,0,7,99.99,209,6.2,391.2
2026-05-19T18:43:11,9.8,2234,7941,0,7,99.99,224,5.8,391.2
2026-05-19T18:43:17,8.8,2233,7941,0,7,99.99,182,4.9,391.2
2026-05-19T18:43:22,8.8,2226,7941,0,6,99.99,170,5.3,391.2
2026-05-19T18:43:27,7.3,2230,7941,0,6,99.99,165,3.8,391.2
2026-05-19T18:43:32,7.0,2233,7941,0,6,99.99,120,4.1,391.2
2026-05-19T18:43:37,5.7,2229,7941,0,5,99.99,87,3.1,391.2
2026-05-19T18:43:43,5.5,2228,7941,0,4,99.99,78,2.7,391.2
2026-05-19T18:43:48,6.8,2227,7941,0,5,99.99,107,3.7,391.2
2026-05-19T18:43:53,5.4,2235,7941,0,5,99.99,98,2.8,391.2
2026-05-19T18:43:58,4.9,2230,7941,0,4,99.99,84,2.5,391.2
2026-05-19T18:44:03,5.0,2222,7941,0,4,99.99,59,1.8,391.2
2026-05-19T18:44:09,3.3,2223,7941,0,4,99.99,43,1.1,391.2
2026-05-19T18:44:14,3.6,2020,7941,0,4,99.99,24,1.8,192.7
2026-05-19T18:44:19,1.7,2000,7941,0,3,99.99,1,0.1,193.0
2026-05-19T18:44:24,2.1,1998,7941,0,1,99.99,7,0.1,193.0
