timestamp,cpu_total_pct,mem_used_mb,mem_total_mb,pg_active,pg_idle,pg_cache_hit_ratio,pg_tps_delta,target_pid_cpu_pct,target_pid_mem_mb
2026-05-19T10:22:18,9.9,1593,7941,0,3,99.99,10,8.9,181.3
2026-05-19T10:22:23,9.2,1594,7941,0,3,99.99,37,7.6,163.1
2026-05-19T10:22:28,8.9,1565,7941,0,3,99.99,68,6.9,172.5
2026-05-19T10:22:34,10.4,1555,7941,0,4,99.99,77,8.6,186.7
2026-05-19T10:22:39,10.8,1571,7941,0,4,99.99,110,8.2,202.2
2026-05-19T10:22:44,11.0,1590,7941,1,3,99.99,136,8.5,213.8
2026-05-19T10:22:49,12.5,1583,7941,0,5,99.99,142,9.7,212.4
2026-05-19T10:22:54,13.5,1604,7941,0,4,99.99,218,10.4,230.4
2026-05-19T10:23:00,15.1,1619,7941,0,5,99.99,199,12.0,241.5
2026-05-19T10:23:05,14.3,1574,7941,0,6,99.99,209,10.2,199.2
2026-05-19T10:23:10,16.2,1573,7941,0,6,99.99,250,12.3,201.5
2026-05-19T10:23:15,14.3,1575,7941,0,5,99.99,285,10.2,202.1
2026-05-19T10:23:21,16.1,1579,7941,0,6,99.99,275,12.0,202.3
2026-05-19T10:23:26,16.0,1592,7941,0,7,99.99,379,11.2,203.2
2026-05-19T10:23:31,18.3,1589,7941,1,5,99.99,321,13.6,206.8
2026-05-19T10:23:36,18.8,1579,7941,0,6,99.99,407,13.2,207.3
2026-05-19T10:23:41,18.2,1584,7941,0,6,99.99,355,13.2,207.3
2026-05-19T10:23:47,18.1,1582,7941,0,5,99.99,463,12.5,213.2
2026-05-19T10:23:52,20.5,1598,7941,0,8,99.99,395,14.8,213.7
2026-05-19T10:23:57,19.2,1592,7941,0,7,99.99,474,13.0,213.7
2026-05-19T10:24:02,21.7,1592,7941,0,7,99.99,522,15.3,213.9
2026-05-19T10:24:08,22.9,1605,7941,0,8,99.99,527,15.4,223.1
2026-05-19T10:24:13,39.7,1619,7941,2,8,99.99,560,25.8,224.0
2026-05-19T10:24:18,51.6,1615,7941,0,11,99.99,457,34.4,224.2
2026-05-19T10:24:24,33.7,1618,7941,1,10,99.99,560,23.1,224.3
2026-05-19T10:24:29,28.2,1627,7941,0,8,99.99,665,18.2,237.1
2026-05-19T10:24:35,31.2,1635,7941,1,6,99.99,671,21.6,247.0
2026-05-19T10:24:40,27.9,1635,7941,1,9,99.99,690,18.8,247.2
2026-05-19T10:24:45,31.9,1642,7941,0,11,99.99,636,21.4,247.7
2026-05-19T10:24:51,34.3,1645,7941,0,9,99.99,707,23.5,248.0
2026-05-19T10:24:56,32.9,1643,7941,0,9,99.99,775,21.1,248.0
2026-05-19T10:25:01,34.3,1650,7941,0,8,99.99,841,23.4,248.1
2026-05-19T10:25:07,39.5,1651,7941,0,10,99.99,700,28.5,253.3
2026-05-19T10:25:12,34.4,1647,7941,0,11,99.99,876,23.1,253.6
2026-05-19T10:25:18,35.1,1656,7941,1,10,99.99,840,22.7,253.7
2026-05-19T10:25:23,37.3,1658,7941,0,10,99.99,830,25.4,253.8
2026-05-19T10:25:28,36.1,1663,7941,0,11,99.99,918,23.8,260.3
2026-05-19T10:25:33,40.8,1663,7941,0,11,99.99,912,26.9,260.5
2026-05-19T10:25:39,36.8,1686,7941,0,11,99.99,925,24.5,288.5
2026-05-19T10:25:44,39.2,1719,7941,1,10,99.99,958,25.6,320.5
2026-05-19T10:25:49,42.1,1731,7941,0,11,99.99,1082,28.2,328.7
2026-05-19T10:25:55,43.1,1809,7941,1,9,99.99,881,24.6,328.7
2026-05-19T10:26:00,39.8,1754,7941,0,10,99.99,1138,25.1,328.7
2026-05-19T10:26:05,45.0,1736,7941,0,10,99.99,1060,29.5,328.7
2026-05-19T10:26:11,39.5,1729,7941,0,10,99.99,1097,26.6,330.3
2026-05-19T10:26:16,41.4,1732,7941,2,9,99.99,1104,26.2,330.3
2026-05-19T10:26:21,41.9,1740,7941,0,11,99.99,1203,26.6,330.5
2026-05-19T10:26:27,43.2,1732,7941,1,6,99.99,1082,28.3,331.1
2026-05-19T10:26:32,46.4,1724,7941,0,11,99.99,1125,31.8,331.2
2026-05-19T10:26:37,42.9,1731,7941,0,11,99.99,1222,26.4,331.2
2026-05-19T10:26:42,43.8,1736,7941,1,9,99.99,1256,27.8,331.3
2026-05-19T10:26:48,45.4,1735,7941,0,11,99.99,1215,27.9,331.4
2026-05-19T10:26:53,46.6,1741,7941,1,8,99.99,1229,29.9,332.9
2026-05-19T10:26:58,45.9,1751,7941,2,7,99.99,1272,28.0,333.0
2026-05-19T10:27:04,49.6,1746,7941,0,11,99.99,1135,31.6,333.1
2026-05-19T10:27:09,48.0,1738,7941,0,10,99.99,1399,30.3,333.1
2026-05-19T10:27:14,49.9,1736,7941,0,11,99.99,1327,31.2,333.1
2026-05-19T10:27:20,46.6,1747,7941,0,11,99.99,1350,27.0,333.1
2026-05-19T10:27:25,44.8,1739,7941,0,9,99.99,1230,26.4,333.2
2026-05-19T10:27:30,45.1,1743,7941,0,11,99.99,1256,27.4,333.2
2026-05-19T10:27:36,45.3,1745,7941,1,9,99.99,1295,27.2,334.6
2026-05-19T10:27:41,45.2,1742,7941,2,9,99.99,1282,27.0,334.9
2026-05-19T10:27:46,44.0,1741,7941,0,11,99.99,1339,25.6,334.9
2026-05-19T10:27:51,43.7,1740,7941,0,11,99.99,1327,26.0,334.9
2026-05-19T10:27:57,52.3,1769,7941,0,8,99.99,1425,26.5,334.9
2026-05-19T10:28:02,45.6,1746,7941,2,8,99.99,1200,27.0,334.9
2026-05-19T10:28:07,43.8,1740,7941,0,9,99.99,1343,25.9,335.9
2026-05-19T10:28:13,43.4,1745,7941,0,10,99.99,1298,26.1,336.0
2026-05-19T10:28:18,44.0,1743,7941,1,9,99.99,1446,26.2,336.4
2026-05-19T10:28:23,43.3,1749,7941,0,11,99.99,1386,26.0,336.5
2026-05-19T10:28:29,42.4,1741,7941,0,11,99.99,1362,23.9,336.5
2026-05-19T10:28:34,43.3,1744,7941,0,9,99.99,1352,25.4,338.3
2026-05-19T10:28:39,43.3,1735,7941,0,11,99.99,1376,24.8,338.3
2026-05-19T10:28:45,39.6,1727,7941,0,10,99.99,1447,23.2,338.3
2026-05-19T10:28:50,44.6,1731,7941,0,9,99.99,1209,27.4,338.4
2026-05-19T10:28:55,47.1,1743,7941,1,10,99.99,1313,26.3,338.4
2026-05-19T10:29:01,43.7,1744,7941,0,10,99.99,1361,25.4,338.4
2026-05-19T10:29:06,44.8,1745,7941,1,9,99.99,1107,27.6,340.3
2026-05-19T10:29:11,43.8,1727,7941,0,9,99.99,1255,27.0,340.4
2026-05-19T10:29:17,43.6,1729,7941,0,11,99.99,1263,26.2,340.5
2026-05-19T10:29:22,42.5,1734,7941,0,10,99.99,1382,25.9,340.8
2026-05-19T10:29:27,43.4,1733,7941,1,10,99.99,1342,25.2,340.8
2026-05-19T10:29:32,44.1,1737,7941,1,10,99.99,1274,25.7,340.8
2026-05-19T10:29:38,41.8,1743,7941,3,8,99.99,1383,24.9,340.5
2026-05-19T10:29:43,43.7,1739,7941,1,9,99.99,1360,24.8,340.5
2026-05-19T10:29:48,44.1,1743,7941,0,9,99.99,1280,26.2,340.5
2026-05-19T10:29:54,43.1,1745,7941,2,10,99.99,1382,25.0,340.5
2026-05-19T10:29:59,51.0,1738,7941,1,10,99.99,1358,24.4,340.5
2026-05-19T10:30:04,45.3,1738,7941,0,11,99.99,881,26.9,340.7
2026-05-19T10:30:09,45.5,1736,7941,0,10,99.99,1082,27.9,340.7
2026-05-19T10:30:15,45.5,1730,7941,2,9,99.99,1188,27.4,340.7
2026-05-19T10:30:20,46.6,1741,7941,0,10,99.99,1316,26.9,340.7
2026-05-19T10:30:26,45.3,1737,7941,1,9,99.99,1145,27.9,340.8
2026-05-19T10:30:31,43.1,1733,7941,0,10,99.99,1201,26.6,340.8
2026-05-19T10:30:36,44.8,1742,7941,0,10,99.99,1340,26.7,340.8
2026-05-19T10:30:42,43.9,1748,7941,1,10,99.99,1307,25.9,340.8
2026-05-19T10:30:47,43.0,1745,7941,0,11,99.99,1396,24.9,340.8
2026-05-19T10:30:52,44.4,1748,7941,1,10,99.99,1332,26.2,340.8
2026-05-19T10:30:58,45.2,1753,7941,0,11,99.99,1464,24.9,340.8
2026-05-19T10:31:03,44.9,1754,7941,0,10,99.99,1256,25.9,340.8
2026-05-19T10:31:08,44.4,1741,7941,0,8,99.99,1353,26.5,340.9
2026-05-19T10:31:13,43.7,1738,7941,0,11,99.99,1357,25.4,340.9
2026-05-19T10:31:19,42.1,1734,7941,0,8,99.99,1356,24.6,340.9
2026-05-19T10:31:24,45.5,1747,7941,0,11,99.99,1376,27.1,340.9
2026-05-19T10:31:29,43.7,1752,7941,0,10,99.99,1195,27.1,340.9
2026-05-19T10:31:35,44.9,1743,7941,0,10,99.99,1179,27.1,340.9
2026-05-19T10:31:40,44.6,1741,7941,0,11,99.99,1333,26.4,340.9
2026-05-19T10:31:46,44.6,1745,7941,1,9,99.99,1338,26.1,340.9
2026-05-19T10:31:51,42.5,1744,7941,0,10,99.99,1215,26.0,340.9
2026-05-19T10:31:56,53.8,1780,7941,1,8,99.99,1399,27.0,340.9
2026-05-19T10:32:01,43.8,1751,7941,0,9,99.99,1127,26.8,340.9
2026-05-19T10:32:07,46.1,1743,7941,2,8,99.99,1302,26.8,340.9
2026-05-19T10:32:12,44.9,1728,7941,1,10,99.99,1357,27.4,340.9
2026-05-19T10:32:17,43.4,1734,7941,0,11,99.99,1272,25.4,340.9
2026-05-19T10:32:23,44.9,1732,7941,0,10,99.99,1387,27.2,340.9
2026-05-19T10:32:28,42.9,1736,7941,0,10,99.99,1270,25.6,340.9
2026-05-19T10:32:33,45.3,1750,7941,0,11,99.99,1291,25.8,340.9
2026-05-19T10:32:39,43.8,1743,7941,1,10,99.99,1481,25.7,340.9
2026-05-19T10:32:44,42.3,1753,7941,1,10,99.99,1254,24.2,340.9
2026-05-19T10:32:49,42.5,1755,7941,1,8,99.99,1501,24.5,340.9
2026-05-19T10:32:55,44.4,1771,7941,0,10,99.99,1351,24.9,340.9
2026-05-19T10:33:00,41.3,1755,7941,1,10,99.99,1402,24.8,340.9
2026-05-19T10:33:05,45.1,1739,7941,1,10,99.99,1067,26.5,340.9
2026-05-19T10:33:11,43.8,1750,7941,3,7,99.99,1376,26.6,340.9
2026-05-19T10:33:16,43.3,1749,7941,2,9,99.99,1375,25.1,340.9
2026-05-19T10:33:21,41.4,1755,7941,0,10,99.99,1338,24.6,340.9
2026-05-19T10:33:27,44.1,1751,7941,1,9,99.99,1256,26.9,340.9
2026-05-19T10:33:32,44.6,1754,7941,0,6,99.99,1433,25.5,340.9
2026-05-19T10:33:37,46.9,1756,7941,0,10,99.99,1445,26.7,340.9
2026-05-19T10:33:42,44.6,1755,7941,0,8,99.99,1258,26.7,340.9
2026-05-19T10:33:48,45.2,1753,7941,0,11,99.99,1361,26.4,340.9
2026-05-19T10:33:53,43.2,1756,7941,1,10,99.99,1350,25.8,340.9
2026-05-19T10:33:58,53.3,1794,7941,1,8,99.99,1298,25.1,341.0
2026-05-19T10:34:04,45.6,1748,7941,0,8,99.99,1177,26.7,341.0
2026-05-19T10:34:09,46.5,1741,7941,0,9,99.99,1217,27.9,341.0
2026-05-19T10:34:14,44.5,1734,7941,0,10,99.99,1076,27.4,341.0
2026-05-19T10:34:20,45.6,1743,7941,0,10,99.99,1264,26.7,341.0
2026-05-19T10:34:25,44.4,1745,7941,0,11,99.99,1253,26.6,341.0
2026-05-19T10:34:30,42.3,1745,7941,2,9,99.99,1368,25.4,341.0
2026-05-19T10:34:36,44.8,1748,7941,1,10,99.99,1368,26.6,341.0
2026-05-19T10:34:41,43.3,1752,7941,0,11,99.99,1345,26.2,341.0
2026-05-19T10:34:46,43.5,1745,7941,0,9,99.99,1307,25.3,341.0
2026-05-19T10:34:51,43.7,1747,7941,1,8,99.99,1307,26.5,341.0
2026-05-19T10:34:57,44.0,1752,7941,0,11,99.99,1302,26.3,341.0
2026-05-19T10:35:02,45.5,1751,7941,0,10,99.99,1282,26.6,341.5
2026-05-19T10:35:08,44.8,1750,7941,0,10,99.99,1285,27.4,341.5
2026-05-19T10:35:13,45.0,1746,7941,0,11,99.99,1268,26.6,341.5
2026-05-19T10:35:18,45.0,1753,7941,0,8,99.99,1385,25.9,341.5
2026-05-19T10:35:24,41.4,1753,7941,0,9,99.99,1333,24.1,341.5
2026-05-19T10:35:29,45.7,1754,7941,0,11,99.99,1315,27.0,341.5
2026-05-19T10:35:34,42.8,1755,7941,1,10,99.99,1326,24.9,341.5
2026-05-19T10:35:39,43.7,1749,7941,0,10,99.99,1378,25.4,343.5
2026-05-19T10:35:45,43.8,1759,7941,1,9,99.99,1395,25.3,346.7
2026-05-19T10:35:50,44.7,1756,7941,1,9,99.99,1389,25.9,346.7
2026-05-19T10:35:55,48.6,1820,7941,2,9,99.99,1441,24.4,346.7
2026-05-19T10:36:01,43.5,1778,7941,0,9,99.99,1338,25.1,346.7
2026-05-19T10:36:06,45.6,1752,7941,0,11,99.99,1126,27.4,346.7
2026-05-19T10:36:11,43.8,1756,7941,0,11,99.99,1324,25.8,346.7
2026-05-19T10:36:17,45.8,1759,7941,1,10,99.99,1356,26.6,346.7
2026-05-19T10:36:22,40.7,1762,7941,1,10,99.99,1183,24.6,346.7
2026-05-19T10:36:27,44.0,1755,7941,1,10,99.99,1308,25.9,346.7
2026-05-19T10:36:32,46.2,1757,7941,0,9,99.99,1456,26.8,346.7
2026-05-19T10:36:38,44.1,1759,7941,2,9,99.99,1311,25.1,346.7
2026-05-19T10:36:43,43.0,1757,7941,1,10,99.99,1396,24.9,346.7
2026-05-19T10:36:48,44.0,1750,7941,0,11,99.99,1314,25.7,346.7
2026-05-19T10:36:54,42.3,1751,7941,1,10,99.99,1412,24.7,346.9
2026-05-19T10:36:59,48.0,1758,7941,0,10,99.99,1245,27.1,346.9
2026-05-19T10:37:04,46.0,1754,7941,2,8,99.99,1257,27.1,346.9
2026-05-19T10:37:10,42.6,1760,7941,0,10,99.99,1261,25.9,346.9
2026-05-19T10:37:15,45.7,1756,7941,0,11,99.99,1379,26.4,346.9
2026-05-19T10:37:20,41.1,1760,7941,0,10,99.99,1448,24.1,346.9
2026-05-19T10:37:25,41.8,1756,7941,0,11,99.99,1226,24.6,346.9
2026-05-19T10:37:31,41.1,1752,7941,2,6,99.99,1393,24.3,346.9
2026-05-19T10:37:36,43.2,1751,7941,0,10,99.99,1371,24.9,346.9
2026-05-19T10:37:41,43.6,1758,7941,0,11,99.99,1331,26.4,346.9
2026-05-19T10:37:47,43.2,1753,7941,0,11,99.99,1424,25.0,346.9
2026-05-19T10:37:52,40.0,1756,7941,1,9,99.99,1246,23.2,346.9
2026-05-19T10:37:57,52.4,1780,7941,1,9,99.99,1407,25.3,346.9
2026-05-19T10:38:03,43.9,1764,7941,0,8,99.99,1332,25.9,346.9
2026-05-19T10:38:08,42.3,1757,7941,0,11,99.99,1262,24.6,346.9
2026-05-19T10:38:13,43.0,1756,7941,0,10,99.99,1373,26.1,346.9
2026-05-19T10:38:18,43.7,1765,7941,0,11,99.99,1238,25.7,346.9
2026-05-19T10:38:24,43.6,1766,7941,1,9,99.99,1444,25.6,346.9
2026-05-19T10:38:29,46.0,1761,7941,2,9,99.99,1323,27.4,346.9
2026-05-19T10:38:34,44.6,1751,7941,1,10,99.99,1247,26.4,346.9
2026-05-19T10:38:40,42.7,1760,7941,1,10,99.99,1321,25.6,346.9
2026-05-19T10:38:45,45.0,1753,7941,0,11,99.99,1397,25.8,346.9
2026-05-19T10:38:50,46.3,1757,7941,0,9,99.99,1387,27.0,346.9
2026-05-19T10:38:56,47.2,1758,7941,0,9,99.99,1318,27.9,346.9
2026-05-19T10:39:01,44.2,1754,7941,1,7,99.99,1376,26.3,346.9
2026-05-19T10:39:07,46.2,1752,7941,0,9,99.99,1086,28.7,346.9
2026-05-19T10:39:12,44.7,1752,7941,1,9,99.99,1340,26.2,346.9
2026-05-19T10:39:17,43.8,1754,7941,0,10,99.99,1242,26.0,346.9
2026-05-19T10:39:23,43.5,1759,7941,1,8,99.99,1311,25.3,346.9
2026-05-19T10:39:28,44.3,1759,7941,0,9,99.99,1364,25.4,346.9
2026-05-19T10:39:33,44.3,1757,7941,0,11,99.99,1388,26.6,346.9
2026-05-19T10:39:39,42.8,1754,7941,1,10,99.99,1380,24.9,346.9
2026-05-19T10:39:44,48.1,1754,7941,0,11,99.99,1328,27.0,346.9
2026-05-19T10:39:49,43.1,1755,7941,0,9,99.99,1321,25.6,346.9
2026-05-19T10:39:55,47.9,1797,7941,1,10,99.99,1282,26.8,346.9
2026-05-19T10:40:00,53.4,1755,7941,0,9,99.99,1363,27.2,346.9
2026-05-19T10:40:05,46.7,1763,7941,0,10,99.99,1022,27.5,346.9
2026-05-19T10:40:11,46.9,1763,7941,0,8,99.99,1214,27.1,346.9
2026-05-19T10:40:16,47.9,1767,7941,1,9,99.99,1371,27.7,346.9
2026-05-19T10:40:21,46.7,1771,7941,0,11,99.99,1293,27.1,346.9
2026-05-19T10:40:27,46.7,1763,7941,1,9,99.99,1311,27.1,346.9
2026-05-19T10:40:32,43.9,1768,7941,0,11,99.99,1384,25.9,346.9
2026-05-19T10:40:37,45.2,1765,7941,1,9,99.99,1326,25.7,346.9
2026-05-19T10:40:43,44.2,1770,7941,1,7,99.99,1412,25.4,346.9
2026-05-19T10:40:48,44.5,1763,7941,0,9,99.99,1321,26.7,346.9
2026-05-19T10:40:53,45.2,1762,7941,1,10,99.99,1323,26.7,346.9
2026-05-19T10:40:59,44.6,1767,7941,1,8,99.99,1289,25.4,346.9
2026-05-19T10:41:04,45.0,1762,7941,0,8,99.99,1143,27.4,346.9
2026-05-19T10:41:09,43.8,1773,7941,0,11,99.99,1264,26.6,346.9
2026-05-19T10:41:15,45.2,1771,7941,0,11,99.99,1394,26.7,346.9
2026-05-19T10:41:20,44.3,1767,7941,1,9,99.99,1391,25.8,346.9
2026-05-19T10:41:25,43.2,1759,7941,1,8,99.99,1296,25.6,346.9
2026-05-19T10:41:30,43.9,1765,7941,1,9,99.99,1265,27.3,346.9
2026-05-19T10:41:36,44.7,1761,7941,1,9,99.99,1281,26.0,346.9
2026-05-19T10:41:41,42.4,1772,7941,0,11,99.99,1327,25.2,346.9
2026-05-19T10:41:46,42.6,1765,7941,2,7,99.99,1430,25.7,346.9
2026-05-19T10:41:52,42.1,1766,7941,0,10,99.99,1295,25.8,347.0
2026-05-19T10:41:57,49.9,1790,7941,0,11,99.99,1454,24.7,347.0
2026-05-19T10:42:02,44.4,1769,7941,0,9,99.99,1127,26.2,347.0
2026-05-19T10:42:08,44.5,1762,7941,0,10,99.99,1270,26.9,347.0
2026-05-19T10:42:13,41.3,1762,7941,1,10,99.99,1289,24.6,347.0
2026-05-19T10:42:18,41.2,1763,7941,0,9,99.99,1401,24.0,347.0
2026-05-19T10:42:24,43.3,1766,7941,0,10,99.99,1264,26.3,347.0
2026-05-19T10:42:29,43.2,1763,7941,0,9,99.99,1329,26.0,347.0
2026-05-19T10:42:34,43.6,1762,7941,0,10,99.99,1335,25.5,347.0
2026-05-19T10:42:39,39.3,1770,7941,0,10,99.99,1285,23.8,347.0
2026-05-19T10:42:45,43.2,1763,7941,1,10,99.99,1361,24.6,347.0
2026-05-19T10:42:50,44.3,1769,7941,1,9,99.99,1402,26.4,347.0
2026-05-19T10:42:55,43.5,1764,7941,0,11,99.99,1331,24.9,347.0
2026-05-19T10:43:01,44.0,1764,7941,0,11,99.99,1367,26.1,347.0
2026-05-19T10:43:06,45.3,1760,7941,1,10,99.99,1157,27.6,347.0
2026-05-19T10:43:11,42.1,1774,7941,0,10,99.99,1381,24.3,347.0
2026-05-19T10:43:17,42.4,1768,7941,1,10,99.99,1382,25.1,347.0
2026-05-19T10:43:22,44.5,1768,7941,0,9,99.99,1339,26.7,347.0
2026-05-19T10:43:27,41.2,1764,7941,1,10,99.99,1433,24.6,347.0
2026-05-19T10:43:32,42.2,1762,7941,1,6,99.99,1238,25.1,347.0
2026-05-19T10:43:38,44.2,1760,7941,0,11,99.99,1268,26.8,347.0
2026-05-19T10:43:43,41.3,1757,7941,0,11,99.99,1333,23.6,347.0
2026-05-19T10:43:48,42.3,1762,7941,0,8,99.99,1468,24.1,347.0
2026-05-19T10:43:54,41.9,1766,7941,0,10,99.99,1312,24.7,347.0
2026-05-19T10:43:59,51.6,1797,7941,0,11,99.99,1412,24.9,347.0
2026-05-19T10:44:04,45.6,1768,7941,0,11,99.99,1292,26.6,347.0
2026-05-19T10:44:10,43.2,1770,7941,1,10,99.99,1261,25.9,347.0
2026-05-19T10:44:15,41.7,1766,7941,1,8,99.99,1418,24.3,347.0
2026-05-19T10:44:20,44.8,1765,7941,1,10,99.99,1345,26.4,347.1
2026-05-19T10:44:26,45.5,1769,7941,0,9,99.99,1354,26.1,347.1
2026-05-19T10:44:31,43.9,1771,7941,1,10,99.99,1338,25.7,347.1
2026-05-19T10:44:36,45.1,1765,7941,0,10,99.99,1377,26.6,347.1
2026-05-19T10:44:42,42.5,1766,7941,0,11,99.99,1294,24.9,347.1
2026-05-19T10:44:47,42.8,1761,7941,0,10,99.99,1398,25.0,347.1
2026-05-19T10:44:52,42.4,1757,7941,0,11,99.99,1300,24.8,347.1
2026-05-19T10:44:57,43.3,1774,7941,0,11,99.99,1394,23.8,347.1
2026-05-19T10:45:03,39.6,1754,7941,0,10,99.99,1095,25.1,347.1
2026-05-19T10:45:08,45.0,1758,7941,1,10,99.99,1245,27.4,347.1
2026-05-19T10:45:13,40.2,1767,7941,0,11,99.99,1367,23.8,347.1
2026-05-19T10:45:19,39.0,1760,7941,0,11,99.99,1334,22.3,347.1
2026-05-19T10:45:24,41.7,1757,7941,1,9,99.99,1426,25.1,347.1
2026-05-19T10:45:29,41.7,1762,7941,0,10,99.99,1347,24.9,347.1
2026-05-19T10:45:35,44.0,1750,7941,0,10,99.99,1387,25.0,347.1
2026-05-19T10:45:40,44.2,1762,7941,0,10,99.99,1275,26.1,347.1
2026-05-19T10:45:45,41.9,1761,7941,0,10,99.99,1472,24.1,347.1
2026-05-19T10:45:50,43.6,1765,7941,0,10,99.99,1247,25.9,347.1
2026-05-19T10:45:56,48.6,1799,7941,0,11,99.99,1429,23.8,347.1
2026-05-19T10:46:01,44.6,1778,7941,0,11,99.99,1241,26.1,347.1
2026-05-19T10:46:06,45.1,1762,7941,2,9,99.99,1408,26.6,347.1
2026-05-19T10:46:12,43.6,1757,7941,0,11,99.99,1225,26.9,347.1
2026-05-19T10:46:17,43.0,1761,7941,1,10,99.99,1266,24.9,347.1
2026-05-19T10:46:22,41.3,1760,7941,0,7,99.99,1463,24.6,347.1
2026-05-19T10:46:28,40.5,1755,7941,0,11,99.99,1403,24.1,347.1
2026-05-19T10:46:33,42.4,1760,7941,1,10,99.99,1220,24.9,347.1
2026-05-19T10:46:38,43.2,1759,7941,0,11,99.99,1458,25.4,347.1
2026-05-19T10:46:43,41.4,1765,7941,0,10,99.99,1428,24.0,347.1
2026-05-19T10:46:49,44.0,1757,7941,0,9,99.99,1311,24.9,347.1
2026-05-19T10:46:54,43.0,1766,7941,0,10,99.99,1377,25.1,347.2
2026-05-19T10:46:59,43.3,1758,7941,1,9,99.99,1360,24.9,347.2
2026-05-19T10:47:05,46.7,1763,7941,0,10,99.99,1161,27.3,347.2
2026-05-19T10:47:10,43.8,1765,7941,0,11,99.99,1342,26.6,347.3
2026-05-19T10:47:15,44.5,1756,7941,0,10,99.99,1281,26.2,347.3
2026-05-19T10:47:21,42.2,1764,7941,0,10,99.99,1371,25.0,347.3
2026-05-19T10:47:26,45.6,1763,7941,0,11,99.99,1328,27.6,347.3
2026-05-19T10:47:31,44.9,1753,7941,1,9,99.99,1350,26.2,347.3
2026-05-19T10:47:37,43.8,1756,7941,0,10,99.99,1370,25.6,347.3
2026-05-19T10:47:42,42.9,1757,7941,1,10,99.99,1243,26.7,347.3
2026-05-19T10:47:47,44.8,1762,7941,0,9,99.99,1362,26.1,347.3
2026-05-19T10:47:52,41.5,1760,7941,1,10,99.99,1431,24.6,347.3
2026-05-19T10:47:58,49.2,1795,7941,0,11,99.99,1354,24.6,347.3
2026-05-19T10:48:03,43.6,1774,7941,0,10,99.99,1298,25.6,347.3
2026-05-19T10:48:08,44.4,1754,7941,0,10,99.99,1344,26.2,347.3
2026-05-19T10:48:14,41.6,1763,7941,1,10,99.99,1329,24.1,347.3
2026-05-19T10:48:19,42.3,1765,7941,0,11,99.99,1382,24.7,347.3
2026-05-19T10:48:24,43.8,1765,7941,0,10,99.99,1357,26.2,347.3
2026-05-19T10:48:29,42.1,1759,7941,0,9,99.99,1357,25.2,347.3
2026-05-19T10:48:35,44.1,1757,7941,0,11,99.99,1384,25.2,347.3
2026-05-19T10:48:40,45.7,1762,7941,0,10,99.99,1268,27.1,347.3
2026-05-19T10:48:45,43.6,1762,7941,0,10,99.99,1298,25.9,347.3
2026-05-19T10:48:51,41.6,1764,7941,0,11,99.99,1225,25.6,347.3
2026-05-19T10:48:56,51.4,1770,7941,0,9,99.99,1286,27.4,347.3
2026-05-19T10:49:01,43.3,1768,7941,0,10,99.99,1295,25.9,347.3
2026-05-19T10:49:07,45.6,1761,7941,0,11,99.99,1201,27.8,347.3
2026-05-19T10:49:12,46.3,1765,7941,0,10,99.99,1290,27.5,347.3
2026-05-19T10:49:17,45.0,1764,7941,0,11,99.99,1252,26.1,347.3
2026-05-19T10:49:23,43.4,1753,7941,0,10,99.99,1433,25.8,347.3
2026-05-19T10:49:28,44.8,1754,7941,2,5,99.99,1245,26.6,347.3
2026-05-19T10:49:33,43.4,1758,7941,0,10,99.99,1348,25.1,347.3
2026-05-19T10:49:39,45.2,1766,7941,0,11,99.99,1305,26.4,347.3
2026-05-19T10:49:44,40.6,1764,7941,0,10,99.99,1400,24.4,347.3
2026-05-19T10:49:49,41.1,1761,7941,0,11,99.99,1325,24.2,347.3
2026-05-19T10:49:55,46.5,1820,7941,2,9,99.99,1390,25.4,347.3
2026-05-19T10:50:00,46.2,1776,7941,0,10,99.99,1350,25.7,347.3
2026-05-19T10:50:05,45.1,1761,7941,1,10,99.99,886,27.5,347.3
2026-05-19T10:50:11,47.1,1765,7941,0,10,99.99,1195,28.1,347.3
2026-05-19T10:50:16,45.6,1758,7941,0,9,99.99,1183,28.0,347.3
2026-05-19T10:50:21,44.4,1761,7941,1,9,99.99,1190,27.0,347.3
2026-05-19T10:50:27,44.0,1760,7941,0,11,99.99,1247,27.2,347.3
2026-05-19T10:50:32,42.2,1772,7941,0,10,99.99,1262,25.3,347.3
2026-05-19T10:50:37,43.0,1769,7941,0,11,99.99,1194,26.5,347.3
2026-05-19T10:50:43,43.8,1765,7941,1,7,99.99,1340,25.6,347.3
2026-05-19T10:50:48,43.9,1755,7941,0,11,99.99,1282,25.8,347.3
2026-05-19T10:50:53,42.0,1760,7941,0,9,99.99,1344,24.8,347.3
2026-05-19T10:50:58,43.1,1771,7941,0,11,99.99,1397,25.4,347.3
2026-05-19T10:51:04,44.8,1767,7941,0,10,99.99,1027,27.4,347.5
2026-05-19T10:51:09,44.2,1766,7941,1,8,99.99,1386,26.2,347.5
2026-05-19T10:51:14,45.4,1759,7941,0,11,99.99,1149,27.3,347.5
2026-05-19T10:51:20,41.4,1771,7941,0,10,99.99,1465,24.4,347.5
2026-05-19T10:51:25,44.7,1763,7941,1,10,99.99,1230,26.4,347.5
2026-05-19T10:51:30,41.6,1766,7941,0,11,99.99,1443,23.9,347.5
2026-05-19T10:51:35,43.1,1761,7941,0,10,99.99,1366,24.8,347.5
2026-05-19T10:51:41,40.5,1762,7941,1,9,99.99,1378,24.7,347.5
2026-05-19T10:51:46,42.0,1757,7941,0,11,99.99,1327,24.2,347.5
2026-05-19T10:51:51,40.8,1764,7941,0,11,99.99,1318,23.9,347.5
2026-05-19T10:51:57,53.4,1811,7941,1,8,99.99,1423,26.2,347.5
2026-05-19T10:52:02,42.5,1775,7941,0,9,99.99,1241,25.4,347.5
2026-05-19T10:52:07,45.8,1760,7941,0,11,99.99,1179,27.6,347.5
2026-05-19T10:52:13,43.7,1763,7941,1,9,99.99,1397,25.8,347.5
2026-05-19T10:52:18,43.5,1763,7941,1,10,99.99,1389,25.1,347.5
2026-05-19T10:52:23,42.7,1762,7941,1,10,99.99,1381,25.4,347.5
2026-05-19T10:52:29,43.2,1761,7941,0,8,99.99,1339,25.7,347.5
2026-05-19T10:52:34,46.7,1756,7941,1,10,99.99,1230,26.7,347.5
2026-05-19T10:52:39,44.2,1761,7941,1,10,99.99,1265,26.1,347.5
2026-05-19T10:52:44,43.6,1757,7941,0,11,99.99,1326,25.7,347.5
2026-05-19T10:52:50,46.3,1765,7941,1,9,99.99,1337,26.9,347.5
2026-05-19T10:52:55,44.3,1761,7941,0,11,99.99,1314,25.7,347.5
2026-05-19T10:53:00,43.5,1755,7941,0,9,99.99,1517,25.6,347.5
2026-05-19T10:53:06,45.7,1764,7941,0,10,99.99,1324,26.2,347.5
2026-05-19T10:53:11,40.2,1757,7941,0,11,99.99,1376,24.2,347.5
2026-05-19T10:53:16,44.0,1760,7941,0,11,99.99,1292,25.9,347.5
2026-05-19T10:53:22,40.4,1759,7941,1,10,99.99,1340,23.4,347.5
2026-05-19T10:53:27,44.8,1760,7941,0,10,99.99,1447,26.2,347.5
2026-05-19T10:53:32,42.6,1758,7941,1,10,99.99,1326,24.9,347.5
2026-05-19T10:53:38,45.8,1755,7941,1,7,99.99,1309,26.7,347.5
2026-05-19T10:53:43,43.2,1759,7941,1,9,99.99,1273,26.2,347.5
2026-05-19T10:53:48,44.3,1757,7941,0,11,99.99,1304,25.1,347.5
2026-05-19T10:53:54,45.5,1760,7941,0,11,99.99,1407,26.2,347.5
2026-05-19T10:53:59,49.2,1787,7941,1,9,99.99,1316,24.9,347.5
2026-05-19T10:54:04,45.1,1759,7941,0,11,99.99,1188,26.3,347.5
2026-05-19T10:54:10,42.6,1769,7941,0,11,99.99,1427,25.9,347.5
2026-05-19T10:54:15,44.7,1764,7941,0,11,99.99,1284,26.2,347.5
2026-05-19T10:54:20,44.0,1772,7941,0,11,99.99,1368,26.1,347.5
2026-05-19T10:54:25,43.8,1763,7941,0,11,99.99,1262,26.1,347.5
2026-05-19T10:54:31,40.9,1767,7941,0,10,99.99,1368,24.5,347.5
2026-05-19T10:54:36,44.7,1767,7941,0,11,99.99,1301,26.4,347.5
2026-05-19T10:54:41,42.6,1765,7941,0,9,99.99,1270,25.9,347.5
2026-05-19T10:54:47,42.3,1761,7941,1,9,99.99,1251,25.6,347.5
2026-05-19T10:54:52,42.2,1761,7941,1,10,99.99,1400,24.9,347.5
2026-05-19T10:54:57,41.9,1780,7941,0,10,99.99,1347,24.2,347.5
2026-05-19T10:55:03,43.5,1777,7941,1,9,99.99,1149,26.4,347.5
2026-05-19T10:55:08,44.8,1771,7941,0,11,99.99,1250,27.2,347.5
2026-05-19T10:55:13,43.3,1762,7941,1,9,99.99,1378,25.9,347.5
2026-05-19T10:55:19,44.9,1761,7941,0,11,99.99,1320,26.1,347.5
2026-05-19T10:55:24,45.7,1761,7941,1,9,99.99,1272,27.3,347.5
2026-05-19T10:55:29,45.0,1753,7941,1,9,99.99,1445,26.4,347.5
2026-05-19T10:55:35,46.8,1755,7941,0,10,99.99,1212,27.5,347.5
2026-05-19T10:55:40,44.2,1757,7941,0,11,99.99,1254,26.9,347.5
2026-05-19T10:55:45,44.2,1760,7941,0,11,99.99,1302,25.9,347.5
2026-05-19T10:55:51,42.6,1765,7941,0,11,99.99,1448,24.6,347.5
2026-05-19T10:55:56,48.4,1842,7941,1,8,99.99,1354,24.6,347.5
2026-05-19T10:56:01,43.2,1774,7941,0,11,99.99,1280,25.4,347.5
2026-05-19T10:56:07,43.8,1769,7941,0,9,99.99,1367,25.6,347.5
2026-05-19T10:56:12,45.5,1768,7941,0,10,99.99,1346,26.4,347.5
2026-05-19T10:56:17,42.2,1769,7941,1,9,99.99,1308,24.9,347.5
2026-05-19T10:56:23,43.3,1760,7941,0,10,99.99,1417,25.6,347.5
2026-05-19T10:56:28,42.8,1762,7941,0,10,99.99,1307,24.5,347.5
2026-05-19T10:56:33,43.2,1763,7941,1,10,99.99,1403,25.6,347.5
2026-05-19T10:56:38,45.4,1760,7941,1,10,99.99,1323,26.1,347.5
2026-05-19T10:56:44,41.9,1761,7941,1,10,99.99,1413,24.7,347.5
2026-05-19T10:56:49,42.9,1762,7941,0,11,99.99,1327,24.8,347.5
2026-05-19T10:56:54,43.3,1772,7941,1,9,99.99,1395,25.8,347.5
2026-05-19T10:57:00,42.0,1761,7941,0,9,99.99,1355,25.1,347.5
2026-05-19T10:57:05,45.5,1762,7941,1,9,99.99,1130,27.1,347.5
2026-05-19T10:57:10,42.9,1758,7941,0,11,99.99,1357,26.4,347.5
2026-05-19T10:57:16,43.9,1758,7941,0,11,99.99,1205,26.1,347.5
2026-05-19T10:57:21,43.4,1770,7941,0,11,99.99,1469,25.3,347.5
2026-05-19T10:57:26,45.2,1760,7941,1,10,99.99,1245,26.9,347.5
2026-05-19T10:57:31,43.4,1765,7941,1,9,99.99,1289,25.7,347.5
2026-05-19T10:57:37,44.1,1765,7941,2,8,99.99,1483,25.4,347.5
2026-05-19T10:57:42,43.8,1768,7941,1,10,99.99,1207,26.2,347.6
2026-05-19T10:57:47,44.3,1767,7941,0,11,99.99,1394,25.8,347.6
2026-05-19T10:57:53,46.3,1756,7941,0,9,99.99,1423,25.9,347.6
2026-05-19T10:57:58,50.0,1783,7941,0,11,99.99,1255,25.5,347.6
2026-05-19T10:58:03,44.8,1768,7941,2,8,99.99,1282,26.5,347.6
2026-05-19T10:58:09,43.7,1761,7941,0,10,99.99,1322,26.1,347.6
2026-05-19T10:58:14,44.6,1758,7941,0,7,99.99,1280,26.2,347.6
2026-05-19T10:58:19,40.8,1756,7941,2,7,99.99,1392,24.1,347.6
2026-05-19T10:58:24,43.6,1756,7941,0,10,99.99,1332,25.9,347.6
2026-05-19T10:58:30,43.5,1766,7941,1,10,99.99,1275,25.9,347.6
2026-05-19T10:58:35,43.5,1760,7941,1,7,99.99,1452,25.9,347.6
2026-05-19T10:58:40,43.1,1770,7941,1,8,99.99,1351,25.9,347.6
2026-05-19T10:58:46,43.9,1761,7941,1,8,99.99,1346,26.1,347.6
2026-05-19T10:58:51,41.9,1760,7941,0,11,99.99,1257,25.1,347.6
2026-05-19T10:58:56,41.6,1782,7941,1,9,99.99,1475,24.2,347.6
2026-05-19T10:59:02,43.5,1762,7941,1,8,99.99,1280,25.7,347.6
2026-05-19T10:59:07,43.2,1768,7941,0,10,99.99,1301,25.8,347.6
2026-05-19T10:59:12,40.6,1761,7941,1,9,99.99,1346,24.9,347.6
2026-05-19T10:59:18,40.3,1763,7941,0,11,99.99,1342,23.9,347.6
2026-05-19T10:59:23,42.0,1760,7941,1,6,99.99,1422,24.6,347.6
2026-05-19T10:59:28,42.7,1757,7941,0,11,99.99,1346,25.8,347.6
2026-05-19T10:59:33,42.4,1754,7941,1,7,99.99,1299,24.7,347.6
2026-05-19T10:59:39,45.5,1761,7941,0,11,99.99,1251,27.0,347.6
2026-05-19T10:59:44,41.6,1759,7941,0,10,99.99,1302,24.1,347.6
2026-05-19T10:59:49,41.6,1759,7941,1,8,99.99,1424,24.5,347.6
2026-05-19T10:59:55,44.6,1834,7941,1,10,99.99,1368,25.1,347.6
2026-05-19T11:00:00,49.7,1762,7941,0,10,99.99,1374,25.7,347.6
2026-05-19T11:00:05,47.2,1807,7941,0,8,99.99,711,27.5,347.7
2026-05-19T11:00:11,43.9,1811,7941,0,10,99.99,1064,27.0,347.7
2026-05-19T11:00:16,42.1,1819,7941,1,7,99.99,961,26.3,347.7
2026-05-19T11:00:22,41.7,1816,7941,0,9,99.99,960,26.6,347.7
2026-05-19T11:00:27,42.0,1800,7941,0,11,99.99,1091,26.2,347.7
2026-05-19T11:00:32,39.9,1795,7941,1,10,99.99,1146,23.8,347.7
2026-05-19T11:00:38,39.7,1799,7941,0,11,99.99,1043,23.8,347.7
2026-05-19T11:00:43,35.6,1794,7941,1,10,99.99,1180,20.8,347.7
2026-05-19T11:00:48,38.9,1797,7941,0,9,99.99,1134,22.9,347.7
2026-05-19T11:00:53,34.8,1802,7941,0,9,99.99,1065,19.6,347.7
2026-05-19T11:00:59,40.0,1807,7941,0,9,99.99,1251,21.4,347.7
2026-05-19T11:01:04,43.2,1798,7941,0,10,99.99,1045,26.5,347.9
2026-05-19T11:01:09,38.7,1784,7941,0,8,99.99,1096,23.6,347.9
2026-05-19T11:01:15,23.8,1771,7941,0,10,99.99,687,13.3,347.9
2026-05-19T11:01:20,35.2,1774,7941,0,10,99.99,1062,20.2,347.9
2026-05-19T11:01:25,37.5,1775,7941,0,10,99.99,1187,21.9,347.9
2026-05-19T11:01:31,37.3,1778,7941,0,11,99.99,1002,23.2,347.9
2026-05-19T11:01:36,34.9,1774,7941,0,11,99.99,1104,19.2,347.9
2026-05-19T11:01:41,32.8,1778,7941,0,11,99.99,958,19.1,347.9
2026-05-19T11:01:46,34.1,1782,7941,0,11,99.99,1158,19.9,347.9
2026-05-19T11:01:52,31.7,1782,7941,0,10,99.99,977,18.2,347.9
2026-05-19T11:01:57,41.4,1834,7941,0,11,99.99,1093,19.6,347.9
2026-05-19T11:02:02,35.9,1800,7941,0,11,99.99,1091,21.8,347.9
2026-05-19T11:02:08,37.2,1788,7941,1,8,99.99,1007,22.8,347.9
2026-05-19T11:02:13,32.3,1796,7941,0,11,99.99,983,18.9,347.9
2026-05-19T11:02:18,35.2,1797,7941,0,11,99.99,1122,21.1,347.9
2026-05-19T11:02:23,33.5,1801,7941,1,10,99.99,997,19.9,347.9
2026-05-19T11:02:29,36.2,1783,7941,0,11,99.99,1155,21.5,347.9
2026-05-19T11:02:34,35.6,1775,7941,0,10,99.99,1031,20.6,347.9
2026-05-19T11:02:39,32.5,1764,7941,0,11,99.99,1070,19.4,347.9
2026-05-19T11:02:45,31.9,1769,7941,0,11,99.99,1012,18.6,347.9
2026-05-19T11:02:50,37.2,1771,7941,1,10,99.99,1160,21.2,347.9
2026-05-19T11:02:55,32.3,1774,7941,1,10,99.99,1055,18.7,347.9
2026-05-19T11:03:01,37.7,1772,7941,0,9,99.99,1055,23.4,347.9
2026-05-19T11:03:06,38.4,1770,7941,1,9,99.99,961,23.2,347.9
2026-05-19T11:03:11,37.8,1773,7941,1,10,99.99,1095,22.4,347.9
2026-05-19T11:03:17,37.7,1768,7941,0,11,99.99,1079,22.1,347.9
2026-05-19T11:03:22,34.7,1770,7941,1,10,99.99,1126,20.3,347.9
2026-05-19T11:03:27,35.7,1753,7941,0,11,99.99,1075,20.9,347.9
2026-05-19T11:03:32,31.4,1763,7941,0,11,99.99,1055,18.9,347.9
2026-05-19T11:03:38,32.3,1756,7941,0,11,99.99,960,18.6,347.9
2026-05-19T11:03:43,34.0,1763,7941,1,10,99.99,1028,20.6,347.9
2026-05-19T11:03:48,31.5,1760,7941,0,11,99.99,980,18.4,347.9
2026-05-19T11:03:54,33.3,1762,7941,1,7,99.99,1066,19.7,347.9
2026-05-19T11:03:59,42.9,1788,7941,0,11,99.99,1021,20.9,347.9
2026-05-19T11:04:04,42.4,1762,7941,1,10,99.99,1100,25.1,347.9
2026-05-19T11:04:09,35.0,1764,7941,0,11,99.99,1000,21.1,347.9
2026-05-19T11:04:15,32.1,1750,7941,0,11,99.99,972,19.0,347.9
2026-05-19T11:04:20,33.9,1750,7941,0,11,99.99,997,19.4,347.9
2026-05-19T11:04:25,37.4,1754,7941,0,11,99.99,1068,22.7,347.9
2026-05-19T11:04:31,36.2,1750,7941,0,11,99.99,1018,21.9,347.9
2026-05-19T11:04:36,34.7,1751,7941,0,11,99.99,1022,20.2,347.9
2026-05-19T11:04:41,34.6,1750,7941,1,9,99.99,1024,20.0,347.9
2026-05-19T11:04:46,34.6,1749,7941,0,11,99.99,1009,20.4,347.9
2026-05-19T11:04:52,40.4,1748,7941,1,7,99.99,1041,24.9,347.9
2026-05-19T11:04:57,34.2,1769,7941,0,9,99.99,1079,18.2,347.9
2026-05-19T11:05:02,36.7,1754,7941,2,8,99.99,949,22.9,347.9
2026-05-19T11:05:08,19.9,1760,7941,0,10,99.99,489,11.6,347.9
2026-05-19T11:05:13,29.8,1760,7941,0,10,99.99,1051,17.6,347.9
2026-05-19T11:05:18,30.5,1757,7941,0,11,99.99,963,17.8,347.9
2026-05-19T11:05:24,30.7,1757,7941,0,11,99.99,1201,17.5,347.9
2026-05-19T11:05:29,34.2,1748,7941,0,11,99.99,1058,19.8,347.9
2026-05-19T11:05:34,39.3,1748,7941,1,9,99.99,1130,23.1,347.9
2026-05-19T11:05:39,29.5,1749,7941,0,11,99.99,871,18.1,348.0
2026-05-19T11:05:45,20.3,1746,7941,0,11,99.99,471,12.5,348.0
2026-05-19T11:05:50,31.2,1753,7941,0,10,99.99,1039,18.4,348.0
2026-05-19T11:05:55,41.2,1830,7941,1,11,99.99,1060,21.4,348.0
2026-05-19T11:06:01,36.9,1754,7941,1,10,99.99,1080,21.2,348.0
2026-05-19T11:06:06,41.2,1749,7941,1,9,99.99,1021,24.9,348.0
2026-05-19T11:06:11,37.6,1759,7941,0,11,99.99,1048,23.2,348.0
2026-05-19T11:06:17,37.5,1762,7941,0,11,99.99,999,23.4,348.0
2026-05-19T11:06:22,33.1,1758,7941,0,11,99.99,998,19.9,348.0
2026-05-19T11:06:27,27.8,1765,7941,0,11,99.99,851,15.8,348.0
2026-05-19T11:06:32,25.1,1759,7941,0,9,99.99,693,15.0,348.0
2026-05-19T11:06:38,33.2,1761,7941,0,10,99.99,1009,19.4,348.0
2026-05-19T11:06:43,34.5,1755,7941,1,10,99.99,1031,20.3,348.0
2026-05-19T11:06:48,34.7,1756,7941,0,11,99.99,1094,20.2,348.0
2026-05-19T11:06:54,34.7,1763,7941,0,11,99.99,1026,20.5,348.0
2026-05-19T11:06:59,33.8,1767,7941,0,11,99.99,1187,19.1,348.0
2026-05-19T11:07:04,40.0,1760,7941,0,10,99.99,924,24.2,348.0
2026-05-19T11:07:09,37.3,1759,7941,0,10,99.99,1182,21.2,348.0
2026-05-19T11:07:15,36.9,1759,7941,1,10,99.99,938,22.4,348.0
2026-05-19T11:07:20,35.5,1767,7941,0,11,99.99,1135,20.9,348.0
2026-05-19T11:07:25,36.2,1763,7941,1,10,99.99,1011,21.6,348.0
2026-05-19T11:07:31,35.9,1762,7941,0,10,99.99,1093,20.8,348.0
2026-05-19T11:07:36,41.7,1760,7941,0,10,99.99,1055,25.7,348.1
2026-05-19T11:07:41,36.0,1762,7941,0,9,99.99,1030,21.4,348.1
2026-05-19T11:07:47,37.0,1770,7941,0,11,99.99,1071,22.1,348.1
2026-05-19T11:07:52,37.4,1765,7941,1,10,99.99,1106,22.8,348.1
2026-05-19T11:07:57,39.0,1804,7941,0,10,99.99,1053,19.1,348.1
2026-05-19T11:08:03,36.4,1777,7941,0,10,99.99,929,21.8,348.1
2026-05-19T11:08:08,37.5,1762,7941,1,9,99.99,1039,22.1,348.1
2026-05-19T11:08:13,36.1,1763,7941,0,10,99.99,1061,21.7,348.1
2026-05-19T11:08:18,36.5,1766,7941,0,11,99.99,1031,21.3,348.1
2026-05-19T11:08:24,33.9,1770,7941,0,9,99.99,1114,20.3,348.1
2026-05-19T11:08:29,34.9,1767,7941,0,11,99.99,1046,20.8,348.1
2026-05-19T11:08:34,35.7,1761,7941,0,11,99.99,1046,20.1,348.1
2026-05-19T11:08:40,34.3,1761,7941,1,9,99.99,1023,20.2,348.1
2026-05-19T11:08:45,34.7,1760,7941,0,11,99.99,1054,20.5,348.1
2026-05-19T11:08:50,39.7,1766,7941,1,9,99.99,1132,24.8,348.1
2026-05-19T11:08:56,36.8,1765,7941,0,10,99.99,1005,20.8,348.1
2026-05-19T11:09:01,37.6,1768,7941,1,9,99.99,1074,22.7,348.1
2026-05-19T11:09:07,46.1,1755,7941,0,10,99.99,949,27.6,348.1
2026-05-19T11:09:12,34.8,1769,7941,0,10,99.99,924,21.0,348.1
2026-05-19T11:09:17,36.7,1761,7941,0,11,99.99,1096,22.4,348.4
2026-05-19T11:09:23,34.5,1766,7941,0,9,99.99,902,21.2,348.4
2026-05-19T11:09:28,38.7,1762,7941,0,10,99.99,1051,22.6,348.4
2026-05-19T11:09:33,39.9,1762,7941,0,10,99.99,1027,24.9,348.4
2026-05-19T11:09:38,34.7,1765,7941,0,11,99.99,1093,19.9,348.4
2026-05-19T11:09:44,38.7,1762,7941,0,10,99.99,924,24.5,348.4
2026-05-19T11:09:49,35.8,1771,7941,0,11,99.99,1034,21.1,348.4
2026-05-19T11:09:54,34.6,1811,7941,2,10,99.99,875,20.8,348.4
2026-05-19T11:10:00,36.8,1790,7941,0,11,99.99,899,17.6,348.4
2026-05-19T11:10:05,35.8,1766,7941,2,9,99.99,758,21.4,348.4
2026-05-19T11:10:10,39.6,1768,7941,0,10,99.99,966,24.4,348.4
2026-05-19T11:10:16,38.4,1748,7941,0,11,99.99,941,22.9,348.4
2026-05-19T11:10:21,29.8,1753,7941,0,10,99.99,907,17.6,348.4
2026-05-19T11:10:26,35.1,1760,7941,1,9,99.99,1045,20.5,348.4
2026-05-19T11:10:32,35.3,1761,7941,1,10,99.99,1024,20.8,348.4
2026-05-19T11:10:37,35.4,1741,7941,1,10,99.99,923,21.6,348.4
2026-05-19T11:10:42,34.5,1750,7941,0,11,99.99,997,21.1,348.4
2026-05-19T11:10:48,36.7,1753,7941,0,11,99.99,1003,22.2,348.4
2026-05-19T11:10:53,34.3,1752,7941,0,11,99.99,1007,19.8,348.4
2026-05-19T11:10:58,36.0,1749,7941,0,11,99.99,941,20.3,348.5
2026-05-19T11:11:03,42.1,1750,7941,0,11,99.99,1040,24.8,348.5
2026-05-19T11:11:09,37.2,1747,7941,0,11,99.99,957,23.2,348.5
2026-05-19T11:11:14,31.5,1744,7941,1,10,99.99,832,18.9,348.5
2026-05-19T11:11:19,36.9,1744,7941,0,11,99.99,876,22.5,348.5
2026-05-19T11:11:25,34.8,1751,7941,0,11,99.99,991,20.5,348.5
2026-05-19T11:11:30,34.8,1752,7941,0,11,99.99,1056,21.1,348.5
2026-05-19T11:11:35,33.0,1756,7941,0,11,99.99,856,18.9,348.5
2026-05-19T11:11:41,31.8,1761,7941,0,9,99.99,1008,18.8,348.5
2026-05-19T11:11:46,35.4,1753,7941,0,11,99.99,1073,20.2,348.5
2026-05-19T11:11:51,32.7,1760,7941,0,10,99.99,1008,18.9,348.5
2026-05-19T11:11:56,45.8,1783,7941,0,11,99.99,1095,21.6,348.5
2026-05-19T11:12:02,39.7,1748,7941,0,9,99.99,1169,23.2,348.5
2026-05-19T11:12:07,39.6,1742,7941,0,11,99.99,1119,24.0,348.5
2026-05-19T11:12:12,37.4,1748,7941,0,11,99.99,1082,22.1,348.5
2026-05-19T11:12:18,36.8,1751,7941,0,11,99.99,1141,20.8,348.5
2026-05-19T11:12:23,35.5,1755,7941,0,11,99.99,1016,21.0,348.5
2026-05-19T11:12:28,40.1,1747,7941,0,11,99.99,1113,25.1,348.5
2026-05-19T11:12:34,19.2,1745,7941,0,11,99.99,498,11.3,348.5
2026-05-19T11:12:39,44.2,1749,7941,1,9,99.99,1461,25.5,348.5
2026-05-19T11:12:44,41.0,1751,7941,1,10,99.99,1350,24.1,348.5
2026-05-19T11:12:50,43.9,1751,7941,0,11,99.99,1266,26.4,348.5
2026-05-19T11:12:55,45.0,1748,7941,1,10,99.99,1400,25.9,348.5
2026-05-19T11:13:00,42.0,1754,7941,1,9,99.99,1387,24.8,348.5
2026-05-19T11:13:06,47.1,1757,7941,0,8,99.99,1187,27.9,348.5
2026-05-19T11:13:11,39.9,1755,7941,2,8,99.99,1381,24.2,348.5
2026-05-19T11:13:16,43.6,1753,7941,0,10,99.99,1254,26.6,348.5
2026-05-19T11:13:22,43.2,1761,7941,0,10,99.99,1383,25.2,348.5
2026-05-19T11:13:27,41.1,1762,7941,1,10,99.99,1184,24.8,348.5
2026-05-19T11:13:32,42.2,1760,7941,0,11,99.99,1422,25.1,348.5
2026-05-19T11:13:37,43.8,1763,7941,2,7,99.99,1454,25.6,348.5
2026-05-19T11:13:43,42.4,1763,7941,0,11,99.99,1391,24.9,348.5
2026-05-19T11:13:48,39.7,1754,7941,3,7,99.99,1338,23.8,348.5
2026-05-19T11:13:53,43.4,1755,7941,0,11,99.99,1417,24.6,348.5
2026-05-19T11:13:59,49.8,1807,7941,0,9,99.99,1327,25.2,348.5
2026-05-19T11:14:04,46.2,1767,7941,0,9,99.99,1163,27.3,348.5
2026-05-19T11:14:09,45.8,1760,7941,1,10,99.99,1311,27.0,348.5
2026-05-19T11:14:14,44.5,1761,7941,0,10,99.99,1375,25.7,348.5
2026-05-19T11:14:20,45.5,1749,7941,0,10,99.99,1286,26.4,348.5
2026-05-19T11:14:25,44.3,1761,7941,0,8,99.99,1365,26.3,348.5
2026-05-19T11:14:30,44.2,1767,7941,0,11,99.99,1366,25.4,348.8
2026-05-19T11:14:36,45.2,1758,7941,1,10,99.99,1320,26.4,349.3
2026-05-19T11:14:41,43.0,1763,7941,0,11,99.99,1297,25.1,349.4
2026-05-19T11:14:46,43.3,1755,7941,0,10,99.99,1328,25.6,349.5
2026-05-19T11:14:52,42.9,1763,7941,0,10,99.99,1450,25.2,349.5
2026-05-19T11:14:57,43.9,1757,7941,0,11,99.99,1270,25.3,349.5
2026-05-19T11:15:02,44.7,1756,7941,0,11,99.99,1225,27.0,349.5
2026-05-19T11:15:08,47.2,1754,7941,1,9,99.99,1195,28.9,349.5
2026-05-19T11:15:13,43.3,1760,7941,0,9,99.99,1315,25.2,349.5
2026-05-19T11:15:18,45.0,1760,7941,0,8,99.99,1295,26.2,349.5
2026-05-19T11:15:24,44.9,1756,7941,0,10,99.99,1342,26.5,349.5
2026-05-19T11:15:29,44.0,1749,7941,0,11,99.99,1257,25.6,349.5
2026-05-19T11:15:34,45.6,1758,7941,0,10,99.99,1427,26.6,349.5
2026-05-19T11:15:40,42.6,1757,7941,0,9,99.99,1416,25.6,349.5
2026-05-19T11:15:45,41.1,1756,7941,2,9,99.99,1239,23.8,349.5
2026-05-19T11:15:50,44.2,1757,7941,0,11,99.99,1396,26.8,349.5
2026-05-19T11:15:56,48.6,1819,7941,1,9,99.99,1405,26.2,349.5
2026-05-19T11:16:01,46.5,1762,7941,0,10,99.99,1180,26.1,349.5
2026-05-19T11:16:06,45.3,1753,7941,2,5,99.99,1164,28.3,349.5
2026-05-19T11:16:12,45.5,1763,7941,1,8,99.99,1260,27.1,349.5
2026-05-19T11:16:17,45.4,1759,7941,0,11,99.99,1265,26.7,349.5
2026-05-19T11:16:22,44.5,1761,7941,0,11,99.99,1359,26.5,349.5
2026-05-19T11:16:28,45.6,1756,7941,2,9,99.99,1268,26.6,349.5
2026-05-19T11:16:33,47.0,1759,7941,0,11,99.99,1303,27.5,349.5
2026-05-19T11:16:38,42.0,1761,7941,1,10,99.99,1366,25.0,349.5
2026-05-19T11:16:44,43.4,1760,7941,1,11,99.99,1429,24.4,349.5
2026-05-19T11:16:49,44.9,1759,7941,1,9,99.99,1304,25.8,349.5
2026-05-19T11:16:54,42.4,1765,7941,1,9,99.99,1452,24.9,349.5
2026-05-19T11:17:00,47.0,1769,7941,2,8,99.99,1367,25.2,349.5
2026-05-19T11:17:05,47.2,1753,7941,1,10,99.99,1259,27.1,349.5
2026-05-19T11:17:10,42.4,1757,7941,0,11,99.99,1342,25.0,349.5
2026-05-19T11:17:16,43.0,1757,7941,0,8,99.99,1312,24.5,349.5
2026-05-19T11:17:21,43.9,1758,7941,1,9,99.99,1346,26.1,349.5
2026-05-19T11:17:26,45.0,1759,7941,0,11,99.99,1281,26.8,349.5
2026-05-19T11:17:32,45.4,1751,7941,0,10,99.99,1286,26.4,349.5
2026-05-19T11:17:37,45.7,1757,7941,1,7,99.99,1327,27.1,349.5
2026-05-19T11:17:42,43.4,1757,7941,0,10,99.99,1301,25.7,349.5
2026-05-19T11:17:48,45.1,1753,7941,0,10,99.99,1389,26.1,349.5
2026-05-19T11:17:53,45.4,1740,7941,0,10,99.99,1316,27.0,349.5
2026-05-19T11:17:58,49.6,1786,7941,0,9,99.99,1381,24.8,349.5
2026-05-19T11:18:03,43.5,1769,7941,0,11,99.99,1127,26.1,349.5
2026-05-19T11:18:09,44.4,1760,7941,2,7,99.99,1282,26.6,349.5
2026-05-19T11:18:14,43.3,1759,7941,1,10,99.99,1365,25.1,349.5
2026-05-19T11:18:19,42.6,1763,7941,0,7,99.99,1421,24.8,349.5
2026-05-19T11:18:25,46.3,1762,7941,1,8,99.99,1271,27.7,349.5
2026-05-19T11:18:30,46.4,1765,7941,0,9,99.99,1257,27.4,349.5
2026-05-19T11:18:35,44.9,1762,7941,0,11,99.99,1118,26.7,349.5
2026-05-19T11:18:41,45.4,1765,7941,1,10,99.99,1324,27.1,349.5
2026-05-19T11:18:46,45.2,1768,7941,0,6,99.99,1266,26.9,349.5
2026-05-19T11:18:51,42.9,1765,7941,1,10,99.99,1343,25.5,349.5
2026-05-19T11:18:57,45.6,1765,7941,1,10,99.99,1277,27.2,349.5
2026-05-19T11:19:02,46.3,1769,7941,1,9,99.99,1234,27.6,349.5
2026-05-19T11:19:07,43.5,1764,7941,0,11,99.99,1046,27.6,349.5
2026-05-19T11:19:13,42.0,1757,7941,1,10,99.99,1326,25.4,349.5
2026-05-19T11:19:18,43.4,1755,7941,1,8,99.99,1353,25.7,349.5
2026-05-19T11:19:23,44.5,1758,7941,0,11,99.99,1282,26.2,349.5
2026-05-19T11:19:28,43.6,1763,7941,1,7,99.99,1343,25.8,349.6
2026-05-19T11:19:34,43.1,1765,7941,0,9,99.99,1271,25.8,349.6
2026-05-19T11:19:39,42.0,1766,7941,1,10,99.99,1387,24.5,349.6
2026-05-19T11:19:44,43.7,1769,7941,0,11,99.99,1280,26.4,349.6
2026-05-19T11:19:50,41.9,1774,7941,1,10,99.99,1230,25.2,349.6
2026-05-19T11:19:55,42.4,1808,7941,2,10,99.99,1339,24.3,349.6
2026-05-19T11:20:00,49.3,1778,7941,1,10,99.99,1392,25.8,349.6
2026-05-19T11:20:06,45.8,1758,7941,2,8,99.99,931,27.8,349.6
2026-05-19T11:20:11,44.8,1764,7941,0,8,99.99,1106,27.2,349.6
2026-05-19T11:20:16,46.2,1759,7941,1,9,99.99,1284,27.6,349.6
2026-05-19T11:20:22,45.0,1772,7941,1,10,99.99,1308,26.1,349.6
2026-05-19T11:20:27,45.2,1758,7941,1,9,99.99,1336,26.8,349.6
2026-05-19T11:20:32,44.9,1758,7941,1,10,99.99,1390,26.1,349.6
2026-05-19T11:20:38,42.3,1761,7941,1,10,99.99,1258,25.4,349.6
2026-05-19T11:20:43,42.3,1764,7941,1,9,99.99,1373,24.8,349.6
2026-05-19T11:20:48,43.4,1772,7941,0,11,99.99,1364,26.2,349.6
2026-05-19T11:20:53,41.4,1772,7941,1,9,99.99,1284,24.6,349.6
2026-05-19T11:20:59,45.0,1780,7941,0,10,99.99,1378,25.1,349.6
2026-05-19T11:21:04,46.4,1768,7941,1,10,99.99,1194,27.3,349.6
2026-05-19T11:21:09,43.7,1771,7941,1,10,99.99,1354,24.9,349.6
2026-05-19T11:21:15,43.9,1762,7941,0,11,99.99,1358,26.0,349.6
2026-05-19T11:21:20,44.6,1769,7941,0,10,99.99,1286,26.4,349.6
2026-05-19T11:21:25,43.7,1770,7941,0,11,99.99,1351,26.4,349.6
2026-05-19T11:21:31,42.5,1778,7941,0,9,99.99,1309,25.5,349.6
2026-05-19T11:21:36,46.3,1769,7941,0,10,99.99,1264,27.1,349.6
2026-05-19T11:21:41,44.1,1775,7941,0,9,99.99,1396,26.1,349.6
2026-05-19T11:21:47,45.2,1773,7941,0,10,99.99,1146,27.7,349.6
2026-05-19T11:21:52,45.3,1770,7941,0,10,99.99,1108,28.1,349.6
2026-05-19T11:21:57,54.8,1816,7941,0,8,99.99,1237,27.8,349.6
2026-05-19T11:22:03,46.3,1766,7941,1,9,99.99,972,27.2,349.6
2026-05-19T11:22:08,46.6,1761,7941,0,10,99.99,1239,27.4,349.6
2026-05-19T11:22:13,46.5,1764,7941,1,9,99.99,1175,27.9,349.6
2026-05-19T11:22:19,45.7,1764,7941,1,10,99.99,1375,26.4,349.6
2026-05-19T11:22:24,46.2,1763,7941,1,9,99.99,1244,27.4,349.6
2026-05-19T11:22:29,46.4,1766,7941,0,11,99.99,1293,27.5,349.6
2026-05-19T11:22:35,45.4,1764,7941,0,9,99.99,1257,27.1,349.6
2026-05-19T11:22:40,44.3,1768,7941,0,10,99.99,1275,26.2,349.6
2026-05-19T11:22:45,45.4,1763,7941,1,10,99.99,1290,26.8,349.6
2026-05-19T11:22:51,44.1,1755,7941,1,10,99.99,1258,27.4,349.6
2026-05-19T11:22:56,48.0,1779,7941,0,9,99.99,1277,26.4,349.6
2026-05-19T11:23:01,44.5,1764,7941,0,9,99.99,1265,27.3,349.6
2026-05-19T11:23:07,44.7,1758,7941,0,8,99.99,1190,27.1,349.6
2026-05-19T11:23:12,45.0,1757,7941,0,10,99.99,1094,28.0,349.7
2026-05-19T11:23:18,45.5,1760,7941,0,11,99.99,1279,27.0,349.7
2026-05-19T11:23:23,44.7,1764,7941,0,10,99.99,1391,26.5,349.7
2026-05-19T11:23:28,45.9,1758,7941,0,11,99.99,1264,27.1,349.7
2026-05-19T11:23:34,44.1,1745,7941,0,11,99.99,1143,27.4,349.7
2026-05-19T11:23:39,43.6,1746,7941,1,10,99.99,1038,27.3,349.7
2026-05-19T11:23:44,45.4,1746,7941,1,9,99.99,1241,26.7,349.7
2026-05-19T11:23:50,47.4,1750,7941,1,9,99.99,1176,28.1,349.7
2026-05-19T11:23:55,46.2,1808,7941,1,9,99.99,1317,26.2,349.7
2026-05-19T11:24:00,49.7,1773,7941,0,8,99.99,1326,26.6,349.7
2026-05-19T11:24:06,46.9,1752,7941,0,8,99.99,1019,28.1,349.7
2026-05-19T11:24:11,46.2,1761,7941,0,10,99.99,1322,26.4,349.7
2026-05-19T11:24:16,46.4,1758,7941,0,8,99.99,1336,27.1,349.7
2026-05-19T11:24:22,46.3,1751,7941,1,8,99.99,1300,26.7,349.7
2026-05-19T11:24:27,46.2,1753,7941,0,11,99.99,1226,26.8,349.7
2026-05-19T11:24:33,45.3,1759,7941,0,11,99.99,1321,27.1,349.7
2026-05-19T11:24:38,44.6,1752,7941,0,10,99.99,1048,27.6,349.7
2026-05-19T11:24:43,45.3,1757,7941,0,10,99.99,1291,25.9,349.7
2026-05-19T11:24:48,46.4,1751,7941,1,8,99.99,1467,26.7,349.7
2026-05-19T11:24:54,47.2,1756,7941,1,10,99.99,1318,26.9,349.7
2026-05-19T11:24:59,46.3,1747,7941,0,9,99.99,1327,26.4,349.7
2026-05-19T11:25:05,47.2,1749,7941,2,9,99.99,973,27.8,349.7
2026-05-19T11:25:10,43.7,1751,7941,0,10,99.99,1255,26.3,349.7
2026-05-19T11:25:15,44.9,1747,7941,1,9,99.99,1417,25.9,349.7
2026-05-19T11:25:20,42.0,1760,7941,0,9,99.99,1397,24.8,349.7
2026-05-19T11:25:26,45.6,1757,7941,1,10,99.99,1229,26.6,349.7
2026-05-19T11:25:31,44.9,1751,7941,0,11,99.99,1354,25.6,349.7
2026-05-19T11:25:36,46.2,1757,7941,0,10,99.99,1296,27.0,349.7
2026-05-19T11:25:42,46.3,1755,7941,1,8,99.99,1357,26.5,349.7
2026-05-19T11:25:47,45.0,1749,7941,1,9,99.99,1113,27.3,349.7
2026-05-19T11:25:52,45.8,1758,7941,0,9,99.99,1224,27.6,349.7
2026-05-19T11:25:58,56.3,1801,7941,0,11,99.99,1360,27.5,349.7
2026-05-19T11:26:03,46.0,1756,7941,0,10,99.99,1031,27.6,349.7
2026-05-19T11:26:08,43.9,1752,7941,0,10,99.99,1239,27.6,349.7
2026-05-19T11:26:14,44.9,1750,7941,0,10,99.99,1237,27.1,349.7
2026-05-19T11:26:19,44.3,1756,7941,0,11,99.99,1214,26.1,349.7
2026-05-19T11:26:24,46.6,1753,7941,0,11,99.99,1389,27.0,349.7
2026-05-19T11:26:30,44.3,1757,7941,1,9,99.99,1172,27.3,349.8
2026-05-19T11:26:35,45.3,1754,7941,0,11,99.99,1236,26.9,349.8
2026-05-19T11:26:40,45.3,1761,7941,2,9,99.99,1223,27.3,349.8
2026-05-19T11:26:46,46.7,1748,7941,1,6,99.99,1169,27.5,349.8
2026-05-19T11:26:51,46.1,1751,7941,1,9,99.99,1276,27.6,349.8
2026-05-19T11:26:56,47.1,1751,7941,1,10,99.99,1073,27.9,349.8
2026-05-19T11:27:02,46.1,1753,7941,0,8,99.99,1248,27.1,349.8
2026-05-19T11:27:07,45.7,1753,7941,1,9,99.99,1253,27.5,349.8
2026-05-19T11:27:13,45.3,1753,7941,1,9,99.99,1227,26.8,349.8
2026-05-19T11:27:18,45.6,1749,7941,0,10,99.99,1315,27.1,349.8
2026-05-19T11:27:23,41.9,1755,7941,0,9,99.99,1230,25.4,349.8
2026-05-19T11:27:29,46.2,1753,7941,1,9,99.99,1252,27.6,349.8
2026-05-19T11:27:34,46.7,1759,7941,0,9,99.99,1282,27.4,349.8
2026-05-19T11:27:39,45.8,1756,7941,0,10,99.99,1222,27.1,349.8
2026-05-19T11:27:45,45.8,1756,7941,0,9,99.99,1267,27.1,349.8
2026-05-19T11:27:50,46.1,1755,7941,0,11,99.99,1209,27.3,349.8
2026-05-19T11:27:55,48.9,1800,7941,2,10,99.99,1467,26.1,349.8
2026-05-19T11:28:01,54.8,1777,7941,0,10,99.99,1262,27.5,349.8
2026-05-19T11:28:06,46.8,1763,7941,0,10,99.99,1065,27.8,349.8
2026-05-19T11:28:11,46.3,1757,7941,1,10,99.99,1280,26.8,349.8
2026-05-19T11:28:17,45.5,1756,7941,1,9,99.99,1319,27.2,349.8
2026-05-19T11:28:22,45.4,1756,7941,0,9,99.99,1261,26.7,349.9
2026-05-19T11:28:27,45.2,1753,7941,0,10,99.99,1197,26.9,349.9
2026-05-19T11:28:33,46.4,1775,7941,1,10,99.99,1234,27.9,349.9
2026-05-19T11:28:38,47.7,1776,7941,1,8,99.99,1223,27.8,349.9
2026-05-19T11:28:43,44.8,1776,7941,3,8,99.99,1260,26.4,349.9
2026-05-19T11:28:49,44.6,1770,7941,0,11,99.99,1102,26.5,349.9
2026-05-19T11:28:54,47.4,1775,7941,1,9,99.99,1224,28.1,349.9
2026-05-19T11:28:59,48.4,1776,7941,0,10,99.99,1206,27.3,350.1
2026-05-19T11:29:05,46.1,1771,7941,0,7,99.99,1050,27.7,350.1
2026-05-19T11:29:10,45.6,1778,7941,0,9,99.99,1198,28.2,350.1
2026-05-19T11:29:16,45.7,1779,7941,0,9,99.99,1210,26.9,350.1
2026-05-19T11:29:21,45.3,1776,7941,0,11,99.99,1202,27.4,350.1
2026-05-19T11:29:26,45.1,1772,7941,0,9,99.99,1223,27.8,350.1
2026-05-19T11:29:32,45.1,1774,7941,0,9,99.99,1133,27.2,350.1
2026-05-19T11:29:37,47.1,1775,7941,0,9,99.99,1264,27.1,350.1
2026-05-19T11:29:42,46.8,1778,7941,0,10,99.99,1281,27.3,350.1
2026-05-19T11:29:48,46.3,1771,7941,1,9,99.99,1259,27.4,350.1
2026-05-19T11:29:53,45.2,1781,7941,0,11,99.99,1287,26.9,350.1
2026-05-19T11:29:58,55.0,1791,7941,1,9,99.99,1315,27.1,350.1
2026-05-19T11:30:04,43.3,1757,7941,1,10,99.99,812,27.6,350.1
2026-05-19T11:30:09,45.9,1744,7941,1,9,99.99,929,27.9,350.1
2026-05-19T11:30:14,45.6,1743,7941,0,9,99.99,1034,27.5,350.1
2026-05-19T11:30:20,48.2,1745,7941,1,10,99.99,1349,28.3,350.1
2026-05-19T11:30:25,47.0,1746,7941,0,11,99.99,1182,27.3,350.1
2026-05-19T11:30:31,45.0,1743,7941,0,11,99.99,1142,27.5,350.1
2026-05-19T11:30:36,45.9,1746,7941,0,11,99.99,1270,27.6,350.1
2026-05-19T11:30:41,43.7,1745,7941,0,11,99.99,1120,26.9,350.1
2026-05-19T11:30:46,44.2,1752,7941,1,9,99.99,1318,25.9,350.1
2026-05-19T11:30:52,47.2,1756,7941,0,11,99.99,1328,27.4,350.1
2026-05-19T11:30:57,46.3,1750,7941,0,10,99.99,1298,27.5,350.1
2026-05-19T11:31:02,45.6,1747,7941,0,9,99.99,1002,27.2,350.1
2026-05-19T11:31:08,46.5,1747,7941,1,10,99.99,1127,28.1,350.1
2026-05-19T11:31:13,45.9,1739,7941,1,9,99.99,1192,27.5,350.1
2026-05-19T11:31:19,46.1,1744,7941,0,10,99.99,1234,27.4,350.1
2026-05-19T11:31:24,46.8,1745,7941,0,10,99.99,1282,28.1,350.1
2026-05-19T11:31:29,46.4,1742,7941,0,11,99.99,1136,27.6,350.1
2026-05-19T11:31:35,45.7,1749,7941,0,11,99.99,1260,27.1,350.1
2026-05-19T11:31:40,45.9,1743,7941,0,10,99.99,1236,27.2,350.1
2026-05-19T11:31:45,46.2,1739,7941,2,9,99.99,1289,27.4,350.1
2026-05-19T11:31:51,40.0,1741,7941,1,9,99.99,1325,23.1,350.1
2026-05-19T11:31:56,47.1,1814,7941,1,11,99.99,1402,24.4,350.1
2026-05-19T11:32:01,46.7,1739,7941,0,11,99.99,1342,26.2,350.1
2026-05-19T11:32:07,46.0,1751,7941,0,10,99.99,1313,26.2,350.1
2026-05-19T11:32:12,44.4,1755,7941,1,9,99.99,1255,26.9,350.1
2026-05-19T11:32:17,43.1,1746,7941,0,10,99.99,1354,24.9,350.1
2026-05-19T11:32:23,42.8,1755,7941,0,7,99.99,1435,24.7,350.1
2026-05-19T11:32:28,45.1,1757,7941,0,10,99.99,1207,27.2,350.1
2026-05-19T11:32:33,44.7,1757,7941,0,11,99.99,1347,26.2,350.1
2026-05-19T11:32:39,45.1,1754,7941,1,9,99.99,1304,26.8,350.1
2026-05-19T11:32:44,44.0,1749,7941,1,9,99.99,1273,26.3,350.1
2026-05-19T11:32:49,45.0,1755,7941,2,8,99.99,1372,26.6,350.1
2026-05-19T11:32:55,43.5,1750,7941,0,11,99.99,1351,25.1,350.1
2026-05-19T11:33:00,45.5,1752,7941,0,10,99.99,1232,27.3,350.1
2026-05-19T11:33:05,46.8,1742,7941,1,8,99.99,1240,27.3,350.1
2026-05-19T11:33:10,43.1,1749,7941,1,9,99.99,1280,25.9,350.1
2026-05-19T11:33:16,44.3,1749,7941,0,10,99.99,1333,26.1,350.1
2026-05-19T11:33:21,45.9,1747,7941,1,10,99.99,1296,26.4,350.1
2026-05-19T11:33:26,43.2,1747,7941,0,11,99.99,1304,25.6,350.1
2026-05-19T11:33:32,43.8,1759,7941,1,9,99.99,1347,26.1,350.1
2026-05-19T11:33:37,44.2,1754,7941,0,10,99.99,1275,26.0,350.1
2026-05-19T11:33:42,43.3,1757,7941,0,10,99.99,1271,25.6,350.1
2026-05-19T11:33:48,43.9,1756,7941,1,8,99.99,1396,26.4,350.1
2026-05-19T11:33:53,42.8,1752,7941,0,10,99.99,1255,25.8,350.1
2026-05-19T11:33:58,49.5,1778,7941,0,11,99.99,1324,25.9,350.1
2026-05-19T11:34:03,46.1,1762,7941,0,10,99.99,1154,27.5,350.1
2026-05-19T11:34:09,41.9,1754,7941,1,10,99.99,1291,24.5,350.1
2026-05-19T11:34:14,43.9,1759,7941,0,11,99.99,1320,26.1,350.1
2026-05-19T11:34:19,43.1,1762,7941,0,10,99.99,1429,25.3,350.1
2026-05-19T11:34:25,45.9,1750,7941,0,10,99.99,1252,27.3,350.1
2026-05-19T11:34:30,45.9,1760,7941,0,10,99.99,1380,26.6,350.1
2026-05-19T11:34:35,46.5,1752,7941,1,10,99.99,1333,26.8,350.1
2026-05-19T11:34:41,45.4,1742,7941,3,4,99.99,1211,27.2,350.1
2026-05-19T11:34:46,45.6,1746,7941,0,9,99.99,1155,27.6,350.1
2026-05-19T11:34:51,42.8,1758,7941,0,10,99.99,1114,27.3,350.1
2026-05-19T11:34:57,48.2,1765,7941,1,9,99.99,1411,26.9,350.1
2026-05-19T11:35:02,44.2,1752,7941,3,8,99.99,1123,26.6,350.1
2026-05-19T11:35:08,44.4,1753,7941,0,10,99.99,992,28.5,350.1
2026-05-19T11:35:13,44.8,1755,7941,0,11,99.99,1280,26.0,350.1
2026-05-19T11:35:18,46.0,1749,7941,1,9,99.99,1319,27.3,350.1
2026-05-19T11:35:24,43.5,1756,7941,0,10,99.99,1387,25.4,350.1
2026-05-19T11:35:29,44.8,1754,7941,1,10,99.99,1211,26.5,350.1
2026-05-19T11:35:34,43.7,1754,7941,0,10,99.99,1252,25.9,350.1
2026-05-19T11:35:40,45.9,1755,7941,1,10,99.99,1383,26.6,350.1
2026-05-19T11:35:45,45.9,1748,7941,0,9,99.99,1277,27.0,350.1
2026-05-19T11:35:50,44.5,1754,7941,0,10,99.99,1253,26.6,350.1
2026-05-19T11:35:56,44.3,1821,7941,1,10,99.99,1359,23.9,350.1
2026-05-19T11:36:01,46.0,1775,7941,1,10,99.99,1274,26.7,350.1
2026-05-19T11:36:06,44.4,1769,7941,0,9,99.99,1129,27.6,350.1
2026-05-19T11:36:12,41.7,1761,7941,1,10,99.99,1347,23.9,350.1
2026-05-19T11:36:17,43.4,1754,7941,0,9,99.99,1382,26.0,350.1
2026-05-19T11:36:22,41.7,1761,7941,0,8,99.99,1377,24.8,350.1
2026-05-19T11:36:28,43.1,1766,7941,0,10,99.99,1289,26.2,350.1
2026-05-19T11:36:33,46.0,1761,7941,0,9,99.99,1214,28.0,350.1
2026-05-19T11:36:38,43.3,1764,7941,0,10,99.99,1190,27.1,350.1
2026-05-19T11:36:44,44.2,1755,7941,0,11,99.99,1195,27.0,350.1
2026-05-19T11:36:49,44.5,1756,7941,0,9,99.99,1334,27.6,350.1
2026-05-19T11:36:54,43.3,1759,7941,0,11,99.99,1305,25.6,350.1
2026-05-19T11:36:59,45.1,1766,7941,0,10,99.99,1269,25.6,350.1
2026-05-19T11:37:05,44.9,1754,7941,2,9,99.99,1166,27.4,350.1
2026-05-19T11:37:10,44.5,1763,7941,0,10,99.99,1278,26.4,350.1
2026-05-19T11:37:15,41.9,1764,7941,0,10,99.99,1362,24.3,350.1
2026-05-19T11:37:21,42.3,1766,7941,0,11,99.99,1389,25.2,350.1
2026-05-19T11:37:26,44.3,1763,7941,2,8,99.99,1295,26.0,350.1
2026-05-19T11:37:31,43.1,1767,7941,1,9,99.99,1250,26.2,350.1
2026-05-19T11:37:36,44.2,1764,7941,1,10,99.99,1334,25.6,350.1
2026-05-19T11:37:42,43.9,1764,7941,0,11,99.99,1287,25.6,350.1
2026-05-19T11:37:47,45.0,1764,7941,1,10,99.99,1450,25.7,350.1
2026-05-19T11:37:52,44.2,1762,7941,2,9,99.99,1229,26.1,350.1
2026-05-19T11:37:58,48.4,1803,7941,0,11,99.99,1365,24.6,350.1
2026-05-19T11:38:03,43.6,1766,7941,0,11,99.99,1159,26.2,350.1
2026-05-19T11:38:08,44.9,1757,7941,1,9,99.99,1199,27.0,350.1
2026-05-19T11:38:14,46.4,1754,7941,0,9,99.99,1320,28.0,350.1
2026-05-19T11:38:19,45.3,1762,7941,0,10,99.99,1274,26.3,350.1
2026-05-19T11:38:24,45.9,1753,7941,0,11,99.99,1324,26.5,350.1
2026-05-19T11:38:29,42.7,1762,7941,0,11,99.99,1392,24.6,350.1
2026-05-19T11:38:35,44.0,1759,7941,0,11,99.99,1358,24.8,350.1
2026-05-19T11:38:40,42.9,1758,7941,1,6,99.99,1335,25.8,350.1
2026-05-19T11:38:45,41.9,1756,7941,0,10,99.99,1449,23.9,350.1
2026-05-19T11:38:51,43.9,1758,7941,0,10,99.99,1283,25.6,350.1
2026-05-19T11:38:56,42.6,1769,7941,0,10,99.99,1357,24.9,350.1
2026-05-19T11:39:01,44.7,1765,7941,1,8,99.99,1337,26.5,350.1
2026-05-19T11:39:07,46.7,1758,7941,0,11,99.99,961,29.0,350.1
2026-05-19T11:39:12,43.4,1764,7941,2,9,99.99,1481,26.0,350.1
2026-05-19T11:39:18,44.0,1762,7941,0,11,99.99,1277,25.6,350.1
2026-05-19T11:39:23,44.4,1763,7941,0,8,99.99,1319,27.0,350.1
2026-05-19T11:39:28,42.7,1766,7941,0,11,99.99,1328,24.9,350.1
2026-05-19T11:39:33,43.4,1764,7941,0,10,99.99,1453,25.1,350.1
2026-05-19T11:39:39,43.4,1760,7941,0,11,99.99,1394,25.7,350.1
2026-05-19T11:39:44,43.5,1756,7941,0,9,99.99,1348,25.6,350.1
2026-05-19T11:39:49,45.9,1759,7941,0,10,99.99,1340,26.9,350.1
2026-05-19T11:39:55,45.8,1761,7941,1,10,99.99,1337,27.0,350.1
2026-05-19T11:40:00,46.6,1770,7941,0,9,99.99,1356,24.8,350.1
2026-05-19T11:40:05,44.6,1769,7941,0,10,99.99,947,27.5,350.1
2026-05-19T11:40:11,45.8,1771,7941,0,11,99.99,1277,27.4,350.1
2026-05-19T11:40:16,43.9,1760,7941,1,9,99.99,1327,26.5,350.1
2026-05-19T11:40:21,42.0,1760,7941,1,9,99.99,1312,25.8,350.1
2026-05-19T11:40:27,44.4,1759,7941,0,9,99.99,1290,26.9,350.1
2026-05-19T11:40:32,41.3,1769,7941,1,7,99.99,1363,24.2,350.1
2026-05-19T11:40:37,41.1,1774,7941,0,10,99.99,1346,24.1,350.1
2026-05-19T11:40:43,41.4,1772,7941,0,11,99.99,1427,24.2,350.1
2026-05-19T11:40:48,41.6,1758,7941,0,10,99.99,1378,24.6,350.1
2026-05-19T11:40:53,43.4,1765,7941,1,10,99.99,1361,25.3,350.1
2026-05-19T11:40:58,41.7,1781,7941,0,8,99.99,1410,23.9,350.1
2026-05-19T11:41:04,45.7,1780,7941,1,9,99.99,1161,26.6,350.1
2026-05-19T11:41:09,43.7,1774,7941,0,11,99.99,1422,25.1,350.1
2026-05-19T11:41:14,43.3,1773,7941,2,7,99.99,1290,25.2,350.1
2026-05-19T11:41:20,42.7,1773,7941,0,10,99.99,1394,24.3,350.1
2026-05-19T11:41:25,44.8,1769,7941,0,11,99.99,1310,26.1,350.1
2026-05-19T11:41:30,44.3,1778,7941,0,10,99.99,1369,26.2,350.1
2026-05-19T11:41:36,45.0,1780,7941,0,11,99.99,1371,25.6,350.1
2026-05-19T11:41:41,45.0,1776,7941,0,11,99.99,1339,25.9,350.1
2026-05-19T11:41:46,45.7,1779,7941,0,11,99.99,1429,26.2,350.1
2026-05-19T11:41:52,46.4,1777,7941,0,11,99.99,1311,26.8,350.1
2026-05-19T11:41:57,50.5,1823,7941,0,9,99.99,1297,25.1,350.1
2026-05-19T11:42:02,47.0,1791,7941,2,6,99.99,1157,27.1,350.1
2026-05-19T11:42:08,48.6,1771,7941,1,10,99.99,1216,28.3,350.1
2026-05-19T11:42:13,44.0,1776,7941,0,11,99.99,1290,25.4,350.1
2026-05-19T11:42:18,43.5,1783,7941,0,11,99.99,1380,25.8,350.1
2026-05-19T11:42:24,44.3,1778,7941,0,10,99.99,1306,26.4,350.1
2026-05-19T11:42:29,45.9,1777,7941,0,11,99.99,1211,27.1,350.1
2026-05-19T11:42:34,44.0,1773,7941,1,8,99.99,1369,25.7,350.1
2026-05-19T11:42:39,44.0,1782,7941,1,10,99.99,1303,26.2,350.1
2026-05-19T11:42:45,44.6,1775,7941,1,8,99.99,1427,25.9,350.1
2026-05-19T11:42:50,44.0,1775,7941,2,9,99.99,1281,25.6,350.1
2026-05-19T11:42:55,44.5,1776,7941,1,10,99.99,1424,25.7,350.1
2026-05-19T11:43:01,42.8,1792,7941,1,8,99.99,1320,24.1,350.1
2026-05-19T11:43:06,45.1,1780,7941,0,9,99.99,1294,26.9,350.1
2026-05-19T11:43:11,44.8,1774,7941,0,10,99.99,1260,26.5,350.4
2026-05-19T11:43:17,44.3,1769,7941,0,11,99.99,1401,25.8,350.4
2026-05-19T11:43:22,44.4,1776,7941,1,8,99.99,1330,26.7,350.4
2026-05-19T11:43:27,46.1,1780,7941,0,10,99.99,1373,25.8,350.4
2026-05-19T11:43:33,47.2,1774,7941,0,10,99.99,1350,26.9,350.4
2026-05-19T11:43:38,43.8,1780,7941,1,9,99.99,1296,26.0,350.4
2026-05-19T11:43:43,43.8,1769,7941,0,9,99.99,1311,26.1,350.4
2026-05-19T11:43:49,44.5,1779,7941,1,9,99.99,1242,27.2,350.4
2026-05-19T11:43:54,44.7,1781,7941,0,11,99.99,1290,26.7,350.4
2026-05-19T11:43:59,49.7,1806,7941,1,9,99.99,1399,24.9,350.4
2026-05-19T11:44:05,47.6,1782,7941,0,9,99.99,1209,27.7,350.4
2026-05-19T11:44:10,43.6,1781,7941,0,9,99.99,1317,25.6,350.4
2026-05-19T11:44:15,45.1,1781,7941,1,10,99.99,1320,26.4,350.4
2026-05-19T11:44:20,43.9,1792,7941,1,8,99.99,1302,26.2,350.4
2026-05-19T11:44:26,42.4,1784,7941,0,10,99.99,1285,25.8,350.5
2026-05-19T11:44:31,44.9,1787,7941,0,11,99.99,1422,26.1,350.6
2026-05-19T11:44:36,43.7,1783,7941,0,9,99.99,1326,25.4,350.6
2026-05-19T11:44:42,44.3,1784,7941,0,11,99.99,1315,25.5,350.6
2026-05-19T11:44:47,44.6,1785,7941,0,10,99.99,1319,26.4,350.6
2026-05-19T11:44:52,44.2,1781,7941,0,11,99.99,1273,26.2,350.6
2026-05-19T11:44:58,45.6,1803,7941,1,9,99.99,1420,25.0,350.6
2026-05-19T11:45:03,44.1,1785,7941,0,10,99.99,1075,25.6,350.6
2026-05-19T11:45:08,46.4,1786,7941,0,10,99.99,1108,27.7,350.6
2026-05-19T11:45:14,45.0,1786,7941,1,10,99.99,1167,27.6,350.6
2026-05-19T11:45:19,44.2,1781,7941,1,10,99.99,1312,25.4,350.6
2026-05-19T11:45:24,44.0,1783,7941,2,9,99.99,1430,25.8,350.6
2026-05-19T11:45:30,43.5,1787,7941,0,10,99.99,1397,25.6,350.6
2026-05-19T11:45:35,45.2,1783,7941,0,11,99.99,1215,26.3,350.6
2026-05-19T11:45:40,45.2,1789,7941,1,10,99.99,1266,26.6,350.6
2026-05-19T11:45:46,44.8,1782,7941,0,11,99.99,1222,26.4,350.6
2026-05-19T11:45:51,46.1,1784,7941,0,10,99.99,1241,27.6,350.6
2026-05-19T11:45:56,50.1,1850,7941,1,10,99.99,1241,26.9,350.6
2026-05-19T11:46:02,46.5,1793,7941,0,10,99.99,1209,26.4,350.6
2026-05-19T11:46:07,46.4,1778,7941,0,8,99.99,1255,27.1,350.6
2026-05-19T11:46:12,42.9,1784,7941,1,8,99.99,1321,26.1,350.6
2026-05-19T11:46:18,43.8,1775,7941,0,11,99.99,1335,25.1,350.6
2026-05-19T11:46:23,43.0,1779,7941,0,8,99.99,1386,25.0,350.6
2026-05-19T11:46:28,46.7,1782,7941,1,9,99.99,1253,27.7,350.6
2026-05-19T11:46:34,42.3,1776,7941,0,11,99.99,1342,25.4,350.6
2026-05-19T11:46:39,44.5,1781,7941,1,8,99.99,1359,26.7,350.6
2026-05-19T11:46:44,44.8,1787,7941,0,10,99.99,1264,27.5,350.6
2026-05-19T11:46:50,42.7,1786,7941,0,10,99.99,1189,25.9,350.6
2026-05-19T11:46:55,41.9,1782,7941,2,10,99.99,1395,24.4,350.6
2026-05-19T11:47:00,44.8,1787,7941,1,7,99.99,1341,26.1,350.6
2026-05-19T11:47:06,46.1,1794,7941,0,10,99.99,1270,27.4,350.6
2026-05-19T11:47:11,44.2,1787,7941,0,10,99.99,1316,25.7,350.6
2026-05-19T11:47:16,44.3,1788,7941,0,11,99.99,1350,25.8,350.6
2026-05-19T11:47:21,45.7,1790,7941,0,8,99.99,1382,26.4,350.6
2026-05-19T11:47:27,47.4,1785,7941,0,11,99.99,1237,27.7,350.6
2026-05-19T11:47:32,45.0,1785,7941,3,6,99.99,1327,25.9,350.6
2026-05-19T11:47:38,44.7,1792,7941,1,10,99.99,1322,25.6,350.6
2026-05-19T11:47:43,42.5,1790,7941,1,8,99.99,1364,25.1,350.6
2026-05-19T11:47:48,46.8,1787,7941,1,9,99.99,1348,26.8,350.6
2026-05-19T11:47:53,44.4,1790,7941,0,11,99.99,1256,25.9,350.6
2026-05-19T11:47:59,49.6,1821,7941,2,9,99.99,1391,24.9,350.6
2026-05-19T11:48:04,46.5,1802,7941,0,10,99.99,1069,27.0,350.6
2026-05-19T11:48:09,46.4,1791,7941,2,7,99.99,1343,27.0,350.6
2026-05-19T11:48:15,46.1,1788,7941,1,10,99.99,1266,27.1,350.6
2026-05-19T11:48:20,46.4,1791,7941,0,11,99.99,1375,26.7,350.6
2026-05-19T11:48:25,44.5,1794,7941,1,9,99.99,1272,25.8,350.6
2026-05-19T11:48:31,43.8,1797,7941,1,8,99.99,1306,26.8,350.6
2026-05-19T11:48:36,45.4,1789,7941,1,9,99.99,1325,26.1,350.6
2026-05-19T11:48:41,44.3,1794,7941,1,10,99.99,1288,25.5,350.6
2026-05-19T11:48:47,44.9,1789,7941,0,11,99.99,1345,26.2,350.6
2026-05-19T11:48:52,43.1,1798,7941,2,8,99.99,1465,24.5,350.6
2026-05-19T11:48:57,45.1,1795,7941,0,11,99.99,1380,25.9,350.6
2026-05-19T11:49:03,45.7,1796,7941,1,8,99.99,1057,27.4,350.6
2026-05-19T11:49:08,44.5,1788,7941,0,10,99.99,1041,27.4,350.6
2026-05-19T11:49:13,44.6,1804,7941,0,10,99.99,1217,26.6,350.6
2026-05-19T11:49:19,46.7,1801,7941,0,10,99.99,1317,27.0,350.6
2026-05-19T11:49:24,45.4,1796,7941,3,7,99.99,1202,27.2,350.6
2026-05-19T11:49:29,43.8,1796,7941,0,11,99.99,1415,25.4,350.6
2026-05-19T11:49:35,43.9,1791,7941,2,9,99.99,1370,25.8,350.6
2026-05-19T11:49:40,43.6,1793,7941,0,9,99.99,1337,25.4,350.6
2026-05-19T11:49:45,45.3,1795,7941,0,11,99.99,1380,26.9,350.6
2026-05-19T11:49:51,44.5,1791,7941,1,10,99.99,1278,26.2,350.6
2026-05-19T11:49:56,46.9,1863,7941,1,11,99.99,1360,25.7,350.6
2026-05-19T11:50:01,44.3,1831,7941,0,10,99.99,1330,24.9,350.6
2026-05-19T11:50:07,46.6,1796,7941,2,9,99.99,971,28.7,350.6
2026-05-19T11:50:12,47.0,1797,7941,0,11,99.99,1353,27.4,350.6
2026-05-19T11:50:17,46.0,1793,7941,1,8,99.99,1202,27.7,350.6
2026-05-19T11:50:23,46.2,1797,7941,0,6,99.99,1368,26.5,350.6
2026-05-19T11:50:28,45.1,1799,7941,1,8,99.99,1254,27.1,350.6
2026-05-19T11:50:33,46.7,1796,7941,0,11,99.99,1379,27.2,350.6
2026-05-19T11:50:39,46.9,1798,7941,0,8,99.99,1316,27.0,350.6
2026-05-19T11:50:44,43.9,1796,7941,0,10,99.99,1398,25.2,350.6
2026-05-19T11:50:50,46.4,1791,7941,0,11,99.99,1200,27.7,350.6
2026-05-19T11:50:55,45.4,1800,7941,2,8,99.99,1250,27.4,350.6
2026-05-19T11:51:00,45.9,1808,7941,0,9,99.99,1317,25.9,350.6
2026-05-19T11:51:05,45.1,1801,7941,0,9,99.99,1078,26.7,350.6
2026-05-19T11:51:11,44.7,1799,7941,1,10,99.99,1329,25.4,350.6
2026-05-19T11:51:16,45.8,1796,7941,0,10,99.99,1460,26.5,350.6
2026-05-19T11:51:21,45.7,1806,7941,1,8,99.99,1193,27.7,350.6
2026-05-19T11:51:27,45.5,1801,7941,2,9,99.99,1240,26.8,350.6
2026-05-19T11:51:32,44.5,1802,7941,0,9,99.99,1210,26.8,350.6
2026-05-19T11:51:37,46.1,1794,7941,0,10,99.99,1373,26.5,350.6
2026-05-19T11:51:43,42.4,1807,7941,0,11,99.99,1425,24.6,350.6
2026-05-19T11:51:48,45.2,1802,7941,0,11,99.99,1307,26.2,350.6
2026-05-19T11:51:53,45.1,1804,7941,0,10,99.99,1283,26.5,350.6
2026-05-19T11:51:58,48.2,1850,7941,1,9,99.99,1359,24.8,350.6
2026-05-19T11:52:04,44.0,1816,7941,0,10,99.99,1022,27.2,350.6
2026-05-19T11:52:09,44.7,1812,7941,0,11,99.99,1184,27.0,350.6
2026-05-19T11:52:14,44.9,1801,7941,1,6,99.99,1427,25.4,350.6
2026-05-19T11:52:20,44.4,1806,7941,0,10,99.99,1314,26.1,350.6
2026-05-19T11:52:25,47.4,1799,7941,1,10,99.99,1254,27.2,350.6
2026-05-19T11:52:30,44.8,1807,7941,1,8,99.99,1355,26.7,350.6
2026-05-19T11:52:36,44.8,1797,7941,0,10,99.99,1364,25.9,350.6
2026-05-19T11:52:41,44.7,1799,7941,0,9,99.99,1351,26.0,350.6
2026-05-19T11:52:46,44.4,1803,7941,0,11,99.99,1289,25.9,350.6
2026-05-19T11:52:52,43.0,1805,7941,0,11,99.99,1176,26.6,350.6
2026-05-19T11:52:57,45.6,1804,7941,0,11,99.99,1380,26.4,350.6
2026-05-19T11:53:02,44.8,1806,7941,0,7,99.99,1135,26.6,350.6
2026-05-19T11:53:07,44.1,1807,7941,0,10,99.99,1335,26.2,350.6
2026-05-19T11:53:13,44.4,1805,7941,0,11,99.99,1288,26.5,350.6
2026-05-19T11:53:18,41.5,1799,7941,0,11,99.99,1419,24.7,350.6
2026-05-19T11:53:23,40.0,1798,7941,1,5,99.99,1353,23.4,350.6
2026-05-19T11:53:29,43.6,1797,7941,1,9,99.99,1489,26.4,350.6
2026-05-19T11:53:34,44.7,1799,7941,2,9,99.99,1139,26.8,350.6
2026-05-19T11:53:39,43.5,1805,7941,0,6,99.99,1385,25.7,350.6
2026-05-19T11:53:45,45.1,1793,7941,1,10,99.99,1391,26.5,350.6
2026-05-19T11:53:50,45.0,1797,7941,0,11,99.99,1152,26.4,350.6
2026-05-19T11:53:55,44.2,1845,7941,1,9,99.99,1384,26.1,350.6
2026-05-19T11:54:01,54.8,1816,7941,1,9,99.99,1211,27.4,350.6
2026-05-19T11:54:06,47.3,1798,7941,0,11,99.99,1207,27.7,350.6
2026-05-19T11:54:12,43.9,1796,7941,1,8,99.99,1339,25.9,350.6
2026-05-19T11:54:17,45.6,1791,7941,0,10,99.99,1213,27.2,350.6
2026-05-19T11:54:22,45.6,1798,7941,0,11,99.99,1321,25.9,350.6
2026-05-19T11:54:28,46.9,1797,7941,0,11,99.99,1367,26.7,350.6
2026-05-19T11:54:33,43.5,1804,7941,0,8,99.99,1297,25.4,350.6
2026-05-19T11:54:38,45.3,1800,7941,1,10,99.99,1371,25.6,350.6
2026-05-19T11:54:43,44.5,1804,7941,0,10,99.99,1385,25.4,350.6
2026-05-19T11:54:49,45.0,1801,7941,1,9,99.99,1399,25.8,350.6
2026-05-19T11:54:54,42.9,1801,7941,2,9,99.99,1276,24.6,350.6
2026-05-19T11:54:59,47.0,1810,7941,1,8,99.99,1474,26.8,350.6
2026-05-19T11:55:05,45.4,1805,7941,1,10,99.99,837,27.5,350.6
2026-05-19T11:55:10,45.0,1796,7941,0,10,99.99,1131,27.3,350.6
2026-05-19T11:55:15,43.1,1806,7941,0,11,99.99,1168,26.7,350.6
2026-05-19T11:55:21,41.6,1807,7941,0,11,99.99,1325,24.7,350.6
2026-05-19T11:55:26,43.2,1802,7941,1,9,99.99,1243,26.8,350.6
2026-05-19T11:55:31,45.7,1808,7941,2,9,99.99,1224,28.1,350.6
2026-05-19T11:55:37,46.0,1811,7941,0,10,99.99,1227,27.4,350.6
2026-05-19T11:55:42,44.7,1809,7941,1,10,99.99,1184,26.5,350.6
2026-05-19T11:55:47,47.7,1798,7941,0,9,99.99,1292,27.7,350.6
2026-05-19T11:55:52,45.5,1806,7941,1,10,99.99,1295,27.4,350.6
2026-05-19T11:55:58,49.7,1862,7941,0,10,99.99,1366,25.0,350.6
2026-05-19T11:56:03,45.2,1821,7941,1,7,99.99,1216,26.7,350.6
2026-05-19T11:56:08,43.7,1822,7941,0,10,99.99,1415,25.8,350.6
2026-05-19T11:56:14,43.0,1813,7941,0,11,99.99,1160,26.6,350.6
2026-05-19T11:56:19,43.2,1817,7941,0,11,99.99,1285,26.0,350.6
2026-05-19T11:56:24,42.4,1813,7941,1,10,99.99,1224,25.5,350.6
2026-05-19T11:56:29,43.2,1816,7941,1,10,99.99,1340,26.4,350.6
2026-05-19T11:56:35,44.6,1814,7941,0,10,99.99,1213,27.2,350.6
2026-05-19T11:56:40,41.8,1815,7941,0,10,99.99,1353,24.8,350.6
2026-05-19T11:56:45,43.4,1814,7941,0,9,99.99,1386,25.7,350.6
2026-05-19T11:56:51,39.8,1822,7941,0,10,99.99,1231,24.3,350.6
2026-05-19T11:56:56,45.4,1816,7941,0,9,99.99,1382,26.1,350.6
2026-05-19T11:57:01,45.7,1813,7941,0,9,99.99,1247,27.5,350.6
2026-05-19T11:57:07,46.9,1813,7941,1,10,99.99,1251,28.0,350.6
2026-05-19T11:57:12,45.5,1812,7941,0,11,99.99,1160,27.2,350.6
2026-05-19T11:57:17,42.4,1812,7941,0,10,99.99,1392,24.2,350.6
2026-05-19T11:57:23,44.1,1816,7941,0,9,99.99,1462,25.4,350.6
2026-05-19T11:57:28,46.2,1816,7941,1,10,99.99,1302,26.6,350.6
2026-05-19T11:57:33,44.9,1815,7941,1,8,99.99,1178,26.6,350.6
2026-05-19T11:57:38,42.4,1814,7941,0,11,99.99,1253,24.5,350.6
2026-05-19T11:57:44,43.3,1814,7941,2,9,99.99,1461,25.1,350.6
2026-05-19T11:57:49,45.3,1818,7941,0,9,99.99,1372,26.6,350.7
2026-05-19T11:57:54,38.6,1812,7941,1,10,99.99,1322,23.4,350.7
2026-05-19T11:58:00,49.7,1845,7941,1,10,99.99,1367,26.2,350.7
2026-05-19T11:58:05,45.2,1813,7941,1,10,99.99,1123,27.7,350.7
2026-05-19T11:58:10,42.4,1813,7941,1,10,99.99,1343,24.8,350.7
2026-05-19T11:58:16,44.9,1806,7941,0,10,99.99,1349,26.3,350.7
2026-05-19T11:58:21,43.5,1809,7941,1,10,99.99,1322,25.4,350.7
2026-05-19T11:58:26,45.8,1815,7941,0,11,99.99,1364,26.1,350.7
2026-05-19T11:58:32,44.0,1817,7941,0,6,99.99,1407,26.3,350.7
2026-05-19T11:58:37,44.6,1812,7941,1,10,99.99,1306,26.4,350.7
2026-05-19T11:58:42,42.0,1821,7941,1,9,99.99,1334,24.1,350.7
2026-05-19T11:58:48,44.0,1819,7941,0,11,99.99,1327,25.9,350.7
2026-05-19T11:58:53,43.1,1821,7941,0,11,99.99,1409,24.7,350.7
2026-05-19T11:58:58,45.4,1817,7941,1,9,99.99,1277,26.9,350.7
2026-05-19T11:59:04,47.4,1815,7941,0,11,99.99,1218,27.8,350.7
2026-05-19T11:59:09,45.1,1811,7941,0,10,99.99,1230,26.8,350.7
2026-05-19T11:59:14,44.6,1815,7941,0,11,99.99,1379,25.6,350.7
2026-05-19T11:59:19,46.7,1823,7941,0,9,99.99,1272,27.2,350.7
2026-05-19T11:59:25,44.8,1824,7941,1,9,99.99,1236,26.1,350.7
2026-05-19T11:59:30,44.2,1823,7941,0,10,99.99,1315,26.2,350.7
2026-05-19T11:59:36,45.0,1823,7941,0,11,99.99,1221,26.7,350.7
2026-05-19T11:59:41,43.3,1819,7941,0,8,99.99,1395,24.6,350.7
2026-05-19T11:59:46,45.8,1819,7941,0,9,99.99,1349,26.5,350.7
2026-05-19T11:59:51,43.2,1821,7941,0,11,99.99,1244,25.6,350.7
2026-05-19T11:59:57,49.6,1849,7941,0,11,99.99,1340,25.7,350.7
2026-05-19T12:00:02,44.1,1816,7941,4,5,99.99,1313,25.6,350.7
2026-05-19T12:00:08,46.3,1819,7941,0,10,99.99,723,30.1,350.7
2026-05-19T12:00:13,46.0,1818,7941,1,10,99.99,1154,27.4,350.7
2026-05-19T12:00:18,45.1,1820,7941,0,10,99.99,1394,26.8,350.7
2026-05-19T12:00:24,44.9,1817,7941,0,11,99.99,1322,26.5,350.7
2026-05-19T12:00:29,44.0,1818,7941,1,8,99.99,1262,26.8,350.7
2026-05-19T12:00:34,44.5,1817,7941,0,10,99.99,1315,27.0,350.7
2026-05-19T12:00:40,44.1,1824,7941,0,10,99.99,1285,25.7,350.8
2026-05-19T12:00:45,44.6,1824,7941,1,9,99.99,1429,26.2,350.8
2026-05-19T12:00:50,43.8,1821,7941,1,10,99.99,1283,26.2,350.8
2026-05-19T12:00:56,44.3,1841,7941,3,8,99.99,1357,25.6,350.8
2026-05-19T12:01:01,44.1,1831,7941,1,10,99.99,1303,25.6,350.8
2026-05-19T12:01:06,46.4,1817,7941,0,10,99.99,1273,27.8,350.8
2026-05-19T12:01:12,43.9,1819,7941,1,10,99.99,1159,26.8,350.8
2026-05-19T12:01:17,43.2,1823,7941,0,11,99.99,1355,24.9,350.8
2026-05-19T12:01:22,43.9,1821,7941,0,10,99.99,1458,24.9,350.8
2026-05-19T12:01:28,44.9,1823,7941,1,9,99.99,1255,26.2,350.8
2026-05-19T12:01:33,43.8,1824,7941,0,10,99.99,1346,25.6,350.8
2026-05-19T12:01:38,44.3,1821,7941,1,8,99.99,1479,25.7,350.8
2026-05-19T12:01:44,41.4,1821,7941,0,10,99.99,1232,23.8,350.8
2026-05-19T12:01:49,44.4,1825,7941,0,11,99.99,1426,25.8,350.8
2026-05-19T12:01:54,41.5,1822,7941,1,10,99.99,1348,24.1,350.8
2026-05-19T12:01:59,49.4,1867,7941,0,10,99.99,1365,24.9,350.8
2026-05-19T12:02:05,47.4,1841,7941,0,11,99.99,1309,27.5,350.8
2026-05-19T12:02:10,43.7,1832,7941,0,10,99.99,1292,26.1,350.8
2026-05-19T12:02:15,43.9,1825,7941,0,11,99.99,1237,25.9,350.8
2026-05-19T12:02:21,43.1,1829,7941,2,8,99.99,1394,25.6,350.8
2026-05-19T12:02:26,45.2,1827,7941,0,9,99.99,1390,25.8,350.8
2026-05-19T12:02:31,46.6,1829,7941,1,8,99.99,1334,26.5,350.8
2026-05-19T12:02:37,44.7,1825,7941,0,7,99.99,1359,26.5,350.8
2026-05-19T12:02:42,44.7,1834,7941,1,10,99.99,1296,25.9,350.8
2026-05-19T12:02:47,43.8,1831,7941,0,9,99.99,1377,26.2,350.8
2026-05-19T12:02:53,43.9,1838,7941,0,11,99.99,1302,26.1,350.8
2026-05-19T12:02:58,45.6,1853,7941,1,10,99.99,1331,24.2,350.8
2026-05-19T12:03:03,44.9,1829,7941,0,10,99.99,1271,25.9,350.8
2026-05-19T12:03:08,43.7,1826,7941,0,10,99.99,1371,26.3,350.8
2026-05-19T12:03:14,43.6,1828,7941,2,10,99.99,1347,25.4,350.8
2026-05-19T12:03:19,42.5,1834,7941,0,11,99.99,1260,24.9,350.8
2026-05-19T12:03:24,40.0,1837,7941,2,8,99.99,1449,23.3,350.8
2026-05-19T12:03:30,43.0,1834,7941,2,8,99.99,1491,24.9,350.8
2026-05-19T12:03:35,44.7,1826,7941,0,9,99.99,1344,26.2,350.8
2026-05-19T12:03:40,44.9,1826,7941,1,9,99.99,1357,25.4,350.8
2026-05-19T12:03:46,44.4,1826,7941,2,8,99.99,1332,25.9,350.8
2026-05-19T12:03:51,44.1,1833,7941,2,9,99.99,1288,26.4,350.8
2026-05-19T12:03:56,49.3,1901,7941,2,10,99.99,1250,27.2,350.8
2026-05-19T12:04:02,46.6,1844,7941,0,10,99.99,1178,27.1,350.8
2026-05-19T12:04:07,46.2,1841,7941,0,10,99.99,1219,27.7,350.8
2026-05-19T12:04:12,44.4,1836,7941,1,10,99.99,1369,25.7,350.8
2026-05-19T12:04:18,44.2,1835,7941,0,8,99.99,1382,25.9,350.8
2026-05-19T12:04:23,46.0,1834,7941,0,9,99.99,1312,27.4,350.8
2026-05-19T12:04:28,44.9,1834,7941,1,9,99.99,1114,26.9,350.8
2026-05-19T12:04:34,43.9,1839,7941,1,10,99.99,1342,26.2,350.8
2026-05-19T12:04:39,42.5,1843,7941,1,10,99.99,1316,25.4,350.8
2026-05-19T12:04:44,42.3,1843,7941,1,8,99.99,1343,24.3,350.8
2026-05-19T12:04:49,42.0,1843,7941,0,11,99.99,1225,24.9,350.8
2026-05-19T12:04:55,42.6,1832,7941,0,10,99.99,1443,24.6,350.8
2026-05-19T12:05:00,44.5,1845,7941,0,10,99.99,1299,26.1,350.8
2026-05-19T12:05:05,46.5,1832,7941,0,10,99.99,1047,27.6,350.8
2026-05-19T12:05:11,44.2,1837,7941,1,10,99.99,1246,26.7,350.8
2026-05-19T12:05:16,43.7,1833,7941,0,11,99.99,1417,25.4,350.8
2026-05-19T12:05:21,42.3,1839,7941,0,10,99.99,1320,25.2,350.8
2026-05-19T12:05:27,45.0,1835,7941,1,8,99.99,1276,26.1,350.8
2026-05-19T12:05:32,44.9,1841,7941,0,11,99.99,1402,26.3,350.8
2026-05-19T12:05:37,45.0,1839,7941,0,11,99.99,1306,25.9,350.8
2026-05-19T12:05:42,44.8,1839,7941,0,11,99.99,1316,25.6,350.8
2026-05-19T12:05:48,45.3,1832,7941,0,9,99.99,1384,26.1,350.8
2026-05-19T12:05:53,44.2,1847,7941,1,9,99.99,1251,26.8,350.8
2026-05-19T12:05:58,50.0,1879,7941,0,10,99.99,1358,25.8,350.8
2026-05-19T12:06:04,46.0,1848,7941,1,10,99.99,1166,27.1,350.8
2026-05-19T12:06:09,45.3,1841,7941,1,10,99.99,1286,26.5,350.8
2026-05-19T12:06:14,43.4,1835,7941,0,10,99.99,1386,25.4,350.8
2026-05-19T12:06:20,43.0,1839,7941,1,10,99.99,1367,25.1,350.8
2026-05-19T12:06:25,46.7,1838,7941,1,9,99.99,1372,26.8,350.8
2026-05-19T12:06:30,41.9,1838,7941,0,11,99.99,1379,24.4,350.8
2026-05-19T12:06:36,44.2,1837,7941,1,10,99.99,1322,25.4,350.8
2026-05-19T12:06:41,43.7,1843,7941,0,10,99.99,1406,25.9,350.8
2026-05-19T12:06:46,43.2,1850,7941,0,11,99.99,1393,24.9,350.8
2026-05-19T12:06:52,41.6,1844,7941,1,10,99.99,1300,24.9,350.8
2026-05-19T12:06:57,47.3,1849,7941,1,8,99.99,1261,27.1,350.8
2026-05-19T12:07:02,44.0,1848,7941,2,9,99.99,1090,26.6,350.8
2026-05-19T12:07:08,45.6,1844,7941,1,10,99.99,1371,26.7,350.8
2026-05-19T12:07:13,46.0,1841,7941,1,9,99.99,1376,26.5,350.8
2026-05-19T12:07:18,41.8,1840,7941,1,9,99.99,1403,24.5,350.8
2026-05-19T12:07:23,43.0,1841,7941,3,6,99.99,1349,25.4,350.8
2026-05-19T12:07:29,41.9,1840,7941,1,10,99.99,1325,24.4,350.8
2026-05-19T12:07:34,44.3,1849,7941,0,10,99.99,1409,26.0,350.8
2026-05-19T12:07:39,46.5,1853,7941,0,11,99.99,1308,27.0,350.8
2026-05-19T12:07:45,44.1,1846,7941,1,8,99.99,1356,25.5,350.8
2026-05-19T12:07:50,44.2,1852,7941,0,10,99.99,1299,26.3,350.8
2026-05-19T12:07:55,42.3,1848,7941,1,10,99.99,1407,24.8,350.8
2026-05-19T12:08:01,50.1,1866,7941,0,11,99.99,1176,26.5,350.8
2026-05-19T12:08:06,45.3,1843,7941,0,10,99.99,1230,27.6,350.8
2026-05-19T12:08:11,43.3,1849,7941,0,8,99.99,1265,26.2,350.8
2026-05-19T12:08:17,42.5,1848,7941,0,11,99.99,1315,24.6,350.8
2026-05-19T12:08:22,42.6,1850,7941,0,9,99.99,1396,25.2,350.8
2026-05-19T12:08:27,43.0,1849,7941,0,11,99.99,1312,25.5,350.8
2026-05-19T12:08:32,43.2,1849,7941,1,9,99.99,1231,26.5,350.8
2026-05-19T12:08:38,44.0,1851,7941,0,10,99.99,1258,26.6,350.8
2026-05-19T12:08:43,44.6,1850,7941,0,11,99.99,1384,25.7,350.8
2026-05-19T12:08:48,45.2,1850,7941,1,9,99.99,1262,26.7,350.8
2026-05-19T12:08:54,46.4,1861,7941,0,10,99.99,1323,27.5,350.8
2026-05-19T12:08:59,45.3,1852,7941,0,9,99.99,1232,25.9,350.8
2026-05-19T12:09:04,45.6,1842,7941,1,10,99.99,966,26.9,350.8
2026-05-19T12:09:10,44.8,1844,7941,0,11,99.99,979,27.9,350.8
2026-05-19T12:09:15,44.2,1843,7941,0,10,99.99,1322,25.1,350.8
2026-05-19T12:09:20,44.8,1844,7941,0,11,99.99,1340,25.8,350.8
2026-05-19T12:09:26,45.5,1850,7941,1,10,99.99,1411,27.0,350.8
2026-05-19T12:09:31,44.8,1856,7941,0,11,99.99,1230,26.1,350.8
2026-05-19T12:09:36,44.3,1853,7941,0,9,99.99,1301,25.2,350.8
2026-05-19T12:09:42,45.0,1848,7941,1,9,99.99,1331,26.4,350.8
2026-05-19T12:09:47,45.6,1846,7941,0,11,99.99,1246,26.9,350.8
2026-05-19T12:09:52,44.1,1853,7941,0,11,99.99,1371,25.8,350.8
2026-05-19T12:09:57,47.5,1894,7941,0,11,99.99,1400,24.3,350.8
2026-05-19T12:10:03,44.3,1868,7941,1,9,99.99,1149,25.6,350.8
2026-05-19T12:10:08,47.3,1845,7941,0,11,99.99,1047,27.5,350.8
2026-05-19T12:10:13,44.5,1852,7941,0,9,99.99,1431,26.7,350.8
2026-05-19T12:10:19,43.8,1843,7941,0,10,99.99,1131,27.3,350.8
2026-05-19T12:10:24,45.0,1853,7941,0,8,99.99,1316,26.4,350.8
2026-05-19T12:10:29,45.0,1846,7941,0,9,99.99,1089,28.1,350.8
2026-05-19T12:10:35,45.6,1850,7941,0,11,99.99,1271,26.8,350.8
2026-05-19T12:10:40,44.8,1853,7941,2,8,99.99,1250,26.5,350.8
2026-05-19T12:10:45,45.8,1846,7941,1,10,99.99,1306,26.6,350.8
2026-05-19T12:10:51,46.0,1846,7941,0,10,99.99,1251,26.6,350.8
2026-05-19T12:10:56,44.2,1884,7941,0,10,99.99,1397,25.1,350.8
2026-05-19T12:11:01,45.0,1870,7941,0,11,99.99,1188,26.9,350.8
2026-05-19T12:11:07,45.9,1859,7941,1,8,99.99,1186,27.3,350.8
2026-05-19T12:11:12,45.2,1862,7941,0,10,99.99,1273,26.2,350.8
2026-05-19T12:11:17,44.2,1859,7941,1,10,99.99,1245,26.3,350.8
2026-05-19T12:11:23,43.1,1856,7941,1,9,99.99,1516,25.4,350.8
2026-05-19T12:11:28,44.1,1851,7941,1,9,99.99,1232,25.2,350.8
2026-05-19T12:11:33,42.3,1858,7941,2,9,99.99,1316,25.7,350.8
2026-05-19T12:11:39,44.7,1850,7941,1,9,99.99,1388,25.4,350.8
2026-05-19T12:11:44,42.1,1861,7941,1,10,99.99,1300,24.7,350.8
2026-05-19T12:11:49,42.1,1861,7941,0,9,99.99,1358,24.7,350.8
2026-05-19T12:11:55,43.2,1858,7941,1,10,99.99,1411,24.7,350.8
2026-05-19T12:12:00,51.2,1866,7941,0,10,99.99,1373,26.6,350.8
2026-05-19T12:12:05,48.1,1862,7941,0,9,99.99,1104,27.7,350.8
2026-05-19T12:12:11,43.3,1851,7941,0,10,99.99,1352,24.4,350.8
2026-05-19T12:12:16,45.6,1855,7941,1,10,99.99,1312,26.9,350.8
2026-05-19T12:12:21,44.2,1855,7941,2,8,99.99,1419,26.2,350.8
2026-05-19T12:12:27,45.6,1859,7941,1,10,99.99,1196,27.1,350.8
2026-05-19T12:12:32,47.6,1863,7941,0,11,99.99,1231,28.1,350.8
2026-05-19T12:12:37,46.8,1859,7941,0,11,99.99,1344,27.2,350.8
2026-05-19T12:12:42,44.9,1857,7941,0,10,99.99,1319,26.2,350.8
2026-05-19T12:12:48,45.9,1857,7941,0,11,99.99,1305,26.8,350.8
2026-05-19T12:12:53,45.4,1857,7941,2,9,99.99,1399,25.8,350.9
2026-05-19T12:12:58,46.8,1877,7941,1,8,99.99,1335,25.2,350.9
2026-05-19T12:13:04,46.2,1860,7941,0,9,99.99,1155,27.5,350.9
2026-05-19T12:13:09,41.0,1863,7941,1,10,99.99,1308,24.5,350.9
2026-05-19T12:13:14,40.9,1864,7941,0,10,99.99,1347,24.6,350.9
2026-05-19T12:13:20,43.8,1868,7941,1,10,99.99,1377,25.5,350.9
2026-05-19T12:13:25,43.6,1864,7941,0,11,99.99,1450,25.4,350.9
2026-05-19T12:13:30,43.3,1868,7941,0,11,99.99,1315,25.6,350.9
2026-05-19T12:13:36,44.3,1868,7941,0,11,99.99,1300,25.7,350.9
2026-05-19T12:13:41,42.8,1861,7941,0,10,99.99,1379,24.7,350.9
2026-05-19T12:13:46,42.9,1857,7941,3,8,99.99,1267,25.6,350.9
2026-05-19T12:13:51,44.1,1861,7941,1,10,99.99,1372,25.8,350.9
2026-05-19T12:13:57,47.6,1932,7941,2,10,99.99,1399,24.6,350.9
2026-05-19T12:14:02,43.0,1876,7941,1,9,99.99,1255,25.4,350.9
2026-05-19T12:14:07,44.5,1868,7941,0,9,99.99,1261,27.2,350.9
2026-05-19T12:14:12,44.3,1865,7941,2,7,99.99,1255,26.4,350.9
2026-05-19T12:14:18,44.4,1866,7941,0,9,99.99,1267,26.5,350.9
2026-05-19T12:14:23,45.5,1863,7941,1,9,99.99,1310,26.8,350.9
2026-05-19T12:14:28,44.7,1862,7941,1,9,99.99,1307,26.0,350.9
2026-05-19T12:14:34,47.7,1868,7941,0,10,99.99,1270,28.0,350.9
2026-05-19T12:14:39,43.5,1864,7941,1,10,99.99,1244,26.4,350.9
2026-05-19T12:14:44,45.1,1858,7941,0,9,99.99,1416,25.6,350.9
2026-05-19T12:14:50,43.5,1860,7941,0,10,99.99,1272,26.9,350.9
2026-05-19T12:14:55,42.6,1858,7941,0,11,99.99,1334,24.4,350.9
2026-05-19T12:15:00,45.8,1866,7941,0,9,99.99,1376,26.2,350.9
2026-05-19T12:15:06,48.2,1859,7941,0,10,99.99,953,28.3,350.9
2026-05-19T12:15:11,45.7,1857,7941,1,10,99.99,1284,26.7,350.9
2026-05-19T12:15:16,43.9,1859,7941,0,7,99.99,1349,26.3,350.9
2026-05-19T12:15:22,44.6,1869,7941,0,9,99.99,1334,25.9,350.9
2026-05-19T12:15:27,47.2,1869,7941,0,11,99.99,1315,27.1,350.9
2026-05-19T12:15:32,44.4,1868,7941,0,9,99.99,1222,27.4,350.9
2026-05-19T12:15:38,46.3,1871,7941,0,11,99.99,1288,27.1,350.9
2026-05-19T12:15:43,45.5,1869,7941,1,10,99.99,1278,26.3,350.9
2026-05-19T12:15:48,44.7,1867,7941,1,10,99.99,1328,26.1,350.9
2026-05-19T12:15:54,44.8,1867,7941,0,11,99.99,1418,25.6,350.9
2026-05-19T12:15:59,49.8,1911,7941,0,10,99.99,1208,25.9,350.9
2026-05-19T12:16:04,47.6,1877,7941,0,11,99.99,1264,26.7,350.9
2026-05-19T12:16:10,45.0,1867,7941,0,9,99.99,1255,26.4,350.9
2026-05-19T12:16:15,44.6,1865,7941,1,8,99.99,1297,26.6,350.9
2026-05-19T12:16:20,42.4,1869,7941,0,9,99.99,1324,24.5,350.9
2026-05-19T12:16:26,44.8,1870,7941,0,10,99.99,1393,26.1,350.9
2026-05-19T12:16:31,44.4,1865,7941,0,11,99.99,1276,26.5,350.9
2026-05-19T12:16:36,44.8,1867,7941,0,11,99.99,1264,26.7,350.9
2026-05-19T12:16:42,43.4,1873,7941,1,8,99.99,1320,25.8,350.9
2026-05-19T12:16:47,43.3,1865,7941,0,9,99.99,1330,25.4,350.9
2026-05-19T12:16:52,42.8,1872,7941,1,9,99.99,1349,25.7,350.9
2026-05-19T12:16:57,45.4,1872,7941,0,10,99.99,1331,26.9,350.9
2026-05-19T12:17:03,43.8,1871,7941,1,10,99.99,1162,26.7,350.9
2026-05-19T12:17:08,44.8,1872,7941,0,11,99.99,1283,26.4,350.9
2026-05-19T12:17:13,44.4,1870,7941,0,8,99.99,1196,27.6,350.9
2026-05-19T12:17:19,44.8,1875,7941,1,8,99.99,1273,26.5,351.1
2026-05-19T12:17:24,45.5,1868,7941,0,11,99.99,1332,26.2,351.1
2026-05-19T12:17:29,43.6,1872,7941,0,11,99.99,1281,26.4,351.1
2026-05-19T12:17:35,45.3,1873,7941,1,10,99.99,1382,26.2,351.1
2026-05-19T12:17:40,43.9,1876,7941,1,8,99.99,1232,26.2,351.1
2026-05-19T12:17:45,46.8,1879,7941,0,11,99.99,1372,27.0,351.2
2026-05-19T12:17:51,43.6,1878,7941,1,10,99.99,1267,26.2,351.2
2026-05-19T12:17:56,44.6,1914,7941,2,10,99.99,1364,24.9,351.2
2026-05-19T12:18:01,47.3,1870,7941,0,11,99.99,1213,25.7,351.2
2026-05-19T12:18:07,46.4,1868,7941,0,8,99.99,1319,27.1,351.2
2026-05-19T12:18:12,43.4,1874,7941,0,11,99.99,1305,25.2,351.2
2026-05-19T12:18:17,39.1,1876,7941,1,8,99.99,1390,23.2,351.2
2026-05-19T12:18:23,43.0,1878,7941,0,10,99.99,1346,25.4,351.2
2026-05-19T12:18:28,45.4,1870,7941,1,10,99.99,1459,26.9,351.2
2026-05-19T12:18:33,45.4,1860,7941,1,9,99.99,1185,27.0,351.2
2026-05-19T12:18:39,45.5,1859,7941,1,8,99.99,1221,27.2,351.2
2026-05-19T12:18:44,46.2,1863,7941,0,9,99.99,1235,27.5,351.2
2026-05-19T12:18:49,43.5,1878,7941,1,7,99.99,1314,25.2,351.2
2026-05-19T12:18:55,44.7,1872,7941,1,9,99.99,1455,26.2,351.2
2026-05-19T12:19:00,47.4,1870,7941,1,8,99.99,1239,26.6,351.2
2026-05-19T12:19:05,45.7,1857,7941,0,11,99.99,1038,27.6,351.2
2026-05-19T12:19:11,45.8,1866,7941,1,9,99.99,1340,27.0,351.2
2026-05-19T12:19:16,44.4,1861,7941,0,9,99.99,1281,26.6,351.2
2026-05-19T12:19:21,44.8,1870,7941,0,11,99.99,1351,27.1,351.2
2026-05-19T12:19:27,46.2,1867,7941,0,11,99.99,1268,27.3,351.2
2026-05-19T12:19:32,44.6,1875,7941,0,8,99.99,1306,26.9,351.2
2026-05-19T12:19:37,45.9,1874,7941,0,10,99.99,1236,27.2,351.2
2026-05-19T12:19:43,43.1,1874,7941,2,9,99.99,1356,24.6,351.2
2026-05-19T12:19:48,45.3,1875,7941,1,9,99.99,1425,26.5,351.2
2026-05-19T12:19:53,44.4,1878,7941,1,9,99.99,1327,26.1,351.2
2026-05-19T12:19:59,50.3,1908,7941,2,7,99.99,1442,25.6,351.2
2026-05-19T12:20:04,46.2,1883,7941,1,7,99.99,811,28.3,351.2
2026-05-19T12:20:09,45.6,1869,7941,1,8,99.99,1170,26.9,351.2
2026-05-19T12:20:15,45.0,1868,7941,0,8,99.99,1232,27.3,351.2
2026-05-19T12:20:20,46.3,1869,7941,1,9,99.99,1332,27.1,351.2
2026-05-19T12:20:25,44.5,1877,7941,0,10,99.99,1239,26.5,351.2
2026-05-19T12:20:31,43.9,1874,7941,1,9,99.99,1251,26.4,351.2
2026-05-19T12:20:36,45.7,1872,7941,0,10,99.99,1251,26.9,351.2
2026-05-19T12:20:41,42.8,1871,7941,0,10,99.99,1410,25.4,351.2
2026-05-19T12:20:47,45.1,1861,7941,1,8,99.99,1359,26.5,351.2
2026-05-19T12:20:52,46.0,1872,7941,0,8,99.99,1123,27.6,351.2
2026-05-19T12:20:57,45.6,1868,7941,1,8,99.99,1332,26.8,351.2
2026-05-19T12:21:02,45.5,1873,7941,0,11,99.99,1156,26.7,351.2
2026-05-19T12:21:08,44.2,1870,7941,1,10,99.99,1412,26.2,351.2
2026-05-19T12:21:13,43.9,1877,7941,0,9,99.99,1402,26.0,351.2
2026-05-19T12:21:18,44.0,1877,7941,1,10,99.99,1299,26.2,351.2
2026-05-19T12:21:24,45.6,1879,7941,0,11,99.99,1327,27.1,351.2
2026-05-19T12:21:29,44.6,1870,7941,0,10,99.99,1303,26.3,351.2
2026-05-19T12:21:34,46.2,1870,7941,2,8,99.99,1178,27.3,351.2
2026-05-19T12:21:40,46.0,1874,7941,0,9,99.99,1335,27.4,351.2
2026-05-19T12:21:45,42.1,1875,7941,1,8,99.99,1338,24.9,351.2
2026-05-19T12:21:50,44.1,1880,7941,3,7,99.99,1215,26.4,351.2
2026-05-19T12:21:56,45.2,1889,7941,2,10,99.99,1366,26.6,351.2
2026-05-19T12:22:01,50.0,1881,7941,1,9,99.99,1104,26.2,351.2
2026-05-19T12:22:06,47.7,1876,7941,0,9,99.99,1195,27.7,351.2
2026-05-19T12:22:12,44.4,1882,7941,1,10,99.99,1329,25.9,351.2
2026-05-19T12:22:17,43.7,1876,7941,1,10,99.99,1116,26.6,351.2
2026-05-19T12:22:22,42.5,1883,7941,1,9,99.99,1302,25.9,351.2
2026-05-19T12:22:28,46.7,1882,7941,1,8,99.99,1283,27.4,351.2
2026-05-19T12:22:33,44.7,1887,7941,0,10,99.99,1182,27.1,351.2
2026-05-19T12:22:38,43.7,1883,7941,1,10,99.99,1208,26.1,351.2
2026-05-19T12:22:44,43.6,1884,7941,1,8,99.99,1375,25.6,351.2
2026-05-19T12:22:49,43.2,1884,7941,1,8,99.99,1318,26.5,351.2
2026-05-19T12:22:54,41.8,1880,7941,0,9,99.99,1314,24.3,351.2
2026-05-19T12:23:00,46.9,1883,7941,0,9,99.99,1377,27.2,351.2
2026-05-19T12:23:05,46.7,1871,7941,0,11,99.99,1066,28.0,351.2
2026-05-19T12:23:10,42.6,1881,7941,0,10,99.99,1224,25.1,351.2
2026-05-19T12:23:16,40.1,1870,7941,2,9,99.99,1540,23.3,351.2
2026-05-19T12:23:21,37.8,1875,7941,1,9,99.99,1319,22.4,351.2
2026-05-19T12:23:26,40.5,1883,7941,0,11,99.99,1323,23.6,351.2
2026-05-19T12:23:31,40.4,1882,7941,0,11,99.99,1415,24.3,351.2
2026-05-19T12:23:37,37.9,1881,7941,1,10,99.99,1288,21.9,351.2
2026-05-19T12:23:42,38.7,1892,7941,0,11,99.99,1491,22.9,351.2
2026-05-19T12:23:47,43.0,1880,7941,0,9,99.99,1367,25.7,351.2
2026-05-19T12:23:52,38.9,1881,7941,0,11,99.99,1377,23.1,351.2
2026-05-19T12:23:58,46.4,1951,7941,1,11,99.99,1353,23.3,351.2
2026-05-19T12:24:03,43.7,1898,7941,1,10,99.99,1321,25.3,351.2
2026-05-19T12:24:08,38.9,1879,7941,0,11,99.99,1334,22.5,351.2
2026-05-19T12:24:13,38.5,1892,7941,1,10,99.99,1455,23.0,351.2
2026-05-19T12:24:19,38.8,1886,7941,1,9,99.99,1299,23.0,351.2
2026-05-19T12:24:24,39.3,1882,7941,0,11,99.99,1426,22.8,351.2
2026-05-19T12:24:29,39.0,1886,7941,1,10,99.99,1445,23.5,351.2
2026-05-19T12:24:34,42.6,1888,7941,0,10,99.99,1278,24.9,351.2
2026-05-19T12:24:40,40.6,1888,7941,0,11,99.99,1451,23.6,351.2
2026-05-19T12:24:45,38.5,1881,7941,1,9,99.99,1405,22.4,351.2
2026-05-19T12:24:50,41.7,1883,7941,1,10,99.99,1345,24.6,351.2
2026-05-19T12:24:56,39.8,1886,7941,2,9,99.99,1333,24.0,351.2
2026-05-19T12:25:01,42.5,1889,7941,2,8,99.99,1471,25.0,351.2
2026-05-19T12:25:06,44.8,1884,7941,0,11,99.99,1178,26.1,351.2
2026-05-19T12:25:11,41.8,1892,7941,0,11,99.99,1398,24.1,351.2
2026-05-19T12:25:17,39.9,1886,7941,0,8,99.99,1381,24.3,351.2
2026-05-19T12:25:22,40.0,1888,7941,2,9,99.99,1249,23.4,351.2
2026-05-19T12:25:27,42.2,1886,7941,0,11,99.99,1428,25.2,351.2
2026-05-19T12:25:33,40.6,1887,7941,0,11,99.99,1372,24.0,351.2
2026-05-19T12:25:38,39.5,1886,7941,1,9,99.99,1365,23.2,351.2
2026-05-19T12:25:43,41.9,1897,7941,0,11,99.99,1445,24.8,351.3
2026-05-19T12:25:48,41.3,1890,7941,1,10,99.99,1378,24.7,351.3
2026-05-19T12:25:54,40.8,1890,7941,0,10,99.99,1380,25.4,351.3
2026-05-19T12:25:59,44.8,1932,7941,0,11,99.99,1319,23.5,351.3
2026-05-19T12:26:04,43.4,1894,7941,0,11,99.99,1273,25.8,351.3
2026-05-19T12:26:10,40.6,1894,7941,0,8,99.99,1411,24.2,351.3
2026-05-19T12:26:15,40.2,1878,7941,0,11,99.99,1392,23.2,351.3
2026-05-19T12:26:20,37.6,1887,7941,2,7,99.99,1472,21.9,351.3
2026-05-19T12:26:25,39.4,1883,7941,1,10,99.99,1285,23.2,351.3
2026-05-19T12:26:31,40.9,1886,7941,2,9,99.99,1375,23.8,351.3
2026-05-19T12:26:36,42.3,1881,7941,0,11,99.99,1467,24.8,351.3
2026-05-19T12:26:41,38.3,1887,7941,1,10,99.99,1232,22.4,351.3
2026-05-19T12:26:47,40.3,1887,7941,1,8,99.99,1420,23.8,351.3
2026-05-19T12:26:52,38.1,1893,7941,0,11,99.99,1409,23.2,351.3
2026-05-19T12:26:57,36.5,1894,7941,0,11,99.99,1410,21.4,351.3
2026-05-19T12:27:02,41.5,1897,7941,0,11,99.99,1308,24.7,351.3
2026-05-19T12:27:08,39.2,1893,7941,1,10,99.99,1411,23.4,351.3
2026-05-19T12:27:13,36.7,1894,7941,0,11,99.99,1412,22.1,351.3
2026-05-19T12:27:18,40.0,1883,7941,1,9,99.99,1345,23.2,351.3
2026-05-19T12:27:23,39.8,1892,7941,0,11,99.99,1354,23.1,351.3
2026-05-19T12:27:29,39.4,1892,7941,0,10,99.99,1436,23.4,351.3
2026-05-19T12:27:34,39.1,1894,7941,0,10,99.99,1423,23.1,351.3
2026-05-19T12:27:39,38.4,1893,7941,0,11,99.99,1337,22.6,351.3
2026-05-19T12:27:44,37.8,1892,7941,0,7,99.99,1378,22.4,351.3
2026-05-19T12:27:50,40.4,1892,7941,0,11,99.99,1358,24.4,351.3
2026-05-19T12:27:55,39.2,1892,7941,0,10,99.99,1398,23.8,351.3
2026-05-19T12:28:00,45.9,1942,7941,0,8,99.99,1393,23.8,351.3
2026-05-19T12:28:06,43.2,1897,7941,0,10,99.99,1333,25.7,351.3
2026-05-19T12:28:11,39.3,1901,7941,0,10,99.99,1389,23.7,351.3
2026-05-19T12:28:16,40.6,1894,7941,0,9,99.99,1419,24.7,351.3
2026-05-19T12:28:21,39.2,1908,7941,0,10,99.99,1255,23.4,351.3
2026-05-19T12:28:27,39.3,1901,7941,0,11,99.99,1444,23.2,351.3
2026-05-19T12:28:32,40.2,1900,7941,1,9,99.99,1388,23.6,351.3
2026-05-19T12:28:37,39.9,1901,7941,0,11,99.99,1406,23.6,351.3
2026-05-19T12:28:43,43.7,1906,7941,1,10,99.99,1327,25.3,351.3
2026-05-19T12:28:48,44.4,1901,7941,1,9,99.99,1286,26.2,351.3
2026-05-19T12:28:53,42.7,1895,7941,0,11,99.99,1326,24.8,351.3
2026-05-19T12:28:58,43.4,1904,7941,0,11,99.99,1314,25.4,351.3
2026-05-19T12:29:04,44.9,1902,7941,1,10,99.99,1182,26.8,351.3
2026-05-19T12:29:09,45.5,1900,7941,0,9,99.99,1249,26.2,351.3
2026-05-19T12:29:14,44.9,1898,7941,0,10,99.99,1324,27.2,351.3
2026-05-19T12:29:20,42.9,1899,7941,0,11,99.99,1349,25.1,351.3
2026-05-19T12:29:25,45.3,1898,7941,0,10,99.99,1278,26.0,351.3
2026-05-19T12:29:30,46.3,1904,7941,1,10,99.99,1270,27.6,351.3
2026-05-19T12:29:36,45.0,1900,7941,1,10,99.99,1272,26.8,351.3
2026-05-19T12:29:41,44.5,1901,7941,0,10,99.99,1335,26.9,351.3
2026-05-19T12:29:46,45.1,1897,7941,1,9,99.99,1253,26.7,351.3
2026-05-19T12:29:52,45.0,1905,7941,0,9,99.99,1278,26.7,351.3
2026-05-19T12:29:57,51.3,1970,7941,2,9,99.99,1258,26.9,351.3
2026-05-19T12:30:02,44.9,1898,7941,0,9,99.99,1102,26.9,351.3
2026-05-19T12:30:08,45.0,1895,7941,1,10,99.99,933,28.9,351.3
2026-05-19T12:30:13,46.4,1903,7941,0,11,99.99,1245,27.2,351.3
2026-05-19T12:30:19,46.4,1901,7941,0,10,99.99,1247,27.9,351.3
2026-05-19T12:30:24,44.6,1903,7941,0,10,99.99,1256,26.9,351.4
2026-05-19T12:30:29,45.0,1907,7941,1,10,99.99,1280,26.4,351.4
2026-05-19T12:30:35,45.0,1909,7941,0,10,99.99,1282,27.4,351.4
2026-05-19T12:30:40,43.9,1912,7941,0,11,99.99,1278,25.9,351.5
2026-05-19T12:30:45,45.3,1902,7941,1,10,99.99,1291,25.7,351.5
2026-05-19T12:30:51,44.8,1902,7941,1,9,99.99,1290,26.8,351.5
2026-05-19T12:30:56,45.0,1906,7941,1,11,99.99,1410,25.7,351.5
2026-05-19T12:31:01,45.4,1906,7941,0,11,99.99,1297,25.4,351.5
2026-05-19T12:31:07,46.6,1902,7941,1,7,99.99,1205,27.5,351.5
2026-05-19T12:31:12,45.3,1899,7941,1,9,99.99,1297,26.4,351.5
2026-05-19T12:31:17,44.8,1895,7941,0,10,99.99,1360,25.4,351.5
2026-05-19T12:31:23,44.8,1901,7941,1,10,99.99,1330,26.4,351.5
2026-05-19T12:31:28,44.1,1894,7941,1,10,99.99,1229,26.7,351.5
2026-05-19T12:31:33,45.1,1899,7941,0,11,99.99,1243,26.2,351.5
2026-05-19T12:31:39,46.6,1899,7941,0,11,99.99,1325,27.2,351.5
2026-05-19T12:31:44,44.4,1899,7941,1,8,99.99,1302,25.8,351.5
2026-05-19T12:31:49,43.1,1902,7941,0,8,99.99,1296,24.9,351.5
2026-05-19T12:31:54,43.5,1896,7941,0,9,99.99,1448,25.4,351.5
2026-05-19T12:32:00,48.6,1938,7941,1,10,99.99,1327,24.9,351.5
2026-05-19T12:32:05,46.2,1896,7941,1,10,99.99,1150,27.1,351.5
2026-05-19T12:32:11,44.7,1898,7941,1,8,99.99,1369,26.8,351.5
2026-05-19T12:32:16,43.4,1900,7941,0,10,99.99,1340,24.8,351.5
2026-05-19T12:32:21,44.8,1903,7941,0,9,99.99,1359,26.1,351.5
2026-05-19T12:32:26,46.2,1900,7941,0,10,99.99,1336,27.1,351.5
2026-05-19T12:32:32,44.6,1907,7941,0,10,99.99,1271,26.2,351.5
2026-05-19T12:32:37,44.8,1902,7941,1,10,99.99,1404,26.6,351.5
2026-05-19T12:32:42,45.1,1898,7941,0,10,99.99,1201,26.8,351.5
2026-05-19T12:32:48,44.3,1894,7941,0,10,99.99,1304,25.9,351.5
2026-05-19T12:32:53,44.8,1901,7941,0,9,99.99,1361,26.8,351.5
2026-05-19T12:32:58,44.7,1907,7941,0,9,99.99,1293,25.9,351.5
2026-05-19T12:33:04,46.5,1905,7941,1,8,99.99,1144,27.2,351.5
2026-05-19T12:33:09,45.3,1898,7941,0,10,99.99,1295,26.5,351.5
2026-05-19T12:33:14,45.1,1911,7941,1,9,99.99,1309,26.5,351.5
2026-05-19T12:33:20,43.9,1910,7941,0,10,99.99,1270,25.6,351.5
2026-05-19T12:33:25,45.1,1900,7941,0,10,99.99,1302,26.6,351.5
2026-05-19T12:33:30,44.4,1905,7941,1,8,99.99,1320,26.0,351.5
2026-05-19T12:33:36,45.8,1903,7941,0,10,99.99,1186,26.9,351.5
2026-05-19T12:33:41,43.3,1917,7941,0,9,99.99,1451,24.9,351.5
2026-05-19T12:33:46,43.0,1911,7941,2,8,99.99,1332,25.2,351.5
2026-05-19T12:33:51,43.3,1907,7941,1,8,99.99,1325,25.5,351.5
2026-05-19T12:33:57,46.5,1974,7941,1,11,99.99,1450,25.5,351.5
2026-05-19T12:34:02,46.1,1935,7941,0,8,99.99,1116,26.1,351.5
2026-05-19T12:34:07,45.7,1907,7941,1,10,99.99,1292,26.7,351.5
2026-05-19T12:34:13,44.0,1905,7941,0,9,99.99,1357,26.4,351.5
2026-05-19T12:34:18,43.8,1908,7941,0,11,99.99,1244,26.1,351.5
2026-05-19T12:34:23,44.5,1911,7941,0,10,99.99,1286,26.6,351.5
2026-05-19T12:34:29,45.9,1910,7941,1,10,99.99,1398,27.6,351.5
2026-05-19T12:34:34,45.3,1909,7941,0,11,99.99,1228,25.9,351.5
2026-05-19T12:34:39,44.5,1903,7941,0,11,99.99,1354,26.5,351.4
2026-05-19T12:34:45,46.2,1902,7941,0,10,99.99,1233,27.2,351.5
2026-05-19T12:34:50,44.4,1909,7941,0,8,99.99,1289,26.5,351.5
2026-05-19T12:34:55,45.0,1904,7941,1,8,99.99,1287,26.8,351.5
2026-05-19T12:35:01,47.2,1906,7941,1,9,99.99,1366,25.8,351.5
2026-05-19T12:35:06,44.8,1900,7941,1,10,99.99,1046,27.5,351.5
2026-05-19T12:35:11,44.1,1906,7941,0,11,99.99,1125,26.2,351.5
2026-05-19T12:35:17,43.9,1905,7941,2,8,99.99,1363,25.9,351.5
2026-05-19T12:35:22,44.1,1909,7941,0,10,99.99,1354,25.9,351.5
2026-05-19T12:35:27,44.3,1906,7941,0,10,99.99,1225,26.1,351.5
2026-05-19T12:35:33,45.9,1910,7941,2,8,99.99,1288,27.8,351.5
2026-05-19T12:35:38,45.0,1904,7941,0,10,99.99,1214,26.9,351.5
2026-05-19T12:35:43,46.7,1910,7941,0,10,99.99,1253,26.5,351.5
2026-05-19T12:35:49,44.6,1907,7941,1,10,99.99,1353,26.8,351.5
2026-05-19T12:35:54,44.4,1908,7941,0,11,99.99,1258,25.5,351.5
2026-05-19T12:35:59,56.0,1954,7941,0,11,99.99,1444,25.9,351.5
2026-05-19T12:36:05,46.6,1929,7941,2,7,99.99,1153,27.1,351.5
2026-05-19T12:36:10,43.9,1923,7941,0,10,99.99,1321,25.2,351.5
2026-05-19T12:36:15,44.1,1918,7941,1,10,99.99,1404,25.4,351.5
2026-05-19T12:36:20,43.3,1911,7941,1,9,99.99,1469,25.0,351.5
2026-05-19T12:36:26,44.5,1908,7941,1,9,99.99,1372,25.4,351.5
2026-05-19T12:36:31,46.6,1911,7941,0,11,99.99,1307,27.5,351.4
2026-05-19T12:36:36,44.1,1912,7941,0,10,99.99,1292,25.9,351.5
2026-05-19T12:36:42,45.8,1909,7941,0,9,99.99,1303,26.6,351.5
2026-05-19T12:36:47,45.3,1907,7941,0,11,99.99,1278,26.6,351.5
2026-05-19T12:36:52,43.4,1915,7941,1,10,99.99,1379,25.1,351.5
2026-05-19T12:36:58,42.0,1918,7941,0,11,99.99,1380,23.4,351.5
2026-05-19T12:37:03,44.6,1905,7941,1,10,99.99,1275,26.4,351.4
2026-05-19T12:37:08,44.4,1910,7941,1,10,99.99,1257,27.0,351.5
2026-05-19T12:37:13,42.5,1920,7941,1,9,99.99,1268,24.4,351.5
2026-05-19T12:37:19,43.7,1916,7941,0,11,99.99,1331,26.5,351.5
2026-05-19T12:37:24,44.0,1905,7941,0,11,99.99,1325,25.9,351.5
2026-05-19T12:37:29,42.7,1912,7941,0,9,99.99,1320,25.1,351.5
2026-05-19T12:37:35,45.4,1916,7941,0,11,99.99,1278,27.6,351.5
2026-05-19T12:37:40,42.0,1916,7941,1,9,99.99,1369,24.3,351.5
2026-05-19T12:37:45,46.2,1907,7941,0,10,99.99,1142,27.4,351.5
2026-05-19T12:37:50,43.3,1916,7941,0,11,99.99,1399,25.8,351.5
2026-05-19T12:37:56,41.1,1917,7941,3,9,99.99,1343,24.8,351.5
2026-05-19T12:38:01,50.1,1941,7941,0,10,99.99,1327,26.8,351.4
2026-05-19T12:38:06,44.6,1905,7941,0,11,99.99,1193,26.9,351.4
2026-05-19T12:38:12,43.1,1911,7941,0,10,99.99,1327,25.7,351.4
2026-05-19T12:38:17,44.6,1914,7941,0,10,99.99,1412,26.2,351.4
2026-05-19T12:38:22,44.8,1914,7941,0,11,99.99,1255,26.2,351.4
2026-05-19T12:38:28,44.3,1911,7941,0,10,99.99,1379,25.8,351.4
2026-05-19T12:38:33,44.1,1915,7941,0,11,99.99,1308,26.3,351.4
2026-05-19T12:38:38,38.6,1916,7941,0,10,99.99,1321,23.2,351.4
2026-05-19T12:38:43,40.8,1920,7941,0,11,99.99,1299,23.6,351.4
2026-05-19T12:38:49,44.1,1915,7941,0,10,99.99,1264,26.5,351.4
2026-05-19T12:38:54,42.0,1918,7941,0,11,99.99,1376,24.2,351.4
2026-05-19T12:38:59,42.5,1923,7941,1,10,99.99,1469,24.8,351.4
2026-05-19T12:39:05,45.6,1913,7941,0,10,99.99,820,27.5,351.4
2026-05-19T12:39:10,44.6,1917,7941,1,9,99.99,1284,26.6,351.4
2026-05-19T12:39:15,43.2,1920,7941,0,10,99.99,1333,25.2,351.4
2026-05-19T12:39:20,44.5,1914,7941,0,11,99.99,1264,26.1,351.4
2026-05-19T12:39:26,44.8,1910,7941,0,11,99.99,1425,25.6,351.4
2026-05-19T12:39:31,45.8,1916,7941,0,11,99.99,1234,26.7,351.4
2026-05-19T12:39:36,46.7,1913,7941,2,9,99.99,1259,27.4,351.4
2026-05-19T12:39:42,46.7,1918,7941,0,8,99.99,1383,27.2,351.4
2026-05-19T12:39:47,47.1,1920,7941,0,11,99.99,1229,26.4,351.4
2026-05-19T12:39:52,47.8,1923,7941,0,9,99.99,1302,27.5,351.4
2026-05-19T12:39:58,52.2,2003,7941,1,9,99.99,1300,26.9,351.4
2026-05-19T12:40:03,44.7,1943,7941,0,11,99.99,944,26.9,351.4
2026-05-19T12:40:08,47.6,1929,7941,2,8,99.99,1276,28.3,351.4
2026-05-19T12:40:14,47.6,1932,7941,0,11,99.99,1290,27.4,351.4
2026-05-19T12:40:19,44.0,1923,7941,0,11,99.99,1286,25.8,351.4
2026-05-19T12:40:24,44.2,1934,7941,0,9,99.99,1339,26.6,351.4
2026-05-19T12:40:30,42.1,1934,7941,0,11,99.99,1283,25.1,351.4
2026-05-19T12:40:35,45.1,1928,7941,0,11,99.99,1347,26.1,351.4
2026-05-19T12:40:40,42.4,1933,7941,1,8,99.99,1346,25.0,351.4
2026-05-19T12:40:46,44.3,1933,7941,0,11,99.99,1268,25.9,351.4
2026-05-19T12:40:51,43.0,1927,7941,1,9,99.99,1370,25.5,351.4
2026-05-19T12:40:56,41.3,1932,7941,0,11,99.99,1422,24.2,351.4
2026-05-19T12:41:02,44.4,1934,7941,0,10,99.99,1308,26.1,351.4
2026-05-19T12:41:07,45.1,1927,7941,0,9,99.99,1232,27.2,351.4
2026-05-19T12:41:12,43.7,1931,7941,1,9,99.99,1338,25.9,351.4
2026-05-19T12:41:18,43.4,1929,7941,0,11,99.99,1287,25.0,351.5
2026-05-19T12:41:23,43.5,1932,7941,1,8,99.99,1490,25.4,351.5
2026-05-19T12:41:28,44.6,1934,7941,0,10,99.99,1208,26.7,351.5
2026-05-19T12:41:34,44.3,1932,7941,2,8,99.99,1290,26.8,351.5
2026-05-19T12:41:39,43.9,1928,7941,0,9,99.99,1395,25.7,351.5
2026-05-19T12:41:44,43.4,1929,7941,0,9,99.99,1325,25.8,351.5
2026-05-19T12:41:50,46.0,1927,7941,0,7,99.99,1286,26.6,351.5
2026-05-19T12:41:55,40.6,1930,7941,1,10,99.99,1397,24.6,351.4
2026-05-19T12:42:00,45.1,1975,7941,0,10,99.99,1318,23.9,351.4
2026-05-19T12:42:06,44.8,1945,7941,1,10,99.99,1183,26.8,351.4
2026-05-19T12:42:11,43.8,1934,7941,0,10,99.99,1427,26.8,351.4
2026-05-19T12:42:16,41.4,1937,7941,1,10,99.99,1327,24.2,351.4
2026-05-19T12:42:21,43.4,1936,7941,1,7,99.99,1447,25.4,351.4
2026-05-19T12:42:27,46.7,1934,7941,1,8,99.99,1207,28.3,351.4
2026-05-19T12:42:32,46.0,1934,7941,1,10,99.99,1174,27.1,351.4
2026-05-19T12:42:37,42.5,1944,7941,2,8,99.99,1431,24.6,351.4
2026-05-19T12:42:43,42.8,1935,7941,0,11,99.99,1349,25.8,351.4
2026-05-19T12:42:48,44.9,1936,7941,0,11,99.99,1302,26.6,351.4
2026-05-19T12:42:53,42.0,1938,7941,0,10,99.99,1333,24.9,351.4
2026-05-19T12:42:59,39.6,1935,7941,0,11,99.99,1285,21.7,351.4
2026-05-19T12:43:04,41.0,1935,7941,1,10,99.99,1079,23.9,351.4
2026-05-19T12:43:09,34.3,1936,7941,0,10,99.99,1145,20.2,351.4
2026-05-19T12:43:14,35.7,1931,7941,1,8,99.99,1038,20.8,351.4
2026-05-19T12:43:20,31.0,1932,7941,0,11,99.99,975,18.1,351.4
2026-05-19T12:43:25,31.2,1935,7941,0,11,99.99,1013,17.9,351.4
2026-05-19T12:43:30,30.2,1928,7941,0,11,99.99,994,18.0,351.4
2026-05-19T12:43:35,35.0,1937,7941,0,11,99.99,1036,20.4,351.4
2026-05-19T12:43:41,35.2,1945,7941,0,11,99.99,1034,20.6,351.4
2026-05-19T12:43:46,38.0,1935,7941,0,10,99.99,1095,22.3,351.4
2026-05-19T12:43:51,36.9,1939,7941,0,9,99.99,1201,21.2,351.4
2026-05-19T12:43:57,41.0,1996,7941,2,9,99.99,1186,22.8,351.4
2026-05-19T12:44:02,44.7,1969,7941,0,10,99.99,1063,24.3,351.4
2026-05-19T12:44:07,38.0,1935,7941,0,11,99.99,1179,22.0,351.4
2026-05-19T12:44:13,38.1,1944,7941,1,9,99.99,1069,23.2,351.4
2026-05-19T12:44:18,40.4,1939,7941,0,11,99.99,1190,24.0,351.4
2026-05-19T12:44:23,38.1,1944,7941,0,11,99.99,1097,23.0,351.4
2026-05-19T12:44:29,40.0,1943,7941,0,11,99.99,1031,24.6,351.4
2026-05-19T12:44:34,34.6,1938,7941,1,10,99.99,1010,20.4,351.4
2026-05-19T12:44:39,37.1,1945,7941,1,10,99.99,1077,22.6,351.4
2026-05-19T12:44:45,35.6,1941,7941,0,11,99.99,1076,20.8,351.4
2026-05-19T12:44:50,42.7,1935,7941,1,8,99.99,1023,25.9,351.4
2026-05-19T12:44:55,39.9,1937,7941,0,11,99.99,1098,23.8,351.4
2026-05-19T12:45:01,38.0,1927,7941,1,8,99.99,1000,22.8,351.4
2026-05-19T12:45:06,44.9,1926,7941,0,11,99.99,864,27.7,351.4
2026-05-19T12:45:11,39.1,1929,7941,0,10,99.99,1040,23.9,351.4
2026-05-19T12:45:17,37.7,1925,7941,0,10,99.99,1065,23.1,351.4
2026-05-19T12:45:22,37.7,1930,7941,0,11,99.99,1012,22.5,351.4
2026-05-19T12:45:27,32.6,1935,7941,0,11,99.99,1065,19.7,351.4
2026-05-19T12:45:33,38.1,1926,7941,0,10,99.99,1049,22.7,351.4
2026-05-19T12:45:38,43.2,1934,7941,0,11,99.99,1065,27.2,351.4
2026-05-19T12:45:43,42.0,1939,7941,1,10,99.99,1216,24.3,351.4
2026-05-19T12:45:49,43.3,1938,7941,1,10,99.99,1136,25.7,351.4
2026-05-19T12:45:54,41.3,1939,7941,0,10,99.99,1152,24.5,351.4
2026-05-19T12:45:59,49.7,1985,7941,0,10,99.99,1171,25.2,351.4
2026-05-19T12:46:05,43.6,1940,7941,3,7,99.99,1081,26.1,351.4
2026-05-19T12:46:10,37.4,1939,7941,0,11,99.99,1037,21.9,351.4
2026-05-19T12:46:15,42.1,1935,7941,0,11,99.99,1132,25.2,351.4
2026-05-19T12:46:20,34.5,1939,7941,0,10,99.99,1049,20.1,351.4
2026-05-19T12:46:26,38.6,1938,7941,1,10,99.99,1071,22.5,351.4
2026-05-19T12:46:31,41.4,1938,7941,0,10,99.99,1059,25.7,351.4
2026-05-19T12:46:36,40.1,1937,7941,0,10,99.99,1113,23.6,351.4
2026-05-19T12:46:42,40.2,1940,7941,1,9,99.99,1208,23.8,351.4
2026-05-19T12:46:47,39.8,1937,7941,0,11,99.99,1061,24.2,351.4
2026-05-19T12:46:52,38.3,1939,7941,0,9,99.99,1128,22.4,351.4
2026-05-19T12:46:58,36.5,1936,7941,1,8,99.99,1188,21.6,351.4
2026-05-19T12:47:03,41.6,1939,7941,0,11,99.99,970,25.1,351.4
2026-05-19T12:47:08,40.0,1940,7941,0,10,99.99,1109,24.9,351.4
2026-05-19T12:47:14,32.8,1944,7941,0,8,99.99,1110,19.3,351.4
2026-05-19T12:47:19,36.2,1941,7941,0,7,99.99,1134,21.1,351.4
2026-05-19T12:47:24,36.2,1939,7941,0,11,99.99,1051,21.2,351.4
2026-05-19T12:47:29,35.9,1945,7941,0,10,99.99,1248,20.8,351.4
2026-05-19T12:47:35,39.9,1931,7941,0,9,99.99,1050,24.5,351.4
2026-05-19T12:47:40,40.7,1936,7941,0,10,99.99,1150,23.9,351.4
2026-05-19T12:47:45,34.2,1945,7941,0,9,99.99,1078,20.5,351.4
2026-05-19T12:47:51,37.6,1942,7941,0,11,99.99,1108,22.4,351.4
2026-05-19T12:47:56,36.7,1942,7941,2,10,99.99,1111,21.2,351.4
2026-05-19T12:48:01,42.8,1964,7941,1,9,99.99,1154,22.2,351.4
2026-05-19T12:48:07,38.1,1940,7941,0,10,99.99,1100,23.1,351.4
2026-05-19T12:48:12,36.6,1946,7941,0,11,99.99,1108,22.2,351.4
2026-05-19T12:48:17,36.2,1945,7941,0,11,99.99,1187,21.1,351.4
2026-05-19T12:48:23,33.9,1942,7941,1,8,99.99,1004,20.0,351.4
2026-05-19T12:48:28,38.5,1943,7941,0,10,99.99,1250,23.0,351.4
2026-05-19T12:48:33,39.1,1943,7941,1,10,99.99,1114,23.7,351.4
2026-05-19T12:48:38,38.5,1943,7941,0,11,99.99,1134,22.4,351.4
2026-05-19T12:48:44,34.0,1942,7941,0,10,99.99,1130,19.7,351.4
2026-05-19T12:48:49,32.8,1946,7941,2,9,99.99,1071,19.2,351.4
2026-05-19T12:48:54,32.6,1942,7941,0,10,99.99,1106,18.8,351.4
2026-05-19T12:49:00,35.6,1949,7941,0,11,99.99,1201,19.8,351.4
2026-05-19T12:49:05,43.7,1939,7941,0,11,99.99,1077,26.1,351.4
2026-05-19T12:49:10,37.0,1945,7941,1,9,99.99,1011,22.2,351.4
2026-05-19T12:49:16,38.8,1941,7941,0,11,99.99,1163,22.5,351.4
2026-05-19T12:49:21,35.9,1941,7941,0,11,99.99,1101,21.3,351.4
2026-05-19T12:49:26,38.5,1941,7941,0,11,99.99,1104,22.2,351.4
2026-05-19T12:49:31,35.8,1948,7941,1,10,99.99,984,21.0,351.4
2026-05-19T12:49:37,35.8,1948,7941,0,10,99.99,1083,21.5,351.4
2026-05-19T12:49:42,36.2,1942,7941,1,9,99.99,1004,20.9,351.4
2026-05-19T12:49:47,39.7,1943,7941,0,11,99.99,1137,23.8,351.4
2026-05-19T12:49:53,35.0,1938,7941,0,11,99.99,986,20.2,351.4
2026-05-19T12:49:58,40.2,2012,7941,0,11,99.99,1062,19.1,351.4
2026-05-19T12:50:03,38.5,1958,7941,0,10,99.99,918,23.1,351.4
2026-05-19T12:50:09,40.5,1943,7941,0,11,99.99,1021,24.4,351.4
2026-05-19T12:50:14,38.2,1954,7941,1,9,99.99,1068,22.9,351.4
2026-05-19T12:50:19,41.3,1946,7941,0,11,99.99,1117,24.4,351.4
2026-05-19T12:50:24,39.1,1947,7941,0,11,99.99,1134,23.4,351.4
2026-05-19T12:50:30,38.3,1943,7941,0,11,99.99,1087,23.8,351.4
2026-05-19T12:50:35,36.7,1944,7941,0,9,99.99,1168,21.8,351.4
2026-05-19T12:50:40,34.9,1950,7941,0,10,99.99,1071,20.3,351.4
2026-05-19T12:50:46,38.0,1951,7941,1,10,99.99,1123,22.4,351.4
2026-05-19T12:50:51,36.9,1955,7941,0,11,99.99,1151,21.4,351.4
2026-05-19T12:50:56,34.5,1952,7941,1,10,99.99,1030,19.8,351.5
2026-05-19T12:51:01,41.3,1957,7941,0,11,99.99,1214,22.7,351.5
2026-05-19T12:51:07,37.3,1946,7941,0,11,99.99,1120,22.4,351.5
2026-05-19T12:51:12,34.6,1949,7941,1,10,99.99,1082,20.2,351.5
2026-05-19T12:51:17,35.9,1952,7941,1,10,99.99,1218,21.6,351.5
2026-05-19T12:51:23,25.7,1952,7941,1,10,99.99,727,14.7,351.5
2026-05-19T12:51:28,17.7,1946,7941,0,11,99.99,480,10.0,351.5
2026-05-19T12:51:33,25.0,1947,7941,0,11,99.99,739,14.8,351.5
2026-05-19T12:51:39,27.5,1952,7941,0,11,99.99,766,16.2,351.5
2026-05-19T12:51:44,28.1,1951,7941,0,11,99.99,868,16.1,351.5
2026-05-19T12:51:49,26.3,1950,7941,1,10,99.99,706,15.7,351.4
2026-05-19T12:51:54,29.5,1953,7941,0,11,99.99,908,17.1,351.4
2026-05-19T12:52:00,33.2,1986,7941,0,9,99.99,874,16.7,351.4
2026-05-19T12:52:05,36.8,1958,7941,1,10,99.99,843,21.9,351.4
2026-05-19T12:52:10,27.2,1954,7941,1,10,99.99,782,16.0,351.5
2026-05-19T12:52:16,26.4,1941,7941,0,11,99.99,910,15.3,351.5
2026-05-19T12:52:21,28.5,1951,7941,0,9,99.99,878,16.8,351.5
2026-05-19T12:52:26,26.5,1953,7941,0,11,99.99,751,15.3,351.5
2026-05-19T12:52:31,28.7,1950,7941,0,11,99.99,924,16.9,351.5
2026-05-19T12:52:37,26.4,1952,7941,0,11,99.99,735,15.3,351.5
2026-05-19T12:52:42,26.3,1957,7941,1,10,99.99,790,15.2,351.5
2026-05-19T12:52:47,31.5,1956,7941,1,10,99.99,858,18.2,351.5
2026-05-19T12:52:52,24.9,1948,7941,0,11,99.99,698,14.0,351.5
2026-05-19T12:52:58,9.1,1954,7941,0,10,99.99,266,4.2,351.5
2026-05-19T12:53:03,15.7,1956,7941,1,9,99.99,361,9.4,351.5
2026-05-19T12:53:08,20.2,1956,7941,1,10,99.99,564,11.6,351.5
2026-05-19T12:53:14,27.6,1949,7941,0,9,99.99,929,16.6,351.5
2026-05-19T12:53:19,26.6,1945,7941,0,11,99.99,688,15.6,351.5
2026-05-19T12:53:24,29.2,1943,7941,0,11,99.99,948,17.0,351.4
2026-05-19T12:53:29,29.9,1952,7941,3,7,99.99,809,18.2,351.4
2026-05-19T12:53:35,31.4,1951,7941,0,11,99.99,901,18.9,351.4
2026-05-19T12:53:40,33.7,1952,7941,0,10,99.99,882,20.3,351.5
2026-05-19T12:53:45,29.7,1953,7941,0,11,99.99,816,17.5,351.5
2026-05-19T12:53:51,28.8,1956,7941,1,9,99.99,859,17.2,351.5
2026-05-19T12:53:56,29.6,1952,7941,1,10,99.99,821,17.8,351.5
2026-05-19T12:54:01,39.0,1971,7941,0,10,99.99,800,20.8,351.4
2026-05-19T12:54:07,34.7,1959,7941,0,8,99.99,930,21.1,351.4
2026-05-19T12:54:12,31.4,1968,7941,0,11,99.99,868,18.4,351.4
2026-05-19T12:54:17,31.7,1968,7941,0,11,99.99,879,18.5,351.5
2026-05-19T12:54:23,30.5,1969,7941,0,10,99.99,901,18.6,351.5
2026-05-19T12:54:28,32.7,1962,7941,0,11,99.99,814,20.1,351.5
2026-05-19T12:54:33,32.4,1957,7941,0,11,99.99,935,19.6,351.5
2026-05-19T12:54:39,30.0,1948,7941,0,11,99.99,875,17.6,351.5
2026-05-19T12:54:44,23.5,1962,7941,0,10,99.99,578,13.8,351.5
2026-05-19T12:54:49,28.2,1959,7941,0,10,99.99,863,16.3,351.5
2026-05-19T12:54:55,28.6,1958,7941,0,11,99.99,843,16.6,351.5
2026-05-19T12:55:00,29.1,1957,7941,0,8,99.99,879,16.1,351.5
2026-05-19T12:55:05,45.3,1951,7941,0,11,99.99,891,27.0,351.5
2026-05-19T12:55:11,31.5,1953,7941,0,11,99.99,706,18.9,351.5
2026-05-19T12:55:16,31.0,1955,7941,1,8,99.99,794,18.6,351.5
2026-05-19T12:55:21,33.0,1961,7941,1,9,99.99,906,19.9,351.5
2026-05-19T12:55:27,32.9,1953,7941,1,10,99.99,822,19.6,351.5
2026-05-19T12:55:32,32.9,1960,7941,0,11,99.99,949,19.4,351.5
2026-05-19T12:55:37,23.7,1957,7941,0,11,99.99,622,13.7,351.5
2026-05-19T12:55:42,28.9,1959,7941,0,10,99.99,797,16.8,351.5
2026-05-19T12:55:48,27.6,1956,7941,0,10,99.99,738,15.8,351.5
2026-05-19T12:55:53,28.9,1956,7941,0,11,99.99,833,17.3,351.5
2026-05-19T12:55:58,33.8,1991,7941,0,11,99.99,776,16.0,351.5
2026-05-19T12:56:04,29.0,1970,7941,0,11,99.99,683,17.2,351.5
2026-05-19T12:56:09,28.8,1967,7941,0,11,99.99,882,16.7,351.5
2026-05-19T12:56:14,30.9,1968,7941,0,10,99.99,854,18.1,351.5
2026-05-19T12:56:19,23.2,1968,7941,0,11,99.99,591,13.5,351.5
2026-05-19T12:56:25,13.2,1962,7941,0,8,99.99,331,7.6,351.5
2026-05-19T12:56:30,44.4,1964,7941,1,10,99.99,1302,26.5,351.5
2026-05-19T12:56:35,44.0,1965,7941,0,11,99.99,1305,25.2,351.5
2026-05-19T12:56:41,43.0,1964,7941,0,11,99.99,1269,25.1,351.5
2026-05-19T12:56:46,44.9,1961,7941,1,10,99.99,1400,26.2,351.5
2026-05-19T12:56:51,40.9,1964,7941,0,11,99.99,1337,24.1,351.5
2026-05-19T12:56:57,44.8,1972,7941,0,9,99.99,1364,25.4,351.5
2026-05-19T12:57:02,45.2,1967,7941,1,5,99.99,1206,27.4,351.5
2026-05-19T12:57:07,45.3,1963,7941,0,11,99.99,1269,26.7,351.5
2026-05-19T12:57:13,44.0,1960,7941,0,9,99.99,1344,26.7,351.4
2026-05-19T12:57:18,44.5,1961,7941,0,11,99.99,1400,24.8,351.5
2026-05-19T12:57:23,42.3,1967,7941,1,9,99.99,1233,25.2,351.5
2026-05-19T12:57:29,43.4,1961,7941,1,10,99.99,1366,26.0,351.5
2026-05-19T12:57:34,43.3,1958,7941,0,11,99.99,1405,25.1,351.5
2026-05-19T12:57:39,40.8,1968,7941,0,10,99.99,1287,24.4,351.5
2026-05-19T12:57:44,42.1,1971,7941,1,9,99.99,1309,24.9,351.5
2026-05-19T12:57:50,42.8,1974,7941,0,11,99.99,1404,25.2,351.5
2026-05-19T12:57:55,41.1,1967,7941,1,9,99.99,1281,24.2,351.5
2026-05-19T12:58:00,47.7,2002,7941,0,8,99.99,1457,24.6,351.5
2026-05-19T12:58:06,41.4,1975,7941,0,11,99.99,1323,24.2,351.5
2026-05-19T12:58:11,39.5,1966,7941,1,10,99.99,1376,23.8,351.5
2026-05-19T12:58:16,44.2,1959,7941,1,10,99.99,1326,25.8,351.5
2026-05-19T12:58:21,41.9,1970,7941,1,10,99.99,1352,25.3,351.5
2026-05-19T12:58:27,44.2,1967,7941,0,10,99.99,1274,26.7,351.5
2026-05-19T12:58:32,43.4,1978,7941,0,9,99.99,1306,26.0,351.5
2026-05-19T12:58:37,44.6,1978,7941,0,11,99.99,1354,26.7,351.4
2026-05-19T12:58:43,44.3,1981,7941,0,11,99.99,1268,26.2,351.4
2026-05-19T12:58:48,45.5,1969,7941,0,10,99.99,1378,27.1,351.5
2026-05-19T12:58:53,45.0,1968,7941,1,9,99.99,1357,27.0,351.5
2026-05-19T12:58:59,43.7,1966,7941,0,11,99.99,1276,24.1,351.5
2026-05-19T12:59:04,45.0,1968,7941,0,11,99.99,1405,26.0,351.5
2026-05-19T12:59:09,45.6,1966,7941,0,11,99.99,1314,26.6,351.5
2026-05-19T12:59:15,42.9,1969,7941,0,11,99.99,1301,24.9,351.5
2026-05-19T12:59:20,42.5,1969,7941,1,10,99.99,1440,24.7,351.5
2026-05-19T12:59:25,44.5,1973,7941,0,10,99.99,1376,25.6,351.5
2026-05-19T12:59:30,44.3,1981,7941,0,11,99.99,1288,25.4,351.5
2026-05-19T12:59:36,44.3,1974,7941,0,9,99.99,1380,26.5,351.5
2026-05-19T12:59:41,44.4,1973,7941,1,9,99.99,1290,26.2,351.5
2026-05-19T12:59:46,44.2,1977,7941,0,10,99.99,1365,25.4,351.5
2026-05-19T12:59:52,45.4,1979,7941,0,11,99.99,1331,26.8,351.5
2026-05-19T12:59:57,47.7,2044,7941,1,11,99.99,1268,26.2,351.5
2026-05-19T13:00:02,51.3,2014,7941,2,8,99.99,1045,26.5,351.5
2026-05-19T13:00:08,44.4,1996,7941,0,10,99.99,711,28.3,351.5
2026-05-19T13:00:13,46.2,1992,7941,1,10,99.99,1111,28.0,351.5
2026-05-19T13:00:19,45.5,1990,7941,1,6,99.99,1155,27.2,351.5
2026-05-19T13:00:24,45.3,1993,7941,0,8,99.99,1077,27.5,351.5
2026-05-19T13:00:29,48.2,1996,7941,0,11,99.99,1263,28.2,351.5
2026-05-19T13:00:35,46.3,2001,7941,0,11,99.99,1327,26.1,351.5
2026-05-19T13:00:40,44.6,2004,7941,1,8,99.99,1372,25.8,351.5
2026-05-19T13:00:45,44.9,2001,7941,1,8,99.99,1356,26.0,351.5
2026-05-19T13:00:51,45.3,2000,7941,0,10,99.99,1250,26.7,351.5
2026-05-19T13:00:56,44.9,1994,7941,0,9,99.99,1346,25.9,351.5
2026-05-19T13:01:01,44.4,1997,7941,2,7,99.99,1261,26.7,351.5
2026-05-19T13:01:07,46.6,2006,7941,0,10,99.99,1266,27.0,351.5
2026-05-19T13:01:12,42.9,1996,7941,1,9,99.99,1376,24.8,351.5
2026-05-19T13:01:17,41.5,1999,7941,1,10,99.99,1360,24.1,351.5
2026-05-19T13:01:22,41.5,1994,7941,0,11,99.99,1385,24.2,351.5
2026-05-19T13:01:28,45.1,1995,7941,0,10,99.99,1378,25.9,351.5
2026-05-19T13:01:33,44.7,2007,7941,0,11,99.99,1358,26.5,351.5
2026-05-19T13:01:38,44.7,2012,7941,0,10,99.99,1302,26.5,351.5
2026-05-19T13:01:44,42.7,2021,7941,1,10,99.99,1334,24.6,351.5
2026-05-19T13:01:49,42.4,2017,7941,0,10,99.99,1386,25.1,351.5
2026-05-19T13:01:54,42.0,2011,7941,1,8,99.99,1248,24.0,351.5
2026-05-19T13:02:00,50.1,2026,7941,1,8,99.99,1402,25.9,351.5
2026-05-19T13:02:05,44.9,2016,7941,2,9,99.99,1308,25.8,351.5
2026-05-19T13:02:10,44.3,2010,7941,1,10,99.99,1253,26.7,351.5
2026-05-19T13:02:16,43.1,2022,7941,0,10,99.99,1327,25.6,351.5
2026-05-19T13:02:21,44.0,2013,7941,0,11,99.99,1356,25.8,351.5
2026-05-19T13:02:26,39.9,2011,7941,0,10,99.99,1311,22.8,351.5
2026-05-19T13:02:31,43.5,2003,7941,0,10,99.99,1411,25.1,351.5
2026-05-19T13:02:37,44.1,2005,7941,0,9,99.99,1326,25.2,351.5
2026-05-19T13:02:42,44.2,2008,7941,0,10,99.99,1389,25.8,351.5
2026-05-19T13:02:47,46.0,2003,7941,1,10,99.99,1283,27.3,351.5
2026-05-19T13:02:53,45.5,2007,7941,0,10,99.99,1257,26.8,351.5
2026-05-19T13:02:58,42.8,2003,7941,0,11,99.99,1357,24.6,351.5
2026-05-19T13:03:03,46.2,2004,7941,1,9,99.99,1271,26.4,351.5
2026-05-19T13:03:09,43.0,2013,7941,0,11,99.99,1252,25.0,351.5
2026-05-19T13:03:14,43.2,2009,7941,0,10,99.99,1306,25.4,351.5
2026-05-19T13:03:19,43.5,2010,7941,1,10,99.99,1282,26.1,351.5
2026-05-19T13:03:24,42.3,1998,7941,0,10,99.99,1399,24.8,351.5
2026-05-19T13:03:30,42.6,2003,7941,0,11,99.99,1300,25.7,351.5
2026-05-19T13:03:35,45.6,2001,7941,0,10,99.99,1248,26.6,351.5
2026-05-19T13:03:40,45.4,2004,7941,2,8,99.99,1396,25.8,351.5
2026-05-19T13:03:46,45.1,2010,7941,0,11,99.99,1367,25.4,351.5
2026-05-19T13:03:51,44.9,2015,7941,2,9,99.99,1330,26.2,351.5
2026-05-19T13:03:56,43.1,2022,7941,2,10,99.99,1442,24.3,351.5
2026-05-19T13:04:02,50.1,2013,7941,2,8,99.99,1276,26.2,351.5
2026-05-19T13:04:07,42.0,1985,7941,0,11,99.99,1137,25.2,351.5
2026-05-19T13:04:12,42.9,1985,7941,1,9,99.99,1439,25.4,351.5
2026-05-19T13:04:18,43.6,1983,7941,0,11,99.99,1343,25.2,351.5
2026-05-19T13:04:23,42.5,1986,7941,2,8,99.99,1407,24.3,351.5
2026-05-19T13:04:28,43.9,1981,7941,0,11,99.99,1340,25.4,351.5
2026-05-19T13:04:33,43.5,1981,7941,1,10,99.99,1339,26.5,351.5
2026-05-19T13:04:39,42.0,1981,7941,0,10,99.99,1320,24.6,351.5
2026-05-19T13:04:44,43.2,1979,7941,0,10,99.99,1344,25.1,351.5
2026-05-19T13:04:49,43.3,1985,7941,0,11,99.99,1268,26.6,351.5
2026-05-19T13:04:55,43.1,1984,7941,1,9,99.99,1398,25.0,351.5
2026-05-19T13:05:00,41.3,1985,7941,0,9,99.99,1381,24.1,351.5
2026-05-19T13:05:05,47.4,1985,7941,1,8,99.99,1105,27.8,351.5
2026-05-19T13:05:11,41.6,1987,7941,0,11,99.99,1372,24.5,351.5
2026-05-19T13:05:16,41.6,1987,7941,0,11,99.99,1334,24.2,351.5
2026-05-19T13:05:21,43.7,1985,7941,0,11,99.99,1404,26.1,351.5
2026-05-19T13:05:26,43.6,1983,7941,1,9,99.99,1309,26.6,351.5
2026-05-19T13:05:32,44.7,1982,7941,0,11,99.99,1319,25.8,351.5
2026-05-19T13:05:37,43.6,1983,7941,1,10,99.99,1352,25.4,351.5
2026-05-19T13:05:42,44.5,1984,7941,0,10,99.99,1278,26.1,351.5
2026-05-19T13:05:48,43.6,1989,7941,1,10,99.99,1290,25.2,351.5
2026-05-19T13:05:53,44.6,1989,7941,0,11,99.99,1408,25.6,351.5
2026-05-19T13:05:58,48.3,2051,7941,0,9,99.99,1422,24.9,351.5
2026-05-19T13:06:04,44.9,2001,7941,1,8,99.99,1133,26.9,351.5
2026-05-19T13:06:09,43.9,2001,7941,1,9,99.99,1236,26.1,351.5
2026-05-19T13:06:14,46.5,1990,7941,3,7,99.99,1316,27.0,351.5
2026-05-19T13:06:20,45.2,1997,7941,0,10,99.99,1313,25.8,351.5
2026-05-19T13:06:25,45.4,1989,7941,0,9,99.99,1347,25.7,351.5
2026-05-19T13:06:30,43.2,1988,7941,0,9,99.99,1326,25.5,351.5
2026-05-19T13:06:36,42.7,1990,7941,0,11,99.99,1308,24.4,351.5
2026-05-19T13:06:41,42.2,1993,7941,0,9,99.99,1361,25.1,351.5
2026-05-19T13:06:46,43.7,1992,7941,2,7,99.99,1337,25.8,351.5
2026-05-19T13:06:51,43.5,2000,7941,2,8,99.99,1311,25.9,351.5
2026-05-19T13:06:57,43.2,1999,7941,3,9,99.99,1354,24.7,351.5
2026-05-19T13:07:02,48.2,1997,7941,1,9,99.99,1276,27.0,351.5
2026-05-19T13:07:07,44.2,1992,7941,0,9,99.99,1352,26.0,351.5
2026-05-19T13:07:13,44.3,2001,7941,0,11,99.99,1243,26.4,351.5
2026-05-19T13:07:18,44.3,1993,7941,0,8,99.99,1392,25.4,351.5
2026-05-19T13:07:23,44.4,1995,7941,0,11,99.99,1351,25.7,351.5
2026-05-19T13:07:29,45.2,1994,7941,1,10,99.99,1310,26.5,351.5
2026-05-19T13:07:34,46.2,2003,7941,0,10,99.99,1341,27.1,351.5
2026-05-19T13:07:39,42.5,2002,7941,0,10,99.99,1343,25.8,351.5
2026-05-19T13:07:45,43.5,1993,7941,0,10,99.99,1356,25.1,351.5
2026-05-19T13:07:50,43.6,1996,7941,0,11,99.99,1331,25.4,351.5
2026-05-19T13:07:55,40.7,1992,7941,0,11,99.99,1289,23.8,351.5
2026-05-19T13:08:00,52.5,2037,7941,2,8,99.99,1365,26.2,351.5
2026-05-19T13:08:06,44.7,1993,7941,1,9,99.99,1247,26.1,351.5
2026-05-19T13:08:11,39.5,1990,7941,0,11,99.99,1366,23.4,351.5
2026-05-19T13:08:16,42.4,1999,7941,1,9,99.99,1347,25.1,351.5
2026-05-19T13:08:22,43.6,1999,7941,2,8,99.99,1318,25.7,351.5
2026-05-19T13:08:27,42.4,2003,7941,0,10,99.99,1263,26.2,351.5
2026-05-19T13:08:32,43.3,2003,7941,0,10,99.99,1339,25.1,351.5
2026-05-19T13:08:37,43.2,1992,7941,0,10,99.99,1305,25.6,351.5
2026-05-19T13:08:43,43.9,2005,7941,0,11,99.99,1289,26.6,351.5
2026-05-19T13:08:48,46.5,2003,7941,1,10,99.99,1289,26.8,351.5
2026-05-19T13:08:53,43.2,2007,7941,0,11,99.99,1477,25.6,351.5
2026-05-19T13:08:59,43.0,2001,7941,2,8,99.99,1315,24.3,351.5
2026-05-19T13:09:04,45.8,2000,7941,0,10,99.99,1045,26.0,351.5
2026-05-19T13:09:09,43.8,1998,7941,1,10,99.99,1134,26.8,351.5
2026-05-19T13:09:15,40.6,1999,7941,0,10,99.99,1333,24.4,351.5
2026-05-19T13:09:20,42.1,1999,7941,1,10,99.99,1453,24.1,351.5
2026-05-19T13:09:25,45.4,2001,7941,0,10,99.99,1188,26.8,351.5
2026-05-19T13:09:30,45.2,2004,7941,0,10,99.99,1345,27.1,351.5
2026-05-19T13:09:36,44.6,2003,7941,0,10,99.99,1385,25.7,351.5
2026-05-19T13:09:41,44.4,2002,7941,0,11,99.99,1340,24.9,351.5
2026-05-19T13:09:46,43.4,1996,7941,0,11,99.99,1357,24.6,351.5
2026-05-19T13:09:52,42.6,1996,7941,0,9,99.99,1331,25.3,351.5
2026-05-19T13:09:57,44.2,2076,7941,1,8,99.99,1425,24.2,351.5
2026-05-19T13:10:02,48.7,2009,7941,0,9,99.99,1154,26.2,351.5
2026-05-19T13:10:08,47.3,1991,7941,1,10,99.99,1098,29.8,351.5
2026-05-19T13:10:13,45.7,1999,7941,0,9,99.99,1332,26.5,351.5
2026-05-19T13:10:19,45.2,2000,7941,0,10,99.99,1278,26.2,351.5
2026-05-19T13:10:24,46.6,2000,7941,0,11,99.99,1369,26.8,351.5
2026-05-19T13:10:29,44.5,1996,7941,0,10,99.99,1337,25.9,351.5
2026-05-19T13:10:34,44.7,2002,7941,0,10,99.99,1316,25.9,351.5
2026-05-19T13:10:40,44.8,2004,7941,1,8,99.99,1326,25.6,351.5
2026-05-19T13:10:45,45.3,2003,7941,1,9,99.99,1334,25.9,351.5
2026-05-19T13:10:50,44.7,2001,7941,0,10,99.99,1361,26.0,351.5
2026-05-19T13:10:56,41.6,2008,7941,0,11,99.99,1475,24.9,351.5
2026-05-19T13:11:01,46.7,2006,7941,0,9,99.99,1283,26.0,351.5
2026-05-19T13:11:06,42.8,1992,7941,1,9,99.99,1187,26.5,351.5
2026-05-19T13:11:12,41.1,1998,7941,0,8,99.99,1260,25.4,351.5
2026-05-19T13:11:17,45.2,2000,7941,2,6,99.99,1323,26.2,351.5
2026-05-19T13:11:22,42.7,2006,7941,0,10,99.99,1455,25.1,351.5
2026-05-19T13:11:28,44.2,2000,7941,0,9,99.99,1235,26.6,351.5
2026-05-19T13:11:33,43.6,2008,7941,1,9,99.99,1381,25.6,351.5
2026-05-19T13:11:38,44.2,2003,7941,2,6,99.99,1332,25.9,351.5
2026-05-19T13:11:43,43.6,2001,7941,0,10,99.99,1316,25.4,351.5
2026-05-19T13:11:49,41.3,1996,7941,0,10,99.99,1388,24.3,351.5
2026-05-19T13:11:54,43.2,1993,7941,0,10,99.99,1347,25.2,351.5
2026-05-19T13:11:59,43.8,2012,7941,0,10,99.99,1335,22.4,351.5
2026-05-19T13:12:05,44.4,1994,7941,0,11,99.99,1148,25.8,351.5
2026-05-19T13:12:10,43.9,2001,7941,0,11,99.99,1262,25.8,351.5
2026-05-19T13:12:15,41.0,2002,7941,0,11,99.99,1412,24.0,351.5
2026-05-19T13:12:20,39.9,2001,7941,0,10,99.99,1410,23.6,351.5
2026-05-19T13:12:26,43.7,2000,7941,0,11,99.99,1298,26.0,351.5
2026-05-19T13:12:31,42.3,2000,7941,1,10,99.99,1386,24.9,351.5
2026-05-19T13:12:36,42.1,2004,7941,1,9,99.99,1377,24.1,351.5
2026-05-19T13:12:41,42.8,2007,7941,2,9,99.99,1297,25.8,351.5
2026-05-19T13:12:47,45.7,2006,7941,1,9,99.99,1250,26.7,351.5
2026-05-19T13:12:52,42.7,2006,7941,2,9,99.99,1368,25.7,351.5
2026-05-19T13:12:57,42.0,2008,7941,0,11,99.99,1425,25.2,351.5
2026-05-19T13:13:03,45.3,2007,7941,0,7,99.99,1216,26.2,351.5
2026-05-19T13:13:08,44.3,1999,7941,0,11,99.99,1211,26.8,351.5
2026-05-19T13:13:13,42.0,2004,7941,0,11,99.99,1296,24.1,351.5
2026-05-19T13:13:19,41.1,2003,7941,0,10,99.99,1316,24.2,351.5
2026-05-19T13:13:24,44.3,2007,7941,0,9,99.99,1461,25.6,351.5
2026-05-19T13:13:29,46.5,2000,7941,0,10,99.99,1248,27.0,351.5
2026-05-19T13:13:34,43.9,1999,7941,1,10,99.99,1103,26.8,351.5
2026-05-19T13:13:40,44.5,2003,7941,1,9,99.99,1215,27.7,351.5
2026-05-19T13:13:45,46.5,2003,7941,0,10,99.99,1285,27.3,351.5
2026-05-19T13:13:50,43.9,2003,7941,1,10,99.99,1283,25.4,351.5
2026-05-19T13:13:56,42.5,2005,7941,1,9,99.99,1411,24.8,351.5
2026-05-19T13:14:01,51.6,2039,7941,0,11,99.99,1240,26.7,351.5
2026-05-19T13:14:06,46.8,2013,7941,2,8,99.99,1234,26.8,351.5
2026-05-19T13:14:12,45.9,2004,7941,0,10,99.99,1342,26.2,351.5
2026-05-19T13:14:17,44.7,2006,7941,1,8,99.99,1306,25.4,351.5
2026-05-19T13:14:22,41.3,2009,7941,0,11,99.99,1454,24.4,351.5
2026-05-19T13:14:27,46.5,2001,7941,0,11,99.99,1222,27.1,351.5
2026-05-19T13:14:33,43.3,2010,7941,0,8,99.99,1284,25.9,351.5
2026-05-19T13:14:38,45.3,2005,7941,1,10,99.99,1301,26.5,351.5
2026-05-19T13:14:43,38.4,2012,7941,1,9,99.99,1281,22.3,351.5
2026-05-19T13:14:49,43.3,2009,7941,0,11,99.99,1316,25.4,351.5
2026-05-19T13:14:54,40.3,2009,7941,0,11,99.99,1252,23.7,351.5
2026-05-19T13:14:59,43.0,2007,7941,1,10,99.99,1288,25.2,351.5
2026-05-19T13:15:04,44.7,2009,7941,0,11,99.99,1183,26.5,351.5
2026-05-19T13:15:10,44.9,2018,7941,0,10,99.99,1208,26.9,351.5
2026-05-19T13:15:15,46.3,2008,7941,0,10,99.99,1430,26.4,351.5
2026-05-19T13:15:20,42.6,2009,7941,0,8,99.99,1374,25.3,351.5
2026-05-19T13:15:26,42.3,2006,7941,0,7,99.99,1253,25.8,351.5
2026-05-19T13:15:31,43.0,2011,7941,1,9,99.99,1431,25.1,351.5
2026-05-19T13:15:36,44.6,2007,7941,0,10,99.99,1347,26.2,351.5
2026-05-19T13:15:42,45.0,2011,7941,0,11,99.99,1330,24.9,351.5
2026-05-19T13:15:47,45.3,2005,7941,0,10,99.99,1297,26.9,351.5
2026-05-19T13:15:52,45.2,2010,7941,0,10,99.99,1335,26.5,351.5
2026-05-19T13:15:58,46.6,2079,7941,1,11,99.99,1229,23.9,351.5
2026-05-19T13:16:03,43.9,2046,7941,1,8,99.99,1285,26.1,351.5
2026-05-19T13:16:08,43.2,2018,7941,0,10,99.99,1319,24.9,351.5
2026-05-19T13:16:13,43.2,2014,7941,0,8,99.99,1402,25.2,351.4
2026-05-19T13:16:19,43.6,2009,7941,0,10,99.99,1350,25.3,351.5
2026-05-19T13:16:24,39.5,2020,7941,0,10,99.99,1387,22.9,351.5
2026-05-19T13:16:29,42.6,2016,7941,0,8,99.99,1320,25.6,351.5
2026-05-19T13:16:35,45.2,2014,7941,2,9,99.99,1294,26.2,351.5
2026-05-19T13:16:40,42.9,2017,7941,0,11,99.99,1293,25.4,351.5
2026-05-19T13:16:45,43.0,2017,7941,0,10,99.99,1421,25.3,351.5
2026-05-19T13:16:50,42.5,2017,7941,1,9,99.99,1363,24.8,351.5
2026-05-19T13:16:56,41.7,2013,7941,1,10,99.99,1406,25.1,351.5
2026-05-19T13:17:01,44.5,2028,7941,0,10,99.99,1253,26.5,351.5
2026-05-19T13:17:06,43.0,2021,7941,0,10,99.99,1055,27.7,351.5
2026-05-19T13:17:12,43.4,2013,7941,0,9,99.99,1358,25.7,351.5
2026-05-19T13:17:17,45.9,2014,7941,0,9,99.99,1422,26.8,351.5
2026-05-19T13:17:23,45.1,2016,7941,1,9,99.99,1332,26.6,351.5
2026-05-19T13:17:28,45.7,2014,7941,0,8,99.99,1094,27.2,351.5
2026-05-19T13:17:33,45.3,2021,7941,0,11,99.99,1322,26.8,351.4
2026-05-19T13:17:38,44.9,2021,7941,0,10,99.99,1315,25.8,351.4
2026-05-19T13:17:44,47.0,2026,7941,0,10,99.99,1340,27.1,351.5
2026-05-19T13:17:49,46.3,2019,7941,0,10,99.99,1444,26.4,351.5
2026-05-19T13:17:54,44.7,2021,7941,0,9,99.99,1318,26.1,351.5
2026-05-19T13:18:00,50.7,2071,7941,0,10,99.99,1378,27.4,351.5
2026-05-19T13:18:05,47.0,2030,7941,1,8,99.99,1219,27.3,351.5
2026-05-19T13:18:11,42.5,2023,7941,2,9,99.99,1269,25.4,351.5
2026-05-19T13:18:16,43.3,2018,7941,0,10,99.99,1439,26.0,351.5
2026-05-19T13:18:21,41.6,2025,7941,2,8,99.99,1346,25.0,351.5
2026-05-19T13:18:27,45.5,2019,7941,1,9,99.99,1218,27.1,351.5
2026-05-19T13:18:32,43.6,2024,7941,1,10,99.99,1313,25.7,351.5
2026-05-19T13:18:37,42.3,2025,7941,1,8,99.99,1442,24.9,351.5
2026-05-19T13:18:42,44.1,2024,7941,0,10,99.99,1282,25.4,351.5
2026-05-19T13:18:48,44.3,2018,7941,1,9,99.99,1339,26.0,351.5
2026-05-19T13:18:53,44.7,2019,7941,1,8,99.99,1355,26.0,351.5
2026-05-19T13:18:58,43.7,2024,7941,1,10,99.99,1333,25.4,351.5
2026-05-19T13:19:04,46.0,2023,7941,0,11,99.99,1300,26.4,351.5
2026-05-19T13:19:09,44.5,2022,7941,0,11,99.99,1364,25.7,351.5
2026-05-19T13:19:14,42.6,2024,7941,0,11,99.99,1332,24.6,351.5
2026-05-19T13:19:19,41.9,2026,7941,0,9,99.99,1314,24.8,351.5
2026-05-19T13:19:25,43.1,2021,7941,0,9,99.99,1344,25.9,351.5
2026-05-19T13:19:30,43.2,2026,7941,0,10,99.99,1287,26.6,351.5
2026-05-19T13:19:35,45.2,2022,7941,1,9,99.99,1258,27.0,351.5
2026-05-19T13:19:41,43.9,2026,7941,1,9,99.99,1162,26.8,351.5
2026-05-19T13:19:46,46.4,2028,7941,0,10,99.99,1294,27.1,351.5
2026-05-19T13:19:51,42.1,2027,7941,1,10,99.99,1246,24.4,351.5
2026-05-19T13:19:57,43.4,2052,7941,3,7,99.99,1431,24.6,351.5
2026-05-19T13:20:02,53.3,2022,7941,1,8,99.99,1209,27.7,351.5
2026-05-19T13:20:07,47.9,2017,7941,1,9,99.99,1206,27.9,351.5
2026-05-19T13:20:13,47.0,2025,7941,0,11,99.99,1349,27.1,351.5
2026-05-19T13:20:18,46.6,2016,7941,1,10,99.99,1125,27.8,351.5
2026-05-19T13:20:23,43.7,2023,7941,1,10,99.99,1236,27.1,351.5
2026-05-19T13:20:29,46.3,2023,7941,0,11,99.99,1204,27.4,351.5
2026-05-19T13:20:34,47.4,2026,7941,1,9,99.99,1318,27.6,351.5
2026-05-19T13:20:39,44.0,2031,7941,1,10,99.99,1299,25.9,351.5
2026-05-19T13:20:45,44.3,2023,7941,0,9,99.99,1411,25.2,351.5
2026-05-19T13:20:50,45.3,2020,7941,1,8,99.99,1337,27.1,351.5
2026-05-19T13:20:55,43.1,2019,7941,3,7,99.99,1332,25.2,351.5
2026-05-19T13:21:01,45.7,2021,7941,0,9,99.99,1334,25.9,351.5
2026-05-19T13:21:06,44.1,2028,7941,0,11,99.99,1106,27.3,351.5
2026-05-19T13:21:11,42.8,2028,7941,0,11,99.99,1334,25.7,351.5
2026-05-19T13:21:17,41.1,2028,7941,0,10,99.99,1356,24.5,351.5
2026-05-19T13:21:22,41.4,2034,7941,0,11,99.99,1364,24.4,351.5
2026-05-19T13:21:27,42.4,2027,7941,0,11,99.99,1228,24.7,351.5
2026-05-19T13:21:32,45.3,2026,7941,2,8,99.99,1431,26.6,351.5
2026-05-19T13:21:38,43.4,2026,7941,0,11,99.99,1304,25.9,351.5
2026-05-19T13:21:43,44.0,2036,7941,2,8,99.99,1299,25.0,351.5
2026-05-19T13:21:48,44.9,2027,7941,1,10,99.99,1357,26.6,351.5
2026-05-19T13:21:54,40.4,2035,7941,0,9,99.99,1424,23.4,351.5
2026-05-19T13:21:59,49.8,2084,7941,0,8,99.99,1327,24.4,351.5
2026-05-19T13:22:04,47.9,2036,7941,1,8,99.99,1181,27.5,351.5
2026-05-19T13:22:10,42.8,2033,7941,0,9,99.99,1283,25.0,351.5
2026-05-19T13:22:15,45.6,2032,7941,1,9,99.99,1319,26.5,351.5
2026-05-19T13:22:20,45.0,2033,7941,0,10,99.99,1383,26.4,351.5
2026-05-19T13:22:25,43.3,2031,7941,0,11,99.99,1297,25.8,351.5
2026-05-19T13:22:31,46.2,2027,7941,0,10,99.99,1262,28.0,351.5
2026-05-19T13:22:36,46.0,2025,7941,0,9,99.99,1387,26.9,351.5
2026-05-19T13:22:42,46.9,2030,7941,0,11,99.99,1218,27.1,351.5
2026-05-19T13:22:47,44.8,2026,7941,1,9,99.99,1393,27.0,351.5
2026-05-19T13:22:52,42.9,2031,7941,0,10,99.99,1256,25.1,351.5
2026-05-19T13:22:57,46.3,2031,7941,0,10,99.99,1372,25.2,351.5
2026-05-19T13:23:03,44.7,2035,7941,2,7,99.99,1206,26.8,351.5
2026-05-19T13:23:08,45.6,2032,7941,0,11,99.99,1199,27.2,351.5
2026-05-19T13:23:13,42.8,2030,7941,0,10,99.99,1321,24.8,351.5
2026-05-19T13:23:19,43.3,2031,7941,0,10,99.99,1346,25.3,351.5
2026-05-19T13:23:24,45.6,2033,7941,0,10,99.99,1348,26.0,351.5
2026-05-19T13:23:29,46.5,2027,7941,1,9,99.99,1357,26.7,351.5
2026-05-19T13:23:35,45.2,2033,7941,0,10,99.99,1258,26.8,351.5
2026-05-19T13:23:40,45.3,2035,7941,1,6,99.99,1209,27.4,351.5
2026-05-19T13:23:45,45.5,2034,7941,1,9,99.99,1253,26.2,351.5
2026-05-19T13:23:51,46.0,2032,7941,0,8,99.99,1297,27.1,351.5
2026-05-19T13:23:56,44.1,2043,7941,0,9,99.99,1397,25.8,351.5
2026-05-19T13:24:01,54.8,2078,7941,0,9,99.99,1211,26.6,351.5
2026-05-19T13:24:07,47.1,2053,7941,0,10,99.99,1170,28.8,351.5
2026-05-19T13:24:12,43.1,2043,7941,0,11,99.99,1259,25.0,351.5
2026-05-19T13:24:17,44.2,2033,7941,0,8,99.99,1426,25.7,351.5
2026-05-19T13:24:23,45.8,2033,7941,1,9,99.99,1407,26.6,351.5
2026-05-19T13:24:28,45.0,2034,7941,1,7,99.99,1240,26.5,351.5
2026-05-19T13:24:33,45.1,2046,7941,1,10,99.99,1283,26.5,351.5
2026-05-19T13:24:39,45.4,2038,7941,2,6,99.99,1460,27.2,351.5
2026-05-19T13:24:44,45.4,2032,7941,3,8,99.99,1259,26.2,351.5
2026-05-19T13:24:49,44.3,2024,7941,1,9,99.99,1293,26.7,351.5
2026-05-19T13:24:55,44.6,2028,7941,0,11,99.99,1209,26.9,351.5
2026-05-19T13:25:00,46.4,2041,7941,0,9,99.99,1345,25.4,351.5
2026-05-19T13:25:06,44.7,2032,7941,2,8,99.99,903,27.4,351.5
2026-05-19T13:25:11,46.5,2038,7941,1,8,99.99,1292,26.7,351.5
2026-05-19T13:25:16,45.0,2035,7941,0,11,99.99,1363,25.9,351.5
2026-05-19T13:25:21,42.5,2048,7941,1,10,99.99,1382,24.6,351.5
2026-05-19T13:25:27,44.7,2039,7941,0,9,99.99,1224,27.5,351.5
2026-05-19T13:25:32,44.7,2038,7941,0,11,99.99,1356,26.4,351.5
2026-05-19T13:25:37,43.3,2039,7941,1,9,99.99,1246,25.2,351.5
2026-05-19T13:25:43,45.5,2040,7941,1,8,99.99,1135,28.0,351.5
2026-05-19T13:25:48,46.1,2042,7941,0,9,99.99,1326,26.2,351.5
2026-05-19T13:25:53,45.5,2042,7941,0,11,99.99,1249,26.2,351.5
2026-05-19T13:25:59,54.0,2078,7941,0,10,99.99,1285,27.8,351.5
2026-05-19T13:26:04,47.0,2049,7941,0,9,99.99,1210,27.2,351.5
2026-05-19T13:26:09,45.5,2041,7941,0,9,99.99,1131,27.6,351.5
2026-05-19T13:26:15,44.0,2042,7941,0,11,99.99,1395,25.9,351.5
2026-05-19T13:26:20,45.0,2045,7941,1,10,99.99,1252,26.9,351.5
2026-05-19T13:26:25,46.2,2042,7941,1,9,99.99,1271,26.6,351.5
2026-05-19T13:26:31,46.8,2039,7941,0,10,99.99,1280,27.5,351.5
2026-05-19T13:26:36,45.3,2040,7941,0,9,99.99,1277,26.5,351.5
2026-05-19T13:26:41,45.2,2046,7941,0,10,99.99,1229,26.9,351.5
2026-05-19T13:26:47,46.2,2047,7941,0,11,99.99,1315,27.5,351.5
2026-05-19T13:26:52,44.2,2052,7941,0,10,99.99,1290,26.2,351.5
2026-05-19T13:26:57,44.5,2061,7941,0,10,99.99,1360,25.0,351.5
2026-05-19T13:27:03,45.8,2049,7941,0,10,99.99,1049,27.5,351.5
2026-05-19T13:27:08,45.4,2049,7941,2,8,99.99,1210,27.2,351.5
2026-05-19T13:27:13,43.9,2054,7941,1,10,99.99,1346,25.8,351.5
2026-05-19T13:27:19,45.1,2050,7941,0,11,99.99,1286,25.4,351.5
2026-05-19T13:27:24,46.6,2055,7941,0,9,99.99,1476,26.4,351.5
2026-05-19T13:27:29,45.6,2055,7941,1,9,99.99,1305,26.4,351.5
2026-05-19T13:27:35,48.0,2047,7941,0,11,99.99,1366,27.5,351.5
2026-05-19T13:27:40,46.3,2056,7941,1,6,99.99,1339,27.2,351.5
2026-05-19T13:27:45,45.5,2051,7941,0,9,99.99,1090,26.7,351.5
2026-05-19T13:27:51,45.6,2052,7941,1,8,99.99,1214,27.8,351.5
2026-05-19T13:27:56,44.9,2047,7941,0,11,99.99,1274,27.1,351.5
2026-05-19T13:28:01,54.0,2098,7941,1,8,99.99,1164,26.8,351.5
2026-05-19T13:28:07,48.0,2060,7941,1,10,99.99,1170,28.2,351.5
2026-05-19T13:28:12,41.2,2050,7941,0,10,99.99,1341,24.9,351.5
2026-05-19T13:28:17,41.5,2046,7941,0,10,99.99,1441,24.2,351.5
2026-05-19T13:28:23,42.7,2048,7941,0,11,99.99,1330,25.7,351.5
2026-05-19T13:28:28,42.8,2050,7941,1,7,99.99,1357,24.9,351.5
2026-05-19T13:28:33,45.2,2054,7941,0,9,99.99,1277,26.9,351.5
2026-05-19T13:28:38,41.2,2051,7941,0,11,99.99,1433,23.9,351.5
2026-05-19T13:28:44,41.1,2053,7941,0,9,99.99,1346,24.1,351.5
2026-05-19T13:28:49,43.6,2053,7941,1,9,99.99,1400,25.7,351.5
2026-05-19T13:28:54,40.4,2050,7941,1,8,99.99,1339,24.1,351.5
2026-05-19T13:29:00,39.8,2061,7941,0,9,99.99,1374,24.1,351.5
2026-05-19T13:29:05,46.5,2052,7941,1,10,99.99,1229,27.4,351.5
2026-05-19T13:29:10,44.3,2049,7941,0,11,99.99,1282,26.6,351.5
2026-05-19T13:29:16,42.3,2055,7941,1,9,99.99,1346,24.3,351.5
2026-05-19T13:29:21,42.4,2056,7941,1,8,99.99,1360,25.0,351.5
2026-05-19T13:29:26,42.2,2052,7941,1,10,99.99,1320,24.8,351.5
2026-05-19T13:29:31,44.1,2058,7941,0,11,99.99,1273,26.4,351.5
2026-05-19T13:29:37,42.5,2046,7941,0,11,99.99,1354,25.9,351.5
2026-05-19T13:29:42,42.8,2056,7941,1,9,99.99,1410,25.1,351.5
2026-05-19T13:29:47,46.5,2059,7941,0,10,99.99,1319,27.1,351.4
2026-05-19T13:29:53,42.0,2058,7941,0,11,99.99,1363,25.4,351.5
2026-05-19T13:29:58,47.2,2116,7941,2,10,99.99,1319,24.4,351.5
2026-05-19T13:30:03,44.1,2044,7941,0,10,99.99,975,27.8,351.5
2026-05-19T13:30:09,46.8,2041,7941,1,10,99.99,1192,27.8,351.5
2026-05-19T13:30:14,44.4,2029,7941,0,10,99.99,1177,26.7,351.5
2026-05-19T13:30:19,45.7,2038,7941,1,8,99.99,1274,27.3,351.5
2026-05-19T13:30:25,46.7,2041,7941,1,9,99.99,1418,27.4,351.5
2026-05-19T13:30:30,42.4,2039,7941,0,11,99.99,1179,24.9,351.5
2026-05-19T13:30:35,43.9,2042,7941,2,8,99.99,1430,26.0,351.5
2026-05-19T13:30:41,39.5,2048,7941,0,10,99.99,1390,23.5,351.5
2026-05-19T13:30:46,42.3,2034,7941,0,9,99.99,1390,24.4,351.5
2026-05-19T13:30:51,41.1,2042,7941,0,11,99.99,1283,24.2,351.5
2026-05-19T13:30:57,39.9,2039,7941,0,11,99.99,1420,23.8,351.5
2026-05-19T13:31:02,44.4,2052,7941,0,10,99.99,1255,26.8,351.5
2026-05-19T13:31:07,42.3,2047,7941,0,11,99.99,1334,24.9,351.5
2026-05-19T13:31:12,40.6,2045,7941,1,10,99.99,1372,23.9,351.5
2026-05-19T13:31:18,40.9,2049,7941,0,9,99.99,1359,24.3,351.5
2026-05-19T13:31:23,41.0,2051,7941,1,9,99.99,1406,25.1,351.5
2026-05-19T13:31:28,41.1,2053,7941,0,10,99.99,1285,23.9,351.5
2026-05-19T13:31:33,43.4,2051,7941,0,8,99.99,1396,26.1,351.5
2026-05-19T13:31:39,41.7,2045,7941,0,9,99.99,1316,24.4,351.5
2026-05-19T13:31:44,42.7,2054,7941,1,9,99.99,1285,25.1,351.5
2026-05-19T13:31:49,44.0,2047,7941,2,8,99.99,1472,25.7,351.5
2026-05-19T13:31:55,40.4,2052,7941,0,9,99.99,1396,23.8,351.5
2026-05-19T13:32:00,47.1,2095,7941,0,11,99.99,1370,24.5,351.5
2026-05-19T13:32:05,43.7,2068,7941,0,11,99.99,1176,26.1,351.5
2026-05-19T13:32:11,41.6,2048,7941,1,10,99.99,1271,25.4,351.5
2026-05-19T13:32:16,41.1,2051,7941,0,10,99.99,1387,24.5,351.5
2026-05-19T13:32:21,38.2,2058,7941,0,11,99.99,1495,22.9,351.5
2026-05-19T13:32:26,38.9,2047,7941,0,10,99.99,1377,23.4,351.5
2026-05-19T13:32:32,38.3,2052,7941,0,11,99.99,1379,22.8,351.5
2026-05-19T13:32:37,41.4,2049,7941,0,10,99.99,1376,24.6,351.5
2026-05-19T13:32:42,44.4,2048,7941,0,11,99.99,1326,25.9,351.5
2026-05-19T13:32:48,42.5,2054,7941,1,9,99.99,1290,25.2,351.5
2026-05-19T13:32:53,43.0,2053,7941,0,10,99.99,1327,25.1,351.5
2026-05-19T13:32:58,43.9,2057,7941,1,10,99.99,1377,25.9,351.5
2026-05-19T13:33:03,44.6,2047,7941,0,11,99.99,1188,25.8,351.5
2026-05-19T13:33:09,43.4,2052,7941,0,10,99.99,1316,24.9,351.5
2026-05-19T13:33:14,43.3,2053,7941,0,10,99.99,1320,26.1,351.5
2026-05-19T13:33:19,44.2,2049,7941,0,10,99.99,1262,25.9,351.5
2026-05-19T13:33:25,44.5,2053,7941,0,11,99.99,1436,25.6,351.5
2026-05-19T13:33:30,41.5,2058,7941,0,11,99.99,1309,24.0,351.5
2026-05-19T13:33:35,44.7,2055,7941,1,9,99.99,1406,26.5,351.4
2026-05-19T13:33:40,44.3,2049,7941,1,9,99.99,1341,25.9,351.4
2026-05-19T13:33:46,45.6,2059,7941,0,9,99.99,1269,26.1,351.5
2026-05-19T13:33:51,44.5,2058,7941,0,9,99.99,1336,26.3,351.5
2026-05-19T13:33:56,43.3,2056,7941,0,11,99.99,1317,25.1,351.5
2026-05-19T13:34:02,48.8,2067,7941,0,11,99.99,1337,25.4,351.5
2026-05-19T13:34:07,46.1,2050,7941,0,9,99.99,1268,27.0,351.5
2026-05-19T13:34:12,42.3,2055,7941,1,10,99.99,1300,25.0,351.5
2026-05-19T13:34:18,42.3,2057,7941,0,11,99.99,1338,24.4,351.5
2026-05-19T13:34:23,43.1,2061,7941,0,8,99.99,1382,25.6,351.5
2026-05-19T13:34:28,45.0,2060,7941,0,11,99.99,1119,27.4,351.5
2026-05-19T13:34:34,44.1,2060,7941,1,10,99.99,1239,26.6,351.5
2026-05-19T13:34:39,45.3,2048,7941,0,9,99.99,1387,26.5,351.5
2026-05-19T13:34:44,44.1,2062,7941,1,9,99.99,1374,25.1,351.5
2026-05-19T13:34:50,44.5,2060,7941,1,9,99.99,1351,25.8,351.5
2026-05-19T13:34:55,43.8,2061,7941,0,11,99.99,1292,26.6,351.5
2026-05-19T13:35:00,46.1,2063,7941,1,8,99.99,1339,25.9,351.5
2026-05-19T13:35:06,45.0,2057,7941,1,9,99.99,1076,27.2,351.5
2026-05-19T13:35:11,45.1,2063,7941,1,10,99.99,1287,26.8,351.5
2026-05-19T13:35:16,45.0,2062,7941,1,9,99.99,1313,25.9,351.5
2026-05-19T13:35:22,43.9,2060,7941,0,8,99.99,1299,25.7,351.5
2026-05-19T13:35:27,44.3,2067,7941,1,9,99.99,1338,26.1,351.5
2026-05-19T13:35:32,44.0,2062,7941,1,7,99.99,1188,26.7,351.5
2026-05-19T13:35:37,46.0,2067,7941,1,9,99.99,1438,26.3,351.4
2026-05-19T13:35:43,45.2,2066,7941,0,10,99.99,1244,26.4,351.5
2026-05-19T13:35:48,45.5,2066,7941,0,9,99.99,1262,26.8,351.5
2026-05-19T13:35:53,42.0,2063,7941,0,11,99.99,1398,24.4,351.5
2026-05-19T13:35:59,49.6,2128,7941,0,10,99.99,1312,25.7,351.5
2026-05-19T13:36:04,46.6,2071,7941,2,7,99.99,1255,26.7,351.5
2026-05-19T13:36:09,46.0,2064,7941,1,9,99.99,1311,26.8,351.5
2026-05-19T13:36:15,44.8,2059,7941,0,11,99.99,1299,25.8,351.5
2026-05-19T13:36:20,42.1,2061,7941,1,10,99.99,1308,24.4,351.5
2026-05-19T13:36:25,42.5,2057,7941,0,11,99.99,1405,24.5,351.5
2026-05-19T13:36:30,42.1,2061,7941,0,11,99.99,1431,24.3,351.5
2026-05-19T13:36:36,43.9,2066,7941,0,11,99.99,1167,26.7,351.5
2026-05-19T13:36:41,44.8,2064,7941,2,8,99.99,1282,26.4,351.4
2026-05-19T13:36:46,43.6,2061,7941,0,9,99.99,1358,25.2,351.5
2026-05-19T13:36:52,45.0,2064,7941,0,10,99.99,1355,26.1,351.5
2026-05-19T13:36:57,43.5,2072,7941,0,10,99.99,1393,25.6,351.5
2026-05-19T13:37:02,44.3,2063,7941,0,11,99.99,1178,25.4,351.5
2026-05-19T13:37:07,45.5,2068,7941,0,11,99.99,1338,26.3,351.5
2026-05-19T13:37:13,41.7,2068,7941,0,11,99.99,1324,24.6,351.5
2026-05-19T13:37:18,42.3,2063,7941,0,11,99.99,1387,24.7,351.5
2026-05-19T13:37:23,42.4,2064,7941,1,10,99.99,1307,25.2,351.4
2026-05-19T13:37:29,45.1,2075,7941,1,8,99.99,1259,26.4,351.5
2026-05-19T13:37:34,44.7,2071,7941,0,7,99.99,1098,26.8,351.5
2026-05-19T13:37:39,45.8,2071,7941,2,9,99.99,1209,27.2,351.5
2026-05-19T13:37:45,45.8,2066,7941,0,10,99.99,1154,28.2,351.5
2026-05-19T13:37:50,46.5,2067,7941,1,10,99.99,1209,27.4,351.5
2026-05-19T13:37:55,45.1,2065,7941,1,10,99.99,1177,27.2,351.5
2026-05-19T13:38:01,53.6,2101,7941,0,9,99.99,1137,28.1,351.5
2026-05-19T13:38:06,48.5,2068,7941,0,11,99.99,1255,28.1,351.5
2026-05-19T13:38:12,45.3,2070,7941,0,10,99.99,1309,26.1,351.5
2026-05-19T13:38:17,45.7,2056,7941,0,10,99.99,1179,27.9,351.5
2026-05-19T13:38:22,45.0,2058,7941,1,10,99.99,1182,27.3,351.5
2026-05-19T13:38:28,43.7,2060,7941,0,11,99.99,992,27.4,351.5
2026-05-19T13:38:33,45.3,2065,7941,0,8,99.99,1263,26.7,351.5
2026-05-19T13:38:38,44.6,2070,7941,1,9,99.99,1080,27.1,351.5
2026-05-19T13:38:44,46.0,2067,7941,0,10,99.99,1318,27.2,351.5
2026-05-19T13:38:49,44.9,2076,7941,1,9,99.99,1228,27.0,351.5
2026-05-19T13:38:54,45.6,2074,7941,0,9,99.99,1312,26.8,351.5
2026-05-19T13:39:00,46.9,2071,7941,1,8,99.99,1233,27.5,351.5
2026-05-19T13:39:05,45.0,2070,7941,0,10,99.99,766,27.5,351.5
2026-05-19T13:39:10,45.8,2072,7941,1,10,99.99,1295,27.6,351.5
2026-05-19T13:39:16,44.4,2071,7941,0,10,99.99,1152,26.2,351.5
2026-05-19T13:39:21,45.6,2079,7941,0,10,99.99,1270,26.9,351.5
2026-05-19T13:39:26,46.4,2081,7941,1,8,99.99,1182,28.1,351.4
2026-05-19T13:39:32,46.0,2072,7941,0,11,99.99,1081,27.8,351.5
2026-05-19T13:39:37,48.0,2073,7941,0,9,99.99,1230,28.0,351.5
2026-05-19T13:39:42,45.7,2073,7941,0,11,99.99,1060,27.1,351.5
2026-05-19T13:39:48,46.7,2076,7941,3,4,99.99,1394,26.7,351.5
2026-05-19T13:39:53,46.5,2075,7941,0,11,99.99,1088,27.9,351.5
2026-05-19T13:39:58,51.6,2139,7941,1,8,99.99,1109,27.2,351.5
2026-05-19T13:40:04,46.7,2073,7941,0,10,99.99,820,27.2,351.5
2026-05-19T13:40:09,48.3,2076,7941,0,10,99.99,960,28.0,351.5
2026-05-19T13:40:15,47.9,2066,7941,0,9,99.99,979,28.4,351.4
2026-05-19T13:40:20,47.4,2069,7941,0,10,99.99,1079,28.1,351.5
2026-05-19T13:40:25,47.2,2073,7941,0,11,99.99,1041,27.4,351.5
2026-05-19T13:40:31,48.0,2071,7941,2,8,99.99,1163,27.5,351.5
2026-05-19T13:40:36,48.7,2070,7941,0,10,99.99,1182,28.6,351.5
2026-05-19T13:40:41,47.4,2070,7941,0,11,99.99,1151,27.7,351.5
2026-05-19T13:40:47,48.1,2072,7941,1,10,99.99,1261,27.6,351.5
2026-05-19T13:40:52,47.4,2073,7941,0,10,99.99,1111,28.2,351.5
2026-05-19T13:40:58,46.2,2080,7941,0,11,99.99,1223,27.3,351.5
2026-05-19T13:41:03,44.3,2077,7941,0,10,99.99,1161,26.3,351.5
2026-05-19T13:41:08,45.9,2076,7941,1,9,99.99,1271,27.2,351.5
2026-05-19T13:41:13,40.1,2080,7941,2,9,99.99,1363,23.9,351.5
2026-05-19T13:41:19,39.6,2075,7941,1,10,99.99,1374,22.6,351.5
2026-05-19T13:41:24,40.0,2078,7941,1,10,99.99,1395,23.6,351.5
2026-05-19T13:41:29,42.2,2082,7941,0,11,99.99,1289,25.9,351.5
2026-05-19T13:41:34,40.0,2081,7941,1,10,99.99,1260,23.1,351.5
2026-05-19T13:41:40,40.2,2081,7941,0,9,99.99,1491,23.1,351.5
2026-05-19T13:41:45,39.5,2079,7941,1,9,99.99,1443,23.6,351.5
2026-05-19T13:41:50,40.6,2074,7941,1,10,99.99,1236,23.9,351.5
2026-05-19T13:41:55,40.5,2073,7941,0,11,99.99,1367,24.1,351.5
2026-05-19T13:42:01,46.0,2071,7941,2,9,99.99,1474,22.7,351.5
2026-05-19T13:42:06,45.1,2069,7941,0,11,99.99,1155,26.3,351.5
2026-05-19T13:42:11,39.7,2075,7941,0,8,99.99,1474,23.6,351.5
2026-05-19T13:42:17,38.2,2076,7941,1,10,99.99,1372,22.2,351.5
2026-05-19T13:42:22,41.7,2082,7941,0,10,99.99,1340,24.3,351.5
2026-05-19T13:42:27,39.4,2076,7941,1,9,99.99,1347,23.4,351.5
2026-05-19T13:42:32,40.1,2079,7941,0,10,99.99,1441,24.1,351.5
2026-05-19T13:42:38,41.2,2072,7941,1,10,99.99,1329,24.7,351.5
2026-05-19T13:42:43,40.6,2083,7941,1,9,99.99,1370,23.9,351.5
2026-05-19T13:42:48,38.9,2073,7941,0,10,99.99,1393,22.9,351.5
2026-05-19T13:42:53,39.9,2073,7941,0,11,99.99,1351,24.0,351.5
2026-05-19T13:42:59,42.8,2084,7941,0,11,99.99,1445,22.6,351.5
2026-05-19T13:43:04,44.4,2069,7941,0,10,99.99,1210,25.6,351.5
2026-05-19T13:43:09,44.7,2080,7941,0,11,99.99,1323,26.1,351.5
2026-05-19T13:43:15,41.9,2071,7941,1,10,99.99,1414,24.8,351.5
2026-05-19T13:43:20,41.2,2079,7941,3,8,99.99,1395,24.5,351.5
2026-05-19T13:43:25,40.9,2078,7941,1,10,99.99,1362,24.0,351.5
2026-05-19T13:43:30,41.2,2079,7941,1,8,99.99,1394,24.6,351.5
2026-05-19T13:43:36,41.0,2075,7941,1,10,99.99,1340,24.3,351.5
2026-05-19T13:43:41,40.7,2074,7941,1,9,99.99,1339,23.4,351.5
2026-05-19T13:43:46,43.8,2078,7941,0,11,99.99,1415,24.9,351.5
2026-05-19T13:43:52,43.4,2080,7941,0,9,99.99,1339,25.8,351.5
2026-05-19T13:43:57,41.4,2081,7941,1,11,99.99,1300,24.0,351.5
2026-05-19T13:44:02,49.7,2107,7941,0,9,99.99,1449,24.6,351.5
2026-05-19T13:44:08,43.1,2078,7941,0,10,99.99,1280,25.3,351.5
2026-05-19T13:44:13,41.6,2079,7941,1,10,99.99,1349,24.6,351.5
2026-05-19T13:44:18,39.8,2083,7941,1,9,99.99,1341,23.5,351.5
2026-05-19T13:44:23,42.8,2087,7941,1,8,99.99,1382,25.9,351.5
2026-05-19T13:44:29,43.6,2075,7941,0,10,99.99,1259,26.2,351.5
2026-05-19T13:44:34,42.6,2082,7941,0,10,99.99,1425,25.1,351.5
2026-05-19T13:44:39,41.5,2087,7941,1,10,99.99,1260,24.8,351.5
2026-05-19T13:44:44,40.6,2083,7941,1,9,99.99,1404,23.8,351.5
2026-05-19T13:44:50,40.4,2090,7941,0,11,99.99,1368,23.7,351.5
2026-05-19T13:44:55,39.6,2086,7941,1,9,99.99,1468,23.2,351.5
2026-05-19T13:45:00,40.6,2096,7941,0,9,99.99,1276,23.5,351.5
2026-05-19T13:45:06,46.1,2094,7941,1,9,99.99,1084,27.7,351.5
2026-05-19T13:45:11,40.5,2094,7941,0,11,99.99,1295,23.8,351.5
2026-05-19T13:45:16,38.4,2088,7941,1,9,99.99,1392,22.9,351.5
2026-05-19T13:45:22,38.2,2090,7941,0,9,99.99,1332,23.2,351.5
2026-05-19T13:45:27,38.0,2091,7941,0,11,99.99,1379,22.1,351.5
2026-05-19T13:45:32,40.0,2083,7941,0,11,99.99,1253,23.6,351.5
2026-05-19T13:45:37,41.2,2090,7941,0,10,99.99,1476,24.1,351.5
2026-05-19T13:45:43,42.5,2087,7941,1,10,99.99,1386,24.8,351.5
2026-05-19T13:45:48,42.6,2088,7941,0,10,99.99,1316,25.2,351.5
2026-05-19T13:45:53,41.0,2082,7941,0,10,99.99,1322,24.6,351.5
2026-05-19T13:45:59,47.4,2145,7941,0,10,99.99,1437,24.6,351.5
2026-05-19T13:46:04,44.4,2106,7941,0,11,99.99,1276,26.3,351.5
2026-05-19T13:46:09,42.8,2095,7941,0,10,99.99,1399,24.8,351.5
2026-05-19T13:46:14,44.1,2091,7941,0,10,99.99,1399,25.4,351.5
2026-05-19T13:46:20,43.8,2085,7941,0,10,99.99,1361,25.6,351.5
2026-05-19T13:46:25,46.5,2084,7941,2,6,99.99,1322,26.4,351.5
2026-05-19T13:46:30,44.8,2091,7941,0,10,99.99,1402,26.2,351.5
2026-05-19T13:46:36,43.9,2088,7941,0,10,99.99,1299,26.5,351.5
2026-05-19T13:46:41,45.0,2092,7941,2,7,99.99,1334,26.8,351.5
2026-05-19T13:46:47,44.1,2096,7941,0,10,99.99,1315,25.4,351.5
2026-05-19T13:46:52,43.9,2096,7941,2,9,99.99,1307,25.1,351.5
2026-05-19T13:46:57,44.7,2098,7941,1,10,99.99,1363,25.8,351.5
2026-05-19T13:47:03,47.3,2087,7941,0,10,99.99,1208,26.5,351.5
2026-05-19T13:47:08,45.3,2093,7941,0,11,99.99,1348,26.2,351.5
2026-05-19T13:47:13,44.1,2093,7941,0,11,99.99,1296,25.9,351.4
2026-05-19T13:47:18,45.6,2087,7941,1,7,99.99,1276,26.1,351.5
2026-05-19T13:47:24,45.8,2093,7941,0,11,99.99,1379,25.7,351.5
2026-05-19T13:47:29,44.6,2093,7941,0,10,99.99,1305,25.8,351.5
2026-05-19T13:47:34,47.0,2086,7941,1,10,99.99,1196,27.9,351.5
2026-05-19T13:47:40,45.6,2096,7941,1,10,99.99,1322,26.4,351.5
2026-05-19T13:47:45,47.4,2101,7941,0,11,99.99,1382,26.9,351.5
2026-05-19T13:47:50,45.8,2091,7941,0,11,99.99,1284,27.1,351.5
2026-05-19T13:47:56,45.2,2093,7941,1,10,99.99,1219,27.1,351.5
2026-05-19T13:48:01,52.4,2113,7941,2,9,99.99,1237,27.3,351.4
2026-05-19T13:48:07,45.9,2097,7941,0,10,99.99,1187,27.7,351.5
2026-05-19T13:48:12,45.7,2103,7941,0,11,99.99,1261,26.6,351.5
2026-05-19T13:48:17,44.1,2092,7941,1,8,99.99,1132,27.8,351.5
2026-05-19T13:48:23,43.1,2092,7941,0,11,99.99,1140,27.2,351.5
2026-05-19T13:48:28,44.4,2090,7941,0,11,99.99,1094,26.9,351.5
2026-05-19T13:48:33,45.1,2097,7941,0,10,99.99,1341,26.5,351.5
2026-05-19T13:48:38,44.0,2103,7941,1,10,99.99,1343,25.4,351.5
2026-05-19T13:48:44,45.1,2092,7941,1,10,99.99,1202,26.5,351.5
2026-05-19T13:48:49,46.2,2095,7941,1,8,99.99,1396,27.0,351.5
2026-05-19T13:48:54,43.7,2090,7941,1,10,99.99,1272,25.2,351.5
2026-05-19T13:49:00,43.5,2103,7941,1,10,99.99,1411,24.6,351.5
2026-05-19T13:49:05,46.0,2090,7941,1,9,99.99,1005,28.2,351.5
2026-05-19T13:49:10,44.2,2090,7941,0,10,99.99,1231,25.9,351.5
2026-05-19T13:49:16,43.5,2098,7941,1,10,99.99,1276,25.1,351.5
2026-05-19T13:49:21,42.0,2104,7941,0,11,99.99,1363,24.9,351.5
2026-05-19T13:49:26,44.9,2100,7941,1,9,99.99,1376,26.2,351.5
2026-05-19T13:49:32,47.1,2103,7941,1,8,99.99,1364,26.6,351.5
2026-05-19T13:49:37,45.9,2101,7941,0,10,99.99,1209,27.0,351.5
2026-05-19T13:49:42,46.0,2091,7941,1,8,99.99,1334,27.1,351.5
2026-05-19T13:49:48,46.8,2095,7941,0,8,99.99,1178,27.6,351.5
2026-05-19T13:49:53,44.7,2100,7941,0,10,99.99,1197,27.5,351.5
2026-05-19T13:49:58,46.8,2164,7941,1,11,99.99,1356,25.4,351.5
2026-05-19T13:50:03,45.8,2134,7941,0,9,99.99,907,26.7,351.5
2026-05-19T13:50:09,46.3,2094,7941,1,10,99.99,1072,28.0,351.5
2026-05-19T13:50:14,46.2,2089,7941,0,11,99.99,1228,27.6,351.5
2026-05-19T13:50:19,47.4,2099,7941,0,10,99.99,1252,27.1,351.5
2026-05-19T13:50:25,46.5,2097,7941,0,11,99.99,1243,27.5,351.5
2026-05-19T13:50:30,46.2,2096,7941,1,9,99.99,1346,26.4,351.5
2026-05-19T13:50:35,45.4,2095,7941,0,11,99.99,1272,26.2,351.5
2026-05-19T13:50:41,45.1,2090,7941,1,9,99.99,1261,25.8,351.5
2026-05-19T13:50:46,46.0,2093,7941,0,11,99.99,1334,26.4,351.5
2026-05-19T13:50:51,45.2,2090,7941,0,11,99.99,1402,26.1,351.5
2026-05-19T13:50:57,45.0,2108,7941,1,10,99.99,1294,26.6,351.5
2026-05-19T13:51:02,43.6,2100,7941,0,9,99.99,1276,25.4,351.5
2026-05-19T13:51:07,47.3,2097,7941,0,11,99.99,1253,28.5,351.5
2026-05-19T13:51:13,44.3,2100,7941,0,9,99.99,1276,26.2,351.5
2026-05-19T13:51:18,43.7,2101,7941,0,9,99.99,1396,24.2,351.5
2026-05-19T13:51:23,45.2,2100,7941,0,11,99.99,1434,25.8,351.5
2026-05-19T13:51:29,46.2,2102,7941,0,11,99.99,1340,26.7,351.5
2026-05-19T13:51:34,45.7,2100,7941,1,9,99.99,1271,27.1,351.5
2026-05-19T13:51:39,46.1,2097,7941,1,9,99.99,1206,27.6,351.4
2026-05-19T13:51:45,46.9,2103,7941,1,10,99.99,1042,27.7,351.5
2026-05-19T13:51:50,46.5,2097,7941,0,9,99.99,1220,27.5,351.5
2026-05-19T13:51:55,46.2,2100,7941,0,11,99.99,1196,28.1,351.5
2026-05-19T13:52:01,54.1,2153,7941,1,10,99.99,1217,27.8,351.5
2026-05-19T13:52:06,46.9,2125,7941,0,10,99.99,1054,28.1,351.5
2026-05-19T13:52:12,45.2,2107,7941,0,10,99.99,1186,27.8,351.5
2026-05-19T13:52:17,43.9,2099,7941,0,11,99.99,1201,26.1,351.5
2026-05-19T13:52:22,43.8,2100,7941,0,9,99.99,1361,26.6,351.5
2026-05-19T13:52:28,44.4,2105,7941,0,11,99.99,1260,26.2,351.5
2026-05-19T13:52:33,44.7,2118,7941,0,9,99.99,1285,26.5,351.5
2026-05-19T13:52:38,41.3,2104,7941,0,11,99.99,1321,24.4,351.5
2026-05-19T13:52:43,39.0,2107,7941,0,10,99.99,1350,23.4,351.5
2026-05-19T13:52:49,41.6,2106,7941,0,11,99.99,1466,24.6,351.5
2026-05-19T13:52:54,39.2,2103,7941,0,10,99.99,1391,23.8,351.5
2026-05-19T13:52:59,39.7,2112,7941,0,10,99.99,1258,24.1,351.5
2026-05-19T13:53:04,43.4,2096,7941,1,8,99.99,1440,26.3,351.4
2026-05-19T13:53:10,39.2,2102,7941,0,8,99.99,1367,23.2,351.4
2026-05-19T13:53:15,38.0,2100,7941,0,11,99.99,1342,22.5,351.5
2026-05-19T13:53:20,34.8,2110,7941,1,10,99.99,1354,20.5,351.5
2026-05-19T13:53:26,37.4,2104,7941,1,10,99.99,1228,21.9,351.5
2026-05-19T13:53:31,41.6,2109,7941,0,11,99.99,1460,24.0,351.5
2026-05-19T13:53:36,45.3,2109,7941,1,10,99.99,1296,26.0,351.5
2026-05-19T13:53:41,44.8,2106,7941,0,10,99.99,1219,26.7,351.5
2026-05-19T13:53:47,44.4,2104,7941,1,9,99.99,1231,25.9,351.5
2026-05-19T13:53:52,44.0,2104,7941,0,11,99.99,1315,26.1,351.5
2026-05-19T13:53:57,46.2,2152,7941,1,11,99.99,1254,27.4,351.5
2026-05-19T13:54:03,51.3,2112,7941,0,9,99.99,990,27.7,351.5
2026-05-19T13:54:08,46.7,2110,7941,0,11,99.99,1360,26.9,351.5
2026-05-19T13:54:13,43.7,2113,7941,0,10,99.99,1192,26.8,351.5
2026-05-19T13:54:19,45.4,2102,7941,0,9,99.99,1315,27.2,351.5
2026-05-19T13:54:24,45.8,2104,7941,0,10,99.99,1335,25.9,351.5
2026-05-19T13:54:29,45.5,2111,7941,0,11,99.99,1456,26.3,351.5
2026-05-19T13:54:35,45.0,2105,7941,0,9,99.99,1223,27.1,351.5
2026-05-19T13:54:40,42.6,2105,7941,0,11,99.99,1189,24.9,351.5
2026-05-19T13:54:45,38.1,2107,7941,0,10,99.99,1143,21.8,351.5
2026-05-19T13:54:51,42.3,2110,7941,0,11,99.99,1309,25.1,351.5
2026-05-19T13:54:56,39.9,2111,7941,1,9,99.99,1343,23.3,351.5
2026-05-19T13:55:01,41.0,2104,7941,0,9,99.99,1406,23.7,351.5
2026-05-19T13:55:07,48.0,2107,7941,0,10,99.99,1077,29.8,351.5
2026-05-19T13:55:12,46.2,2106,7941,0,10,99.99,1206,27.3,351.5
2026-05-19T13:55:18,45.6,2105,7941,0,10,99.99,1359,26.8,351.5
2026-05-19T13:55:23,44.3,2114,7941,1,9,99.99,1370,26.2,351.5
2026-05-19T13:55:28,45.7,2110,7941,0,11,99.99,1186,26.9,351.5
2026-05-19T13:55:34,46.2,2118,7941,1,8,99.99,1266,27.5,351.5
2026-05-19T13:55:39,43.4,2116,7941,0,11,99.99,1344,25.9,351.5
2026-05-19T13:55:44,43.7,2116,7941,0,11,99.99,1267,25.3,351.5
2026-05-19T13:55:50,45.9,2115,7941,0,10,99.99,1370,27.2,351.5
2026-05-19T13:55:55,42.4,2113,7941,1,9,99.99,1434,24.8,351.5
2026-05-19T13:56:00,51.2,2163,7941,0,10,99.99,1238,26.0,351.5
2026-05-19T13:56:06,45.5,2118,7941,0,10,99.99,1302,27.0,351.5
2026-05-19T13:56:11,43.3,2113,7941,0,11,99.99,1286,25.3,351.5
2026-05-19T13:56:16,40.4,2108,7941,0,11,99.99,1322,23.8,351.5
2026-05-19T13:56:21,39.6,2116,7941,1,10,99.99,1456,23.3,351.5
2026-05-19T13:56:27,42.5,2113,7941,0,10,99.99,1367,24.3,351.5
2026-05-19T13:56:32,37.8,2120,7941,0,11,99.99,1294,22.2,351.5
2026-05-19T13:56:37,40.3,2122,7941,0,11,99.99,1559,23.4,351.5
2026-05-19T13:56:43,40.0,2115,7941,1,9,99.99,1377,23.8,351.5
2026-05-19T13:56:48,37.8,2107,7941,0,10,99.99,1261,22.1,351.5
2026-05-19T13:56:53,39.9,2120,7941,1,8,99.99,1347,23.2,351.5
2026-05-19T13:56:58,39.7,2123,7941,0,11,99.99,1360,22.8,351.5
2026-05-19T13:57:04,42.0,2118,7941,0,10,99.99,1268,25.4,351.5
2026-05-19T13:57:09,33.7,2105,7941,0,11,99.99,1181,19.3,351.5
2026-05-19T13:57:14,40.6,2110,7941,0,9,99.99,1299,23.8,351.5
2026-05-19T13:57:19,37.8,2115,7941,0,10,99.99,1198,22.4,351.4
2026-05-19T13:57:25,40.9,2120,7941,0,11,99.99,1433,24.6,351.5
2026-05-19T13:57:30,41.1,2122,7941,1,10,99.99,1279,24.5,351.5
2026-05-19T13:57:35,42.5,2114,7941,1,9,99.99,1339,25.2,351.5
2026-05-19T13:57:41,44.4,2114,7941,0,6,99.99,1297,27.0,351.5
2026-05-19T13:57:46,46.5,2114,7941,0,11,99.99,1284,26.9,351.5
2026-05-19T13:57:51,45.1,2114,7941,1,9,99.99,1283,26.0,351.5
2026-05-19T13:57:56,44.7,2112,7941,2,9,99.99,1318,26.1,351.5
2026-05-19T13:58:02,50.3,2151,7941,0,10,99.99,1243,26.6,351.5
2026-05-19T13:58:07,45.7,2111,7941,1,10,99.99,1173,27.5,351.5
2026-05-19T13:58:12,46.0,2118,7941,1,10,99.99,1326,26.2,351.5
2026-05-19T13:58:18,45.7,2113,7941,0,10,99.99,1352,26.7,351.5
2026-05-19T13:58:23,44.9,2111,7941,0,10,99.99,1215,26.8,351.5
2026-05-19T13:58:28,45.4,2118,7941,0,10,99.99,1228,27.0,351.5
2026-05-19T13:58:34,45.1,2115,7941,0,11,99.99,1240,26.8,351.4
2026-05-19T13:58:39,44.7,2117,7941,0,9,99.99,1287,26.2,351.5
2026-05-19T13:58:44,43.1,2119,7941,0,11,99.99,1373,25.3,351.5
2026-05-19T13:58:50,44.2,2114,7941,2,9,99.99,1267,26.8,351.5
2026-05-19T13:58:55,38.9,2122,7941,1,10,99.99,1293,23.2,351.5
2026-05-19T13:59:00,43.6,2135,7941,0,10,99.99,1501,24.3,351.5
2026-05-19T13:59:06,45.2,2122,7941,0,11,99.99,1241,27.1,351.5
2026-05-19T13:59:11,44.2,2128,7941,0,9,99.99,1379,26.7,351.5
2026-05-19T13:59:16,43.1,2125,7941,1,10,99.99,1271,25.2,351.5
2026-05-19T13:59:22,43.6,2124,7941,0,10,99.99,1385,25.4,351.5
2026-05-19T13:59:27,45.3,2119,7941,0,11,99.99,1312,26.0,351.5
2026-05-19T13:59:32,45.3,2116,7941,0,11,99.99,1261,27.1,351.5
2026-05-19T13:59:37,44.2,2118,7941,0,11,99.99,1305,25.8,351.5
2026-05-19T13:59:43,42.3,2124,7941,1,6,99.99,1303,24.9,351.5
2026-05-19T13:59:48,44.2,2120,7941,0,11,99.99,1300,26.3,351.5
2026-05-19T13:59:53,43.4,2125,7941,0,9,99.99,1349,25.4,351.5
2026-05-19T13:59:59,50.5,2188,7941,0,9,99.99,1343,26.3,351.5
2026-05-19T14:00:04,44.5,2131,7941,1,8,99.99,842,27.6,351.4
2026-05-19T14:00:09,44.8,2125,7941,0,11,99.99,1042,27.9,351.5
2026-05-19T14:00:15,44.2,2131,7941,1,9,99.99,1108,27.3,351.5
2026-05-19T14:00:20,46.3,2126,7941,1,9,99.99,1245,27.8,351.5
2026-05-19T14:00:25,46.1,2124,7941,1,10,99.99,1122,27.6,351.5
2026-05-19T14:00:31,46.1,2129,7941,0,10,99.99,1333,26.3,351.5
2026-05-19T14:00:36,45.4,2122,7941,0,11,99.99,1299,27.0,351.5
2026-05-19T14:00:41,44.6,2128,7941,0,11,99.99,1282,27.4,351.5
2026-05-19T14:00:47,46.3,2128,7941,0,8,99.99,1233,27.3,351.5
2026-05-19T14:00:52,45.4,2125,7941,0,10,99.99,1329,27.1,351.5
2026-05-19T14:00:57,44.4,2130,7941,1,10,99.99,1248,26.7,351.5
2026-05-19T14:01:03,46.0,2119,7941,0,11,99.99,1262,26.4,351.5
2026-05-19T14:01:08,46.6,2125,7941,1,9,99.99,1282,27.4,351.5
2026-05-19T14:01:13,44.4,2125,7941,0,11,99.99,1358,25.8,351.5
2026-05-19T14:01:19,44.2,2126,7941,1,9,99.99,1414,25.9,351.5
2026-05-19T14:01:24,45.9,2125,7941,1,10,99.99,1328,27.1,351.5
2026-05-19T14:01:29,43.9,2133,7941,0,11,99.99,1371,25.4,351.5
2026-05-19T14:01:35,45.9,2133,7941,0,10,99.99,1285,26.6,351.5
2026-05-19T14:01:40,43.9,2119,7941,0,10,99.99,1238,25.8,351.5
2026-05-19T14:01:45,46.1,2124,7941,0,10,99.99,1391,26.4,351.5
2026-05-19T14:01:51,43.0,2126,7941,0,10,99.99,1436,25.6,351.5
2026-05-19T14:01:56,43.8,2128,7941,0,10,99.99,1361,25.4,351.5
2026-05-19T14:02:01,53.1,2139,7941,0,10,99.99,1296,26.2,351.5
2026-05-19T14:02:07,45.6,2122,7941,0,10,99.99,1104,28.3,351.5
2026-05-19T14:02:12,45.3,2124,7941,0,10,99.99,1323,27.1,351.5
2026-05-19T14:02:17,43.4,2124,7941,1,8,99.99,1332,25.4,351.5
2026-05-19T14:02:23,43.9,2127,7941,0,9,99.99,1350,26.5,351.5
2026-05-19T14:02:28,44.4,2134,7941,0,10,99.99,1107,27.5,351.5
2026-05-19T14:02:33,44.2,2132,7941,0,11,99.99,1359,25.5,351.5
2026-05-19T14:02:38,46.1,2126,7941,2,9,99.99,1360,26.4,351.5
2026-05-19T14:02:44,45.9,2134,7941,1,9,99.99,1375,26.7,351.5
2026-05-19T14:02:49,44.8,2131,7941,0,11,99.99,1170,26.8,351.5
2026-05-19T14:02:54,45.2,2130,7941,1,10,99.99,1295,25.8,351.5
2026-05-19T14:03:00,46.5,2142,7941,0,11,99.99,1403,26.4,351.5
2026-05-19T14:03:05,45.9,2128,7941,1,9,99.99,1157,27.2,351.5
2026-05-19T14:03:10,44.7,2134,7941,1,9,99.99,1330,26.5,351.5
2026-05-19T14:03:16,42.9,2154,7941,0,11,99.99,1290,24.6,351.4
2026-05-19T14:03:21,43.3,2140,7941,0,11,99.99,1341,25.1,351.5
2026-05-19T14:03:26,44.2,2135,7941,0,10,99.99,1343,26.2,351.5
2026-05-19T14:03:32,45.2,2144,7941,0,8,99.99,1361,26.8,351.5
2026-05-19T14:03:37,42.7,2139,7941,0,7,99.99,1360,24.9,351.5
2026-05-19T14:03:42,45.2,2129,7941,0,10,99.99,1295,25.8,351.5
2026-05-19T14:03:48,44.5,2124,7941,0,10,99.99,1346,25.9,351.5
2026-05-19T14:03:53,43.9,2130,7941,0,8,99.99,1325,25.5,351.5
2026-05-19T14:03:58,50.0,2195,7941,2,8,99.99,1415,26.8,351.5
2026-05-19T14:04:04,56.2,2143,7941,1,7,99.99,1031,27.7,351.5
2026-05-19T14:04:09,46.6,2130,7941,0,10,99.99,1292,26.8,351.5
2026-05-19T14:04:14,45.0,2125,7941,1,8,99.99,1236,26.8,351.5
2026-05-19T14:04:20,48.0,2128,7941,0,9,99.99,1263,27.8,351.5
2026-05-19T14:04:25,45.6,2129,7941,0,10,99.99,1211,27.0,351.5
2026-05-19T14:04:30,44.2,2131,7941,1,9,99.99,1193,27.1,351.5
2026-05-19T14:04:36,46.3,2134,7941,0,10,99.99,1249,27.1,351.5
2026-05-19T14:04:41,45.2,2125,7941,0,9,99.99,1259,26.9,351.5
2026-05-19T14:04:46,48.4,2135,7941,2,9,99.99,1264,27.0,351.5
2026-05-19T14:04:52,45.5,2136,7941,2,6,99.99,1301,27.6,351.5
2026-05-19T14:04:57,46.9,2135,7941,1,9,99.99,1334,26.6,351.5
2026-05-19T14:05:02,45.3,2134,7941,0,9,99.99,1042,27.3,351.5
2026-05-19T14:05:08,45.8,2131,7941,0,10,99.99,956,28.9,351.5
2026-05-19T14:05:13,41.0,2133,7941,0,9,99.99,1093,24.1,351.5
2026-05-19T14:05:19,43.9,2135,7941,0,11,99.99,1308,25.7,351.5
2026-05-19T14:05:24,44.1,2127,7941,0,10,99.99,1252,26.2,351.5
2026-05-19T14:05:29,45.3,2130,7941,0,11,99.99,1232,26.8,351.5
2026-05-19T14:05:34,44.8,2136,7941,0,11,99.99,1492,25.8,351.5
2026-05-19T14:05:40,44.8,2131,7941,0,11,99.99,1255,26.5,351.5
2026-05-19T14:05:45,46.5,2135,7941,1,8,99.99,1294,27.0,351.4
2026-05-19T14:05:50,44.7,2139,7941,0,11,99.99,1232,25.9,351.5
2026-05-19T14:05:56,45.7,2138,7941,0,11,99.99,1401,26.6,351.5
2026-05-19T14:06:01,49.1,2187,7941,1,9,99.99,1340,25.6,351.5
2026-05-19T14:06:07,46.1,2131,7941,0,10,99.99,994,28.6,351.5
2026-05-19T14:06:12,44.7,2131,7941,0,9,99.99,1420,25.8,351.5
2026-05-19T14:06:17,45.5,2130,7941,0,10,99.99,1359,26.1,351.5
2026-05-19T14:06:23,44.3,2135,7941,1,8,99.99,1295,26.1,351.5
2026-05-19T14:06:28,46.2,2136,7941,2,9,99.99,1309,26.5,351.5
2026-05-19T14:06:33,45.8,2133,7941,0,10,99.99,1200,28.1,351.5
2026-05-19T14:06:39,44.3,2136,7941,0,11,99.99,1294,25.9,351.5
2026-05-19T14:06:44,43.1,2135,7941,2,7,99.99,1210,26.8,351.5
2026-05-19T14:06:49,45.3,2137,7941,1,9,99.99,1197,27.4,351.5
2026-05-19T14:06:55,45.3,2144,7941,0,11,99.99,1278,26.7,351.5
2026-05-19T14:07:00,42.6,2134,7941,1,9,99.99,1384,24.5,351.5
2026-05-19T14:07:05,46.3,2133,7941,0,10,99.99,1097,27.8,351.5
2026-05-19T14:07:11,43.1,2131,7941,1,7,99.99,1394,25.1,351.5
2026-05-19T14:07:16,44.5,2134,7941,0,11,99.99,1222,26.1,351.5
2026-05-19T14:07:21,44.7,2144,7941,1,10,99.99,1287,26.7,351.5
2026-05-19T14:07:26,45.5,2144,7941,1,10,99.99,1253,26.1,351.5
2026-05-19T14:07:32,44.2,2148,7941,0,10,99.99,1321,26.4,351.5
2026-05-19T14:07:37,45.7,2145,7941,1,9,99.99,1196,28.0,351.5
2026-05-19T14:07:42,44.4,2149,7941,1,9,99.99,1305,25.6,351.5
2026-05-19T14:07:48,45.3,2148,7941,1,10,99.99,1387,25.3,351.5
2026-05-19T14:07:53,43.5,2152,7941,0,10,99.99,1385,25.9,351.5
2026-05-19T14:07:58,47.0,2205,7941,3,8,99.99,1219,25.7,351.5
2026-05-19T14:08:04,48.9,2151,7941,1,11,99.99,1021,26.9,351.5
2026-05-19T14:08:09,44.2,2146,7941,1,9,99.99,1188,26.7,351.5
2026-05-19T14:08:14,46.7,2139,7941,1,10,99.99,1382,26.8,351.5
2026-05-19T14:08:20,46.1,2148,7941,0,9,99.99,1282,26.6,351.5
2026-05-19T14:08:25,46.2,2140,7941,1,7,99.99,1265,28.0,351.5
2026-05-19T14:08:30,44.2,2143,7941,0,9,99.99,1149,27.2,351.5
2026-05-19T14:08:36,47.9,2146,7941,0,10,99.99,1368,26.8,351.5
2026-05-19T14:08:41,47.0,2142,7941,0,10,99.99,1184,28.1,351.5
2026-05-19T14:08:46,46.9,2149,7941,0,10,99.99,1228,27.1,351.5
2026-05-19T14:08:52,47.1,2141,7941,1,9,99.99,1266,27.1,351.5
2026-05-19T14:08:57,46.2,2146,7941,0,10,99.99,1294,27.2,351.5
2026-05-19T14:09:02,45.9,2158,7941,1,7,99.99,1214,26.9,351.5
2026-05-19T14:09:08,46.0,2145,7941,0,9,99.99,955,28.3,351.5
2026-05-19T14:09:13,43.7,2153,7941,1,10,99.99,1178,26.2,351.5
2026-05-19T14:09:19,43.0,2151,7941,0,9,99.99,1311,26.6,351.5
2026-05-19T14:09:24,41.0,2151,7941,0,11,99.99,1333,24.3,351.5
2026-05-19T14:09:29,43.6,2150,7941,0,8,99.99,1298,25.6,351.5
2026-05-19T14:09:35,44.4,2152,7941,0,11,99.99,1390,26.1,351.5
2026-05-19T14:09:40,43.2,2150,7941,0,11,99.99,1234,26.4,351.5
2026-05-19T14:09:45,46.3,2154,7941,1,8,99.99,1388,26.7,351.5
2026-05-19T14:09:50,44.3,2148,7941,0,11,99.99,1292,25.8,351.5
2026-05-19T14:09:56,44.6,2151,7941,1,10,99.99,1294,25.7,351.5
2026-05-19T14:10:01,51.4,2185,7941,0,10,99.99,1363,27.2,351.5
2026-05-19T14:10:07,45.5,2145,7941,0,10,99.99,907,28.5,351.5
2026-05-19T14:10:12,46.2,2150,7941,0,11,99.99,1245,27.0,351.5
2026-05-19T14:10:17,42.7,2149,7941,0,10,99.99,946,27.4,351.5
2026-05-19T14:10:23,45.8,2149,7941,0,10,99.99,1230,27.9,351.5
2026-05-19T14:10:28,47.1,2149,7941,0,10,99.99,1319,27.3,351.5
2026-05-19T14:10:33,45.2,2148,7941,0,10,99.99,1325,25.9,351.5
2026-05-19T14:10:39,46.0,2150,7941,0,10,99.99,1312,26.2,351.5
2026-05-19T14:10:44,45.0,2147,7941,0,9,99.99,1400,25.8,351.5
2026-05-19T14:10:49,45.6,2153,7941,0,11,99.99,1239,25.9,351.5
2026-05-19T14:10:55,46.1,2152,7941,1,9,99.99,1381,26.2,351.5
2026-05-19T14:11:00,47.7,2156,7941,0,10,99.99,1404,25.9,351.5
2026-05-19T14:11:05,46.4,2151,7941,0,10,99.99,1077,27.4,351.5
2026-05-19T14:11:11,46.2,2152,7941,1,9,99.99,1349,26.8,351.5
2026-05-19T14:11:16,43.9,2151,7941,1,9,99.99,1327,25.6,351.5
2026-05-19T14:11:21,45.1,2157,7941,1,9,99.99,1377,26.2,351.5
2026-05-19T14:11:26,45.4,2152,7941,1,8,99.99,1312,27.3,351.5
2026-05-19T14:11:32,45.4,2151,7941,0,11,99.99,1240,26.6,351.5
2026-05-19T14:11:37,47.7,2153,7941,0,9,99.99,1330,27.2,351.5
2026-05-19T14:11:43,45.0,2157,7941,0,10,99.99,1344,26.2,351.5
2026-05-19T14:11:48,45.4,2151,7941,0,11,99.99,1343,25.6,351.5
2026-05-19T14:11:53,44.9,2148,7941,1,10,99.99,1386,26.0,351.5
2026-05-19T14:11:58,48.6,2217,7941,2,10,99.99,1341,25.2,351.5
2026-05-19T14:12:04,48.6,2172,7941,0,10,99.99,1075,26.8,351.5
2026-05-19T14:12:09,46.2,2152,7941,0,11,99.99,1296,26.7,351.5
2026-05-19T14:12:14,44.3,2157,7941,1,8,99.99,1379,26.2,351.5
2026-05-19T14:12:20,43.6,2158,7941,0,11,99.99,1193,25.9,351.5
2026-05-19T14:12:25,45.4,2155,7941,1,9,99.99,1426,26.7,351.5
2026-05-19T14:12:30,45.0,2154,7941,0,11,99.99,1249,26.7,351.5
2026-05-19T14:12:36,45.4,2152,7941,2,8,99.99,1387,25.9,351.5
2026-05-19T14:12:41,44.8,2154,7941,0,10,99.99,1357,26.8,351.5
2026-05-19T14:12:46,44.6,2153,7941,1,10,99.99,1247,25.6,351.5
2026-05-19T14:12:52,44.1,2152,7941,2,9,99.99,1387,25.9,351.5
2026-05-19T14:12:57,43.7,2149,7941,0,10,99.99,1383,25.7,351.5
2026-05-19T14:13:02,43.9,2157,7941,0,11,99.99,1245,26.0,351.5
2026-05-19T14:13:08,44.1,2153,7941,0,9,99.99,1168,26.1,351.5
2026-05-19T14:13:13,43.6,2162,7941,0,10,99.99,1384,25.9,351.5
2026-05-19T14:13:18,42.8,2159,7941,0,10,99.99,1316,25.0,351.5
2026-05-19T14:13:23,41.8,2159,7941,2,7,99.99,1362,24.3,351.5
2026-05-19T14:13:29,46.8,2159,7941,0,10,99.99,1301,27.7,351.5
2026-05-19T14:13:34,45.8,2158,7941,0,11,99.99,1243,27.3,351.5
2026-05-19T14:13:39,45.5,2162,7941,0,11,99.99,1332,27.4,351.5
2026-05-19T14:13:45,40.8,2159,7941,0,11,99.99,1334,23.6,351.5
2026-05-19T14:13:50,45.3,2166,7941,1,10,99.99,1352,26.2,351.5
2026-05-19T14:13:55,44.3,2154,7941,0,11,99.99,1369,25.7,351.5
2026-05-19T14:14:01,51.1,2210,7941,0,10,99.99,1267,26.1,351.5
2026-05-19T14:14:06,47.7,2150,7941,1,9,99.99,1156,27.9,351.5
2026-05-19T14:14:11,45.3,2157,7941,0,10,99.99,1270,26.2,351.5
2026-05-19T14:14:17,44.0,2155,7941,1,10,99.99,1336,25.9,351.5
2026-05-19T14:14:22,44.0,2156,7941,1,8,99.99,1388,25.2,351.5
2026-05-19T14:14:27,44.5,2159,7941,0,11,99.99,1180,26.5,351.5
2026-05-19T14:14:33,45.1,2161,7941,0,8,99.99,1353,26.1,351.5
2026-05-19T14:14:38,42.4,2164,7941,0,11,99.99,1331,25.1,351.5
2026-05-19T14:14:43,43.8,2164,7941,0,11,99.99,1341,24.9,351.5
2026-05-19T14:14:49,44.6,2158,7941,0,11,99.99,1357,25.6,351.5
2026-05-19T14:14:54,42.4,2152,7941,1,9,99.99,1325,23.9,351.5
2026-05-19T14:14:59,44.2,2162,7941,4,6,99.99,1397,25.5,351.5
2026-05-19T14:15:05,46.6,2154,7941,1,9,99.99,998,27.4,351.5
2026-05-19T14:15:10,45.7,2158,7941,0,10,99.99,1241,26.8,351.5
2026-05-19T14:15:15,44.2,2159,7941,0,10,99.99,1398,25.1,351.5
2026-05-19T14:15:21,39.4,2154,7941,1,9,99.99,1264,23.0,351.5
2026-05-19T14:15:26,41.6,2154,7941,0,11,99.99,1330,23.9,351.5
2026-05-19T14:15:31,43.1,2162,7941,1,10,99.99,1316,25.7,351.5
2026-05-19T14:15:37,45.0,2160,7941,2,9,99.99,1229,26.3,351.5
2026-05-19T14:15:42,41.8,2162,7941,0,8,99.99,1372,24.2,351.5
2026-05-19T14:15:47,44.5,2164,7941,1,9,99.99,1219,26.1,351.5
2026-05-19T14:15:52,40.2,2166,7941,0,11,99.99,1248,23.9,351.5
2026-05-19T14:15:58,35.9,2204,7941,2,10,99.99,1160,20.7,351.5
2026-05-19T14:16:03,46.2,2195,7941,0,9,99.99,970,25.4,351.5
2026-05-19T14:16:08,40.8,2168,7941,1,8,99.99,1162,24.1,351.5
2026-05-19T14:16:14,38.0,2163,7941,1,10,99.99,1232,22.1,351.5
2026-05-19T14:16:19,42.0,2161,7941,2,7,99.99,1167,25.5,351.5
2026-05-19T14:16:24,37.1,2156,7941,1,9,99.99,1101,21.0,351.5
2026-05-19T14:16:30,32.6,2157,7941,0,11,99.99,1027,19.7,351.5
2026-05-19T14:16:35,38.1,2159,7941,0,11,99.99,1167,21.5,351.5
2026-05-19T14:16:40,36.6,2163,7941,1,9,99.99,1055,22.1,351.5
2026-05-19T14:16:45,39.5,2156,7941,2,9,99.99,1154,22.6,351.5
2026-05-19T14:16:51,40.5,2166,7941,0,9,99.99,1167,23.8,351.5
2026-05-19T14:16:56,40.1,2158,7941,1,10,99.99,1300,23.8,351.5
2026-05-19T14:17:01,43.9,2171,7941,3,8,99.99,1229,25.6,351.5
2026-05-19T14:17:07,41.5,2171,7941,0,11,99.99,1174,24.2,351.5
2026-05-19T14:17:12,38.3,2178,7941,1,8,99.99,1371,22.8,351.5
2026-05-19T14:17:17,40.3,2166,7941,1,10,99.99,1252,22.5,351.5
2026-05-19T14:17:23,38.6,2173,7941,0,11,99.99,1158,22.9,351.5
2026-05-19T14:17:28,37.8,2171,7941,1,8,99.99,1045,22.3,351.5
2026-05-19T14:17:33,37.4,2179,7941,0,10,99.99,1168,22.0,351.5
2026-05-19T14:17:38,37.5,2171,7941,0,10,99.99,1168,21.7,351.5
2026-05-19T14:17:44,30.7,2172,7941,0,11,99.99,1007,17.9,351.5
2026-05-19T14:17:49,41.4,2171,7941,0,10,99.99,1132,24.1,351.5
2026-05-19T14:17:54,38.5,2170,7941,0,11,99.99,1191,21.4,351.5
2026-05-19T14:17:59,46.3,2218,7941,2,8,99.99,1363,24.1,351.5
2026-05-19T14:18:05,46.5,2179,7941,0,10,99.99,1097,27.6,351.5
2026-05-19T14:18:10,43.0,2182,7941,1,7,99.99,1369,25.1,351.5
2026-05-19T14:18:15,42.4,2174,7941,0,11,99.99,1331,25.4,351.5
2026-05-19T14:18:21,41.9,2175,7941,1,9,99.99,1396,25.2,351.5
2026-05-19T14:18:26,42.5,2172,7941,0,11,99.99,1373,24.3,351.5
2026-05-19T14:18:31,44.0,2174,7941,0,11,99.99,1418,25.4,351.5
2026-05-19T14:18:37,45.2,2171,7941,0,9,99.99,1301,26.3,351.5
2026-05-19T14:18:42,42.5,2178,7941,1,9,99.99,1433,24.0,351.5
2026-05-19T14:18:47,44.9,2174,7941,2,9,99.99,1264,26.9,351.5
2026-05-19T14:18:53,43.7,2176,7941,1,10,99.99,1417,24.9,351.5
2026-05-19T14:18:58,40.0,2183,7941,0,11,99.99,1403,22.6,351.5
2026-05-19T14:19:03,46.1,2172,7941,0,9,99.99,1138,26.9,351.5
2026-05-19T14:19:08,43.3,2173,7941,0,10,99.99,1317,26.1,351.5
2026-05-19T14:19:14,39.7,2174,7941,0,11,99.99,1367,23.0,351.5
2026-05-19T14:19:19,44.2,2170,7941,0,11,99.99,1355,25.5,351.5
2026-05-19T14:19:24,40.4,2176,7941,0,9,99.99,1463,23.6,351.5
2026-05-19T14:19:30,42.7,2173,7941,1,10,99.99,1380,24.9,351.5
2026-05-19T14:19:35,43.9,2174,7941,0,11,99.99,1264,25.4,351.5
2026-05-19T14:19:40,40.0,2183,7941,2,6,99.99,1351,23.2,351.5
2026-05-19T14:19:45,43.0,2181,7941,0,11,99.99,1327,24.6,351.5
2026-05-19T14:19:51,40.3,2184,7941,0,8,99.99,1458,23.9,351.5
2026-05-19T14:19:56,39.3,2177,7941,1,10,99.99,1368,22.7,351.5
2026-05-19T14:20:01,50.1,2188,7941,2,9,99.99,1279,25.7,351.5
2026-05-19T14:20:07,46.0,2175,7941,0,10,99.99,1038,28.9,351.5
2026-05-19T14:20:12,43.9,2182,7941,0,10,99.99,1169,27.2,351.5
2026-05-19T14:20:18,44.5,2176,7941,2,8,99.99,1272,27.0,351.5
2026-05-19T14:20:23,40.4,2182,7941,0,10,99.99,1215,23.5,351.5
2026-05-19T14:20:29,38.8,2178,7941,1,10,99.99,1243,22.5,351.5
2026-05-19T14:20:34,39.5,2185,7941,0,11,99.99,1301,24.2,351.5
2026-05-19T14:20:39,39.0,2179,7941,0,11,99.99,1195,22.4,351.5
2026-05-19T14:20:44,43.3,2184,7941,1,9,99.99,1281,25.4,351.5
2026-05-19T14:20:50,44.2,2173,7941,0,11,99.99,1219,25.6,351.5
2026-05-19T14:20:55,41.8,2179,7941,1,10,99.99,1258,23.5,351.5
2026-05-19T14:21:00,41.6,2176,7941,1,9,99.99,1346,24.1,351.5
2026-05-19T14:21:06,35.2,2178,7941,0,11,99.99,750,20.8,351.5
2026-05-19T14:21:11,23.7,2181,7941,0,11,99.99,655,13.5,351.5
2026-05-19T14:21:16,22.9,2178,7941,0,11,99.99,529,13.0,351.5
2026-05-19T14:21:21,25.1,2181,7941,0,11,99.99,709,14.4,351.5
2026-05-19T14:21:27,26.1,2179,7941,0,11,99.99,721,15.7,351.5
2026-05-19T14:21:32,30.5,2178,7941,0,11,99.99,819,17.5,351.5
2026-05-19T14:21:37,27.8,2179,7941,0,11,99.99,733,16.0,351.5
2026-05-19T14:21:43,24.5,2184,7941,0,11,99.99,719,14.3,351.5
2026-05-19T14:21:48,33.8,2183,7941,1,10,99.99,995,18.5,351.5
2026-05-19T14:21:53,39.3,2180,7941,0,9,99.99,1147,22.8,351.5
2026-05-19T14:21:58,31.9,2241,7941,1,11,99.99,855,16.1,351.5
2026-05-19T14:22:04,33.5,2193,7941,0,11,99.99,780,17.3,351.5
2026-05-19T14:22:09,19.3,2171,7941,1,10,99.99,403,11.1,351.5
2026-05-19T14:22:14,33.4,2179,7941,0,11,99.99,951,19.3,351.5
2026-05-19T14:22:20,39.7,2180,7941,0,11,99.99,970,24.6,351.5
2026-05-19T14:22:25,35.8,2169,7941,1,10,99.99,995,21.9,351.5
2026-05-19T14:22:30,36.9,2177,7941,0,11,99.99,1102,20.8,351.5
2026-05-19T14:22:35,39.8,2175,7941,0,11,99.99,1153,22.9,351.5
2026-05-19T14:22:41,40.6,2171,7941,1,10,99.99,1314,22.8,351.5
2026-05-19T14:22:46,42.5,2172,7941,0,8,99.99,1303,24.3,351.5
2026-05-19T14:22:51,41.1,2173,7941,0,9,99.99,1237,23.6,351.5
2026-05-19T14:22:57,40.5,2177,7941,0,10,99.99,1321,22.9,351.5
2026-05-19T14:23:02,41.9,2180,7941,1,9,99.99,1203,24.6,351.5
2026-05-19T14:23:07,42.2,2182,7941,0,11,99.99,1185,24.7,351.5
2026-05-19T14:23:13,39.6,2179,7941,0,7,99.99,1253,22.6,351.5
2026-05-19T14:23:18,42.5,2185,7941,0,11,99.99,1417,24.9,351.5
2026-05-19T14:23:23,39.4,2190,7941,0,9,99.99,1298,23.0,351.5
2026-05-19T14:23:28,40.9,2186,7941,2,9,99.99,1342,23.8,351.5
2026-05-19T14:23:34,41.7,2190,7941,0,10,99.99,1345,24.2,351.5
2026-05-19T14:23:39,43.3,2193,7941,0,10,99.99,1346,24.8,351.5
2026-05-19T14:23:44,43.9,2184,7941,0,9,99.99,1309,25.6,351.5
2026-05-19T14:23:50,43.8,2183,7941,1,8,99.99,1335,25.6,351.5
2026-05-19T14:23:55,38.5,2179,7941,0,11,99.99,1348,22.2,351.5
2026-05-19T14:24:00,47.8,2236,7941,2,6,99.99,1383,25.2,351.5
2026-05-19T14:24:06,45.5,2200,7941,0,11,99.99,1125,26.4,351.5
2026-05-19T14:24:11,41.4,2189,7941,0,11,99.99,1303,23.2,351.5
2026-05-19T14:24:16,45.1,2188,7941,0,11,99.99,1345,25.9,351.5
2026-05-19T14:24:22,44.5,2189,7941,0,9,99.99,1297,25.8,351.5
2026-05-19T14:24:27,43.7,2189,7941,0,11,99.99,1280,25.2,351.5
2026-05-19T14:24:32,45.1,2189,7941,0,10,99.99,1299,26.5,351.5
2026-05-19T14:24:37,42.6,2191,7941,1,10,99.99,1302,24.4,351.5
2026-05-19T14:24:43,42.9,2187,7941,1,9,99.99,1295,25.1,351.5
2026-05-19T14:24:48,44.2,2190,7941,0,10,99.99,1280,25.9,351.5
2026-05-19T14:24:53,42.2,2191,7941,1,10,99.99,1324,25.4,351.5
2026-05-19T14:24:59,44.6,2199,7941,0,11,99.99,1368,24.4,351.5
2026-05-19T14:25:04,43.6,2186,7941,1,8,99.99,930,26.5,351.5
2026-05-19T14:25:09,43.0,2193,7941,0,10,99.99,1227,26.1,351.5
2026-05-19T14:25:14,42.0,2183,7941,0,9,99.99,1342,24.9,351.5
2026-05-19T14:25:20,41.3,2188,7941,1,9,99.99,1299,24.2,351.5
2026-05-19T14:25:25,43.8,2191,7941,0,11,99.99,1432,26.2,351.5
2026-05-19T14:25:30,42.2,2192,7941,2,8,99.99,1332,24.2,351.5
2026-05-19T14:25:36,44.5,2187,7941,1,9,99.99,1321,25.7,351.5
2026-05-19T14:25:41,43.3,2193,7941,1,9,99.99,1413,25.6,351.5
2026-05-19T14:25:46,44.3,2193,7941,0,8,99.99,1264,25.1,351.5
2026-05-19T14:25:52,42.4,2190,7941,0,11,99.99,1328,25.6,351.5
2026-05-19T14:25:57,40.1,2192,7941,1,10,99.99,1332,23.4,351.5
2026-05-19T14:26:02,53.7,2218,7941,0,11,99.99,1308,25.9,351.5
2026-05-19T14:26:07,42.2,2196,7941,0,10,99.99,1213,24.9,351.5
2026-05-19T14:26:13,45.5,2191,7941,1,10,99.99,1167,27.2,351.5
2026-05-19T14:26:18,43.6,2194,7941,1,10,99.99,1279,25.9,351.5
2026-05-19T14:26:23,41.6,2193,7941,0,11,99.99,1313,24.1,351.5
2026-05-19T14:26:29,43.1,2185,7941,1,7,99.99,1375,24.4,351.5
2026-05-19T14:26:34,45.2,2189,7941,0,11,99.99,1179,26.2,351.5
2026-05-19T14:26:39,41.1,2190,7941,0,8,99.99,1149,23.9,351.5
2026-05-19T14:26:45,39.8,2185,7941,0,11,99.99,1293,22.8,351.5
2026-05-19T14:26:50,41.3,2193,7941,1,7,99.99,1340,23.2,351.5
2026-05-19T14:26:55,37.0,2190,7941,0,11,99.99,1210,21.3,351.5
2026-05-19T14:27:00,44.8,2197,7941,0,8,99.99,1216,24.4,351.5
2026-05-19T14:27:06,45.4,2191,7941,0,9,99.99,1098,26.2,351.5
2026-05-19T14:27:11,44.0,2194,7941,1,8,99.99,1315,26.1,351.5
2026-05-19T14:27:16,45.1,2193,7941,0,10,99.99,1313,26.7,351.5
2026-05-19T14:27:22,37.1,2186,7941,0,11,99.99,1238,22.1,351.5
2026-05-19T14:27:27,37.7,2189,7941,0,11,99.99,1134,21.3,351.5
2026-05-19T14:27:32,41.3,2194,7941,0,11,99.99,1196,24.6,351.5
2026-05-19T14:27:37,40.5,2193,7941,1,10,99.99,1169,22.6,351.5
2026-05-19T14:27:43,40.2,2190,7941,0,11,99.99,1316,22.8,351.5
2026-05-19T14:27:48,41.0,2192,7941,0,10,99.99,1141,23.9,351.5
2026-05-19T14:27:53,38.4,2194,7941,0,10,99.99,1140,22.2,351.5
2026-05-19T14:27:59,36.9,2242,7941,1,11,99.99,880,19.9,351.5
2026-05-19T14:28:04,43.1,2204,7941,1,9,99.99,940,22.5,351.5
2026-05-19T14:28:09,34.0,2194,7941,1,10,99.99,1042,19.9,351.5
2026-05-19T14:28:14,36.6,2194,7941,0,11,99.99,1116,20.9,351.5
2026-05-19T14:28:20,38.1,2226,7941,0,10,99.99,1039,20.8,351.5
2026-05-19T14:28:25,34.9,2203,7941,0,11,99.99,1030,20.4,351.5
2026-05-19T14:28:30,34.5,2202,7941,1,10,99.99,902,20.3,351.5
2026-05-19T14:28:35,33.2,2198,7941,0,11,99.99,984,19.2,351.5
2026-05-19T14:28:41,32.7,2198,7941,0,10,99.99,1062,19.4,351.5
2026-05-19T14:28:46,31.0,2200,7941,0,11,99.99,873,18.4,351.5
2026-05-19T14:28:51,31.3,2211,7941,0,11,99.99,952,19.1,351.5
2026-05-19T14:28:57,29.6,2209,7941,0,11,99.99,871,17.2,351.5
2026-05-19T14:29:02,32.1,2202,7941,0,11,99.99,856,18.4,351.5
2026-05-19T14:29:07,31.1,2206,7941,0,11,99.99,879,18.6,351.5
2026-05-19T14:29:12,29.1,2204,7941,0,10,99.99,832,17.4,351.5
2026-05-19T14:29:18,25.2,2200,7941,1,9,99.99,850,14.1,351.5
2026-05-19T14:29:23,29.2,2207,7941,0,11,99.99,744,17.5,351.5
2026-05-19T14:29:28,27.4,2205,7941,1,9,99.99,788,16.4,351.5
2026-05-19T14:29:34,27.8,2204,7941,1,10,99.99,710,17.0,351.5
2026-05-19T14:29:39,26.2,2202,7941,0,11,99.99,719,15.4,351.5
2026-05-19T14:29:44,25.9,2202,7941,1,10,99.99,749,15.2,351.5
2026-05-19T14:29:49,27.2,2204,7941,0,11,99.99,717,16.2,351.5
2026-05-19T14:29:55,23.8,2204,7941,0,11,99.99,676,14.4,351.5
2026-05-19T14:30:00,32.7,2252,7941,0,9,99.99,623,16.1,351.5
2026-05-19T14:30:05,35.3,2207,7941,0,11,99.99,616,22.9,351.5
2026-05-19T14:30:11,27.0,2197,7941,0,11,99.99,592,16.3,351.5
2026-05-19T14:30:16,25.6,2201,7941,0,10,99.99,547,15.1,351.5
2026-05-19T14:30:21,24.1,2201,7941,0,11,99.99,575,14.5,351.5
2026-05-19T14:30:26,24.0,2188,7941,0,8,99.99,577,14.0,351.5
2026-05-19T14:30:32,24.1,2190,7941,0,8,99.99,497,14.7,351.5
2026-05-19T14:30:37,22.3,2197,7941,0,7,99.99,494,13.1,351.5
2026-05-19T14:30:42,18.4,2188,7941,0,7,99.99,444,10.7,351.5
2026-05-19T14:30:48,18.9,2193,7941,0,7,99.99,483,11.3,351.5
2026-05-19T14:30:53,17.6,2198,7941,1,6,99.99,392,10.5,351.5
2026-05-19T14:30:58,16.8,2202,7941,1,6,99.99,407,9.6,351.5
2026-05-19T14:31:03,19.2,2189,7941,0,7,99.99,352,11.9,351.5
2026-05-19T14:31:09,15.5,2169,7941,0,7,99.99,347,8.8,351.5
2026-05-19T14:31:14,13.9,2168,7941,0,7,99.99,341,8.3,351.5
2026-05-19T14:31:19,13.4,2168,7941,1,5,99.99,268,7.3,351.5
2026-05-19T14:31:24,12.1,2151,7941,0,6,99.99,299,6.9,351.5
2026-05-19T14:31:30,12.2,2151,7941,0,5,99.99,219,7.0,351.5
2026-05-19T14:31:35,11.7,2166,7941,0,8,99.99,222,6.3,351.5
2026-05-19T14:31:40,9.4,2170,7941,0,8,99.99,180,5.3,351.5
2026-05-19T14:31:45,9.7,2152,7941,0,6,99.99,173,5.0,351.5
2026-05-19T14:31:51,8.6,2153,7941,0,6,99.99,174,4.7,351.5
2026-05-19T14:31:56,6.7,2148,7941,0,5,99.99,116,3.2,351.5
2026-05-19T14:32:01,6.0,2137,7941,0,4,99.99,107,3.1,351.5
2026-05-19T14:32:07,7.0,2148,7941,0,5,99.99,70,4.0,351.5
2026-05-19T14:32:12,3.5,2140,7941,0,4,99.99,70,1.4,351.5
2026-05-19T14:32:17,3.0,2144,7941,0,4,99.99,32,0.7,351.5
2026-05-19T14:32:22,2.0,2142,7941,0,3,99.99,11,0.4,351.5
2026-05-19T14:32:28,3.5,1965,7941,0,3,99.99,6,1.5,180.4
