timestamp,net_rx_kb_s,net_tx_kb_s
2026-05-13T13:55:40,0.08,0.11
2026-05-13T13:55:45,0.05,0.04
2026-05-13T13:55:50,0.05,0.04
2026-05-13T13:55:55,0.22,1.23
2026-05-13T13:56:00,0.22,1.23
2026-05-13T13:56:05,0.27,1.46
2026-05-13T13:56:10,0.27,1.46
2026-05-13T13:56:15,1.21,8.57
2026-05-13T13:56:20,1.21,8.57
2026-05-13T13:56:25,2.79,24.35
2026-05-13T13:56:30,2.79,24.35
2026-05-13T13:56:35,3.73,43.22
2026-05-13T13:56:40,3.73,43.22
2026-05-13T13:56:45,5.11,66.92
2026-05-13T13:56:50,5.11,66.92
2026-05-13T13:56:55,6.61,91.19
2026-05-13T13:57:00,6.61,91.19
2026-05-13T13:57:05,7.9,112.73
2026-05-13T13:57:10,7.9,112.73
2026-05-13T13:57:15,9.31,135.36
2026-05-13T13:57:20,9.31,135.36
2026-05-13T13:57:25,11.28,165.98
2026-05-13T13:57:30,11.28,165.98
2026-05-13T13:57:35,12.51,180.02
2026-05-13T13:57:40,12.51,180.02
2026-05-13T13:57:45,13.35,196.16
2026-05-13T13:57:50,13.35,196.16
2026-05-13T13:57:55,14.79,222.38
2026-05-13T13:58:00,14.79,222.38
2026-05-13T13:58:05,15.92,245.67
2026-05-13T13:58:10,15.92,245.67
2026-05-13T13:58:15,17.01,266.19
2026-05-13T13:58:20,17.01,266.19
2026-05-13T13:58:25,17.86,278.48
2026-05-13T13:58:30,17.86,278.48
2026-05-13T13:58:35,19.6,313.34
2026-05-13T13:58:40,19.6,313.34
2026-05-13T13:58:45,21.11,345.11
2026-05-13T13:58:50,21.11,345.11
2026-05-13T13:58:55,22.54,369.04
2026-05-13T13:59:00,22.54,369.04
2026-05-13T13:59:05,24.63,408.73
2026-05-13T13:59:10,24.63,408.73
2026-05-13T13:59:15,25.72,422.65
2026-05-13T13:59:20,25.72,422.65
2026-05-13T13:59:25,27.09,434.0
2026-05-13T13:59:30,27.09,434.0
2026-05-13T13:59:35,28.88,469.58
2026-05-13T13:59:40,28.88,469.58
2026-05-13T13:59:45,30.9,510.9
2026-05-13T13:59:50,30.9,510.9
2026-05-13T13:59:55,31.32,504.49
2026-05-13T14:00:00,31.32,504.49
2026-05-13T14:00:05,31.72,501.45
2026-05-13T14:00:10,31.72,501.45
2026-05-13T14:00:15,33.38,524.0
2026-05-13T14:00:20,33.38,524.0
2026-05-13T14:00:25,34.76,543.44
2026-05-13T14:00:30,34.76,543.44
2026-05-13T14:00:35,36.04,580.51
2026-05-13T14:00:40,36.04,580.51
2026-05-13T14:00:45,37.2,617.95
2026-05-13T14:00:50,37.2,617.95
2026-05-13T14:00:55,38.98,659.21
2026-05-13T14:01:00,38.98,659.21
2026-05-13T14:01:05,39.95,668.51
2026-05-13T14:01:10,39.95,668.51
2026-05-13T14:01:15,40.34,646.0
2026-05-13T14:01:20,40.34,646.0
2026-05-13T14:01:25,40.72,652.46
2026-05-13T14:01:30,40.72,652.46
2026-05-13T14:01:35,40.6,668.99
2026-05-13T14:01:40,40.6,668.99
2026-05-13T14:01:45,40.14,669.16
2026-05-13T14:01:50,40.14,669.16
2026-05-13T14:01:55,40.39,690.0
2026-05-13T14:02:00,40.39,690.0
2026-05-13T14:02:05,40.52,691.44
2026-05-13T14:02:10,40.52,691.44
2026-05-13T14:02:15,40.16,684.84
2026-05-13T14:02:20,40.16,684.84
2026-05-13T14:02:25,40.13,692.25
2026-05-13T14:02:30,40.13,692.25
2026-05-13T14:02:35,39.91,676.37
2026-05-13T14:02:40,39.91,676.37
2026-05-13T14:02:45,40.01,675.58
2026-05-13T14:02:50,40.01,675.58
2026-05-13T14:02:55,40.39,690.32
2026-05-13T14:03:00,40.39,690.32
2026-05-13T14:03:05,40.36,691.65
2026-05-13T14:03:10,40.36,691.65
2026-05-13T14:03:15,40.37,691.35
2026-05-13T14:03:20,40.37,691.35
2026-05-13T14:03:25,40.6,685.7
2026-05-13T14:03:30,40.6,685.7
2026-05-13T14:03:35,40.93,690.42
2026-05-13T14:03:40,40.93,690.42
2026-05-13T14:03:45,41.09,690.23
2026-05-13T14:03:50,41.09,690.23
2026-05-13T14:03:55,40.41,677.54
2026-05-13T14:04:00,40.41,677.54
2026-05-13T14:04:05,40.69,701.74
2026-05-13T14:04:10,40.69,701.74
2026-05-13T14:04:15,41.13,705.15
2026-05-13T14:04:20,41.13,705.15
2026-05-13T14:04:25,40.34,671.67
2026-05-13T14:04:30,40.34,671.67
2026-05-13T14:04:35,40.46,685.63
2026-05-13T14:04:40,40.46,685.63
2026-05-13T14:04:45,40.78,697.77
2026-05-13T14:04:50,40.78,697.77
2026-05-13T14:04:55,40.45,691.01
2026-05-13T14:05:00,40.45,691.01
2026-05-13T14:05:05,40.31,677.67
2026-05-13T14:05:10,40.31,677.67
2026-05-13T14:05:15,40.28,670.14
2026-05-13T14:05:20,40.28,670.14
2026-05-13T14:05:25,40.33,678.56
2026-05-13T14:05:30,40.33,678.56
2026-05-13T14:05:35,40.61,685.16
2026-05-13T14:05:40,40.61,685.16
2026-05-13T14:05:45,39.81,679.65
2026-05-13T14:05:50,39.81,679.65
2026-05-13T14:05:55,39.69,674.57
2026-05-13T14:06:00,39.69,674.57
2026-05-13T14:06:05,40.01,682.01
2026-05-13T14:06:10,40.01,682.01
2026-05-13T14:06:15,39.39,679.44
2026-05-13T14:06:20,39.39,679.44
2026-05-13T14:06:25,39.65,678.6
2026-05-13T14:06:30,39.65,678.6
2026-05-13T14:06:35,40.33,675.89
2026-05-13T14:06:40,40.33,675.89
2026-05-13T14:06:45,40.77,675.39
2026-05-13T14:06:50,40.77,675.39
2026-05-13T14:06:55,40.7,666.26
2026-05-13T14:07:00,40.7,666.26
2026-05-13T14:07:05,40.49,672.7
2026-05-13T14:07:10,40.49,672.7
2026-05-13T14:07:15,39.99,673.28
2026-05-13T14:07:20,39.99,673.28
2026-05-13T14:07:25,40.09,673.69
2026-05-13T14:07:30,40.09,673.69
2026-05-13T14:07:35,40.18,678.49
2026-05-13T14:07:40,40.18,678.49
2026-05-13T14:07:45,40.18,687.85
2026-05-13T14:07:50,40.18,687.85
2026-05-13T14:07:55,40.01,674.16
2026-05-13T14:08:00,40.01,674.16
2026-05-13T14:08:05,39.94,656.73
2026-05-13T14:08:10,39.94,656.73
2026-05-13T14:08:15,40.48,683.87
2026-05-13T14:08:20,40.48,683.87
2026-05-13T14:08:25,40.21,679.61
2026-05-13T14:08:30,40.21,679.61
2026-05-13T14:08:35,40.1,673.79
2026-05-13T14:08:40,40.1,673.79
2026-05-13T14:08:45,40.3,678.69
2026-05-13T14:08:50,40.3,678.69
2026-05-13T14:08:55,40.13,683.7
2026-05-13T14:09:00,40.13,683.7
2026-05-13T14:09:05,40.35,699.02
2026-05-13T14:09:10,40.35,699.02
2026-05-13T14:09:15,39.96,680.18
2026-05-13T14:09:20,39.96,680.18
2026-05-13T14:09:25,39.72,666.58
2026-05-13T14:09:30,39.72,666.58
2026-05-13T14:09:35,40.03,657.17
2026-05-13T14:09:40,40.03,657.17
2026-05-13T14:09:45,39.3,653.39
2026-05-13T14:09:50,39.3,653.39
2026-05-13T14:09:55,39.22,666.03
2026-05-13T14:10:00,39.22,666.03
2026-05-13T14:10:05,39.77,671.96
2026-05-13T14:10:10,39.77,671.96
2026-05-13T14:10:15,39.62,684.49
2026-05-13T14:10:20,39.62,684.49
2026-05-13T14:10:25,39.47,676.46
2026-05-13T14:10:30,39.47,676.46
2026-05-13T14:10:35,40.04,681.72
2026-05-13T14:10:40,40.04,681.72
2026-05-13T14:10:45,40.63,677.28
2026-05-13T14:10:50,40.63,677.28
2026-05-13T14:10:55,40.25,663.82
2026-05-13T14:11:00,40.25,663.82
2026-05-13T14:11:05,39.3,660.02
2026-05-13T14:11:10,39.3,660.02
2026-05-13T14:11:15,39.16,653.5
2026-05-13T14:11:20,39.16,653.5
2026-05-13T14:11:25,40.3,680.01
2026-05-13T14:11:30,40.3,680.01
2026-05-13T14:11:35,40.49,672.13
2026-05-13T14:11:40,40.49,672.13
2026-05-13T14:11:45,39.62,643.41
2026-05-13T14:11:50,39.62,643.41
2026-05-13T14:11:55,39.63,671.9
2026-05-13T14:12:00,39.63,671.9
2026-05-13T14:12:05,39.8,680.1
2026-05-13T14:12:10,39.8,680.1
2026-05-13T14:12:15,40.14,685.01
2026-05-13T14:12:20,40.14,685.01
2026-05-13T14:12:25,40.39,682.64
2026-05-13T14:12:30,40.39,682.64
2026-05-13T14:12:35,40.48,683.17
2026-05-13T14:12:40,40.48,683.17
2026-05-13T14:12:45,40.43,684.33
2026-05-13T14:12:50,40.43,684.33
2026-05-13T14:12:55,40.02,672.39
2026-05-13T14:13:00,40.02,672.39
2026-05-13T14:13:05,39.48,679.43
2026-05-13T14:13:10,39.48,679.43
2026-05-13T14:13:15,39.67,675.22
2026-05-13T14:13:20,39.67,675.22
2026-05-13T14:13:25,40.01,682.9
2026-05-13T14:13:30,40.01,682.9
2026-05-13T14:13:35,40.05,692.54
2026-05-13T14:13:40,40.05,692.54
2026-05-13T14:13:45,40.04,696.04
2026-05-13T14:13:50,40.04,696.04
2026-05-13T14:13:55,40.03,690.9
2026-05-13T14:14:00,40.03,690.9
2026-05-13T14:14:05,40.17,690.14
2026-05-13T14:14:10,40.17,690.14
2026-05-13T14:14:15,40.17,702.23
2026-05-13T14:14:20,40.17,702.23
2026-05-13T14:14:25,39.91,676.11
2026-05-13T14:14:30,39.91,676.11
2026-05-13T14:14:35,40.03,677.62
2026-05-13T14:14:40,40.03,677.62
2026-05-13T14:14:45,40.29,676.59
2026-05-13T14:14:50,40.29,676.59
2026-05-13T14:14:55,40.13,659.14
2026-05-13T14:15:00,40.13,659.14
2026-05-13T14:15:05,37.95,614.58
2026-05-13T14:15:10,37.95,614.58
2026-05-13T14:15:15,31.15,513.06
2026-05-13T14:15:20,31.15,513.06
2026-05-13T14:15:25,33.19,572.12
2026-05-13T14:15:30,33.19,572.12
2026-05-13T14:15:35,39.78,679.67
2026-05-13T14:15:40,39.78,679.67
2026-05-13T14:15:45,39.84,680.09
2026-05-13T14:15:50,39.84,680.09
2026-05-13T14:15:55,40.18,672.94
2026-05-13T14:16:00,40.18,672.94
2026-05-13T14:16:05,39.89,666.24
2026-05-13T14:16:10,39.89,666.24
2026-05-13T14:16:15,39.47,665.85
2026-05-13T14:16:20,39.47,665.85
2026-05-13T14:16:25,39.6,669.37
2026-05-13T14:16:30,39.6,669.37
2026-05-13T14:16:35,40.12,663.84
2026-05-13T14:16:40,40.12,663.84
2026-05-13T14:16:45,40.55,680.15
2026-05-13T14:16:50,40.55,680.15
2026-05-13T14:16:55,40.55,705.92
2026-05-13T14:17:00,40.55,705.92
2026-05-13T14:17:05,40.28,694.14
2026-05-13T14:17:10,40.28,694.14
2026-05-13T14:17:15,39.66,662.26
2026-05-13T14:17:20,39.66,662.26
2026-05-13T14:17:25,40.21,673.01
2026-05-13T14:17:30,40.21,673.01
2026-05-13T14:17:35,40.81,698.69
2026-05-13T14:17:40,40.81,698.69
2026-05-13T14:17:45,40.08,672.05
2026-05-13T14:17:50,40.08,672.05
2026-05-13T14:17:55,39.84,679.07
2026-05-13T14:18:00,39.84,679.07
2026-05-13T14:18:05,40.13,684.47
2026-05-13T14:18:10,40.13,684.47
2026-05-13T14:18:15,40.24,662.64
2026-05-13T14:18:20,40.24,662.64
2026-05-13T14:18:25,39.57,660.91
2026-05-13T14:18:30,39.57,660.91
2026-05-13T14:18:35,39.15,652.96
2026-05-13T14:18:40,39.15,652.96
2026-05-13T14:18:45,39.87,658.03
2026-05-13T14:18:50,39.87,658.03
2026-05-13T14:18:55,39.94,660.18
2026-05-13T14:19:00,39.94,660.18
2026-05-13T14:19:05,39.51,655.08
2026-05-13T14:19:10,39.51,655.08
2026-05-13T14:19:15,39.34,660.1
2026-05-13T14:19:20,39.34,660.1
2026-05-13T14:19:25,40.0,684.59
2026-05-13T14:19:30,40.0,684.59
2026-05-13T14:19:35,40.18,689.54
2026-05-13T14:19:40,40.18,689.54
2026-05-13T14:19:45,39.54,675.75
2026-05-13T14:19:50,39.54,675.75
2026-05-13T14:19:55,40.37,679.33
2026-05-13T14:20:00,40.37,679.33
2026-05-13T14:20:05,40.91,682.95
2026-05-13T14:20:10,40.91,682.95
2026-05-13T14:20:15,40.21,672.65
2026-05-13T14:20:20,40.21,672.65
2026-05-13T14:20:25,40.04,676.58
2026-05-13T14:20:30,40.04,676.58
2026-05-13T14:20:35,40.02,678.38
2026-05-13T14:20:40,40.02,678.38
2026-05-13T14:20:45,39.77,672.51
2026-05-13T14:20:50,39.77,672.51
2026-05-13T14:20:55,40.28,677.71
2026-05-13T14:21:00,40.28,677.71
2026-05-13T14:21:05,40.79,684.23
2026-05-13T14:21:10,40.79,684.23
2026-05-13T14:21:15,40.51,683.52
2026-05-13T14:21:20,40.51,683.52
2026-05-13T14:21:25,40.16,683.65
2026-05-13T14:21:30,40.16,683.65
2026-05-13T14:21:35,40.3,682.02
2026-05-13T14:21:40,40.3,682.02
2026-05-13T14:21:45,47.11,683.11
2026-05-13T14:21:50,47.11,683.11
2026-05-13T14:21:55,47.33,693.24
2026-05-13T14:22:00,47.33,693.24
2026-05-13T14:22:05,40.51,693.25
2026-05-13T14:22:10,40.51,693.25
2026-05-13T14:22:15,40.11,679.87
2026-05-13T14:22:20,40.11,679.87
2026-05-13T14:22:25,39.54,647.5
2026-05-13T14:22:30,39.54,647.5
2026-05-13T14:22:35,39.94,663.49
2026-05-13T14:22:40,39.94,663.49
2026-05-13T14:22:45,40.84,687.29
2026-05-13T14:22:50,40.84,687.29
2026-05-13T14:22:55,40.88,677.5
2026-05-13T14:23:00,40.88,677.5
2026-05-13T14:23:05,40.14,668.79
2026-05-13T14:23:10,40.14,668.79
2026-05-13T14:23:15,40.26,668.61
2026-05-13T14:23:20,40.26,668.61
2026-05-13T14:23:25,40.81,675.25
2026-05-13T14:23:30,40.81,675.25
2026-05-13T14:23:35,40.02,644.91
2026-05-13T14:23:40,40.02,644.91
2026-05-13T14:23:45,39.33,626.63
2026-05-13T14:23:50,39.33,626.63
2026-05-13T14:23:55,39.99,652.87
2026-05-13T14:24:00,39.99,652.87
2026-05-13T14:24:05,42.01,674.59
2026-05-13T14:24:10,42.01,674.59
2026-05-13T14:24:15,41.77,677.01
2026-05-13T14:24:20,41.77,677.01
2026-05-13T14:24:25,40.54,677.34
2026-05-13T14:24:30,40.54,677.34
2026-05-13T14:24:35,40.53,678.13
2026-05-13T14:24:40,40.53,678.13
2026-05-13T14:24:45,40.24,680.09
2026-05-13T14:24:50,40.24,680.09
2026-05-13T14:24:55,40.53,699.88
2026-05-13T14:25:00,40.53,699.88
2026-05-13T14:25:05,40.84,708.49
2026-05-13T14:25:10,40.84,708.49
2026-05-13T14:25:15,40.47,697.97
2026-05-13T14:25:20,40.47,697.97
2026-05-13T14:25:25,40.15,677.87
2026-05-13T14:25:30,40.15,677.87
2026-05-13T14:25:35,40.0,661.76
2026-05-13T14:25:40,40.0,661.76
2026-05-13T14:25:45,40.15,677.02
2026-05-13T14:25:50,40.15,677.02
2026-05-13T14:25:55,40.55,689.22
2026-05-13T14:26:00,40.55,689.22
2026-05-13T14:26:05,40.92,688.53
2026-05-13T14:26:10,40.92,688.53
2026-05-13T14:26:15,40.49,681.05
2026-05-13T14:26:20,40.49,681.05
2026-05-13T14:26:25,40.05,676.25
2026-05-13T14:26:30,40.05,676.25
2026-05-13T14:26:35,40.46,685.96
2026-05-13T14:26:40,40.46,685.96
2026-05-13T14:26:45,40.19,680.99
2026-05-13T14:26:50,40.19,680.99
2026-05-13T14:26:55,39.72,670.58
2026-05-13T14:27:00,39.72,670.58
2026-05-13T14:27:05,39.99,678.83
2026-05-13T14:27:10,39.99,678.83
2026-05-13T14:27:15,40.5,686.95
2026-05-13T14:27:20,40.5,686.95
2026-05-13T14:27:25,40.61,674.66
2026-05-13T14:27:30,40.61,674.66
2026-05-13T14:27:35,40.67,671.58
2026-05-13T14:27:40,40.67,671.58
2026-05-13T14:27:45,40.77,679.5
2026-05-13T14:27:50,40.77,679.5
2026-05-13T14:27:55,40.39,671.3
2026-05-13T14:28:00,40.39,671.3
2026-05-13T14:28:05,40.49,672.58
2026-05-13T14:28:10,40.49,672.58
2026-05-13T14:28:15,40.37,675.84
2026-05-13T14:28:20,40.37,675.84
2026-05-13T14:28:25,40.17,665.76
2026-05-13T14:28:30,40.17,665.76
2026-05-13T14:28:35,39.91,659.52
2026-05-13T14:28:40,39.91,659.52
2026-05-13T14:28:45,39.6,673.44
2026-05-13T14:28:50,39.6,673.44
2026-05-13T14:28:55,40.06,672.6
2026-05-13T14:29:00,40.06,672.6
2026-05-13T14:29:05,39.97,666.35
2026-05-13T14:29:10,39.97,666.35
2026-05-13T14:29:15,39.97,677.99
2026-05-13T14:29:20,39.97,677.99
2026-05-13T14:29:25,40.64,681.7
2026-05-13T14:29:30,40.64,681.7
2026-05-13T14:29:35,40.66,679.01
2026-05-13T14:29:40,40.66,679.01
2026-05-13T14:29:45,40.18,673.54
2026-05-13T14:29:50,40.18,673.54
2026-05-13T14:29:55,40.66,698.65
2026-05-13T14:30:00,40.66,698.65
2026-05-13T14:30:05,41.15,695.45
2026-05-13T14:30:10,41.15,695.45
2026-05-13T14:30:15,41.3,684.6
2026-05-13T14:30:20,41.3,684.6
2026-05-13T14:30:25,41.13,685.5
2026-05-13T14:30:30,41.13,685.5
2026-05-13T14:30:35,41.39,687.52
2026-05-13T14:30:40,41.39,687.52
2026-05-13T14:30:45,41.75,689.63
2026-05-13T14:30:50,41.75,689.63
2026-05-13T14:30:55,41.68,686.9
2026-05-13T14:31:00,41.68,686.9
2026-05-13T14:31:05,41.59,684.69
2026-05-13T14:31:10,41.59,684.69
2026-05-13T14:31:15,41.37,672.65
2026-05-13T14:31:20,41.37,672.65
2026-05-13T14:31:25,40.86,657.49
2026-05-13T14:31:30,40.86,657.49
2026-05-13T14:31:35,40.62,655.24
2026-05-13T14:31:40,40.62,655.24
2026-05-13T14:31:45,41.61,689.07
2026-05-13T14:31:50,41.61,689.07
2026-05-13T14:31:55,42.27,692.07
2026-05-13T14:32:00,42.27,692.07
2026-05-13T14:32:05,43.07,707.52
2026-05-13T14:32:10,43.07,707.52
2026-05-13T14:32:15,42.22,679.89
2026-05-13T14:32:20,42.22,679.89
2026-05-13T14:32:25,41.29,652.46
2026-05-13T14:32:30,41.29,652.46
2026-05-13T14:32:35,41.7,694.99
2026-05-13T14:32:40,41.7,694.99
2026-05-13T14:32:45,41.88,690.56
2026-05-13T14:32:50,41.88,690.56
2026-05-13T14:32:55,41.84,665.46
2026-05-13T14:33:00,41.84,665.46
2026-05-13T14:33:05,41.71,671.5
2026-05-13T14:33:10,41.71,671.5
2026-05-13T14:33:15,41.58,664.36
2026-05-13T14:33:20,41.58,664.36
2026-05-13T14:33:25,41.48,661.43
2026-05-13T14:33:30,41.48,661.43
2026-05-13T14:33:35,41.4,674.68
2026-05-13T14:33:40,41.4,674.68
2026-05-13T14:33:45,41.1,678.42
2026-05-13T14:33:50,41.1,678.42
2026-05-13T14:33:55,41.2,688.91
2026-05-13T14:34:00,41.2,688.91
2026-05-13T14:34:05,41.93,686.01
2026-05-13T14:34:10,41.93,686.01
2026-05-13T14:34:15,41.73,674.93
2026-05-13T14:34:20,41.73,674.93
2026-05-13T14:34:25,42.1,686.02
2026-05-13T14:34:30,42.1,686.02
2026-05-13T14:34:35,42.01,690.25
2026-05-13T14:34:40,42.01,690.25
2026-05-13T14:34:45,41.18,675.91
2026-05-13T14:34:50,41.18,675.91
2026-05-13T14:34:55,41.77,683.08
2026-05-13T14:35:00,41.77,683.08
2026-05-13T14:35:05,41.29,662.03
2026-05-13T14:35:10,41.29,662.03
2026-05-13T14:35:15,40.58,659.55
2026-05-13T14:35:20,40.58,659.55
2026-05-13T14:35:25,40.52,684.6
2026-05-13T14:35:30,40.52,684.6
2026-05-13T14:35:35,40.67,672.89
2026-05-13T14:35:40,40.67,672.89
2026-05-13T14:35:45,40.49,670.84
2026-05-13T14:35:50,40.49,670.84
2026-05-13T14:35:55,40.25,673.84
2026-05-13T14:36:00,40.25,673.84
2026-05-13T14:36:05,40.01,673.9
2026-05-13T14:36:10,40.01,673.9
2026-05-13T14:36:15,39.96,677.68
2026-05-13T14:36:20,39.96,677.68
2026-05-13T14:36:25,40.19,672.76
2026-05-13T14:36:30,40.19,672.76
2026-05-13T14:36:35,40.14,686.67
2026-05-13T14:36:40,40.14,686.67
2026-05-13T14:36:45,40.41,707.21
2026-05-13T14:36:50,40.41,707.21
2026-05-13T14:36:55,40.33,691.22
2026-05-13T14:37:00,40.33,691.22
2026-05-13T14:37:05,40.23,665.25
2026-05-13T14:37:10,40.23,665.25
2026-05-13T14:37:15,39.82,639.83
2026-05-13T14:37:20,39.82,639.83
2026-05-13T14:37:25,39.77,640.62
2026-05-13T14:37:30,39.77,640.62
2026-05-13T14:37:35,40.67,669.54
2026-05-13T14:37:40,40.67,669.54
2026-05-13T14:37:45,40.62,668.87
2026-05-13T14:37:50,40.62,668.87
2026-05-13T14:37:55,40.54,669.1
2026-05-13T14:38:00,40.54,669.1
2026-05-13T14:38:05,40.92,682.06
2026-05-13T14:38:10,40.92,682.06
2026-05-13T14:38:15,40.41,663.63
2026-05-13T14:38:20,40.41,663.63
2026-05-13T14:38:25,40.06,656.78
2026-05-13T14:38:30,40.06,656.78
2026-05-13T14:38:35,40.37,670.94
2026-05-13T14:38:40,40.37,670.94
2026-05-13T14:38:45,40.28,667.93
2026-05-13T14:38:50,40.28,667.93
2026-05-13T14:38:55,40.07,659.86
2026-05-13T14:39:00,40.07,659.86
2026-05-13T14:39:05,39.75,653.23
2026-05-13T14:39:10,39.75,653.23
2026-05-13T14:39:15,39.24,661.11
2026-05-13T14:39:20,39.24,661.11
2026-05-13T14:39:25,39.6,668.78
2026-05-13T14:39:30,39.6,668.78
2026-05-13T14:39:35,40.03,647.71
2026-05-13T14:39:40,40.03,647.71
2026-05-13T14:39:45,40.53,655.78
2026-05-13T14:39:50,40.53,655.78
2026-05-13T14:39:55,41.21,683.59
2026-05-13T14:40:00,41.21,683.59
2026-05-13T14:40:05,40.84,697.79
2026-05-13T14:40:10,40.84,697.79
2026-05-13T14:40:15,39.92,691.09
2026-05-13T14:40:20,39.92,691.09
2026-05-13T14:40:25,39.44,680.46
2026-05-13T14:40:30,39.44,680.46
2026-05-13T14:40:35,39.84,677.69
2026-05-13T14:40:40,39.84,677.69
2026-05-13T14:40:45,40.22,682.74
2026-05-13T14:40:50,40.22,682.74
2026-05-13T14:40:55,40.64,711.07
2026-05-13T14:41:00,40.64,711.07
2026-05-13T14:41:05,40.78,703.75
2026-05-13T14:41:10,40.78,703.75
2026-05-13T14:41:15,40.7,683.53
2026-05-13T14:41:20,40.7,683.53
2026-05-13T14:41:25,40.05,666.43
2026-05-13T14:41:30,40.05,666.43
2026-05-13T14:41:35,40.04,668.13
2026-05-13T14:41:40,40.04,668.13
2026-05-13T14:41:45,41.06,688.06
2026-05-13T14:41:50,41.06,688.06
2026-05-13T14:41:55,40.7,670.22
2026-05-13T14:42:00,40.7,670.22
2026-05-13T14:42:05,40.27,658.28
2026-05-13T14:42:10,40.27,658.28
2026-05-13T14:42:15,40.46,677.26
2026-05-13T14:42:20,40.46,677.26
2026-05-13T14:42:25,39.99,671.13
2026-05-13T14:42:30,39.99,671.13
2026-05-13T14:42:35,39.93,670.54
2026-05-13T14:42:40,39.93,670.54
2026-05-13T14:42:45,40.58,681.97
2026-05-13T14:42:50,40.58,681.97
2026-05-13T14:42:55,40.59,673.36
2026-05-13T14:43:00,40.59,673.36
2026-05-13T14:43:05,40.35,689.66
2026-05-13T14:43:10,40.35,689.66
2026-05-13T14:43:15,40.04,693.67
2026-05-13T14:43:20,40.04,693.67
2026-05-13T14:43:25,39.93,694.36
2026-05-13T14:43:30,39.93,694.36
2026-05-13T14:43:35,40.54,701.41
2026-05-13T14:43:40,40.54,701.41
2026-05-13T14:43:45,40.34,681.52
2026-05-13T14:43:50,40.34,681.52
2026-05-13T14:43:55,40.31,674.46
2026-05-13T14:44:00,40.31,674.46
2026-05-13T14:44:05,40.61,682.6
2026-05-13T14:44:10,40.61,682.6
2026-05-13T14:44:15,40.23,682.91
2026-05-13T14:44:20,40.23,682.91
2026-05-13T14:44:25,40.15,685.64
2026-05-13T14:44:30,40.15,685.64
2026-05-13T14:44:35,40.22,686.92
2026-05-13T14:44:40,40.22,686.92
2026-05-13T14:44:45,40.21,681.96
2026-05-13T14:44:50,40.21,681.96
2026-05-13T14:44:55,39.92,674.16
2026-05-13T14:45:00,39.92,674.16
2026-05-13T14:45:05,39.6,663.38
2026-05-13T14:45:10,39.6,663.38
2026-05-13T14:45:15,39.13,651.39
2026-05-13T14:45:20,39.13,651.39
2026-05-13T14:45:25,40.38,670.61
2026-05-13T14:45:30,40.38,670.61
2026-05-13T14:45:35,41.41,700.9
2026-05-13T14:45:40,41.41,700.9
2026-05-13T14:45:45,39.66,680.65
2026-05-13T14:45:50,39.66,680.65
2026-05-13T14:45:55,39.46,690.97
2026-05-13T14:46:00,39.46,690.97
2026-05-13T14:46:05,40.2,713.21
2026-05-13T14:46:10,40.2,713.21
2026-05-13T14:46:15,40.31,698.48
2026-05-13T14:46:20,40.31,698.48
2026-05-13T14:46:25,40.31,692.93
2026-05-13T14:46:30,40.31,692.93
2026-05-13T14:46:35,39.99,692.68
2026-05-13T14:46:40,39.99,692.68
2026-05-13T14:46:45,40.12,691.17
2026-05-13T14:46:50,40.12,691.17
2026-05-13T14:46:55,40.45,694.44
2026-05-13T14:47:00,40.45,694.44
2026-05-13T14:47:05,40.96,707.42
2026-05-13T14:47:10,40.96,707.42
2026-05-13T14:47:15,40.51,688.58
2026-05-13T14:47:20,40.51,688.58
2026-05-13T14:47:25,40.6,674.27
2026-05-13T14:47:30,40.6,674.27
2026-05-13T14:47:35,40.98,692.82
2026-05-13T14:47:40,40.98,692.82
2026-05-13T14:47:45,40.4,687.07
2026-05-13T14:47:50,40.4,687.07
2026-05-13T14:47:55,40.64,688.23
2026-05-13T14:48:00,40.64,688.23
2026-05-13T14:48:05,40.51,699.72
2026-05-13T14:48:10,40.51,699.72
2026-05-13T14:48:15,40.21,690.71
2026-05-13T14:48:20,40.21,690.71
2026-05-13T14:48:25,40.07,691.71
2026-05-13T14:48:30,40.07,691.71
2026-05-13T14:48:35,39.83,685.86
2026-05-13T14:48:40,39.83,685.86
2026-05-13T14:48:45,40.26,669.91
2026-05-13T14:48:50,40.26,669.91
2026-05-13T14:48:55,40.66,675.48
2026-05-13T14:49:00,40.66,675.48
2026-05-13T14:49:05,39.91,663.08
2026-05-13T14:49:10,39.91,663.08
2026-05-13T14:49:15,39.9,674.97
2026-05-13T14:49:20,39.9,674.97
2026-05-13T14:49:25,40.42,688.33
2026-05-13T14:49:30,40.42,688.33
2026-05-13T14:49:35,40.92,688.32
2026-05-13T14:49:40,40.92,688.32
2026-05-13T14:49:45,41.22,705.18
2026-05-13T14:49:50,41.22,705.18
2026-05-13T14:49:55,39.95,682.39
2026-05-13T14:50:00,39.95,682.39
2026-05-13T14:50:05,39.93,671.07
2026-05-13T14:50:10,39.93,671.07
2026-05-13T14:50:15,40.23,679.37
2026-05-13T14:50:20,40.23,679.37
2026-05-13T14:50:25,39.83,675.21
2026-05-13T14:50:30,39.83,675.21
2026-05-13T14:50:35,40.19,696.01
2026-05-13T14:50:40,40.19,696.01
2026-05-13T14:50:45,40.44,703.73
2026-05-13T14:50:50,40.44,703.73
2026-05-13T14:50:55,40.23,685.18
2026-05-13T14:51:00,40.23,685.18
2026-05-13T14:51:05,39.86,664.15
2026-05-13T14:51:10,39.86,664.15
2026-05-13T14:51:15,40.15,658.83
2026-05-13T14:51:20,40.15,658.83
2026-05-13T14:51:25,40.34,669.6
2026-05-13T14:51:30,40.34,669.6
2026-05-13T14:51:35,40.01,674.08
2026-05-13T14:51:40,40.01,674.08
2026-05-13T14:51:45,40.14,665.98
2026-05-13T14:51:50,40.14,665.98
2026-05-13T14:51:55,39.88,660.36
2026-05-13T14:52:00,39.88,660.36
2026-05-13T14:52:05,39.96,679.58
2026-05-13T14:52:10,39.96,679.58
2026-05-13T14:52:15,40.16,666.24
2026-05-13T14:52:20,40.16,666.24
2026-05-13T14:52:25,40.03,664.49
2026-05-13T14:52:30,40.03,664.49
2026-05-13T14:52:35,39.95,681.52
2026-05-13T14:52:40,39.95,681.52
2026-05-13T14:52:45,39.9,663.13
2026-05-13T14:52:50,39.9,663.13
2026-05-13T14:52:55,40.09,655.65
2026-05-13T14:53:00,40.09,655.65
2026-05-13T14:53:05,40.17,663.94
2026-05-13T14:53:10,40.17,663.94
2026-05-13T14:53:15,40.55,681.69
2026-05-13T14:53:20,40.55,681.69
2026-05-13T14:53:25,40.66,683.98
2026-05-13T14:53:30,40.66,683.98
2026-05-13T14:53:35,40.34,672.19
2026-05-13T14:53:40,40.34,672.19
2026-05-13T14:53:45,40.5,688.2
2026-05-13T14:53:50,40.5,688.2
2026-05-13T14:53:55,40.52,689.15
2026-05-13T14:54:00,40.52,689.15
2026-05-13T14:54:05,40.3,674.82
2026-05-13T14:54:10,40.3,674.82
2026-05-13T14:54:15,40.23,669.14
2026-05-13T14:54:20,40.23,669.14
2026-05-13T14:54:25,40.58,685.88
2026-05-13T14:54:30,40.58,685.88
2026-05-13T14:54:35,40.66,689.93
2026-05-13T14:54:40,40.66,689.93
2026-05-13T14:54:45,40.43,687.76
2026-05-13T14:54:50,40.43,687.76
2026-05-13T14:54:55,40.52,687.91
2026-05-13T14:55:00,40.52,687.91
2026-05-13T14:55:05,40.04,675.22
2026-05-13T14:55:10,40.04,675.22
2026-05-13T14:55:15,39.38,642.09
2026-05-13T14:55:20,39.38,642.09
2026-05-13T14:55:25,39.84,645.24
2026-05-13T14:55:30,39.84,645.24
2026-05-13T14:55:35,40.6,671.87
2026-05-13T14:55:40,40.6,671.87
2026-05-13T14:55:45,40.54,671.11
2026-05-13T14:55:50,40.54,671.11
2026-05-13T14:55:55,40.71,682.33
2026-05-13T14:56:00,40.71,682.33
2026-05-13T14:56:05,41.03,685.9
2026-05-13T14:56:10,41.03,685.9
2026-05-13T14:56:15,40.85,686.31
2026-05-13T14:56:20,40.85,686.31
2026-05-13T14:56:25,40.48,677.52
2026-05-13T14:56:30,40.48,677.52
2026-05-13T14:56:35,40.39,687.67
2026-05-13T14:56:40,40.39,687.67
2026-05-13T14:56:45,40.73,696.25
2026-05-13T14:56:50,40.73,696.25
2026-05-13T14:56:55,40.59,670.13
2026-05-13T14:57:00,40.59,670.13
2026-05-13T14:57:05,40.16,669.13
2026-05-13T14:57:10,40.16,669.13
2026-05-13T14:57:15,39.95,664.53
2026-05-13T14:57:20,39.95,664.53
2026-05-13T14:57:25,40.14,660.59
2026-05-13T14:57:30,40.14,660.59
2026-05-13T14:57:35,40.45,689.76
2026-05-13T14:57:40,40.45,689.76
2026-05-13T14:57:45,40.44,686.24
2026-05-13T14:57:50,40.44,686.24
2026-05-13T14:57:55,40.21,678.35
2026-05-13T14:58:00,40.21,678.35
2026-05-13T14:58:05,40.36,687.71
2026-05-13T14:58:10,40.36,687.71
2026-05-13T14:58:15,40.23,688.77
2026-05-13T14:58:20,40.23,688.77
2026-05-13T14:58:25,40.11,693.76
2026-05-13T14:58:30,40.11,693.76
2026-05-13T14:58:35,40.27,690.82
2026-05-13T14:58:40,40.27,690.82
2026-05-13T14:58:45,40.18,669.05
2026-05-13T14:58:50,40.18,669.05
2026-05-13T14:58:55,40.19,666.51
2026-05-13T14:59:00,40.19,666.51
2026-05-13T14:59:05,40.16,680.98
2026-05-13T14:59:10,40.16,680.98
2026-05-13T14:59:15,39.88,663.44
2026-05-13T14:59:20,39.88,663.44
2026-05-13T14:59:25,39.99,663.75
2026-05-13T14:59:30,39.99,663.75
2026-05-13T14:59:35,40.27,672.83
2026-05-13T14:59:40,40.27,672.83
2026-05-13T14:59:45,40.09,671.05
2026-05-13T14:59:50,40.09,671.05
2026-05-13T14:59:55,40.17,678.18
2026-05-13T15:00:00,40.17,678.18
2026-05-13T15:00:05,40.13,676.48
2026-05-13T15:00:10,40.13,676.48
2026-05-13T15:00:15,39.75,670.09
2026-05-13T15:00:20,39.75,670.09
2026-05-13T15:00:25,39.5,687.04
2026-05-13T15:00:30,39.5,687.04
2026-05-13T15:00:35,39.75,695.76
2026-05-13T15:00:40,39.75,695.76
2026-05-13T15:00:45,40.25,690.35
2026-05-13T15:00:50,40.25,690.35
2026-05-13T15:00:55,40.32,695.87
2026-05-13T15:01:00,40.32,695.87
2026-05-13T15:01:05,39.97,679.75
2026-05-13T15:01:10,39.97,679.75
2026-05-13T15:01:15,40.26,685.54
2026-05-13T15:01:20,40.26,685.54
2026-05-13T15:01:25,40.8,677.09
2026-05-13T15:01:30,40.8,677.09
2026-05-13T15:01:35,40.84,663.5
2026-05-13T15:01:40,40.84,663.5
2026-05-13T15:01:45,41.12,687.49
2026-05-13T15:01:50,41.12,687.49
2026-05-13T15:01:55,40.48,690.69
2026-05-13T15:02:00,40.48,690.69
2026-05-13T15:02:05,39.87,682.38
2026-05-13T15:02:10,39.87,682.38
2026-05-13T15:02:15,40.13,658.58
2026-05-13T15:02:20,40.13,658.58
2026-05-13T15:02:25,40.04,652.09
2026-05-13T15:02:30,40.04,652.09
2026-05-13T15:02:35,39.78,664.23
2026-05-13T15:02:40,39.78,664.23
2026-05-13T15:02:45,39.89,673.98
2026-05-13T15:02:50,39.89,673.98
2026-05-13T15:02:55,40.19,693.14
2026-05-13T15:03:00,40.19,693.14
2026-05-13T15:03:05,40.32,680.53
2026-05-13T15:03:10,40.32,680.53
2026-05-13T15:03:15,40.53,677.17
2026-05-13T15:03:20,40.53,677.17
2026-05-13T15:03:25,40.52,680.79
2026-05-13T15:03:30,40.52,680.79
2026-05-13T15:03:35,40.25,671.72
2026-05-13T15:03:40,40.25,671.72
2026-05-13T15:03:45,40.02,666.37
2026-05-13T15:03:50,40.02,666.37
2026-05-13T15:03:55,40.47,661.53
2026-05-13T15:04:00,40.47,661.53
2026-05-13T15:04:05,40.97,673.53
2026-05-13T15:04:10,40.97,673.53
2026-05-13T15:04:15,40.77,681.9
2026-05-13T15:04:20,40.77,681.9
2026-05-13T15:04:25,40.74,662.54
2026-05-13T15:04:30,40.74,662.54
2026-05-13T15:04:35,40.99,669.47
2026-05-13T15:04:40,40.99,669.47
2026-05-13T15:04:45,41.42,697.18
2026-05-13T15:04:50,41.42,697.18
2026-05-13T15:04:55,41.19,682.64
2026-05-13T15:05:00,41.19,682.64
2026-05-13T15:05:05,40.97,679.01
2026-05-13T15:05:10,40.97,679.01
2026-05-13T15:05:15,42.03,691.97
2026-05-13T15:05:20,42.03,691.97
2026-05-13T15:05:25,41.82,691.47
2026-05-13T15:05:30,41.82,691.47
2026-05-13T15:05:35,41.13,689.4
2026-05-13T15:05:40,41.13,689.4
2026-05-13T15:05:45,41.58,681.35
2026-05-13T15:05:50,41.58,681.35
2026-05-13T15:05:55,42.26,692.78
2026-05-13T15:06:00,42.26,692.78
2026-05-13T15:06:05,42.38,698.12
2026-05-13T15:06:10,42.38,698.12
2026-05-13T15:06:15,41.07,674.62
2026-05-13T15:06:20,41.07,674.62
2026-05-13T15:06:25,40.81,674.06
2026-05-13T15:06:30,40.81,674.06
2026-05-13T15:06:35,40.81,674.05
2026-05-13T15:06:40,40.81,674.05
2026-05-13T15:06:45,40.66,678.24
2026-05-13T15:06:50,40.66,678.24
2026-05-13T15:06:55,41.34,697.14
2026-05-13T15:07:00,41.34,697.14
2026-05-13T15:07:05,41.06,695.42
2026-05-13T15:07:10,41.06,695.42
2026-05-13T15:07:15,41.25,684.78
2026-05-13T15:07:20,41.25,684.78
2026-05-13T15:07:25,41.62,671.15
2026-05-13T15:07:30,41.62,671.15
2026-05-13T15:07:35,41.6,655.92
2026-05-13T15:07:40,41.6,655.92
2026-05-13T15:07:45,41.06,651.31
2026-05-13T15:07:50,41.06,651.31
2026-05-13T15:07:55,40.52,645.7
2026-05-13T15:08:00,40.52,645.7
2026-05-13T15:08:05,40.81,652.93
2026-05-13T15:08:10,40.81,652.93
2026-05-13T15:08:15,40.75,669.94
2026-05-13T15:08:20,40.75,669.94
2026-05-13T15:08:25,40.89,670.62
2026-05-13T15:08:30,40.89,670.62
2026-05-13T15:08:35,41.85,682.95
2026-05-13T15:08:40,41.85,682.95
2026-05-13T15:08:45,41.09,679.89
2026-05-13T15:08:50,41.09,679.89
2026-05-13T15:08:55,40.34,671.82
2026-05-13T15:09:00,40.34,671.82
2026-05-13T15:09:05,40.77,678.21
2026-05-13T15:09:10,40.77,678.21
2026-05-13T15:09:15,40.76,706.28
2026-05-13T15:09:20,40.76,706.28
2026-05-13T15:09:25,40.92,705.79
2026-05-13T15:09:30,40.92,705.79
2026-05-13T15:09:35,40.86,687.44
2026-05-13T15:09:40,40.86,687.44
2026-05-13T15:09:45,40.39,693.49
2026-05-13T15:09:50,40.39,693.49
2026-05-13T15:09:55,40.15,696.77
2026-05-13T15:10:00,40.15,696.77
2026-05-13T15:10:05,40.11,669.91
2026-05-13T15:10:10,40.11,669.91
2026-05-13T15:10:15,38.91,642.41
2026-05-13T15:10:20,38.91,642.41
2026-05-13T15:10:25,38.41,661.79
2026-05-13T15:10:30,38.41,661.79
2026-05-13T15:10:35,38.94,671.93
2026-05-13T15:10:40,38.94,671.93
2026-05-13T15:10:45,39.3,675.41
2026-05-13T15:10:50,39.3,675.41
2026-05-13T15:10:55,39.79,675.83
2026-05-13T15:11:00,39.79,675.83
2026-05-13T15:11:05,39.62,669.49
2026-05-13T15:11:10,39.62,669.49
2026-05-13T15:11:15,39.81,667.33
2026-05-13T15:11:20,39.81,667.33
2026-05-13T15:11:25,39.89,658.93
2026-05-13T15:11:30,39.89,658.93
2026-05-13T15:11:35,39.91,671.07
2026-05-13T15:11:40,39.91,671.07
2026-05-13T15:11:45,39.88,682.47
2026-05-13T15:11:50,39.88,682.47
2026-05-13T15:11:55,39.19,661.02
2026-05-13T15:12:00,39.19,661.02
2026-05-13T15:12:05,39.41,662.84
2026-05-13T15:12:10,39.41,662.84
2026-05-13T15:12:15,40.57,694.96
2026-05-13T15:12:20,40.57,694.96
2026-05-13T15:12:25,40.62,692.06
2026-05-13T15:12:30,40.62,692.06
2026-05-13T15:12:35,39.91,669.88
2026-05-13T15:12:40,39.91,669.88
2026-05-13T15:12:45,39.83,681.25
2026-05-13T15:12:50,39.83,681.25
2026-05-13T15:12:55,39.72,682.7
2026-05-13T15:13:00,39.72,682.7
2026-05-13T15:13:05,40.36,685.06
2026-05-13T15:13:10,40.36,685.06
2026-05-13T15:13:15,40.44,675.45
2026-05-13T15:13:20,40.44,675.45
2026-05-13T15:13:25,40.06,659.93
2026-05-13T15:13:30,40.06,659.93
2026-05-13T15:13:35,40.19,674.17
2026-05-13T15:13:40,40.19,674.17
2026-05-13T15:13:45,39.84,672.09
2026-05-13T15:13:50,39.84,672.09
2026-05-13T15:13:55,40.01,674.3
2026-05-13T15:14:00,40.01,674.3
2026-05-13T15:14:05,40.55,687.62
2026-05-13T15:14:10,40.55,687.62
2026-05-13T15:14:15,40.15,679.06
2026-05-13T15:14:20,40.15,679.06
2026-05-13T15:14:25,40.09,664.2
2026-05-13T15:14:30,40.09,664.2
2026-05-13T15:14:35,40.44,667.36
2026-05-13T15:14:40,40.44,667.36
2026-05-13T15:14:45,40.39,673.36
2026-05-13T15:14:50,40.39,673.36
2026-05-13T15:14:55,40.27,671.28
2026-05-13T15:15:00,40.27,671.28
2026-05-13T15:15:05,39.86,666.56
2026-05-13T15:15:10,39.86,666.56
2026-05-13T15:15:15,39.79,681.14
2026-05-13T15:15:20,39.79,681.14
2026-05-13T15:15:25,40.31,687.66
2026-05-13T15:15:30,40.31,687.66
2026-05-13T15:15:35,40.19,688.87
2026-05-13T15:15:40,40.19,688.87
2026-05-13T15:15:45,40.76,710.74
2026-05-13T15:15:50,40.76,710.74
2026-05-13T15:15:55,41.22,718.17
2026-05-13T15:16:00,41.22,718.17
2026-05-13T15:16:05,40.36,700.21
2026-05-13T15:16:10,40.36,700.21
2026-05-13T15:16:15,39.37,661.56
2026-05-13T15:16:20,39.37,661.56
2026-05-13T15:16:25,39.7,667.59
2026-05-13T15:16:30,39.7,667.59
2026-05-13T15:16:35,40.14,681.83
2026-05-13T15:16:40,40.14,681.83
2026-05-13T15:16:45,40.03,676.05
2026-05-13T15:16:50,40.03,676.05
2026-05-13T15:16:55,40.02,670.49
2026-05-13T15:17:00,40.02,670.49
2026-05-13T15:17:05,39.88,668.97
2026-05-13T15:17:10,39.88,668.97
2026-05-13T15:17:15,40.04,683.5
2026-05-13T15:17:20,40.04,683.5
2026-05-13T15:17:25,40.35,658.27
2026-05-13T15:17:30,40.35,658.27
2026-05-13T15:17:35,40.68,665.32
2026-05-13T15:17:40,40.68,665.32
2026-05-13T15:17:45,40.1,678.4
2026-05-13T15:17:50,40.1,678.4
2026-05-13T15:17:55,39.9,669.44
2026-05-13T15:18:00,39.9,669.44
2026-05-13T15:18:05,40.28,684.57
2026-05-13T15:18:10,40.28,684.57
2026-05-13T15:18:15,40.47,684.22
2026-05-13T15:18:20,40.47,684.22
2026-05-13T15:18:25,40.77,687.61
2026-05-13T15:18:30,40.77,687.61
2026-05-13T15:18:35,40.53,685.37
2026-05-13T15:18:40,40.53,685.37
2026-05-13T15:18:45,39.7,671.3
2026-05-13T15:18:50,39.7,671.3
2026-05-13T15:18:55,40.32,670.88
2026-05-13T15:19:00,40.32,670.88
2026-05-13T15:19:05,40.49,684.41
2026-05-13T15:19:10,40.49,684.41
2026-05-13T15:19:15,40.33,686.12
2026-05-13T15:19:20,40.33,686.12
2026-05-13T15:19:25,40.65,675.43
2026-05-13T15:19:30,40.65,675.43
2026-05-13T15:19:35,39.91,665.82
2026-05-13T15:19:40,39.91,665.82
2026-05-13T15:19:45,39.7,659.76
2026-05-13T15:19:50,39.7,659.76
2026-05-13T15:19:55,39.88,668.77
2026-05-13T15:20:00,39.88,668.77
2026-05-13T15:20:05,40.19,676.58
2026-05-13T15:20:10,40.19,676.58
2026-05-13T15:20:15,40.26,655.96
2026-05-13T15:20:20,40.26,655.96
2026-05-13T15:20:25,39.92,662.64
2026-05-13T15:20:30,39.92,662.64
2026-05-13T15:20:35,39.83,683.6
2026-05-13T15:20:40,39.83,683.6
2026-05-13T15:20:45,39.71,677.03
2026-05-13T15:20:50,39.71,677.03
2026-05-13T15:20:55,39.75,673.74
2026-05-13T15:21:00,39.75,673.74
2026-05-13T15:21:05,39.84,669.13
2026-05-13T15:21:10,39.84,669.13
2026-05-13T15:21:15,40.06,676.28
2026-05-13T15:21:20,40.06,676.28
2026-05-13T15:21:25,40.21,683.88
2026-05-13T15:21:30,40.21,683.88
2026-05-13T15:21:35,39.9,675.06
2026-05-13T15:21:40,39.9,675.06
2026-05-13T15:21:45,39.83,683.66
2026-05-13T15:21:50,39.83,683.66
2026-05-13T15:21:55,39.87,696.19
2026-05-13T15:22:00,39.87,696.19
2026-05-13T15:22:05,39.66,687.79
2026-05-13T15:22:10,39.66,687.79
2026-05-13T15:22:15,39.75,691.5
2026-05-13T15:22:20,39.75,691.5
2026-05-13T15:22:25,40.28,690.21
2026-05-13T15:22:30,40.28,690.21
2026-05-13T15:22:35,40.19,677.25
2026-05-13T15:22:40,40.19,677.25
2026-05-13T15:22:45,39.92,687.39
2026-05-13T15:22:50,39.92,687.39
2026-05-13T15:22:55,40.43,702.22
2026-05-13T15:23:00,40.43,702.22
2026-05-13T15:23:05,40.02,686.74
2026-05-13T15:23:10,40.02,686.74
2026-05-13T15:23:15,39.34,654.58
2026-05-13T15:23:20,39.34,654.58
2026-05-13T15:23:25,39.72,660.5
2026-05-13T15:23:30,39.72,660.5
2026-05-13T15:23:35,39.96,677.15
2026-05-13T15:23:40,39.96,677.15
2026-05-13T15:23:45,39.77,672.54
2026-05-13T15:23:50,39.77,672.54
2026-05-13T15:23:55,39.91,689.16
2026-05-13T15:24:00,39.91,689.16
2026-05-13T15:24:05,39.56,687.12
2026-05-13T15:24:10,39.56,687.12
2026-05-13T15:24:15,39.85,688.89
2026-05-13T15:24:20,39.85,688.89
2026-05-13T15:24:25,39.7,677.36
2026-05-13T15:24:30,39.7,677.36
2026-05-13T15:24:35,39.5,652.12
2026-05-13T15:24:40,39.5,652.12
2026-05-13T15:24:45,40.12,677.35
2026-05-13T15:24:50,40.12,677.35
2026-05-13T15:24:55,39.76,679.85
2026-05-13T15:25:00,39.76,679.85
2026-05-13T15:25:05,39.59,656.88
2026-05-13T15:25:10,39.59,656.88
2026-05-13T15:25:15,39.85,673.93
2026-05-13T15:25:20,39.85,673.93
2026-05-13T15:25:25,40.32,704.26
2026-05-13T15:25:30,40.32,704.26
2026-05-13T15:25:35,40.39,707.51
2026-05-13T15:25:40,40.39,707.51
2026-05-13T15:25:45,40.5,703.34
2026-05-13T15:25:50,40.5,703.34
2026-05-13T15:25:55,40.36,696.0
2026-05-13T15:26:00,40.36,696.0
2026-05-13T15:26:05,39.68,681.16
2026-05-13T15:26:10,39.68,681.16
2026-05-13T15:26:15,39.49,661.97
2026-05-13T15:26:20,39.49,661.97
2026-05-13T15:26:25,39.79,653.96
2026-05-13T15:26:30,39.79,653.96
2026-05-13T15:26:35,39.87,667.98
2026-05-13T15:26:40,39.87,667.98
2026-05-13T15:26:45,45.83,673.37
2026-05-13T15:26:50,45.83,673.37
2026-05-13T15:26:55,46.08,674.67
2026-05-13T15:27:00,46.08,674.67
2026-05-13T15:27:05,39.62,659.65
2026-05-13T15:27:10,39.62,659.65
2026-05-13T15:27:15,40.13,685.51
2026-05-13T15:27:20,40.13,685.51
2026-05-13T15:27:25,41.41,718.66
2026-05-13T15:27:30,41.41,718.66
2026-05-13T15:27:35,41.22,706.87
2026-05-13T15:27:40,41.22,706.87
2026-05-13T15:27:45,39.94,685.13
2026-05-13T15:27:50,39.94,685.13
2026-05-13T15:27:55,39.29,660.68
2026-05-13T15:28:00,39.29,660.68
2026-05-13T15:28:05,39.69,668.63
2026-05-13T15:28:10,39.69,668.63
2026-05-13T15:28:15,39.53,673.2
2026-05-13T15:28:20,39.53,673.2
2026-05-13T15:28:25,39.72,677.37
2026-05-13T15:28:30,39.72,677.37
2026-05-13T15:28:35,39.85,688.45
2026-05-13T15:28:40,39.85,688.45
2026-05-13T15:28:45,40.11,698.5
2026-05-13T15:28:50,40.11,698.5
2026-05-13T15:28:55,40.43,693.41
2026-05-13T15:29:00,40.43,693.41
2026-05-13T15:29:05,39.65,687.56
2026-05-13T15:29:10,39.65,687.56
2026-05-13T15:29:15,39.76,690.66
2026-05-13T15:29:20,39.76,690.66
2026-05-13T15:29:25,39.97,676.02
2026-05-13T15:29:30,39.97,676.02
2026-05-13T15:29:35,40.01,690.11
2026-05-13T15:29:40,40.01,690.11
2026-05-13T15:29:45,40.15,705.01
2026-05-13T15:29:50,40.15,705.01
2026-05-13T15:29:55,40.46,697.12
2026-05-13T15:30:00,40.46,697.12
2026-05-13T15:30:05,40.6,706.23
2026-05-13T15:30:10,40.6,706.23
2026-05-13T15:30:15,39.95,697.96
2026-05-13T15:30:20,39.95,697.96
2026-05-13T15:30:25,40.03,682.08
2026-05-13T15:30:30,40.03,682.08
2026-05-13T15:30:35,40.25,665.62
2026-05-13T15:30:40,40.25,665.62
2026-05-13T15:30:45,40.35,671.75
2026-05-13T15:30:50,40.35,671.75
2026-05-13T15:30:55,40.68,710.27
2026-05-13T15:31:00,40.68,710.27
2026-05-13T15:31:05,40.81,710.49
2026-05-13T15:31:10,40.81,710.49
2026-05-13T15:31:15,40.51,681.79
2026-05-13T15:31:20,40.51,681.79
2026-05-13T15:31:25,40.35,674.18
2026-05-13T15:31:30,40.35,674.18
2026-05-13T15:31:35,39.95,666.65
2026-05-13T15:31:40,39.95,666.65
2026-05-13T15:31:45,39.78,672.05
2026-05-13T15:31:50,39.78,672.05
2026-05-13T15:31:55,40.35,694.08
2026-05-13T15:32:00,40.35,694.08
2026-05-13T15:32:05,40.1,683.52
2026-05-13T15:32:10,40.1,683.52
2026-05-13T15:32:15,40.3,680.83
2026-05-13T15:32:20,40.3,680.83
2026-05-13T15:32:25,40.7,696.32
2026-05-13T15:32:30,40.7,696.32
2026-05-13T15:32:35,40.63,707.06
2026-05-13T15:32:40,40.63,707.06
2026-05-13T15:32:45,40.94,700.67
2026-05-13T15:32:50,40.94,700.67
2026-05-13T15:32:55,40.71,690.35
2026-05-13T15:33:00,40.71,690.35
2026-05-13T15:33:05,40.12,682.76
2026-05-13T15:33:10,40.12,682.76
2026-05-13T15:33:15,40.07,660.85
2026-05-13T15:33:20,40.07,660.85
2026-05-13T15:33:25,40.52,679.58
2026-05-13T15:33:30,40.52,679.58
2026-05-13T15:33:35,40.1,676.25
2026-05-13T15:33:40,40.1,676.25
2026-05-13T15:33:45,39.69,666.27
2026-05-13T15:33:50,39.69,666.27
2026-05-13T15:33:55,40.49,688.66
2026-05-13T15:34:00,40.49,688.66
2026-05-13T15:34:05,40.91,682.72
2026-05-13T15:34:10,40.91,682.72
2026-05-13T15:34:15,40.91,683.23
2026-05-13T15:34:20,40.91,683.23
2026-05-13T15:34:25,40.82,689.8
2026-05-13T15:34:30,40.82,689.8
2026-05-13T15:34:35,40.39,684.39
2026-05-13T15:34:40,40.39,684.39
2026-05-13T15:34:45,40.53,677.6
2026-05-13T15:34:50,40.53,677.6
2026-05-13T15:34:55,40.19,676.05
2026-05-13T15:35:00,40.19,676.05
2026-05-13T15:35:05,39.94,677.03
2026-05-13T15:35:10,39.94,677.03
2026-05-13T15:35:15,40.16,673.13
2026-05-13T15:35:20,40.16,673.13
2026-05-13T15:35:25,40.15,678.49
2026-05-13T15:35:30,40.15,678.49
2026-05-13T15:35:35,40.17,682.66
2026-05-13T15:35:40,40.17,682.66
2026-05-13T15:35:45,39.9,666.37
2026-05-13T15:35:50,39.9,666.37
2026-05-13T15:35:55,40.26,680.48
2026-05-13T15:36:00,40.26,680.48
2026-05-13T15:36:05,40.45,695.98
2026-05-13T15:36:10,40.45,695.98
2026-05-13T15:36:15,40.51,698.7
2026-05-13T15:36:20,40.51,698.7
2026-05-13T15:36:25,40.53,688.96
2026-05-13T15:36:30,40.53,688.96
2026-05-13T15:36:35,39.97,662.6
2026-05-13T15:36:40,39.97,662.6
2026-05-13T15:36:45,40.0,676.89
2026-05-13T15:36:50,40.0,676.89
2026-05-13T15:36:55,40.2,689.48
2026-05-13T15:37:00,40.2,689.48
2026-05-13T15:37:05,40.43,677.98
2026-05-13T15:37:10,40.43,677.98
2026-05-13T15:37:15,40.56,669.21
2026-05-13T15:37:20,40.56,669.21
2026-05-13T15:37:25,40.72,688.35
2026-05-13T15:37:30,40.72,688.35
2026-05-13T15:37:35,41.02,694.57
2026-05-13T15:37:40,41.02,694.57
2026-05-13T15:37:45,41.0,690.96
2026-05-13T15:37:50,41.0,690.96
2026-05-13T15:37:55,40.5,698.35
2026-05-13T15:38:00,40.5,698.35
2026-05-13T15:38:05,40.57,677.09
2026-05-13T15:38:10,40.57,677.09
2026-05-13T15:38:15,41.14,668.15
2026-05-13T15:38:20,41.14,668.15
2026-05-13T15:38:25,40.79,667.97
2026-05-13T15:38:30,40.79,667.97
2026-05-13T15:38:35,41.21,684.83
2026-05-13T15:38:40,41.21,684.83
2026-05-13T15:38:45,41.92,694.89
2026-05-13T15:38:50,41.92,694.89
2026-05-13T15:38:55,40.97,678.55
2026-05-13T15:39:00,40.97,678.55
2026-05-13T15:39:05,40.61,679.45
2026-05-13T15:39:10,40.61,679.45
2026-05-13T15:39:15,41.43,683.53
2026-05-13T15:39:20,41.43,683.53
2026-05-13T15:39:25,41.64,694.6
2026-05-13T15:39:30,41.64,694.6
2026-05-13T15:39:35,41.16,681.87
2026-05-13T15:39:40,41.16,681.87
2026-05-13T15:39:45,40.51,658.21
2026-05-13T15:39:50,40.51,658.21
2026-05-13T15:39:55,41.31,679.34
2026-05-13T15:40:00,41.31,679.34
2026-05-13T15:40:05,41.75,685.05
2026-05-13T15:40:10,41.75,685.05
2026-05-13T15:40:15,41.1,678.26
2026-05-13T15:40:20,41.1,678.26
2026-05-13T15:40:25,40.73,691.92
2026-05-13T15:40:30,40.73,691.92
2026-05-13T15:40:35,40.93,699.17
2026-05-13T15:40:40,40.93,699.17
2026-05-13T15:40:45,41.77,684.33
2026-05-13T15:40:50,41.77,684.33
2026-05-13T15:40:55,41.79,683.65
2026-05-13T15:41:00,41.79,683.65
2026-05-13T15:41:05,40.91,688.19
2026-05-13T15:41:10,40.91,688.19
2026-05-13T15:41:15,41.01,692.06
2026-05-13T15:41:20,41.01,692.06
2026-05-13T15:41:25,42.02,692.33
2026-05-13T15:41:30,42.02,692.33
2026-05-13T15:41:35,41.56,684.29
2026-05-13T15:41:40,41.56,684.29
2026-05-13T15:41:45,41.2,684.59
2026-05-13T15:41:50,41.2,684.59
2026-05-13T15:41:55,41.82,682.66
2026-05-13T15:42:00,41.82,682.66
2026-05-13T15:42:05,41.17,665.39
2026-05-13T15:42:10,41.17,665.39
2026-05-13T15:42:15,40.34,644.57
2026-05-13T15:42:20,40.34,644.57
2026-05-13T15:42:25,39.88,661.78
2026-05-13T15:42:30,39.88,661.78
2026-05-13T15:42:35,39.79,665.16
2026-05-13T15:42:40,39.79,665.16
2026-05-13T15:42:45,40.45,675.24
2026-05-13T15:42:50,40.45,675.24
2026-05-13T15:42:55,41.48,690.24
2026-05-13T15:43:00,41.48,690.24
2026-05-13T15:43:05,41.71,687.64
2026-05-13T15:43:10,41.71,687.64
2026-05-13T15:43:15,40.78,668.38
2026-05-13T15:43:20,40.78,668.38
2026-05-13T15:43:25,40.11,641.83
2026-05-13T15:43:30,40.11,641.83
2026-05-13T15:43:35,40.67,678.7
2026-05-13T15:43:40,40.67,678.7
2026-05-13T15:43:45,41.3,709.86
2026-05-13T15:43:50,41.3,709.86
2026-05-13T15:43:55,40.83,703.89
2026-05-13T15:44:00,40.83,703.89
2026-05-13T15:44:05,40.44,690.82
2026-05-13T15:44:10,40.44,690.82
2026-05-13T15:44:15,40.28,673.37
2026-05-13T15:44:20,40.28,673.37
2026-05-13T15:44:25,40.38,696.71
2026-05-13T15:44:30,40.38,696.71
2026-05-13T15:44:35,40.55,703.57
2026-05-13T15:44:40,40.55,703.57
2026-05-13T15:44:45,40.75,682.47
2026-05-13T15:44:50,40.75,682.47
2026-05-13T15:44:55,40.26,685.77
2026-05-13T15:45:00,40.26,685.77
2026-05-13T15:45:05,39.77,676.7
2026-05-13T15:45:10,39.77,676.7
2026-05-13T15:45:15,40.25,670.67
2026-05-13T15:45:20,40.25,670.67
2026-05-13T15:45:25,39.82,681.78
2026-05-13T15:45:30,39.82,681.78
2026-05-13T15:45:35,39.42,658.16
2026-05-13T15:45:40,39.42,658.16
2026-05-13T15:45:45,39.58,648.25
2026-05-13T15:45:50,39.58,648.25
2026-05-13T15:45:55,39.98,653.57
2026-05-13T15:46:00,39.98,653.57
2026-05-13T15:46:05,40.06,649.27
2026-05-13T15:46:10,40.06,649.27
2026-05-13T15:46:15,39.86,663.52
2026-05-13T15:46:20,39.86,663.52
2026-05-13T15:46:25,40.15,666.95
2026-05-13T15:46:30,40.15,666.95
2026-05-13T15:46:35,39.82,660.03
2026-05-13T15:46:40,39.82,660.03
2026-05-13T15:46:45,39.33,667.71
2026-05-13T15:46:50,39.33,667.71
2026-05-13T15:46:55,39.55,697.6
2026-05-13T15:47:00,39.55,697.6
2026-05-13T15:47:05,40.17,701.2
2026-05-13T15:47:10,40.17,701.2
2026-05-13T15:47:15,39.88,680.03
2026-05-13T15:47:20,39.88,680.03
2026-05-13T15:47:25,40.09,687.71
2026-05-13T15:47:30,40.09,687.71
2026-05-13T15:47:35,40.23,686.8
2026-05-13T15:47:40,40.23,686.8
2026-05-13T15:47:45,40.16,683.46
2026-05-13T15:47:50,40.16,683.46
2026-05-13T15:47:55,40.41,666.18
2026-05-13T15:48:00,40.41,666.18
2026-05-13T15:48:05,39.83,651.63
2026-05-13T15:48:10,39.83,651.63
2026-05-13T15:48:15,39.61,669.62
2026-05-13T15:48:20,39.61,669.62
2026-05-13T15:48:25,39.73,670.13
2026-05-13T15:48:30,39.73,670.13
2026-05-13T15:48:35,39.95,685.81
2026-05-13T15:48:40,39.95,685.81
2026-05-13T15:48:45,40.2,691.74
2026-05-13T15:48:50,40.2,691.74
2026-05-13T15:48:55,40.22,678.44
2026-05-13T15:49:00,40.22,678.44
2026-05-13T15:49:05,40.24,670.05
2026-05-13T15:49:10,40.24,670.05
2026-05-13T15:49:15,40.65,672.61
2026-05-13T15:49:20,40.65,672.61
2026-05-13T15:49:25,40.46,683.35
2026-05-13T15:49:30,40.46,683.35
2026-05-13T15:49:35,40.35,682.69
2026-05-13T15:49:40,40.35,682.69
2026-05-13T15:49:45,40.12,661.6
2026-05-13T15:49:50,40.12,661.6
2026-05-13T15:49:55,39.53,664.44
2026-05-13T15:50:00,39.53,664.44
2026-05-13T15:50:05,39.59,674.45
2026-05-13T15:50:10,39.59,674.45
2026-05-13T15:50:15,39.9,660.45
2026-05-13T15:50:20,39.9,660.45
2026-05-13T15:50:25,39.95,664.83
2026-05-13T15:50:30,39.95,664.83
2026-05-13T15:50:35,39.61,680.85
2026-05-13T15:50:40,39.61,680.85
2026-05-13T15:50:45,39.57,681.15
2026-05-13T15:50:50,39.57,681.15
2026-05-13T15:50:55,39.54,671.7
2026-05-13T15:51:00,39.54,671.7
2026-05-13T15:51:05,40.04,693.19
2026-05-13T15:51:10,40.04,693.19
2026-05-13T15:51:15,40.03,700.45
2026-05-13T15:51:20,40.03,700.45
2026-05-13T15:51:25,40.02,684.31
2026-05-13T15:51:30,40.02,684.31
2026-05-13T15:51:35,39.89,660.84
2026-05-13T15:51:40,39.89,660.84
2026-05-13T15:51:45,39.5,663.15
2026-05-13T15:51:50,39.5,663.15
2026-05-13T15:51:55,40.26,687.08
2026-05-13T15:52:00,40.26,687.08
2026-05-13T15:52:05,40.5,696.18
2026-05-13T15:52:10,40.5,696.18
2026-05-13T15:52:15,39.94,690.17
2026-05-13T15:52:20,39.94,690.17
2026-05-13T15:52:25,39.53,677.5
2026-05-13T15:52:30,39.53,677.5
2026-05-13T15:52:35,39.72,673.2
2026-05-13T15:52:40,39.72,673.2
2026-05-13T15:52:45,39.5,664.88
2026-05-13T15:52:50,39.5,664.88
2026-05-13T15:52:55,39.33,672.82
2026-05-13T15:53:00,39.33,672.82
2026-05-13T15:53:05,39.78,671.27
2026-05-13T15:53:10,39.78,671.27
2026-05-13T15:53:15,40.28,688.92
2026-05-13T15:53:20,40.28,688.92
2026-05-13T15:53:25,39.82,704.61
2026-05-13T15:53:30,39.82,704.61
2026-05-13T15:53:35,39.28,689.39
2026-05-13T15:53:40,39.28,689.39
2026-05-13T15:53:45,39.82,681.61
2026-05-13T15:53:50,39.82,681.61
2026-05-13T15:53:55,39.99,681.21
2026-05-13T15:54:00,39.99,681.21
2026-05-13T15:54:05,40.02,686.62
2026-05-13T15:54:10,40.02,686.62
2026-05-13T15:54:15,39.9,689.83
2026-05-13T15:54:20,39.9,689.83
2026-05-13T15:54:25,39.65,682.51
2026-05-13T15:54:30,39.65,682.51
2026-05-13T15:54:35,39.84,694.96
2026-05-13T15:54:40,39.84,694.96
2026-05-13T15:54:45,39.96,705.94
2026-05-13T15:54:50,39.96,705.94
2026-05-13T15:54:55,39.17,662.66
2026-05-13T15:55:00,39.17,662.66
2026-05-13T15:55:05,39.38,667.2
2026-05-13T15:55:10,39.38,667.2
2026-05-13T15:55:15,40.07,693.3
2026-05-13T15:55:20,40.07,693.3
2026-05-13T15:55:25,39.79,695.14
2026-05-13T15:55:30,39.79,695.14
2026-05-13T15:55:35,40.21,714.29
2026-05-13T15:55:40,40.21,714.29
2026-05-13T15:55:45,40.21,703.15
2026-05-13T15:55:50,40.21,703.15
2026-05-13T15:55:55,39.71,676.08
2026-05-13T15:56:00,39.71,676.08
2026-05-13T15:56:05,39.7,670.61
2026-05-13T15:56:10,39.7,670.61
2026-05-13T15:56:15,40.03,680.67
2026-05-13T15:56:20,40.03,680.67
2026-05-13T15:56:25,40.18,692.74
2026-05-13T15:56:30,40.18,692.74
2026-05-13T15:56:35,40.09,686.94
2026-05-13T15:56:40,40.09,686.94
2026-05-13T15:56:45,40.18,685.31
2026-05-13T15:56:50,40.18,685.31
2026-05-13T15:56:55,40.25,692.55
2026-05-13T15:57:00,40.25,692.55
2026-05-13T15:57:05,40.35,680.14
2026-05-13T15:57:10,40.35,680.14
2026-05-13T15:57:15,40.35,680.6
2026-05-13T15:57:20,40.35,680.6
2026-05-13T15:57:25,40.5,681.21
2026-05-13T15:57:30,40.5,681.21
2026-05-13T15:57:35,40.51,695.48
2026-05-13T15:57:40,40.51,695.48
2026-05-13T15:57:45,40.17,707.71
2026-05-13T15:57:50,40.17,707.71
2026-05-13T15:57:55,39.6,672.84
2026-05-13T15:58:00,39.6,672.84
2026-05-13T15:58:05,39.39,674.6
2026-05-13T15:58:10,39.39,674.6
2026-05-13T15:58:15,40.0,706.44
2026-05-13T15:58:20,40.0,706.44
2026-05-13T15:58:25,40.55,724.53
2026-05-13T15:58:30,40.55,724.53
2026-05-13T15:58:35,40.82,720.72
2026-05-13T15:58:40,40.82,720.72
2026-05-13T15:58:45,40.23,692.53
2026-05-13T15:58:50,40.23,692.53
2026-05-13T15:58:55,39.73,689.6
2026-05-13T15:59:00,39.73,689.6
2026-05-13T15:59:05,40.08,697.74
2026-05-13T15:59:10,40.08,697.74
2026-05-13T15:59:15,39.61,681.82
2026-05-13T15:59:20,39.61,681.82
2026-05-13T15:59:25,39.26,670.32
2026-05-13T15:59:30,39.26,670.32
2026-05-13T15:59:35,39.83,681.16
2026-05-13T15:59:40,39.83,681.16
2026-05-13T15:59:45,39.94,690.36
2026-05-13T15:59:50,39.94,690.36
2026-05-13T15:59:55,39.74,678.94
2026-05-13T16:00:00,39.74,678.94
2026-05-13T16:00:05,39.9,675.86
2026-05-13T16:00:10,39.9,675.86
2026-05-13T16:00:15,39.88,665.26
2026-05-13T16:00:20,39.88,665.26
2026-05-13T16:00:25,39.94,654.98
2026-05-13T16:00:30,39.94,654.98
2026-05-13T16:00:35,40.38,668.37
2026-05-13T16:00:40,40.38,668.37
2026-05-13T16:00:45,40.09,661.93
2026-05-13T16:00:50,40.09,661.93
2026-05-13T16:00:55,39.49,649.42
2026-05-13T16:01:00,39.49,649.42
2026-05-13T16:01:05,39.4,661.73
2026-05-13T16:01:10,39.4,661.73
2026-05-13T16:01:15,39.15,679.86
2026-05-13T16:01:20,39.15,679.86
2026-05-13T16:01:25,39.07,668.78
2026-05-13T16:01:30,39.07,668.78
2026-05-13T16:01:35,39.11,642.13
2026-05-13T16:01:40,39.11,642.13
2026-05-13T16:01:45,39.92,664.76
2026-05-13T16:01:50,39.92,664.76
2026-05-13T16:01:55,40.21,693.61
2026-05-13T16:02:00,40.21,693.61
2026-05-13T16:02:05,39.24,678.28
2026-05-13T16:02:10,39.24,678.28
2026-05-13T16:02:15,39.53,672.35
2026-05-13T16:02:20,39.53,672.35
2026-05-13T16:02:25,39.77,669.61
2026-05-13T16:02:30,39.77,669.61
2026-05-13T16:02:35,39.79,661.67
2026-05-13T16:02:40,39.79,661.67
2026-05-13T16:02:45,40.02,666.51
2026-05-13T16:02:50,40.02,666.51
2026-05-13T16:02:55,40.09,675.53
2026-05-13T16:03:00,40.09,675.53
2026-05-13T16:03:05,39.83,669.57
2026-05-13T16:03:10,39.83,669.57
2026-05-13T16:03:15,40.01,670.48
2026-05-13T16:03:20,40.01,670.48
2026-05-13T16:03:25,40.3,674.0
2026-05-13T16:03:30,40.3,674.0
2026-05-13T16:03:35,40.12,672.17
2026-05-13T16:03:40,40.12,672.17
2026-05-13T16:03:45,39.73,647.31
2026-05-13T16:03:50,39.73,647.31
2026-05-13T16:03:55,39.35,643.0
2026-05-13T16:04:00,39.35,643.0
2026-05-13T16:04:05,39.41,676.46
2026-05-13T16:04:10,39.41,676.46
2026-05-13T16:04:15,39.81,688.69
2026-05-13T16:04:20,39.81,688.69
2026-05-13T16:04:25,40.31,693.99
2026-05-13T16:04:30,40.31,693.99
2026-05-13T16:04:35,39.77,689.11
2026-05-13T16:04:40,39.77,689.11
2026-05-13T16:04:45,39.75,687.92
2026-05-13T16:04:50,39.75,687.92
2026-05-13T16:04:55,40.8,687.85
2026-05-13T16:05:00,40.8,687.85
2026-05-13T16:05:05,40.73,694.57
2026-05-13T16:05:10,40.73,694.57
2026-05-13T16:05:15,39.77,690.26
2026-05-13T16:05:20,39.77,690.26
2026-05-13T16:05:25,39.27,666.83
2026-05-13T16:05:30,39.27,666.83
2026-05-13T16:05:35,39.24,653.67
2026-05-13T16:05:40,39.24,653.67
2026-05-13T16:05:45,39.79,678.85
2026-05-13T16:05:50,39.79,678.85
2026-05-13T16:05:55,39.86,687.98
2026-05-13T16:06:00,39.86,687.98
2026-05-13T16:06:05,39.11,666.35
2026-05-13T16:06:10,39.11,666.35
2026-05-13T16:06:15,39.18,674.99
2026-05-13T16:06:20,39.18,674.99
2026-05-13T16:06:25,39.66,682.25
2026-05-13T16:06:30,39.66,682.25
2026-05-13T16:06:35,39.68,676.92
2026-05-13T16:06:40,39.68,676.92
2026-05-13T16:06:45,39.79,678.47
2026-05-13T16:06:50,39.79,678.47
2026-05-13T16:06:55,39.84,670.31
2026-05-13T16:07:00,39.84,670.31
2026-05-13T16:07:05,39.61,658.74
2026-05-13T16:07:10,39.61,658.74
2026-05-13T16:07:15,39.98,693.69
2026-05-13T16:07:20,39.98,693.69
2026-05-13T16:07:25,40.59,708.55
2026-05-13T16:07:30,40.59,708.55
2026-05-13T16:07:35,40.06,683.28
2026-05-13T16:07:40,40.06,683.28
2026-05-13T16:07:45,39.75,680.75
2026-05-13T16:07:50,39.75,680.75
2026-05-13T16:07:55,39.85,678.2
2026-05-13T16:08:00,39.85,678.2
2026-05-13T16:08:05,39.33,666.58
2026-05-13T16:08:10,39.33,666.58
2026-05-13T16:08:15,38.89,663.19
2026-05-13T16:08:20,38.89,663.19
2026-05-13T16:08:25,39.48,669.0
2026-05-13T16:08:30,39.48,669.0
2026-05-13T16:08:35,39.81,660.62
2026-05-13T16:08:40,39.81,660.62
2026-05-13T16:08:45,39.72,683.17
2026-05-13T16:08:50,39.72,683.17
2026-05-13T16:08:55,39.78,701.25
2026-05-13T16:09:00,39.78,701.25
2026-05-13T16:09:05,39.88,686.32
2026-05-13T16:09:10,39.88,686.32
2026-05-13T16:09:15,39.94,678.41
2026-05-13T16:09:20,39.94,678.41
2026-05-13T16:09:25,39.72,678.28
2026-05-13T16:09:30,39.72,678.28
2026-05-13T16:09:35,40.14,684.07
2026-05-13T16:09:40,40.14,684.07
2026-05-13T16:09:45,39.41,667.82
2026-05-13T16:09:50,39.41,667.82
2026-05-13T16:09:55,38.86,675.37
2026-05-13T16:10:00,38.86,675.37
2026-05-13T16:10:05,39.78,695.63
2026-05-13T16:10:10,39.78,695.63
2026-05-13T16:10:15,39.69,675.4
2026-05-13T16:10:20,39.69,675.4
2026-05-13T16:10:25,39.31,670.2
2026-05-13T16:10:30,39.31,670.2
2026-05-13T16:10:35,39.33,674.08
2026-05-13T16:10:40,39.33,674.08
2026-05-13T16:10:45,40.04,675.58
2026-05-13T16:10:50,40.04,675.58
2026-05-13T16:10:55,40.05,666.45
2026-05-13T16:11:00,40.05,666.45
2026-05-13T16:11:05,39.43,670.14
2026-05-13T16:11:10,39.43,670.14
2026-05-13T16:11:15,39.22,685.47
2026-05-13T16:11:20,39.22,685.47
2026-05-13T16:11:25,39.76,686.88
2026-05-13T16:11:30,39.76,686.88
2026-05-13T16:11:35,40.72,691.46
2026-05-13T16:11:40,40.72,691.46
2026-05-13T16:11:45,40.34,681.3
2026-05-13T16:11:50,40.34,681.3
2026-05-13T16:11:55,39.76,673.53
2026-05-13T16:12:00,39.76,673.53
2026-05-13T16:12:05,40.45,667.64
2026-05-13T16:12:10,40.45,667.64
2026-05-13T16:12:15,40.87,675.58
2026-05-13T16:12:20,40.87,675.58
2026-05-13T16:12:25,41.14,695.27
2026-05-13T16:12:30,41.14,695.27
2026-05-13T16:12:35,41.12,694.63
2026-05-13T16:12:40,41.12,694.63
2026-05-13T16:12:45,40.57,681.69
2026-05-13T16:12:50,40.57,681.69
2026-05-13T16:12:55,41.27,677.24
2026-05-13T16:13:00,41.27,677.24
2026-05-13T16:13:05,41.4,679.83
2026-05-13T16:13:10,41.4,679.83
2026-05-13T16:13:15,41.18,677.4
2026-05-13T16:13:20,41.18,677.4
2026-05-13T16:13:25,41.69,696.86
2026-05-13T16:13:30,41.69,696.86
2026-05-13T16:13:35,41.14,677.32
2026-05-13T16:13:40,41.14,677.32
2026-05-13T16:13:45,41.16,655.77
2026-05-13T16:13:50,41.16,655.77
2026-05-13T16:13:55,41.7,693.53
2026-05-13T16:14:00,41.7,693.53
2026-05-13T16:14:05,41.67,697.51
2026-05-13T16:14:10,41.67,697.51
2026-05-13T16:14:15,40.51,666.35
2026-05-13T16:14:20,40.51,666.35
2026-05-13T16:14:25,39.97,668.07
2026-05-13T16:14:30,39.97,668.07
2026-05-13T16:14:35,41.13,691.4
2026-05-13T16:14:40,41.13,691.4
2026-05-13T16:14:45,41.05,683.14
2026-05-13T16:14:50,41.05,683.14
2026-05-13T16:14:55,41.58,686.57
2026-05-13T16:15:00,41.58,686.57
2026-05-13T16:15:05,41.7,695.42
2026-05-13T16:15:10,41.7,695.42
2026-05-13T16:15:15,40.78,676.51
2026-05-13T16:15:20,40.78,676.51
2026-05-13T16:15:25,40.61,664.28
2026-05-13T16:15:30,40.61,664.28
2026-05-13T16:15:35,41.2,682.7
2026-05-13T16:15:40,41.2,682.7
2026-05-13T16:15:45,41.64,691.58
2026-05-13T16:15:50,41.64,691.58
2026-05-13T16:15:55,41.97,698.43
2026-05-13T16:16:00,41.97,698.43
2026-05-13T16:16:05,41.51,703.11
2026-05-13T16:16:10,41.51,703.11
2026-05-13T16:16:15,40.75,677.49
2026-05-13T16:16:20,40.75,677.49
2026-05-13T16:16:25,41.11,673.86
2026-05-13T16:16:30,41.11,673.86
2026-05-13T16:16:35,41.27,678.86
2026-05-13T16:16:40,41.27,678.86
2026-05-13T16:16:45,40.4,668.55
2026-05-13T16:16:50,40.4,668.55
2026-05-13T16:16:55,40.25,680.37
2026-05-13T16:17:00,40.25,680.37
2026-05-13T16:17:05,40.54,680.03
2026-05-13T16:17:10,40.54,680.03
2026-05-13T16:17:15,40.45,674.74
2026-05-13T16:17:20,40.45,674.74
2026-05-13T16:17:25,40.8,686.92
2026-05-13T16:17:30,40.8,686.92
2026-05-13T16:17:35,40.75,683.2
2026-05-13T16:17:40,40.75,683.2
2026-05-13T16:17:45,40.54,695.97
2026-05-13T16:17:50,40.54,695.97
2026-05-13T16:17:55,40.73,701.91
2026-05-13T16:18:00,40.73,701.91
2026-05-13T16:18:05,40.4,680.49
2026-05-13T16:18:10,40.4,680.49
2026-05-13T16:18:15,40.34,682.07
2026-05-13T16:18:20,40.34,682.07
2026-05-13T16:18:25,40.37,673.71
2026-05-13T16:18:30,40.37,673.71
2026-05-13T16:18:35,40.37,665.72
2026-05-13T16:18:40,40.37,665.72
2026-05-13T16:18:45,40.12,668.91
2026-05-13T16:18:50,40.12,668.91
2026-05-13T16:18:55,39.69,671.44
2026-05-13T16:19:00,39.69,671.44
2026-05-13T16:19:05,40.22,674.85
2026-05-13T16:19:10,40.22,674.85
2026-05-13T16:19:15,40.13,680.08
2026-05-13T16:19:20,40.13,680.08
2026-05-13T16:19:25,39.74,673.11
2026-05-13T16:19:30,39.74,673.11
2026-05-13T16:19:35,39.7,669.81
2026-05-13T16:19:40,39.7,669.81
2026-05-13T16:19:45,39.8,685.93
2026-05-13T16:19:50,39.8,685.93
2026-05-13T16:19:55,39.89,698.03
2026-05-13T16:20:00,39.89,698.03
2026-05-13T16:20:05,39.34,680.89
2026-05-13T16:20:10,39.34,680.89
2026-05-13T16:20:15,38.72,652.47
2026-05-13T16:20:20,38.72,652.47
2026-05-13T16:20:25,39.31,664.36
2026-05-13T16:20:30,39.31,664.36
2026-05-13T16:20:35,39.78,676.79
2026-05-13T16:20:40,39.78,676.79
2026-05-13T16:20:45,39.99,690.47
2026-05-13T16:20:50,39.99,690.47
2026-05-13T16:20:55,40.14,707.13
2026-05-13T16:21:00,40.14,707.13
2026-05-13T16:21:05,39.83,690.04
2026-05-13T16:21:10,39.83,690.04
2026-05-13T16:21:15,39.65,669.68
2026-05-13T16:21:20,39.65,669.68
2026-05-13T16:21:25,39.82,692.15
2026-05-13T16:21:30,39.82,692.15
2026-05-13T16:21:35,39.9,699.28
2026-05-13T16:21:40,39.9,699.28
2026-05-13T16:21:45,39.7,675.33
2026-05-13T16:21:50,39.7,675.33
2026-05-13T16:21:55,39.06,661.83
2026-05-13T16:22:00,39.06,661.83
2026-05-13T16:22:05,38.77,655.97
2026-05-13T16:22:10,38.77,655.97
2026-05-13T16:22:15,39.56,669.67
2026-05-13T16:22:20,39.56,669.67
2026-05-13T16:22:25,40.43,690.37
2026-05-13T16:22:30,40.43,690.37
2026-05-13T16:22:35,40.38,697.78
2026-05-13T16:22:40,40.38,697.78
2026-05-13T16:22:45,40.1,698.55
2026-05-13T16:22:50,40.1,698.55
2026-05-13T16:22:55,40.16,678.15
2026-05-13T16:23:00,40.16,678.15
2026-05-13T16:23:05,39.55,656.95
2026-05-13T16:23:10,39.55,656.95
2026-05-13T16:23:15,39.26,660.21
2026-05-13T16:23:20,39.26,660.21
2026-05-13T16:23:25,39.52,659.81
2026-05-13T16:23:30,39.52,659.81
2026-05-13T16:23:35,39.76,669.38
2026-05-13T16:23:40,39.76,669.38
2026-05-13T16:23:45,39.64,685.26
2026-05-13T16:23:50,39.64,685.26
2026-05-13T16:23:55,39.38,665.57
2026-05-13T16:24:00,39.38,665.57
2026-05-13T16:24:05,39.71,675.72
2026-05-13T16:24:10,39.71,675.72
2026-05-13T16:24:15,39.83,698.07
2026-05-13T16:24:20,39.83,698.07
2026-05-13T16:24:25,39.8,679.3
2026-05-13T16:24:30,39.8,679.3
2026-05-13T16:24:35,40.17,685.48
2026-05-13T16:24:40,40.17,685.48
2026-05-13T16:24:45,40.05,684.23
2026-05-13T16:24:50,40.05,684.23
2026-05-13T16:24:55,39.53,684.71
2026-05-13T16:25:00,39.53,684.71
2026-05-13T16:25:05,40.91,687.67
2026-05-13T16:25:10,40.91,687.67
2026-05-13T16:25:15,40.98,678.41
2026-05-13T16:25:20,40.98,678.41
2026-05-13T16:25:25,39.89,685.94
2026-05-13T16:25:30,39.89,685.94
2026-05-13T16:25:35,40.24,691.26
2026-05-13T16:25:40,40.24,691.26
2026-05-13T16:25:45,40.37,681.92
2026-05-13T16:25:50,40.37,681.92
2026-05-13T16:25:55,40.65,681.08
2026-05-13T16:26:00,40.65,681.08
2026-05-13T16:26:05,40.0,664.72
2026-05-13T16:26:10,40.0,664.72
2026-05-13T16:26:15,39.45,664.07
2026-05-13T16:26:20,39.45,664.07
2026-05-13T16:26:25,39.6,682.7
2026-05-13T16:26:30,39.6,682.7
2026-05-13T16:26:35,39.7,676.34
2026-05-13T16:26:40,39.7,676.34
2026-05-13T16:26:45,40.43,688.66
2026-05-13T16:26:50,40.43,688.66
2026-05-13T16:26:55,40.52,693.04
2026-05-13T16:27:00,40.52,693.04
2026-05-13T16:27:05,40.08,688.56
2026-05-13T16:27:10,40.08,688.56
2026-05-13T16:27:15,40.38,692.82
2026-05-13T16:27:20,40.38,692.82
2026-05-13T16:27:25,40.57,688.91
2026-05-13T16:27:30,40.57,688.91
2026-05-13T16:27:35,40.18,681.99
2026-05-13T16:27:40,40.18,681.99
2026-05-13T16:27:45,40.14,670.38
2026-05-13T16:27:50,40.14,670.38
2026-05-13T16:27:55,40.07,664.0
2026-05-13T16:28:00,40.07,664.0
2026-05-13T16:28:05,40.02,674.03
2026-05-13T16:28:10,40.02,674.03
2026-05-13T16:28:15,40.6,683.66
2026-05-13T16:28:20,40.6,683.66
2026-05-13T16:28:25,40.66,674.03
2026-05-13T16:28:30,40.66,674.03
2026-05-13T16:28:35,40.45,678.27
2026-05-13T16:28:40,40.45,678.27
2026-05-13T16:28:45,40.27,684.8
2026-05-13T16:28:50,40.27,684.8
2026-05-13T16:28:55,40.2,676.6
2026-05-13T16:29:00,40.2,676.6
2026-05-13T16:29:05,40.18,686.96
2026-05-13T16:29:10,40.18,686.96
2026-05-13T16:29:15,39.87,681.92
2026-05-13T16:29:20,39.87,681.92
2026-05-13T16:29:25,45.96,679.68
2026-05-13T16:29:30,45.96,679.68
2026-05-13T16:29:35,46.21,688.28
2026-05-13T16:29:40,46.21,688.28
2026-05-13T16:29:45,39.91,675.41
2026-05-13T16:29:50,39.91,675.41
2026-05-13T16:29:55,39.8,669.77
2026-05-13T16:30:00,39.8,669.77
2026-05-13T16:30:05,40.24,698.75
2026-05-13T16:30:10,40.24,698.75
2026-05-13T16:30:15,40.26,711.09
2026-05-13T16:30:20,40.26,711.09
2026-05-13T16:30:25,39.68,678.27
2026-05-13T16:30:30,39.68,678.27
2026-05-13T16:30:35,39.73,663.02
2026-05-13T16:30:40,39.73,663.02
2026-05-13T16:30:45,40.0,671.26
2026-05-13T16:30:50,40.0,671.26
2026-05-13T16:30:55,40.38,678.08
2026-05-13T16:31:00,40.38,678.08
2026-05-13T16:31:05,39.99,678.0
2026-05-13T16:31:10,39.99,678.0
2026-05-13T16:31:15,39.31,671.31
2026-05-13T16:31:20,39.31,671.31
2026-05-13T16:31:25,39.84,673.75
2026-05-13T16:31:30,39.84,673.75
2026-05-13T16:31:35,40.15,688.14
2026-05-13T16:31:40,40.15,688.14
2026-05-13T16:31:45,39.94,670.77
2026-05-13T16:31:50,39.94,670.77
2026-05-13T16:31:55,40.55,693.85
2026-05-13T16:32:00,40.55,693.85
2026-05-13T16:32:05,41.07,728.05
2026-05-13T16:32:10,41.07,728.05
2026-05-13T16:32:15,41.14,700.74
2026-05-13T16:32:20,41.14,700.74
2026-05-13T16:32:25,40.46,681.99
2026-05-13T16:32:30,40.46,681.99
2026-05-13T16:32:35,40.34,686.2
2026-05-13T16:32:40,40.34,686.2
2026-05-13T16:32:45,40.9,678.85
2026-05-13T16:32:50,40.9,678.85
2026-05-13T16:32:55,40.69,674.1
2026-05-13T16:33:00,40.69,674.1
2026-05-13T16:33:05,40.43,701.39
2026-05-13T16:33:10,40.43,701.39
2026-05-13T16:33:15,40.06,690.52
2026-05-13T16:33:20,40.06,690.52
2026-05-13T16:33:25,40.29,684.3
2026-05-13T16:33:30,40.29,684.3
2026-05-13T16:33:35,40.34,697.02
2026-05-13T16:33:40,40.34,697.02
2026-05-13T16:33:45,40.52,688.98
2026-05-13T16:33:50,40.52,688.98
2026-05-13T16:33:55,40.31,688.16
2026-05-13T16:34:00,40.31,688.16
2026-05-13T16:34:05,40.34,675.24
2026-05-13T16:34:10,40.34,675.24
2026-05-13T16:34:15,40.4,653.63
2026-05-13T16:34:20,40.4,653.63
2026-05-13T16:34:25,39.77,653.45
2026-05-13T16:34:30,39.77,653.45
2026-05-13T16:34:35,39.76,671.62
2026-05-13T16:34:40,39.76,671.62
2026-05-13T16:34:45,40.41,688.69
2026-05-13T16:34:50,40.41,688.69
2026-05-13T16:34:55,40.33,688.74
2026-05-13T16:35:00,40.33,688.74
2026-05-13T16:35:05,39.85,680.37
2026-05-13T16:35:10,39.85,680.37
2026-05-13T16:35:15,40.05,688.46
2026-05-13T16:35:20,40.05,688.46
2026-05-13T16:35:25,40.54,696.37
2026-05-13T16:35:30,40.54,696.37
2026-05-13T16:35:35,41.23,693.86
2026-05-13T16:35:40,41.23,693.86
2026-05-13T16:35:45,40.95,679.58
2026-05-13T16:35:50,40.95,679.58
2026-05-13T16:35:55,40.3,672.31
2026-05-13T16:36:00,40.3,672.31
2026-05-13T16:36:05,40.02,668.06
2026-05-13T16:36:10,40.02,668.06
2026-05-13T16:36:15,40.08,675.01
2026-05-13T16:36:20,40.08,675.01
2026-05-13T16:36:25,41.09,700.32
2026-05-13T16:36:30,41.09,700.32
2026-05-13T16:36:35,40.72,679.46
2026-05-13T16:36:40,40.72,679.46
2026-05-13T16:36:45,39.88,665.4
2026-05-13T16:36:50,39.88,665.4
2026-05-13T16:36:55,39.46,666.12
2026-05-13T16:37:00,39.46,666.12
2026-05-13T16:37:05,39.83,678.83
2026-05-13T16:37:10,39.83,678.83
2026-05-13T16:37:15,40.72,698.19
2026-05-13T16:37:20,40.72,698.19
2026-05-13T16:37:25,41.07,694.54
2026-05-13T16:37:30,41.07,694.54
2026-05-13T16:37:35,40.65,688.68
2026-05-13T16:37:40,40.65,688.68
2026-05-13T16:37:45,39.81,671.82
2026-05-13T16:37:50,39.81,671.82
2026-05-13T16:37:55,39.98,670.19
2026-05-13T16:38:00,39.98,670.19
2026-05-13T16:38:05,40.46,689.27
2026-05-13T16:38:10,40.46,689.27
2026-05-13T16:38:15,43.44,707.78
2026-05-13T16:38:20,43.44,707.78
2026-05-13T16:38:25,47.39,703.3
2026-05-13T16:38:30,47.39,703.3
2026-05-13T16:38:35,46.75,669.46
2026-05-13T16:38:40,46.75,669.46
2026-05-13T16:38:45,42.25,655.99
2026-05-13T16:38:50,42.25,655.99
2026-05-13T16:38:55,39.61,666.16
2026-05-13T16:39:00,39.61,666.16
2026-05-13T16:39:05,39.65,669.85
2026-05-13T16:39:10,39.65,669.85
2026-05-13T16:39:15,40.22,670.23
2026-05-13T16:39:20,40.22,670.23
2026-05-13T16:39:25,40.13,660.96
2026-05-13T16:39:30,40.13,660.96
2026-05-13T16:39:35,40.21,675.44
2026-05-13T16:39:40,40.21,675.44
2026-05-13T16:39:45,40.76,705.71
2026-05-13T16:39:50,40.76,705.71
2026-05-13T16:39:55,40.38,698.21
2026-05-13T16:40:00,40.38,698.21
2026-05-13T16:40:05,40.0,680.6
2026-05-13T16:40:10,40.0,680.6
2026-05-13T16:40:15,39.72,671.09
2026-05-13T16:40:20,39.72,671.09
2026-05-13T16:40:25,39.96,677.96
2026-05-13T16:40:30,39.96,677.96
2026-05-13T16:40:35,40.37,688.83
2026-05-13T16:40:40,40.37,688.83
2026-05-13T16:40:45,40.24,685.13
2026-05-13T16:40:50,40.24,685.13
2026-05-13T16:40:55,40.08,672.9
2026-05-13T16:41:00,40.08,672.9
2026-05-13T16:41:05,40.1,675.62
2026-05-13T16:41:10,40.1,675.62
2026-05-13T16:41:15,40.47,683.6
2026-05-13T16:41:20,40.47,683.6
2026-05-13T16:41:25,40.85,692.63
2026-05-13T16:41:30,40.85,692.63
2026-05-13T16:41:35,40.62,680.64
2026-05-13T16:41:40,40.62,680.64
2026-05-13T16:41:45,40.26,665.57
2026-05-13T16:41:50,40.26,665.57
2026-05-13T16:41:55,40.5,675.74
2026-05-13T16:42:00,40.5,675.74
2026-05-13T16:42:05,40.54,672.3
2026-05-13T16:42:10,40.54,672.3
2026-05-13T16:42:15,40.29,668.67
2026-05-13T16:42:20,40.29,668.67
2026-05-13T16:42:25,39.95,671.79
2026-05-13T16:42:30,39.95,671.79
2026-05-13T16:42:35,39.8,676.41
2026-05-13T16:42:40,39.8,676.41
2026-05-13T16:42:45,40.11,684.72
2026-05-13T16:42:50,40.11,684.72
2026-05-13T16:42:55,40.08,682.86
2026-05-13T16:43:00,40.08,682.86
2026-05-13T16:43:05,40.07,686.4
2026-05-13T16:43:10,40.07,686.4
2026-05-13T16:43:15,40.18,695.97
2026-05-13T16:43:20,40.18,695.97
2026-05-13T16:43:25,40.06,685.92
2026-05-13T16:43:30,40.06,685.92
2026-05-13T16:43:35,39.7,675.69
2026-05-13T16:43:40,39.7,675.69
2026-05-13T16:43:45,39.37,653.6
2026-05-13T16:43:50,39.37,653.6
2026-05-13T16:43:55,39.59,646.09
2026-05-13T16:44:00,39.59,646.09
2026-05-13T16:44:05,39.58,667.39
2026-05-13T16:44:10,39.58,667.39
2026-05-13T16:44:15,39.93,666.98
2026-05-13T16:44:20,39.93,666.98
2026-05-13T16:44:25,40.84,672.0
2026-05-13T16:44:30,40.84,672.0
2026-05-13T16:44:35,40.7,691.43
2026-05-13T16:44:40,40.7,691.43
2026-05-13T16:44:45,40.04,679.26
2026-05-13T16:44:50,40.04,679.26
2026-05-13T16:44:55,40.1,666.65
2026-05-13T16:45:00,40.1,666.65
2026-05-13T16:45:05,40.56,686.78
2026-05-13T16:45:10,40.56,686.78
2026-05-13T16:45:15,40.01,693.59
2026-05-13T16:45:20,40.01,693.59
2026-05-13T16:45:25,39.91,682.41
2026-05-13T16:45:30,39.91,682.41
2026-05-13T16:45:35,40.58,678.73
2026-05-13T16:45:40,40.58,678.73
2026-05-13T16:45:45,40.77,680.79
2026-05-13T16:45:50,40.77,680.79
2026-05-13T16:45:55,41.34,689.28
2026-05-13T16:46:00,41.34,689.28
2026-05-13T16:46:05,41.96,694.27
2026-05-13T16:46:10,41.96,694.27
2026-05-13T16:46:15,41.95,697.14
2026-05-13T16:46:20,41.95,697.14
2026-05-13T16:46:25,40.94,667.39
2026-05-13T16:46:30,40.94,667.39
2026-05-13T16:46:35,40.44,654.86
2026-05-13T16:46:40,40.44,654.86
2026-05-13T16:46:45,40.82,663.65
2026-05-13T16:46:50,40.82,663.65
2026-05-13T16:46:55,40.59,673.33
2026-05-13T16:47:00,40.59,673.33
2026-05-13T16:47:05,40.82,691.41
2026-05-13T16:47:10,40.82,691.41
2026-05-13T16:47:15,41.19,674.65
2026-05-13T16:47:20,41.19,674.65
2026-05-13T16:47:25,41.13,671.42
2026-05-13T16:47:30,41.13,671.42
2026-05-13T16:47:35,41.93,689.74
2026-05-13T16:47:40,41.93,689.74
2026-05-13T16:47:45,42.28,685.6
2026-05-13T16:47:50,42.28,685.6
2026-05-13T16:47:55,41.52,667.4
2026-05-13T16:48:00,41.52,667.4
2026-05-13T16:48:05,40.62,662.08
2026-05-13T16:48:10,40.62,662.08
2026-05-13T16:48:15,41.11,688.89
2026-05-13T16:48:20,41.11,688.89
2026-05-13T16:48:25,41.31,695.21
2026-05-13T16:48:30,41.31,695.21
2026-05-13T16:48:35,40.93,666.61
2026-05-13T16:48:40,40.93,666.61
2026-05-13T16:48:45,41.29,664.32
2026-05-13T16:48:50,41.29,664.32
2026-05-13T16:48:55,41.2,674.49
2026-05-13T16:49:00,41.2,674.49
2026-05-13T16:49:05,42.07,699.64
2026-05-13T16:49:10,42.07,699.64
2026-05-13T16:49:15,42.3,699.59
2026-05-13T16:49:20,42.3,699.59
2026-05-13T16:49:25,42.25,692.58
2026-05-13T16:49:30,42.25,692.58
2026-05-13T16:49:35,41.69,686.66
2026-05-13T16:49:40,41.69,686.66
2026-05-13T16:49:45,41.37,685.83
2026-05-13T16:49:50,41.37,685.83
2026-05-13T16:49:55,42.57,703.01
2026-05-13T16:50:00,42.57,703.01
2026-05-13T16:50:05,42.05,684.82
2026-05-13T16:50:10,42.05,684.82
2026-05-13T16:50:15,40.98,667.18
2026-05-13T16:50:20,40.98,667.18
2026-05-13T16:50:25,40.65,673.93
2026-05-13T16:50:30,40.65,673.93
2026-05-13T16:50:35,40.69,687.85
2026-05-13T16:50:40,40.69,687.85
2026-05-13T16:50:45,40.77,685.19
2026-05-13T16:50:50,40.77,685.19
2026-05-13T16:50:55,40.61,675.18
2026-05-13T16:51:00,40.61,675.18
2026-05-13T16:51:05,40.41,684.7
2026-05-13T16:51:10,40.41,684.7
2026-05-13T16:51:15,40.83,697.17
2026-05-13T16:51:20,40.83,697.17
2026-05-13T16:51:25,40.41,670.68
2026-05-13T16:51:30,40.41,670.68
2026-05-13T16:51:35,39.74,662.03
2026-05-13T16:51:40,39.74,662.03
2026-05-13T16:51:45,40.55,677.81
2026-05-13T16:51:50,40.55,677.81
2026-05-13T16:51:55,40.81,672.78
2026-05-13T16:52:00,40.81,672.78
2026-05-13T16:52:05,40.08,673.11
2026-05-13T16:52:10,40.08,673.11
2026-05-13T16:52:15,40.06,670.46
2026-05-13T16:52:20,40.06,670.46
2026-05-13T16:52:25,40.51,666.09
2026-05-13T16:52:30,40.51,666.09
2026-05-13T16:52:35,40.03,682.62
2026-05-13T16:52:40,40.03,682.62
2026-05-13T16:52:45,39.72,685.12
2026-05-13T16:52:50,39.72,685.12
2026-05-13T16:52:55,39.78,670.28
2026-05-13T16:53:00,39.78,670.28
2026-05-13T16:53:05,39.86,682.89
2026-05-13T16:53:10,39.86,682.89
2026-05-13T16:53:15,40.42,706.55
2026-05-13T16:53:20,40.42,706.55
2026-05-13T16:53:25,40.31,691.84
2026-05-13T16:53:30,40.31,691.84
2026-05-13T16:53:35,39.8,682.62
2026-05-13T16:53:40,39.8,682.62
2026-05-13T16:53:45,40.08,694.32
2026-05-13T16:53:50,40.08,694.32
2026-05-13T16:53:55,40.4,694.13
2026-05-13T16:54:00,40.4,694.13
2026-05-13T16:54:05,40.21,678.34
2026-05-13T16:54:10,40.21,678.34
2026-05-13T16:54:15,40.72,678.32
2026-05-13T16:54:20,40.72,678.32
2026-05-13T16:54:25,41.47,692.95
2026-05-13T16:54:30,41.47,692.95
2026-05-13T16:54:35,40.78,684.36
2026-05-13T16:54:40,40.78,684.36
2026-05-13T16:54:45,39.96,675.02
2026-05-13T16:54:50,39.96,675.02
2026-05-13T16:54:55,40.69,680.19
2026-05-13T16:55:00,40.69,680.19
2026-05-13T16:55:05,40.97,688.66
2026-05-13T16:55:10,40.97,688.66
2026-05-13T16:55:15,40.06,687.82
2026-05-13T16:55:20,40.06,687.82
2026-05-13T16:55:25,39.84,677.29
2026-05-13T16:55:30,39.84,677.29
2026-05-13T16:55:35,40.3,678.39
2026-05-13T16:55:40,40.3,678.39
2026-05-13T16:55:45,40.59,703.93
2026-05-13T16:55:50,40.59,703.93
2026-05-13T16:55:55,40.31,696.44
2026-05-13T16:56:00,40.31,696.44
2026-05-13T16:56:05,40.01,680.44
2026-05-13T16:56:10,40.01,680.44
2026-05-13T16:56:15,40.15,694.69
2026-05-13T16:56:20,40.15,694.69
2026-05-13T16:56:25,39.78,667.48
2026-05-13T16:56:30,39.78,667.48
2026-05-13T16:56:35,39.93,649.1
2026-05-13T16:56:40,39.93,649.1
2026-05-13T16:56:45,40.61,673.45
2026-05-13T16:56:50,40.61,673.45
2026-05-13T16:56:55,39.98,680.18
2026-05-13T16:57:00,39.98,680.18
2026-05-13T16:57:05,40.1,683.76
2026-05-13T16:57:10,40.1,683.76
2026-05-13T16:57:15,40.84,678.71
2026-05-13T16:57:20,40.84,678.71
2026-05-13T16:57:25,41.26,679.83
2026-05-13T16:57:30,41.26,679.83
2026-05-13T16:57:35,41.38,680.84
2026-05-13T16:57:40,41.38,680.84
2026-05-13T16:57:45,40.96,674.45
2026-05-13T16:57:50,40.96,674.45
2026-05-13T16:57:55,40.92,683.3
2026-05-13T16:58:00,40.92,683.3
2026-05-13T16:58:05,40.46,685.16
2026-05-13T16:58:10,40.46,685.16
2026-05-13T16:58:15,40.18,678.18
2026-05-13T16:58:20,40.18,678.18
2026-05-13T16:58:25,40.15,667.32
2026-05-13T16:58:30,40.15,667.32
2026-05-13T16:58:35,40.03,670.83
2026-05-13T16:58:40,40.03,670.83
2026-05-13T16:58:45,40.6,687.3
2026-05-13T16:58:50,40.6,687.3
2026-05-13T16:58:55,40.69,697.08
2026-05-13T16:59:00,40.69,697.08
2026-05-13T16:59:05,40.47,704.26
2026-05-13T16:59:10,40.47,704.26
2026-05-13T16:59:15,40.58,683.04
2026-05-13T16:59:20,40.58,683.04
2026-05-13T16:59:25,40.81,665.29
2026-05-13T16:59:30,40.81,665.29
2026-05-13T16:59:35,41.18,682.18
2026-05-13T16:59:40,41.18,682.18
2026-05-13T16:59:45,40.52,663.3
2026-05-13T16:59:50,40.52,663.3
2026-05-13T16:59:55,40.08,653.44
2026-05-13T17:00:00,40.08,653.44
2026-05-13T17:00:05,40.43,685.65
2026-05-13T17:00:10,40.43,685.65
2026-05-13T17:00:15,40.14,697.27
2026-05-13T17:00:20,40.14,697.27
2026-05-13T17:00:25,39.76,693.32
2026-05-13T17:00:30,39.76,693.32
2026-05-13T17:00:35,39.94,683.68
2026-05-13T17:00:40,39.94,683.68
2026-05-13T17:00:45,40.43,688.02
2026-05-13T17:00:50,40.43,688.02
2026-05-13T17:00:55,40.13,676.53
2026-05-13T17:01:00,40.13,676.53
2026-05-13T17:01:05,40.07,667.85
2026-05-13T17:01:10,40.07,667.85
2026-05-13T17:01:15,40.3,669.07
2026-05-13T17:01:20,40.3,669.07
2026-05-13T17:01:25,39.91,660.07
2026-05-13T17:01:30,39.91,660.07
2026-05-13T17:01:35,39.92,685.41
2026-05-13T17:01:40,39.92,685.41
2026-05-13T17:01:45,40.17,688.64
2026-05-13T17:01:50,40.17,688.64
2026-05-13T17:01:55,40.03,683.1
2026-05-13T17:02:00,40.03,683.1
2026-05-13T17:02:05,40.16,692.06
2026-05-13T17:02:10,40.16,692.06
2026-05-13T17:02:15,40.29,677.3
2026-05-13T17:02:20,40.29,677.3
2026-05-13T17:02:25,40.57,671.4
2026-05-13T17:02:30,40.57,671.4
2026-05-13T17:02:35,40.9,686.51
2026-05-13T17:02:40,40.9,686.51
2026-05-13T17:02:45,40.6,691.29
2026-05-13T17:02:50,40.6,691.29
2026-05-13T17:02:55,40.22,674.53
2026-05-13T17:03:00,40.22,674.53
2026-05-13T17:03:05,40.28,684.67
2026-05-13T17:03:10,40.28,684.67
2026-05-13T17:03:15,40.3,691.64
2026-05-13T17:03:20,40.3,691.64
2026-05-13T17:03:25,40.19,666.35
2026-05-13T17:03:30,40.19,666.35
2026-05-13T17:03:35,40.22,669.1
2026-05-13T17:03:40,40.22,669.1
2026-05-13T17:03:45,40.06,682.65
2026-05-13T17:03:50,40.06,682.65
2026-05-13T17:03:55,40.37,686.75
2026-05-13T17:04:00,40.37,686.75
2026-05-13T17:04:05,40.08,675.09
2026-05-13T17:04:10,40.08,675.09
2026-05-13T17:04:15,39.43,657.99
2026-05-13T17:04:20,39.43,657.99
2026-05-13T17:04:25,39.55,654.7
2026-05-13T17:04:30,39.55,654.7
2026-05-13T17:04:35,39.7,654.31
2026-05-13T17:04:40,39.7,654.31
2026-05-13T17:04:45,40.18,685.17
2026-05-13T17:04:50,40.18,685.17
2026-05-13T17:04:55,40.45,701.59
2026-05-13T17:05:00,40.45,701.59
2026-05-13T17:05:05,40.44,698.99
2026-05-13T17:05:10,40.44,698.99
2026-05-13T17:05:15,40.38,700.45
2026-05-13T17:05:20,40.38,700.45
2026-05-13T17:05:25,39.88,682.16
2026-05-13T17:05:30,39.88,682.16
2026-05-13T17:05:35,39.85,673.82
2026-05-13T17:05:40,39.85,673.82
2026-05-13T17:05:45,40.07,672.94
2026-05-13T17:05:50,40.07,672.94
2026-05-13T17:05:55,39.97,674.78
2026-05-13T17:06:00,39.97,674.78
2026-05-13T17:06:05,40.26,674.43
2026-05-13T17:06:10,40.26,674.43
2026-05-13T17:06:15,40.83,682.33
2026-05-13T17:06:20,40.83,682.33
2026-05-13T17:06:25,40.19,664.48
2026-05-13T17:06:30,40.19,664.48
2026-05-13T17:06:35,40.17,668.24
2026-05-13T17:06:40,40.17,668.24
2026-05-13T17:06:45,40.58,695.68
2026-05-13T17:06:50,40.58,695.68
2026-05-13T17:06:55,40.15,684.32
2026-05-13T17:07:00,40.15,684.32
2026-05-13T17:07:05,39.79,684.25
2026-05-13T17:07:10,39.79,684.25
2026-05-13T17:07:15,39.63,688.66
2026-05-13T17:07:20,39.63,688.66
2026-05-13T17:07:25,40.89,691.14
2026-05-13T17:07:30,40.89,691.14
2026-05-13T17:07:35,41.02,674.87
2026-05-13T17:07:40,41.02,674.87
2026-05-13T17:07:45,40.63,668.25
2026-05-13T17:07:50,40.63,668.25
2026-05-13T17:07:55,41.1,707.88
2026-05-13T17:08:00,41.1,707.88
2026-05-13T17:08:05,40.39,696.08
2026-05-13T17:08:10,40.39,696.08
2026-05-13T17:08:15,39.93,679.06
2026-05-13T17:08:20,39.93,679.06
2026-05-13T17:08:25,39.92,698.28
2026-05-13T17:08:30,39.92,698.28
2026-05-13T17:08:35,40.19,697.12
2026-05-13T17:08:40,40.19,697.12
2026-05-13T17:08:45,40.14,667.78
2026-05-13T17:08:50,40.14,667.78
2026-05-13T17:08:55,40.2,665.46
2026-05-13T17:09:00,40.2,665.46
2026-05-13T17:09:05,40.97,702.75
2026-05-13T17:09:10,40.97,702.75
2026-05-13T17:09:15,40.63,693.13
2026-05-13T17:09:20,40.63,693.13
2026-05-13T17:09:25,40.6,675.71
2026-05-13T17:09:30,40.6,675.71
2026-05-13T17:09:35,40.85,664.36
2026-05-13T17:09:40,40.85,664.36
2026-05-13T17:09:45,40.56,672.51
2026-05-13T17:09:50,40.56,672.51
2026-05-13T17:09:55,40.33,678.56
2026-05-13T17:10:00,40.33,678.56
2026-05-13T17:10:05,40.05,670.87
2026-05-13T17:10:10,40.05,670.87
2026-05-13T17:10:15,39.73,684.85
2026-05-13T17:10:20,39.73,684.85
2026-05-13T17:10:25,39.65,688.97
2026-05-13T17:10:30,39.65,688.97
2026-05-13T17:10:35,39.96,675.5
2026-05-13T17:10:40,39.96,675.5
2026-05-13T17:10:45,39.69,666.41
2026-05-13T17:10:50,39.69,666.41
2026-05-13T17:10:55,40.2,676.95
2026-05-13T17:11:00,40.2,676.95
2026-05-13T17:11:05,40.62,676.61
2026-05-13T17:11:10,40.62,676.61
2026-05-13T17:11:15,40.01,664.45
2026-05-13T17:11:20,40.01,664.45
2026-05-13T17:11:25,40.42,679.66
2026-05-13T17:11:30,40.42,679.66
2026-05-13T17:11:35,40.47,698.64
2026-05-13T17:11:40,40.47,698.64
2026-05-13T17:11:45,39.85,690.67
2026-05-13T17:11:50,39.85,690.67
2026-05-13T17:11:55,40.02,676.53
2026-05-13T17:12:00,40.02,676.53
2026-05-13T17:12:05,39.96,663.9
2026-05-13T17:12:10,39.96,663.9
2026-05-13T17:12:15,39.54,661.54
2026-05-13T17:12:20,39.54,661.54
2026-05-13T17:12:25,40.36,688.78
2026-05-13T17:12:30,40.36,688.78
2026-05-13T17:12:35,40.52,684.71
2026-05-13T17:12:40,40.52,684.71
2026-05-13T17:12:45,40.08,663.25
2026-05-13T17:12:50,40.08,663.25
2026-05-13T17:12:55,40.28,685.84
2026-05-13T17:13:00,40.28,685.84
2026-05-13T17:13:05,39.53,681.75
2026-05-13T17:13:10,39.53,681.75
2026-05-13T17:13:15,39.03,671.69
2026-05-13T17:13:20,39.03,671.69
2026-05-13T17:13:25,39.34,693.7
2026-05-13T17:13:30,39.34,693.7
2026-05-13T17:13:35,39.95,707.0
2026-05-13T17:13:40,39.95,707.0
2026-05-13T17:13:45,40.05,674.42
2026-05-13T17:13:50,40.05,674.42
2026-05-13T17:13:55,39.87,658.28
2026-05-13T17:14:00,39.87,658.28
2026-05-13T17:14:05,40.34,683.31
2026-05-13T17:14:10,40.34,683.31
2026-05-13T17:14:15,40.38,678.45
2026-05-13T17:14:20,40.38,678.45
2026-05-13T17:14:25,40.48,681.16
2026-05-13T17:14:30,40.48,681.16
2026-05-13T17:14:35,40.46,676.14
2026-05-13T17:14:40,40.46,676.14
2026-05-13T17:14:45,39.87,660.57
2026-05-13T17:14:50,39.87,660.57
2026-05-13T17:14:55,39.86,669.97
2026-05-13T17:15:00,39.86,669.97
2026-05-13T17:15:05,40.39,679.02
2026-05-13T17:15:10,40.39,679.02
2026-05-13T17:15:15,40.93,679.96
2026-05-13T17:15:20,40.93,679.96
2026-05-13T17:15:25,41.04,686.94
2026-05-13T17:15:30,41.04,686.94
2026-05-13T17:15:35,40.58,682.1
2026-05-13T17:15:40,40.58,682.1
2026-05-13T17:15:45,40.5,683.14
2026-05-13T17:15:50,40.5,683.14
2026-05-13T17:15:55,40.48,692.43
2026-05-13T17:16:00,40.48,692.43
2026-05-13T17:16:05,39.89,675.76
2026-05-13T17:16:10,39.89,675.76
2026-05-13T17:16:15,40.42,683.31
2026-05-13T17:16:20,40.42,683.31
2026-05-13T17:16:25,41.11,703.91
2026-05-13T17:16:30,41.11,703.91
2026-05-13T17:16:35,40.42,689.27
2026-05-13T17:16:40,40.42,689.27
2026-05-13T17:16:45,40.25,681.14
2026-05-13T17:16:50,40.25,681.14
2026-05-13T17:16:55,40.35,684.45
2026-05-13T17:17:00,40.35,684.45
2026-05-13T17:17:05,40.04,681.71
2026-05-13T17:17:10,40.04,681.71
2026-05-13T17:17:15,40.01,680.0
2026-05-13T17:17:20,40.01,680.0
2026-05-13T17:17:25,40.44,675.72
2026-05-13T17:17:30,40.44,675.72
2026-05-13T17:17:35,40.91,693.09
2026-05-13T17:17:40,40.91,693.09
2026-05-13T17:17:45,40.67,674.83
2026-05-13T17:17:50,40.67,674.83
2026-05-13T17:17:55,40.38,665.54
2026-05-13T17:18:00,40.38,665.54
2026-05-13T17:18:05,40.01,681.16
2026-05-13T17:18:10,40.01,681.16
2026-05-13T17:18:15,39.72,671.85
2026-05-13T17:18:20,39.72,671.85
2026-05-13T17:18:25,40.42,667.25
2026-05-13T17:18:30,40.42,667.25
2026-05-13T17:18:35,40.7,663.32
2026-05-13T17:18:40,40.7,663.32
2026-05-13T17:18:45,40.01,664.66
2026-05-13T17:18:50,40.01,664.66
2026-05-13T17:18:55,40.04,677.37
2026-05-13T17:19:00,40.04,677.37
2026-05-13T17:19:05,40.09,667.18
2026-05-13T17:19:10,40.09,667.18
2026-05-13T17:19:15,40.52,669.29
2026-05-13T17:19:20,40.52,669.29
2026-05-13T17:19:25,40.48,680.1
2026-05-13T17:19:30,40.48,680.1
2026-05-13T17:19:35,40.23,675.87
2026-05-13T17:19:40,40.23,675.87
2026-05-13T17:19:45,40.8,689.44
2026-05-13T17:19:50,40.8,689.44
2026-05-13T17:19:55,41.16,690.19
2026-05-13T17:20:00,41.16,690.19
2026-05-13T17:20:05,41.29,678.56
2026-05-13T17:20:10,41.29,678.56
2026-05-13T17:20:15,41.13,663.54
2026-05-13T17:20:20,41.13,663.54
2026-05-13T17:20:25,40.71,665.48
2026-05-13T17:20:30,40.71,665.48
2026-05-13T17:20:35,40.53,672.13
2026-05-13T17:20:40,40.53,672.13
2026-05-13T17:20:45,41.02,670.98
2026-05-13T17:20:50,41.02,670.98
2026-05-13T17:20:55,42.08,689.45
2026-05-13T17:21:00,42.08,689.45
2026-05-13T17:21:05,42.29,689.87
2026-05-13T17:21:10,42.29,689.87
2026-05-13T17:21:15,41.37,679.81
2026-05-13T17:21:20,41.37,679.81
2026-05-13T17:21:25,41.79,675.31
2026-05-13T17:21:30,41.79,675.31
2026-05-13T17:21:35,42.12,681.53
2026-05-13T17:21:40,42.12,681.53
2026-05-13T17:21:45,41.8,714.59
2026-05-13T17:21:50,41.8,714.59
2026-05-13T17:21:55,41.41,706.22
2026-05-13T17:22:00,41.41,706.22
2026-05-13T17:22:05,41.43,679.82
2026-05-13T17:22:10,41.43,679.82
2026-05-13T17:22:15,41.84,698.78
2026-05-13T17:22:20,41.84,698.78
2026-05-13T17:22:25,41.66,698.63
2026-05-13T17:22:30,41.66,698.63
2026-05-13T17:22:35,40.77,666.49
2026-05-13T17:22:40,40.77,666.49
2026-05-13T17:22:45,41.63,674.14
2026-05-13T17:22:50,41.63,674.14
2026-05-13T17:22:55,42.14,697.33
2026-05-13T17:23:00,42.14,697.33
2026-05-13T17:23:05,41.21,676.5
2026-05-13T17:23:10,41.21,676.5
2026-05-13T17:23:15,41.53,658.93
2026-05-13T17:23:20,41.53,658.93
2026-05-13T17:23:25,41.52,692.72
2026-05-13T17:23:30,41.52,692.72
2026-05-13T17:23:35,41.29,700.44
2026-05-13T17:23:40,41.29,700.44
2026-05-13T17:23:45,41.24,676.08
2026-05-13T17:23:50,41.24,676.08
2026-05-13T17:23:55,41.86,682.7
2026-05-13T17:24:00,41.86,682.7
2026-05-13T17:24:05,42.11,688.9
2026-05-13T17:24:10,42.11,688.9
2026-05-13T17:24:15,41.76,678.8
2026-05-13T17:24:20,41.76,678.8
2026-05-13T17:24:25,41.39,691.51
2026-05-13T17:24:30,41.39,691.51
2026-05-13T17:24:35,40.6,685.4
2026-05-13T17:24:40,40.6,685.4
2026-05-13T17:24:45,40.32,668.29
2026-05-13T17:24:50,40.32,668.29
2026-05-13T17:24:55,40.67,674.1
2026-05-13T17:25:00,40.67,674.1
2026-05-13T17:25:05,41.02,670.0
2026-05-13T17:25:10,41.02,670.0
2026-05-13T17:25:15,40.8,674.21
2026-05-13T17:25:20,40.8,674.21
2026-05-13T17:25:25,40.49,672.1
2026-05-13T17:25:30,40.49,672.1
2026-05-13T17:25:35,40.03,662.95
2026-05-13T17:25:40,40.03,662.95
2026-05-13T17:25:45,40.01,651.55
2026-05-13T17:25:50,40.01,651.55
2026-05-13T17:25:55,40.32,649.19
2026-05-13T17:26:00,40.32,649.19
2026-05-13T17:26:05,40.34,664.22
2026-05-13T17:26:10,40.34,664.22
2026-05-13T17:26:15,40.4,661.73
2026-05-13T17:26:20,40.4,661.73
2026-05-13T17:26:25,39.68,653.3
2026-05-13T17:26:30,39.68,653.3
2026-05-13T17:26:35,39.79,649.52
2026-05-13T17:26:40,39.79,649.52
2026-05-13T17:26:45,40.47,659.57
2026-05-13T17:26:50,40.47,659.57
2026-05-13T17:26:55,40.72,673.18
2026-05-13T17:27:00,40.72,673.18
2026-05-13T17:27:05,40.78,680.89
2026-05-13T17:27:10,40.78,680.89
2026-05-13T17:27:15,40.15,688.92
2026-05-13T17:27:20,40.15,688.92
2026-05-13T17:27:25,40.87,708.99
2026-05-13T17:27:30,40.87,708.99
2026-05-13T17:27:35,41.07,710.42
2026-05-13T17:27:40,41.07,710.42
2026-05-13T17:27:45,40.34,686.05
2026-05-13T17:27:50,40.34,686.05
2026-05-13T17:27:55,40.35,668.06
2026-05-13T17:28:00,40.35,668.06
2026-05-13T17:28:05,40.65,679.39
2026-05-13T17:28:10,40.65,679.39
2026-05-13T17:28:15,40.55,682.49
2026-05-13T17:28:20,40.55,682.49
2026-05-13T17:28:25,40.17,671.88
2026-05-13T17:28:30,40.17,671.88
2026-05-13T17:28:35,40.7,692.35
2026-05-13T17:28:40,40.7,692.35
2026-05-13T17:28:45,40.39,678.87
2026-05-13T17:28:50,40.39,678.87
2026-05-13T17:28:55,40.05,669.26
2026-05-13T17:29:00,40.05,669.26
2026-05-13T17:29:05,40.27,687.76
2026-05-13T17:29:10,40.27,687.76
2026-05-13T17:29:15,40.19,680.78
2026-05-13T17:29:20,40.19,680.78
2026-05-13T17:29:25,40.4,674.63
2026-05-13T17:29:30,40.4,674.63
2026-05-13T17:29:35,40.61,681.66
2026-05-13T17:29:40,40.61,681.66
2026-05-13T17:29:45,40.49,693.88
2026-05-13T17:29:50,40.49,693.88
2026-05-13T17:29:55,40.15,684.82
2026-05-13T17:30:00,40.15,684.82
2026-05-13T17:30:05,39.85,662.14
2026-05-13T17:30:10,39.85,662.14
2026-05-13T17:30:15,39.83,660.59
2026-05-13T17:30:20,39.83,660.59
2026-05-13T17:30:25,39.81,678.5
2026-05-13T17:30:30,39.81,678.5
2026-05-13T17:30:35,40.08,689.05
2026-05-13T17:30:40,40.08,689.05
2026-05-13T17:30:45,40.65,693.37
2026-05-13T17:30:50,40.65,693.37
2026-05-13T17:30:55,40.66,687.05
2026-05-13T17:31:00,40.66,687.05
2026-05-13T17:31:05,39.59,663.19
2026-05-13T17:31:10,39.59,663.19
2026-05-13T17:31:15,39.33,663.59
2026-05-13T17:31:20,39.33,663.59
2026-05-13T17:31:25,40.09,664.23
2026-05-13T17:31:30,40.09,664.23
2026-05-13T17:31:35,40.05,654.41
2026-05-13T17:31:40,40.05,654.41
2026-05-13T17:31:45,39.68,662.11
2026-05-13T17:31:50,39.68,662.11
2026-05-13T17:31:55,39.92,664.65
2026-05-13T17:32:00,39.92,664.65
2026-05-13T17:32:05,45.9,661.55
2026-05-13T17:32:10,45.9,661.55
2026-05-13T17:32:15,45.59,659.78
2026-05-13T17:32:20,45.59,659.78
2026-05-13T17:32:25,40.12,682.04
2026-05-13T17:32:30,40.12,682.04
2026-05-13T17:32:35,40.69,694.68
2026-05-13T17:32:40,40.69,694.68
2026-05-13T17:32:45,40.13,670.0
2026-05-13T17:32:50,40.13,670.0
2026-05-13T17:32:55,40.07,677.95
2026-05-13T17:33:00,40.07,677.95
2026-05-13T17:33:05,40.5,688.82
2026-05-13T17:33:10,40.5,688.82
2026-05-13T17:33:15,40.72,686.12
2026-05-13T17:33:20,40.72,686.12
2026-05-13T17:33:25,40.62,671.21
2026-05-13T17:33:30,40.62,671.21
2026-05-13T17:33:35,39.93,660.44
2026-05-13T17:33:40,39.93,660.44
2026-05-13T17:33:45,39.82,687.22
2026-05-13T17:33:50,39.82,687.22
2026-05-13T17:33:55,40.44,690.05
2026-05-13T17:34:00,40.44,690.05
2026-05-13T17:34:05,40.12,668.85
2026-05-13T17:34:10,40.12,668.85
2026-05-13T17:34:15,40.09,682.56
2026-05-13T17:34:20,40.09,682.56
2026-05-13T17:34:25,39.96,691.66
2026-05-13T17:34:30,39.96,691.66
2026-05-13T17:34:35,39.46,672.15
2026-05-13T17:34:40,39.46,672.15
2026-05-13T17:34:45,40.27,666.52
2026-05-13T17:34:50,40.27,666.52
2026-05-13T17:34:55,40.3,666.93
2026-05-13T17:35:00,40.3,666.93
2026-05-13T17:35:05,40.06,683.26
2026-05-13T17:35:10,40.06,683.26
2026-05-13T17:35:15,40.29,711.26
2026-05-13T17:35:20,40.29,711.26
2026-05-13T17:35:25,41.12,709.25
2026-05-13T17:35:30,41.12,709.25
2026-05-13T17:35:35,41.1,691.95
2026-05-13T17:35:40,41.1,691.95
2026-05-13T17:35:45,40.54,692.98
2026-05-13T17:35:50,40.54,692.98
2026-05-13T17:35:55,40.77,688.64
2026-05-13T17:36:00,40.77,688.64
2026-05-13T17:36:05,40.4,660.66
2026-05-13T17:36:10,40.4,660.66
2026-05-13T17:36:15,40.15,650.91
2026-05-13T17:36:20,40.15,650.91
2026-05-13T17:36:25,40.45,667.22
2026-05-13T17:36:30,40.45,667.22
2026-05-13T17:36:35,40.54,682.47
2026-05-13T17:36:40,40.54,682.47
2026-05-13T17:36:45,40.83,694.4
2026-05-13T17:36:50,40.83,694.4
2026-05-13T17:36:55,40.75,680.57
2026-05-13T17:37:00,40.75,680.57
2026-05-13T17:37:05,40.44,682.78
2026-05-13T17:37:10,40.44,682.78
2026-05-13T17:37:15,40.65,693.46
2026-05-13T17:37:20,40.65,693.46
2026-05-13T17:37:25,40.87,694.67
2026-05-13T17:37:30,40.87,694.67
2026-05-13T17:37:35,40.49,685.97
2026-05-13T17:37:40,40.49,685.97
2026-05-13T17:37:45,40.06,667.41
2026-05-13T17:37:50,40.06,667.41
2026-05-13T17:37:55,39.68,664.81
2026-05-13T17:38:00,39.68,664.81
2026-05-13T17:38:05,39.8,661.45
2026-05-13T17:38:10,39.8,661.45
2026-05-13T17:38:15,40.2,665.45
2026-05-13T17:38:20,40.2,665.45
2026-05-13T17:38:25,40.12,660.2
2026-05-13T17:38:30,40.12,660.2
2026-05-13T17:38:35,40.63,670.44
2026-05-13T17:38:40,40.63,670.44
2026-05-13T17:38:45,41.09,688.57
2026-05-13T17:38:50,41.09,688.57
2026-05-13T17:38:55,40.66,678.19
2026-05-13T17:39:00,40.66,678.19
2026-05-13T17:39:05,40.58,677.12
2026-05-13T17:39:10,40.58,677.12
2026-05-13T17:39:15,40.59,665.67
2026-05-13T17:39:20,40.59,665.67
2026-05-13T17:39:25,40.59,673.43
2026-05-13T17:39:30,40.59,673.43
2026-05-13T17:39:35,40.7,694.36
2026-05-13T17:39:40,40.7,694.36
2026-05-13T17:39:45,40.34,686.55
2026-05-13T17:39:50,40.34,686.55
2026-05-13T17:39:55,40.23,686.93
2026-05-13T17:40:00,40.23,686.93
2026-05-13T17:40:05,40.25,701.88
2026-05-13T17:40:10,40.25,701.88
2026-05-13T17:40:15,40.11,697.03
2026-05-13T17:40:20,40.11,697.03
2026-05-13T17:40:25,40.25,687.83
2026-05-13T17:40:30,40.25,687.83
2026-05-13T17:40:35,40.28,692.4
2026-05-13T17:40:40,40.28,692.4
2026-05-13T17:40:45,40.48,689.08
2026-05-13T17:40:50,40.48,689.08
2026-05-13T17:40:55,40.14,684.18
2026-05-13T17:41:00,40.14,684.18
2026-05-13T17:41:05,40.15,687.79
2026-05-13T17:41:10,40.15,687.79
2026-05-13T17:41:15,40.83,688.27
2026-05-13T17:41:20,40.83,688.27
2026-05-13T17:41:25,41.25,701.5
2026-05-13T17:41:30,41.25,701.5
2026-05-13T17:41:35,41.51,709.76
2026-05-13T17:41:40,41.51,709.76
2026-05-13T17:41:45,40.77,687.9
2026-05-13T17:41:50,40.77,687.9
2026-05-13T17:41:55,40.28,682.12
2026-05-13T17:42:00,40.28,682.12
2026-05-13T17:42:05,40.15,686.44
2026-05-13T17:42:10,40.15,686.44
2026-05-13T17:42:15,40.21,685.47
2026-05-13T17:42:20,40.21,685.47
2026-05-13T17:42:25,40.12,672.89
2026-05-13T17:42:30,40.12,672.89
2026-05-13T17:42:35,40.12,678.53
2026-05-13T17:42:40,40.12,678.53
2026-05-13T17:42:45,40.39,683.83
2026-05-13T17:42:50,40.39,683.83
2026-05-13T17:42:55,39.91,663.83
2026-05-13T17:43:00,39.91,663.83
2026-05-13T17:43:05,40.03,646.1
2026-05-13T17:43:10,40.03,646.1
2026-05-13T17:43:15,40.23,650.93
2026-05-13T17:43:20,40.23,650.93
2026-05-13T17:43:25,39.79,664.87
2026-05-13T17:43:30,39.79,664.87
2026-05-13T17:43:35,40.29,690.88
2026-05-13T17:43:40,40.29,690.88
2026-05-13T17:43:45,40.63,705.96
2026-05-13T17:43:50,40.63,705.96
2026-05-13T17:43:55,40.69,694.54
2026-05-13T17:44:00,40.69,694.54
2026-05-13T17:44:05,40.38,674.27
2026-05-13T17:44:10,40.38,674.27
2026-05-13T17:44:15,40.27,671.46
2026-05-13T17:44:20,40.27,671.46
2026-05-13T17:44:25,40.26,681.67
2026-05-13T17:44:30,40.26,681.67
2026-05-13T17:44:35,40.13,675.79
2026-05-13T17:44:40,40.13,675.79
2026-05-13T17:44:45,40.64,685.92
2026-05-13T17:44:50,40.64,685.92
2026-05-13T17:44:55,40.24,673.23
2026-05-13T17:45:00,40.24,673.23
2026-05-13T17:45:05,39.73,650.35
2026-05-13T17:45:10,39.73,650.35
2026-05-13T17:45:15,39.71,650.63
2026-05-13T17:45:20,39.71,650.63
2026-05-13T17:45:25,39.25,644.56
2026-05-13T17:45:30,39.25,644.56
2026-05-13T17:45:35,39.78,659.97
2026-05-13T17:45:40,39.78,659.97
2026-05-13T17:45:45,39.98,687.65
2026-05-13T17:45:50,39.98,687.65
2026-05-13T17:45:55,39.55,688.75
2026-05-13T17:46:00,39.55,688.75
2026-05-13T17:46:05,40.03,690.8
2026-05-13T17:46:10,40.03,690.8
2026-05-13T17:46:15,40.11,668.68
2026-05-13T17:46:20,40.11,668.68
2026-05-13T17:46:25,40.21,661.62
2026-05-13T17:46:30,40.21,661.62
2026-05-13T17:46:35,40.54,689.87
2026-05-13T17:46:40,40.54,689.87
2026-05-13T17:46:45,40.31,681.53
2026-05-13T17:46:50,40.31,681.53
2026-05-13T17:46:55,39.68,651.06
2026-05-13T17:47:00,39.68,651.06
2026-05-13T17:47:05,39.93,669.33
2026-05-13T17:47:10,39.93,669.33
2026-05-13T17:47:15,40.76,695.04
2026-05-13T17:47:20,40.76,695.04
2026-05-13T17:47:25,40.61,675.27
2026-05-13T17:47:30,40.61,675.27
2026-05-13T17:47:35,39.67,667.93
2026-05-13T17:47:40,39.67,667.93
2026-05-13T17:47:45,39.86,687.05
2026-05-13T17:47:50,39.86,687.05
2026-05-13T17:47:55,40.65,686.43
2026-05-13T17:48:00,40.65,686.43
2026-05-13T17:48:05,40.31,660.56
2026-05-13T17:48:10,40.31,660.56
2026-05-13T17:48:15,39.71,662.06
2026-05-13T17:48:20,39.71,662.06
2026-05-13T17:48:25,40.31,679.82
2026-05-13T17:48:30,40.31,679.82
2026-05-13T17:48:35,40.55,681.54
2026-05-13T17:48:40,40.55,681.54
2026-05-13T17:48:45,40.53,689.79
2026-05-13T17:48:50,40.53,689.79
2026-05-13T17:48:55,40.62,673.53
2026-05-13T17:49:00,40.62,673.53
2026-05-13T17:49:05,40.63,664.85
2026-05-13T17:49:10,40.63,664.85
2026-05-13T17:49:15,40.74,683.17
2026-05-13T17:49:20,40.74,683.17
2026-05-13T17:49:25,40.29,689.94
2026-05-13T17:49:30,40.29,689.94
2026-05-13T17:49:35,40.0,680.51
2026-05-13T17:49:40,40.0,680.51
2026-05-13T17:49:45,40.08,662.36
2026-05-13T17:49:50,40.08,662.36
2026-05-13T17:49:55,40.61,672.83
2026-05-13T17:50:00,40.61,672.83
2026-05-13T17:50:05,40.57,686.94
2026-05-13T17:50:10,40.57,686.94
2026-05-13T17:50:15,40.62,709.95
2026-05-13T17:50:20,40.62,709.95
2026-05-13T17:50:25,40.27,709.81
2026-05-13T17:50:30,40.27,709.81
2026-05-13T17:50:35,40.19,682.39
2026-05-13T17:50:40,40.19,682.39
2026-05-13T17:50:45,40.79,678.7
2026-05-13T17:50:50,40.79,678.7
2026-05-13T17:50:55,40.61,674.55
2026-05-13T17:51:00,40.61,674.55
2026-05-13T17:51:05,40.16,681.61
2026-05-13T17:51:10,40.16,681.61
2026-05-13T17:51:15,40.43,690.89
2026-05-13T17:51:20,40.43,690.89
2026-05-13T17:51:25,41.01,685.57
2026-05-13T17:51:30,41.01,685.57
2026-05-13T17:51:35,40.73,677.31
2026-05-13T17:51:40,40.73,677.31
2026-05-13T17:51:45,40.24,677.44
2026-05-13T17:51:50,40.24,677.44
2026-05-13T17:51:55,40.42,696.93
2026-05-13T17:52:00,40.42,696.93
2026-05-13T17:52:05,40.9,705.61
2026-05-13T17:52:10,40.9,705.61
2026-05-13T17:52:15,40.18,702.49
2026-05-13T17:52:20,40.18,702.49
2026-05-13T17:52:25,40.21,709.56
2026-05-13T17:52:30,40.21,709.56
2026-05-13T17:52:35,40.63,689.06
2026-05-13T17:52:40,40.63,689.06
2026-05-13T17:52:45,40.51,673.15
2026-05-13T17:52:50,40.51,673.15
2026-05-13T17:52:55,40.79,680.3
2026-05-13T17:53:00,40.79,680.3
2026-05-13T17:53:05,40.63,679.36
2026-05-13T17:53:10,40.63,679.36
2026-05-13T17:53:15,40.87,686.78
2026-05-13T17:53:20,40.87,686.78
2026-05-13T17:53:25,40.86,670.49
2026-05-13T17:53:30,40.86,670.49
2026-05-13T17:53:35,40.4,659.95
2026-05-13T17:53:40,40.4,659.95
2026-05-13T17:53:45,41.45,696.32
2026-05-13T17:53:50,41.45,696.32
2026-05-13T17:53:55,42.27,707.95
2026-05-13T17:54:00,42.27,707.95
2026-05-13T17:54:05,41.26,676.81
2026-05-13T17:54:10,41.26,676.81
2026-05-13T17:54:15,40.8,681.86
2026-05-13T17:54:20,40.8,681.86
2026-05-13T17:54:25,41.04,691.83
2026-05-13T17:54:30,41.04,691.83
2026-05-13T17:54:35,41.14,699.8
2026-05-13T17:54:40,41.14,699.8
2026-05-13T17:54:45,40.68,687.8
2026-05-13T17:54:50,40.68,687.8
2026-05-13T17:54:55,44.72,665.55
2026-05-13T17:55:00,44.72,665.55
2026-05-13T17:55:05,50.48,683.19
2026-05-13T17:55:10,50.48,683.19
2026-05-13T17:55:15,47.72,699.22
2026-05-13T17:55:20,47.72,699.22
2026-05-13T17:55:25,43.33,708.69
2026-05-13T17:55:30,43.33,708.69
2026-05-13T17:55:35,42.33,710.45
2026-05-13T17:55:40,42.33,710.45
2026-05-13T17:55:45,41.36,685.82
2026-05-13T17:55:50,41.36,685.82
2026-05-13T17:55:55,41.2,655.31
2026-05-13T17:56:00,41.2,655.31
2026-05-13T17:56:05,41.32,671.74
2026-05-13T17:56:10,41.32,671.74
2026-05-13T17:56:15,41.99,692.0
2026-05-13T17:56:20,41.99,692.0
2026-05-13T17:56:25,42.57,685.03
2026-05-13T17:56:30,42.57,685.03
2026-05-13T17:56:35,41.81,687.79
2026-05-13T17:56:40,41.81,687.79
2026-05-13T17:56:45,41.86,699.17
2026-05-13T17:56:50,41.86,699.17
2026-05-13T17:56:55,42.02,678.96
2026-05-13T17:57:00,42.02,678.96
2026-05-13T17:57:05,41.57,665.65
2026-05-13T17:57:10,41.57,665.65
2026-05-13T17:57:15,41.78,685.67
2026-05-13T17:57:20,41.78,685.67
2026-05-13T17:57:25,41.6,682.11
2026-05-13T17:57:30,41.6,682.11
2026-05-13T17:57:35,41.31,693.18
2026-05-13T17:57:40,41.31,693.18
2026-05-13T17:57:45,41.96,715.83
2026-05-13T17:57:50,41.96,715.83
2026-05-13T17:57:55,42.09,691.53
2026-05-13T17:58:00,42.09,691.53
2026-05-13T17:58:05,41.85,684.27
2026-05-13T17:58:10,41.85,684.27
2026-05-13T17:58:15,41.72,692.82
2026-05-13T17:58:20,41.72,692.82
2026-05-13T17:58:25,41.54,689.11
2026-05-13T17:58:30,41.54,689.11
2026-05-13T17:58:35,40.98,677.59
2026-05-13T17:58:40,40.98,677.59
2026-05-13T17:58:45,40.61,668.65
2026-05-13T17:58:50,40.61,668.65
2026-05-13T17:58:55,40.6,674.94
2026-05-13T17:59:00,40.6,674.94
2026-05-13T17:59:05,40.22,679.44
2026-05-13T17:59:10,40.22,679.44
2026-05-13T17:59:15,40.66,676.28
2026-05-13T17:59:20,40.66,676.28
2026-05-13T17:59:25,40.98,672.28
2026-05-13T17:59:30,40.98,672.28
2026-05-13T17:59:35,40.68,691.52
2026-05-13T17:59:40,40.68,691.52
2026-05-13T17:59:45,40.6,694.32
2026-05-13T17:59:50,40.6,694.32
2026-05-13T17:59:55,40.9,694.18
2026-05-13T18:00:00,40.9,694.18
2026-05-13T18:00:05,40.07,686.61
2026-05-13T18:00:10,40.07,686.61
2026-05-13T18:00:15,39.47,677.09
2026-05-13T18:00:20,39.47,677.09
2026-05-13T18:00:25,40.13,694.83
2026-05-13T18:00:30,40.13,694.83
2026-05-13T18:00:35,40.17,686.92
2026-05-13T18:00:40,40.17,686.92
2026-05-13T18:00:45,40.03,678.3
2026-05-13T18:00:50,40.03,678.3
2026-05-13T18:00:55,39.94,672.18
2026-05-13T18:01:00,39.94,672.18
2026-05-13T18:01:05,39.68,652.43
2026-05-13T18:01:10,39.68,652.43
2026-05-13T18:01:15,39.68,651.1
2026-05-13T18:01:20,39.68,651.1
2026-05-13T18:01:25,39.44,660.24
2026-05-13T18:01:30,39.44,660.24
2026-05-13T18:01:35,38.19,635.32
2026-05-13T18:01:40,38.19,635.32
2026-05-13T18:01:45,36.84,614.88
2026-05-13T18:01:50,36.84,614.88
2026-05-13T18:01:55,35.48,602.72
2026-05-13T18:02:00,35.48,602.72
2026-05-13T18:02:05,33.77,572.63
2026-05-13T18:02:10,33.77,572.63
2026-05-13T18:02:15,32.44,546.94
2026-05-13T18:02:20,32.44,546.94
2026-05-13T18:02:25,31.33,524.82
2026-05-13T18:02:30,31.33,524.82
2026-05-13T18:02:35,30.23,508.48
2026-05-13T18:02:40,30.23,508.48
2026-05-13T18:02:45,28.92,487.49
2026-05-13T18:02:50,28.92,487.49
2026-05-13T18:02:55,27.25,464.97
2026-05-13T18:03:00,27.25,464.97
2026-05-13T18:03:05,25.71,432.05
2026-05-13T18:03:10,25.71,432.05
2026-05-13T18:03:15,24.97,417.53
2026-05-13T18:03:20,24.97,417.53
2026-05-13T18:03:25,23.85,404.55
2026-05-13T18:03:30,23.85,404.55
2026-05-13T18:03:35,22.03,374.5
2026-05-13T18:03:40,22.03,374.5
2026-05-13T18:03:45,20.43,334.34
2026-05-13T18:03:50,20.43,334.34
2026-05-13T18:03:55,18.77,296.01
2026-05-13T18:04:00,18.77,296.01
2026-05-13T18:04:05,17.6,282.87
2026-05-13T18:04:10,17.6,282.87
2026-05-13T18:04:15,16.38,265.28
2026-05-13T18:04:20,16.38,265.28
2026-05-13T18:04:25,14.97,249.03
2026-05-13T18:04:30,14.97,249.03
2026-05-13T18:04:35,13.88,237.19
2026-05-13T18:04:40,13.88,237.19
2026-05-13T18:04:45,12.64,206.15
2026-05-13T18:04:50,12.64,206.15
2026-05-13T18:04:55,11.06,168.98
2026-05-13T18:05:00,11.06,168.98
2026-05-13T18:05:05,9.59,153.38
2026-05-13T18:05:10,9.59,153.38
2026-05-13T18:05:15,8.43,141.5
2026-05-13T18:05:20,8.43,141.5
2026-05-13T18:05:25,7.3,124.11
2026-05-13T18:05:30,7.3,124.11
2026-05-13T18:05:35,6.04,102.08
2026-05-13T18:05:40,6.04,102.08
2026-05-13T18:05:45,4.62,72.1
2026-05-13T18:05:50,4.62,72.1
2026-05-13T18:05:55,3.2,47.78
2026-05-13T18:06:00,3.2,47.78
2026-05-13T18:06:05,1.98,26.82
2026-05-13T18:06:10,1.98,26.82
2026-05-13T18:06:15,0.97,8.5
2026-05-13T18:06:20,0.97,8.5
2026-05-13T18:06:25,0.42,0.92
2026-05-13T18:06:30,0.42,0.92
2026-05-13T18:06:35,0.3,1.13
2026-05-13T18:06:40,0.3,1.13
2026-05-13T18:06:45,0.31,1.73
2026-05-13T18:06:50,0.31,1.73
2026-05-13T18:06:55,0.27,1.84
2026-05-13T18:07:00,0.21,1.46
