timestamp,net_rx_kb_s,net_tx_kb_s
2026-05-13T18:08:04,0.12,0.62
2026-05-13T18:08:09,0.12,0.62
2026-05-13T18:08:14,0.21,1.23
2026-05-13T18:08:19,0.21,1.23
2026-05-13T18:08:24,0.48,3.52
2026-05-13T18:08:29,0.48,3.52
2026-05-13T18:08:34,0.46,3.47
2026-05-13T18:08:39,0.46,3.47
2026-05-13T18:08:44,0.51,4.7
2026-05-13T18:08:49,0.51,4.7
2026-05-13T18:08:54,1.67,16.05
2026-05-13T18:08:59,1.67,16.05
2026-05-13T18:09:04,3.03,31.58
2026-05-13T18:09:09,3.03,31.58
2026-05-13T18:09:14,4.19,48.03
2026-05-13T18:09:19,4.19,48.03
2026-05-13T18:09:24,5.81,68.94
2026-05-13T18:09:29,5.81,68.94
2026-05-13T18:09:34,7.52,92.67
2026-05-13T18:09:39,7.52,92.67
2026-05-13T18:09:44,9.1,122.62
2026-05-13T18:09:49,9.1,122.62
2026-05-13T18:09:54,10.6,147.65
2026-05-13T18:09:59,10.6,147.65
2026-05-13T18:10:04,11.76,159.56
2026-05-13T18:10:09,11.76,159.56
2026-05-13T18:10:14,13.35,182.74
2026-05-13T18:10:19,13.35,182.74
2026-05-13T18:10:24,14.96,210.05
2026-05-13T18:10:29,14.96,210.05
2026-05-13T18:10:34,16.51,237.86
2026-05-13T18:10:39,16.51,237.86
2026-05-13T18:10:44,18.16,264.75
2026-05-13T18:10:49,18.16,264.75
2026-05-13T18:10:54,19.07,281.48
2026-05-13T18:10:59,19.07,281.48
2026-05-13T18:11:04,20.64,309.45
2026-05-13T18:11:09,20.64,309.45
2026-05-13T18:11:14,22.36,327.07
2026-05-13T18:11:19,22.36,327.07
2026-05-13T18:11:24,23.67,337.05
2026-05-13T18:11:29,23.67,337.05
2026-05-13T18:11:34,25.27,369.92
2026-05-13T18:11:39,25.27,369.92
2026-05-13T18:11:44,26.22,387.48
2026-05-13T18:11:49,26.22,387.48
2026-05-13T18:11:54,27.11,385.97
2026-05-13T18:11:59,27.11,385.97
2026-05-13T18:12:04,29.01,414.34
2026-05-13T18:12:09,29.01,414.34
2026-05-13T18:12:14,30.99,453.24
2026-05-13T18:12:19,30.99,453.24
2026-05-13T18:12:24,32.53,484.4
2026-05-13T18:12:29,32.53,484.4
2026-05-13T18:12:34,33.82,508.51
2026-05-13T18:12:39,33.82,508.51
2026-05-13T18:12:44,35.17,509.47
2026-05-13T18:12:49,35.17,509.47
2026-05-13T18:12:54,36.75,532.81
2026-05-13T18:12:59,36.75,532.81
2026-05-13T18:13:04,39.05,584.65
2026-05-13T18:13:09,39.05,584.65
2026-05-13T18:13:14,40.35,606.6
2026-05-13T18:13:19,40.35,606.6
2026-05-13T18:13:24,40.88,606.06
2026-05-13T18:13:29,40.88,606.06
2026-05-13T18:13:34,42.68,621.7
2026-05-13T18:13:39,42.68,621.7
2026-05-13T18:13:44,44.6,656.17
2026-05-13T18:13:49,44.6,656.17
2026-05-13T18:13:54,44.87,675.16
2026-05-13T18:13:59,44.87,675.16
2026-05-13T18:14:04,44.18,669.52
2026-05-13T18:14:09,44.18,669.52
2026-05-13T18:14:14,44.02,678.49
2026-05-13T18:14:19,44.02,678.49
2026-05-13T18:14:24,44.1,685.6
2026-05-13T18:14:29,44.1,685.6
2026-05-13T18:14:34,44.44,687.32
2026-05-13T18:14:39,44.44,687.32
2026-05-13T18:14:44,44.21,665.31
2026-05-13T18:14:49,44.21,665.31
2026-05-13T18:14:54,44.11,663.66
2026-05-13T18:14:59,44.11,663.66
2026-05-13T18:15:04,43.9,675.01
2026-05-13T18:15:09,43.9,675.01
2026-05-13T18:15:14,43.88,676.82
2026-05-13T18:15:19,43.88,676.82
2026-05-13T18:15:24,43.95,677.43
2026-05-13T18:15:29,43.95,677.43
2026-05-13T18:15:34,44.02,684.94
2026-05-13T18:15:39,44.02,684.94
2026-05-13T18:15:44,44.39,693.63
2026-05-13T18:15:49,44.39,693.63
2026-05-13T18:15:54,44.2,668.4
2026-05-13T18:15:59,44.2,668.4
2026-05-13T18:16:04,44.48,666.61
2026-05-13T18:16:09,44.48,666.61
2026-05-13T18:16:14,44.28,673.4
2026-05-13T18:16:19,44.28,673.4
2026-05-13T18:16:24,44.56,693.1
2026-05-13T18:16:29,44.56,693.1
2026-05-13T18:16:34,44.11,675.81
2026-05-13T18:16:39,44.11,675.81
2026-05-13T18:16:44,43.75,659.59
2026-05-13T18:16:49,43.75,659.59
2026-05-13T18:16:54,44.89,683.27
2026-05-13T18:16:59,44.89,683.27
2026-05-13T18:17:04,44.2,666.78
2026-05-13T18:17:09,44.2,666.78
2026-05-13T18:17:14,43.89,677.47
2026-05-13T18:17:19,43.89,677.47
2026-05-13T18:17:24,44.52,686.23
2026-05-13T18:17:29,44.52,686.23
2026-05-13T18:17:34,44.25,665.05
2026-05-13T18:17:39,44.25,665.05
2026-05-13T18:17:44,44.09,681.84
2026-05-13T18:17:49,44.09,681.84
2026-05-13T18:17:54,44.0,682.17
2026-05-13T18:17:59,44.0,682.17
2026-05-13T18:18:04,43.7,674.04
2026-05-13T18:18:09,43.7,674.04
2026-05-13T18:18:14,44.14,683.23
2026-05-13T18:18:19,44.14,683.23
2026-05-13T18:18:24,44.15,683.21
2026-05-13T18:18:29,44.15,683.21
2026-05-13T18:18:34,43.88,671.48
2026-05-13T18:18:39,43.88,671.48
2026-05-13T18:18:44,43.95,661.3
2026-05-13T18:18:49,43.95,661.3
2026-05-13T18:18:54,43.43,647.49
2026-05-13T18:18:59,43.43,647.49
2026-05-13T18:19:04,43.94,667.22
2026-05-13T18:19:09,43.94,667.22
2026-05-13T18:19:14,44.2,677.05
2026-05-13T18:19:19,44.2,677.05
2026-05-13T18:19:24,43.84,654.34
2026-05-13T18:19:29,43.84,654.34
2026-05-13T18:19:34,44.1,646.72
2026-05-13T18:19:39,44.1,646.72
2026-05-13T18:19:44,44.17,646.0
2026-05-13T18:19:49,44.17,646.0
2026-05-13T18:19:54,44.18,677.42
2026-05-13T18:19:59,44.18,677.42
2026-05-13T18:20:04,44.1,690.81
2026-05-13T18:20:09,44.1,690.81
2026-05-13T18:20:14,43.92,682.43
2026-05-13T18:20:19,43.92,682.43
2026-05-13T18:20:24,43.81,679.61
2026-05-13T18:20:29,43.81,679.61
2026-05-13T18:20:34,43.93,666.69
2026-05-13T18:20:39,43.93,666.69
2026-05-13T18:20:44,43.84,653.43
2026-05-13T18:20:49,43.84,653.43
2026-05-13T18:20:54,44.04,666.64
2026-05-13T18:20:59,44.04,666.64
2026-05-13T18:21:04,43.84,670.11
2026-05-13T18:21:09,43.84,670.11
2026-05-13T18:21:14,43.53,659.05
2026-05-13T18:21:19,43.53,659.05
2026-05-13T18:21:24,43.8,659.78
2026-05-13T18:21:29,43.8,659.78
2026-05-13T18:21:34,43.63,652.5
2026-05-13T18:21:39,43.63,652.5
2026-05-13T18:21:44,44.28,691.72
2026-05-13T18:21:49,44.28,691.72
2026-05-13T18:21:54,44.71,708.81
2026-05-13T18:21:59,44.71,708.81
2026-05-13T18:22:04,43.91,692.74
2026-05-13T18:22:09,43.91,692.74
2026-05-13T18:22:14,44.29,691.59
2026-05-13T18:22:19,44.29,691.59
2026-05-13T18:22:24,44.98,690.4
2026-05-13T18:22:29,44.98,690.4
2026-05-13T18:22:34,44.65,685.89
2026-05-13T18:22:39,44.65,685.89
2026-05-13T18:22:44,44.31,677.76
2026-05-13T18:22:49,44.31,677.76
2026-05-13T18:22:54,44.24,694.63
2026-05-13T18:22:59,44.24,694.63
2026-05-13T18:23:04,43.76,683.41
2026-05-13T18:23:09,43.76,683.41
2026-05-13T18:23:14,43.62,664.79
2026-05-13T18:23:19,43.62,664.79
2026-05-13T18:23:24,44.21,693.7
2026-05-13T18:23:29,44.21,693.7
2026-05-13T18:23:34,44.53,707.86
2026-05-13T18:23:39,44.53,707.86
2026-05-13T18:23:44,44.18,686.77
2026-05-13T18:23:49,44.18,686.77
2026-05-13T18:23:54,44.25,682.86
2026-05-13T18:23:59,44.25,682.86
2026-05-13T18:24:04,44.42,681.14
2026-05-13T18:24:09,44.42,681.14
2026-05-13T18:24:14,43.93,671.35
2026-05-13T18:24:19,43.93,671.35
2026-05-13T18:24:24,44.26,668.21
2026-05-13T18:24:29,44.26,668.21
2026-05-13T18:24:34,44.17,675.4
2026-05-13T18:24:39,44.17,675.4
2026-05-13T18:24:44,43.75,682.07
2026-05-13T18:24:49,43.75,682.07
2026-05-13T18:24:54,44.22,679.44
2026-05-13T18:24:59,44.22,679.44
2026-05-13T18:25:04,44.43,673.06
2026-05-13T18:25:09,44.43,673.06
2026-05-13T18:25:14,44.47,683.19
2026-05-13T18:25:19,44.47,683.19
2026-05-13T18:25:24,44.33,690.78
2026-05-13T18:25:29,44.33,690.78
2026-05-13T18:25:34,44.62,693.23
2026-05-13T18:25:39,44.62,693.23
2026-05-13T18:25:44,44.54,695.51
2026-05-13T18:25:49,44.54,695.51
2026-05-13T18:25:54,43.99,682.32
2026-05-13T18:25:59,43.99,682.32
2026-05-13T18:26:04,44.5,677.44
2026-05-13T18:26:09,44.5,677.44
2026-05-13T18:26:14,44.38,674.21
2026-05-13T18:26:19,44.38,674.21
2026-05-13T18:26:24,44.0,672.32
2026-05-13T18:26:29,44.0,672.32
2026-05-13T18:26:34,44.32,679.57
2026-05-13T18:26:39,44.32,679.57
2026-05-13T18:26:44,45.08,691.2
2026-05-13T18:26:49,45.08,691.2
2026-05-13T18:26:54,45.25,694.42
2026-05-13T18:26:59,45.25,694.42
2026-05-13T18:27:04,44.58,677.96
2026-05-13T18:27:09,44.58,677.96
2026-05-13T18:27:14,44.2,682.2
2026-05-13T18:27:19,44.2,682.2
2026-05-13T18:27:24,44.3,690.68
2026-05-13T18:27:29,44.3,690.68
2026-05-13T18:27:34,44.44,672.44
2026-05-13T18:27:39,44.44,672.44
2026-05-13T18:27:44,44.21,676.16
2026-05-13T18:27:49,44.21,676.16
2026-05-13T18:27:54,43.81,671.09
2026-05-13T18:27:59,43.81,671.09
2026-05-13T18:28:04,43.71,661.16
2026-05-13T18:28:09,43.71,661.16
2026-05-13T18:28:14,43.96,679.14
2026-05-13T18:28:19,43.96,679.14
2026-05-13T18:28:24,50.12,690.73
2026-05-13T18:28:29,50.12,690.73
2026-05-13T18:28:34,50.44,699.83
2026-05-13T18:28:39,50.44,699.83
2026-05-13T18:28:44,44.25,694.18
2026-05-13T18:28:49,44.25,694.18
2026-05-13T18:28:54,43.65,676.15
2026-05-13T18:28:59,43.65,676.15
2026-05-13T18:29:04,43.17,649.54
2026-05-13T18:29:09,43.17,649.54
2026-05-13T18:29:14,43.4,642.86
2026-05-13T18:29:19,43.4,642.86
2026-05-13T18:29:24,44.04,670.02
2026-05-13T18:29:29,44.04,670.02
2026-05-13T18:29:34,43.49,655.93
2026-05-13T18:29:39,43.49,655.93
2026-05-13T18:29:44,43.32,658.32
2026-05-13T18:29:49,43.32,658.32
2026-05-13T18:29:54,43.95,671.41
2026-05-13T18:29:59,43.95,671.41
2026-05-13T18:30:04,43.92,666.07
2026-05-13T18:30:09,43.92,666.07
2026-05-13T18:30:14,43.18,665.23
2026-05-13T18:30:19,43.18,665.23
2026-05-13T18:30:24,43.2,661.87
2026-05-13T18:30:29,43.2,661.87
2026-05-13T18:30:34,43.36,657.1
2026-05-13T18:30:39,43.36,657.1
2026-05-13T18:30:44,43.0,649.16
2026-05-13T18:30:49,43.0,649.16
2026-05-13T18:30:54,43.62,677.06
2026-05-13T18:30:59,43.62,677.06
2026-05-13T18:31:04,44.24,695.77
2026-05-13T18:31:09,44.24,695.77
2026-05-13T18:31:14,44.52,691.53
2026-05-13T18:31:19,44.52,691.53
2026-05-13T18:31:24,44.07,688.39
2026-05-13T18:31:29,44.07,688.39
2026-05-13T18:31:34,43.99,677.28
2026-05-13T18:31:39,43.99,677.28
2026-05-13T18:31:44,44.28,663.46
2026-05-13T18:31:49,44.28,663.46
2026-05-13T18:31:54,44.27,671.73
2026-05-13T18:31:59,44.27,671.73
2026-05-13T18:32:04,44.3,684.12
2026-05-13T18:32:09,44.3,684.12
2026-05-13T18:32:14,43.73,681.94
2026-05-13T18:32:19,43.73,681.94
2026-05-13T18:32:24,44.28,690.79
2026-05-13T18:32:29,44.28,690.79
2026-05-13T18:32:34,44.66,699.17
2026-05-13T18:32:39,44.66,699.17
2026-05-13T18:32:44,44.48,702.35
2026-05-13T18:32:49,44.48,702.35
2026-05-13T18:32:54,44.48,687.73
2026-05-13T18:32:59,44.48,687.73
2026-05-13T18:33:04,44.25,680.74
2026-05-13T18:33:09,44.25,680.74
2026-05-13T18:33:14,44.79,701.16
2026-05-13T18:33:19,44.79,701.16
2026-05-13T18:33:24,44.57,708.37
2026-05-13T18:33:29,44.57,708.37
2026-05-13T18:33:34,43.83,684.72
2026-05-13T18:33:39,43.83,684.72
2026-05-13T18:33:44,43.46,651.65
2026-05-13T18:33:49,43.46,651.65
2026-05-13T18:33:54,43.55,655.65
2026-05-13T18:33:59,43.55,655.65
2026-05-13T18:34:04,43.51,666.07
2026-05-13T18:34:09,43.51,666.07
2026-05-13T18:34:14,43.72,665.6
2026-05-13T18:34:19,43.72,665.6
2026-05-13T18:34:24,44.16,669.93
2026-05-13T18:34:29,44.16,669.93
2026-05-13T18:34:34,43.85,675.52
2026-05-13T18:34:39,43.85,675.52
2026-05-13T18:34:44,44.01,682.93
2026-05-13T18:34:49,44.01,682.93
2026-05-13T18:34:54,44.35,691.53
2026-05-13T18:34:59,44.35,691.53
2026-05-13T18:35:04,44.12,687.85
2026-05-13T18:35:09,44.12,687.85
2026-05-13T18:35:14,43.67,669.06
2026-05-13T18:35:19,43.67,669.06
2026-05-13T18:35:24,44.0,663.42
2026-05-13T18:35:29,44.0,663.42
2026-05-13T18:35:34,44.26,674.19
2026-05-13T18:35:39,44.26,674.19
2026-05-13T18:35:44,44.32,689.55
2026-05-13T18:35:49,44.32,689.55
2026-05-13T18:35:54,44.66,691.01
2026-05-13T18:35:59,44.66,691.01
2026-05-13T18:36:04,44.15,672.89
2026-05-13T18:36:09,44.15,672.89
2026-05-13T18:36:14,44.29,675.82
2026-05-13T18:36:19,44.29,675.82
2026-05-13T18:36:24,44.44,681.36
2026-05-13T18:36:29,44.44,681.36
2026-05-13T18:36:34,43.55,674.97
2026-05-13T18:36:39,43.55,674.97
2026-05-13T18:36:44,43.47,682.5
2026-05-13T18:36:49,43.47,682.5
2026-05-13T18:36:54,44.12,689.25
2026-05-13T18:36:59,44.12,689.25
2026-05-13T18:37:04,45.67,675.19
2026-05-13T18:37:09,45.67,675.19
2026-05-13T18:37:14,45.64,661.15
2026-05-13T18:37:19,45.64,661.15
2026-05-13T18:37:24,44.47,677.32
2026-05-13T18:37:29,44.47,677.32
2026-05-13T18:37:34,44.39,677.51
2026-05-13T18:37:39,44.39,677.51
2026-05-13T18:37:44,44.38,664.8
2026-05-13T18:37:49,44.38,664.8
2026-05-13T18:37:54,44.14,662.77
2026-05-13T18:37:59,44.14,662.77
2026-05-13T18:38:04,44.17,673.6
2026-05-13T18:38:09,44.17,673.6
2026-05-13T18:38:14,44.7,676.87
2026-05-13T18:38:19,44.7,676.87
2026-05-13T18:38:24,44.93,676.16
2026-05-13T18:38:29,44.93,676.16
2026-05-13T18:38:34,44.85,693.08
2026-05-13T18:38:39,44.85,693.08
2026-05-13T18:38:44,44.79,696.92
2026-05-13T18:38:49,44.79,696.92
2026-05-13T18:38:54,44.49,684.9
2026-05-13T18:38:59,44.49,684.9
2026-05-13T18:39:04,43.69,652.79
2026-05-13T18:39:09,43.69,652.79
2026-05-13T18:39:14,43.6,658.63
2026-05-13T18:39:19,43.6,658.63
2026-05-13T18:39:24,43.93,680.13
2026-05-13T18:39:29,43.93,680.13
2026-05-13T18:39:34,44.03,676.85
2026-05-13T18:39:39,44.03,676.85
2026-05-13T18:39:44,43.9,654.23
2026-05-13T18:39:49,43.9,654.23
2026-05-13T18:39:54,43.8,640.21
2026-05-13T18:39:59,43.8,640.21
2026-05-13T18:40:04,43.97,660.65
2026-05-13T18:40:09,43.97,660.65
2026-05-13T18:40:14,43.54,681.32
2026-05-13T18:40:19,43.54,681.32
2026-05-13T18:40:24,43.67,685.55
2026-05-13T18:40:29,43.67,685.55
2026-05-13T18:40:34,43.88,680.01
2026-05-13T18:40:39,43.88,680.01
2026-05-13T18:40:44,43.51,664.83
2026-05-13T18:40:49,43.51,664.83
2026-05-13T18:40:54,43.71,656.72
2026-05-13T18:40:59,43.71,656.72
2026-05-13T18:41:04,44.15,674.56
2026-05-13T18:41:09,44.15,674.56
2026-05-13T18:41:14,44.17,671.72
2026-05-13T18:41:19,44.17,671.72
2026-05-13T18:41:24,44.27,659.91
2026-05-13T18:41:29,44.27,659.91
2026-05-13T18:41:34,44.43,659.66
2026-05-13T18:41:39,44.43,659.66
2026-05-13T18:41:44,44.39,678.49
2026-05-13T18:41:49,44.39,678.49
2026-05-13T18:41:54,44.3,698.5
2026-05-13T18:41:59,44.3,698.5
2026-05-13T18:42:04,44.51,691.37
2026-05-13T18:42:09,44.51,691.37
2026-05-13T18:42:14,43.87,660.37
2026-05-13T18:42:19,43.87,660.37
2026-05-13T18:42:24,43.72,668.31
2026-05-13T18:42:29,43.72,668.31
2026-05-13T18:42:34,44.53,684.84
2026-05-13T18:42:39,44.53,684.84
2026-05-13T18:42:44,44.5,679.97
2026-05-13T18:42:49,44.5,679.97
2026-05-13T18:42:54,45.03,706.86
2026-05-13T18:42:59,45.03,706.86
2026-05-13T18:43:04,44.89,697.75
2026-05-13T18:43:09,44.89,697.75
2026-05-13T18:43:14,45.6,684.68
2026-05-13T18:43:19,45.6,684.68
2026-05-13T18:43:24,46.43,682.19
2026-05-13T18:43:29,46.43,682.19
2026-05-13T18:43:34,46.23,683.02
2026-05-13T18:43:39,46.23,683.02
2026-05-13T18:43:44,45.75,685.51
2026-05-13T18:43:49,45.75,685.51
2026-05-13T18:43:54,45.36,679.9
2026-05-13T18:43:59,45.36,679.9
2026-05-13T18:44:04,45.49,673.64
2026-05-13T18:44:09,45.49,673.64
2026-05-13T18:44:14,45.46,670.04
2026-05-13T18:44:19,45.46,670.04
2026-05-13T18:44:24,45.85,681.85
2026-05-13T18:44:29,45.85,681.85
2026-05-13T18:44:34,45.86,673.0
2026-05-13T18:44:39,45.86,673.0
2026-05-13T18:44:44,45.71,657.67
2026-05-13T18:44:49,45.71,657.67
2026-05-13T18:44:54,45.75,654.91
2026-05-13T18:44:59,45.75,654.91
2026-05-13T18:45:04,45.28,666.75
2026-05-13T18:45:09,45.28,666.75
2026-05-13T18:45:14,45.07,675.03
2026-05-13T18:45:19,45.07,675.03
2026-05-13T18:45:24,44.94,657.99
2026-05-13T18:45:29,44.94,657.99
2026-05-13T18:45:34,45.11,659.82
2026-05-13T18:45:39,45.11,659.82
2026-05-13T18:45:44,45.54,678.81
2026-05-13T18:45:49,45.54,678.81
2026-05-13T18:45:54,46.32,686.4
2026-05-13T18:45:59,46.32,686.4
2026-05-13T18:46:04,45.74,683.25
2026-05-13T18:46:09,45.74,683.25
2026-05-13T18:46:14,44.37,661.27
2026-05-13T18:46:19,44.37,661.27
2026-05-13T18:46:24,44.21,657.73
2026-05-13T18:46:29,44.21,657.73
2026-05-13T18:46:34,45.05,684.66
2026-05-13T18:46:39,45.05,684.66
2026-05-13T18:46:44,46.41,695.7
2026-05-13T18:46:49,46.41,695.7
2026-05-13T18:46:54,45.84,669.32
2026-05-13T18:46:59,45.84,669.32
2026-05-13T18:47:04,45.55,665.41
2026-05-13T18:47:09,45.55,665.41
2026-05-13T18:47:14,45.4,667.95
2026-05-13T18:47:19,45.4,667.95
2026-05-13T18:47:24,45.89,667.91
2026-05-13T18:47:29,45.89,667.91
2026-05-13T18:47:34,46.04,670.64
2026-05-13T18:47:39,46.04,670.64
2026-05-13T18:47:44,45.77,686.37
2026-05-13T18:47:49,45.77,686.37
2026-05-13T18:47:54,45.18,685.99
2026-05-13T18:47:59,45.18,685.99
2026-05-13T18:48:04,44.25,671.86
2026-05-13T18:48:09,44.25,671.86
2026-05-13T18:48:14,44.36,672.21
2026-05-13T18:48:19,44.36,672.21
2026-05-13T18:48:24,44.24,656.83
2026-05-13T18:48:29,44.24,656.83
2026-05-13T18:48:34,44.51,653.8
2026-05-13T18:48:39,44.51,653.8
2026-05-13T18:48:44,43.84,656.8
2026-05-13T18:48:49,43.84,656.8
2026-05-13T18:48:54,44.26,679.69
2026-05-13T18:48:59,44.26,679.69
2026-05-13T18:49:04,45.14,701.55
2026-05-13T18:49:09,45.14,701.55
2026-05-13T18:49:14,44.86,697.21
2026-05-13T18:49:19,44.86,697.21
2026-05-13T18:49:24,44.5,674.84
2026-05-13T18:49:29,44.5,674.84
2026-05-13T18:49:34,44.01,657.27
2026-05-13T18:49:39,44.01,657.27
2026-05-13T18:49:44,44.48,681.06
2026-05-13T18:49:49,44.48,681.06
2026-05-13T18:49:54,44.45,689.17
2026-05-13T18:49:59,44.45,689.17
2026-05-13T18:50:04,43.48,651.94
2026-05-13T18:50:09,43.48,651.94
2026-05-13T18:50:14,43.47,638.37
2026-05-13T18:50:19,43.47,638.37
2026-05-13T18:50:24,43.97,653.49
2026-05-13T18:50:29,43.97,653.49
2026-05-13T18:50:34,44.07,664.3
2026-05-13T18:50:39,44.07,664.3
2026-05-13T18:50:44,44.44,693.92
2026-05-13T18:50:49,44.44,693.92
2026-05-13T18:50:54,44.82,701.31
2026-05-13T18:50:59,44.82,701.31
2026-05-13T18:51:04,44.5,675.21
2026-05-13T18:51:09,44.5,675.21
2026-05-13T18:51:14,43.94,657.24
2026-05-13T18:51:19,43.94,657.24
2026-05-13T18:51:24,43.51,640.99
2026-05-13T18:51:29,43.51,640.99
2026-05-13T18:51:34,43.42,660.69
2026-05-13T18:51:39,43.42,660.69
2026-05-13T18:51:44,44.02,678.93
2026-05-13T18:51:49,44.02,678.93
2026-05-13T18:51:54,44.42,687.52
2026-05-13T18:51:59,44.42,687.52
2026-05-13T18:52:04,44.56,707.23
2026-05-13T18:52:09,44.56,707.23
2026-05-13T18:52:14,44.35,696.51
2026-05-13T18:52:19,44.35,696.51
2026-05-13T18:52:24,43.76,682.96
2026-05-13T18:52:29,43.76,682.96
2026-05-13T18:52:34,43.78,678.22
2026-05-13T18:52:39,43.78,678.22
2026-05-13T18:52:44,43.74,662.98
2026-05-13T18:52:49,43.74,662.98
2026-05-13T18:52:54,45.01,663.73
2026-05-13T18:52:59,45.01,663.73
2026-05-13T18:53:04,45.38,662.24
2026-05-13T18:53:09,45.38,662.24
2026-05-13T18:53:14,44.36,675.98
2026-05-13T18:53:19,44.36,675.98
2026-05-13T18:53:24,44.67,703.86
2026-05-13T18:53:29,44.67,703.86
2026-05-13T18:53:34,44.44,691.33
2026-05-13T18:53:39,44.44,691.33
2026-05-13T18:53:44,44.45,669.27
2026-05-13T18:53:49,44.45,669.27
2026-05-13T18:53:54,44.39,648.66
2026-05-13T18:53:59,44.39,648.66
2026-05-13T18:54:04,44.09,662.82
2026-05-13T18:54:09,44.09,662.82
2026-05-13T18:54:14,44.23,677.26
2026-05-13T18:54:19,44.23,677.26
2026-05-13T18:54:24,44.34,673.44
2026-05-13T18:54:29,44.34,673.44
2026-05-13T18:54:34,44.3,668.52
2026-05-13T18:54:39,44.3,668.52
2026-05-13T18:54:44,43.78,646.68
2026-05-13T18:54:49,43.78,646.68
2026-05-13T18:54:54,43.98,662.29
2026-05-13T18:54:59,43.98,662.29
2026-05-13T18:55:04,44.25,691.36
2026-05-13T18:55:09,44.25,691.36
2026-05-13T18:55:14,43.91,681.5
2026-05-13T18:55:19,43.91,681.5
2026-05-13T18:55:24,44.03,662.61
2026-05-13T18:55:29,44.03,662.61
2026-05-13T18:55:34,44.07,670.91
2026-05-13T18:55:39,44.07,670.91
2026-05-13T18:55:44,44.0,674.91
2026-05-13T18:55:49,44.0,674.91
2026-05-13T18:55:54,44.4,687.13
2026-05-13T18:55:59,44.4,687.13
2026-05-13T18:56:04,44.84,706.08
2026-05-13T18:56:09,44.84,706.08
2026-05-13T18:56:14,44.65,699.56
2026-05-13T18:56:19,44.65,699.56
2026-05-13T18:56:24,44.15,693.97
2026-05-13T18:56:29,44.15,693.97
2026-05-13T18:56:34,44.01,673.79
2026-05-13T18:56:39,44.01,673.79
2026-05-13T18:56:44,43.66,662.95
2026-05-13T18:56:49,43.66,662.95
2026-05-13T18:56:54,43.56,645.45
2026-05-13T18:56:59,43.56,645.45
2026-05-13T18:57:04,43.97,643.65
2026-05-13T18:57:09,43.97,643.65
2026-05-13T18:57:14,44.61,702.38
2026-05-13T18:57:19,44.61,702.38
2026-05-13T18:57:24,45.02,712.51
2026-05-13T18:57:29,45.02,712.51
2026-05-13T18:57:34,44.36,672.36
2026-05-13T18:57:39,44.36,672.36
2026-05-13T18:57:44,43.69,667.73
2026-05-13T18:57:49,43.69,667.73
2026-05-13T18:57:54,43.69,660.07
2026-05-13T18:57:59,43.69,660.07
2026-05-13T18:58:04,43.98,650.62
2026-05-13T18:58:09,43.98,650.62
2026-05-13T18:58:14,43.35,655.7
2026-05-13T18:58:19,43.35,655.7
2026-05-13T18:58:24,43.56,652.96
2026-05-13T18:58:29,43.56,652.96
2026-05-13T18:58:34,44.17,665.87
2026-05-13T18:58:39,44.17,665.87
2026-05-13T18:58:44,43.82,676.87
2026-05-13T18:58:49,43.82,676.87
2026-05-13T18:58:54,43.8,678.18
2026-05-13T18:58:59,43.8,678.18
2026-05-13T18:59:04,44.0,674.83
2026-05-13T18:59:09,44.0,674.83
2026-05-13T18:59:14,44.28,691.37
2026-05-13T18:59:19,44.28,691.37
2026-05-13T18:59:24,44.12,684.93
2026-05-13T18:59:29,44.12,684.93
2026-05-13T18:59:34,44.26,657.33
2026-05-13T18:59:39,44.26,657.33
2026-05-13T18:59:44,44.69,681.89
2026-05-13T18:59:49,44.69,681.89
2026-05-13T18:59:54,44.17,682.19
2026-05-13T18:59:59,44.17,682.19
2026-05-13T19:00:04,43.28,649.44
2026-05-13T19:00:09,43.28,649.44
2026-05-13T19:00:14,42.4,648.91
2026-05-13T19:00:19,42.4,648.91
2026-05-13T19:00:24,43.01,692.42
2026-05-13T19:00:29,43.01,692.42
2026-05-13T19:00:34,44.24,685.76
2026-05-13T19:00:39,44.24,685.76
2026-05-13T19:00:44,43.95,654.86
2026-05-13T19:00:49,43.95,654.86
2026-05-13T19:00:54,43.82,668.83
2026-05-13T19:00:59,43.82,668.83
2026-05-13T19:01:04,44.3,664.24
2026-05-13T19:01:09,44.3,664.24
2026-05-13T19:01:14,44.68,676.21
2026-05-13T19:01:19,44.68,676.21
2026-05-13T19:01:24,44.6,691.95
2026-05-13T19:01:29,44.6,691.95
2026-05-13T19:01:34,44.18,668.54
2026-05-13T19:01:39,44.18,668.54
2026-05-13T19:01:44,44.45,670.82
2026-05-13T19:01:49,44.45,670.82
2026-05-13T19:01:54,44.41,676.06
2026-05-13T19:01:59,44.41,676.06
2026-05-13T19:02:04,43.95,677.0
2026-05-13T19:02:09,43.95,677.0
2026-05-13T19:02:14,43.98,690.87
2026-05-13T19:02:19,43.98,690.87
2026-05-13T19:02:24,44.01,668.38
2026-05-13T19:02:29,44.01,668.38
2026-05-13T19:02:34,43.7,643.52
2026-05-13T19:02:39,43.7,643.52
2026-05-13T19:02:44,43.53,652.18
2026-05-13T19:02:49,43.53,652.18
2026-05-13T19:02:54,44.17,686.81
2026-05-13T19:02:59,44.17,686.81
2026-05-13T19:03:04,43.81,684.33
2026-05-13T19:03:09,43.81,684.33
2026-05-13T19:03:14,43.88,678.4
2026-05-13T19:03:19,43.88,678.4
2026-05-13T19:03:24,44.41,693.41
2026-05-13T19:03:29,44.41,693.41
2026-05-13T19:03:34,44.38,679.69
2026-05-13T19:03:39,44.38,679.69
2026-05-13T19:03:44,44.85,672.28
2026-05-13T19:03:49,44.85,672.28
2026-05-13T19:03:54,44.76,687.87
2026-05-13T19:03:59,44.76,687.87
2026-05-13T19:04:04,44.26,683.0
2026-05-13T19:04:09,44.26,683.0
2026-05-13T19:04:14,43.99,679.81
2026-05-13T19:04:19,43.99,679.81
2026-05-13T19:04:24,44.04,683.93
2026-05-13T19:04:29,44.04,683.93
2026-05-13T19:04:34,44.04,682.82
2026-05-13T19:04:39,44.04,682.82
2026-05-13T19:04:44,44.39,706.36
2026-05-13T19:04:49,44.39,706.36
2026-05-13T19:04:54,44.75,708.69
2026-05-13T19:04:59,44.75,708.69
2026-05-13T19:05:04,44.67,689.71
2026-05-13T19:05:09,44.67,689.71
2026-05-13T19:05:14,44.45,675.86
2026-05-13T19:05:19,44.45,675.86
2026-05-13T19:05:24,44.64,698.79
2026-05-13T19:05:29,44.64,698.79
2026-05-13T19:05:34,44.5,702.16
2026-05-13T19:05:39,44.5,702.16
2026-05-13T19:05:44,44.28,678.77
2026-05-13T19:05:49,44.28,678.77
2026-05-13T19:05:54,43.66,673.01
2026-05-13T19:05:59,43.66,673.01
2026-05-13T19:06:04,43.82,687.94
2026-05-13T19:06:09,43.82,687.94
2026-05-13T19:06:14,44.61,691.43
2026-05-13T19:06:19,44.61,691.43
2026-05-13T19:06:24,44.21,675.05
2026-05-13T19:06:29,44.21,675.05
2026-05-13T19:06:34,44.84,691.82
2026-05-13T19:06:39,44.84,691.82
2026-05-13T19:06:44,44.71,672.73
2026-05-13T19:06:49,44.71,672.73
2026-05-13T19:06:54,44.04,662.66
2026-05-13T19:06:59,44.04,662.66
2026-05-13T19:07:04,43.76,661.6
2026-05-13T19:07:09,43.76,661.6
2026-05-13T19:07:14,43.87,661.53
2026-05-13T19:07:19,43.87,661.53
2026-05-13T19:07:24,44.73,679.35
2026-05-13T19:07:29,44.73,679.35
2026-05-13T19:07:34,44.03,673.3
2026-05-13T19:07:39,44.03,673.3
2026-05-13T19:07:44,43.52,664.82
2026-05-13T19:07:49,43.52,664.82
2026-05-13T19:07:54,44.37,665.94
2026-05-13T19:07:59,44.37,665.94
2026-05-13T19:08:04,44.03,675.1
2026-05-13T19:08:09,44.03,675.1
2026-05-13T19:08:14,44.21,684.96
2026-05-13T19:08:19,44.21,684.96
2026-05-13T19:08:24,44.16,669.55
2026-05-13T19:08:29,44.16,669.55
2026-05-13T19:08:34,43.7,660.39
2026-05-13T19:08:39,43.7,660.39
2026-05-13T19:08:44,44.2,674.33
2026-05-13T19:08:49,44.2,674.33
2026-05-13T19:08:54,44.08,678.13
2026-05-13T19:08:59,44.08,678.13
2026-05-13T19:09:04,43.77,679.62
2026-05-13T19:09:09,43.77,679.62
2026-05-13T19:09:14,43.43,666.26
2026-05-13T19:09:19,43.43,666.26
2026-05-13T19:09:24,43.7,674.88
2026-05-13T19:09:29,43.7,674.88
2026-05-13T19:09:34,44.36,679.77
2026-05-13T19:09:39,44.36,679.77
2026-05-13T19:09:44,44.25,663.25
2026-05-13T19:09:49,44.25,663.25
2026-05-13T19:09:54,44.57,680.19
2026-05-13T19:09:59,44.57,680.19
2026-05-13T19:10:04,44.0,677.42
2026-05-13T19:10:09,44.0,677.42
2026-05-13T19:10:14,43.23,663.05
2026-05-13T19:10:19,43.23,663.05
2026-05-13T19:10:24,43.34,662.39
2026-05-13T19:10:29,43.34,662.39
2026-05-13T19:10:34,43.74,670.54
2026-05-13T19:10:39,43.74,670.54
2026-05-13T19:10:44,44.16,683.77
2026-05-13T19:10:49,44.16,683.77
2026-05-13T19:10:54,44.08,667.64
2026-05-13T19:10:59,44.08,667.64
2026-05-13T19:11:04,44.29,660.82
2026-05-13T19:11:09,44.29,660.82
2026-05-13T19:11:14,44.07,670.11
2026-05-13T19:11:19,44.07,670.11
2026-05-13T19:11:24,44.02,662.75
2026-05-13T19:11:29,44.02,662.75
2026-05-13T19:11:34,44.45,667.4
2026-05-13T19:11:39,44.45,667.4
2026-05-13T19:11:44,45.07,685.09
2026-05-13T19:11:49,45.07,685.09
2026-05-13T19:11:54,45.08,700.87
2026-05-13T19:11:59,45.08,700.87
2026-05-13T19:12:04,44.32,698.46
2026-05-13T19:12:09,44.32,698.46
2026-05-13T19:12:14,43.86,669.45
2026-05-13T19:12:19,43.86,669.45
2026-05-13T19:12:24,44.62,688.16
2026-05-13T19:12:29,44.62,688.16
2026-05-13T19:12:34,44.38,686.48
2026-05-13T19:12:39,44.38,686.48
2026-05-13T19:12:44,43.86,659.92
2026-05-13T19:12:49,43.86,659.92
2026-05-13T19:12:54,44.58,686.37
2026-05-13T19:12:59,44.58,686.37
2026-05-13T19:13:04,44.51,696.36
2026-05-13T19:13:09,44.51,696.36
2026-05-13T19:13:14,43.74,670.84
2026-05-13T19:13:19,43.74,670.84
2026-05-13T19:13:24,43.75,666.22
2026-05-13T19:13:29,43.75,666.22
2026-05-13T19:13:34,44.17,664.25
2026-05-13T19:13:39,44.17,664.25
2026-05-13T19:13:44,44.32,661.17
2026-05-13T19:13:49,44.32,661.17
2026-05-13T19:13:54,44.54,676.42
2026-05-13T19:13:59,44.54,676.42
2026-05-13T19:14:04,44.08,678.78
2026-05-13T19:14:09,44.08,678.78
2026-05-13T19:14:14,44.0,679.36
2026-05-13T19:14:19,44.0,679.36
2026-05-13T19:14:24,44.16,677.5
2026-05-13T19:14:29,44.16,677.5
2026-05-13T19:14:34,44.6,678.3
2026-05-13T19:14:39,44.6,678.3
2026-05-13T19:14:44,45.06,693.2
2026-05-13T19:14:49,45.06,693.2
2026-05-13T19:14:54,44.33,700.68
2026-05-13T19:14:59,44.33,700.68
2026-05-13T19:15:04,44.03,689.19
2026-05-13T19:15:09,44.03,689.19
2026-05-13T19:15:14,43.87,672.59
2026-05-13T19:15:19,43.87,672.59
2026-05-13T19:15:24,44.28,683.33
2026-05-13T19:15:29,44.28,683.33
2026-05-13T19:15:34,44.84,695.7
2026-05-13T19:15:39,44.84,695.7
2026-05-13T19:15:44,44.87,691.81
2026-05-13T19:15:49,44.87,691.81
2026-05-13T19:15:54,44.52,668.75
2026-05-13T19:15:59,44.52,668.75
2026-05-13T19:16:04,43.85,643.19
2026-05-13T19:16:09,43.85,643.19
2026-05-13T19:16:14,43.7,653.68
2026-05-13T19:16:19,43.7,653.68
2026-05-13T19:16:24,43.65,654.1
2026-05-13T19:16:29,43.65,654.1
2026-05-13T19:16:34,44.31,658.96
2026-05-13T19:16:39,44.31,658.96
2026-05-13T19:16:44,44.75,691.15
2026-05-13T19:16:49,44.75,691.15
2026-05-13T19:16:54,44.57,699.82
2026-05-13T19:16:59,44.57,699.82
2026-05-13T19:17:04,45.36,695.21
2026-05-13T19:17:09,45.36,695.21
2026-05-13T19:17:14,46.32,693.52
2026-05-13T19:17:19,46.32,693.52
2026-05-13T19:17:24,46.28,679.77
2026-05-13T19:17:29,46.28,679.77
2026-05-13T19:17:34,46.3,667.78
2026-05-13T19:17:39,46.3,667.78
2026-05-13T19:17:44,45.93,666.45
2026-05-13T19:17:49,45.93,666.45
2026-05-13T19:17:54,45.29,673.64
2026-05-13T19:17:59,45.29,673.64
2026-05-13T19:18:04,45.32,666.62
2026-05-13T19:18:09,45.32,666.62
2026-05-13T19:18:14,45.09,659.13
2026-05-13T19:18:19,45.09,659.13
2026-05-13T19:18:24,52.01,676.03
2026-05-13T19:18:29,52.01,676.03
2026-05-13T19:18:34,52.55,676.56
2026-05-13T19:18:39,52.55,676.56
2026-05-13T19:18:44,45.55,663.43
2026-05-13T19:18:49,45.55,663.43
2026-05-13T19:18:54,45.72,672.27
2026-05-13T19:18:59,45.72,672.27
2026-05-13T19:19:04,46.28,706.88
2026-05-13T19:19:09,46.28,706.88
2026-05-13T19:19:14,45.32,700.94
2026-05-13T19:19:19,45.32,700.94
2026-05-13T19:19:24,45.09,668.41
2026-05-13T19:19:29,45.09,668.41
2026-05-13T19:19:34,46.72,672.92
2026-05-13T19:19:39,46.72,672.92
2026-05-13T19:19:44,45.9,664.19
2026-05-13T19:19:49,45.9,664.19
2026-05-13T19:19:54,44.74,670.83
2026-05-13T19:19:59,44.74,670.83
2026-05-13T19:20:04,45.06,672.08
2026-05-13T19:20:09,45.06,672.08
2026-05-13T19:20:14,44.43,658.08
2026-05-13T19:20:19,44.43,658.08
2026-05-13T19:20:24,44.27,655.9
2026-05-13T19:20:29,44.27,655.9
2026-05-13T19:20:34,45.67,681.5
2026-05-13T19:20:39,45.67,681.5
2026-05-13T19:20:44,46.37,701.41
2026-05-13T19:20:49,46.37,701.41
2026-05-13T19:20:54,45.74,694.09
2026-05-13T19:20:59,45.74,694.09
2026-05-13T19:21:04,45.52,681.67
2026-05-13T19:21:09,45.52,681.67
2026-05-13T19:21:14,45.74,676.73
2026-05-13T19:21:19,45.74,676.73
2026-05-13T19:21:24,45.94,700.1
2026-05-13T19:21:29,45.94,700.1
2026-05-13T19:21:34,46.17,711.5
2026-05-13T19:21:39,46.17,711.5
2026-05-13T19:21:44,45.18,691.83
2026-05-13T19:21:49,45.18,691.83
2026-05-13T19:21:54,44.24,676.99
2026-05-13T19:21:59,44.24,676.99
2026-05-13T19:22:04,44.54,674.42
2026-05-13T19:22:09,44.54,674.42
2026-05-13T19:22:14,44.72,692.22
2026-05-13T19:22:19,44.72,692.22
2026-05-13T19:22:24,44.99,716.29
2026-05-13T19:22:29,44.99,716.29
2026-05-13T19:22:34,44.94,706.72
2026-05-13T19:22:39,44.94,706.72
2026-05-13T19:22:44,44.47,689.96
2026-05-13T19:22:49,44.47,689.96
2026-05-13T19:22:54,44.52,681.68
2026-05-13T19:22:59,44.52,681.68
2026-05-13T19:23:04,45.11,687.01
2026-05-13T19:23:09,45.11,687.01
2026-05-13T19:23:14,44.37,678.45
2026-05-13T19:23:19,44.37,678.45
2026-05-13T19:23:24,44.11,678.27
2026-05-13T19:23:29,44.11,678.27
2026-05-13T19:23:34,44.39,674.89
2026-05-13T19:23:39,44.39,674.89
2026-05-13T19:23:44,43.7,651.14
2026-05-13T19:23:49,43.7,651.14
2026-05-13T19:23:54,44.06,665.69
2026-05-13T19:23:59,44.06,665.69
2026-05-13T19:24:04,44.49,681.22
2026-05-13T19:24:09,44.49,681.22
2026-05-13T19:24:14,44.21,659.66
2026-05-13T19:24:19,44.21,659.66
2026-05-13T19:24:24,43.95,647.18
2026-05-13T19:24:29,43.95,647.18
2026-05-13T19:24:34,44.01,655.69
2026-05-13T19:24:39,44.01,655.69
2026-05-13T19:24:44,44.66,681.46
2026-05-13T19:24:49,44.66,681.46
2026-05-13T19:24:54,44.41,680.47
2026-05-13T19:24:59,44.41,680.47
2026-05-13T19:25:04,43.77,677.64
2026-05-13T19:25:09,43.77,677.64
2026-05-13T19:25:14,43.88,674.03
2026-05-13T19:25:19,43.88,674.03
2026-05-13T19:25:24,44.29,670.97
2026-05-13T19:25:29,44.29,670.97
2026-05-13T19:25:34,44.92,685.53
2026-05-13T19:25:39,44.92,685.53
2026-05-13T19:25:44,44.89,686.0
2026-05-13T19:25:49,44.89,686.0
2026-05-13T19:25:54,44.38,681.52
2026-05-13T19:25:59,44.38,681.52
2026-05-13T19:26:04,43.97,678.41
2026-05-13T19:26:09,43.97,678.41
2026-05-13T19:26:14,44.16,680.54
2026-05-13T19:26:19,44.16,680.54
2026-05-13T19:26:24,44.05,672.78
2026-05-13T19:26:29,44.05,672.78
2026-05-13T19:26:34,43.97,667.27
2026-05-13T19:26:39,43.97,667.27
2026-05-13T19:26:44,44.27,669.09
2026-05-13T19:26:49,44.27,669.09
2026-05-13T19:26:54,43.96,669.01
2026-05-13T19:26:59,43.96,669.01
2026-05-13T19:27:04,43.73,685.95
2026-05-13T19:27:09,43.73,685.95
2026-05-13T19:27:14,43.88,690.86
2026-05-13T19:27:19,43.88,690.86
2026-05-13T19:27:24,44.19,672.93
2026-05-13T19:27:29,44.19,672.93
2026-05-13T19:27:34,44.57,685.16
2026-05-13T19:27:39,44.57,685.16
2026-05-13T19:27:44,44.6,691.58
2026-05-13T19:27:49,44.6,691.58
2026-05-13T19:27:54,44.16,676.41
2026-05-13T19:27:59,44.16,676.41
2026-05-13T19:28:04,43.99,688.18
2026-05-13T19:28:09,43.99,688.18
2026-05-13T19:28:14,44.0,697.55
2026-05-13T19:28:19,44.0,697.55
2026-05-13T19:28:24,43.96,686.15
2026-05-13T19:28:29,43.96,686.15
2026-05-13T19:28:34,44.15,673.8
2026-05-13T19:28:39,44.15,673.8
2026-05-13T19:28:44,44.61,683.44
2026-05-13T19:28:49,44.61,683.44
2026-05-13T19:28:54,44.64,695.21
2026-05-13T19:28:59,44.64,695.21
2026-05-13T19:29:04,43.94,677.21
2026-05-13T19:29:09,43.94,677.21
2026-05-13T19:29:14,44.0,673.41
2026-05-13T19:29:19,44.0,673.41
2026-05-13T19:29:24,43.71,666.32
2026-05-13T19:29:29,43.71,666.32
2026-05-13T19:29:34,44.15,685.74
2026-05-13T19:29:39,44.15,685.74
2026-05-13T19:29:44,44.45,686.14
2026-05-13T19:29:49,44.45,686.14
2026-05-13T19:29:54,43.92,664.24
2026-05-13T19:29:59,43.92,664.24
2026-05-13T19:30:04,44.16,672.65
2026-05-13T19:30:09,44.16,672.65
2026-05-13T19:30:14,43.51,656.48
2026-05-13T19:30:19,43.51,656.48
2026-05-13T19:30:24,42.94,645.2
2026-05-13T19:30:29,42.94,645.2
2026-05-13T19:30:34,43.19,652.95
2026-05-13T19:30:39,43.19,652.95
2026-05-13T19:30:44,44.47,674.1
2026-05-13T19:30:49,44.47,674.1
2026-05-13T19:30:54,44.42,674.32
2026-05-13T19:30:59,44.42,674.32
2026-05-13T19:31:04,43.58,668.81
2026-05-13T19:31:09,43.58,668.81
2026-05-13T19:31:14,43.94,661.52
2026-05-13T19:31:19,43.94,661.52
2026-05-13T19:31:24,44.27,666.14
2026-05-13T19:31:29,44.27,666.14
2026-05-13T19:31:34,44.16,678.37
2026-05-13T19:31:39,44.16,678.37
2026-05-13T19:31:44,43.93,673.16
2026-05-13T19:31:49,43.93,673.16
2026-05-13T19:31:54,43.57,662.12
2026-05-13T19:31:59,43.57,662.12
2026-05-13T19:32:04,43.54,661.8
2026-05-13T19:32:09,43.54,661.8
2026-05-13T19:32:14,44.71,691.35
2026-05-13T19:32:19,44.71,691.35
2026-05-13T19:32:24,44.55,694.52
2026-05-13T19:32:29,44.55,694.52
2026-05-13T19:32:34,43.68,681.3
2026-05-13T19:32:39,43.68,681.3
2026-05-13T19:32:44,43.81,665.37
2026-05-13T19:32:49,43.81,665.37
2026-05-13T19:32:54,44.12,661.78
2026-05-13T19:32:59,44.12,661.78
2026-05-13T19:33:04,44.08,662.21
2026-05-13T19:33:09,44.08,662.21
2026-05-13T19:33:14,43.78,657.22
2026-05-13T19:33:19,43.78,657.22
2026-05-13T19:33:24,44.04,672.05
2026-05-13T19:33:29,44.04,672.05
2026-05-13T19:33:34,44.32,670.76
2026-05-13T19:33:39,44.32,670.76
2026-05-13T19:33:44,44.57,661.05
2026-05-13T19:33:49,44.57,661.05
2026-05-13T19:33:54,45.18,691.55
2026-05-13T19:33:59,45.18,691.55
2026-05-13T19:34:04,44.84,698.46
2026-05-13T19:34:09,44.84,698.46
2026-05-13T19:34:14,44.42,683.73
2026-05-13T19:34:19,44.42,683.73
2026-05-13T19:34:24,43.79,675.31
2026-05-13T19:34:29,43.79,675.31
2026-05-13T19:34:34,43.68,661.43
2026-05-13T19:34:39,43.68,661.43
2026-05-13T19:34:44,44.14,659.18
2026-05-13T19:34:49,44.14,659.18
2026-05-13T19:34:54,43.95,665.89
2026-05-13T19:34:59,43.95,665.89
2026-05-13T19:35:04,42.43,633.69
2026-05-13T19:35:09,42.43,633.69
2026-05-13T19:35:14,41.38,639.27
2026-05-13T19:35:19,41.38,639.27
2026-05-13T19:35:24,43.0,675.76
2026-05-13T19:35:29,43.0,675.76
2026-05-13T19:35:34,44.1,666.87
2026-05-13T19:35:39,44.1,666.87
2026-05-13T19:35:44,44.17,669.36
2026-05-13T19:35:49,44.17,669.36
2026-05-13T19:35:54,44.23,676.82
2026-05-13T19:35:59,44.23,676.82
2026-05-13T19:36:04,43.97,669.2
2026-05-13T19:36:09,43.97,669.2
2026-05-13T19:36:14,44.24,660.77
2026-05-13T19:36:19,44.24,660.77
2026-05-13T19:36:24,44.55,666.89
2026-05-13T19:36:29,44.55,666.89
2026-05-13T19:36:34,44.37,670.38
2026-05-13T19:36:39,44.37,670.38
2026-05-13T19:36:44,44.04,669.03
2026-05-13T19:36:49,44.04,669.03
2026-05-13T19:36:54,43.98,669.17
2026-05-13T19:36:59,43.98,669.17
2026-05-13T19:37:04,44.52,698.25
2026-05-13T19:37:09,44.52,698.25
2026-05-13T19:37:14,44.58,695.44
2026-05-13T19:37:19,44.58,695.44
2026-05-13T19:37:24,44.6,675.17
2026-05-13T19:37:29,44.6,675.17
2026-05-13T19:37:34,45.12,674.23
2026-05-13T19:37:39,45.12,674.23
2026-05-13T19:37:44,44.86,684.35
2026-05-13T19:37:49,44.86,684.35
2026-05-13T19:37:54,44.21,680.82
2026-05-13T19:37:59,44.21,680.82
2026-05-13T19:38:04,43.99,651.14
2026-05-13T19:38:09,43.99,651.14
2026-05-13T19:38:14,44.51,655.99
2026-05-13T19:38:19,44.51,655.99
2026-05-13T19:38:24,44.57,662.3
2026-05-13T19:38:29,44.57,662.3
2026-05-13T19:38:34,43.85,653.32
2026-05-13T19:38:39,43.85,653.32
2026-05-13T19:38:44,43.7,655.15
2026-05-13T19:38:49,43.7,655.15
2026-05-13T19:38:54,43.41,654.93
2026-05-13T19:38:59,43.41,654.93
2026-05-13T19:39:04,43.86,666.93
2026-05-13T19:39:09,43.86,666.93
2026-05-13T19:39:14,44.08,656.52
2026-05-13T19:39:19,44.08,656.52
2026-05-13T19:39:24,44.08,654.43
2026-05-13T19:39:29,44.08,654.43
2026-05-13T19:39:34,44.19,677.87
2026-05-13T19:39:39,44.19,677.87
2026-05-13T19:39:44,43.9,677.29
2026-05-13T19:39:49,43.9,677.29
2026-05-13T19:39:54,43.71,665.02
2026-05-13T19:39:59,43.71,665.02
2026-05-13T19:40:04,43.84,682.37
2026-05-13T19:40:09,43.84,682.37
2026-05-13T19:40:14,44.46,697.4
2026-05-13T19:40:19,44.46,697.4
2026-05-13T19:40:24,44.16,681.52
2026-05-13T19:40:29,44.16,681.52
2026-05-13T19:40:34,44.38,676.22
2026-05-13T19:40:39,44.38,676.22
2026-05-13T19:40:44,44.69,674.87
2026-05-13T19:40:49,44.69,674.87
2026-05-13T19:40:54,43.99,675.72
2026-05-13T19:40:59,43.99,675.72
2026-05-13T19:41:04,43.78,678.57
2026-05-13T19:41:09,43.78,678.57
2026-05-13T19:41:14,43.83,678.56
2026-05-13T19:41:19,43.83,678.56
2026-05-13T19:41:24,43.99,663.69
2026-05-13T19:41:29,43.99,663.69
2026-05-13T19:41:34,44.3,657.12
2026-05-13T19:41:39,44.3,657.12
2026-05-13T19:41:44,44.16,664.57
2026-05-13T19:41:49,44.16,664.57
2026-05-13T19:41:54,44.68,687.6
2026-05-13T19:41:59,44.68,687.6
2026-05-13T19:42:04,45.04,705.07
2026-05-13T19:42:09,45.04,705.07
2026-05-13T19:42:14,44.79,685.01
2026-05-13T19:42:19,44.79,685.01
2026-05-13T19:42:24,44.46,670.97
2026-05-13T19:42:29,44.46,670.97
2026-05-13T19:42:34,43.8,680.3
2026-05-13T19:42:39,43.8,680.3
2026-05-13T19:42:44,44.04,688.08
2026-05-13T19:42:49,44.04,688.08
2026-05-13T19:42:54,44.01,678.63
2026-05-13T19:42:59,44.01,678.63
2026-05-13T19:43:04,44.2,671.75
2026-05-13T19:43:09,44.2,671.75
2026-05-13T19:43:14,44.55,693.76
2026-05-13T19:43:19,44.55,693.76
2026-05-13T19:43:24,44.8,712.38
2026-05-13T19:43:29,44.8,712.38
2026-05-13T19:43:34,44.81,705.94
2026-05-13T19:43:39,44.81,705.94
2026-05-13T19:43:44,44.23,691.32
2026-05-13T19:43:49,44.23,691.32
2026-05-13T19:43:54,43.81,683.33
2026-05-13T19:43:59,43.81,683.33
2026-05-13T19:44:04,44.09,682.37
2026-05-13T19:44:09,44.09,682.37
2026-05-13T19:44:14,44.52,670.99
2026-05-13T19:44:19,44.52,670.99
2026-05-13T19:44:24,44.4,669.96
2026-05-13T19:44:29,44.4,669.96
2026-05-13T19:44:34,44.27,659.57
2026-05-13T19:44:39,44.27,659.57
2026-05-13T19:44:44,43.88,639.14
2026-05-13T19:44:49,43.88,639.14
2026-05-13T19:44:54,43.7,652.46
2026-05-13T19:44:59,43.7,652.46
2026-05-13T19:45:04,43.59,663.25
2026-05-13T19:45:09,43.59,663.25
2026-05-13T19:45:14,43.34,657.93
2026-05-13T19:45:19,43.34,657.93
2026-05-13T19:45:24,43.46,644.43
2026-05-13T19:45:29,43.46,644.43
2026-05-13T19:45:34,44.14,647.71
2026-05-13T19:45:39,44.14,647.71
2026-05-13T19:45:44,44.61,661.82
2026-05-13T19:45:49,44.61,661.82
2026-05-13T19:45:54,44.61,674.42
2026-05-13T19:45:59,44.61,674.42
2026-05-13T19:46:04,44.2,676.04
2026-05-13T19:46:09,44.2,676.04
2026-05-13T19:46:14,44.26,673.24
2026-05-13T19:46:19,44.26,673.24
2026-05-13T19:46:24,44.59,672.78
2026-05-13T19:46:29,44.59,672.78
2026-05-13T19:46:34,44.24,666.25
2026-05-13T19:46:39,44.24,666.25
2026-05-13T19:46:44,44.11,676.45
2026-05-13T19:46:49,44.11,676.45
2026-05-13T19:46:54,44.15,668.97
2026-05-13T19:46:59,44.15,668.97
2026-05-13T19:47:04,43.92,655.06
2026-05-13T19:47:09,43.92,655.06
2026-05-13T19:47:14,44.03,681.75
2026-05-13T19:47:19,44.03,681.75
2026-05-13T19:47:24,45.03,705.62
2026-05-13T19:47:29,45.03,705.62
2026-05-13T19:47:34,45.13,699.48
2026-05-13T19:47:39,45.13,699.48
2026-05-13T19:47:44,44.67,695.22
2026-05-13T19:47:49,44.67,695.22
2026-05-13T19:47:54,44.33,672.44
2026-05-13T19:47:59,44.33,672.44
2026-05-13T19:48:04,44.18,677.09
2026-05-13T19:48:09,44.18,677.09
2026-05-13T19:48:14,44.61,701.21
2026-05-13T19:48:19,44.61,701.21
2026-05-13T19:48:24,44.18,676.41
2026-05-13T19:48:29,44.18,676.41
2026-05-13T19:48:34,44.09,667.74
2026-05-13T19:48:39,44.09,667.74
2026-05-13T19:48:44,44.91,679.68
2026-05-13T19:48:49,44.91,679.68
2026-05-13T19:48:54,44.59,668.37
2026-05-13T19:48:59,44.59,668.37
2026-05-13T19:49:04,43.47,656.61
2026-05-13T19:49:09,43.47,656.61
2026-05-13T19:49:14,44.26,686.64
2026-05-13T19:49:19,44.26,686.64
2026-05-13T19:49:24,44.75,680.95
2026-05-13T19:49:29,44.75,680.95
2026-05-13T19:49:34,44.13,662.73
2026-05-13T19:49:39,44.13,662.73
2026-05-13T19:49:44,44.19,664.78
2026-05-13T19:49:49,44.19,664.78
2026-05-13T19:49:54,43.97,654.08
2026-05-13T19:49:59,43.97,654.08
2026-05-13T19:50:04,43.9,664.85
2026-05-13T19:50:09,43.9,664.85
2026-05-13T19:50:14,43.97,660.88
2026-05-13T19:50:19,43.97,660.88
2026-05-13T19:50:24,44.41,677.62
2026-05-13T19:50:29,44.41,677.62
2026-05-13T19:50:34,45.36,686.52
2026-05-13T19:50:39,45.36,686.52
2026-05-13T19:50:44,45.82,667.96
2026-05-13T19:50:49,45.82,667.96
2026-05-13T19:50:54,45.41,682.0
2026-05-13T19:50:59,45.41,682.0
2026-05-13T19:51:04,44.97,680.11
2026-05-13T19:51:09,44.97,680.11
2026-05-13T19:51:14,45.19,668.16
2026-05-13T19:51:19,45.19,668.16
2026-05-13T19:51:24,46.31,686.24
2026-05-13T19:51:29,46.31,686.24
2026-05-13T19:51:34,46.93,708.89
2026-05-13T19:51:39,46.93,708.89
2026-05-13T19:51:44,45.91,695.7
2026-05-13T19:51:49,45.91,695.7
2026-05-13T19:51:54,45.6,675.74
2026-05-13T19:51:59,45.6,675.74
2026-05-13T19:52:04,45.97,695.38
2026-05-13T19:52:09,45.97,695.38
2026-05-13T19:52:14,46.12,708.46
2026-05-13T19:52:19,46.12,708.46
2026-05-13T19:52:24,45.83,696.02
2026-05-13T19:52:29,45.83,696.02
2026-05-13T19:52:34,46.12,697.54
2026-05-13T19:52:39,46.12,697.54
2026-05-13T19:52:44,46.29,694.1
2026-05-13T19:52:49,46.29,694.1
2026-05-13T19:52:54,45.0,671.64
2026-05-13T19:52:59,45.0,671.64
2026-05-13T19:53:04,44.56,662.23
2026-05-13T19:53:09,44.56,662.23
2026-05-13T19:53:14,45.01,668.3
2026-05-13T19:53:19,45.01,668.3
2026-05-13T19:53:24,45.84,684.68
2026-05-13T19:53:29,45.84,684.68
2026-05-13T19:53:34,46.35,687.13
2026-05-13T19:53:39,46.35,687.13
2026-05-13T19:53:44,45.49,658.24
2026-05-13T19:53:49,45.49,658.24
2026-05-13T19:53:54,45.12,669.43
2026-05-13T19:53:59,45.12,669.43
2026-05-13T19:54:04,45.74,696.34
2026-05-13T19:54:09,45.74,696.34
2026-05-13T19:54:14,45.2,678.72
2026-05-13T19:54:19,45.2,678.72
2026-05-13T19:54:24,45.95,687.74
2026-05-13T19:54:29,45.95,687.74
2026-05-13T19:54:34,46.01,699.34
2026-05-13T19:54:39,46.01,699.34
2026-05-13T19:54:44,44.79,685.83
2026-05-13T19:54:49,44.79,685.83
2026-05-13T19:54:54,45.26,677.23
2026-05-13T19:54:59,45.26,677.23
2026-05-13T19:55:04,45.51,677.68
2026-05-13T19:55:09,45.51,677.68
2026-05-13T19:55:14,45.62,684.39
2026-05-13T19:55:19,45.62,684.39
2026-05-13T19:55:24,45.56,680.91
2026-05-13T19:55:29,45.56,680.91
2026-05-13T19:55:34,45.29,678.45
2026-05-13T19:55:39,45.29,678.45
2026-05-13T19:55:44,45.25,669.92
2026-05-13T19:55:49,45.25,669.92
2026-05-13T19:55:54,44.8,651.0
2026-05-13T19:55:59,44.8,651.0
2026-05-13T19:56:04,44.68,677.31
2026-05-13T19:56:09,44.68,677.31
2026-05-13T19:56:14,44.77,683.47
2026-05-13T19:56:19,44.77,683.47
2026-05-13T19:56:24,43.93,651.24
2026-05-13T19:56:29,43.93,651.24
2026-05-13T19:56:34,43.55,646.28
2026-05-13T19:56:39,43.55,646.28
2026-05-13T19:56:44,44.13,662.6
2026-05-13T19:56:49,44.13,662.6
2026-05-13T19:56:54,44.91,692.72
2026-05-13T19:56:59,44.91,692.72
2026-05-13T19:57:04,44.67,695.99
2026-05-13T19:57:09,44.67,695.99
2026-05-13T19:57:14,44.06,674.32
2026-05-13T19:57:19,44.06,674.32
2026-05-13T19:57:24,44.73,689.95
2026-05-13T19:57:29,44.73,689.95
2026-05-13T19:57:34,44.54,693.04
2026-05-13T19:57:39,44.54,693.04
2026-05-13T19:57:44,44.16,674.71
2026-05-13T19:57:49,44.16,674.71
2026-05-13T19:57:54,44.51,671.42
2026-05-13T19:57:59,44.51,671.42
2026-05-13T19:58:04,44.33,678.31
2026-05-13T19:58:09,44.33,678.31
2026-05-13T19:58:14,44.36,678.86
2026-05-13T19:58:19,44.36,678.86
2026-05-13T19:58:24,44.58,668.21
2026-05-13T19:58:29,44.58,668.21
2026-05-13T19:58:34,44.44,669.54
2026-05-13T19:58:39,44.44,669.54
2026-05-13T19:58:44,44.54,679.25
2026-05-13T19:58:49,44.54,679.25
2026-05-13T19:58:54,44.93,676.92
2026-05-13T19:58:59,44.93,676.92
2026-05-13T19:59:04,44.67,660.78
2026-05-13T19:59:09,44.67,660.78
2026-05-13T19:59:14,44.26,679.75
2026-05-13T19:59:19,44.26,679.75
2026-05-13T19:59:24,44.46,687.9
2026-05-13T19:59:29,44.46,687.9
2026-05-13T19:59:34,44.52,672.45
2026-05-13T19:59:39,44.52,672.45
2026-05-13T19:59:44,44.35,679.2
2026-05-13T19:59:49,44.35,679.2
2026-05-13T19:59:54,44.49,678.9
2026-05-13T19:59:59,44.49,678.9
2026-05-13T20:00:04,44.77,690.47
2026-05-13T20:00:09,44.77,690.47
2026-05-13T20:00:14,44.39,692.82
2026-05-13T20:00:19,44.39,692.82
2026-05-13T20:00:24,44.47,680.79
2026-05-13T20:00:29,44.47,680.79
2026-05-13T20:00:34,44.52,686.11
2026-05-13T20:00:39,44.52,686.11
2026-05-13T20:00:44,43.64,666.87
2026-05-13T20:00:49,43.64,666.87
2026-05-13T20:00:54,44.35,675.91
2026-05-13T20:00:59,44.35,675.91
2026-05-13T20:01:04,44.28,663.69
2026-05-13T20:01:09,44.28,663.69
2026-05-13T20:01:14,43.99,663.32
2026-05-13T20:01:19,43.99,663.32
2026-05-13T20:01:24,44.69,692.37
2026-05-13T20:01:29,44.69,692.37
2026-05-13T20:01:34,44.78,688.71
2026-05-13T20:01:39,44.78,688.71
2026-05-13T20:01:44,44.53,676.07
2026-05-13T20:01:49,44.53,676.07
2026-05-13T20:01:54,44.38,660.97
2026-05-13T20:01:59,44.38,660.97
2026-05-13T20:02:04,44.2,661.18
2026-05-13T20:02:09,44.2,661.18
2026-05-13T20:02:14,44.13,661.98
2026-05-13T20:02:19,44.13,661.98
2026-05-13T20:02:24,44.55,671.16
2026-05-13T20:02:29,44.55,671.16
2026-05-13T20:02:34,44.24,664.71
2026-05-13T20:02:39,44.24,664.71
2026-05-13T20:02:44,44.3,664.45
2026-05-13T20:02:49,44.3,664.45
2026-05-13T20:02:54,44.56,685.94
2026-05-13T20:02:59,44.56,685.94
2026-05-13T20:03:04,44.01,694.38
2026-05-13T20:03:09,44.01,694.38
2026-05-13T20:03:14,44.03,687.35
2026-05-13T20:03:19,44.03,687.35
2026-05-13T20:03:24,43.94,677.67
2026-05-13T20:03:29,43.94,677.67
2026-05-13T20:03:34,43.89,672.18
2026-05-13T20:03:39,43.89,672.18
2026-05-13T20:03:44,44.36,670.31
2026-05-13T20:03:49,44.36,670.31
2026-05-13T20:03:54,44.21,674.62
2026-05-13T20:03:59,44.21,674.62
2026-05-13T20:04:04,44.28,703.29
2026-05-13T20:04:09,44.28,703.29
2026-05-13T20:04:14,44.41,706.33
2026-05-13T20:04:19,44.41,706.33
2026-05-13T20:04:24,43.93,679.64
2026-05-13T20:04:29,43.93,679.64
2026-05-13T20:04:34,43.66,669.58
2026-05-13T20:04:39,43.66,669.58
2026-05-13T20:04:44,44.12,669.03
2026-05-13T20:04:49,44.12,669.03
2026-05-13T20:04:54,44.27,659.94
2026-05-13T20:04:59,44.27,659.94
2026-05-13T20:05:04,44.05,659.25
2026-05-13T20:05:09,44.05,659.25
2026-05-13T20:05:14,44.47,697.66
2026-05-13T20:05:19,44.47,697.66
2026-05-13T20:05:24,44.49,693.74
2026-05-13T20:05:29,44.49,693.74
2026-05-13T20:05:34,44.28,667.4
2026-05-13T20:05:39,44.28,667.4
2026-05-13T20:05:44,44.2,673.71
2026-05-13T20:05:49,44.2,673.71
2026-05-13T20:05:54,44.21,686.22
2026-05-13T20:05:59,44.21,686.22
2026-05-13T20:06:04,44.25,675.21
2026-05-13T20:06:09,44.25,675.21
2026-05-13T20:06:14,44.04,662.39
2026-05-13T20:06:19,44.04,662.39
2026-05-13T20:06:24,44.08,672.08
2026-05-13T20:06:29,44.08,672.08
2026-05-13T20:06:34,43.73,679.58
2026-05-13T20:06:39,43.73,679.58
2026-05-13T20:06:44,43.84,668.9
2026-05-13T20:06:49,43.84,668.9
2026-05-13T20:06:54,44.49,669.75
2026-05-13T20:06:59,44.49,669.75
2026-05-13T20:07:04,44.5,673.79
2026-05-13T20:07:09,44.5,673.79
2026-05-13T20:07:14,44.67,658.07
2026-05-13T20:07:19,44.67,658.07
2026-05-13T20:07:24,45.25,671.8
2026-05-13T20:07:29,45.25,671.8
2026-05-13T20:07:34,45.69,708.04
2026-05-13T20:07:39,45.69,708.04
2026-05-13T20:07:44,45.45,715.6
2026-05-13T20:07:49,45.45,715.6
2026-05-13T20:07:54,44.73,688.52
2026-05-13T20:07:59,44.73,688.52
2026-05-13T20:08:04,44.49,687.92
2026-05-13T20:08:09,44.49,687.92
2026-05-13T20:08:14,44.51,692.47
2026-05-13T20:08:19,44.51,692.47
2026-05-13T20:08:24,44.73,688.82
2026-05-13T20:08:29,44.73,688.82
2026-05-13T20:08:34,44.72,701.74
2026-05-13T20:08:39,44.72,701.74
2026-05-13T20:08:44,44.38,692.08
2026-05-13T20:08:49,44.38,692.08
2026-05-13T20:08:54,44.64,678.71
2026-05-13T20:08:59,44.64,678.71
2026-05-13T20:09:04,44.53,688.17
2026-05-13T20:09:09,44.53,688.17
2026-05-13T20:09:14,43.94,662.11
2026-05-13T20:09:19,43.94,662.11
2026-05-13T20:09:24,44.15,657.56
2026-05-13T20:09:29,44.15,657.56
2026-05-13T20:09:34,44.01,666.71
2026-05-13T20:09:39,44.01,666.71
2026-05-13T20:09:44,43.94,655.04
2026-05-13T20:09:49,43.94,655.04
2026-05-13T20:09:54,44.4,664.8
2026-05-13T20:09:59,44.4,664.8
2026-05-13T20:10:04,44.16,671.29
2026-05-13T20:10:09,44.16,671.29
2026-05-13T20:10:14,43.98,659.55
2026-05-13T20:10:19,43.98,659.55
2026-05-13T20:10:24,44.43,667.26
2026-05-13T20:10:29,44.43,667.26
2026-05-13T20:10:34,44.71,684.36
2026-05-13T20:10:39,44.71,684.36
2026-05-13T20:10:44,44.75,683.41
2026-05-13T20:10:49,44.75,683.41
2026-05-13T20:10:54,45.0,685.23
2026-05-13T20:10:59,45.0,685.23
2026-05-13T20:11:04,44.84,688.04
2026-05-13T20:11:09,44.84,688.04
2026-05-13T20:11:14,44.46,685.89
2026-05-13T20:11:19,44.46,685.89
2026-05-13T20:11:24,44.79,699.55
2026-05-13T20:11:29,44.79,699.55
2026-05-13T20:11:34,44.83,701.35
2026-05-13T20:11:39,44.83,701.35
2026-05-13T20:11:44,44.25,683.32
2026-05-13T20:11:49,44.25,683.32
2026-05-13T20:11:54,44.43,690.2
2026-05-13T20:11:59,44.43,690.2
2026-05-13T20:12:04,44.25,700.79
2026-05-13T20:12:09,44.25,700.79
2026-05-13T20:12:14,44.38,705.02
2026-05-13T20:12:19,44.38,705.02
2026-05-13T20:12:24,44.77,686.44
2026-05-13T20:12:29,44.77,686.44
2026-05-13T20:12:34,44.42,680.29
2026-05-13T20:12:39,44.42,680.29
2026-05-13T20:12:44,44.61,691.58
2026-05-13T20:12:49,44.61,691.58
2026-05-13T20:12:54,44.73,679.96
2026-05-13T20:12:59,44.73,679.96
2026-05-13T20:13:04,44.5,670.53
2026-05-13T20:13:09,44.5,670.53
2026-05-13T20:13:14,44.38,669.35
2026-05-13T20:13:19,44.38,669.35
2026-05-13T20:13:24,44.49,676.33
2026-05-13T20:13:29,44.49,676.33
2026-05-13T20:13:34,44.26,673.85
2026-05-13T20:13:39,44.26,673.85
2026-05-13T20:13:44,43.96,662.65
2026-05-13T20:13:49,43.96,662.65
2026-05-13T20:13:54,44.51,672.54
2026-05-13T20:13:59,44.51,672.54
2026-05-13T20:14:04,44.31,669.96
2026-05-13T20:14:09,44.31,669.96
2026-05-13T20:14:14,43.87,644.7
2026-05-13T20:14:19,43.87,644.7
2026-05-13T20:14:24,43.82,651.84
2026-05-13T20:14:29,43.82,651.84
2026-05-13T20:14:34,43.77,673.74
2026-05-13T20:14:39,43.77,673.74
2026-05-13T20:14:44,43.8,674.21
2026-05-13T20:14:49,43.8,674.21
2026-05-13T20:14:54,44.11,675.27
2026-05-13T20:14:59,44.11,675.27
2026-05-13T20:15:04,44.3,675.23
2026-05-13T20:15:09,44.3,675.23
2026-05-13T20:15:14,44.18,686.64
2026-05-13T20:15:19,44.18,686.64
2026-05-13T20:15:24,44.19,688.08
2026-05-13T20:15:29,44.19,688.08
2026-05-13T20:15:34,43.74,674.2
2026-05-13T20:15:39,43.74,674.2
2026-05-13T20:15:44,44.06,667.53
2026-05-13T20:15:49,44.06,667.53
2026-05-13T20:15:54,45.01,677.09
2026-05-13T20:15:59,45.01,677.09
2026-05-13T20:16:04,45.01,690.97
2026-05-13T20:16:09,45.01,690.97
2026-05-13T20:16:14,44.62,694.24
2026-05-13T20:16:19,44.62,694.24
2026-05-13T20:16:24,44.9,693.52
2026-05-13T20:16:29,44.9,693.52
2026-05-13T20:16:34,45.04,692.23
2026-05-13T20:16:39,45.04,692.23
2026-05-13T20:16:44,44.69,689.6
2026-05-13T20:16:49,44.69,689.6
2026-05-13T20:16:54,44.25,674.72
2026-05-13T20:16:59,44.25,674.72
2026-05-13T20:17:04,44.65,689.73
2026-05-13T20:17:09,44.65,689.73
2026-05-13T20:17:14,45.31,704.72
2026-05-13T20:17:19,45.31,704.72
2026-05-13T20:17:24,45.01,670.69
2026-05-13T20:17:29,45.01,670.69
2026-05-13T20:17:34,44.23,648.39
2026-05-13T20:17:39,44.23,648.39
2026-05-13T20:17:44,50.39,669.9
2026-05-13T20:17:49,50.39,669.9
2026-05-13T20:17:54,51.32,696.86
2026-05-13T20:17:59,51.32,696.86
2026-05-13T20:18:04,44.49,686.53
2026-05-13T20:18:09,44.49,686.53
2026-05-13T20:18:14,44.09,680.47
2026-05-13T20:18:19,44.09,680.47
2026-05-13T20:18:24,44.07,669.05
2026-05-13T20:18:29,44.07,669.05
2026-05-13T20:18:34,44.03,655.03
2026-05-13T20:18:39,44.03,655.03
2026-05-13T20:18:44,44.73,674.41
2026-05-13T20:18:49,44.73,674.41
2026-05-13T20:18:54,45.28,696.48
2026-05-13T20:18:59,45.28,696.48
2026-05-13T20:19:04,45.35,690.84
2026-05-13T20:19:09,45.35,690.84
2026-05-13T20:19:14,44.09,647.81
2026-05-13T20:19:19,44.09,647.81
2026-05-13T20:19:24,44.81,665.53
2026-05-13T20:19:29,44.81,665.53
2026-05-13T20:19:34,45.28,678.34
2026-05-13T20:19:39,45.28,678.34
2026-05-13T20:19:44,44.33,663.67
2026-05-13T20:19:49,44.33,663.67
2026-05-13T20:19:54,44.28,673.75
2026-05-13T20:19:59,44.28,673.75
2026-05-13T20:20:04,44.14,668.91
2026-05-13T20:20:09,44.14,668.91
2026-05-13T20:20:14,44.14,665.8
2026-05-13T20:20:19,44.14,665.8
2026-05-13T20:20:24,44.22,677.25
2026-05-13T20:20:29,44.22,677.25
2026-05-13T20:20:34,44.26,686.67
2026-05-13T20:20:39,44.26,686.67
2026-05-13T20:20:44,43.97,667.73
2026-05-13T20:20:49,43.97,667.73
2026-05-13T20:20:54,43.55,654.15
2026-05-13T20:20:59,43.55,654.15
2026-05-13T20:21:04,44.45,676.83
2026-05-13T20:21:09,44.45,676.83
2026-05-13T20:21:14,45.03,698.08
2026-05-13T20:21:19,45.03,698.08
2026-05-13T20:21:24,43.93,678.71
2026-05-13T20:21:29,43.93,678.71
2026-05-13T20:21:34,43.91,674.6
2026-05-13T20:21:39,43.91,674.6
2026-05-13T20:21:44,45.06,695.36
2026-05-13T20:21:49,45.06,695.36
2026-05-13T20:21:54,45.24,704.83
2026-05-13T20:21:59,45.24,704.83
2026-05-13T20:22:04,44.46,698.73
2026-05-13T20:22:09,44.46,698.73
2026-05-13T20:22:14,44.04,670.01
2026-05-13T20:22:19,44.04,670.01
2026-05-13T20:22:24,43.91,654.61
2026-05-13T20:22:29,43.91,654.61
2026-05-13T20:22:34,43.84,658.72
2026-05-13T20:22:39,43.84,658.72
2026-05-13T20:22:44,44.08,660.62
2026-05-13T20:22:49,44.08,660.62
2026-05-13T20:22:54,44.09,662.74
2026-05-13T20:22:59,44.09,662.74
2026-05-13T20:23:04,44.26,657.2
2026-05-13T20:23:09,44.26,657.2
2026-05-13T20:23:14,44.5,666.09
2026-05-13T20:23:19,44.5,666.09
2026-05-13T20:23:24,44.88,688.38
2026-05-13T20:23:29,44.88,688.38
2026-05-13T20:23:34,44.84,693.13
2026-05-13T20:23:39,44.84,693.13
2026-05-13T20:23:44,44.42,686.54
2026-05-13T20:23:49,44.42,686.54
2026-05-13T20:23:54,44.53,683.61
2026-05-13T20:23:59,44.53,683.61
2026-05-13T20:24:04,44.83,688.36
2026-05-13T20:24:09,44.83,688.36
2026-05-13T20:24:14,45.37,692.75
2026-05-13T20:24:19,45.37,692.75
2026-05-13T20:24:24,45.06,670.17
2026-05-13T20:24:29,45.06,670.17
2026-05-13T20:24:34,44.53,656.94
2026-05-13T20:24:39,44.53,656.94
2026-05-13T20:24:44,44.37,658.48
2026-05-13T20:24:49,44.37,658.48
2026-05-13T20:24:54,44.77,664.66
2026-05-13T20:24:59,44.77,664.66
2026-05-13T20:25:04,44.94,678.83
2026-05-13T20:25:09,44.94,678.83
2026-05-13T20:25:14,44.99,681.62
2026-05-13T20:25:19,44.99,681.62
2026-05-13T20:25:24,45.9,673.22
2026-05-13T20:25:29,45.9,673.22
2026-05-13T20:25:34,46.21,661.82
2026-05-13T20:25:39,46.21,661.82
2026-05-13T20:25:44,46.05,647.6
2026-05-13T20:25:49,46.05,647.6
2026-05-13T20:25:54,45.33,645.58
2026-05-13T20:25:59,45.33,645.58
2026-05-13T20:26:04,45.07,662.58
2026-05-13T20:26:09,45.07,662.58
2026-05-13T20:26:14,45.96,672.38
2026-05-13T20:26:19,45.96,672.38
2026-05-13T20:26:24,45.95,688.14
2026-05-13T20:26:29,45.95,688.14
2026-05-13T20:26:34,45.67,681.23
2026-05-13T20:26:39,45.67,681.23
2026-05-13T20:26:44,45.5,665.17
2026-05-13T20:26:49,45.5,665.17
2026-05-13T20:26:54,46.29,683.54
2026-05-13T20:26:59,46.29,683.54
2026-05-13T20:27:04,47.05,697.22
2026-05-13T20:27:09,47.05,697.22
2026-05-13T20:27:14,46.32,679.29
2026-05-13T20:27:19,46.32,679.29
2026-05-13T20:27:24,45.35,670.3
2026-05-13T20:27:29,45.35,670.3
2026-05-13T20:27:34,45.35,679.2
2026-05-13T20:27:39,45.35,679.2
2026-05-13T20:27:44,45.69,667.77
2026-05-13T20:27:49,45.69,667.77
2026-05-13T20:27:54,44.69,664.45
2026-05-13T20:27:59,44.69,664.45
2026-05-13T20:28:04,45.27,693.49
2026-05-13T20:28:09,45.27,693.49
2026-05-13T20:28:14,46.23,714.49
2026-05-13T20:28:19,46.23,714.49
2026-05-13T20:28:24,45.78,703.92
2026-05-13T20:28:29,45.78,703.92
2026-05-13T20:28:34,45.24,683.21
2026-05-13T20:28:39,45.24,683.21
2026-05-13T20:28:44,44.93,669.14
2026-05-13T20:28:49,44.93,669.14
2026-05-13T20:28:54,45.8,685.92
2026-05-13T20:28:59,45.8,685.92
2026-05-13T20:29:04,45.84,675.83
2026-05-13T20:29:09,45.84,675.83
2026-05-13T20:29:14,44.97,668.27
2026-05-13T20:29:19,44.97,668.27
2026-05-13T20:29:24,45.63,682.92
2026-05-13T20:29:29,45.63,682.92
2026-05-13T20:29:34,45.51,666.3
2026-05-13T20:29:39,45.51,666.3
2026-05-13T20:29:44,44.78,670.77
2026-05-13T20:29:49,44.78,670.77
2026-05-13T20:29:54,44.95,658.18
2026-05-13T20:29:59,44.95,658.18
2026-05-13T20:30:04,44.57,640.85
2026-05-13T20:30:09,44.57,640.85
2026-05-13T20:30:14,43.71,653.21
2026-05-13T20:30:19,43.71,653.21
2026-05-13T20:30:24,43.5,652.63
2026-05-13T20:30:29,43.5,652.63
2026-05-13T20:30:34,43.62,650.44
2026-05-13T20:30:39,43.62,650.44
2026-05-13T20:30:44,44.05,660.79
2026-05-13T20:30:49,44.05,660.79
2026-05-13T20:30:54,44.66,676.14
2026-05-13T20:30:59,44.66,676.14
2026-05-13T20:31:04,44.04,666.96
2026-05-13T20:31:09,44.04,666.96
2026-05-13T20:31:14,43.68,665.19
2026-05-13T20:31:19,43.68,665.19
2026-05-13T20:31:24,43.8,653.14
2026-05-13T20:31:29,43.8,653.14
2026-05-13T20:31:34,43.84,635.86
2026-05-13T20:31:39,43.84,635.86
2026-05-13T20:31:44,44.63,672.73
2026-05-13T20:31:49,44.63,672.73
2026-05-13T20:31:54,44.59,681.3
2026-05-13T20:31:59,44.59,681.3
2026-05-13T20:32:04,43.61,667.08
2026-05-13T20:32:09,43.61,667.08
2026-05-13T20:32:14,43.85,670.58
2026-05-13T20:32:19,43.85,670.58
2026-05-13T20:32:24,44.42,675.84
2026-05-13T20:32:29,44.42,675.84
2026-05-13T20:32:34,44.15,673.68
2026-05-13T20:32:39,44.15,673.68
2026-05-13T20:32:44,44.07,665.61
2026-05-13T20:32:49,44.07,665.61
2026-05-13T20:32:54,44.58,683.55
2026-05-13T20:32:59,44.58,683.55
2026-05-13T20:33:04,44.76,701.34
2026-05-13T20:33:09,44.76,701.34
2026-05-13T20:33:14,44.42,674.09
2026-05-13T20:33:19,44.42,674.09
2026-05-13T20:33:24,44.6,675.24
2026-05-13T20:33:29,44.6,675.24
2026-05-13T20:33:34,44.89,701.65
2026-05-13T20:33:39,44.89,701.65
2026-05-13T20:33:44,44.56,685.39
2026-05-13T20:33:49,44.56,685.39
2026-05-13T20:33:54,44.9,681.15
2026-05-13T20:33:59,44.9,681.15
2026-05-13T20:34:04,44.64,674.65
2026-05-13T20:34:09,44.64,674.65
2026-05-13T20:34:14,43.87,667.16
2026-05-13T20:34:19,43.87,667.16
2026-05-13T20:34:24,44.07,675.0
2026-05-13T20:34:29,44.07,675.0
2026-05-13T20:34:34,44.41,682.76
2026-05-13T20:34:39,44.41,682.76
2026-05-13T20:34:44,44.99,702.87
2026-05-13T20:34:49,44.99,702.87
2026-05-13T20:34:54,44.6,683.42
2026-05-13T20:34:59,44.6,683.42
2026-05-13T20:35:04,44.05,670.33
2026-05-13T20:35:09,44.05,670.33
2026-05-13T20:35:14,44.84,707.05
2026-05-13T20:35:19,44.84,707.05
2026-05-13T20:35:24,45.3,708.99
2026-05-13T20:35:29,45.3,708.99
2026-05-13T20:35:34,44.63,676.91
2026-05-13T20:35:39,44.63,676.91
2026-05-13T20:35:44,44.92,695.3
2026-05-13T20:35:49,44.92,695.3
2026-05-13T20:35:54,44.66,691.44
2026-05-13T20:35:59,44.66,691.44
2026-05-13T20:36:04,43.49,649.82
2026-05-13T20:36:09,43.49,649.82
2026-05-13T20:36:14,43.93,662.55
2026-05-13T20:36:19,43.93,662.55
2026-05-13T20:36:24,44.27,673.2
2026-05-13T20:36:29,44.27,673.2
2026-05-13T20:36:34,44.64,667.18
2026-05-13T20:36:39,44.64,667.18
2026-05-13T20:36:44,44.76,672.25
2026-05-13T20:36:49,44.76,672.25
2026-05-13T20:36:54,45.08,697.33
2026-05-13T20:36:59,45.08,697.33
2026-05-13T20:37:04,44.86,681.49
2026-05-13T20:37:09,44.86,681.49
2026-05-13T20:37:14,44.32,660.4
2026-05-13T20:37:19,44.32,660.4
2026-05-13T20:37:24,44.22,671.71
2026-05-13T20:37:29,44.22,671.71
2026-05-13T20:37:34,44.46,671.97
2026-05-13T20:37:39,44.46,671.97
2026-05-13T20:37:44,44.21,671.59
2026-05-13T20:37:49,44.21,671.59
2026-05-13T20:37:54,44.25,662.51
2026-05-13T20:37:59,44.25,662.51
2026-05-13T20:38:04,45.06,675.85
2026-05-13T20:38:09,45.06,675.85
2026-05-13T20:38:14,44.39,685.05
2026-05-13T20:38:19,44.39,685.05
2026-05-13T20:38:24,44.19,664.74
2026-05-13T20:38:29,44.19,664.74
2026-05-13T20:38:34,44.77,663.66
2026-05-13T20:38:39,44.77,663.66
2026-05-13T20:38:44,44.59,680.59
2026-05-13T20:38:49,44.59,680.59
2026-05-13T20:38:54,44.2,689.46
2026-05-13T20:38:59,44.2,689.46
2026-05-13T20:39:04,44.18,702.26
2026-05-13T20:39:09,44.18,702.26
2026-05-13T20:39:14,43.85,685.68
2026-05-13T20:39:19,43.85,685.68
2026-05-13T20:39:24,43.91,670.22
2026-05-13T20:39:29,43.91,670.22
2026-05-13T20:39:34,44.81,688.97
2026-05-13T20:39:39,44.81,688.97
2026-05-13T20:39:44,44.73,680.1
2026-05-13T20:39:49,44.73,680.1
2026-05-13T20:39:54,44.07,662.05
2026-05-13T20:39:59,44.07,662.05
2026-05-13T20:40:04,43.8,665.83
2026-05-13T20:40:09,43.8,665.83
2026-05-13T20:40:14,43.45,669.95
2026-05-13T20:40:19,43.45,669.95
2026-05-13T20:40:24,43.75,670.65
2026-05-13T20:40:29,43.75,670.65
2026-05-13T20:40:34,43.78,667.69
2026-05-13T20:40:39,43.78,667.69
2026-05-13T20:40:44,43.22,658.72
2026-05-13T20:40:49,43.22,658.72
2026-05-13T20:40:54,43.59,665.72
2026-05-13T20:40:59,43.59,665.72
2026-05-13T20:41:04,44.37,678.82
2026-05-13T20:41:09,44.37,678.82
2026-05-13T20:41:14,44.61,684.58
2026-05-13T20:41:19,44.61,684.58
2026-05-13T20:41:24,44.81,685.75
2026-05-13T20:41:29,44.81,685.75
2026-05-13T20:41:34,44.52,668.15
2026-05-13T20:41:39,44.52,668.15
2026-05-13T20:41:44,43.87,655.98
2026-05-13T20:41:49,43.87,655.98
2026-05-13T20:41:54,43.94,663.95
2026-05-13T20:41:59,43.94,663.95
2026-05-13T20:42:04,41.94,611.52
2026-05-13T20:42:09,41.94,611.52
2026-05-13T20:42:14,40.95,622.83
2026-05-13T20:42:19,40.95,622.83
2026-05-13T20:42:24,43.38,673.87
2026-05-13T20:42:29,43.38,673.87
2026-05-13T20:42:34,44.0,655.43
2026-05-13T20:42:39,44.0,655.43
2026-05-13T20:42:44,44.1,670.39
2026-05-13T20:42:49,44.1,670.39
2026-05-13T20:42:54,44.81,686.06
2026-05-13T20:42:59,44.81,686.06
2026-05-13T20:43:04,45.04,707.52
2026-05-13T20:43:09,45.04,707.52
2026-05-13T20:43:14,45.01,709.0
2026-05-13T20:43:19,45.01,709.0
2026-05-13T20:43:24,44.44,682.65
2026-05-13T20:43:29,44.44,682.65
2026-05-13T20:43:34,44.37,684.72
2026-05-13T20:43:39,44.37,684.72
2026-05-13T20:43:44,44.53,692.94
2026-05-13T20:43:49,44.53,692.94
2026-05-13T20:43:54,44.53,704.3
2026-05-13T20:43:59,44.53,704.3
2026-05-13T20:44:04,44.63,693.46
2026-05-13T20:44:09,44.63,693.46
2026-05-13T20:44:14,43.98,681.49
2026-05-13T20:44:19,43.98,681.49
2026-05-13T20:44:24,44.02,674.14
2026-05-13T20:44:29,44.02,674.14
2026-05-13T20:44:34,44.46,659.98
2026-05-13T20:44:39,44.46,659.98
2026-05-13T20:44:44,43.9,649.6
2026-05-13T20:44:49,43.9,649.6
2026-05-13T20:44:54,43.58,641.38
2026-05-13T20:44:59,43.58,641.38
2026-05-13T20:45:04,43.61,648.23
2026-05-13T20:45:09,43.61,648.23
2026-05-13T20:45:14,44.18,673.4
2026-05-13T20:45:19,44.18,673.4
2026-05-13T20:45:24,44.71,688.75
2026-05-13T20:45:29,44.71,688.75
2026-05-13T20:45:34,44.4,683.87
2026-05-13T20:45:39,44.4,683.87
2026-05-13T20:45:44,44.13,682.53
2026-05-13T20:45:49,44.13,682.53
2026-05-13T20:45:54,44.05,659.91
2026-05-13T20:45:59,44.05,659.91
2026-05-13T20:46:04,44.19,660.86
2026-05-13T20:46:09,44.19,660.86
2026-05-13T20:46:14,44.33,685.11
2026-05-13T20:46:19,44.33,685.11
2026-05-13T20:46:24,44.52,681.24
2026-05-13T20:46:29,44.52,681.24
2026-05-13T20:46:34,44.29,668.87
2026-05-13T20:46:39,44.29,668.87
2026-05-13T20:46:44,44.2,683.05
2026-05-13T20:46:49,44.2,683.05
2026-05-13T20:46:54,44.21,681.12
2026-05-13T20:46:59,44.21,681.12
2026-05-13T20:47:04,44.22,677.3
2026-05-13T20:47:09,44.22,677.3
2026-05-13T20:47:14,44.46,686.44
2026-05-13T20:47:19,44.46,686.44
2026-05-13T20:47:24,44.73,682.68
2026-05-13T20:47:29,44.73,682.68
2026-05-13T20:47:34,44.41,661.32
2026-05-13T20:47:39,44.41,661.32
2026-05-13T20:47:44,43.96,651.76
2026-05-13T20:47:49,43.96,651.76
2026-05-13T20:47:54,43.99,664.37
2026-05-13T20:47:59,43.99,664.37
2026-05-13T20:48:04,43.43,635.75
2026-05-13T20:48:09,43.43,635.75
2026-05-13T20:48:14,43.58,633.21
2026-05-13T20:48:19,43.58,633.21
2026-05-13T20:48:24,44.17,668.29
2026-05-13T20:48:29,44.17,668.29
2026-05-13T20:48:34,44.41,695.57
2026-05-13T20:48:39,44.41,695.57
2026-05-13T20:48:44,44.54,689.15
2026-05-13T20:48:49,44.54,689.15
2026-05-13T20:48:54,43.85,666.62
2026-05-13T20:48:59,43.85,666.62
2026-05-13T20:49:04,43.68,661.71
2026-05-13T20:49:09,43.68,661.71
2026-05-13T20:49:14,44.12,682.82
2026-05-13T20:49:19,44.12,682.82
2026-05-13T20:49:24,44.41,698.83
2026-05-13T20:49:29,44.41,698.83
2026-05-13T20:49:34,45.01,698.9
2026-05-13T20:49:39,45.01,698.9
2026-05-13T20:49:44,44.89,692.8
2026-05-13T20:49:49,44.89,692.8
2026-05-13T20:49:54,44.1,665.35
2026-05-13T20:49:59,44.1,665.35
2026-05-13T20:50:04,43.45,632.49
2026-05-13T20:50:09,43.45,632.49
2026-05-13T20:50:14,43.6,656.63
2026-05-13T20:50:19,43.6,656.63
2026-05-13T20:50:24,44.08,694.02
2026-05-13T20:50:29,44.08,694.02
2026-05-13T20:50:34,44.59,671.59
2026-05-13T20:50:39,44.59,671.59
2026-05-13T20:50:44,44.61,681.61
2026-05-13T20:50:49,44.61,681.61
2026-05-13T20:50:54,44.32,694.81
2026-05-13T20:50:59,44.32,694.81
2026-05-13T20:51:04,44.52,675.35
2026-05-13T20:51:09,44.52,675.35
2026-05-13T20:51:14,44.83,676.45
2026-05-13T20:51:19,44.83,676.45
2026-05-13T20:51:24,44.71,688.74
2026-05-13T20:51:29,44.71,688.74
2026-05-13T20:51:34,44.44,671.85
2026-05-13T20:51:39,44.44,671.85
2026-05-13T20:51:44,44.21,649.71
2026-05-13T20:51:49,44.21,649.71
2026-05-13T20:51:54,44.93,685.03
2026-05-13T20:51:59,44.93,685.03
2026-05-13T20:52:04,44.49,690.97
2026-05-13T20:52:09,44.49,690.97
2026-05-13T20:52:14,44.19,663.38
2026-05-13T20:52:19,44.19,663.38
2026-05-13T20:52:24,44.96,672.12
2026-05-13T20:52:29,44.96,672.12
2026-05-13T20:52:34,44.65,683.84
2026-05-13T20:52:39,44.65,683.84
2026-05-13T20:52:44,44.43,680.76
2026-05-13T20:52:49,44.43,680.76
2026-05-13T20:52:54,44.14,666.4
2026-05-13T20:52:59,44.14,666.4
2026-05-13T20:53:04,44.88,685.89
2026-05-13T20:53:09,44.88,685.89
2026-05-13T20:53:14,44.79,681.37
2026-05-13T20:53:19,44.79,681.37
2026-05-13T20:53:24,44.46,670.24
2026-05-13T20:53:29,44.46,670.24
2026-05-13T20:53:34,44.77,692.17
2026-05-13T20:53:39,44.77,692.17
2026-05-13T20:53:44,44.51,692.98
2026-05-13T20:53:49,44.51,692.98
2026-05-13T20:53:54,44.23,694.59
2026-05-13T20:53:59,44.23,694.59
2026-05-13T20:54:04,43.97,688.86
2026-05-13T20:54:09,43.97,688.86
2026-05-13T20:54:14,44.25,675.43
2026-05-13T20:54:19,44.25,675.43
2026-05-13T20:54:24,43.22,656.41
2026-05-13T20:54:29,43.22,656.41
2026-05-13T20:54:34,43.06,658.53
2026-05-13T20:54:39,43.06,658.53
2026-05-13T20:54:44,44.63,673.15
2026-05-13T20:54:49,44.63,673.15
2026-05-13T20:54:54,44.9,671.14
2026-05-13T20:54:59,44.9,671.14
2026-05-13T20:55:04,44.42,684.1
2026-05-13T20:55:09,44.42,684.1
2026-05-13T20:55:14,43.7,672.15
2026-05-13T20:55:19,43.7,672.15
2026-05-13T20:55:24,44.16,672.63
2026-05-13T20:55:29,44.16,672.63
2026-05-13T20:55:34,44.38,685.31
2026-05-13T20:55:39,44.38,685.31
2026-05-13T20:55:44,44.46,691.41
2026-05-13T20:55:49,44.46,691.41
2026-05-13T20:55:54,44.59,682.16
2026-05-13T20:55:59,44.59,682.16
2026-05-13T20:56:04,44.51,681.26
2026-05-13T20:56:09,44.51,681.26
2026-05-13T20:56:14,44.69,683.32
2026-05-13T20:56:19,44.69,683.32
2026-05-13T20:56:24,44.37,670.03
2026-05-13T20:56:29,44.37,670.03
2026-05-13T20:56:34,43.98,664.88
2026-05-13T20:56:39,43.98,664.88
2026-05-13T20:56:44,44.08,657.12
2026-05-13T20:56:49,44.08,657.12
2026-05-13T20:56:54,44.29,673.9
2026-05-13T20:56:59,44.29,673.9
2026-05-13T20:57:04,44.05,675.85
2026-05-13T20:57:09,44.05,675.85
2026-05-13T20:57:14,44.01,661.85
2026-05-13T20:57:19,44.01,661.85
2026-05-13T20:57:24,44.18,675.25
2026-05-13T20:57:29,44.18,675.25
2026-05-13T20:57:34,44.41,684.79
2026-05-13T20:57:39,44.41,684.79
2026-05-13T20:57:44,44.32,676.52
2026-05-13T20:57:49,44.32,676.52
2026-05-13T20:57:54,44.6,684.2
2026-05-13T20:57:59,44.6,684.2
2026-05-13T20:58:04,44.86,689.6
2026-05-13T20:58:09,44.86,689.6
2026-05-13T20:58:14,44.78,670.72
2026-05-13T20:58:19,44.78,670.72
2026-05-13T20:58:24,44.5,674.24
2026-05-13T20:58:29,44.5,674.24
2026-05-13T20:58:34,44.72,689.99
2026-05-13T20:58:39,44.72,689.99
2026-05-13T20:58:44,45.49,684.04
2026-05-13T20:58:49,45.49,684.04
2026-05-13T20:58:54,45.63,685.24
2026-05-13T20:58:59,45.63,685.24
2026-05-13T20:59:04,45.54,680.25
2026-05-13T20:59:09,45.54,680.25
2026-05-13T20:59:14,44.8,662.87
2026-05-13T20:59:19,44.8,662.87
2026-05-13T20:59:24,44.98,666.74
2026-05-13T20:59:29,44.98,666.74
2026-05-13T20:59:34,45.88,655.8
2026-05-13T20:59:39,45.88,655.8
2026-05-13T20:59:44,45.7,665.95
2026-05-13T20:59:49,45.7,665.95
2026-05-13T20:59:54,45.29,675.13
2026-05-13T20:59:59,45.29,675.13
2026-05-13T21:00:04,45.66,665.67
2026-05-13T21:00:09,45.66,665.67
2026-05-13T21:00:14,45.13,681.13
2026-05-13T21:00:19,45.13,681.13
2026-05-13T21:00:24,44.2,676.11
2026-05-13T21:00:29,44.2,676.11
2026-05-13T21:00:34,45.11,663.18
2026-05-13T21:00:39,45.11,663.18
2026-05-13T21:00:44,46.16,667.97
2026-05-13T21:00:49,46.16,667.97
2026-05-13T21:00:54,46.3,682.47
2026-05-13T21:00:59,46.3,682.47
2026-05-13T21:01:04,45.97,665.35
2026-05-13T21:01:09,45.97,665.35
2026-05-13T21:01:14,44.99,661.7
2026-05-13T21:01:19,44.99,661.7
2026-05-13T21:01:24,44.41,668.62
2026-05-13T21:01:29,44.41,668.62
2026-05-13T21:01:34,45.07,657.89
2026-05-13T21:01:39,45.07,657.89
2026-05-13T21:01:44,45.53,664.77
2026-05-13T21:01:49,45.53,664.77
2026-05-13T21:01:54,45.24,675.61
2026-05-13T21:01:59,45.24,675.61
2026-05-13T21:02:04,44.81,670.08
2026-05-13T21:02:09,44.81,670.08
2026-05-13T21:02:14,45.75,680.68
2026-05-13T21:02:19,45.75,680.68
2026-05-13T21:02:24,45.62,694.04
2026-05-13T21:02:29,45.62,694.04
2026-05-13T21:02:34,44.76,675.1
2026-05-13T21:02:39,44.76,675.1
2026-05-13T21:02:44,45.26,677.73
2026-05-13T21:02:49,45.26,677.73
2026-05-13T21:02:54,45.1,680.17
2026-05-13T21:02:59,45.1,680.17
2026-05-13T21:03:04,44.96,665.34
2026-05-13T21:03:09,44.96,665.34
2026-05-13T21:03:14,45.08,661.35
2026-05-13T21:03:19,45.08,661.35
2026-05-13T21:03:24,45.51,682.29
2026-05-13T21:03:29,45.51,682.29
2026-05-13T21:03:34,45.63,696.09
2026-05-13T21:03:39,45.63,696.09
2026-05-13T21:03:44,45.41,694.2
2026-05-13T21:03:49,45.41,694.2
2026-05-13T21:03:54,44.78,685.26
2026-05-13T21:03:59,44.78,685.26
2026-05-13T21:04:04,44.17,663.52
2026-05-13T21:04:09,44.17,663.52
2026-05-13T21:04:14,45.14,679.96
2026-05-13T21:04:19,45.14,679.96
2026-05-13T21:04:24,45.44,690.59
2026-05-13T21:04:29,45.44,690.59
2026-05-13T21:04:34,44.91,682.16
2026-05-13T21:04:39,44.91,682.16
2026-05-13T21:04:44,44.43,673.27
2026-05-13T21:04:49,44.43,673.27
2026-05-13T21:04:54,43.86,660.03
2026-05-13T21:04:59,43.86,660.03
2026-05-13T21:05:04,43.5,665.51
2026-05-13T21:05:09,43.5,665.51
2026-05-13T21:05:14,43.53,672.61
2026-05-13T21:05:19,43.53,672.61
2026-05-13T21:05:24,44.31,691.19
2026-05-13T21:05:29,44.31,691.19
2026-05-13T21:05:34,44.56,697.03
2026-05-13T21:05:39,44.56,697.03
2026-05-13T21:05:44,44.11,679.08
2026-05-13T21:05:49,44.11,679.08
2026-05-13T21:05:54,44.13,661.47
2026-05-13T21:05:59,44.13,661.47
2026-05-13T21:06:04,43.91,663.18
2026-05-13T21:06:09,43.91,663.18
2026-05-13T21:06:14,44.39,682.74
2026-05-13T21:06:19,44.39,682.74
2026-05-13T21:06:24,44.5,675.03
2026-05-13T21:06:29,44.5,675.03
2026-05-13T21:06:34,44.2,669.74
2026-05-13T21:06:39,44.2,669.74
2026-05-13T21:06:44,44.55,672.93
2026-05-13T21:06:49,44.55,672.93
2026-05-13T21:06:54,44.29,660.49
2026-05-13T21:06:59,44.29,660.49
2026-05-13T21:07:04,44.23,661.41
2026-05-13T21:07:09,44.23,661.41
2026-05-13T21:07:14,44.45,681.2
2026-05-13T21:07:19,44.45,681.2
2026-05-13T21:07:24,44.59,680.61
2026-05-13T21:07:29,44.59,680.61
2026-05-13T21:07:34,44.38,672.0
2026-05-13T21:07:39,44.38,672.0
2026-05-13T21:07:44,44.46,676.82
2026-05-13T21:07:49,44.46,676.82
2026-05-13T21:07:54,44.15,668.59
2026-05-13T21:07:59,44.15,668.59
2026-05-13T21:08:04,43.93,663.47
2026-05-13T21:08:09,43.93,663.47
2026-05-13T21:08:14,44.6,681.26
2026-05-13T21:08:19,44.6,681.26
2026-05-13T21:08:24,44.49,681.72
2026-05-13T21:08:29,44.49,681.72
2026-05-13T21:08:34,44.78,682.05
2026-05-13T21:08:39,44.78,682.05
2026-05-13T21:08:44,44.81,674.28
2026-05-13T21:08:49,44.81,674.28
2026-05-13T21:08:54,44.2,656.52
2026-05-13T21:08:59,44.2,656.52
2026-05-13T21:09:04,44.23,656.6
2026-05-13T21:09:09,44.23,656.6
2026-05-13T21:09:14,44.11,676.18
2026-05-13T21:09:19,44.11,676.18
2026-05-13T21:09:24,44.0,671.62
2026-05-13T21:09:29,44.0,671.62
2026-05-13T21:09:34,44.07,654.69
2026-05-13T21:09:39,44.07,654.69
2026-05-13T21:09:44,43.67,650.18
2026-05-13T21:09:49,43.67,650.18
2026-05-13T21:09:54,43.9,664.85
2026-05-13T21:09:59,43.9,664.85
2026-05-13T21:10:04,44.58,696.18
2026-05-13T21:10:09,44.58,696.18
2026-05-13T21:10:14,44.43,701.31
2026-05-13T21:10:19,44.43,701.31
2026-05-13T21:10:24,44.1,690.52
2026-05-13T21:10:29,44.1,690.52
2026-05-13T21:10:34,44.19,669.83
2026-05-13T21:10:39,44.19,669.83
2026-05-13T21:10:44,44.73,683.78
2026-05-13T21:10:49,44.73,683.78
2026-05-13T21:10:54,44.21,695.18
2026-05-13T21:10:59,44.21,695.18
2026-05-13T21:11:04,44.05,680.77
2026-05-13T21:11:09,44.05,680.77
2026-05-13T21:11:14,44.91,679.72
2026-05-13T21:11:19,44.91,679.72
2026-05-13T21:11:24,44.67,689.62
2026-05-13T21:11:29,44.67,689.62
2026-05-13T21:11:34,44.28,686.67
2026-05-13T21:11:39,44.28,686.67
2026-05-13T21:11:44,44.79,684.99
2026-05-13T21:11:49,44.79,684.99
2026-05-13T21:11:54,44.47,672.17
2026-05-13T21:11:59,44.47,672.17
2026-05-13T21:12:04,43.94,661.45
2026-05-13T21:12:09,43.94,661.45
2026-05-13T21:12:14,43.45,657.29
2026-05-13T21:12:19,43.45,657.29
2026-05-13T21:12:24,43.53,669.48
2026-05-13T21:12:29,43.53,669.48
2026-05-13T21:12:34,44.09,682.87
2026-05-13T21:12:39,44.09,682.87
2026-05-13T21:12:44,44.36,689.97
2026-05-13T21:12:49,44.36,689.97
2026-05-13T21:12:54,44.29,683.94
2026-05-13T21:12:59,44.29,683.94
2026-05-13T21:13:04,43.75,652.4
2026-05-13T21:13:09,43.75,652.4
2026-05-13T21:13:14,44.37,657.91
2026-05-13T21:13:19,44.37,657.91
2026-05-13T21:13:24,44.64,688.44
2026-05-13T21:13:29,44.64,688.44
2026-05-13T21:13:34,44.68,696.97
2026-05-13T21:13:39,44.68,696.97
2026-05-13T21:13:44,44.51,660.17
2026-05-13T21:13:49,44.51,660.17
2026-05-13T21:13:54,45.05,676.0
2026-05-13T21:13:59,45.05,676.0
2026-05-13T21:14:04,44.86,688.27
2026-05-13T21:14:09,44.86,688.27
2026-05-13T21:14:14,44.46,686.72
2026-05-13T21:14:19,44.46,686.72
2026-05-13T21:14:24,44.3,685.25
2026-05-13T21:14:29,44.3,685.25
2026-05-13T21:14:34,43.58,674.75
2026-05-13T21:14:39,43.58,674.75
2026-05-13T21:14:44,44.51,689.32
2026-05-13T21:14:49,44.51,689.32
2026-05-13T21:14:54,44.56,675.77
2026-05-13T21:14:59,44.56,675.77
2026-05-13T21:15:04,44.13,662.09
2026-05-13T21:15:09,44.13,662.09
2026-05-13T21:15:14,44.08,665.9
2026-05-13T21:15:19,44.08,665.9
2026-05-13T21:15:24,44.38,679.93
2026-05-13T21:15:29,44.38,679.93
2026-05-13T21:15:34,44.97,687.46
2026-05-13T21:15:39,44.97,687.46
2026-05-13T21:15:44,44.95,672.57
2026-05-13T21:15:49,44.95,672.57
2026-05-13T21:15:54,43.87,656.35
2026-05-13T21:15:59,43.87,656.35
2026-05-13T21:16:04,43.3,665.02
2026-05-13T21:16:09,43.3,665.02
2026-05-13T21:16:14,43.86,669.27
2026-05-13T21:16:19,43.86,669.27
2026-05-13T21:16:24,43.77,673.81
2026-05-13T21:16:29,43.77,673.81
2026-05-13T21:16:34,44.21,696.41
2026-05-13T21:16:39,44.21,696.41
2026-05-13T21:16:44,44.69,704.35
2026-05-13T21:16:49,44.69,704.35
2026-05-13T21:16:54,44.43,709.34
2026-05-13T21:16:59,44.43,709.34
2026-05-13T21:17:04,43.69,675.66
2026-05-13T21:17:09,43.69,675.66
2026-05-13T21:17:14,44.13,664.45
2026-05-13T21:17:19,44.13,664.45
2026-05-13T21:17:24,44.74,687.35
2026-05-13T21:17:29,44.74,687.35
2026-05-13T21:17:34,44.88,695.62
2026-05-13T21:17:39,44.88,695.62
2026-05-13T21:17:44,45.0,705.11
2026-05-13T21:17:49,45.0,705.11
2026-05-13T21:17:54,43.64,671.45
2026-05-13T21:17:59,43.64,671.45
2026-05-13T21:18:04,43.86,660.07
2026-05-13T21:18:09,43.86,660.07
2026-05-13T21:18:14,44.69,681.8
2026-05-13T21:18:19,44.69,681.8
2026-05-13T21:18:24,43.99,674.39
2026-05-13T21:18:29,43.99,674.39
2026-05-13T21:18:34,43.46,659.34
2026-05-13T21:18:39,43.46,659.34
2026-05-13T21:18:44,43.45,658.58
2026-05-13T21:18:49,43.45,658.58
2026-05-13T21:18:54,43.88,669.61
2026-05-13T21:18:59,43.88,669.61
2026-05-13T21:19:04,44.22,679.96
2026-05-13T21:19:09,44.22,679.96
2026-05-13T21:19:14,43.97,678.58
2026-05-13T21:19:19,43.97,678.58
2026-05-13T21:19:24,44.19,682.96
2026-05-13T21:19:29,44.19,682.96
2026-05-13T21:19:34,44.56,687.36
2026-05-13T21:19:39,44.56,687.36
2026-05-13T21:19:44,44.56,695.39
2026-05-13T21:19:49,44.56,695.39
2026-05-13T21:19:54,44.63,702.76
2026-05-13T21:19:59,44.63,702.76
2026-05-13T21:20:04,44.22,690.19
2026-05-13T21:20:09,44.22,690.19
2026-05-13T21:20:14,43.58,684.61
2026-05-13T21:20:19,43.58,684.61
2026-05-13T21:20:24,43.56,676.65
2026-05-13T21:20:29,43.56,676.65
2026-05-13T21:20:34,43.53,656.35
2026-05-13T21:20:39,43.53,656.35
2026-05-13T21:20:44,43.55,655.5
2026-05-13T21:20:49,43.55,655.5
2026-05-13T21:20:54,43.95,670.52
2026-05-13T21:20:59,43.95,670.52
2026-05-13T21:21:04,43.72,669.91
2026-05-13T21:21:09,43.72,669.91
2026-05-13T21:21:14,43.85,682.31
2026-05-13T21:21:19,43.85,682.31
2026-05-13T21:21:24,45.04,719.31
2026-05-13T21:21:29,45.04,719.31
2026-05-13T21:21:34,44.57,699.37
2026-05-13T21:21:39,44.57,699.37
2026-05-13T21:21:44,43.9,674.1
2026-05-13T21:21:49,43.9,674.1
2026-05-13T21:21:54,43.95,679.7
2026-05-13T21:21:59,43.95,679.7
2026-05-13T21:22:04,43.67,669.06
2026-05-13T21:22:09,43.67,669.06
2026-05-13T21:22:14,43.84,669.07
2026-05-13T21:22:19,43.84,669.07
2026-05-13T21:22:24,44.15,656.72
2026-05-13T21:22:29,44.15,656.72
2026-05-13T21:22:34,44.19,655.13
2026-05-13T21:22:39,44.19,655.13
2026-05-13T21:22:44,44.58,692.25
2026-05-13T21:22:49,44.58,692.25
2026-05-13T21:22:54,44.98,702.08
2026-05-13T21:22:59,44.98,702.08
2026-05-13T21:23:04,44.46,678.97
2026-05-13T21:23:09,44.46,678.97
2026-05-13T21:23:14,43.69,665.6
2026-05-13T21:23:19,43.69,665.6
2026-05-13T21:23:24,43.85,676.35
2026-05-13T21:23:29,43.85,676.35
2026-05-13T21:23:34,44.44,674.38
2026-05-13T21:23:39,44.44,674.38
2026-05-13T21:23:44,44.07,670.52
2026-05-13T21:23:49,44.07,670.52
2026-05-13T21:23:54,49.49,661.51
2026-05-13T21:23:59,49.49,661.51
2026-05-13T21:24:04,49.61,657.3
2026-05-13T21:24:09,49.61,657.3
2026-05-13T21:24:14,44.09,685.45
2026-05-13T21:24:19,44.09,685.45
2026-05-13T21:24:24,44.18,685.98
2026-05-13T21:24:29,44.18,685.98
2026-05-13T21:24:34,43.88,662.03
2026-05-13T21:24:39,43.88,662.03
2026-05-13T21:24:44,44.11,672.2
2026-05-13T21:24:49,44.11,672.2
2026-05-13T21:24:54,44.52,679.08
2026-05-13T21:24:59,44.52,679.08
2026-05-13T21:25:04,43.66,678.99
2026-05-13T21:25:09,43.66,678.99
2026-05-13T21:25:14,43.62,680.4
2026-05-13T21:25:19,43.62,680.4
2026-05-13T21:25:24,44.4,673.43
2026-05-13T21:25:29,44.4,673.43
2026-05-13T21:25:34,44.6,677.13
2026-05-13T21:25:39,44.6,677.13
2026-05-13T21:25:44,44.48,678.61
2026-05-13T21:25:49,44.48,678.61
2026-05-13T21:25:54,44.13,678.12
2026-05-13T21:25:59,44.13,678.12
2026-05-13T21:26:04,44.26,699.41
2026-05-13T21:26:09,44.26,699.41
2026-05-13T21:26:14,44.67,709.06
2026-05-13T21:26:19,44.67,709.06
2026-05-13T21:26:24,45.03,704.37
2026-05-13T21:26:29,45.03,704.37
2026-05-13T21:26:34,44.76,694.09
2026-05-13T21:26:39,44.76,694.09
2026-05-13T21:26:44,44.58,676.44
2026-05-13T21:26:49,44.58,676.44
2026-05-13T21:26:54,44.73,678.53
2026-05-13T21:26:59,44.73,678.53
2026-05-13T21:27:04,44.54,684.6
2026-05-13T21:27:09,44.54,684.6
2026-05-13T21:27:14,43.8,667.48
2026-05-13T21:27:19,43.8,667.48
2026-05-13T21:27:24,43.49,652.31
2026-05-13T21:27:29,43.49,652.31
2026-05-13T21:27:34,43.89,671.1
2026-05-13T21:27:39,43.89,671.1
2026-05-13T21:27:44,44.39,682.1
2026-05-13T21:27:49,44.39,682.1
2026-05-13T21:27:54,44.66,683.32
2026-05-13T21:27:59,44.66,683.32
2026-05-13T21:28:04,44.86,694.24
2026-05-13T21:28:09,44.86,694.24
2026-05-13T21:28:14,44.79,687.46
2026-05-13T21:28:19,44.79,687.46
2026-05-13T21:28:24,44.37,676.8
2026-05-13T21:28:29,44.37,676.8
2026-05-13T21:28:34,44.18,681.5
2026-05-13T21:28:39,44.18,681.5
2026-05-13T21:28:44,44.47,676.09
2026-05-13T21:28:49,44.47,676.09
2026-05-13T21:28:54,44.65,674.22
2026-05-13T21:28:59,44.65,674.22
2026-05-13T21:29:04,44.39,672.47
2026-05-13T21:29:09,44.39,672.47
2026-05-13T21:29:14,44.16,661.1
2026-05-13T21:29:19,44.16,661.1
2026-05-13T21:29:24,44.29,657.21
2026-05-13T21:29:29,44.29,657.21
2026-05-13T21:29:34,44.25,665.6
2026-05-13T21:29:39,44.25,665.6
2026-05-13T21:29:44,44.52,678.13
2026-05-13T21:29:49,44.52,678.13
2026-05-13T21:29:54,44.99,685.49
2026-05-13T21:29:59,44.99,685.49
2026-05-13T21:30:04,43.98,671.38
2026-05-13T21:30:09,43.98,671.38
2026-05-13T21:30:14,43.49,682.11
2026-05-13T21:30:19,43.49,682.11
2026-05-13T21:30:24,43.65,701.85
2026-05-13T21:30:29,43.65,701.85
2026-05-13T21:30:34,43.93,698.37
2026-05-13T21:30:39,43.93,698.37
2026-05-13T21:30:44,44.38,688.03
2026-05-13T21:30:49,44.38,688.03
2026-05-13T21:30:54,44.39,675.18
2026-05-13T21:30:59,44.39,675.18
2026-05-13T21:31:04,43.9,680.05
2026-05-13T21:31:09,43.9,680.05
2026-05-13T21:31:14,43.57,675.24
2026-05-13T21:31:19,43.57,675.24
2026-05-13T21:31:24,43.91,670.58
2026-05-13T21:31:29,43.91,670.58
2026-05-13T21:31:34,44.35,683.65
2026-05-13T21:31:39,44.35,683.65
2026-05-13T21:31:44,44.31,692.8
2026-05-13T21:31:49,44.31,692.8
2026-05-13T21:31:54,44.58,681.62
2026-05-13T21:31:59,44.58,681.62
2026-05-13T21:32:04,44.86,663.28
2026-05-13T21:32:09,44.86,663.28
2026-05-13T21:32:14,44.15,662.66
2026-05-13T21:32:19,44.15,662.66
2026-05-13T21:32:24,44.5,675.36
2026-05-13T21:32:29,44.5,675.36
2026-05-13T21:32:34,45.1,674.53
2026-05-13T21:32:39,45.1,674.53
2026-05-13T21:32:44,44.96,668.74
2026-05-13T21:32:49,44.96,668.74
2026-05-13T21:32:54,45.27,675.64
2026-05-13T21:32:59,45.27,675.64
2026-05-13T21:33:04,45.7,686.93
2026-05-13T21:33:09,45.7,686.93
2026-05-13T21:33:14,45.67,700.88
2026-05-13T21:33:19,45.67,700.88
2026-05-13T21:33:24,45.15,677.74
2026-05-13T21:33:29,45.15,677.74
2026-05-13T21:33:34,45.7,662.7
2026-05-13T21:33:39,45.7,662.7
2026-05-13T21:33:44,46.34,691.88
2026-05-13T21:33:49,46.34,691.88
2026-05-13T21:33:54,46.27,698.88
2026-05-13T21:33:59,46.27,698.88
2026-05-13T21:34:04,45.5,664.12
2026-05-13T21:34:09,45.5,664.12
2026-05-13T21:34:14,45.13,649.16
2026-05-13T21:34:19,45.13,649.16
2026-05-13T21:34:24,45.2,661.35
2026-05-13T21:34:29,45.2,661.35
2026-05-13T21:34:34,44.83,664.41
2026-05-13T21:34:39,44.83,664.41
2026-05-13T21:34:44,45.1,679.86
2026-05-13T21:34:49,45.1,679.86
2026-05-13T21:34:54,45.73,685.85
2026-05-13T21:34:59,45.73,685.85
2026-05-13T21:35:04,45.54,680.57
2026-05-13T21:35:09,45.54,680.57
2026-05-13T21:35:14,45.39,691.27
2026-05-13T21:35:19,45.39,691.27
2026-05-13T21:35:24,46.07,693.68
2026-05-13T21:35:29,46.07,693.68
2026-05-13T21:35:34,46.16,682.72
2026-05-13T21:35:39,46.16,682.72
2026-05-13T21:35:44,46.15,672.29
2026-05-13T21:35:49,46.15,672.29
2026-05-13T21:35:54,45.71,664.08
2026-05-13T21:35:59,45.71,664.08
2026-05-13T21:36:04,45.43,674.45
2026-05-13T21:36:09,45.43,674.45
2026-05-13T21:36:14,45.06,661.06
2026-05-13T21:36:19,45.06,661.06
2026-05-13T21:36:24,44.41,639.5
2026-05-13T21:36:29,44.41,639.5
2026-05-13T21:36:34,44.88,670.76
2026-05-13T21:36:39,44.88,670.76
2026-05-13T21:36:44,45.12,677.26
2026-05-13T21:36:49,45.12,677.26
2026-05-13T21:36:54,45.81,661.1
2026-05-13T21:36:59,45.81,661.1
2026-05-13T21:37:04,46.33,679.09
2026-05-13T21:37:09,46.33,679.09
2026-05-13T21:37:14,46.04,702.61
2026-05-13T21:37:19,46.04,702.61
2026-05-13T21:37:24,45.92,705.26
2026-05-13T21:37:29,45.92,705.26
2026-05-13T21:37:34,45.29,698.64
2026-05-13T21:37:39,45.29,698.64
2026-05-13T21:37:44,45.46,704.63
2026-05-13T21:37:49,45.46,704.63
2026-05-13T21:37:54,45.08,687.02
2026-05-13T21:37:59,45.08,687.02
2026-05-13T21:38:04,43.8,660.46
2026-05-13T21:38:09,43.8,660.46
2026-05-13T21:38:14,44.38,659.46
2026-05-13T21:38:19,44.38,659.46
2026-05-13T21:38:24,44.87,678.03
2026-05-13T21:38:29,44.87,678.03
2026-05-13T21:38:34,44.72,689.93
2026-05-13T21:38:39,44.72,689.93
2026-05-13T21:38:44,44.35,672.83
2026-05-13T21:38:49,44.35,672.83
2026-05-13T21:38:54,43.83,664.96
2026-05-13T21:38:59,43.83,664.96
2026-05-13T21:39:04,44.45,684.38
2026-05-13T21:39:09,44.45,684.38
2026-05-13T21:39:14,44.88,695.15
2026-05-13T21:39:19,44.88,695.15
2026-05-13T21:39:24,44.45,681.9
2026-05-13T21:39:29,44.45,681.9
2026-05-13T21:39:34,44.32,680.66
2026-05-13T21:39:39,44.32,680.66
2026-05-13T21:39:44,44.04,670.52
2026-05-13T21:39:49,44.04,670.52
2026-05-13T21:39:54,43.72,662.12
2026-05-13T21:39:59,43.72,662.12
2026-05-13T21:40:04,44.0,658.55
2026-05-13T21:40:09,44.0,658.55
2026-05-13T21:40:14,44.02,669.69
2026-05-13T21:40:19,44.02,669.69
2026-05-13T21:40:24,44.02,684.2
2026-05-13T21:40:29,44.02,684.2
2026-05-13T21:40:34,43.88,675.35
2026-05-13T21:40:39,43.88,675.35
2026-05-13T21:40:44,44.26,671.44
2026-05-13T21:40:49,44.26,671.44
2026-05-13T21:40:54,44.26,646.76
2026-05-13T21:40:59,44.26,646.76
2026-05-13T21:41:04,43.34,644.66
2026-05-13T21:41:09,43.34,644.66
2026-05-13T21:41:14,44.0,668.31
2026-05-13T21:41:19,44.0,668.31
2026-05-13T21:41:24,44.6,668.91
2026-05-13T21:41:29,44.6,668.91
2026-05-13T21:41:34,43.92,647.81
2026-05-13T21:41:39,43.92,647.81
2026-05-13T21:41:44,43.88,661.0
2026-05-13T21:41:49,43.88,661.0
2026-05-13T21:41:54,44.63,698.92
2026-05-13T21:41:59,44.63,698.92
2026-05-13T21:42:04,44.43,702.51
2026-05-13T21:42:09,44.43,702.51
2026-05-13T21:42:14,43.78,697.69
2026-05-13T21:42:19,43.78,697.69
2026-05-13T21:42:24,44.2,701.68
2026-05-13T21:42:29,44.2,701.68
2026-05-13T21:42:34,44.16,684.71
2026-05-13T21:42:39,44.16,684.71
2026-05-13T21:42:44,43.97,668.64
2026-05-13T21:42:49,43.97,668.64
2026-05-13T21:42:54,44.34,676.32
2026-05-13T21:42:59,44.34,676.32
2026-05-13T21:43:04,44.32,698.71
2026-05-13T21:43:09,44.32,698.71
2026-05-13T21:43:14,44.13,692.19
2026-05-13T21:43:19,44.13,692.19
2026-05-13T21:43:24,44.05,661.21
2026-05-13T21:43:29,44.05,661.21
2026-05-13T21:43:34,43.92,650.01
2026-05-13T21:43:39,43.92,650.01
2026-05-13T21:43:44,44.11,652.96
2026-05-13T21:43:49,44.11,652.96
2026-05-13T21:43:54,44.1,671.03
2026-05-13T21:43:59,44.1,671.03
2026-05-13T21:44:04,43.92,683.58
2026-05-13T21:44:09,43.92,683.58
2026-05-13T21:44:14,44.4,696.84
2026-05-13T21:44:19,44.4,696.84
2026-05-13T21:44:24,44.72,683.42
2026-05-13T21:44:29,44.72,683.42
2026-05-13T21:44:34,44.28,647.99
2026-05-13T21:44:39,44.28,647.99
2026-05-13T21:44:44,44.0,660.74
2026-05-13T21:44:49,44.0,660.74
2026-05-13T21:44:54,44.42,681.89
2026-05-13T21:44:59,44.42,681.89
2026-05-13T21:45:04,44.3,684.13
2026-05-13T21:45:09,44.3,684.13
2026-05-13T21:45:14,43.4,665.87
2026-05-13T21:45:19,43.4,665.87
2026-05-13T21:45:24,43.35,661.43
2026-05-13T21:45:29,43.35,661.43
2026-05-13T21:45:34,44.02,689.79
2026-05-13T21:45:39,44.02,689.79
2026-05-13T21:45:44,44.14,673.82
2026-05-13T21:45:49,44.14,673.82
2026-05-13T21:45:54,44.09,654.89
2026-05-13T21:45:59,44.09,654.89
2026-05-13T21:46:04,43.93,661.88
2026-05-13T21:46:09,43.93,661.88
2026-05-13T21:46:14,43.69,658.64
2026-05-13T21:46:19,43.69,658.64
2026-05-13T21:46:24,43.55,651.29
2026-05-13T21:46:29,43.55,651.29
2026-05-13T21:46:34,43.77,661.13
2026-05-13T21:46:39,43.77,661.13
2026-05-13T21:46:44,44.25,670.21
2026-05-13T21:46:49,44.25,670.21
2026-05-13T21:46:54,44.38,669.29
2026-05-13T21:46:59,44.38,669.29
2026-05-13T21:47:04,44.5,674.59
2026-05-13T21:47:09,44.5,674.59
2026-05-13T21:47:14,44.65,683.3
2026-05-13T21:47:19,44.65,683.3
2026-05-13T21:47:24,44.42,679.28
2026-05-13T21:47:29,44.42,679.28
2026-05-13T21:47:34,44.2,678.59
2026-05-13T21:47:39,44.2,678.59
2026-05-13T21:47:44,44.14,676.22
2026-05-13T21:47:49,44.14,676.22
2026-05-13T21:47:54,44.5,670.77
2026-05-13T21:47:59,44.5,670.77
2026-05-13T21:48:04,44.72,679.12
2026-05-13T21:48:09,44.72,679.12
2026-05-13T21:48:14,44.24,671.42
2026-05-13T21:48:19,44.24,671.42
2026-05-13T21:48:24,44.4,685.14
2026-05-13T21:48:29,44.4,685.14
2026-05-13T21:48:34,45.05,708.87
2026-05-13T21:48:39,45.05,708.87
2026-05-13T21:48:44,44.27,674.76
2026-05-13T21:48:49,44.27,674.76
2026-05-13T21:48:54,43.81,654.1
2026-05-13T21:48:59,43.81,654.1
2026-05-13T21:49:04,44.07,672.37
2026-05-13T21:49:09,44.07,672.37
2026-05-13T21:49:14,43.74,668.76
2026-05-13T21:49:19,43.74,668.76
2026-05-13T21:49:24,44.36,683.99
2026-05-13T21:49:29,44.36,683.99
2026-05-13T21:49:34,44.49,685.28
2026-05-13T21:49:39,44.49,685.28
2026-05-13T21:49:44,43.94,663.13
2026-05-13T21:49:49,43.94,663.13
2026-05-13T21:49:54,44.17,661.63
2026-05-13T21:49:59,44.17,661.63
2026-05-13T21:50:04,44.18,667.41
2026-05-13T21:50:09,44.18,667.41
2026-05-13T21:50:14,43.05,659.87
2026-05-13T21:50:19,43.05,659.87
2026-05-13T21:50:24,43.48,660.66
2026-05-13T21:50:29,43.48,660.66
2026-05-13T21:50:34,44.35,679.37
2026-05-13T21:50:39,44.35,679.37
2026-05-13T21:50:44,44.31,689.78
2026-05-13T21:50:49,44.31,689.78
2026-05-13T21:50:54,44.33,682.0
2026-05-13T21:50:59,44.33,682.0
2026-05-13T21:51:04,44.52,684.26
2026-05-13T21:51:09,44.52,684.26
2026-05-13T21:51:14,44.43,672.18
2026-05-13T21:51:19,44.43,672.18
2026-05-13T21:51:24,43.6,657.68
2026-05-13T21:51:29,43.6,657.68
2026-05-13T21:51:34,44.1,667.24
2026-05-13T21:51:39,44.1,667.24
2026-05-13T21:51:44,44.61,669.09
2026-05-13T21:51:49,44.61,669.09
2026-05-13T21:51:54,45.08,683.35
2026-05-13T21:51:59,45.08,683.35
2026-05-13T21:52:04,44.88,671.33
2026-05-13T21:52:09,44.88,671.33
2026-05-13T21:52:14,44.41,669.21
2026-05-13T21:52:19,44.41,669.21
2026-05-13T21:52:24,43.85,681.43
2026-05-13T21:52:29,43.85,681.43
2026-05-13T21:52:34,44.06,696.36
2026-05-13T21:52:39,44.06,696.36
2026-05-13T21:52:44,44.38,679.89
2026-05-13T21:52:49,44.38,679.89
2026-05-13T21:52:54,43.86,653.74
2026-05-13T21:52:59,43.86,653.74
2026-05-13T21:53:04,44.08,675.22
2026-05-13T21:53:09,44.08,675.22
2026-05-13T21:53:14,44.57,685.24
2026-05-13T21:53:19,44.57,685.24
2026-05-13T21:53:24,45.06,694.51
2026-05-13T21:53:29,45.06,694.51
2026-05-13T21:53:34,44.79,689.84
2026-05-13T21:53:39,44.79,689.84
2026-05-13T21:53:44,44.58,666.06
2026-05-13T21:53:49,44.58,666.06
2026-05-13T21:53:54,44.54,670.46
2026-05-13T21:53:59,44.54,670.46
2026-05-13T21:54:04,44.2,681.62
2026-05-13T21:54:09,44.2,681.62
2026-05-13T21:54:14,44.11,662.91
2026-05-13T21:54:19,44.11,662.91
2026-05-13T21:54:24,43.81,641.49
2026-05-13T21:54:29,43.81,641.49
2026-05-13T21:54:34,43.43,657.06
2026-05-13T21:54:39,43.43,657.06
2026-05-13T21:54:44,43.94,678.56
2026-05-13T21:54:49,43.94,678.56
2026-05-13T21:54:54,44.23,685.64
2026-05-13T21:54:59,44.23,685.64
2026-05-13T21:55:04,44.05,687.76
2026-05-13T21:55:09,44.05,687.76
2026-05-13T21:55:14,44.3,679.04
2026-05-13T21:55:19,44.3,679.04
2026-05-13T21:55:24,44.44,674.34
2026-05-13T21:55:29,44.44,674.34
2026-05-13T21:55:34,44.13,668.48
2026-05-13T21:55:39,44.13,668.48
2026-05-13T21:55:44,43.49,658.69
2026-05-13T21:55:49,43.49,658.69
2026-05-13T21:55:54,44.15,675.61
2026-05-13T21:55:59,44.15,675.61
2026-05-13T21:56:04,45.35,677.01
2026-05-13T21:56:09,45.35,677.01
2026-05-13T21:56:14,45.28,664.9
2026-05-13T21:56:19,45.28,664.9
2026-05-13T21:56:24,45.57,672.13
2026-05-13T21:56:29,45.57,672.13
2026-05-13T21:56:34,45.33,664.78
2026-05-13T21:56:39,45.33,664.78
2026-05-13T21:56:44,44.73,672.07
2026-05-13T21:56:49,44.73,672.07
2026-05-13T21:56:54,44.87,687.17
2026-05-13T21:56:59,44.87,687.17
2026-05-13T21:57:04,45.51,696.76
2026-05-13T21:57:09,45.51,696.76
2026-05-13T21:57:14,45.0,674.16
2026-05-13T21:57:19,45.0,674.16
2026-05-13T21:57:24,44.67,661.61
2026-05-13T21:57:29,44.67,661.61
2026-05-13T21:57:34,44.62,657.81
2026-05-13T21:57:39,44.62,657.81
2026-05-13T21:57:44,44.09,648.45
2026-05-13T21:57:49,44.09,648.45
2026-05-13T21:57:54,44.04,682.93
2026-05-13T21:57:59,44.04,682.93
2026-05-13T21:58:04,43.91,687.76
2026-05-13T21:58:09,43.91,687.76
2026-05-13T21:58:14,43.86,669.2
2026-05-13T21:58:19,43.86,669.2
2026-05-13T21:58:24,43.3,656.58
2026-05-13T21:58:29,43.3,656.58
2026-05-13T21:58:34,43.73,670.0
2026-05-13T21:58:39,43.73,670.0
2026-05-13T21:58:44,48.39,689.77
2026-05-13T21:58:49,48.39,689.77
2026-05-13T21:58:54,52.51,688.14
2026-05-13T21:58:59,52.51,688.14
2026-05-13T21:59:04,51.72,687.18
2026-05-13T21:59:09,51.72,687.18
2026-05-13T21:59:14,47.28,676.61
2026-05-13T21:59:19,47.28,676.61
2026-05-13T21:59:24,44.87,676.07
2026-05-13T21:59:29,44.87,676.07
2026-05-13T21:59:34,45.05,685.03
2026-05-13T21:59:39,45.05,685.03
2026-05-13T21:59:44,43.86,673.7
2026-05-13T21:59:49,43.86,673.7
2026-05-13T21:59:54,43.76,674.78
2026-05-13T21:59:59,43.76,674.78
2026-05-13T22:00:04,44.06,694.26
2026-05-13T22:00:09,44.06,694.26
2026-05-13T22:00:14,43.08,667.67
2026-05-13T22:00:19,43.08,667.67
2026-05-13T22:00:24,42.89,642.18
2026-05-13T22:00:29,42.89,642.18
2026-05-13T22:00:34,44.19,677.8
2026-05-13T22:00:39,44.19,677.8
2026-05-13T22:00:44,44.74,696.89
2026-05-13T22:00:49,44.74,696.89
2026-05-13T22:00:54,44.18,662.46
2026-05-13T22:00:59,44.18,662.46
2026-05-13T22:01:04,43.96,651.06
2026-05-13T22:01:09,43.96,651.06
2026-05-13T22:01:14,44.45,670.37
2026-05-13T22:01:19,44.45,670.37
2026-05-13T22:01:24,44.67,669.15
2026-05-13T22:01:29,44.67,669.15
2026-05-13T22:01:34,44.53,674.91
2026-05-13T22:01:39,44.53,674.91
2026-05-13T22:01:44,44.38,692.33
2026-05-13T22:01:49,44.38,692.33
2026-05-13T22:01:54,44.2,696.32
2026-05-13T22:01:59,44.2,696.32
2026-05-13T22:02:04,44.07,694.29
2026-05-13T22:02:09,44.07,694.29
2026-05-13T22:02:14,44.08,693.15
2026-05-13T22:02:19,44.08,693.15
2026-05-13T22:02:24,44.74,705.48
2026-05-13T22:02:29,44.74,705.48
2026-05-13T22:02:34,44.65,693.35
2026-05-13T22:02:39,44.65,693.35
2026-05-13T22:02:44,44.25,668.97
2026-05-13T22:02:49,44.25,668.97
2026-05-13T22:02:54,44.67,684.6
2026-05-13T22:02:59,44.67,684.6
2026-05-13T22:03:04,44.58,695.39
2026-05-13T22:03:09,44.58,695.39
2026-05-13T22:03:14,44.56,686.78
2026-05-13T22:03:19,44.56,686.78
2026-05-13T22:03:24,44.21,679.98
2026-05-13T22:03:29,44.21,679.98
2026-05-13T22:03:34,43.32,664.45
2026-05-13T22:03:39,43.32,664.45
2026-05-13T22:03:44,43.83,665.04
2026-05-13T22:03:49,43.83,665.04
2026-05-13T22:03:54,44.47,674.77
2026-05-13T22:03:59,44.47,674.77
2026-05-13T22:04:04,44.32,679.06
2026-05-13T22:04:09,44.32,679.06
2026-05-13T22:04:14,44.91,683.35
2026-05-13T22:04:19,44.91,683.35
2026-05-13T22:04:24,44.59,674.45
2026-05-13T22:04:29,44.59,674.45
2026-05-13T22:04:34,43.44,655.05
2026-05-13T22:04:39,43.44,655.05
2026-05-13T22:04:44,43.71,667.79
2026-05-13T22:04:49,43.71,667.79
2026-05-13T22:04:54,44.26,690.63
2026-05-13T22:04:59,44.26,690.63
2026-05-13T22:05:04,43.82,684.01
2026-05-13T22:05:09,43.82,684.01
2026-05-13T22:05:14,43.76,661.57
2026-05-13T22:05:19,43.76,661.57
2026-05-13T22:05:24,43.84,657.39
2026-05-13T22:05:29,43.84,657.39
2026-05-13T22:05:34,44.28,662.53
2026-05-13T22:05:39,44.28,662.53
2026-05-13T22:05:44,44.11,656.64
2026-05-13T22:05:49,44.11,656.64
2026-05-13T22:05:54,44.06,653.51
2026-05-13T22:05:59,44.06,653.51
2026-05-13T22:06:04,44.76,654.52
2026-05-13T22:06:09,44.76,654.52
2026-05-13T22:06:14,44.44,674.61
2026-05-13T22:06:19,44.44,674.61
2026-05-13T22:06:24,43.97,692.59
2026-05-13T22:06:29,43.97,692.59
2026-05-13T22:06:34,44.39,688.62
2026-05-13T22:06:39,44.39,688.62
2026-05-13T22:06:44,44.53,656.99
2026-05-13T22:06:49,44.53,656.99
2026-05-13T22:06:54,44.64,652.61
2026-05-13T22:06:59,44.64,652.61
2026-05-13T22:07:04,45.19,679.62
2026-05-13T22:07:09,45.19,679.62
2026-05-13T22:07:14,45.82,694.58
2026-05-13T22:07:19,45.82,694.58
2026-05-13T22:07:24,46.03,687.22
2026-05-13T22:07:29,46.03,687.22
2026-05-13T22:07:34,45.97,673.54
2026-05-13T22:07:39,45.97,673.54
2026-05-13T22:07:44,46.21,680.81
2026-05-13T22:07:49,46.21,680.81
2026-05-13T22:07:54,45.99,678.95
2026-05-13T22:07:59,45.99,678.95
2026-05-13T22:08:04,45.72,681.38
2026-05-13T22:08:09,45.72,681.38
2026-05-13T22:08:14,45.57,692.31
2026-05-13T22:08:19,45.57,692.31
2026-05-13T22:08:24,45.77,697.5
2026-05-13T22:08:29,45.77,697.5
2026-05-13T22:08:34,46.2,688.75
2026-05-13T22:08:39,46.2,688.75
2026-05-13T22:08:44,45.62,666.76
2026-05-13T22:08:49,45.62,666.76
2026-05-13T22:08:54,45.83,672.63
2026-05-13T22:08:59,45.83,672.63
2026-05-13T22:09:04,45.77,677.3
2026-05-13T22:09:09,45.77,677.3
2026-05-13T22:09:14,45.45,683.2
2026-05-13T22:09:19,45.45,683.2
2026-05-13T22:09:24,45.88,677.7
2026-05-13T22:09:29,45.88,677.7
2026-05-13T22:09:34,45.73,669.02
2026-05-13T22:09:39,45.73,669.02
2026-05-13T22:09:44,45.36,686.9
2026-05-13T22:09:49,45.36,686.9
2026-05-13T22:09:54,45.5,687.99
2026-05-13T22:09:59,45.5,687.99
2026-05-13T22:10:04,45.25,667.19
2026-05-13T22:10:09,45.25,667.19
2026-05-13T22:10:14,44.44,658.16
2026-05-13T22:10:19,44.44,658.16
2026-05-13T22:10:24,45.21,675.65
2026-05-13T22:10:29,45.21,675.65
2026-05-13T22:10:34,45.86,680.42
2026-05-13T22:10:39,45.86,680.42
2026-05-13T22:10:44,45.43,670.79
2026-05-13T22:10:49,45.43,670.79
2026-05-13T22:10:54,45.11,675.08
2026-05-13T22:10:59,45.11,675.08
2026-05-13T22:11:04,45.59,677.43
2026-05-13T22:11:09,45.59,677.43
2026-05-13T22:11:14,45.31,672.22
2026-05-13T22:11:19,45.31,672.22
2026-05-13T22:11:24,44.82,678.18
2026-05-13T22:11:29,44.82,678.18
2026-05-13T22:11:34,45.1,686.68
2026-05-13T22:11:39,45.1,686.68
2026-05-13T22:11:44,45.39,682.93
2026-05-13T22:11:49,45.39,682.93
2026-05-13T22:11:54,45.26,664.56
2026-05-13T22:11:59,45.26,664.56
2026-05-13T22:12:04,44.9,658.08
2026-05-13T22:12:09,44.9,658.08
2026-05-13T22:12:14,45.25,677.61
2026-05-13T22:12:19,45.25,677.61
2026-05-13T22:12:24,45.38,691.67
2026-05-13T22:12:29,45.38,691.67
2026-05-13T22:12:34,44.51,680.76
2026-05-13T22:12:39,44.51,680.76
2026-05-13T22:12:44,44.54,685.26
2026-05-13T22:12:49,44.54,685.26
2026-05-13T22:12:54,44.45,668.07
2026-05-13T22:12:59,44.45,668.07
2026-05-13T22:13:04,44.08,649.33
2026-05-13T22:13:09,44.08,649.33
2026-05-13T22:13:14,44.19,662.67
2026-05-13T22:13:19,44.19,662.67
2026-05-13T22:13:24,44.41,664.87
2026-05-13T22:13:29,44.41,664.87
2026-05-13T22:13:34,44.57,672.64
2026-05-13T22:13:39,44.57,672.64
2026-05-13T22:13:44,44.68,684.08
2026-05-13T22:13:49,44.68,684.08
2026-05-13T22:13:54,44.66,689.06
2026-05-13T22:13:59,44.66,689.06
2026-05-13T22:14:04,43.09,662.55
2026-05-13T22:14:09,43.09,662.55
2026-05-13T22:14:14,41.22,628.33
2026-05-13T22:14:19,41.22,628.33
2026-05-13T22:14:24,39.78,619.75
2026-05-13T22:14:29,39.78,619.75
2026-05-13T22:14:34,38.47,603.76
2026-05-13T22:14:39,38.47,603.76
2026-05-13T22:14:44,37.58,574.14
2026-05-13T22:14:49,37.58,574.14
2026-05-13T22:14:54,36.15,547.67
2026-05-13T22:14:59,36.15,547.67
2026-05-13T22:15:04,33.87,510.66
2026-05-13T22:15:09,33.87,510.66
2026-05-13T22:15:14,32.83,490.1
2026-05-13T22:15:19,32.83,490.1
2026-05-13T22:15:24,31.62,471.06
2026-05-13T22:15:29,31.62,471.06
2026-05-13T22:15:34,29.82,444.51
2026-05-13T22:15:39,29.82,444.51
2026-05-13T22:15:44,28.12,420.2
2026-05-13T22:15:49,28.12,420.2
2026-05-13T22:15:54,26.86,402.45
2026-05-13T22:15:59,26.86,402.45
2026-05-13T22:16:04,25.45,379.2
2026-05-13T22:16:09,25.45,379.2
2026-05-13T22:16:14,23.9,359.28
2026-05-13T22:16:19,23.9,359.28
2026-05-13T22:16:24,22.7,339.11
2026-05-13T22:16:29,22.7,339.11
2026-05-13T22:16:34,20.85,298.41
2026-05-13T22:16:39,20.85,298.41
2026-05-13T22:16:44,19.6,281.46
2026-05-13T22:16:49,19.6,281.46
2026-05-13T22:16:54,18.19,260.84
2026-05-13T22:16:59,18.19,260.84
2026-05-13T22:17:04,16.32,241.51
2026-05-13T22:17:09,16.32,241.51
2026-05-13T22:17:14,14.92,228.04
2026-05-13T22:17:19,14.92,228.04
2026-05-13T22:17:24,13.85,201.38
2026-05-13T22:17:29,13.85,201.38
2026-05-13T22:17:34,12.64,184.77
2026-05-13T22:17:39,12.64,184.77
2026-05-13T22:17:44,10.94,167.62
2026-05-13T22:17:49,10.94,167.62
2026-05-13T22:17:54,9.18,138.18
2026-05-13T22:17:59,9.18,138.18
2026-05-13T22:18:04,7.7,113.78
2026-05-13T22:18:09,7.7,113.78
2026-05-13T22:18:14,6.29,88.99
2026-05-13T22:18:19,6.29,88.99
2026-05-13T22:18:24,4.74,62.59
2026-05-13T22:18:29,4.74,62.59
2026-05-13T22:18:34,3.3,46.65
2026-05-13T22:18:39,3.3,46.65
2026-05-13T22:18:44,1.96,25.92
2026-05-13T22:18:49,1.96,25.92
2026-05-13T22:18:54,0.78,4.88
2026-05-13T22:18:59,0.78,4.88
2026-05-13T22:19:04,0.24,0.17
2026-05-13T22:19:09,0.24,0.17
2026-05-13T22:19:14,0.04,0.03
2026-05-13T22:19:19,0.04,0.03
2026-05-13T22:19:24,0.03,0.07
2026-05-13T22:19:29,0.03,0.07
2026-05-13T22:19:34,1.62,0.42
2026-05-13T22:19:39,1.62,0.42
2026-05-13T22:19:44,1.86,2.02
2026-05-13T22:19:49,1.86,2.02
2026-05-13T22:19:54,0.46,2.78
2026-05-13T22:19:59,0.46,2.78
2026-05-13T22:20:04,0.4,2.23
2026-05-13T22:20:09,0.26,1.47
