timestamp,cpu_total_pct,mem_used_mb,mem_total_mb,pg_active,pg_idle,pg_cache_hit_ratio,pg_tps_delta,target_pid_cpu_pct,target_pid_mem_mb
2026-05-13T13:56:07,10.7,1132,7941,0,3,100.00,9,4.8,181.0
2026-05-13T13:56:12,8.3,1088,7941,0,3,100.00,6,0.7,187.5
2026-05-13T13:56:18,7.5,1125,7941,0,3,100.00,14,1.1,188.0
2026-05-13T13:56:23,30.0,1054,7941,0,3,100.00,16,1.8,157.9
2026-05-13T13:56:28,22.2,1075,7941,0,4,100.00,18,1.4,175.1
2026-05-13T13:56:33,31.0,1075,7941,0,5,100.00,11,1.0,178.4
2026-05-13T13:56:39,35.6,1087,7941,5,5,100.00,21,1.2,180.5
2026-05-13T13:56:44,19.1,1086,7941,0,7,100.00,14,1.5,185.9
2026-05-13T13:56:49,13.1,1109,7941,0,5,100.00,13,2.1,198.7
2026-05-13T13:56:54,7.5,1101,7941,0,4,100.00,18,1.2,199.3
2026-05-13T13:57:00,11.2,1123,7941,0,4,100.00,8,2.4,215.9
2026-05-13T13:57:05,15.3,1113,7941,0,4,100.00,12,2.8,221.4
2026-05-13T13:57:10,3.4,1126,7941,0,4,100.00,6,1.5,229.3
2026-05-13T13:57:15,8.1,1127,7941,0,4,100.00,14,1.6,229.4
2026-05-13T13:57:21,4.0,1130,7941,0,4,100.00,9,1.9,231.8
2026-05-13T13:57:26,4.3,1118,7941,0,3,100.00,14,2.1,232.1
2026-05-13T13:57:31,3.9,1121,7941,0,3,100.00,7,2.1,232.1
2026-05-13T13:57:36,4.5,1130,7941,0,3,100.00,14,2.2,232.2
2026-05-13T13:57:41,4.7,1127,7941,0,3,100.00,12,2.9,233.1
2026-05-13T13:57:47,4.8,1131,7941,0,3,100.00,12,2.5,233.1
2026-05-13T13:57:52,4.6,1131,7941,0,3,100.00,10,2.5,233.3
2026-05-13T13:57:57,5.3,1128,7941,0,3,100.00,14,2.9,229.1
2026-05-13T13:58:02,5.1,1126,7941,0,3,100.00,9,2.9,229.1
2026-05-13T13:58:08,4.8,1124,7941,0,3,100.00,15,2.4,229.1
2026-05-13T13:58:13,6.3,1128,7941,1,4,100.00,11,3.1,229.9
2026-05-13T13:58:18,7.5,1130,7941,0,5,100.00,21,3.0,230.0
2026-05-13T13:58:23,10.3,1130,7941,0,4,100.00,12,3.9,230.7
2026-05-13T13:58:29,13.1,1131,7941,0,5,100.00,15,2.5,230.8
2026-05-13T13:58:34,11.6,1134,7941,0,5,100.00,20,3.7,231.3
2026-05-13T13:58:39,15.0,1128,7941,0,4,100.00,16,3.3,231.3
2026-05-13T13:58:44,10.0,1130,7941,0,4,100.00,20,3.1,231.4
2026-05-13T13:58:50,7.4,1131,7941,0,5,100.00,15,3.9,232.3
2026-05-13T13:58:55,6.3,1129,7941,0,5,100.00,24,3.2,232.3
2026-05-13T13:59:00,6.9,1122,7941,0,4,100.00,20,4.0,232.5
2026-05-13T13:59:06,14.6,1131,7941,1,4,100.00,19,5.1,233.7
2026-05-13T13:59:11,7.3,1138,7941,0,4,100.00,12,3.7,233.8
2026-05-13T13:59:16,8.1,1138,7941,0,3,100.00,23,4.5,234.2
2026-05-13T13:59:22,7.6,1139,7941,0,3,100.00,17,4.7,235.1
2026-05-13T13:59:27,7.1,1135,7941,0,3,100.00,27,4.0,235.2
2026-05-13T13:59:32,6.9,1140,7941,0,3,100.00,17,4.3,235.4
2026-05-13T13:59:37,7.6,1135,7941,0,5,100.00,21,4.6,236.1
2026-05-13T13:59:43,7.9,1145,7941,0,5,100.00,22,4.8,236.3
2026-05-13T13:59:48,8.2,1140,7941,0,4,100.00,25,4.9,236.4
2026-05-13T13:59:53,7.1,1131,7941,0,4,100.00,12,4.0,236.5
2026-05-13T13:59:59,8.7,1135,7941,0,4,100.00,29,5.1,237.2
2026-05-13T14:00:04,10.2,1136,7941,0,4,100.00,23,8.4,237.3
2026-05-13T14:00:10,10.7,1135,7941,1,3,100.00,15,11.2,237.6
2026-05-13T14:00:15,13.1,1130,7941,0,3,100.00,23,10.4,237.6
2026-05-13T14:00:21,14.9,1136,7941,0,4,100.00,27,7.4,237.8
2026-05-13T14:00:26,15.3,1138,7941,0,5,100.00,31,9.1,241.7
2026-05-13T14:00:31,20.2,1144,7941,0,5,100.00,20,6.9,241.7
2026-05-13T14:00:37,26.0,1149,7941,0,5,100.00,32,6.8,243.8
2026-05-13T14:00:42,19.1,1149,7941,3,4,100.00,22,6.6,243.8
2026-05-13T14:00:47,21.1,1151,7941,0,5,100.00,32,5.8,243.8
2026-05-13T14:00:53,13.4,1147,7941,0,5,100.00,20,6.8,243.4
2026-05-13T14:00:58,10.4,1147,7941,0,5,100.00,27,6.5,243.4
2026-05-13T14:01:03,14.5,1151,7941,1,4,100.00,30,10.5,243.5
2026-05-13T14:01:09,26.5,1146,7941,1,4,100.00,34,8.4,243.6
2026-05-13T14:01:14,13.9,1145,7941,0,5,100.00,35,6.8,243.6
2026-05-13T14:01:19,10.5,1151,7941,0,4,100.00,33,6.7,248.6
2026-05-13T14:01:25,10.2,1150,7941,0,4,100.00,36,6.0,248.6
2026-05-13T14:01:30,10.1,1157,7941,0,4,100.00,30,6.0,249.1
2026-05-13T14:01:35,11.3,1160,7941,0,5,100.00,40,7.1,254.4
2026-05-13T14:01:40,9.2,1156,7941,0,5,100.00,27,5.7,254.4
2026-05-13T14:01:46,10.6,1158,7941,0,5,100.00,32,6.5,254.5
2026-05-13T14:01:51,9.9,1153,7941,0,5,100.00,25,6.3,254.5
2026-05-13T14:01:56,9.2,1157,7941,0,5,100.00,31,5.8,254.5
2026-05-13T14:02:02,11.0,1160,7941,0,5,100.00,22,8.1,254.5
2026-05-13T14:02:07,10.5,1153,7941,0,5,100.00,32,6.6,254.5
2026-05-13T14:02:12,10.0,1153,7941,0,4,100.00,29,6.6,254.6
2026-05-13T14:02:18,33.2,1165,7941,0,9,100.00,33,6.2,254.6
2026-05-13T14:02:23,33.6,1176,7941,0,9,100.00,23,5.9,254.6
2026-05-13T14:02:28,34.0,1185,7941,0,9,100.00,33,5.3,254.6
2026-05-13T14:02:33,26.3,1170,7941,0,6,100.00,21,5.9,254.6
2026-05-13T14:02:39,49.1,1177,7941,1,6,100.00,35,5.8,254.6
2026-05-13T14:02:44,79.1,1177,7941,3,6,100.00,42,6.0,254.7
2026-05-13T14:02:49,58.7,1177,7941,0,10,100.00,33,6.5,254.7
2026-05-13T14:02:55,43.5,1178,7941,3,9,100.00,44,6.1,254.7
2026-05-13T14:03:00,16.4,1160,7941,0,6,100.00,33,6.8,254.7
2026-05-13T14:03:05,11.6,1151,7941,4,1,100.00,27,8.8,254.7
2026-05-13T14:03:11,23.3,1162,7941,4,3,100.00,27,6.0,254.8
2026-05-13T14:03:16,15.0,1167,7941,0,5,100.00,31,6.1,254.8
2026-05-13T14:03:21,21.5,1167,7941,0,7,100.00,23,6.5,254.8
2026-05-13T14:03:27,9.8,1168,7941,0,7,100.00,25,5.9,254.8
2026-05-13T14:03:32,9.0,1153,7941,0,4,100.00,23,5.7,254.8
2026-05-13T14:03:37,9.1,1169,7941,0,4,100.00,29,5.4,254.8
2026-05-13T14:03:43,9.9,1163,7941,0,5,100.00,32,6.3,254.8
2026-05-13T14:03:48,10.2,1165,7941,0,5,100.00,38,6.2,254.8
2026-05-13T14:03:53,9.6,1157,7941,0,5,100.00,28,5.9,254.9
2026-05-13T14:03:58,9.6,1163,7941,0,5,100.00,31,5.9,254.9
2026-05-13T14:04:04,10.7,1158,7941,0,4,100.00,27,7.9,254.9
2026-05-13T14:04:09,10.3,1162,7941,0,3,100.00,19,6.5,255.0
2026-05-13T14:04:14,8.8,1160,7941,0,5,100.00,32,5.2,255.0
2026-05-13T14:04:20,10.0,1166,7941,0,5,100.00,28,6.3,255.0
2026-05-13T14:04:25,15.2,1151,7941,0,4,100.00,42,6.7,255.0
2026-05-13T14:04:30,13.0,1154,7941,0,4,100.00,21,6.0,255.0
2026-05-13T14:04:35,22.1,1162,7941,0,7,100.00,28,6.3,255.0
2026-05-13T14:04:41,14.4,1162,7941,1,6,100.00,34,5.9,255.0
2026-05-13T14:04:46,26.0,1166,7941,0,6,100.00,32,5.1,255.0
2026-05-13T14:04:51,14.7,1159,7941,0,5,100.00,24,5.4,255.1
2026-05-13T14:04:57,9.6,1162,7941,0,5,100.00,27,5.0,255.2
2026-05-13T14:05:02,9.6,1166,7941,0,5,100.00,30,7.0,255.2
2026-05-13T14:05:08,11.3,1153,7941,0,5,100.00,32,8.1,255.2
2026-05-13T14:05:13,13.7,1161,7941,0,5,100.00,25,5.7,255.2
2026-05-13T14:05:18,8.9,1153,7941,0,4,100.00,33,5.3,255.2
2026-05-13T14:05:23,9.3,1156,7941,0,3,100.00,22,5.5,255.2
2026-05-13T14:05:29,9.2,1160,7941,0,3,100.00,38,5.6,255.2
2026-05-13T14:05:34,9.5,1155,7941,0,4,100.00,31,5.7,255.2
2026-05-13T14:05:39,8.0,1159,7941,0,4,100.00,27,4.9,255.2
2026-05-13T14:05:44,9.4,1152,7941,0,3,100.00,32,5.8,255.2
2026-05-13T14:05:50,8.2,1156,7941,0,4,100.00,22,5.2,255.2
2026-05-13T14:05:55,8.1,1163,7941,0,4,100.00,26,4.2,255.2
2026-05-13T14:06:00,8.7,1158,7941,0,3,100.00,27,6.4,255.2
2026-05-13T14:06:06,10.3,1156,7941,0,4,100.00,25,6.3,255.2
2026-05-13T14:06:11,8.3,1158,7941,0,4,100.00,19,5.3,255.2
2026-05-13T14:06:16,8.6,1158,7941,0,4,100.00,27,5.0,255.2
2026-05-13T14:06:21,9.0,1149,7941,0,3,100.00,36,5.5,255.2
2026-05-13T14:06:27,12.2,1157,7941,0,5,100.00,37,4.5,255.2
2026-05-13T14:06:32,15.1,1159,7941,0,5,100.00,32,5.3,255.2
2026-05-13T14:06:37,12.7,1155,7941,0,5,100.00,33,5.2,255.2
2026-05-13T14:06:42,15.2,1159,7941,0,5,100.00,38,5.8,255.2
2026-05-13T14:06:48,26.9,1172,7941,3,5,100.00,36,4.9,255.2
2026-05-13T14:06:53,25.7,1163,7941,0,7,100.00,23,5.3,255.2
2026-05-13T14:06:58,11.1,1162,7941,0,5,100.00,34,5.8,255.3
2026-05-13T14:07:04,9.6,1156,7941,0,4,100.00,22,6.1,255.3
2026-05-13T14:07:09,9.0,1155,7941,0,3,100.00,34,5.2,255.3
2026-05-13T14:07:14,11.8,1164,7941,0,5,100.00,36,5.9,255.3
2026-05-13T14:07:19,12.6,1167,7941,1,4,100.00,27,5.1,255.3
2026-05-13T14:07:24,9.1,1162,7941,0,4,100.00,31,5.4,255.3
2026-05-13T14:07:30,8.6,1160,7941,0,4,100.00,28,5.5,255.3
2026-05-13T14:07:35,8.7,1166,7941,0,5,100.00,31,5.0,255.3
2026-05-13T14:07:40,7.9,1163,7941,0,5,100.00,17,5.0,255.5
2026-05-13T14:07:46,8.2,1162,7941,0,5,100.00,25,5.0,255.5
2026-05-13T14:07:51,7.7,1153,7941,0,3,100.00,23,4.9,255.5
2026-05-13T14:07:56,7.8,1153,7941,0,4,100.00,27,4.7,255.5
2026-05-13T14:08:01,7.9,1156,7941,0,4,100.00,25,5.0,255.5
2026-05-13T14:08:06,9.3,1162,7941,0,5,100.00,31,5.7,255.5
2026-05-13T14:08:12,7.1,1156,7941,0,4,100.00,24,4.5,255.8
2026-05-13T14:08:17,7.6,1161,7941,0,5,100.00,30,4.5,255.8
2026-05-13T14:08:22,7.2,1165,7941,0,7,100.00,24,4.3,255.8
2026-05-13T14:08:27,21.4,1180,7941,11,1,100.00,36,5.1,255.9
2026-05-13T14:08:33,40.3,1186,7941,0,11,100.00,27,5.1,255.9
2026-05-13T14:08:38,15.5,1177,7941,0,11,100.00,37,5.1,255.9
2026-05-13T14:08:43,38.1,1169,7941,0,7,100.00,31,4.4,256.0
2026-05-13T14:08:49,47.6,1183,7941,5,7,100.00,33,5.2,256.0
2026-05-13T14:08:54,40.8,1172,7941,0,9,100.00,43,4.9,256.0
2026-05-13T14:08:59,39.4,1172,7941,0,7,100.00,30,4.8,256.1
2026-05-13T14:09:04,27.2,1166,7941,0,6,100.00,34,9.8,256.1
2026-05-13T14:09:10,9.1,1170,7941,0,6,100.00,26,5.7,256.1
2026-05-13T14:09:15,15.3,1164,7941,0,5,100.00,34,5.1,256.1
2026-05-13T14:09:20,8.4,1169,7941,0,5,100.00,32,5.2,256.1
2026-05-13T14:09:26,13.4,1159,7941,0,5,100.00,40,5.2,256.1
2026-05-13T14:09:31,22.0,1168,7941,0,7,100.00,23,4.9,256.1
2026-05-13T14:09:36,8.2,1165,7941,0,7,100.00,35,4.9,256.1
2026-05-13T14:09:41,7.4,1163,7941,0,5,100.00,29,4.6,256.1
2026-05-13T14:09:47,7.7,1157,7941,0,5,100.00,30,4.8,256.1
2026-05-13T14:09:52,7.3,1159,7941,0,3,100.00,28,4.5,256.2
2026-05-13T14:09:57,8.1,1158,7941,0,3,100.00,25,4.9,256.2
2026-05-13T14:10:02,9.6,1165,7941,0,5,100.00,30,7.5,256.2
2026-05-13T14:10:08,12.4,1164,7941,0,5,100.00,30,9.0,256.2
2026-05-13T14:10:13,9.7,1158,7941,0,4,100.00,31,6.1,256.2
2026-05-13T14:10:19,10.3,1161,7941,0,3,100.00,25,6.1,256.2
2026-05-13T14:10:24,9.9,1151,7941,0,3,100.00,29,5.9,256.2
2026-05-13T14:10:29,8.7,1162,7941,1,3,100.00,27,5.1,256.2
2026-05-13T14:10:34,15.9,1164,7941,0,7,100.00,29,4.8,256.5
2026-05-13T14:10:40,9.8,1170,7941,0,7,100.00,27,4.3,256.5
2026-05-13T14:10:45,11.7,1156,7941,0,5,100.00,34,4.8,256.5
2026-05-13T14:10:50,10.7,1163,7941,0,5,100.00,27,4.8,256.5
2026-05-13T14:10:55,25.2,1169,7941,1,5,100.00,32,5.0,256.8
2026-05-13T14:11:01,11.2,1167,7941,0,6,100.00,25,4.6,256.8
2026-05-13T14:11:06,9.2,1153,7941,0,4,100.00,23,5.1,256.8
2026-05-13T14:11:11,7.5,1158,7941,0,5,100.00,21,4.5,256.8
2026-05-13T14:11:16,9.4,1166,7941,0,5,100.00,37,4.8,256.8
2026-05-13T14:11:22,7.8,1156,7941,0,4,100.00,27,4.8,256.8
2026-05-13T14:11:27,7.6,1157,7941,0,4,100.00,34,4.6,256.8
2026-05-13T14:11:32,11.4,1165,7941,0,5,100.00,31,5.0,256.8
2026-05-13T14:11:37,7.9,1163,7941,0,5,100.00,35,4.9,256.8
2026-05-13T14:11:43,7.4,1158,7941,0,4,100.00,27,4.7,256.8
2026-05-13T14:11:48,8.4,1162,7941,0,4,100.00,34,4.9,256.8
2026-05-13T14:11:53,7.0,1159,7941,0,4,100.00,25,4.4,256.8
2026-05-13T14:11:58,8.6,1161,7941,0,4,100.00,32,4.9,257.0
2026-05-13T14:12:04,9.7,1163,7941,0,5,100.00,26,7.4,257.0
2026-05-13T14:12:09,8.5,1164,7941,0,5,100.00,27,5.1,257.0
2026-05-13T14:12:14,8.0,1153,7941,0,4,100.00,27,4.9,257.0
2026-05-13T14:12:19,8.1,1160,7941,0,5,100.00,30,5.0,257.0
2026-05-13T14:12:25,8.2,1155,7941,0,5,100.00,29,5.0,257.0
2026-05-13T14:12:30,7.8,1159,7941,0,5,100.00,31,4.7,257.0
2026-05-13T14:12:35,12.1,1165,7941,0,5,100.00,35,5.1,257.0
2026-05-13T14:12:40,7.5,1168,7941,1,4,100.00,23,4.6,257.1
2026-05-13T14:12:46,14.0,1157,7941,0,6,100.00,30,4.5,257.1
2026-05-13T14:12:51,9.1,1165,7941,0,6,100.00,23,4.5,257.1
2026-05-13T14:12:56,19.7,1162,7941,0,5,100.00,34,4.0,257.1
2026-05-13T14:13:01,13.2,1164,7941,1,4,100.00,24,5.1,257.1
2026-05-13T14:13:07,12.3,1168,7941,0,5,100.00,30,5.9,257.1
2026-05-13T14:13:12,8.5,1172,7941,0,5,100.00,25,5.4,257.1
2026-05-13T14:13:17,11.0,1171,7941,0,5,100.00,42,5.6,257.1
2026-05-13T14:13:22,8.8,1174,7941,0,5,100.00,26,5.5,257.1
2026-05-13T14:13:28,9.1,1164,7941,0,4,100.00,41,5.5,257.1
2026-05-13T14:13:33,11.8,1158,7941,0,6,100.00,24,4.9,257.2
2026-05-13T14:13:38,8.8,1165,7941,0,6,100.00,28,5.2,257.2
2026-05-13T14:13:44,8.4,1153,7941,0,3,100.00,27,5.5,257.2
2026-05-13T14:13:49,8.4,1164,7941,0,5,100.00,27,5.1,257.2
2026-05-13T14:13:54,8.4,1160,7941,0,5,100.00,32,5.1,257.2
2026-05-13T14:13:59,7.6,1160,7941,0,5,100.00,25,4.5,257.2
2026-05-13T14:14:05,9.8,1159,7941,0,5,100.00,32,6.2,257.2
2026-05-13T14:14:10,8.1,1161,7941,0,5,100.00,26,4.9,257.2
2026-05-13T14:14:15,8.8,1167,7941,0,3,100.00,34,5.3,257.2
2026-05-13T14:14:20,8.9,1165,7941,0,4,100.00,23,5.5,257.3
2026-05-13T14:14:26,9.7,1159,7941,0,5,100.00,38,5.9,257.3
2026-05-13T14:14:31,8.8,1166,7941,0,5,100.00,26,5.3,257.3
2026-05-13T14:14:36,39.9,1165,7941,0,7,100.00,40,5.9,257.3
2026-05-13T14:14:41,15.7,1171,7941,0,7,100.00,31,5.7,257.3
2026-05-13T14:14:47,31.4,1176,7941,0,7,100.00,38,5.9,257.3
2026-05-13T14:14:52,49.8,1180,7941,0,11,100.00,29,5.9,257.3
2026-05-13T14:14:57,69.6,1197,7941,10,4,100.00,36,5.7,257.3
2026-05-13T14:15:03,99.9,1190,7941,12,1,100.00,22,6.4,257.3
2026-05-13T14:15:08,99.9,1189,7941,13,1,100.00,22,6.4,257.3
2026-05-13T14:15:14,97.6,1186,7941,1,10,100.00,68,5.1,257.7
2026-05-13T14:15:19,17.6,1190,7941,0,11,100.00,30,5.7,257.7
2026-05-13T14:15:25,10.1,1167,7941,0,5,100.00,34,5.9,262.2
2026-05-13T14:15:30,8.8,1170,7941,0,5,100.00,28,5.2,262.2
2026-05-13T14:15:35,23.2,1168,7941,0,5,100.00,32,5.0,262.2
2026-05-13T14:15:40,9.0,1167,7941,0,5,100.00,27,5.2,264.7
2026-05-13T14:15:46,9.0,1173,7941,0,3,100.00,26,5.0,273.0
2026-05-13T14:15:51,8.0,1180,7941,0,3,100.00,24,4.9,281.0
2026-05-13T14:15:56,8.7,1188,7941,0,3,100.00,25,5.1,284.7
2026-05-13T14:16:01,9.3,1189,7941,0,5,100.00,19,6.0,284.7
2026-05-13T14:16:07,9.2,1186,7941,0,5,100.00,30,5.4,284.7
2026-05-13T14:16:12,9.6,1188,7941,0,3,100.00,29,6.2,284.7
2026-05-13T14:16:17,9.1,1181,7941,0,3,100.00,27,5.2,284.7
2026-05-13T14:16:23,8.7,1186,7941,0,4,100.00,25,5.2,284.7
2026-05-13T14:16:28,9.2,1192,7941,0,4,100.00,27,5.5,284.7
2026-05-13T14:16:33,9.4,1197,7941,0,3,100.00,33,5.3,284.7
2026-05-13T14:16:38,14.6,1187,7941,0,5,100.00,31,5.7,284.7
2026-05-13T14:16:44,9.8,1189,7941,1,5,100.00,37,5.5,284.7
2026-05-13T14:16:49,11.6,1195,7941,1,4,100.00,32,5.9,284.7
2026-05-13T14:16:54,15.1,1190,7941,0,5,100.00,34,6.0,284.7
2026-05-13T14:17:00,17.3,1190,7941,0,6,100.00,27,5.3,284.7
2026-05-13T14:17:05,16.2,1200,7941,0,6,100.00,34,7.4,284.7
2026-05-13T14:17:10,15.0,1202,7941,1,4,100.00,28,5.1,284.7
2026-05-13T14:17:16,15.4,1192,7941,0,5,100.00,31,5.9,284.7
2026-05-13T14:17:21,11.4,1196,7941,0,5,100.00,31,5.9,284.7
2026-05-13T14:17:26,9.8,1188,7941,0,5,100.00,36,5.9,284.7
2026-05-13T14:17:31,8.7,1199,7941,0,5,100.00,25,5.4,284.7
2026-05-13T14:17:37,15.1,1197,7941,0,5,100.00,35,6.1,284.7
2026-05-13T14:17:42,8.8,1196,7941,0,5,100.00,22,5.5,284.7
2026-05-13T14:17:47,9.3,1189,7941,0,4,100.00,38,5.4,284.7
2026-05-13T14:17:53,8.8,1194,7941,0,4,100.00,25,5.5,284.7
2026-05-13T14:17:58,10.0,1196,7941,0,5,100.00,25,6.0,284.7
2026-05-13T14:18:03,11.1,1200,7941,0,5,100.00,26,8.0,284.7
2026-05-13T14:18:08,8.5,1187,7941,0,5,100.00,27,5.0,284.7
2026-05-13T14:18:14,8.8,1180,7941,1,3,100.00,32,5.2,284.7
2026-05-13T14:18:19,9.0,1187,7941,0,3,100.00,24,5.5,284.7
2026-05-13T14:18:24,8.8,1190,7941,0,4,100.00,28,5.3,284.9
2026-05-13T14:18:30,8.1,1192,7941,0,4,100.00,21,5.0,284.9
2026-05-13T14:18:35,8.9,1184,7941,0,4,100.00,39,5.4,284.9
2026-05-13T14:18:40,11.3,1190,7941,0,4,100.00,19,5.2,284.9
2026-05-13T14:18:45,9.4,1192,7941,0,4,100.00,33,5.4,284.9
2026-05-13T14:18:51,10.2,1193,7941,0,4,100.00,24,5.4,284.9
2026-05-13T14:18:56,15.0,1197,7941,0,4,100.00,30,5.6,284.9
2026-05-13T14:19:01,17.6,1201,7941,0,5,100.00,29,6.2,284.9
2026-05-13T14:19:07,22.4,1193,7941,0,5,100.00,33,9.2,284.9
2026-05-13T14:19:12,15.0,1197,7941,0,5,100.00,30,5.8,284.9
2026-05-13T14:19:17,14.4,1189,7941,0,5,100.00,34,6.5,284.9
2026-05-13T14:19:23,11.4,1196,7941,0,5,100.00,29,6.2,284.9
2026-05-13T14:19:28,12.0,1189,7941,0,4,100.00,34,5.8,284.9
2026-05-13T14:19:33,9.5,1194,7941,0,5,100.00,26,6.0,284.9
2026-05-13T14:19:39,14.6,1196,7941,0,5,100.00,29,6.0,284.9
2026-05-13T14:19:44,8.8,1198,7941,0,4,100.00,25,5.7,284.9
2026-05-13T14:19:49,8.8,1187,7941,0,3,100.00,24,5.2,284.9
2026-05-13T14:19:54,8.8,1189,7941,0,4,100.00,43,5.2,284.9
2026-05-13T14:20:00,8.1,1194,7941,0,4,100.00,15,5.1,284.9
2026-05-13T14:20:05,12.4,1182,7941,0,3,100.00,34,10.4,284.9
2026-05-13T14:20:10,13.1,1193,7941,0,5,100.00,35,10.0,284.9
2026-05-13T14:20:16,11.6,1195,7941,0,5,100.00,33,7.6,284.9
2026-05-13T14:20:21,9.7,1193,7941,0,5,100.00,28,6.5,284.9
2026-05-13T14:20:26,10.2,1197,7941,0,5,100.00,31,6.1,284.9
2026-05-13T14:20:32,9.6,1190,7941,0,3,100.00,31,5.7,284.9
2026-05-13T14:20:37,16.5,1202,7941,0,7,100.00,30,6.0,284.9
2026-05-13T14:20:42,31.8,1199,7941,3,6,100.00,29,4.7,284.9
2026-05-13T14:20:48,31.8,1205,7941,3,5,100.00,42,5.9,284.9
2026-05-13T14:20:53,26.9,1194,7941,0,7,100.00,27,4.9,284.9
2026-05-13T14:20:58,25.2,1200,7941,0,7,100.00,32,5.3,284.9
2026-05-13T14:21:03,37.0,1208,7941,4,5,100.00,37,7.6,284.9
2026-05-13T14:21:09,42.9,1205,7941,0,8,100.00,32,6.0,284.9
2026-05-13T14:21:14,42.1,1206,7941,0,8,100.00,35,5.9,284.9
2026-05-13T14:21:19,59.9,1208,7941,7,4,100.00,34,5.7,284.9
2026-05-13T14:21:25,30.3,1208,7941,0,8,100.00,33,5.9,284.9
2026-05-13T14:21:30,16.3,1207,7941,0,6,100.00,29,4.6,285.1
2026-05-13T14:21:35,9.8,1199,7941,0,5,100.00,36,5.9,285.1
2026-05-13T14:21:41,46.3,1211,7941,0,9,100.00,30,5.1,285.1
2026-05-13T14:21:46,11.0,1210,7941,0,9,100.00,41,6.2,285.1
2026-05-13T14:21:51,8.7,1187,7941,0,4,100.00,37,5.4,285.1
2026-05-13T14:21:56,9.2,1192,7941,0,5,100.00,40,5.1,285.1
2026-05-13T14:22:02,10.3,1195,7941,0,5,100.00,30,7.0,285.1
2026-05-13T14:22:07,10.2,1196,7941,0,4,100.00,23,6.3,285.1
2026-05-13T14:22:12,8.1,1194,7941,0,3,100.00,33,5.0,285.1
2026-05-13T14:22:18,7.9,1191,7941,0,5,100.00,26,4.5,285.1
2026-05-13T14:22:23,8.5,1188,7941,0,5,100.00,23,5.3,285.1
2026-05-13T14:22:28,8.4,1183,7941,0,4,100.00,43,5.2,285.1
2026-05-13T14:22:33,8.0,1189,7941,0,4,100.00,20,4.9,285.1
2026-05-13T14:22:39,8.2,1190,7941,0,4,100.00,37,4.3,285.1
2026-05-13T14:22:44,11.6,1191,7941,0,4,100.00,29,4.5,285.1
2026-05-13T14:22:49,9.3,1190,7941,0,4,100.00,30,5.2,285.1
2026-05-13T14:22:54,9.8,1195,7941,0,5,100.00,37,4.7,285.1
2026-05-13T14:23:00,9.3,1201,7941,0,5,100.00,19,4.8,285.1
2026-05-13T14:23:05,29.5,1191,7941,0,5,100.00,35,5.5,285.1
2026-05-13T14:23:10,8.8,1192,7941,0,5,100.00,27,4.6,285.1
2026-05-13T14:23:15,12.9,1191,7941,0,4,100.00,26,4.6,285.1
2026-05-13T14:23:21,9.8,1199,7941,1,3,100.00,30,4.1,285.1
2026-05-13T14:23:26,8.9,1194,7941,0,6,100.00,31,4.5,285.1
2026-05-13T14:23:31,8.2,1200,7941,0,6,100.00,26,4.0,285.1
2026-05-13T14:23:36,7.5,1192,7941,0,4,100.00,24,4.3,285.1
2026-05-13T14:23:41,7.2,1189,7941,0,4,100.00,22,4.5,285.1
2026-05-13T14:23:47,14.7,1192,7941,0,5,100.00,27,5.1,285.1
2026-05-13T14:23:52,7.6,1194,7941,0,5,100.00,27,4.9,285.1
2026-05-13T14:23:57,8.3,1195,7941,0,5,100.00,29,5.1,285.1
2026-05-13T14:24:02,9.7,1179,7941,0,3,100.00,33,6.8,285.1
2026-05-13T14:24:08,8.3,1185,7941,0,4,100.00,27,4.8,285.1
2026-05-13T14:24:13,9.9,1214,7941,0,4,100.00,21,4.7,285.1
2026-05-13T14:24:18,7.4,1184,7941,0,3,100.00,32,4.4,285.1
2026-05-13T14:24:23,7.3,1190,7941,0,3,100.00,23,4.5,285.1
2026-05-13T14:24:29,7.6,1183,7941,0,3,100.00,37,4.7,285.1
2026-05-13T14:24:34,7.4,1186,7941,0,3,100.00,25,4.6,285.1
2026-05-13T14:24:39,7.8,1187,7941,0,4,100.00,27,4.7,285.1
2026-05-13T14:24:44,13.8,1196,7941,0,5,100.00,32,4.9,285.1
2026-05-13T14:24:50,7.6,1198,7941,0,5,100.00,19,4.3,285.1
2026-05-13T14:24:55,9.1,1189,7941,1,3,100.00,40,4.7,285.1
2026-05-13T14:25:00,12.7,1198,7941,0,6,100.00,26,4.5,285.1
2026-05-13T14:25:05,41.0,1197,7941,1,5,100.00,30,10.3,285.1
2026-05-13T14:25:11,11.1,1191,7941,0,5,100.00,20,5.1,285.1
2026-05-13T14:25:16,11.8,1187,7941,0,4,100.00,38,4.9,285.1
2026-05-13T14:25:21,11.5,1191,7941,0,4,100.00,26,5.1,285.2
2026-05-13T14:25:26,11.1,1190,7941,0,5,100.00,31,5.0,285.2
2026-05-13T14:25:32,9.9,1190,7941,0,5,100.00,29,5.1,285.2
2026-05-13T14:25:37,7.5,1194,7941,0,5,100.00,22,4.2,285.2
2026-05-13T14:25:42,7.5,1190,7941,0,4,100.00,32,4.7,285.2
2026-05-13T14:25:47,11.0,1188,7941,0,4,100.00,27,4.6,285.2
2026-05-13T14:25:53,7.5,1192,7941,0,4,100.00,26,4.5,285.2
2026-05-13T14:25:58,8.3,1187,7941,0,4,100.00,37,5.3,285.2
2026-05-13T14:26:03,8.3,1188,7941,0,4,100.00,38,5.2,285.2
2026-05-13T14:26:08,7.8,1190,7941,0,5,100.00,28,4.6,285.2
2026-05-13T14:26:14,6.8,1193,7941,0,5,100.00,13,4.2,285.2
2026-05-13T14:26:19,7.6,1181,7941,0,3,100.00,40,4.6,285.2
2026-05-13T14:26:24,7.3,1188,7941,0,4,100.00,32,4.3,285.2
2026-05-13T14:26:29,7.9,1192,7941,0,4,100.00,29,4.9,285.2
2026-05-13T14:26:34,8.3,1191,7941,0,4,100.00,38,4.5,285.2
2026-05-13T14:26:40,11.4,1195,7941,3,3,100.00,37,4.7,285.2
2026-05-13T14:26:45,10.2,1191,7941,0,4,100.00,29,5.0,285.2
2026-05-13T14:26:50,18.9,1194,7941,0,8,100.00,37,4.7,285.2
2026-05-13T14:26:55,38.4,1200,7941,3,6,100.00,38,4.7,285.2
2026-05-13T14:27:01,18.7,1203,7941,0,7,100.00,31,4.4,285.2
2026-05-13T14:27:06,32.3,1192,7941,0,6,100.00,42,6.3,285.2
2026-05-13T14:27:11,31.7,1199,7941,0,5,100.00,32,4.7,285.2
2026-05-13T14:27:17,34.5,1195,7941,0,6,100.00,34,4.5,285.2
2026-05-13T14:27:22,17.3,1199,7941,0,6,100.00,30,4.0,285.2
2026-05-13T14:27:27,55.8,1221,7941,2,9,100.00,36,4.9,285.2
2026-05-13T14:27:32,35.4,1214,7941,0,10,100.00,28,4.1,285.2
2026-05-13T14:27:37,12.2,1217,7941,0,8,100.00,33,4.5,285.2
2026-05-13T14:27:43,7.0,1199,7941,0,5,100.00,24,4.2,285.2
2026-05-13T14:27:48,8.5,1191,7941,4,3,100.00,38,5.1,285.2
2026-05-13T14:27:53,21.7,1198,7941,0,5,100.00,30,4.9,285.2
2026-05-13T14:27:59,8.0,1197,7941,0,4,100.00,28,4.5,285.2
2026-05-13T14:28:04,9.4,1193,7941,1,4,100.00,29,5.9,285.2
2026-05-13T14:28:09,8.5,1193,7941,0,5,100.00,24,5.3,285.2
2026-05-13T14:28:14,9.4,1184,7941,0,3,100.00,34,5.5,285.2
2026-05-13T14:28:20,7.9,1184,7941,0,3,100.00,25,4.9,285.4
2026-05-13T14:28:25,8.6,1188,7941,0,5,100.00,29,5.3,285.4
2026-05-13T14:28:30,8.7,1197,7941,0,5,100.00,25,5.0,285.4
2026-05-13T14:28:36,8.7,1184,7941,0,4,100.00,32,5.3,285.4
2026-05-13T14:28:41,8.3,1189,7941,0,4,100.00,21,5.3,285.4
2026-05-13T14:28:46,9.1,1192,7941,0,5,100.00,36,5.1,285.4
2026-05-13T14:28:51,11.5,1193,7941,0,5,100.00,23,5.2,285.4
2026-05-13T14:28:56,11.0,1186,7941,0,4,100.00,23,4.9,285.4
2026-05-13T14:29:02,8.9,1191,7941,0,4,100.00,24,5.4,285.4
2026-05-13T14:29:07,15.4,1195,7941,0,4,100.00,30,5.5,285.4
2026-05-13T14:29:12,19.9,1200,7941,0,5,100.00,26,5.1,285.4
2026-05-13T14:29:18,10.1,1203,7941,0,5,100.00,34,5.0,285.4
2026-05-13T14:29:23,13.1,1203,7941,0,5,100.00,27,5.5,285.4
2026-05-13T14:29:28,10.0,1203,7941,0,4,100.00,32,5.0,285.4
2026-05-13T14:29:33,11.6,1194,7941,0,4,100.00,29,4.8,285.4
2026-05-13T14:29:39,9.7,1199,7941,0,5,100.00,26,5.3,285.6
2026-05-13T14:29:44,8.7,1198,7941,0,5,100.00,21,5.2,285.6
2026-05-13T14:29:49,9.5,1198,7941,1,3,100.00,22,5.2,285.6
2026-05-13T14:29:54,15.9,1202,7941,0,5,100.00,38,6.3,285.6
2026-05-13T14:30:00,8.0,1200,7941,0,5,100.00,17,4.8,285.6
2026-05-13T14:30:05,14.0,1197,7941,0,6,100.00,27,11.6,285.6
2026-05-13T14:30:11,12.4,1198,7941,0,6,100.00,25,9.3,285.6
2026-05-13T14:30:16,12.0,1195,7941,0,4,100.00,36,7.8,285.6
2026-05-13T14:30:21,10.8,1200,7941,0,4,100.00,18,7.3,285.6
2026-05-13T14:30:27,9.7,1199,7941,0,4,100.00,34,6.0,285.6
2026-05-13T14:30:32,10.0,1199,7941,0,4,100.00,29,5.8,285.6
2026-05-13T14:30:37,9.9,1192,7941,0,3,100.00,25,6.0,285.6
2026-05-13T14:30:43,10.4,1196,7941,0,4,100.00,32,5.3,285.6
2026-05-13T14:30:48,9.6,1195,7941,0,5,100.00,34,5.6,285.6
2026-05-13T14:30:53,12.0,1202,7941,0,5,100.00,22,6.0,285.6
2026-05-13T14:30:58,12.5,1197,7941,1,3,100.00,36,5.5,285.6
2026-05-13T14:31:04,11.4,1199,7941,0,4,100.00,25,7.6,285.6
2026-05-13T14:31:09,19.4,1205,7941,0,4,100.00,25,6.2,285.6
2026-05-13T14:31:14,21.4,1200,7941,0,5,100.00,30,5.8,285.6
2026-05-13T14:31:20,20.3,1207,7941,1,4,100.00,25,6.3,285.6
2026-05-13T14:31:25,12.8,1203,7941,0,5,100.00,34,6.5,285.6
2026-05-13T14:31:30,9.8,1193,7941,0,4,100.00,30,5.9,285.6
2026-05-13T14:31:36,18.0,1199,7941,0,4,100.00,39,6.0,285.6
2026-05-13T14:31:41,10.5,1203,7941,0,4,100.00,29,6.1,285.6
2026-05-13T14:31:46,10.5,1197,7941,0,5,100.00,41,6.0,285.6
2026-05-13T14:31:52,10.6,1201,7941,0,5,100.00,31,7.1,285.6
2026-05-13T14:31:57,15.0,1205,7941,0,5,100.00,34,5.9,285.6
2026-05-13T14:32:02,11.4,1202,7941,0,4,100.00,32,7.4,285.6
2026-05-13T14:32:07,10.6,1200,7941,0,5,100.00,28,6.3,285.6
2026-05-13T14:32:13,9.3,1204,7941,0,5,100.00,26,5.9,285.6
2026-05-13T14:32:18,10.6,1195,7941,0,4,100.00,39,6.5,285.6
2026-05-13T14:32:23,9.9,1196,7941,0,4,100.00,28,6.1,285.6
2026-05-13T14:32:29,10.3,1197,7941,0,4,100.00,33,6.3,285.6
2026-05-13T14:32:34,11.1,1202,7941,0,5,100.00,40,6.7,285.6
2026-05-13T14:32:39,9.9,1206,7941,0,5,100.00,22,6.3,285.6
2026-05-13T14:32:45,16.7,1204,7941,0,5,100.00,33,5.9,285.6
2026-05-13T14:32:50,17.2,1204,7941,0,5,100.00,23,6.0,285.6
2026-05-13T14:32:55,24.3,1204,7941,0,5,100.00,34,6.3,285.6
2026-05-13T14:33:00,43.5,1204,7941,0,6,100.00,33,6.2,285.6
2026-05-13T14:33:06,11.8,1200,7941,0,6,100.00,27,8.3,285.6
2026-05-13T14:33:11,36.3,1211,7941,2,6,100.00,29,6.0,285.6
2026-05-13T14:33:16,40.7,1210,7941,0,8,100.00,23,5.7,285.7
2026-05-13T14:33:22,52.8,1214,7941,2,7,100.00,34,6.8,285.7
2026-05-13T14:33:27,42.7,1212,7941,0,9,100.00,37,6.2,285.7
2026-05-13T14:33:32,21.7,1211,7941,0,7,100.00,29,5.3,285.7
2026-05-13T14:33:38,49.3,1216,7941,0,7,100.00,37,6.4,285.7
2026-05-13T14:33:43,20.6,1211,7941,0,7,100.00,30,5.3,285.7
2026-05-13T14:33:48,9.9,1198,7941,0,5,100.00,35,5.9,285.7
2026-05-13T14:33:54,8.5,1201,7941,0,5,100.00,27,5.1,285.7
2026-05-13T14:33:59,17.4,1207,7941,0,5,100.00,25,5.0,285.7
2026-05-13T14:34:04,16.4,1205,7941,0,5,100.00,35,6.2,285.7
2026-05-13T14:34:09,9.0,1211,7941,0,5,100.00,30,5.8,285.7
2026-05-13T14:34:15,10.1,1195,7941,0,3,100.00,30,6.1,285.7
2026-05-13T14:34:20,9.1,1189,7941,0,3,100.00,27,5.4,285.7
2026-05-13T14:34:25,10.0,1191,7941,0,3,100.00,31,6.1,285.7
2026-05-13T14:34:31,10.8,1193,7941,0,4,100.00,28,6.8,285.7
2026-05-13T14:34:36,9.5,1196,7941,0,4,100.00,30,5.6,285.7
2026-05-13T14:34:41,9.3,1197,7941,0,4,100.00,26,5.9,285.7
2026-05-13T14:34:46,13.1,1199,7941,0,5,100.00,40,6.5,285.7
2026-05-13T14:34:52,11.1,1200,7941,0,5,100.00,31,7.2,285.7
2026-05-13T14:34:57,12.4,1190,7941,0,4,100.00,23,5.5,285.7
2026-05-13T14:35:02,14.7,1191,7941,0,4,100.00,31,8.2,285.7
2026-05-13T14:35:08,12.3,1195,7941,0,5,100.00,31,9.0,285.7
2026-05-13T14:35:13,18.3,1192,7941,0,5,100.00,25,4.5,285.7
2026-05-13T14:35:18,10.6,1192,7941,0,5,100.00,29,4.2,285.7
2026-05-13T14:35:24,13.1,1201,7941,0,6,100.00,37,5.9,285.7
2026-05-13T14:35:29,12.8,1195,7941,0,5,100.00,25,5.0,285.7
2026-05-13T14:35:34,9.6,1203,7941,0,5,100.00,37,5.5,285.7
2026-05-13T14:35:40,13.1,1209,7941,0,5,100.00,30,5.7,285.7
2026-05-13T14:35:45,15.2,1200,7941,0,7,100.00,29,5.3,285.7
2026-05-13T14:35:50,9.0,1201,7941,0,7,100.00,22,5.8,285.7
2026-05-13T14:35:55,9.0,1184,7941,0,3,100.00,36,5.4,285.7
2026-05-13T14:36:01,13.2,1197,7941,0,4,100.00,18,5.7,285.7
2026-05-13T14:36:06,10.0,1197,7941,0,4,100.00,24,6.0,285.7
2026-05-13T14:36:11,8.0,1191,7941,0,4,100.00,23,5.8,285.7
2026-05-13T14:36:17,9.8,1192,7941,0,4,100.00,34,5.4,285.7
2026-05-13T14:36:22,7.8,1202,7941,0,4,100.00,21,4.8,285.7
2026-05-13T14:36:27,8.4,1196,7941,0,5,100.00,27,5.1,285.7
2026-05-13T14:36:32,8.6,1193,7941,0,5,100.00,33,5.2,285.7
2026-05-13T14:36:37,8.5,1200,7941,0,5,100.00,42,4.9,285.7
2026-05-13T14:36:43,8.4,1193,7941,0,4,100.00,32,5.2,285.7
2026-05-13T14:36:48,9.4,1192,7941,0,4,100.00,39,5.0,285.7
2026-05-13T14:36:53,8.4,1194,7941,0,4,100.00,31,5.3,285.7
2026-05-13T14:36:59,10.5,1194,7941,0,4,100.00,31,5.0,285.7
2026-05-13T14:37:04,12.6,1191,7941,0,4,100.00,36,7.4,285.7
2026-05-13T14:37:09,10.4,1192,7941,0,4,100.00,31,5.5,285.7
2026-05-13T14:37:14,14.4,1196,7941,0,4,100.00,32,5.1,285.7
2026-05-13T14:37:20,12.2,1195,7941,1,3,100.00,24,5.3,285.7
2026-05-13T14:37:25,15.7,1195,7941,0,4,100.00,32,5.1,285.7
2026-05-13T14:37:30,16.4,1195,7941,0,6,100.00,28,5.4,285.7
2026-05-13T14:37:35,10.3,1199,7941,1,5,100.00,39,5.6,285.7
2026-05-13T14:37:41,14.0,1196,7941,0,5,100.00,25,5.1,285.7
2026-05-13T14:37:46,10.8,1194,7941,0,5,100.00,29,5.1,285.7
2026-05-13T14:37:51,7.9,1199,7941,0,4,100.00,26,4.5,285.7
2026-05-13T14:37:57,9.0,1195,7941,0,6,100.00,37,5.3,285.7
2026-05-13T14:38:02,14.2,1192,7941,0,6,100.00,25,5.7,285.7
2026-05-13T14:38:07,9.2,1190,7941,0,4,100.00,24,5.6,285.7
2026-05-13T14:38:12,8.9,1198,7941,0,3,100.00,27,5.4,285.7
2026-05-13T14:38:18,9.0,1190,7941,0,3,100.00,30,5.3,285.7
2026-05-13T14:38:23,8.0,1194,7941,0,4,100.00,26,5.1,285.7
2026-05-13T14:38:28,8.9,1196,7941,0,4,100.00,31,5.5,285.7
2026-05-13T14:38:34,9.5,1197,7941,0,3,100.00,24,5.3,285.7
2026-05-13T14:38:39,9.9,1194,7941,0,5,100.00,29,6.2,285.7
2026-05-13T14:38:44,9.1,1195,7941,0,5,100.00,30,5.5,285.7
2026-05-13T14:38:49,16.0,1201,7941,0,5,100.00,34,6.1,285.7
2026-05-13T14:38:55,9.2,1194,7941,0,5,100.00,27,5.4,285.7
2026-05-13T14:39:00,18.3,1200,7941,3,3,100.00,23,5.9,285.7
2026-05-13T14:39:06,87.0,1214,7941,12,2,100.00,37,9.9,285.7
2026-05-13T14:39:11,43.2,1218,7941,0,11,100.00,27,5.8,285.7
2026-05-13T14:39:16,26.1,1218,7941,0,11,100.00,31,4.7,285.7
2026-05-13T14:39:22,20.1,1200,7941,0,6,100.00,34,4.9,285.7
2026-05-13T14:39:27,22.1,1199,7941,0,6,100.00,34,4.8,285.7
2026-05-13T14:39:32,21.5,1207,7941,0,6,100.00,28,4.5,285.7
2026-05-13T14:39:37,30.6,1214,7941,7,5,100.00,38,4.6,285.7
2026-05-13T14:39:43,42.3,1209,7941,0,9,100.00,26,4.5,285.7
2026-05-13T14:39:48,13.3,1203,7941,0,7,100.00,35,3.9,285.7
2026-05-13T14:39:53,15.8,1198,7941,0,5,100.00,33,4.7,285.7
2026-05-13T14:39:58,7.7,1199,7941,0,5,100.00,31,4.4,285.7
2026-05-13T14:40:03,10.1,1195,7941,0,4,100.00,21,10.1,285.7
2026-05-13T14:40:09,26.4,1194,7941,0,5,100.00,28,6.3,285.7
2026-05-13T14:40:14,20.5,1202,7941,0,6,100.00,39,5.9,285.7
2026-05-13T14:40:19,8.8,1205,7941,0,6,100.00,26,5.2,285.7
2026-05-13T14:40:25,9.3,1206,7941,0,5,100.00,34,5.7,285.7
2026-05-13T14:40:30,7.0,1199,7941,0,5,100.00,21,4.2,285.7
2026-05-13T14:40:35,7.7,1195,7941,0,5,100.00,34,4.2,285.7
2026-05-13T14:40:40,7.9,1192,7941,0,4,100.00,25,4.8,285.7
2026-05-13T14:40:46,7.5,1188,7941,0,3,100.00,29,4.3,285.7
2026-05-13T14:40:51,8.8,1192,7941,0,4,100.00,32,5.1,285.7
2026-05-13T14:40:56,7.4,1192,7941,0,4,100.00,33,4.2,285.7
2026-05-13T14:41:01,10.4,1196,7941,0,4,100.00,27,5.1,285.7
2026-05-13T14:41:07,8.4,1191,7941,0,4,100.00,26,4.6,285.7
2026-05-13T14:41:12,11.3,1196,7941,0,5,100.00,26,5.1,285.7
2026-05-13T14:41:17,8.1,1191,7941,0,5,100.00,30,4.3,285.7
2026-05-13T14:41:22,18.8,1195,7941,0,4,100.00,30,5.1,285.7
2026-05-13T14:41:28,11.7,1196,7941,1,3,100.00,24,4.7,285.7
2026-05-13T14:41:33,10.0,1201,7941,0,6,100.00,29,5.5,285.7
2026-05-13T14:41:38,15.0,1191,7941,0,4,100.00,45,5.1,285.7
2026-05-13T14:41:43,10.6,1196,7941,0,5,100.00,29,4.8,285.7
2026-05-13T14:41:49,13.7,1195,7941,0,5,100.00,36,4.5,285.7
2026-05-13T14:41:54,7.8,1199,7941,0,5,100.00,35,4.7,285.7
2026-05-13T14:41:59,7.7,1191,7941,0,4,100.00,33,4.9,285.7
2026-05-13T14:42:04,9.7,1193,7941,0,5,100.00,27,6.4,285.7
2026-05-13T14:42:10,8.3,1198,7941,0,5,100.00,23,5.0,285.7
2026-05-13T14:42:15,16.1,1202,7941,0,5,100.00,38,4.9,285.7
2026-05-13T14:42:20,7.7,1208,7941,0,5,100.00,20,4.9,285.7
2026-05-13T14:42:25,8.1,1192,7941,0,4,100.00,26,5.0,285.7
2026-05-13T14:42:31,8.5,1193,7941,0,5,100.00,24,5.1,285.7
2026-05-13T14:42:36,8.0,1199,7941,0,5,100.00,33,4.9,285.7
2026-05-13T14:42:41,7.7,1190,7941,0,3,100.00,22,4.9,285.7
2026-05-13T14:42:46,7.4,1187,7941,0,4,100.00,26,4.3,285.7
2026-05-13T14:42:51,7.7,1196,7941,0,4,100.00,28,4.9,285.7
2026-05-13T14:42:57,8.4,1195,7941,0,4,100.00,29,4.5,285.7
2026-05-13T14:43:02,13.7,1203,7941,0,6,100.00,22,5.4,285.7
2026-05-13T14:43:07,8.8,1196,7941,0,6,100.00,37,5.5,285.7
2026-05-13T14:43:12,10.5,1191,7941,0,5,100.00,28,5.0,285.7
2026-05-13T14:43:18,8.6,1194,7941,0,5,100.00,34,4.7,285.7
2026-05-13T14:43:23,14.5,1200,7941,0,5,100.00,28,4.7,285.7
2026-05-13T14:43:28,11.3,1200,7941,0,5,100.00,36,4.9,285.7
2026-05-13T14:43:33,11.5,1202,7941,0,5,100.00,27,4.9,285.7
2026-05-13T14:43:38,13.9,1197,7941,0,5,100.00,45,4.8,285.7
2026-05-13T14:43:44,9.4,1197,7941,0,5,100.00,29,4.8,285.7
2026-05-13T14:43:49,13.8,1197,7941,0,4,100.00,29,4.8,285.7
2026-05-13T14:43:54,8.9,1192,7941,0,4,100.00,35,5.0,285.7
2026-05-13T14:44:00,7.4,1191,7941,0,4,100.00,23,4.5,285.7
2026-05-13T14:44:05,8.7,1187,7941,0,4,100.00,25,5.2,285.7
2026-05-13T14:44:10,7.3,1195,7941,0,5,100.00,24,4.7,285.7
2026-05-13T14:44:15,20.1,1198,7941,0,6,100.00,24,4.2,285.7
2026-05-13T14:44:21,7.4,1201,7941,0,6,100.00,29,4.5,285.7
2026-05-13T14:44:26,7.8,1192,7941,0,4,100.00,31,4.8,285.7
2026-05-13T14:44:31,7.5,1190,7941,0,3,100.00,19,4.5,285.7
2026-05-13T14:44:36,7.9,1193,7941,0,4,100.00,32,4.5,285.7
2026-05-13T14:44:41,8.0,1194,7941,0,4,100.00,35,5.0,285.7
2026-05-13T14:44:47,8.3,1195,7941,0,5,100.00,31,5.2,285.7
2026-05-13T14:44:52,8.1,1197,7941,0,4,100.00,28,5.1,285.7
2026-05-13T14:44:57,15.4,1194,7941,0,5,100.00,32,5.8,285.7
2026-05-13T14:45:02,11.2,1195,7941,0,5,100.00,33,8.1,285.7
2026-05-13T14:45:08,28.7,1207,7941,0,6,100.00,30,11.6,285.7
2026-05-13T14:45:14,66.1,1221,7941,0,11,100.00,25,6.6,285.7
2026-05-13T14:45:19,15.2,1227,7941,0,11,100.00,34,5.7,285.7
2026-05-13T14:45:24,21.9,1195,7941,4,3,100.00,43,5.8,285.7
2026-05-13T14:45:29,23.9,1202,7941,0,6,100.00,26,5.5,285.7
2026-05-13T14:45:35,39.1,1207,7941,0,7,100.00,40,5.9,285.7
2026-05-13T14:45:40,62.6,1219,7941,13,1,100.00,18,6.2,285.7
2026-05-13T14:45:45,79.0,1221,7941,2,10,100.00,39,6.3,285.7
2026-05-13T14:45:51,51.7,1220,7941,0,11,100.00,28,6.2,285.7
2026-05-13T14:45:56,19.6,1212,7941,4,5,100.00,33,5.9,285.7
2026-05-13T14:46:02,33.9,1209,7941,0,8,100.00,25,7.2,285.7
2026-05-13T14:46:07,10.3,1207,7941,0,8,100.00,30,6.0,285.7
2026-05-13T14:46:12,9.4,1197,7941,0,4,100.00,27,6.0,285.7
2026-05-13T14:46:18,28.4,1222,7941,4,9,100.00,34,6.4,285.7
2026-05-13T14:46:23,13.7,1210,7941,0,11,100.00,24,6.1,285.7
2026-05-13T14:46:28,9.8,1190,7941,0,4,100.00,38,5.9,285.7
2026-05-13T14:46:34,10.2,1194,7941,0,5,100.00,26,6.2,285.7
2026-05-13T14:46:39,9.9,1203,7941,0,5,100.00,27,5.8,285.7
2026-05-13T14:46:44,10.3,1198,7941,0,4,100.00,34,6.2,285.7
2026-05-13T14:46:49,9.9,1196,7941,0,3,100.00,35,6.2,285.7
2026-05-13T14:46:55,10.4,1192,7941,1,4,100.00,42,6.3,285.7
2026-05-13T14:47:00,11.0,1202,7941,0,5,100.00,36,6.5,285.8
2026-05-13T14:47:05,11.0,1196,7941,0,4,100.00,40,7.0,285.8
2026-05-13T14:47:11,11.4,1207,7941,0,5,100.00,15,5.8,285.8
2026-05-13T14:47:16,12.5,1198,7941,0,5,100.00,37,5.2,285.8
2026-05-13T14:47:21,13.6,1204,7941,0,5,100.00,33,6.0,285.8
2026-05-13T14:47:27,16.0,1198,7941,0,5,100.00,37,5.5,285.8
2026-05-13T14:47:32,15.7,1199,7941,1,4,100.00,32,5.7,285.8
2026-05-13T14:47:37,14.5,1203,7941,0,6,100.00,32,6.0,285.8
2026-05-13T14:47:42,8.2,1205,7941,0,6,100.00,24,5.1,285.8
2026-05-13T14:47:48,16.9,1200,7941,0,6,100.00,28,5.8,285.8
2026-05-13T14:47:53,13.8,1198,7941,0,6,100.00,28,5.9,285.8
2026-05-13T14:47:58,12.1,1193,7941,0,6,100.00,36,6.2,285.8
2026-05-13T14:48:04,11.6,1203,7941,1,5,100.00,31,8.8,285.8
2026-05-13T14:48:09,11.0,1194,7941,0,5,100.00,25,5.5,285.8
2026-05-13T14:48:14,9.9,1193,7941,0,5,100.00,33,5.8,285.8
2026-05-13T14:48:20,9.1,1201,7941,0,5,100.00,20,5.3,285.8
2026-05-13T14:48:25,13.3,1190,7941,0,5,100.00,48,5.1,285.8
2026-05-13T14:48:30,9.5,1195,7941,0,5,100.00,35,6.2,285.8
2026-05-13T14:48:35,9.9,1196,7941,0,5,100.00,37,5.5,285.8
2026-05-13T14:48:41,9.5,1193,7941,0,4,100.00,24,6.2,285.8
2026-05-13T14:48:46,10.3,1197,7941,0,5,100.00,36,6.1,285.8
2026-05-13T14:48:51,9.9,1192,7941,0,4,100.00,33,6.2,285.8
2026-05-13T14:48:56,9.5,1197,7941,0,4,100.00,30,5.5,285.8
2026-05-13T14:49:02,11.3,1195,7941,0,5,100.00,29,7.0,285.8
2026-05-13T14:49:07,10.9,1198,7941,0,5,100.00,23,7.7,285.8
2026-05-13T14:49:12,12.0,1201,7941,0,5,100.00,32,6.2,285.8
2026-05-13T14:49:18,14.0,1208,7941,1,7,100.00,33,6.0,285.8
2026-05-13T14:49:23,10.2,1205,7941,0,8,100.00,16,5.5,285.8
2026-05-13T14:49:28,17.9,1195,7941,0,5,100.00,29,5.6,285.8
2026-05-13T14:49:34,27.4,1202,7941,1,5,100.00,38,6.2,285.8
2026-05-13T14:49:39,13.9,1211,7941,1,5,100.00,35,6.0,285.8
2026-05-13T14:49:44,11.5,1201,7941,0,5,100.00,34,6.1,285.8
2026-05-13T14:49:49,21.7,1199,7941,1,4,100.00,26,5.8,285.8
2026-05-13T14:49:55,11.5,1196,7941,0,5,100.00,24,5.5,285.8
2026-05-13T14:50:00,12.8,1195,7941,0,4,100.00,31,7.0,285.8
2026-05-13T14:50:06,17.4,1199,7941,0,6,100.00,26,13.6,285.8
2026-05-13T14:50:11,16.4,1200,7941,0,6,100.00,20,7.0,285.8
2026-05-13T14:50:16,10.1,1200,7941,0,5,100.00,29,6.0,285.8
2026-05-13T14:50:22,9.5,1205,7941,0,5,100.00,24,5.7,285.8
2026-05-13T14:50:27,14.9,1202,7941,1,4,100.00,31,5.5,285.8
2026-05-13T14:50:32,11.4,1206,7941,0,5,100.00,22,5.3,285.8
2026-05-13T14:50:37,8.9,1204,7941,0,4,100.00,44,5.3,285.8
2026-05-13T14:50:43,7.8,1195,7941,1,3,100.00,24,4.6,285.8
2026-05-13T14:50:48,8.4,1197,7941,0,4,100.00,27,4.9,285.8
2026-05-13T14:50:53,7.8,1196,7941,0,4,100.00,20,4.8,285.8
2026-05-13T14:50:58,12.2,1196,7941,0,4,100.00,31,4.2,285.8
2026-05-13T14:51:04,9.8,1194,7941,0,4,100.00,33,6.3,285.8
2026-05-13T14:51:09,8.6,1194,7941,0,4,100.00,27,5.2,285.8
2026-05-13T14:51:14,33.8,1221,7941,6,6,100.00,36,5.7,285.8
2026-05-13T14:51:19,43.1,1226,7941,0,11,100.00,21,4.8,285.8
2026-05-13T14:51:25,14.9,1204,7941,0,6,100.00,37,5.1,285.8
2026-05-13T14:51:30,35.2,1219,7941,0,9,100.00,26,6.1,285.8
2026-05-13T14:51:35,35.7,1212,7941,0,9,100.00,42,5.1,285.8
2026-05-13T14:51:41,32.3,1212,7941,0,7,100.00,34,5.2,285.8
2026-05-13T14:51:46,20.6,1208,7941,0,7,100.00,38,5.2,285.8
2026-05-13T14:51:51,36.6,1206,7941,0,6,100.00,36,5.3,285.8
2026-05-13T14:51:56,15.0,1204,7941,0,7,100.00,36,4.9,285.8
2026-05-13T14:52:02,48.2,1217,7941,0,7,100.00,43,6.1,285.8
2026-05-13T14:52:07,16.8,1209,7941,0,7,100.00,31,5.0,285.8
2026-05-13T14:52:12,16.2,1205,7941,0,5,100.00,30,5.2,285.8
2026-05-13T14:52:17,7.0,1198,7941,0,5,100.00,29,4.0,285.8
2026-05-13T14:52:23,12.6,1207,7941,0,5,100.00,28,5.3,285.8
2026-05-13T14:52:28,8.3,1196,7941,0,5,100.00,30,4.9,285.8
2026-05-13T14:52:33,24.7,1206,7941,0,9,100.00,33,5.1,285.8
2026-05-13T14:52:38,8.0,1210,7941,0,9,100.00,30,4.8,285.8
2026-05-13T14:52:44,6.8,1198,7941,0,4,100.00,26,3.9,285.8
2026-05-13T14:52:49,7.4,1197,7941,0,4,100.00,22,4.6,285.8
2026-05-13T14:52:54,7.4,1191,7941,0,4,100.00,29,4.2,285.8
2026-05-13T14:52:59,7.7,1193,7941,0,3,100.00,29,4.9,285.8
2026-05-13T14:53:05,9.1,1197,7941,0,5,100.00,20,5.0,285.8
2026-05-13T14:53:10,7.3,1201,7941,0,5,100.00,24,4.6,285.8
2026-05-13T14:53:15,8.8,1194,7941,0,4,100.00,43,5.4,285.8
2026-05-13T14:53:20,11.4,1201,7941,0,4,100.00,24,4.6,285.8
2026-05-13T14:53:26,7.4,1195,7941,0,4,100.00,33,4.3,285.8
2026-05-13T14:53:31,10.1,1203,7941,0,4,100.00,22,4.2,285.8
2026-05-13T14:53:36,16.0,1203,7941,0,4,100.00,30,4.7,285.8
2026-05-13T14:53:41,9.6,1196,7941,0,4,100.00,36,4.5,285.8
2026-05-13T14:53:46,9.7,1194,7941,0,5,100.00,31,4.5,285.8
2026-05-13T14:53:52,13.7,1194,7941,0,5,100.00,19,4.2,285.8
2026-05-13T14:53:57,9.8,1195,7941,0,5,100.00,28,4.5,285.8
2026-05-13T14:54:02,10.0,1198,7941,1,4,100.00,34,6.3,285.8
2026-05-13T14:54:07,8.7,1189,7941,0,5,100.00,33,4.5,285.8
2026-05-13T14:54:13,10.4,1192,7941,1,3,100.00,21,5.0,285.8
2026-05-13T14:54:18,11.5,1191,7941,0,4,100.00,36,4.8,285.8
2026-05-13T14:54:23,8.0,1190,7941,0,3,100.00,21,4.8,285.8
2026-05-13T14:54:28,7.8,1188,7941,0,4,100.00,37,4.9,285.8
2026-05-13T14:54:34,16.8,1197,7941,0,5,100.00,22,5.3,285.8
2026-05-13T14:54:39,6.8,1196,7941,0,5,100.00,27,4.0,285.8
2026-05-13T14:54:44,7.8,1185,7941,0,3,100.00,31,4.9,285.8
2026-05-13T14:54:49,8.0,1189,7941,0,3,100.00,25,4.9,285.8
2026-05-13T14:54:54,7.7,1192,7941,0,4,100.00,28,4.7,285.8
2026-05-13T14:55:00,7.3,1200,7941,0,4,100.00,21,4.3,285.8
2026-05-13T14:55:05,13.7,1190,7941,0,5,100.00,27,11.1,285.8
2026-05-13T14:55:10,8.6,1198,7941,0,5,100.00,27,5.3,285.8
2026-05-13T14:55:16,7.6,1199,7941,0,5,100.00,28,4.2,285.8
2026-05-13T14:55:21,11.3,1196,7941,0,5,100.00,26,4.4,285.8
2026-05-13T14:55:26,9.2,1204,7941,0,5,100.00,34,4.9,285.8
2026-05-13T14:55:31,8.1,1193,7941,0,4,100.00,31,5.0,285.8
2026-05-13T14:55:36,13.3,1202,7941,0,5,100.00,31,5.0,285.8
2026-05-13T14:55:42,17.2,1206,7941,0,5,100.00,28,5.1,285.8
2026-05-13T14:55:47,8.6,1199,7941,0,5,100.00,29,4.6,285.8
2026-05-13T14:55:52,14.8,1195,7941,1,3,100.00,28,4.8,285.8
2026-05-13T14:55:57,11.0,1195,7941,0,4,100.00,28,4.7,285.8
2026-05-13T14:56:03,11.5,1193,7941,0,4,100.00,33,5.2,285.8
2026-05-13T14:56:08,9.5,1197,7941,0,4,100.00,32,4.7,285.8
2026-05-13T14:56:13,10.0,1191,7941,0,5,100.00,32,5.2,285.8
2026-05-13T14:56:18,8.4,1200,7941,0,5,100.00,35,5.1,285.8
2026-05-13T14:56:24,10.0,1198,7941,0,5,100.00,19,4.3,285.8
2026-05-13T14:56:29,7.8,1197,7941,0,5,100.00,26,4.7,285.8
2026-05-13T14:56:34,11.6,1191,7941,0,4,100.00,38,4.7,285.8
2026-05-13T14:56:39,7.7,1199,7941,0,4,100.00,28,4.6,285.8
2026-05-13T14:56:44,7.7,1190,7941,0,3,100.00,37,4.5,285.8
2026-05-13T14:56:50,7.8,1189,7941,0,3,100.00,38,4.9,285.8
2026-05-13T14:56:55,7.7,1193,7941,0,3,100.00,37,4.8,285.8
2026-05-13T14:57:00,8.0,1190,7941,0,3,100.00,33,4.9,285.8
2026-05-13T14:57:05,9.6,1193,7941,0,5,100.00,30,6.0,285.8
2026-05-13T14:57:11,14.8,1198,7941,0,5,100.00,29,5.4,285.8
2026-05-13T14:57:16,14.9,1197,7941,0,5,100.00,42,5.8,285.8
2026-05-13T14:57:21,21.1,1206,7941,0,5,100.00,31,5.8,285.8
2026-05-13T14:57:27,61.6,1218,7941,0,11,100.00,33,6.2,285.8
2026-05-13T14:57:32,10.1,1218,7941,0,11,100.00,29,6.3,285.8
2026-05-13T14:57:37,23.6,1209,7941,0,6,100.00,38,4.9,285.8
2026-05-13T14:57:42,34.3,1212,7941,0,7,100.00,35,5.2,285.8
2026-05-13T14:57:48,15.5,1211,7941,0,7,100.00,32,5.5,285.8
2026-05-13T14:57:53,49.3,1215,7941,2,8,100.00,30,4.8,285.8
2026-05-13T14:57:58,26.8,1215,7941,1,9,100.00,32,5.3,285.8
2026-05-13T14:58:04,39.0,1202,7941,0,8,100.00,39,6.2,285.8
2026-05-13T14:58:09,20.2,1202,7941,0,8,100.00,24,5.4,285.9
2026-05-13T14:58:14,25.2,1203,7941,0,6,100.00,44,4.5,285.9
2026-05-13T14:58:19,12.6,1203,7941,0,5,100.00,22,4.7,285.9
2026-05-13T14:58:25,15.9,1200,7941,0,5,100.00,39,5.1,285.9
2026-05-13T14:58:30,7.9,1203,7941,4,3,100.00,23,4.8,285.9
2026-05-13T14:58:35,14.2,1203,7941,0,6,100.00,26,5.3,285.9
2026-05-13T14:58:40,8.6,1197,7941,4,3,100.00,34,5.6,285.9
2026-05-13T14:58:46,17.1,1198,7941,0,5,100.00,25,4.9,285.9
2026-05-13T14:58:51,8.3,1199,7941,0,5,100.00,30,5.1,285.9
2026-05-13T14:58:56,8.0,1197,7941,0,5,100.00,29,4.5,285.9
2026-05-13T14:59:02,9.4,1197,7941,0,5,100.00,29,6.2,286.0
2026-05-13T14:59:07,9.6,1193,7941,0,5,100.00,33,5.8,286.0
2026-05-13T14:59:12,9.5,1191,7941,0,4,100.00,22,5.5,286.0
2026-05-13T14:59:18,9.0,1195,7941,0,4,100.00,31,5.2,286.0
2026-05-13T14:59:23,9.1,1192,7941,0,4,100.00,20,5.3,286.0
2026-05-13T14:59:28,10.2,1194,7941,0,5,100.00,31,5.0,286.0
2026-05-13T14:59:33,9.9,1195,7941,0,5,100.00,27,5.3,286.0
2026-05-13T14:59:39,20.4,1201,7941,0,6,100.00,37,5.6,286.0
2026-05-13T14:59:44,15.0,1206,7941,0,6,100.00,35,5.3,286.0
2026-05-13T14:59:49,12.8,1195,7941,0,5,100.00,32,5.5,286.0
2026-05-13T14:59:54,12.5,1195,7941,3,4,100.00,31,5.3,286.0
2026-05-13T15:00:00,38.4,1207,7941,4,5,100.00,25,5.9,286.0
2026-05-13T15:00:05,18.6,1241,7941,0,7,100.00,36,10.7,286.0
2026-05-13T15:00:11,18.3,1219,7941,0,6,100.00,28,11.3,286.0
2026-05-13T15:00:16,13.3,1229,7941,2,4,100.00,40,7.3,286.0
2026-05-13T15:00:22,13.5,1227,7941,0,6,100.00,26,6.1,286.0
2026-05-13T15:00:27,11.8,1220,7941,0,5,100.00,37,5.6,286.0
2026-05-13T15:00:32,9.1,1225,7941,0,4,100.00,19,5.1,286.0
2026-05-13T15:00:37,8.8,1221,7941,0,4,100.00,36,5.1,286.0
2026-05-13T15:00:43,9.1,1220,7941,0,4,100.00,21,5.5,286.0
2026-05-13T15:00:48,8.9,1218,7941,0,4,100.00,30,5.2,286.0
2026-05-13T15:00:53,17.6,1228,7941,0,5,100.00,25,5.5,286.0
2026-05-13T15:00:59,8.4,1228,7941,0,5,100.00,31,4.8,286.0
2026-05-13T15:01:04,9.6,1225,7941,0,5,100.00,31,6.0,286.0
2026-05-13T15:01:09,9.1,1236,7941,0,5,100.00,28,5.7,286.0
2026-05-13T15:01:14,9.7,1229,7941,0,5,100.00,30,5.3,286.0
2026-05-13T15:01:20,8.2,1233,7941,0,5,100.00,32,4.7,286.0
2026-05-13T15:01:25,8.5,1226,7941,0,5,100.00,29,5.2,286.0
2026-05-13T15:01:30,14.1,1230,7941,0,5,100.00,25,5.0,286.0
2026-05-13T15:01:35,14.8,1225,7941,0,5,100.00,26,5.5,286.0
2026-05-13T15:01:41,11.3,1233,7941,0,5,100.00,36,5.2,286.0
2026-05-13T15:01:46,17.0,1222,7941,0,5,100.00,36,5.5,286.0
2026-05-13T15:01:51,12.5,1231,7941,0,5,100.00,31,5.3,286.1
2026-05-13T15:01:56,11.5,1226,7941,0,5,100.00,44,5.9,286.1
2026-05-13T15:02:02,14.7,1229,7941,0,5,100.00,33,6.2,286.1
2026-05-13T15:02:07,18.0,1223,7941,0,5,100.00,36,5.7,286.1
2026-05-13T15:02:12,13.0,1234,7941,0,5,100.00,24,5.9,286.1
2026-05-13T15:02:17,9.2,1223,7941,0,5,100.00,31,5.6,286.1
2026-05-13T15:02:23,11.2,1231,7941,1,3,100.00,28,5.2,286.1
2026-05-13T15:02:28,10.7,1223,7941,0,5,100.00,29,5.1,286.1
2026-05-13T15:02:33,8.9,1227,7941,0,4,100.00,29,5.3,286.1
2026-05-13T15:02:38,8.8,1225,7941,0,4,100.00,30,5.2,286.1
2026-05-13T15:02:44,8.8,1234,7941,0,4,100.00,35,5.5,286.1
2026-05-13T15:02:49,8.4,1228,7941,0,4,100.00,18,4.9,286.1
2026-05-13T15:02:54,13.7,1225,7941,0,4,100.00,31,4.7,286.1
2026-05-13T15:02:59,7.8,1228,7941,0,5,100.00,18,4.9,286.1
2026-05-13T15:03:05,10.8,1223,7941,0,5,100.00,30,7.2,286.1
2026-05-13T15:03:10,8.8,1219,7941,0,3,100.00,30,5.5,286.1
2026-05-13T15:03:15,8.4,1224,7941,0,4,100.00,28,5.0,286.1
2026-05-13T15:03:20,14.6,1233,7941,3,4,100.00,29,5.2,286.1
2026-05-13T15:03:26,13.1,1227,7941,0,5,100.00,29,4.9,286.1
2026-05-13T15:03:31,45.6,1240,7941,0,7,100.00,37,5.9,286.1
2026-05-13T15:03:36,20.7,1240,7941,0,7,100.00,35,5.1,286.1
2026-05-13T15:03:42,7.4,1232,7941,0,5,100.00,20,4.3,286.2
2026-05-13T15:03:47,39.1,1254,7941,2,7,100.00,36,5.5,286.2
2026-05-13T15:03:52,28.0,1233,7941,0,9,100.00,30,4.8,286.2
2026-05-13T15:03:57,15.0,1229,7941,0,5,100.00,28,4.7,286.2
2026-05-13T15:04:03,8.5,1231,7941,0,5,100.00,31,5.2,286.2
2026-05-13T15:04:08,51.7,1235,7941,0,11,100.00,24,5.9,286.2
2026-05-13T15:04:13,39.9,1218,7941,0,11,100.00,29,4.7,286.2
2026-05-13T15:04:18,14.2,1205,7941,0,8,100.00,28,4.6,286.2
2026-05-13T15:04:24,22.3,1199,7941,0,5,100.00,36,5.5,286.2
2026-05-13T15:04:29,19.1,1197,7941,0,5,100.00,26,5.6,286.2
2026-05-13T15:04:34,8.8,1201,7941,0,5,100.00,24,4.8,286.2
2026-05-13T15:04:39,17.0,1199,7941,0,5,100.00,36,6.3,286.2
2026-05-13T15:04:45,10.4,1194,7941,0,5,100.00,42,6.4,286.2
2026-05-13T15:04:50,9.2,1196,7941,0,4,100.00,23,5.5,286.2
2026-05-13T15:04:55,23.9,1217,7941,4,6,100.00,30,6.3,286.2
2026-05-13T15:05:01,17.8,1216,7941,0,9,100.00,30,6.4,286.2
2026-05-13T15:05:07,11.3,1191,7941,0,5,100.00,26,9.5,286.2
2026-05-13T15:05:12,10.5,1196,7941,0,4,100.00,22,6.1,286.2
2026-05-13T15:05:17,10.4,1192,7941,0,4,100.00,39,5.4,286.2
2026-05-13T15:05:23,9.8,1200,7941,0,5,100.00,24,6.2,286.2
2026-05-13T15:05:28,10.9,1188,7941,0,4,100.00,36,6.0,286.2
2026-05-13T15:05:33,13.9,1201,7941,0,4,100.00,29,7.0,286.2
2026-05-13T15:05:38,12.4,1199,7941,0,4,100.00,28,5.9,286.2
2026-05-13T15:05:44,13.1,1198,7941,0,4,100.00,36,6.2,286.2
2026-05-13T15:05:49,14.0,1199,7941,0,6,100.00,29,6.1,286.2
2026-05-13T15:05:54,25.0,1201,7941,0,6,100.00,31,6.5,286.2
2026-05-13T15:06:00,17.9,1201,7941,0,6,100.00,27,6.5,286.2
2026-05-13T15:06:05,12.5,1201,7941,0,6,100.00,31,8.7,286.2
2026-05-13T15:06:10,21.6,1198,7941,0,5,100.00,27,6.1,286.2
2026-05-13T15:06:16,10.8,1197,7941,0,5,100.00,25,6.3,286.2
2026-05-13T15:06:21,14.5,1197,7941,0,5,100.00,30,5.9,286.2
2026-05-13T15:06:26,15.1,1195,7941,0,6,100.00,38,6.4,286.2
2026-05-13T15:06:32,10.7,1201,7941,0,6,100.00,25,6.6,286.2
2026-05-13T15:06:37,11.2,1192,7941,0,5,100.00,33,6.8,286.2
2026-05-13T15:06:42,11.1,1206,7941,0,5,100.00,39,6.8,286.2
2026-05-13T15:06:47,10.2,1202,7941,0,5,100.00,33,6.3,286.2
2026-05-13T15:06:53,8.9,1194,7941,0,5,100.00,25,5.2,286.2
2026-05-13T15:06:58,11.2,1194,7941,0,5,100.00,36,7.1,286.2
2026-05-13T15:07:03,11.1,1194,7941,1,4,100.00,28,7.7,286.2
2026-05-13T15:07:09,13.9,1197,7941,0,5,100.00,39,5.8,286.2
2026-05-13T15:07:14,10.4,1193,7941,0,5,100.00,29,6.3,286.2
2026-05-13T15:07:19,10.6,1188,7941,0,3,100.00,39,6.3,286.2
2026-05-13T15:07:25,11.7,1194,7941,0,4,100.00,35,6.2,286.2
2026-05-13T15:07:30,9.7,1193,7941,0,4,100.00,23,5.7,286.2
2026-05-13T15:07:35,10.0,1196,7941,0,5,100.00,31,5.3,286.2
2026-05-13T15:07:40,16.0,1202,7941,0,7,100.00,27,5.5,286.2
2026-05-13T15:07:46,13.9,1204,7941,0,7,100.00,30,5.9,286.2
2026-05-13T15:07:51,13.8,1189,7941,0,5,100.00,26,5.3,286.2
2026-05-13T15:07:56,13.5,1196,7941,1,4,100.00,30,5.7,286.2
2026-05-13T15:08:02,18.8,1196,7941,0,4,100.00,38,6.9,286.2
2026-05-13T15:08:07,10.5,1198,7941,0,4,100.00,30,6.5,286.2
2026-05-13T15:08:12,14.3,1192,7941,1,4,100.00,25,6.3,286.2
2026-05-13T15:08:18,16.5,1195,7941,0,5,100.00,33,5.8,286.2
2026-05-13T15:08:23,12.4,1195,7941,1,4,100.00,33,6.1,286.2
2026-05-13T15:08:28,15.8,1192,7941,0,4,100.00,31,6.3,286.2
2026-05-13T15:08:34,11.0,1197,7941,0,4,100.00,34,6.6,286.2
2026-05-13T15:08:39,9.1,1197,7941,0,3,100.00,18,5.5,286.2
2026-05-13T15:08:44,11.2,1202,7941,0,5,100.00,39,6.7,286.2
2026-05-13T15:08:50,10.3,1204,7941,0,5,100.00,24,6.5,286.2
2026-05-13T15:08:55,10.2,1192,7941,0,4,100.00,34,6.3,286.2
2026-05-13T15:09:00,9.4,1196,7941,0,4,100.00,21,6.2,286.2
2026-05-13T15:09:06,15.5,1195,7941,0,5,100.00,30,15.8,286.2
2026-05-13T15:09:11,18.3,1197,7941,0,5,100.00,38,7.5,286.2
2026-05-13T15:09:16,10.0,1196,7941,0,5,100.00,36,5.9,286.2
2026-05-13T15:09:22,17.7,1211,7941,6,8,100.00,25,6.5,286.2
2026-05-13T15:09:27,19.2,1206,7941,0,11,100.00,28,5.1,286.2
2026-05-13T15:09:32,20.5,1204,7941,1,4,100.00,33,5.9,286.2
2026-05-13T15:09:38,19.3,1203,7941,0,5,100.00,39,6.8,286.2
2026-05-13T15:09:43,47.2,1215,7941,2,9,100.00,32,6.1,286.2
2026-05-13T15:09:48,22.1,1216,7941,0,11,100.00,39,6.4,286.2
2026-05-13T15:09:54,31.0,1225,7941,3,7,100.00,32,5.1,286.2
2026-05-13T15:09:59,25.1,1209,7941,4,5,100.00,34,5.3,286.2
2026-05-13T15:10:04,40.1,1219,7941,11,3,100.00,20,10.7,286.2
2026-05-13T15:10:10,93.0,1226,7941,0,11,100.00,29,7.1,286.2
2026-05-13T15:10:15,53.0,1223,7941,8,6,100.00,44,7.9,286.2
2026-05-13T15:10:21,54.9,1211,7941,2,9,100.00,32,7.1,286.2
2026-05-13T15:10:26,29.4,1207,7941,0,7,100.00,37,6.0,286.4
2026-05-13T15:10:32,45.3,1218,7941,0,7,100.00,31,5.7,286.4
2026-05-13T15:10:37,11.2,1208,7941,0,7,100.00,39,5.9,286.4
2026-05-13T15:10:42,9.3,1198,7941,0,4,100.00,25,5.9,286.4
2026-05-13T15:10:47,14.6,1197,7941,0,4,100.00,30,4.9,286.4
2026-05-13T15:10:53,9.8,1199,7941,0,4,100.00,33,6.2,286.4
2026-05-13T15:10:58,9.6,1199,7941,0,4,100.00,27,5.5,286.4
2026-05-13T15:11:03,10.6,1189,7941,0,3,100.00,19,7.8,286.4
2026-05-13T15:11:09,9.4,1190,7941,0,3,100.00,29,5.8,286.4
2026-05-13T15:11:14,17.5,1197,7941,0,5,100.00,27,5.0,286.4
2026-05-13T15:11:19,8.4,1191,7941,0,5,100.00,22,5.1,286.4
2026-05-13T15:11:24,10.4,1199,7941,0,6,100.00,39,5.6,286.4
2026-05-13T15:11:30,7.8,1200,7941,0,6,100.00,24,4.9,286.4
2026-05-13T15:11:35,10.6,1195,7941,0,5,100.00,28,5.6,286.4
2026-05-13T15:11:40,9.2,1194,7941,0,5,100.00,32,5.8,286.4
2026-05-13T15:11:45,12.9,1201,7941,0,5,100.00,35,5.8,286.4
2026-05-13T15:11:51,14.3,1213,7941,0,5,100.00,31,5.2,286.4
2026-05-13T15:11:56,9.2,1202,7941,0,4,100.00,42,5.2,286.4
2026-05-13T15:12:01,19.5,1203,7941,2,3,100.00,31,6.9,286.4
2026-05-13T15:12:07,15.3,1199,7941,0,5,100.00,37,7.6,286.4
2026-05-13T15:12:12,8.7,1196,7941,0,5,100.00,31,5.2,286.4
2026-05-13T15:12:18,31.7,1204,7941,0,7,100.00,40,6.2,286.4
2026-05-13T15:12:23,19.4,1204,7941,0,7,100.00,26,4.6,286.4
2026-05-13T15:12:28,8.9,1204,7941,0,6,100.00,27,4.8,286.4
2026-05-13T15:12:33,13.2,1198,7941,0,4,100.00,34,5.1,286.4
2026-05-13T15:12:39,8.5,1198,7941,0,4,100.00,41,5.1,286.4
2026-05-13T15:12:44,8.2,1192,7941,0,4,100.00,30,5.0,286.4
2026-05-13T15:12:49,7.9,1197,7941,0,4,100.00,19,4.8,286.4
2026-05-13T15:12:54,8.1,1193,7941,0,5,100.00,29,5.0,286.4
2026-05-13T15:13:00,8.2,1193,7941,0,5,100.00,25,4.8,286.4
2026-05-13T15:13:05,10.4,1199,7941,0,5,100.00,34,7.3,286.4
2026-05-13T15:13:10,8.5,1196,7941,0,5,100.00,25,5.2,286.4
2026-05-13T15:13:15,11.2,1197,7941,0,5,100.00,25,4.8,286.4
2026-05-13T15:13:21,7.6,1201,7941,0,5,100.00,26,4.8,286.4
2026-05-13T15:13:26,8.1,1190,7941,0,4,100.00,25,4.1,286.4
2026-05-13T15:13:31,7.0,1195,7941,0,4,100.00,15,4.3,286.4
2026-05-13T15:13:36,10.0,1193,7941,0,4,100.00,35,4.7,286.4
2026-05-13T15:13:42,7.1,1192,7941,0,4,100.00,25,4.5,286.4
2026-05-13T15:13:47,10.3,1196,7941,0,4,100.00,26,4.3,286.4
2026-05-13T15:13:52,7.5,1199,7941,0,4,100.00,24,4.3,286.4
2026-05-13T15:13:57,11.1,1196,7941,0,5,100.00,25,4.7,286.4
2026-05-13T15:14:02,11.3,1201,7941,1,4,100.00,36,5.1,286.4
2026-05-13T15:14:08,9.7,1194,7941,0,4,100.00,31,4.4,286.4
2026-05-13T15:14:13,7.4,1194,7941,0,3,100.00,24,4.2,286.4
2026-05-13T15:14:18,12.7,1196,7941,0,5,100.00,26,4.5,286.4
2026-05-13T15:14:23,12.5,1202,7941,0,5,100.00,32,4.6,286.4
2026-05-13T15:14:29,10.3,1197,7941,0,4,100.00,30,4.0,286.4
2026-05-13T15:14:34,10.7,1202,7941,0,4,100.00,31,4.5,286.4
2026-05-13T15:14:39,8.0,1201,7941,1,4,100.00,28,4.6,286.4
2026-05-13T15:14:44,8.5,1193,7941,0,5,100.00,32,4.9,286.4
2026-05-13T15:14:49,8.0,1193,7941,0,4,100.00,27,5.1,286.4
2026-05-13T15:14:55,8.2,1190,7941,0,3,100.00,36,4.8,286.4
2026-05-13T15:15:00,7.7,1190,7941,0,3,100.00,19,4.9,286.4
2026-05-13T15:15:05,12.4,1192,7941,0,5,100.00,28,9.7,286.4
2026-05-13T15:15:11,8.9,1192,7941,0,5,100.00,24,5.5,286.4
2026-05-13T15:15:16,12.3,1197,7941,0,4,100.00,27,4.9,286.4
2026-05-13T15:15:21,7.5,1199,7941,0,4,100.00,25,4.8,286.4
2026-05-13T15:15:26,11.9,1196,7941,0,4,100.00,32,4.9,286.4
2026-05-13T15:15:32,12.8,1196,7941,0,5,100.00,27,5.1,286.4
2026-05-13T15:15:37,17.0,1199,7941,0,5,100.00,28,4.5,286.4
2026-05-13T15:15:42,12.1,1196,7941,0,5,100.00,25,4.6,286.4
2026-05-13T15:15:47,12.3,1211,7941,0,5,100.00,38,4.3,286.4
2026-05-13T15:15:52,13.8,1202,7941,0,5,100.00,25,4.7,286.4
2026-05-13T15:15:58,24.8,1209,7941,0,5,100.00,34,4.2,286.4
2026-05-13T15:16:03,24.7,1202,7941,0,5,100.00,27,5.2,286.4
2026-05-13T15:16:08,38.1,1209,7941,4,4,100.00,33,5.1,286.4
2026-05-13T15:16:13,10.1,1204,7941,0,7,100.00,24,4.6,286.4
2026-05-13T15:16:19,18.8,1195,7941,3,3,100.00,33,5.0,286.4
2026-05-13T15:16:24,80.5,1228,7941,2,9,100.00,42,4.7,286.4
2026-05-13T15:16:29,20.7,1218,7941,0,11,100.00,29,4.8,286.4
2026-05-13T15:16:34,24.7,1210,7941,0,6,100.00,36,4.3,286.4
2026-05-13T15:16:40,11.6,1213,7941,0,6,100.00,27,4.2,286.4
2026-05-13T15:16:45,24.3,1204,7941,0,6,100.00,46,5.0,286.4
2026-05-13T15:16:50,7.2,1206,7941,0,6,100.00,30,4.5,286.4
2026-05-13T15:16:55,13.7,1206,7941,0,5,100.00,47,5.2,286.4
2026-05-13T15:17:01,7.2,1205,7941,0,5,100.00,23,4.3,286.4
2026-05-13T15:17:06,9.3,1194,7941,0,3,100.00,41,5.4,286.4
2026-05-13T15:17:11,7.5,1196,7941,0,5,100.00,25,4.7,286.4
2026-05-13T15:17:16,8.0,1199,7941,0,5,100.00,39,4.8,286.4
2026-05-13T15:17:22,15.6,1202,7941,0,4,100.00,29,4.8,286.4
2026-05-13T15:17:27,7.5,1198,7941,0,4,100.00,34,4.4,286.4
2026-05-13T15:17:32,8.3,1203,7941,0,4,100.00,25,4.8,286.4
2026-05-13T15:17:37,8.8,1198,7941,0,4,100.00,34,4.5,286.4
2026-05-13T15:17:43,7.8,1203,7941,0,4,100.00,22,4.5,286.4
2026-05-13T15:17:48,7.9,1192,7941,0,3,100.00,36,4.7,286.4
2026-05-13T15:17:53,10.5,1193,7941,0,4,100.00,20,4.7,286.4
2026-05-13T15:17:58,8.9,1196,7941,0,5,100.00,26,4.5,286.4
2026-05-13T15:18:03,14.2,1203,7941,0,5,100.00,23,5.3,286.4
2026-05-13T15:18:09,12.5,1198,7941,0,5,100.00,31,5.1,286.4
2026-05-13T15:18:14,11.0,1194,7941,0,4,100.00,38,5.5,286.4
2026-05-13T15:18:19,8.9,1200,7941,0,5,100.00,31,5.5,286.4
2026-05-13T15:18:24,9.6,1200,7941,1,4,100.00,26,4.0,286.4
2026-05-13T15:18:30,19.2,1203,7941,1,3,100.00,25,5.1,286.4
2026-05-13T15:18:35,18.1,1198,7941,0,5,100.00,33,5.2,286.4
2026-05-13T15:18:40,8.5,1204,7941,0,5,100.00,25,4.8,286.4
2026-05-13T15:18:45,10.5,1207,7941,0,4,100.00,35,4.3,286.4
2026-05-13T15:18:51,8.2,1200,7941,0,4,100.00,23,5.0,286.4
2026-05-13T15:18:56,8.4,1195,7941,0,4,100.00,25,4.9,286.4
2026-05-13T15:19:01,8.5,1196,7941,0,3,100.00,26,5.5,286.4
2026-05-13T15:19:07,10.8,1195,7941,0,6,100.00,38,7.0,286.4
2026-05-13T15:19:12,8.5,1201,7941,0,6,100.00,24,5.2,286.4
2026-05-13T15:19:17,8.7,1197,7941,0,4,100.00,27,5.0,286.4
2026-05-13T15:19:22,14.7,1198,7941,0,5,100.00,29,5.0,286.4
2026-05-13T15:19:28,8.8,1194,7941,0,5,100.00,31,5.5,286.4
2026-05-13T15:19:33,9.0,1188,7941,0,3,100.00,19,5.1,286.4
2026-05-13T15:19:38,9.4,1193,7941,0,4,100.00,27,4.9,286.4
2026-05-13T15:19:44,9.2,1195,7941,0,4,100.00,29,5.5,286.4
2026-05-13T15:19:49,8.5,1197,7941,0,4,100.00,34,5.3,286.4
2026-05-13T15:19:54,11.8,1194,7941,0,4,100.00,28,4.8,286.4
2026-05-13T15:19:59,10.7,1194,7941,0,5,100.00,23,5.1,286.4
2026-05-13T15:20:05,26.3,1198,7941,0,5,100.00,40,11.0,286.4
2026-05-13T15:20:10,12.1,1199,7941,0,5,100.00,18,6.5,286.4
2026-05-13T15:20:15,12.8,1200,7941,1,4,100.00,29,6.8,286.4
2026-05-13T15:20:21,11.7,1204,7941,0,5,100.00,27,6.3,286.4
2026-05-13T15:20:26,9.4,1204,7941,0,4,100.00,32,5.2,286.4
2026-05-13T15:20:31,23.7,1209,7941,0,6,100.00,28,5.3,286.4
2026-05-13T15:20:37,17.6,1198,7941,0,6,100.00,33,4.9,286.4
2026-05-13T15:20:42,9.0,1206,7941,0,6,100.00,27,5.1,286.4
2026-05-13T15:20:47,11.0,1198,7941,0,4,100.00,26,5.0,286.4
2026-05-13T15:20:52,9.1,1196,7941,0,4,100.00,29,5.8,286.4
2026-05-13T15:20:58,9.4,1200,7941,0,4,100.00,27,4.8,286.4
2026-05-13T15:21:03,9.6,1202,7941,0,4,100.00,22,6.5,286.4
2026-05-13T15:21:08,9.1,1192,7941,0,3,100.00,33,5.5,286.4
2026-05-13T15:21:13,8.3,1195,7941,0,3,100.00,25,5.3,286.4
2026-05-13T15:21:19,8.9,1196,7941,0,3,100.00,30,5.1,286.5
2026-05-13T15:21:24,11.6,1194,7941,0,4,100.00,28,5.0,286.5
2026-05-13T15:21:29,7.5,1206,7941,0,5,100.00,26,4.7,286.7
2026-05-13T15:21:34,20.5,1209,7941,3,4,100.00,30,5.0,286.7
2026-05-13T15:21:40,17.7,1209,7941,0,5,100.00,24,4.9,286.7
2026-05-13T15:21:45,16.6,1215,7941,3,4,100.00,34,5.1,286.7
2026-05-13T15:21:50,11.3,1204,7941,0,5,100.00,28,5.0,286.7
2026-05-13T15:21:56,33.5,1222,7941,0,11,100.00,36,5.8,286.7
2026-05-13T15:22:01,35.8,1223,7941,0,11,100.00,33,5.9,286.7
2026-05-13T15:22:06,16.8,1201,7941,0,5,100.00,41,5.5,286.7
2026-05-13T15:22:11,39.9,1210,7941,0,7,100.00,37,5.9,286.7
2026-05-13T15:22:17,27.4,1207,7941,3,5,100.00,47,6.2,286.7
2026-05-13T15:22:22,20.9,1205,7941,0,7,100.00,28,5.6,286.7
2026-05-13T15:22:27,16.2,1194,7941,0,5,100.00,38,6.6,286.7
2026-05-13T15:22:33,70.3,1224,7941,10,3,100.00,32,6.3,286.7
2026-05-13T15:22:38,50.0,1225,7941,0,11,100.00,33,5.6,286.7
2026-05-13T15:22:43,31.8,1217,7941,0,9,100.00,41,6.2,286.7
2026-05-13T15:22:49,9.7,1200,7941,0,7,100.00,35,5.8,286.7
2026-05-13T15:22:54,19.9,1199,7941,0,5,100.00,35,6.1,286.7
2026-05-13T15:22:59,22.3,1209,7941,0,5,100.00,33,5.8,286.7
2026-05-13T15:23:05,9.9,1205,7941,0,4,100.00,17,6.0,286.7
2026-05-13T15:23:10,9.7,1197,7941,0,5,100.00,29,6.0,286.7
2026-05-13T15:23:15,9.0,1207,7941,0,5,100.00,27,5.1,286.7
2026-05-13T15:23:21,9.3,1196,7941,0,3,100.00,26,5.9,286.7
2026-05-13T15:23:26,28.9,1228,7941,0,7,100.00,25,5.9,286.7
2026-05-13T15:23:31,9.5,1219,7941,0,7,100.00,27,5.9,286.7
2026-05-13T15:23:37,12.3,1196,7941,0,5,100.00,42,6.3,286.7
2026-05-13T15:23:42,10.0,1197,7941,0,5,100.00,29,5.7,286.7
2026-05-13T15:23:47,11.3,1190,7941,0,4,100.00,37,6.3,286.7
2026-05-13T15:23:52,9.0,1196,7941,0,4,100.00,28,5.9,286.7
2026-05-13T15:23:58,9.4,1196,7941,2,2,100.00,29,5.5,286.7
2026-05-13T15:24:03,19.5,1199,7941,0,5,100.00,30,9.2,286.7
2026-05-13T15:24:08,13.9,1199,7941,1,4,100.00,27,5.9,286.7
2026-05-13T15:24:14,16.4,1195,7941,0,4,100.00,32,5.9,286.7
2026-05-13T15:24:19,11.0,1201,7941,0,5,100.00,26,6.3,286.7
2026-05-13T15:24:24,11.1,1205,7941,0,5,100.00,28,5.3,286.7
2026-05-13T15:24:30,10.5,1195,7941,0,4,100.00,29,6.5,286.7
2026-05-13T15:24:35,19.3,1198,7941,0,5,100.00,30,6.2,286.7
2026-05-13T15:24:40,26.3,1205,7941,0,7,100.00,30,6.6,286.7
2026-05-13T15:24:46,15.9,1202,7941,0,7,100.00,31,6.0,286.7
2026-05-13T15:24:51,9.7,1192,7941,0,5,100.00,29,6.1,286.7
2026-05-13T15:24:56,16.8,1201,7941,0,5,100.00,36,6.3,286.7
2026-05-13T15:25:01,10.9,1199,7941,0,5,100.00,24,7.8,286.7
2026-05-13T15:25:07,11.7,1199,7941,0,5,100.00,31,9.6,286.7
2026-05-13T15:25:12,9.9,1196,7941,0,5,100.00,20,6.3,286.7
2026-05-13T15:25:18,10.7,1192,7941,0,3,100.00,26,6.5,286.7
2026-05-13T15:25:23,9.6,1195,7941,0,3,100.00,25,6.0,286.7
2026-05-13T15:25:28,14.9,1199,7941,0,4,100.00,30,6.5,286.7
2026-05-13T15:25:34,9.8,1201,7941,0,4,100.00,26,6.2,286.7
2026-05-13T15:25:39,12.5,1197,7941,0,5,100.00,39,7.0,286.7
2026-05-13T15:25:44,11.4,1196,7941,0,5,100.00,28,6.5,286.7
2026-05-13T15:25:49,10.9,1200,7941,0,4,100.00,26,6.2,286.7
2026-05-13T15:25:55,10.8,1190,7941,0,5,100.00,29,6.3,286.7
2026-05-13T15:26:00,11.2,1200,7941,0,5,100.00,22,5.6,286.7
2026-05-13T15:26:06,14.3,1204,7941,0,5,100.00,35,7.5,286.7
2026-05-13T15:26:11,14.0,1203,7941,0,5,100.00,26,6.2,286.7
2026-05-13T15:26:16,19.7,1197,7941,0,5,100.00,35,6.6,286.7
2026-05-13T15:26:21,9.8,1204,7941,0,5,100.00,29,5.9,286.7
2026-05-13T15:26:27,13.0,1199,7941,0,4,100.00,31,6.7,286.7
2026-05-13T15:26:32,10.2,1200,7941,0,4,100.00,22,6.6,286.7
2026-05-13T15:26:37,20.7,1204,7941,0,6,100.00,25,5.9,286.7
2026-05-13T15:26:43,16.4,1204,7941,0,6,100.00,32,6.5,286.7
2026-05-13T15:26:48,19.8,1196,7941,0,5,100.00,37,5.9,286.7
2026-05-13T15:26:53,10.2,1195,7941,0,4,100.00,22,6.5,286.7
2026-05-13T15:26:59,12.7,1200,7941,0,4,100.00,31,5.4,286.7
2026-05-13T15:27:04,11.3,1190,7941,0,4,100.00,30,8.2,286.7
2026-05-13T15:27:09,9.6,1191,7941,0,3,100.00,36,5.8,286.7
2026-05-13T15:27:15,10.0,1194,7941,0,3,100.00,34,5.9,286.7
2026-05-13T15:27:20,9.9,1195,7941,0,5,100.00,30,6.0,286.7
2026-05-13T15:27:25,9.5,1198,7941,0,5,100.00,36,5.5,286.7
2026-05-13T15:27:31,16.1,1200,7941,0,5,100.00,27,5.4,286.7
2026-05-13T15:27:36,16.2,1210,7941,0,5,100.00,31,6.2,286.7
2026-05-13T15:27:41,14.9,1200,7941,0,4,100.00,28,5.5,286.7
2026-05-13T15:27:46,15.1,1199,7941,0,5,100.00,39,5.1,286.7
2026-05-13T15:27:52,28.9,1210,7941,0,6,100.00,26,5.9,286.7
2026-05-13T15:27:57,8.9,1204,7941,0,6,100.00,28,5.5,286.7
2026-05-13T15:28:02,25.3,1206,7941,0,6,100.00,27,6.2,286.7
2026-05-13T15:28:08,23.2,1205,7941,0,6,100.00,28,5.5,286.7
2026-05-13T15:28:13,17.7,1198,7941,0,5,100.00,24,5.7,286.7
2026-05-13T15:28:18,22.7,1205,7941,0,6,100.00,29,5.0,286.7
2026-05-13T15:28:24,25.3,1207,7941,0,7,100.00,28,5.5,286.7
2026-05-13T15:28:29,45.8,1213,7941,3,4,100.00,44,4.9,286.7
2026-05-13T15:28:34,12.7,1205,7941,0,7,100.00,27,5.5,286.7
2026-05-13T15:28:39,21.8,1208,7941,0,6,100.00,36,5.3,286.7
2026-05-13T15:28:45,44.2,1199,7941,1,5,100.00,32,5.1,286.7
2026-05-13T15:28:50,25.5,1208,7941,0,6,100.00,27,5.5,286.7
2026-05-13T15:28:55,17.0,1202,7941,0,6,100.00,33,5.1,286.7
2026-05-13T15:29:01,38.2,1211,7941,0,9,100.00,31,6.6,286.7
2026-05-13T15:29:06,17.0,1210,7941,0,9,100.00,29,7.1,286.7
2026-05-13T15:29:11,9.2,1199,7941,0,5,100.00,36,5.5,286.7
2026-05-13T15:29:17,8.7,1200,7941,0,5,100.00,31,5.0,286.7
2026-05-13T15:29:22,8.9,1195,7941,0,4,100.00,23,5.5,286.7
2026-05-13T15:29:27,8.9,1188,7941,0,3,100.00,33,5.5,286.7
2026-05-13T15:29:32,18.9,1198,7941,0,5,100.00,26,5.3,286.7
2026-05-13T15:29:38,8.9,1207,7941,0,5,100.00,36,5.3,286.7
2026-05-13T15:29:43,9.3,1202,7941,0,5,100.00,26,5.2,286.7
2026-05-13T15:29:48,7.7,1199,7941,0,3,100.00,35,4.8,286.7
2026-05-13T15:29:53,9.4,1206,7941,0,5,100.00,28,5.4,286.7
2026-05-13T15:29:59,8.5,1200,7941,0,5,100.00,36,4.6,286.7
2026-05-13T15:30:04,16.5,1205,7941,0,4,100.00,36,10.5,286.7
2026-05-13T15:30:09,14.6,1199,7941,0,4,100.00,23,7.8,286.7
2026-05-13T15:30:15,13.8,1199,7941,0,4,100.00,26,5.9,286.7
2026-05-13T15:30:20,12.9,1201,7941,0,4,100.00,23,5.8,286.7
2026-05-13T15:30:25,10.2,1202,7941,0,4,100.00,29,4.7,286.7
2026-05-13T15:30:31,7.0,1200,7941,0,4,100.00,22,3.9,286.7
2026-05-13T15:30:36,9.6,1196,7941,0,5,100.00,26,4.5,286.7
2026-05-13T15:30:41,10.0,1201,7941,0,5,100.00,24,4.9,286.7
2026-05-13T15:30:46,14.2,1193,7941,3,3,100.00,32,4.7,286.7
2026-05-13T15:30:52,17.3,1208,7941,0,7,100.00,30,5.0,286.7
2026-05-13T15:30:57,9.1,1200,7941,0,5,100.00,39,4.7,286.7
2026-05-13T15:31:02,13.8,1202,7941,0,5,100.00,27,5.5,286.7
2026-05-13T15:31:07,9.9,1197,7941,0,5,100.00,28,5.8,286.7
2026-05-13T15:31:13,7.3,1195,7941,0,4,100.00,28,4.7,286.7
2026-05-13T15:31:18,7.9,1194,7941,0,3,100.00,29,4.8,286.7
2026-05-13T15:31:23,7.5,1199,7941,0,3,100.00,26,4.7,286.7
2026-05-13T15:31:28,8.4,1194,7941,0,4,100.00,30,4.9,286.7
2026-05-13T15:31:34,8.0,1193,7941,1,4,100.00,17,5.0,286.7
2026-05-13T15:31:39,10.8,1199,7941,0,5,100.00,21,4.9,286.7
2026-05-13T15:31:44,9.2,1194,7941,0,4,100.00,35,4.8,286.7
2026-05-13T15:31:49,8.5,1198,7941,0,4,100.00,26,5.0,286.7
2026-05-13T15:31:55,7.9,1186,7941,1,2,100.00,36,4.8,286.7
2026-05-13T15:32:00,8.5,1195,7941,0,4,100.00,36,5.2,286.7
2026-05-13T15:32:05,12.8,1204,7941,0,5,100.00,35,5.9,286.7
2026-05-13T15:32:10,13.7,1206,7941,0,5,100.00,37,5.0,286.7
2026-05-13T15:32:16,13.5,1208,7941,0,6,100.00,42,4.9,286.7
2026-05-13T15:32:21,8.7,1201,7941,0,6,100.00,33,5.1,286.7
2026-05-13T15:32:26,9.5,1202,7941,0,6,100.00,34,4.7,286.7
2026-05-13T15:32:31,9.7,1203,7941,0,6,100.00,29,4.9,286.7
2026-05-13T15:32:37,11.2,1203,7941,0,4,100.00,32,4.7,286.7
2026-05-13T15:32:42,8.9,1202,7941,0,4,100.00,24,4.3,286.7
2026-05-13T15:32:47,10.0,1195,7941,0,4,100.00,36,4.4,286.7
2026-05-13T15:32:52,16.3,1195,7941,0,4,100.00,28,4.6,286.7
2026-05-13T15:32:57,7.2,1194,7941,0,4,100.00,34,4.2,286.7
2026-05-13T15:33:03,14.5,1199,7941,0,7,100.00,32,5.7,286.7
2026-05-13T15:33:08,7.3,1199,7941,0,7,100.00,29,4.2,286.7
2026-05-13T15:33:13,7.4,1197,7941,0,5,100.00,24,4.5,286.7
2026-05-13T15:33:18,8.0,1200,7941,0,5,100.00,30,4.8,286.7
2026-05-13T15:33:24,7.8,1194,7941,0,3,100.00,26,4.7,286.7
2026-05-13T15:33:29,7.2,1185,7941,0,3,100.00,34,4.4,286.7
2026-05-13T15:33:34,7.6,1190,7941,0,3,100.00,29,4.8,286.7
2026-05-13T15:33:39,14.2,1198,7941,0,4,100.00,30,4.5,286.7
2026-05-13T15:33:44,12.4,1195,7941,0,4,100.00,40,4.2,286.7
2026-05-13T15:33:50,7.2,1198,7941,0,4,100.00,23,4.7,286.7
2026-05-13T15:33:55,12.4,1200,7941,0,5,100.00,30,4.6,286.7
2026-05-13T15:34:00,16.4,1202,7941,0,5,100.00,31,4.3,286.7
2026-05-13T15:34:05,20.4,1205,7941,0,6,100.00,37,4.9,286.7
2026-05-13T15:34:11,23.3,1210,7941,0,10,100.00,28,4.5,286.7
2026-05-13T15:34:16,20.1,1212,7941,0,10,100.00,34,4.4,286.7
2026-05-13T15:34:21,11.9,1195,7941,0,6,100.00,34,4.5,286.7
2026-05-13T15:34:26,7.4,1203,7941,0,6,100.00,32,4.3,286.7
2026-05-13T15:34:31,12.7,1203,7941,0,5,100.00,28,4.3,286.7
2026-05-13T15:34:37,29.0,1211,7941,0,5,100.00,39,4.4,286.7
2026-05-13T15:34:42,19.6,1207,7941,3,5,100.00,32,4.5,286.7
2026-05-13T15:34:47,9.7,1211,7941,3,5,100.00,35,4.1,286.7
2026-05-13T15:34:52,62.5,1218,7941,0,10,100.00,30,4.1,286.7
2026-05-13T15:34:58,16.8,1215,7941,0,10,100.00,44,4.8,286.7
2026-05-13T15:35:03,18.7,1206,7941,4,5,100.00,31,7.4,286.7
2026-05-13T15:35:08,28.4,1207,7941,0,7,100.00,43,4.9,286.7
2026-05-13T15:35:13,6.8,1206,7941,0,7,100.00,24,4.2,286.7
2026-05-13T15:35:19,6.9,1202,7941,0,5,100.00,34,3.8,286.7
2026-05-13T15:35:24,7.3,1199,7941,0,4,100.00,34,4.5,286.7
2026-05-13T15:35:29,6.9,1206,7941,0,3,100.00,23,4.3,286.7
2026-05-13T15:35:34,6.8,1197,7941,0,3,100.00,24,3.9,286.7
2026-05-13T15:35:40,21.6,1212,7941,0,9,100.00,25,4.4,286.7
2026-05-13T15:35:45,7.7,1210,7941,0,9,100.00,35,4.3,286.7
2026-05-13T15:35:50,7.5,1194,7941,0,4,100.00,30,4.5,286.7
2026-05-13T15:35:55,7.6,1201,7941,0,5,100.00,35,4.4,286.7
2026-05-13T15:36:01,7.9,1201,7941,0,5,100.00,24,4.0,286.7
2026-05-13T15:36:06,11.1,1197,7941,0,5,100.00,29,5.1,286.7
2026-05-13T15:36:11,6.7,1192,7941,0,5,100.00,27,4.3,286.7
2026-05-13T15:36:16,8.6,1212,7941,0,5,100.00,31,4.7,286.7
2026-05-13T15:36:21,12.3,1209,7941,0,5,100.00,36,4.5,286.7
2026-05-13T15:36:27,7.7,1196,7941,0,5,100.00,36,4.2,286.7
2026-05-13T15:36:32,8.1,1203,7941,0,5,100.00,22,4.0,286.7
2026-05-13T15:36:37,11.3,1197,7941,0,4,100.00,31,4.5,286.7
2026-05-13T15:36:42,8.4,1198,7941,0,4,100.00,23,4.2,286.7
2026-05-13T15:36:47,8.8,1190,7941,0,4,100.00,33,4.0,286.7
2026-05-13T15:36:53,6.7,1194,7941,0,4,100.00,36,4.2,286.7
2026-05-13T15:36:58,18.6,1194,7941,0,4,100.00,37,4.4,286.7
2026-05-13T15:37:03,7.5,1200,7941,0,4,100.00,25,4.7,286.7
2026-05-13T15:37:08,9.4,1196,7941,0,5,100.00,31,4.3,286.7
2026-05-13T15:37:14,8.8,1203,7941,0,5,100.00,29,4.5,286.7
2026-05-13T15:37:19,8.5,1202,7941,0,5,100.00,39,4.5,286.7
2026-05-13T15:37:24,7.4,1201,7941,0,4,100.00,34,4.5,286.7
2026-05-13T15:37:29,7.3,1209,7941,0,4,100.00,40,4.5,286.7
2026-05-13T15:37:34,7.8,1197,7941,0,4,100.00,37,4.7,286.7
2026-05-13T15:37:40,6.9,1199,7941,0,4,100.00,24,4.3,286.7
2026-05-13T15:37:45,16.9,1199,7941,0,5,100.00,36,4.4,286.7
2026-05-13T15:37:50,7.3,1203,7941,0,5,100.00,29,4.4,286.7
2026-05-13T15:37:55,6.8,1207,7941,0,5,100.00,32,3.9,286.7
2026-05-13T15:38:00,7.4,1202,7941,0,3,100.00,28,4.2,286.7
2026-05-13T15:38:06,7.4,1200,7941,0,3,100.00,29,4.5,286.7
2026-05-13T15:38:11,9.4,1199,7941,0,4,100.00,20,4.3,286.7
2026-05-13T15:38:16,8.5,1207,7941,0,4,100.00,32,4.5,286.7
2026-05-13T15:38:21,9.9,1203,7941,0,5,100.00,25,4.8,286.7
2026-05-13T15:38:27,13.5,1199,7941,0,5,100.00,30,4.3,286.7
2026-05-13T15:38:32,9.2,1207,7941,0,5,100.00,30,4.5,286.7
2026-05-13T15:38:37,8.3,1205,7941,0,5,100.00,29,4.6,286.7
2026-05-13T15:38:42,11.3,1207,7941,0,5,100.00,25,5.1,286.7
2026-05-13T15:38:48,8.1,1206,7941,0,5,100.00,29,4.9,286.7
2026-05-13T15:38:53,9.3,1204,7941,0,4,100.00,23,4.6,286.7
2026-05-13T15:38:58,21.3,1209,7941,1,4,100.00,30,4.7,286.7
2026-05-13T15:39:03,11.7,1210,7941,0,5,100.00,24,7.6,286.7
2026-05-13T15:39:09,11.4,1204,7941,0,4,100.00,30,5.7,286.7
2026-05-13T15:39:14,11.1,1204,7941,0,5,100.00,31,4.3,286.7
2026-05-13T15:39:19,8.3,1207,7941,0,5,100.00,23,5.1,286.7
2026-05-13T15:39:24,8.2,1206,7941,0,5,100.00,37,4.8,286.7
2026-05-13T15:39:30,7.2,1199,7941,0,4,100.00,28,4.5,286.7
2026-05-13T15:39:35,8.1,1197,7941,0,5,100.00,29,4.9,286.7
2026-05-13T15:39:40,7.5,1205,7941,0,5,100.00,19,4.4,286.7
2026-05-13T15:39:45,7.3,1196,7941,0,5,100.00,31,4.0,286.7
2026-05-13T15:39:51,31.0,1228,7941,0,8,100.00,28,5.1,286.7
2026-05-13T15:39:56,6.8,1227,7941,0,8,100.00,29,4.0,286.7
2026-05-13T15:40:01,22.4,1231,7941,0,11,100.00,31,5.2,286.7
2026-05-13T15:40:07,19.1,1225,7941,0,11,100.00,31,11.7,286.7
2026-05-13T15:40:12,31.1,1208,7941,0,7,100.00,20,5.8,286.7
2026-05-13T15:40:17,16.3,1213,7941,6,4,100.00,33,5.3,286.7
2026-05-13T15:40:23,37.9,1217,7941,0,11,100.00,27,5.8,286.7
2026-05-13T15:40:28,15.6,1222,7941,0,11,100.00,35,5.2,286.7
2026-05-13T15:40:33,20.1,1208,7941,0,5,100.00,38,4.8,286.7
2026-05-13T15:40:39,7.6,1206,7941,0,5,100.00,28,4.7,286.7
2026-05-13T15:40:44,25.8,1210,7941,0,5,100.00,36,5.2,286.7
2026-05-13T15:40:49,12.5,1211,7941,0,5,100.00,29,4.8,286.7
2026-05-13T15:40:54,13.9,1210,7941,3,4,100.00,32,4.7,286.7
2026-05-13T15:40:59,35.5,1216,7941,3,6,100.00,34,4.7,286.7
2026-05-13T15:41:05,40.0,1217,7941,3,6,100.00,26,5.7,286.7
2026-05-13T15:41:10,31.8,1214,7941,0,7,100.00,34,5.2,286.7
2026-05-13T15:41:15,18.4,1206,7941,0,5,100.00,41,4.5,286.7
2026-05-13T15:41:21,7.7,1208,7941,0,4,100.00,19,4.6,286.7
2026-05-13T15:41:26,7.4,1208,7941,0,4,100.00,24,4.2,286.7
2026-05-13T15:41:31,7.6,1199,7941,0,4,100.00,25,4.8,286.7
2026-05-13T15:41:36,8.8,1210,7941,0,3,100.00,29,5.1,286.7
2026-05-13T15:41:42,8.0,1202,7941,0,5,100.00,19,5.0,286.7
2026-05-13T15:41:47,7.5,1206,7941,0,4,100.00,29,4.3,286.7
2026-05-13T15:41:52,27.2,1225,7941,0,9,100.00,25,5.4,286.7
2026-05-13T15:41:57,8.5,1218,7941,0,9,100.00,37,5.0,286.7
2026-05-13T15:42:03,10.0,1204,7941,0,4,100.00,36,7.2,286.7
2026-05-13T15:42:08,8.5,1202,7941,0,4,100.00,31,4.8,286.7
2026-05-13T15:42:13,8.8,1204,7941,0,4,100.00,30,4.0,286.7
2026-05-13T15:42:18,8.8,1207,7941,0,4,100.00,34,4.7,286.7
2026-05-13T15:42:24,8.2,1196,7941,1,3,100.00,40,4.2,286.7
2026-05-13T15:42:29,8.1,1195,7941,1,3,100.00,22,4.5,286.7
2026-05-13T15:42:34,13.8,1198,7941,0,6,100.00,38,4.5,286.7
2026-05-13T15:42:39,7.1,1206,7941,0,6,100.00,19,4.3,286.7
2026-05-13T15:42:45,11.1,1200,7941,0,4,100.00,43,4.4,286.7
2026-05-13T15:42:50,7.5,1195,7941,0,5,100.00,31,4.8,286.7
2026-05-13T15:42:55,9.5,1193,7941,0,5,100.00,34,4.6,286.7
2026-05-13T15:43:00,12.5,1196,7941,0,5,100.00,24,5.1,286.7
2026-05-13T15:43:06,11.8,1197,7941,1,4,100.00,36,5.1,286.7
2026-05-13T15:43:11,18.0,1202,7941,0,4,100.00,30,5.2,286.7
2026-05-13T15:43:16,7.8,1200,7941,0,4,100.00,38,4.5,286.7
2026-05-13T15:43:21,9.7,1202,7941,0,6,100.00,26,4.8,286.7
2026-05-13T15:43:27,7.5,1202,7941,0,6,100.00,30,4.5,286.7
2026-05-13T15:43:32,7.4,1200,7941,0,5,100.00,27,4.7,286.7
2026-05-13T15:43:37,7.5,1200,7941,0,5,100.00,30,4.7,286.7
2026-05-13T15:43:42,7.4,1204,7941,0,5,100.00,24,4.9,286.7
2026-05-13T15:43:48,8.7,1195,7941,0,3,100.00,29,5.1,286.7
2026-05-13T15:43:53,12.5,1194,7941,0,5,100.00,31,5.0,286.7
2026-05-13T15:43:58,7.2,1198,7941,0,5,100.00,30,4.1,286.7
2026-05-13T15:44:03,8.7,1197,7941,0,5,100.00,30,5.4,286.7
2026-05-13T15:44:09,9.6,1191,7941,0,4,100.00,34,5.1,286.7
2026-05-13T15:44:14,9.6,1190,7941,1,3,100.00,36,5.1,286.7
2026-05-13T15:44:19,10.5,1192,7941,0,4,100.00,27,5.4,286.7
2026-05-13T15:44:24,10.6,1201,7941,2,4,100.00,29,4.9,286.7
2026-05-13T15:44:30,10.4,1203,7941,0,6,100.00,30,4.7,286.7
2026-05-13T15:44:35,13.1,1205,7941,1,4,100.00,25,5.0,286.7
2026-05-13T15:44:40,9.8,1201,7941,0,4,100.00,24,5.3,286.7
2026-05-13T15:44:45,12.5,1195,7941,0,5,100.00,33,5.4,286.7
2026-05-13T15:44:51,7.9,1201,7941,0,5,100.00,24,4.9,286.7
2026-05-13T15:44:56,10.3,1190,7941,0,4,100.00,28,5.1,286.7
2026-05-13T15:45:01,20.9,1199,7941,1,5,100.00,28,6.0,286.7
2026-05-13T15:45:07,13.9,1197,7941,0,6,100.00,34,11.0,286.7
2026-05-13T15:45:12,16.8,1196,7941,0,4,100.00,15,5.4,286.7
2026-05-13T15:45:18,14.2,1204,7941,0,6,100.00,32,4.7,286.7
2026-05-13T15:45:23,12.3,1196,7941,0,6,100.00,20,4.9,286.7
2026-05-13T15:45:28,8.0,1197,7941,0,5,100.00,19,4.7,286.7
2026-05-13T15:45:33,8.6,1187,7941,0,3,100.00,29,5.1,286.7
2026-05-13T15:45:39,8.4,1199,7941,0,5,100.00,26,5.1,286.7
2026-05-13T15:45:44,7.7,1189,7941,0,3,100.00,35,4.5,286.7
2026-05-13T15:45:49,8.0,1185,7941,0,3,100.00,25,5.1,286.7
2026-05-13T15:45:54,27.9,1204,7941,2,5,100.00,28,4.8,286.7
2026-05-13T15:46:00,11.1,1205,7941,0,6,100.00,25,4.9,286.7
2026-05-13T15:46:05,9.6,1197,7941,0,5,100.00,32,5.9,286.7
2026-05-13T15:46:10,14.5,1206,7941,0,5,100.00,19,4.8,286.7
2026-05-13T15:46:16,16.3,1197,7941,0,5,100.00,34,5.1,286.7
2026-05-13T15:46:21,15.8,1204,7941,3,4,100.00,24,5.3,286.7
2026-05-13T15:46:26,19.8,1203,7941,4,3,100.00,29,5.1,286.7
2026-05-13T15:46:32,15.5,1210,7941,4,3,100.00,33,5.2,286.7
2026-05-13T15:46:37,46.5,1207,7941,0,6,100.00,27,5.1,286.7
2026-05-13T15:46:42,8.2,1208,7941,0,6,100.00,25,5.0,286.7
2026-05-13T15:46:47,28.7,1203,7941,0,6,100.00,35,5.8,286.7
2026-05-13T15:46:53,17.9,1209,7941,0,6,100.00,31,5.0,286.7
2026-05-13T15:46:58,8.3,1195,7941,0,5,100.00,41,4.9,286.7
2026-05-13T15:47:03,40.1,1206,7941,0,6,100.00,47,6.1,286.7
2026-05-13T15:47:08,16.0,1207,7941,0,6,100.00,36,4.5,286.7
2026-05-13T15:47:14,33.9,1205,7941,1,5,100.00,46,6.2,286.7
2026-05-13T15:47:19,33.6,1231,7941,0,10,100.00,31,4.5,286.7
2026-05-13T15:47:24,14.2,1222,7941,0,10,100.00,26,4.2,286.7
2026-05-13T15:47:30,8.1,1198,7941,0,5,100.00,29,4.9,286.7
2026-05-13T15:47:35,8.4,1194,7941,0,4,100.00,35,5.0,286.7
2026-05-13T15:47:40,7.3,1197,7941,0,4,100.00,24,4.4,286.7
2026-05-13T15:47:45,9.0,1201,7941,0,4,100.00,31,5.3,286.7
2026-05-13T15:47:51,7.9,1192,7941,0,3,100.00,30,4.7,286.7
2026-05-13T15:47:56,18.4,1198,7941,0,6,100.00,35,5.2,286.7
2026-05-13T15:48:01,9.1,1201,7941,0,6,100.00,22,5.5,286.7
2026-05-13T15:48:07,10.1,1190,7941,0,4,100.00,35,6.6,286.7
2026-05-13T15:48:12,9.6,1202,7941,0,5,100.00,24,5.3,286.7
2026-05-13T15:48:17,10.6,1201,7941,0,5,100.00,34,5.2,286.7
2026-05-13T15:48:22,8.0,1206,7941,0,5,100.00,25,4.9,286.7
2026-05-13T15:48:28,9.6,1199,7941,0,5,100.00,32,4.0,286.7
2026-05-13T15:48:33,8.1,1193,7941,0,4,100.00,22,5.0,286.7
2026-05-13T15:48:38,13.2,1191,7941,1,3,100.00,32,5.1,286.7
2026-05-13T15:48:43,9.2,1192,7941,0,4,100.00,22,4.7,286.7
2026-05-13T15:48:49,12.3,1197,7941,0,4,100.00,35,4.8,286.7
2026-05-13T15:48:54,10.5,1196,7941,0,4,100.00,28,4.2,286.7
2026-05-13T15:48:59,7.6,1196,7941,0,4,100.00,23,4.7,286.7
2026-05-13T15:49:04,11.5,1197,7941,0,5,100.00,34,7.2,286.7
2026-05-13T15:49:10,11.6,1200,7941,0,5,100.00,20,5.5,286.7
2026-05-13T15:49:15,13.4,1195,7941,1,4,100.00,38,5.5,286.7
2026-05-13T15:49:20,16.6,1205,7941,0,5,100.00,23,4.5,286.7
2026-05-13T15:49:25,9.5,1198,7941,0,4,100.00,33,4.4,286.7
2026-05-13T15:49:31,8.4,1204,7941,0,4,100.00,26,5.2,286.7
2026-05-13T15:49:36,8.3,1198,7941,0,4,100.00,32,5.1,286.7
2026-05-13T15:49:41,7.9,1198,7941,0,4,100.00,28,4.9,286.7
2026-05-13T15:49:46,8.4,1201,7941,0,5,100.00,27,5.1,286.7
2026-05-13T15:49:52,8.2,1203,7941,0,5,100.00,27,5.1,286.7
2026-05-13T15:49:57,17.6,1203,7941,0,6,100.00,31,5.0,286.7
2026-05-13T15:50:02,11.1,1203,7941,0,6,100.00,32,7.6,286.7
2026-05-13T15:50:08,13.2,1192,7941,0,4,100.00,36,10.0,286.7
2026-05-13T15:50:13,10.3,1202,7941,0,4,100.00,21,6.2,286.7
2026-05-13T15:50:18,12.6,1204,7941,0,4,100.00,28,5.7,286.7
2026-05-13T15:50:24,9.7,1202,7941,0,4,100.00,33,6.0,286.7
2026-05-13T15:50:29,12.4,1198,7941,0,4,100.00,30,5.8,286.7
2026-05-13T15:50:34,10.0,1193,7941,0,4,100.00,42,6.0,286.7
2026-05-13T15:50:39,10.4,1206,7941,1,4,100.00,27,5.9,286.7
2026-05-13T15:50:45,15.0,1197,7941,0,5,100.00,36,5.5,286.7
2026-05-13T15:50:50,11.0,1194,7941,0,4,100.00,33,5.0,286.7
2026-05-13T15:50:55,10.8,1197,7941,0,5,100.00,28,5.2,286.7
2026-05-13T15:51:01,8.5,1203,7941,0,5,100.00,27,5.1,286.7
2026-05-13T15:51:06,14.9,1196,7941,0,4,100.00,30,8.2,286.7
2026-05-13T15:51:11,11.4,1202,7941,0,5,100.00,32,5.7,286.7
2026-05-13T15:51:17,8.1,1204,7941,0,5,100.00,34,4.8,286.7
2026-05-13T15:51:22,20.6,1206,7941,0,5,100.00,22,4.5,286.7
2026-05-13T15:51:27,11.7,1199,7941,0,6,100.00,34,5.0,286.7
2026-05-13T15:51:32,7.3,1200,7941,0,6,100.00,20,4.4,286.7
2026-05-13T15:51:38,9.0,1194,7941,0,5,100.00,37,5.5,286.7
2026-05-13T15:51:43,8.9,1201,7941,0,5,100.00,27,5.3,286.7
2026-05-13T15:51:48,9.2,1188,7941,0,3,100.00,30,5.3,286.7
2026-05-13T15:51:53,9.5,1195,7941,0,4,100.00,27,5.7,286.7
2026-05-13T15:51:59,12.1,1197,7941,0,5,100.00,40,5.1,286.7
2026-05-13T15:52:04,27.5,1212,7941,3,9,100.00,45,6.8,286.7
2026-05-13T15:52:09,16.8,1212,7941,0,11,100.00,24,6.1,286.7
2026-05-13T15:52:15,12.8,1196,7941,0,5,100.00,42,4.2,286.7
2026-05-13T15:52:20,13.8,1206,7941,0,5,100.00,26,4.8,286.7
2026-05-13T15:52:25,8.0,1193,7941,0,5,100.00,35,4.7,286.7
2026-05-13T15:52:30,26.9,1220,7941,0,8,100.00,36,4.2,286.7
2026-05-13T15:52:36,13.8,1205,7941,0,8,100.00,32,4.4,286.7
2026-05-13T15:52:41,17.8,1199,7941,0,5,100.00,35,4.7,286.7
2026-05-13T15:52:46,16.0,1193,7941,0,5,100.00,30,5.0,286.7
2026-05-13T15:52:51,23.7,1209,7941,0,9,100.00,34,4.7,286.7
2026-05-13T15:52:56,18.8,1208,7941,0,9,100.00,34,4.5,286.7
2026-05-13T15:53:02,7.6,1198,7941,0,5,100.00,31,4.8,286.7
2026-05-13T15:53:07,27.0,1208,7941,0,8,100.00,35,4.2,286.7
2026-05-13T15:53:12,7.1,1212,7941,0,8,100.00,28,4.6,286.7
2026-05-13T15:53:17,28.5,1208,7941,0,6,100.00,36,4.5,286.7
2026-05-13T15:53:23,37.0,1212,7941,1,6,100.00,31,4.0,286.7
2026-05-13T15:53:28,17.7,1202,7941,0,7,100.00,32,4.0,286.7
2026-05-13T15:53:33,13.1,1208,7941,0,6,100.00,26,4.3,286.7
2026-05-13T15:53:38,7.4,1202,7941,0,5,100.00,26,4.5,286.7
2026-05-13T15:53:44,7.3,1203,7941,0,5,100.00,22,4.5,286.7
2026-05-13T15:53:49,6.9,1205,7941,0,5,100.00,34,3.9,286.7
2026-05-13T15:53:54,7.0,1199,7941,0,5,100.00,27,4.2,286.7
2026-05-13T15:53:59,12.1,1202,7941,1,4,100.00,26,3.9,286.7
2026-05-13T15:54:04,9.9,1200,7941,0,5,100.00,28,5.2,286.7
2026-05-13T15:54:10,7.7,1201,7941,0,4,100.00,23,4.2,286.7
2026-05-13T15:54:15,7.5,1193,7941,0,4,100.00,28,4.5,286.7
2026-05-13T15:54:20,7.8,1202,7941,0,4,100.00,27,4.3,286.7
2026-05-13T15:54:25,9.1,1192,7941,0,4,100.00,29,4.2,286.7
2026-05-13T15:54:31,8.4,1203,7941,0,5,100.00,38,4.5,286.7
2026-05-13T15:54:36,9.3,1200,7941,0,6,100.00,33,4.7,286.7
2026-05-13T15:54:41,8.2,1201,7941,0,6,100.00,24,4.6,286.7
2026-05-13T15:54:46,8.3,1191,7941,0,4,100.00,35,4.6,286.7
2026-05-13T15:54:52,10.9,1199,7941,0,5,100.00,24,4.0,286.7
2026-05-13T15:54:57,12.3,1202,7941,0,6,100.00,34,4.7,286.7
2026-05-13T15:55:02,11.0,1199,7941,0,6,100.00,41,6.7,286.7
2026-05-13T15:55:08,9.6,1195,7941,0,4,100.00,30,6.2,286.7
2026-05-13T15:55:13,12.4,1199,7941,0,4,100.00,19,4.8,286.7
2026-05-13T15:55:18,12.8,1198,7941,0,5,100.00,26,4.1,286.7
2026-05-13T15:55:23,14.4,1205,7941,3,5,100.00,30,4.6,286.7
2026-05-13T15:55:29,10.8,1203,7941,0,6,100.00,35,4.5,286.7
2026-05-13T15:55:34,10.5,1205,7941,0,5,100.00,32,5.2,286.7
2026-05-13T15:55:39,7.2,1202,7941,0,5,100.00,32,4.4,286.7
2026-05-13T15:55:44,7.5,1189,7941,0,4,100.00,37,4.5,286.7
2026-05-13T15:55:49,6.8,1203,7941,0,4,100.00,28,4.0,286.7
2026-05-13T15:55:55,7.3,1199,7941,0,5,100.00,31,4.3,286.7
2026-05-13T15:56:00,6.8,1201,7941,0,5,100.00,15,4.2,286.7
2026-05-13T15:56:05,11.3,1193,7941,0,4,100.00,41,4.9,286.7
2026-05-13T15:56:10,8.1,1191,7941,0,4,100.00,21,4.5,286.7
2026-05-13T15:56:16,8.1,1198,7941,0,4,100.00,26,4.8,286.7
2026-05-13T15:56:21,7.7,1198,7941,0,4,100.00,27,4.3,286.7
2026-05-13T15:56:26,11.5,1201,7941,0,5,100.00,25,5.2,286.7
2026-05-13T15:56:31,8.4,1206,7941,0,5,100.00,25,4.5,286.7
2026-05-13T15:56:37,8.9,1196,7941,0,4,100.00,27,4.4,286.7
2026-05-13T15:56:42,8.2,1195,7941,0,4,100.00,23,4.7,286.7
2026-05-13T15:56:47,8.5,1196,7941,0,4,100.00,37,4.7,286.7
2026-05-13T15:56:52,10.4,1210,7941,0,4,100.00,26,4.8,286.7
2026-05-13T15:56:57,9.8,1199,7941,0,5,100.00,33,5.0,286.7
2026-05-13T15:57:03,11.2,1200,7941,0,5,100.00,32,5.7,286.7
2026-05-13T15:57:08,11.6,1208,7941,0,8,100.00,30,4.9,286.7
2026-05-13T15:57:13,10.0,1206,7941,0,8,100.00,33,4.7,286.7
2026-05-13T15:57:18,14.1,1196,7941,0,5,100.00,36,4.7,286.7
2026-05-13T15:57:24,13.8,1206,7941,1,5,100.00,41,5.7,286.7
2026-05-13T15:57:29,14.8,1205,7941,0,6,100.00,37,5.0,286.7
2026-05-13T15:57:34,12.1,1195,7941,0,5,100.00,39,5.1,286.7
2026-05-13T15:57:39,7.5,1197,7941,0,5,100.00,30,4.8,286.7
2026-05-13T15:57:45,7.9,1190,7941,0,4,100.00,36,4.7,286.7
2026-05-13T15:57:50,7.4,1194,7941,0,4,100.00,19,4.2,286.7
2026-05-13T15:57:55,7.6,1193,7941,0,5,100.00,32,4.5,286.7
2026-05-13T15:58:00,7.6,1204,7941,0,5,100.00,33,4.8,286.7
2026-05-13T15:58:06,24.6,1208,7941,0,6,100.00,38,5.2,286.7
2026-05-13T15:58:11,12.0,1207,7941,0,6,100.00,27,4.5,286.7
2026-05-13T15:58:16,7.7,1200,7941,0,5,100.00,32,4.5,286.7
2026-05-13T15:58:21,17.3,1202,7941,0,6,100.00,21,4.8,286.7
2026-05-13T15:58:26,13.2,1211,7941,0,6,100.00,34,4.3,286.7
2026-05-13T15:58:32,13.3,1204,7941,0,5,100.00,31,4.7,286.7
2026-05-13T15:58:37,13.3,1196,7941,0,5,100.00,37,4.8,286.7
2026-05-13T15:58:42,18.2,1202,7941,0,9,100.00,29,4.7,286.7
2026-05-13T15:58:47,16.6,1206,7941,0,9,100.00,32,4.3,286.7
2026-05-13T15:58:53,13.1,1199,7941,0,6,100.00,34,4.7,286.7
2026-05-13T15:58:58,20.8,1202,7941,0,5,100.00,38,4.7,286.7
2026-05-13T15:59:03,30.3,1211,7941,0,8,100.00,25,5.3,286.7
2026-05-13T15:59:08,6.7,1209,7941,0,8,100.00,28,3.9,286.7
2026-05-13T15:59:13,27.3,1200,7941,0,5,100.00,31,4.0,286.7
2026-05-13T15:59:19,14.1,1213,7941,4,3,100.00,28,3.6,286.7
2026-05-13T15:59:24,26.8,1205,7941,0,5,100.00,33,3.8,286.7
2026-05-13T15:59:29,34.6,1214,7941,0,9,100.00,26,4.2,286.7
2026-05-13T15:59:34,33.5,1215,7941,0,9,100.00,38,3.6,286.7
2026-05-13T15:59:40,6.9,1214,7941,0,8,100.00,29,4.2,286.7
2026-05-13T15:59:45,6.3,1196,7941,0,5,100.00,32,3.6,286.7
2026-05-13T15:59:50,6.8,1198,7941,0,4,100.00,24,4.2,286.7
2026-05-13T15:59:55,6.8,1195,7941,0,4,100.00,32,4.0,286.7
2026-05-13T16:00:00,6.7,1196,7941,0,3,100.00,24,4.0,286.7
2026-05-13T16:00:06,12.3,1198,7941,0,5,100.00,27,11.5,286.7
2026-05-13T16:00:11,35.0,1210,7941,1,6,100.00,33,8.6,286.7
2026-05-13T16:00:17,9.5,1210,7941,0,7,100.00,29,5.3,286.7
2026-05-13T16:00:22,8.0,1194,7941,0,5,100.00,24,5.0,286.7
2026-05-13T16:00:27,10.1,1199,7941,0,5,100.00,32,4.5,286.7
2026-05-13T16:00:32,7.0,1202,7941,1,4,100.00,29,4.2,286.7
2026-05-13T16:00:37,8.5,1200,7941,0,5,100.00,26,4.3,286.7
2026-05-13T16:00:43,7.8,1192,7941,0,4,100.00,26,4.1,286.7
2026-05-13T16:00:48,6.7,1197,7941,1,3,100.00,31,4.0,286.7
2026-05-13T16:00:53,7.4,1203,7941,0,6,100.00,30,3.8,286.7
2026-05-13T16:00:58,9.5,1199,7941,0,6,100.00,28,4.2,286.7
2026-05-13T16:01:04,11.5,1197,7941,0,4,100.00,25,4.5,286.7
2026-05-13T16:01:09,6.4,1191,7941,0,4,100.00,27,3.6,286.7
2026-05-13T16:01:14,9.2,1198,7941,0,5,100.00,34,4.4,286.7
2026-05-13T16:01:19,6.3,1202,7941,0,5,100.00,18,3.5,286.7
2026-05-13T16:01:24,15.5,1202,7941,0,5,100.00,37,4.8,286.7
2026-05-13T16:01:30,11.5,1202,7941,1,4,100.00,23,3.5,286.7
2026-05-13T16:01:35,14.9,1206,7941,0,5,100.00,27,4.1,286.7
2026-05-13T16:01:40,6.6,1205,7941,0,4,100.00,25,4.0,286.7
2026-05-13T16:01:45,6.7,1197,7941,0,3,100.00,27,4.0,286.7
2026-05-13T16:01:51,7.0,1205,7941,0,4,100.00,30,4.3,286.7
2026-05-13T16:01:56,7.1,1195,7941,0,4,100.00,28,4.0,286.7
2026-05-13T16:02:01,7.0,1200,7941,0,4,100.00,26,4.3,286.7
2026-05-13T16:02:06,7.1,1190,7941,0,3,100.00,36,4.5,286.7
2026-05-13T16:02:11,6.9,1200,7941,0,5,100.00,27,4.2,286.7
2026-05-13T16:02:17,9.8,1204,7941,0,5,100.00,32,4.0,286.7
2026-05-13T16:02:22,6.4,1204,7941,0,5,100.00,31,4.0,286.7
2026-05-13T16:02:27,13.0,1196,7941,0,6,100.00,31,3.9,286.7
2026-05-13T16:02:32,6.5,1199,7941,0,6,100.00,21,4.0,286.7
2026-05-13T16:02:37,7.7,1190,7941,0,4,100.00,38,4.1,286.7
2026-05-13T16:02:43,8.2,1195,7941,0,4,100.00,33,4.0,286.7
2026-05-13T16:02:48,6.4,1204,7941,0,4,100.00,24,3.8,286.7
2026-05-13T16:02:53,7.1,1203,7941,0,4,100.00,33,4.0,286.7
2026-05-13T16:02:58,7.7,1206,7941,1,4,100.00,40,4.2,286.7
2026-05-13T16:03:04,10.4,1200,7941,1,4,100.00,25,4.6,286.7
2026-05-13T16:03:09,10.1,1200,7941,0,4,100.00,34,4.2,286.7
2026-05-13T16:03:14,9.7,1197,7941,0,5,100.00,38,4.2,286.7
2026-05-13T16:03:19,6.6,1198,7941,0,5,100.00,24,3.7,286.7
2026-05-13T16:03:24,12.2,1205,7941,0,6,100.00,30,4.2,286.7
2026-05-13T16:03:30,6.5,1209,7941,0,6,100.00,28,4.2,286.7
2026-05-13T16:03:35,14.8,1195,7941,0,4,100.00,34,4.0,286.7
2026-05-13T16:03:40,12.5,1197,7941,0,4,100.00,18,3.9,286.7
2026-05-13T16:03:45,6.6,1197,7941,0,4,100.00,29,3.9,286.7
2026-05-13T16:03:50,6.4,1188,7941,0,3,100.00,27,4.0,286.7
2026-05-13T16:03:56,6.3,1194,7941,0,5,100.00,30,3.6,286.7
2026-05-13T16:04:01,6.5,1207,7941,0,5,100.00,28,4.1,286.7
2026-05-13T16:04:06,7.3,1188,7941,0,3,100.00,21,4.3,286.7
2026-05-13T16:04:11,6.5,1197,7941,0,3,100.00,19,4.1,286.7
2026-05-13T16:04:16,14.5,1199,7941,0,5,100.00,30,4.2,286.7
2026-05-13T16:04:22,6.3,1196,7941,0,5,100.00,24,4.0,286.7
2026-05-13T16:04:27,26.6,1213,7941,0,9,100.00,36,4.0,286.7
2026-05-13T16:04:32,6.1,1211,7941,0,9,100.00,17,3.8,286.7
2026-05-13T16:04:37,11.8,1196,7941,0,3,100.00,35,4.0,286.7
2026-05-13T16:04:43,10.5,1206,7941,3,2,100.00,26,4.0,286.7
2026-05-13T16:04:48,14.6,1203,7941,0,5,100.00,32,4.4,286.7
2026-05-13T16:04:53,11.3,1200,7941,0,5,100.00,24,4.3,286.7
2026-05-13T16:04:58,26.5,1209,7941,0,6,100.00,42,5.1,286.7
2026-05-13T16:05:03,27.5,1213,7941,0,6,100.00,32,9.0,286.7
2026-05-13T16:05:09,40.0,1212,7941,0,6,100.00,35,5.7,286.7
2026-05-13T16:05:14,21.2,1216,7941,0,6,100.00,38,4.9,286.7
2026-05-13T16:05:19,16.6,1210,7941,3,4,100.00,33,4.3,286.7
2026-05-13T16:05:25,13.6,1209,7941,0,5,100.00,31,4.5,286.7
2026-05-13T16:05:30,36.3,1210,7941,2,6,100.00,34,4.3,286.7
2026-05-13T16:05:35,36.0,1213,7941,4,6,100.00,41,4.6,286.7
2026-05-13T16:05:41,40.9,1215,7941,4,6,100.00,31,4.5,286.7
2026-05-13T16:05:46,11.9,1209,7941,0,7,100.00,31,4.5,286.7
2026-05-13T16:05:51,7.5,1200,7941,0,4,100.00,30,4.6,286.7
2026-05-13T16:05:56,7.9,1197,7941,0,3,100.00,39,4.9,286.7
2026-05-13T16:06:02,8.5,1197,7941,0,4,100.00,23,5.5,286.7
2026-05-13T16:06:07,8.9,1193,7941,0,5,100.00,38,5.1,286.7
2026-05-13T16:06:12,7.1,1201,7941,0,5,100.00,26,4.2,286.7
2026-05-13T16:06:17,25.8,1209,7941,0,8,100.00,28,5.1,286.7
2026-05-13T16:06:23,6.9,1210,7941,0,8,100.00,28,4.5,286.7
2026-05-13T16:06:28,10.4,1197,7941,0,5,100.00,37,4.3,286.7
2026-05-13T16:06:33,8.0,1202,7941,0,5,100.00,23,4.7,286.7
2026-05-13T16:06:38,7.9,1193,7941,0,3,100.00,33,4.5,286.7
2026-05-13T16:06:44,8.2,1198,7941,0,4,100.00,29,4.5,286.7
2026-05-13T16:06:49,8.4,1193,7941,0,4,100.00,25,4.8,286.7
2026-05-13T16:06:54,9.1,1204,7941,0,5,100.00,30,4.3,286.7
2026-05-13T16:06:59,7.9,1201,7941,1,4,100.00,29,4.6,286.7
2026-05-13T16:07:04,9.4,1203,7941,0,5,100.00,29,5.1,286.7
2026-05-13T16:07:10,14.5,1203,7941,0,5,100.00,33,4.8,286.7
2026-05-13T16:07:15,9.9,1202,7941,0,5,100.00,31,5.7,286.7
2026-05-13T16:07:20,13.5,1204,7941,0,5,100.00,32,5.5,286.7
2026-05-13T16:07:25,8.8,1198,7941,0,5,100.00,31,5.3,286.7
2026-05-13T16:07:31,12.2,1203,7941,1,4,100.00,38,5.8,286.7
2026-05-13T16:07:36,14.7,1202,7941,1,4,100.00,31,5.5,286.7
2026-05-13T16:07:41,16.3,1203,7941,2,3,100.00,28,5.5,286.7
2026-05-13T16:07:47,18.6,1199,7941,0,6,100.00,28,4.5,286.7
2026-05-13T16:07:52,7.5,1204,7941,0,5,100.00,22,4.7,286.7
2026-05-13T16:07:57,8.0,1195,7941,0,3,100.00,36,4.9,286.7
2026-05-13T16:08:02,8.4,1200,7941,0,4,100.00,24,5.3,286.7
2026-05-13T16:08:07,8.5,1210,7941,0,5,100.00,31,5.0,286.7
2026-05-13T16:08:13,7.4,1207,7941,0,5,100.00,25,4.7,286.7
2026-05-13T16:08:18,11.0,1200,7941,0,5,100.00,34,4.9,286.7
2026-05-13T16:08:23,7.6,1198,7941,0,5,100.00,26,4.8,286.7
2026-05-13T16:08:28,11.0,1205,7941,0,5,100.00,26,4.9,286.7
2026-05-13T16:08:34,8.4,1214,7941,0,5,100.00,33,4.9,286.7
2026-05-13T16:08:39,9.1,1196,7941,0,5,100.00,27,5.1,286.7
2026-05-13T16:08:44,8.2,1199,7941,0,5,100.00,29,5.1,286.7
2026-05-13T16:08:49,8.7,1201,7941,0,4,100.00,28,5.1,286.7
2026-05-13T16:08:55,13.2,1199,7941,0,5,100.00,30,5.1,286.7
2026-05-13T16:09:00,9.4,1207,7941,0,5,100.00,38,5.7,286.7
2026-05-13T16:09:05,13.8,1201,7941,0,5,100.00,30,11.6,286.7
2026-05-13T16:09:11,19.7,1210,7941,0,9,100.00,22,6.2,286.7
2026-05-13T16:09:16,9.5,1210,7941,0,9,100.00,36,5.5,286.7
2026-05-13T16:09:21,13.5,1197,7941,0,4,100.00,27,5.7,286.7
2026-05-13T16:09:26,8.7,1203,7941,0,5,100.00,26,5.2,286.7
2026-05-13T16:09:32,12.6,1202,7941,0,5,100.00,26,5.3,286.7
2026-05-13T16:09:37,11.8,1201,7941,0,4,100.00,42,4.8,286.7
2026-05-13T16:09:42,13.3,1206,7941,0,4,100.00,18,5.1,286.7
2026-05-13T16:09:47,14.1,1203,7941,0,5,100.00,34,5.5,286.7
2026-05-13T16:09:53,8.2,1205,7941,0,5,100.00,29,5.1,286.7
2026-05-13T16:09:58,8.5,1207,7941,0,5,100.00,33,4.9,286.7
2026-05-13T16:10:03,10.7,1202,7941,0,4,100.00,24,8.1,286.7
2026-05-13T16:10:09,12.7,1202,7941,0,4,100.00,24,9.6,286.7
2026-05-13T16:10:14,10.6,1197,7941,0,3,100.00,30,6.6,286.7
2026-05-13T16:10:19,18.7,1207,7941,1,4,100.00,20,6.4,286.7
2026-05-13T16:10:25,10.8,1207,7941,0,5,100.00,29,5.5,286.7
2026-05-13T16:10:30,28.4,1226,7941,0,11,100.00,29,5.5,286.7
2026-05-13T16:10:35,21.4,1215,7941,0,11,100.00,30,5.1,286.7
2026-05-13T16:10:41,8.3,1196,7941,0,5,100.00,28,4.9,286.7
2026-05-13T16:10:46,7.9,1203,7941,0,5,100.00,28,4.8,286.7
2026-05-13T16:10:51,15.2,1209,7941,0,7,100.00,34,5.5,286.7
2026-05-13T16:10:56,33.4,1214,7941,0,11,100.00,29,5.4,286.7
2026-05-13T16:11:01,20.0,1225,7941,0,11,100.00,36,6.2,286.7
2026-05-13T16:11:07,9.9,1196,7941,0,5,100.00,32,6.0,286.7
2026-05-13T16:11:12,41.7,1209,7941,0,7,100.00,25,5.7,286.7
2026-05-13T16:11:17,16.5,1214,7941,0,7,100.00,31,5.9,286.7
2026-05-13T16:11:23,18.1,1203,7941,0,5,100.00,41,6.2,286.7
2026-05-13T16:11:28,24.9,1207,7941,0,5,100.00,28,5.3,286.7
2026-05-13T16:11:33,24.1,1200,7941,0,5,100.00,29,5.7,286.7
2026-05-13T16:11:38,23.8,1205,7941,0,5,100.00,36,5.5,286.7
2026-05-13T16:11:44,43.9,1213,7941,0,7,100.00,29,5.6,286.7
2026-05-13T16:11:49,62.0,1228,7941,0,11,100.00,22,4.9,286.7
2026-05-13T16:11:54,8.9,1221,7941,0,11,100.00,32,5.2,286.7
2026-05-13T16:11:59,8.3,1197,7941,0,3,100.00,36,5.1,286.7
2026-05-13T16:12:05,11.4,1211,7941,0,5,100.00,31,8.0,286.7
2026-05-13T16:12:10,8.2,1208,7941,0,5,100.00,32,5.1,286.7
2026-05-13T16:12:15,7.4,1211,7941,0,5,100.00,35,4.2,286.7
2026-05-13T16:12:20,7.3,1207,7941,0,5,100.00,31,4.5,286.7
2026-05-13T16:12:26,16.7,1208,7941,0,5,100.00,40,4.6,286.7
2026-05-13T16:12:31,8.2,1207,7941,0,5,100.00,34,4.5,286.7
2026-05-13T16:12:36,8.4,1203,7941,0,4,100.00,30,3.9,286.7
2026-05-13T16:12:41,9.5,1200,7941,0,5,100.00,19,4.3,286.7
2026-05-13T16:12:47,7.5,1194,7941,0,5,100.00,32,4.4,286.7
2026-05-13T16:12:52,8.2,1198,7941,0,4,100.00,25,4.8,286.7
2026-05-13T16:12:57,9.5,1199,7941,0,4,100.00,33,4.8,286.7
2026-05-13T16:13:02,9.8,1202,7941,0,4,100.00,38,5.9,286.7
2026-05-13T16:13:08,7.6,1205,7941,0,5,100.00,37,4.3,286.7
2026-05-13T16:13:13,12.6,1205,7941,2,5,100.00,32,4.8,286.7
2026-05-13T16:13:18,10.9,1206,7941,0,7,100.00,34,4.9,286.7
2026-05-13T16:13:23,9.6,1199,7941,0,4,100.00,31,4.5,286.7
2026-05-13T16:13:28,7.7,1197,7941,0,4,100.00,33,4.6,286.7
2026-05-13T16:13:34,12.2,1200,7941,0,5,100.00,31,4.7,286.7
2026-05-13T16:13:39,10.0,1201,7941,0,5,100.00,29,4.8,286.7
2026-05-13T16:13:44,14.1,1205,7941,0,5,100.00,22,4.6,286.7
2026-05-13T16:13:49,12.9,1201,7941,0,5,100.00,30,5.0,286.7
2026-05-13T16:13:55,7.8,1206,7941,0,5,100.00,32,4.7,286.7
2026-05-13T16:14:00,8.0,1196,7941,0,4,100.00,27,4.9,286.7
2026-05-13T16:14:05,9.3,1199,7941,0,5,100.00,31,5.5,286.7
2026-05-13T16:14:10,7.2,1204,7941,0,5,100.00,28,4.5,286.7
2026-05-13T16:14:16,7.1,1194,7941,0,3,100.00,28,4.2,286.7
2026-05-13T16:14:21,7.3,1202,7941,0,5,100.00,26,4.5,286.7
2026-05-13T16:14:26,9.8,1202,7941,0,5,100.00,27,4.2,286.7
2026-05-13T16:14:31,8.1,1201,7941,0,4,100.00,26,4.7,286.7
2026-05-13T16:14:37,8.8,1194,7941,0,4,100.00,39,4.8,286.7
2026-05-13T16:14:42,8.7,1199,7941,0,4,100.00,25,4.4,286.7
2026-05-13T16:14:47,7.2,1199,7941,0,4,100.00,27,4.1,286.7
2026-05-13T16:14:52,7.7,1200,7941,0,3,100.00,35,4.9,286.7
2026-05-13T16:14:57,10.5,1198,7941,0,5,100.00,33,4.5,286.7
2026-05-13T16:15:03,13.5,1204,7941,0,4,100.00,33,8.0,286.7
2026-05-13T16:15:08,10.2,1193,7941,0,4,100.00,25,6.7,286.7
2026-05-13T16:15:13,7.6,1197,7941,0,3,100.00,17,4.3,286.7
2026-05-13T16:15:19,14.7,1210,7941,0,4,100.00,25,5.0,286.7
2026-05-13T16:15:24,13.5,1204,7941,0,5,100.00,36,5.3,286.7
2026-05-13T16:15:29,9.2,1205,7941,0,5,100.00,27,5.2,286.7
2026-05-13T16:15:34,10.7,1205,7941,0,5,100.00,34,4.9,286.7
2026-05-13T16:15:40,9.6,1201,7941,0,5,100.00,25,4.4,286.7
2026-05-13T16:15:45,12.2,1197,7941,3,4,100.00,31,4.2,286.7
2026-05-13T16:15:50,19.7,1197,7941,1,4,100.00,25,4.8,286.7
2026-05-13T16:15:55,9.7,1202,7941,0,5,100.00,38,4.8,286.7
2026-05-13T16:16:01,9.4,1200,7941,0,5,100.00,23,4.8,286.7
2026-05-13T16:16:06,8.1,1195,7941,0,5,100.00,29,4.6,286.7
2026-05-13T16:16:11,7.3,1199,7941,0,5,100.00,30,4.6,286.7
2026-05-13T16:16:16,7.8,1186,7941,0,3,100.00,27,4.8,286.7
2026-05-13T16:16:22,18.1,1202,7941,0,5,100.00,25,5.2,286.7
2026-05-13T16:16:27,10.1,1197,7941,0,5,100.00,44,4.1,286.7
2026-05-13T16:16:32,12.2,1192,7941,0,4,100.00,22,4.5,286.7
2026-05-13T16:16:37,12.2,1199,7941,0,5,100.00,33,4.3,286.7
2026-05-13T16:16:42,19.8,1207,7941,0,7,100.00,24,4.2,286.7
2026-05-13T16:16:48,7.6,1199,7941,0,7,100.00,30,4.5,286.7
2026-05-13T16:16:53,7.5,1201,7941,0,5,100.00,23,4.8,286.7
2026-05-13T16:16:58,21.1,1204,7941,0,7,100.00,33,5.1,286.7
2026-05-13T16:17:03,20.2,1210,7941,0,7,100.00,20,5.2,286.7
2026-05-13T16:17:09,17.8,1193,7941,0,5,100.00,42,5.0,286.7
2026-05-13T16:17:14,7.5,1198,7941,0,5,100.00,33,4.7,286.7
2026-05-13T16:17:19,37.3,1206,7941,0,7,100.00,37,5.7,286.7
2026-05-13T16:17:24,13.9,1209,7941,0,7,100.00,34,4.4,286.7
2026-05-13T16:17:29,21.4,1199,7941,0,6,100.00,36,5.1,286.7
2026-05-13T16:17:35,15.8,1205,7941,0,6,100.00,43,5.6,286.7
2026-05-13T16:17:40,23.5,1206,7941,7,1,100.00,32,5.5,286.7
2026-05-13T16:17:45,54.1,1208,7941,0,9,100.00,40,5.9,286.7
2026-05-13T16:17:51,25.6,1223,7941,0,9,100.00,38,5.0,286.7
2026-05-13T16:17:56,22.1,1208,7941,0,7,100.00,31,5.2,286.7
2026-05-13T16:18:01,20.3,1209,7941,0,6,100.00,27,5.2,286.7
2026-05-13T16:18:07,10.5,1200,7941,0,6,100.00,33,7.8,286.7
2026-05-13T16:18:12,7.5,1192,7941,0,3,100.00,31,4.4,286.7
2026-05-13T16:18:17,8.4,1196,7941,0,5,100.00,33,4.9,286.7
2026-05-13T16:18:22,7.3,1204,7941,0,5,100.00,21,4.3,286.7
2026-05-13T16:18:28,6.9,1196,7941,0,5,100.00,30,4.0,286.7
2026-05-13T16:18:33,16.7,1202,7941,0,7,100.00,29,5.1,286.7
2026-05-13T16:18:38,10.3,1208,7941,0,7,100.00,28,4.4,286.7
2026-05-13T16:18:43,8.7,1199,7941,0,4,100.00,22,4.1,286.7
2026-05-13T16:18:49,8.4,1200,7941,0,3,100.00,29,5.0,286.7
2026-05-13T16:18:54,8.7,1199,7941,0,3,100.00,34,5.3,286.7
2026-05-13T16:18:59,9.5,1199,7941,0,4,100.00,19,4.6,286.7
2026-05-13T16:19:04,11.3,1193,7941,0,5,100.00,39,6.5,286.7
2026-05-13T16:19:10,9.8,1197,7941,0,5,100.00,28,5.1,286.7
2026-05-13T16:19:15,8.3,1191,7941,0,5,100.00,32,5.1,286.7
2026-05-13T16:19:20,12.7,1198,7941,0,5,100.00,23,5.2,286.7
2026-05-13T16:19:25,10.6,1201,7941,0,5,100.00,41,5.1,286.7
2026-05-13T16:19:31,11.0,1193,7941,0,4,100.00,25,5.3,286.7
2026-05-13T16:19:36,10.3,1191,7941,0,5,100.00,33,5.3,286.7
2026-05-13T16:19:41,11.1,1201,7941,0,5,100.00,24,4.9,286.7
2026-05-13T16:19:46,12.8,1191,7941,0,4,100.00,41,4.8,286.7
2026-05-13T16:19:52,10.5,1199,7941,0,5,100.00,23,5.0,286.7
2026-05-13T16:19:57,15.9,1193,7941,1,4,100.00,32,5.9,286.7
2026-05-13T16:20:02,12.3,1200,7941,0,5,100.00,28,6.9,286.7
2026-05-13T16:20:08,15.5,1202,7941,0,5,100.00,30,8.5,286.7
2026-05-13T16:20:13,9.8,1205,7941,0,5,100.00,25,6.1,286.7
2026-05-13T16:20:18,10.5,1191,7941,0,4,100.00,27,6.0,286.7
2026-05-13T16:20:24,10.2,1194,7941,0,4,100.00,30,6.7,286.7
2026-05-13T16:20:29,9.7,1195,7941,0,5,100.00,27,5.6,286.7
2026-05-13T16:20:34,16.2,1202,7941,0,5,100.00,26,5.6,286.7
2026-05-13T16:20:39,12.1,1199,7941,0,4,100.00,20,6.0,286.7
2026-05-13T16:20:45,11.9,1196,7941,0,4,100.00,33,6.1,286.7
2026-05-13T16:20:50,10.5,1192,7941,0,3,100.00,28,6.6,286.7
2026-05-13T16:20:55,9.8,1189,7941,0,4,100.00,36,6.2,286.7
2026-05-13T16:21:01,12.3,1190,7941,0,4,100.00,29,7.1,286.7
2026-05-13T16:21:06,14.2,1192,7941,0,5,100.00,32,9.0,286.7
2026-05-13T16:21:12,11.4,1201,7941,0,5,100.00,26,6.5,286.7
2026-05-13T16:21:17,8.7,1197,7941,0,4,100.00,32,5.0,286.7
2026-05-13T16:21:22,16.6,1196,7941,0,5,100.00,25,6.2,286.7
2026-05-13T16:21:28,14.7,1202,7941,0,5,100.00,34,6.2,286.7
2026-05-13T16:21:33,10.7,1207,7941,0,5,100.00,30,5.7,286.7
2026-05-13T16:21:38,10.4,1200,7941,0,4,100.00,29,5.9,286.7
2026-05-13T16:21:43,10.9,1197,7941,1,4,100.00,24,6.1,286.7
2026-05-13T16:21:49,21.5,1198,7941,0,5,100.00,28,5.5,286.7
2026-05-13T16:21:54,16.1,1195,7941,3,4,100.00,36,5.8,286.7
2026-05-13T16:21:59,25.1,1201,7941,1,4,100.00,28,5.8,286.7
2026-05-13T16:22:04,10.8,1204,7941,0,6,100.00,31,6.1,286.7
2026-05-13T16:22:10,12.4,1200,7941,0,6,100.00,36,6.2,286.7
2026-05-13T16:22:15,9.6,1195,7941,0,4,100.00,39,5.9,286.7
2026-05-13T16:22:20,9.4,1197,7941,0,4,100.00,30,6.0,286.7
2026-05-13T16:22:26,10.2,1200,7941,0,4,100.00,44,5.9,286.7
2026-05-13T16:22:31,15.3,1204,7941,0,5,100.00,35,6.3,286.7
2026-05-13T16:22:36,13.7,1197,7941,0,4,100.00,41,6.2,286.7
2026-05-13T16:22:42,37.2,1208,7941,0,9,100.00,29,6.0,286.7
2026-05-13T16:22:47,10.0,1201,7941,0,9,100.00,35,5.9,286.7
2026-05-13T16:22:52,8.9,1187,7941,0,3,100.00,29,5.3,286.7
2026-05-13T16:22:57,9.7,1193,7941,0,3,100.00,23,6.0,286.7
2026-05-13T16:23:03,30.2,1218,7941,0,11,100.00,21,7.5,286.7
2026-05-13T16:23:08,27.7,1217,7941,3,10,100.00,44,6.2,286.7
2026-05-13T16:23:13,17.1,1203,7941,0,6,100.00,34,5.6,286.7
2026-05-13T16:23:19,10.6,1194,7941,0,5,100.00,42,6.3,286.7
2026-05-13T16:23:24,24.8,1196,7941,0,5,100.00,28,6.1,286.7
2026-05-13T16:23:29,26.3,1202,7941,0,5,100.00,25,6.5,286.7
2026-05-13T16:23:35,36.1,1214,7941,8,2,100.00,35,5.8,286.7
2026-05-13T16:23:40,37.7,1223,7941,0,11,100.00,30,6.5,286.7
2026-05-13T16:23:45,29.7,1203,7941,7,1,100.00,38,6.2,286.7
2026-05-13T16:23:51,33.1,1209,7941,0,7,100.00,28,5.5,286.7
2026-05-13T16:23:56,42.4,1205,7941,0,7,100.00,37,5.7,286.7
2026-05-13T16:24:02,18.1,1211,7941,0,7,100.00,28,7.6,286.7
2026-05-13T16:24:07,38.1,1199,7941,0,6,100.00,38,7.9,286.7
2026-05-13T16:24:12,9.3,1194,7941,0,5,100.00,22,5.9,286.7
2026-05-13T16:24:18,9.4,1187,7941,0,3,100.00,27,5.7,286.7
2026-05-13T16:24:23,9.7,1191,7941,0,3,100.00,29,6.2,286.7
2026-05-13T16:24:28,9.6,1195,7941,0,3,100.00,26,6.0,286.7
2026-05-13T16:24:34,9.6,1199,7941,0,5,100.00,27,6.0,286.7
2026-05-13T16:24:39,10.5,1200,7941,0,5,100.00,22,6.1,286.7
2026-05-13T16:24:44,25.4,1193,7941,0,5,100.00,34,5.9,286.7
2026-05-13T16:24:49,9.1,1197,7941,1,4,100.00,24,5.8,286.7
2026-05-13T16:24:55,9.3,1199,7941,0,5,100.00,31,5.5,286.7
2026-05-13T16:25:00,13.3,1225,7941,1,4,100.00,20,5.9,286.7
2026-05-13T16:25:06,15.9,1210,7941,0,4,100.00,39,10.9,286.7
2026-05-13T16:25:11,10.5,1196,7941,0,5,100.00,28,6.2,286.7
2026-05-13T16:25:16,12.2,1205,7941,0,5,100.00,37,6.2,286.7
2026-05-13T16:25:21,10.2,1199,7941,0,4,100.00,30,6.2,286.7
2026-05-13T16:25:27,14.7,1205,7941,0,5,100.00,37,6.4,286.7
2026-05-13T16:25:32,12.3,1203,7941,0,5,100.00,28,5.7,286.7
2026-05-13T16:25:37,10.6,1200,7941,0,4,100.00,36,5.8,286.7
2026-05-13T16:25:43,10.5,1198,7941,0,4,100.00,23,5.3,286.7
2026-05-13T16:25:48,13.0,1204,7941,2,3,100.00,36,5.6,286.7
2026-05-13T16:25:53,14.9,1209,7941,0,5,100.00,27,6.5,286.7
2026-05-13T16:25:59,18.3,1209,7941,0,6,100.00,33,5.0,286.7
2026-05-13T16:26:04,17.2,1208,7941,0,6,100.00,31,5.9,286.7
2026-05-13T16:26:09,23.7,1206,7941,0,6,100.00,28,5.8,286.7
2026-05-13T16:26:14,9.1,1210,7941,0,6,100.00,31,5.4,286.7
2026-05-13T16:26:20,8.2,1198,7941,0,3,100.00,19,4.9,286.7
2026-05-13T16:26:25,8.9,1201,7941,0,3,100.00,25,5.5,286.7
2026-05-13T16:26:30,8.8,1197,7941,0,4,100.00,27,5.5,286.7
2026-05-13T16:26:35,9.0,1197,7941,0,5,100.00,28,5.2,286.7
2026-05-13T16:26:41,9.5,1206,7941,0,5,100.00,24,5.2,286.7
2026-05-13T16:26:46,16.5,1207,7941,0,5,100.00,44,5.7,286.7
2026-05-13T16:26:51,8.4,1205,7941,0,5,100.00,28,5.2,286.7
2026-05-13T16:26:57,8.5,1210,7941,0,5,100.00,40,4.9,286.7
2026-05-13T16:27:02,9.7,1212,7941,1,4,100.00,29,6.5,286.7
2026-05-13T16:27:07,11.1,1198,7941,0,4,100.00,31,5.9,286.7
2026-05-13T16:27:12,9.2,1208,7941,0,5,100.00,26,5.1,286.7
2026-05-13T16:27:18,11.4,1212,7941,0,5,100.00,39,6.4,286.7
2026-05-13T16:27:23,8.9,1198,7941,0,4,100.00,30,5.5,286.7
2026-05-13T16:27:28,14.4,1198,7941,1,3,100.00,36,6.3,286.7
2026-05-13T16:27:34,11.6,1200,7941,0,4,100.00,31,5.5,286.7
2026-05-13T16:27:39,9.0,1203,7941,0,4,100.00,32,5.5,286.7
2026-05-13T16:27:44,11.3,1203,7941,0,4,100.00,34,4.3,286.7
2026-05-13T16:27:49,8.6,1207,7941,0,4,100.00,28,4.7,286.7
2026-05-13T16:27:55,12.8,1196,7941,0,4,100.00,36,4.8,286.7
2026-05-13T16:28:00,13.6,1201,7941,0,4,100.00,33,4.7,286.7
2026-05-13T16:28:05,13.2,1206,7941,0,4,100.00,42,5.0,286.7
2026-05-13T16:28:10,11.1,1199,7941,1,3,100.00,29,4.7,286.7
2026-05-13T16:28:16,9.8,1197,7941,0,4,100.00,29,4.7,286.7
2026-05-13T16:28:21,7.5,1209,7941,0,3,100.00,30,4.7,286.7
2026-05-13T16:28:26,7.2,1204,7941,0,3,100.00,29,4.3,286.7
2026-05-13T16:28:31,8.3,1207,7941,0,5,100.00,28,5.2,286.7
2026-05-13T16:28:36,8.6,1210,7941,0,5,100.00,29,5.0,286.7
2026-05-13T16:28:42,13.0,1212,7941,3,4,100.00,19,4.6,286.7
2026-05-13T16:28:47,22.9,1208,7941,0,5,100.00,34,4.8,286.7
2026-05-13T16:28:52,9.7,1202,7941,0,5,100.00,19,4.0,286.7
2026-05-13T16:28:57,8.0,1199,7941,0,4,100.00,26,4.7,286.7
2026-05-13T16:29:03,8.8,1203,7941,0,4,100.00,22,5.7,286.7
2026-05-13T16:29:08,15.3,1205,7941,0,7,100.00,34,5.0,286.7
2026-05-13T16:29:13,17.1,1220,7941,0,7,100.00,27,5.0,286.7
2026-05-13T16:29:18,19.6,1212,7941,3,4,100.00,27,5.0,286.7
2026-05-13T16:29:24,10.4,1206,7941,0,6,100.00,29,4.5,286.7
2026-05-13T16:29:29,17.1,1206,7941,0,5,100.00,22,4.8,286.7
2026-05-13T16:29:34,19.0,1199,7941,0,6,100.00,25,4.9,286.7
2026-05-13T16:29:39,7.4,1206,7941,3,5,100.00,25,4.5,286.7
2026-05-13T16:29:45,19.0,1217,7941,0,7,100.00,28,4.8,286.7
2026-05-13T16:29:50,41.6,1220,7941,2,6,100.00,35,5.2,286.7
2026-05-13T16:29:55,36.0,1221,7941,0,9,100.00,38,5.3,286.7
2026-05-13T16:30:01,27.1,1213,7941,0,9,100.00,40,5.2,286.7
2026-05-13T16:30:06,32.0,1215,7941,1,5,100.00,36,12.2,286.7
2026-05-13T16:30:12,36.4,1224,7941,5,5,100.00,34,8.2,286.7
2026-05-13T16:30:17,27.0,1214,7941,0,8,100.00,34,6.7,286.7
2026-05-13T16:30:22,9.3,1200,7941,0,4,100.00,29,5.5,286.7
2026-05-13T16:30:28,8.1,1197,7941,0,3,100.00,24,4.5,286.7
2026-05-13T16:30:33,8.3,1196,7941,0,5,100.00,27,5.2,286.7
2026-05-13T16:30:38,7.8,1201,7941,0,5,100.00,26,4.2,286.7
2026-05-13T16:30:43,7.6,1192,7941,0,3,100.00,22,4.0,286.7
2026-05-13T16:30:49,9.9,1199,7941,0,5,100.00,32,4.2,286.7
2026-05-13T16:30:54,15.2,1203,7941,0,5,100.00,25,4.7,286.7
2026-05-13T16:30:59,7.6,1208,7941,0,5,100.00,24,4.5,286.7
2026-05-13T16:31:04,8.9,1203,7941,0,5,100.00,30,5.5,286.7
2026-05-13T16:31:10,8.7,1206,7941,0,5,100.00,26,4.5,286.7
2026-05-13T16:31:15,8.5,1198,7941,0,5,100.00,33,4.9,286.7
2026-05-13T16:31:20,8.5,1203,7941,0,5,100.00,27,5.0,286.7
2026-05-13T16:31:25,8.9,1202,7941,0,5,100.00,33,4.9,286.7
2026-05-13T16:31:31,11.1,1205,7941,0,5,100.00,29,5.1,286.7
2026-05-13T16:31:36,14.7,1205,7941,0,6,100.00,30,4.9,286.7
2026-05-13T16:31:41,7.3,1205,7941,0,6,100.00,17,4.5,286.7
2026-05-13T16:31:46,8.5,1201,7941,0,4,100.00,30,4.7,286.7
2026-05-13T16:31:52,10.6,1201,7941,0,5,100.00,25,4.9,286.7
2026-05-13T16:31:57,12.8,1203,7941,0,5,100.00,35,5.1,286.7
2026-05-13T16:32:02,11.4,1208,7941,0,5,100.00,30,5.4,286.7
2026-05-13T16:32:07,15.5,1210,7941,2,4,100.00,35,5.2,286.7
2026-05-13T16:32:13,13.4,1200,7941,0,5,100.00,30,4.4,286.7
2026-05-13T16:32:18,10.4,1200,7941,0,5,100.00,32,4.2,286.7
2026-05-13T16:32:23,6.3,1199,7941,0,4,100.00,25,4.0,286.7
2026-05-13T16:32:28,7.0,1196,7941,0,3,100.00,36,4.2,286.7
2026-05-13T16:32:33,8.0,1200,7941,0,5,100.00,32,5.1,286.7
2026-05-13T16:32:39,6.7,1194,7941,0,3,100.00,27,3.6,286.7
2026-05-13T16:32:44,7.0,1200,7941,0,4,100.00,39,4.2,286.7
2026-05-13T16:32:49,10.0,1208,7941,0,6,100.00,31,4.3,286.7
2026-05-13T16:32:54,9.8,1209,7941,0,6,100.00,39,4.0,286.7
2026-05-13T16:32:59,6.8,1202,7941,0,4,100.00,28,4.1,286.7
2026-05-13T16:33:05,9.0,1199,7941,0,4,100.00,35,5.9,286.7
2026-05-13T16:33:10,8.1,1197,7941,0,4,100.00,30,4.4,286.7
2026-05-13T16:33:15,7.7,1200,7941,0,4,100.00,34,4.3,286.7
2026-05-13T16:33:20,6.5,1199,7941,0,5,100.00,24,3.9,286.7
2026-05-13T16:33:26,7.9,1200,7941,0,6,100.00,39,4.0,286.7
2026-05-13T16:33:31,7.7,1205,7941,0,6,100.00,26,4.0,286.7
2026-05-13T16:33:36,15.5,1202,7941,0,6,100.00,34,4.1,286.7
2026-05-13T16:33:41,6.9,1204,7941,0,6,100.00,22,4.2,286.7
2026-05-13T16:33:46,9.2,1204,7941,1,4,100.00,37,4.1,286.7
2026-05-13T16:33:52,8.5,1205,7941,0,5,100.00,20,3.8,286.7
2026-05-13T16:33:57,7.6,1201,7941,0,4,100.00,27,4.0,286.7
2026-05-13T16:34:02,12.9,1202,7941,1,4,100.00,29,4.3,286.7
2026-05-13T16:34:07,10.8,1201,7941,0,5,100.00,34,4.4,286.7
2026-05-13T16:34:12,19.5,1208,7941,0,6,100.00,27,4.2,286.7
2026-05-13T16:34:18,11.8,1212,7941,0,6,100.00,30,3.9,286.7
2026-05-13T16:34:23,6.5,1207,7941,1,3,100.00,25,4.0,286.7
2026-05-13T16:34:28,6.9,1202,7941,0,3,100.00,34,4.1,286.7
2026-05-13T16:34:33,6.6,1203,7941,0,5,100.00,19,4.0,286.7
2026-05-13T16:34:38,6.7,1205,7941,0,5,100.00,25,3.8,286.7
2026-05-13T16:34:44,6.8,1205,7941,0,5,100.00,33,4.2,286.7
2026-05-13T16:34:49,21.4,1203,7941,0,5,100.00,23,4.2,286.7
2026-05-13T16:34:54,12.5,1202,7941,0,5,100.00,31,4.0,286.7
2026-05-13T16:34:59,7.0,1207,7941,1,4,100.00,25,4.3,286.7
2026-05-13T16:35:05,13.6,1206,7941,0,5,100.00,38,7.9,286.7
2026-05-13T16:35:10,7.5,1210,7941,0,5,100.00,26,4.6,286.7
2026-05-13T16:35:15,13.9,1222,7941,0,9,100.00,34,5.1,286.7
2026-05-13T16:35:20,20.8,1207,7941,0,9,100.00,27,4.3,286.7
2026-05-13T16:35:25,7.4,1198,7941,0,6,100.00,34,4.2,286.7
2026-05-13T16:35:31,17.6,1202,7941,0,5,100.00,29,4.4,286.7
2026-05-13T16:35:36,7.4,1203,7941,0,5,100.00,28,4.4,286.7
2026-05-13T16:35:41,14.0,1209,7941,0,5,100.00,17,4.0,286.7
2026-05-13T16:35:46,16.5,1202,7941,4,3,100.00,33,3.5,286.7
2026-05-13T16:35:52,28.8,1205,7941,0,6,100.00,30,4.4,286.7
2026-05-13T16:35:57,26.1,1211,7941,4,5,100.00,37,4.3,286.7
2026-05-13T16:36:02,25.7,1209,7941,0,7,100.00,27,5.6,286.7
2026-05-13T16:36:08,34.2,1205,7941,0,8,100.00,39,4.5,286.7
2026-05-13T16:36:13,25.9,1225,7941,0,8,100.00,27,4.0,286.7
2026-05-13T16:36:18,21.2,1206,7941,0,7,100.00,42,4.1,286.7
2026-05-13T16:36:23,11.0,1206,7941,0,6,100.00,26,3.9,286.7
2026-05-13T16:36:28,7.2,1199,7941,0,5,100.00,34,4.3,286.7
2026-05-13T16:36:34,14.4,1212,7941,0,5,100.00,24,4.3,286.7
2026-05-13T16:36:39,7.8,1208,7941,0,5,100.00,28,4.5,286.7
2026-05-13T16:36:44,6.3,1198,7941,0,3,100.00,29,3.5,286.7
2026-05-13T16:36:49,7.6,1205,7941,0,4,100.00,21,4.0,286.7
2026-05-13T16:36:54,6.7,1199,7941,0,4,100.00,30,4.0,286.7
2026-05-13T16:37:00,8.4,1203,7941,0,4,100.00,24,4.0,286.7
2026-05-13T16:37:05,32.8,1216,7941,0,9,100.00,33,4.8,286.7
2026-05-13T16:37:10,7.0,1216,7941,0,9,100.00,29,4.5,286.7
2026-05-13T16:37:15,8.5,1202,7941,0,5,100.00,34,4.2,286.7
2026-05-13T16:37:21,7.3,1204,7941,0,5,100.00,30,4.2,286.7
2026-05-13T16:37:26,7.6,1197,7941,0,5,100.00,34,4.7,286.7
2026-05-13T16:37:31,8.2,1203,7941,0,4,100.00,31,4.4,286.7
2026-05-13T16:37:36,7.2,1210,7941,0,4,100.00,32,4.3,286.7
2026-05-13T16:37:41,9.6,1215,7941,0,4,100.00,32,4.2,286.7
2026-05-13T16:37:47,7.2,1213,7941,0,4,100.00,31,4.0,286.7
2026-05-13T16:37:52,9.3,1198,7941,0,4,100.00,31,4.2,286.7
2026-05-13T16:37:57,8.5,1201,7941,0,5,100.00,40,4.5,286.7
2026-05-13T16:38:02,10.8,1207,7941,0,5,100.00,27,4.5,286.7
2026-05-13T16:38:07,15.2,1197,7941,0,5,100.00,27,4.2,286.7
2026-05-13T16:38:13,12.1,1198,7941,0,5,100.00,30,4.5,286.7
2026-05-13T16:38:18,14.3,1198,7941,0,5,100.00,35,4.3,286.7
2026-05-13T16:38:23,9.0,1195,7941,0,4,100.00,27,4.0,286.7
2026-05-13T16:38:28,9.3,1196,7941,0,5,100.00,28,4.0,286.7
2026-05-13T16:38:34,9.9,1196,7941,0,5,100.00,24,4.2,286.7
2026-05-13T16:38:39,10.2,1201,7941,0,5,100.00,28,4.2,286.7
2026-05-13T16:38:44,7.2,1201,7941,0,5,100.00,32,4.3,286.7
2026-05-13T16:38:49,8.9,1199,7941,0,4,100.00,19,4.5,286.7
2026-05-13T16:38:54,7.4,1202,7941,0,4,100.00,35,4.5,286.7
2026-05-13T16:39:00,8.8,1203,7941,0,3,100.00,18,4.5,286.7
2026-05-13T16:39:05,17.4,1207,7941,0,5,100.00,27,9.8,286.7
2026-05-13T16:39:10,8.0,1213,7941,0,5,100.00,23,5.0,286.7
2026-05-13T16:39:15,8.6,1204,7941,0,5,100.00,35,4.2,286.7
2026-05-13T16:39:21,7.6,1208,7941,0,5,100.00,20,4.2,286.7
2026-05-13T16:39:26,7.6,1199,7941,0,5,100.00,28,4.4,286.7
2026-05-13T16:39:31,7.2,1204,7941,0,5,100.00,19,4.2,286.7
2026-05-13T16:39:36,8.7,1200,7941,0,4,100.00,34,4.7,286.7
2026-05-13T16:39:42,13.4,1207,7941,0,5,100.00,28,4.9,286.7
2026-05-13T16:39:47,8.1,1204,7941,0,5,100.00,40,4.7,286.7
2026-05-13T16:39:52,9.0,1196,7941,0,4,100.00,27,4.2,286.7
2026-05-13T16:39:57,8.5,1204,7941,0,5,100.00,30,4.8,286.7
2026-05-13T16:40:02,24.4,1211,7941,1,7,100.00,30,7.8,286.7
2026-05-13T16:40:08,14.8,1207,7941,0,8,100.00,29,7.0,286.7
2026-05-13T16:40:13,17.7,1199,7941,0,5,100.00,26,5.0,286.7
2026-05-13T16:40:18,20.9,1206,7941,0,5,100.00,33,5.7,286.7
2026-05-13T16:40:24,9.2,1204,7941,0,5,100.00,25,5.3,286.7
2026-05-13T16:40:29,7.6,1196,7941,0,4,100.00,23,4.5,286.7
2026-05-13T16:40:34,7.7,1203,7941,0,4,100.00,29,4.7,286.7
2026-05-13T16:40:39,16.0,1209,7941,0,5,100.00,24,5.1,286.7
2026-05-13T16:40:45,8.0,1204,7941,0,5,100.00,31,4.7,286.7
2026-05-13T16:40:50,7.2,1198,7941,0,4,100.00,25,4.3,286.7
2026-05-13T16:40:55,36.7,1219,7941,0,8,100.00,31,4.7,286.7
2026-05-13T16:41:00,7.0,1211,7941,0,8,100.00,23,4.2,286.7
2026-05-13T16:41:06,16.7,1203,7941,1,4,100.00,34,5.1,286.7
2026-05-13T16:41:11,9.0,1199,7941,0,5,100.00,27,4.5,286.7
2026-05-13T16:41:16,7.2,1201,7941,0,5,100.00,32,4.0,286.7
2026-05-13T16:41:21,33.7,1219,7941,0,10,100.00,26,4.9,286.7
2026-05-13T16:41:27,7.1,1214,7941,0,10,100.00,35,4.0,286.7
2026-05-13T16:41:32,11.4,1203,7941,4,2,100.00,25,3.8,286.7
2026-05-13T16:41:37,11.5,1201,7941,0,5,100.00,27,3.9,286.7
2026-05-13T16:41:42,6.5,1194,7941,0,3,100.00,21,3.7,286.7
2026-05-13T16:41:48,18.7,1204,7941,0,5,100.00,28,4.3,286.7
2026-05-13T16:41:53,17.5,1207,7941,0,5,100.00,24,3.9,286.7
2026-05-13T16:41:58,24.4,1214,7941,2,4,100.00,35,4.2,286.7
2026-05-13T16:42:03,26.3,1206,7941,0,5,100.00,27,5.7,286.7
2026-05-13T16:42:08,15.0,1212,7941,0,5,100.00,33,4.5,286.7
2026-05-13T16:42:14,24.1,1206,7941,0,5,100.00,29,3.6,286.7
2026-05-13T16:42:19,22.5,1219,7941,0,5,100.00,28,4.5,286.7
2026-05-13T16:42:24,16.1,1207,7941,0,5,100.00,37,4.5,286.7
2026-05-13T16:42:29,6.5,1201,7941,0,5,100.00,23,3.9,286.7
2026-05-13T16:42:35,7.1,1194,7941,0,4,100.00,30,4.5,286.7
2026-05-13T16:42:40,21.8,1214,7941,0,8,100.00,28,4.3,286.7
2026-05-13T16:42:45,21.6,1227,7941,0,8,100.00,37,4.3,286.7
2026-05-13T16:42:50,8.0,1202,7941,0,6,100.00,33,4.8,286.7
2026-05-13T16:42:55,9.4,1198,7941,0,4,100.00,40,4.8,286.7
2026-05-13T16:43:01,6.5,1206,7941,0,4,100.00,20,4.1,286.7
2026-05-13T16:43:06,11.1,1202,7941,0,5,100.00,41,5.9,286.7
2026-05-13T16:43:11,15.0,1207,7941,0,5,100.00,32,4.7,286.7
2026-05-13T16:43:16,9.9,1201,7941,0,4,100.00,42,6.0,286.7
2026-05-13T16:43:22,11.1,1198,7941,0,4,100.00,24,5.2,286.7
2026-05-13T16:43:27,7.2,1195,7941,0,5,100.00,25,4.0,286.7
2026-05-13T16:43:32,7.8,1204,7941,0,5,100.00,32,4.7,286.7
2026-05-13T16:43:37,10.9,1197,7941,0,5,100.00,36,5.8,286.7
2026-05-13T16:43:43,7.6,1202,7941,0,5,100.00,17,4.3,286.7
2026-05-13T16:43:48,8.7,1203,7941,0,4,100.00,28,5.1,286.7
2026-05-13T16:43:53,18.9,1205,7941,0,10,100.00,17,5.2,286.7
2026-05-13T16:43:58,9.9,1218,7941,0,10,100.00,35,5.0,286.7
2026-05-13T16:44:04,13.7,1204,7941,0,5,100.00,32,6.6,286.7
2026-05-13T16:44:09,10.7,1204,7941,0,5,100.00,20,4.8,286.7
2026-05-13T16:44:14,13.7,1206,7941,0,5,100.00,32,4.9,286.7
2026-05-13T16:44:19,14.3,1203,7941,0,4,100.00,33,5.1,286.7
2026-05-13T16:44:25,8.5,1201,7941,0,4,100.00,32,4.9,286.7
2026-05-13T16:44:30,8.5,1208,7941,0,5,100.00,24,5.5,286.7
2026-05-13T16:44:35,9.0,1196,7941,0,5,100.00,28,5.4,286.7
2026-05-13T16:44:40,9.3,1199,7941,0,4,100.00,21,4.4,286.7
2026-05-13T16:44:46,9.3,1199,7941,0,5,100.00,31,5.8,286.7
2026-05-13T16:44:51,11.1,1204,7941,0,4,100.00,27,4.7,286.7
2026-05-13T16:44:56,10.4,1200,7941,0,4,100.00,37,5.1,286.7
2026-05-13T16:45:01,9.2,1200,7941,0,5,100.00,23,6.6,286.7
2026-05-13T16:45:07,15.3,1197,7941,0,5,100.00,30,10.5,286.7
2026-05-13T16:45:12,13.3,1198,7941,0,4,100.00,26,5.5,286.7
2026-05-13T16:45:18,8.8,1206,7941,0,3,100.00,38,5.5,286.7
2026-05-13T16:45:23,10.2,1196,7941,0,4,100.00,23,5.6,286.7
2026-05-13T16:45:28,9.9,1202,7941,0,4,100.00,35,5.8,286.7
2026-05-13T16:45:33,8.6,1203,7941,1,3,100.00,32,5.1,286.7
2026-05-13T16:45:39,10.3,1199,7941,0,4,100.00,29,5.5,286.8
2026-05-13T16:45:44,8.7,1206,7941,0,5,100.00,30,5.2,286.8
2026-05-13T16:45:49,8.2,1202,7941,0,5,100.00,21,5.1,286.8
2026-05-13T16:45:54,12.6,1203,7941,1,4,100.00,40,5.4,286.8
2026-05-13T16:46:00,11.3,1196,7941,0,4,100.00,29,4.9,286.8
2026-05-13T16:46:05,11.3,1196,7941,0,4,100.00,30,5.6,286.8
2026-05-13T16:46:10,11.2,1203,7941,0,5,100.00,30,5.3,286.8
2026-05-13T16:46:15,14.7,1197,7941,0,5,100.00,37,5.9,286.8
2026-05-13T16:46:21,9.3,1198,7941,0,4,100.00,19,4.9,286.8
2026-05-13T16:46:26,15.0,1196,7941,0,4,100.00,32,4.9,286.8
2026-05-13T16:46:31,7.6,1207,7941,0,4,100.00,26,4.7,286.8
2026-05-13T16:46:36,8.3,1208,7941,0,4,100.00,25,4.8,286.8
2026-05-13T16:46:42,10.1,1202,7941,0,4,100.00,26,5.2,286.8
2026-05-13T16:46:47,8.2,1198,7941,0,4,100.00,25,5.0,286.8
2026-05-13T16:46:52,11.6,1198,7941,0,4,100.00,26,5.2,286.8
2026-05-13T16:46:57,22.4,1213,7941,0,8,100.00,29,5.2,286.8
2026-05-13T16:47:03,16.3,1214,7941,0,8,100.00,30,6.2,286.8
2026-05-13T16:47:08,15.3,1207,7941,0,6,100.00,28,4.3,286.8
2026-05-13T16:47:13,15.6,1202,7941,0,5,100.00,27,5.1,286.8
2026-05-13T16:47:18,9.2,1198,7941,0,4,100.00,37,5.3,286.8
2026-05-13T16:47:24,15.4,1202,7941,0,5,100.00,30,5.5,286.8
2026-05-13T16:47:29,21.0,1210,7941,0,5,100.00,35,5.9,286.8
2026-05-13T16:47:34,7.6,1204,7941,0,5,100.00,24,4.4,286.8
2026-05-13T16:47:39,21.3,1216,7941,0,7,100.00,29,5.5,286.8
2026-05-13T16:47:45,8.0,1207,7941,0,7,100.00,33,4.7,286.8
2026-05-13T16:47:50,8.3,1202,7941,0,4,100.00,33,5.3,286.8
2026-05-13T16:47:55,31.5,1216,7941,4,5,100.00,43,5.8,286.8
2026-05-13T16:48:00,40.9,1213,7941,0,7,100.00,32,5.3,286.8
2026-05-13T16:48:06,46.1,1208,7941,0,7,100.00,42,6.5,286.8
2026-05-13T16:48:11,20.2,1213,7941,0,7,100.00,29,4.8,286.8
2026-05-13T16:48:16,17.8,1212,7941,0,5,100.00,38,4.3,286.8
2026-05-13T16:48:22,29.0,1224,7941,0,8,100.00,22,4.8,286.8
2026-05-13T16:48:27,27.9,1212,7941,0,8,100.00,38,4.6,286.8
2026-05-13T16:48:32,12.2,1207,7941,0,6,100.00,28,4.7,286.8
2026-05-13T16:48:37,8.2,1210,7941,0,4,100.00,29,4.7,286.8
2026-05-13T16:48:42,8.7,1203,7941,4,5,100.00,30,3.9,286.8
2026-05-13T16:48:48,11.5,1211,7941,0,7,100.00,26,4.5,286.8
2026-05-13T16:48:53,6.8,1209,7941,0,5,100.00,24,4.2,286.8
2026-05-13T16:48:58,14.0,1207,7941,0,5,100.00,26,4.2,286.8
2026-05-13T16:49:03,11.9,1207,7941,0,5,100.00,26,5.8,286.8
2026-05-13T16:49:09,7.5,1208,7941,0,5,100.00,39,4.6,286.8
2026-05-13T16:49:14,24.6,1207,7941,1,6,100.00,27,4.2,286.8
2026-05-13T16:49:19,9.4,1209,7941,0,7,100.00,31,4.9,286.8
2026-05-13T16:49:24,8.2,1203,7941,0,5,100.00,34,5.1,286.8
2026-05-13T16:49:30,10.0,1205,7941,0,5,100.00,26,4.9,286.8
2026-05-13T16:49:35,7.9,1194,7941,0,3,100.00,27,4.5,286.8
2026-05-13T16:49:40,11.0,1209,7941,0,5,100.00,28,5.0,286.8
2026-05-13T16:49:45,7.7,1203,7941,0,5,100.00,36,4.5,286.8
2026-05-13T16:49:51,7.1,1201,7941,0,5,100.00,19,4.5,286.8
2026-05-13T16:49:56,8.5,1199,7941,0,5,100.00,34,4.7,286.8
2026-05-13T16:50:01,8.4,1201,7941,0,4,100.00,28,5.8,286.8
2026-05-13T16:50:07,20.7,1202,7941,0,5,100.00,29,10.8,286.8
2026-05-13T16:50:12,17.5,1217,7941,0,7,100.00,21,5.8,286.8
2026-05-13T16:50:17,8.8,1212,7941,0,7,100.00,31,5.2,286.8
2026-05-13T16:50:23,14.7,1207,7941,0,5,100.00,32,4.8,286.8
2026-05-13T16:50:28,10.4,1204,7941,0,5,100.00,30,4.7,286.8
2026-05-13T16:50:33,11.6,1209,7941,0,5,100.00,26,4.2,286.8
2026-05-13T16:50:38,8.3,1199,7941,0,4,100.00,36,4.7,286.8
2026-05-13T16:50:43,7.8,1204,7941,0,4,100.00,25,4.5,286.8
2026-05-13T16:50:49,10.5,1209,7941,0,6,100.00,36,5.4,286.8
2026-05-13T16:50:54,7.2,1208,7941,0,6,100.00,37,4.1,286.8
2026-05-13T16:50:59,9.8,1204,7941,1,3,100.00,38,5.0,286.8
2026-05-13T16:51:04,11.7,1204,7941,0,5,100.00,37,6.2,286.8
2026-05-13T16:51:10,8.8,1204,7941,0,5,100.00,24,5.0,286.8
2026-05-13T16:51:15,16.8,1209,7941,0,6,100.00,35,4.8,286.8
2026-05-13T16:51:20,9.8,1202,7941,0,6,100.00,18,4.9,286.8
2026-05-13T16:51:25,8.0,1205,7941,0,5,100.00,35,4.7,286.8
2026-05-13T16:51:31,9.1,1208,7941,0,5,100.00,27,4.5,286.8
2026-05-13T16:51:36,6.4,1209,7941,0,5,100.00,31,3.8,286.8
2026-05-13T16:51:41,8.1,1201,7941,0,4,100.00,26,4.3,286.8
2026-05-13T16:51:46,7.0,1200,7941,0,4,100.00,25,4.0,286.8
2026-05-13T16:51:51,7.0,1199,7941,0,4,100.00,31,4.5,286.8
2026-05-13T16:51:57,6.3,1203,7941,0,4,100.00,26,3.5,286.8
2026-05-13T16:52:02,9.3,1209,7941,0,4,100.00,27,4.4,286.8
2026-05-13T16:52:07,10.3,1203,7941,0,5,100.00,33,5.0,286.8
2026-05-13T16:52:12,12.7,1206,7941,0,5,100.00,26,4.5,286.8
2026-05-13T16:52:18,11.1,1203,7941,0,5,100.00,39,4.5,286.8
2026-05-13T16:52:23,7.8,1204,7941,1,4,100.00,22,4.3,286.8
2026-05-13T16:52:28,11.5,1209,7941,0,5,100.00,37,4.5,286.8
2026-05-13T16:52:33,18.0,1206,7941,0,5,100.00,32,4.6,286.8
2026-05-13T16:52:38,7.3,1201,7941,0,5,100.00,28,4.2,286.8
2026-05-13T16:52:44,7.9,1194,7941,0,3,100.00,44,5.0,286.8
2026-05-13T16:52:49,9.8,1200,7941,0,3,100.00,30,4.7,286.8
2026-05-13T16:52:54,7.5,1203,7941,0,5,100.00,27,4.5,286.8
2026-05-13T16:52:59,7.3,1204,7941,0,5,100.00,30,4.5,286.8
2026-05-13T16:53:05,13.8,1205,7941,0,5,100.00,31,5.2,286.8
2026-05-13T16:53:10,11.4,1210,7941,0,6,100.00,31,5.0,286.8
2026-05-13T16:53:15,17.8,1214,7941,0,6,100.00,41,4.5,286.8
2026-05-13T16:53:20,17.9,1200,7941,0,5,100.00,32,4.4,286.8
2026-05-13T16:53:26,8.0,1205,7941,1,4,100.00,36,4.9,286.8
2026-05-13T16:53:31,17.7,1208,7941,0,6,100.00,23,4.1,286.8
2026-05-13T16:53:36,17.0,1208,7941,0,8,100.00,31,4.1,286.8
2026-05-13T16:53:41,12.3,1215,7941,0,5,100.00,21,4.1,286.8
2026-05-13T16:53:46,13.9,1201,7941,0,5,100.00,36,4.9,286.8
2026-05-13T16:53:52,7.8,1202,7941,0,4,100.00,26,4.5,286.8
2026-05-13T16:53:57,12.4,1202,7941,0,5,100.00,26,4.3,286.8
2026-05-13T16:54:02,19.8,1208,7941,0,6,100.00,31,5.9,286.8
2026-05-13T16:54:07,29.6,1206,7941,0,6,100.00,36,5.5,286.8
2026-05-13T16:54:13,24.3,1213,7941,2,6,100.00,32,4.9,286.8
2026-05-13T16:54:18,24.6,1218,7941,0,7,100.00,38,5.5,286.8
2026-05-13T16:54:23,13.2,1210,7941,0,6,100.00,28,5.0,286.8
2026-05-13T16:54:28,41.3,1217,7941,3,7,100.00,41,5.6,286.8
2026-05-13T16:54:34,30.7,1219,7941,0,8,100.00,34,5.8,286.8
2026-05-13T16:54:39,8.5,1200,7941,0,5,100.00,24,5.0,286.8
2026-05-13T16:54:44,12.6,1204,7941,0,5,100.00,34,5.1,286.8
2026-05-13T16:54:49,16.6,1204,7941,0,5,100.00,28,4.9,286.8
2026-05-13T16:54:55,8.5,1204,7941,0,5,100.00,37,5.5,286.8
2026-05-13T16:55:00,8.5,1208,7941,0,5,100.00,31,4.8,286.8
2026-05-13T16:55:05,15.1,1206,7941,0,5,100.00,36,10.2,286.8
2026-05-13T16:55:11,17.4,1210,7941,0,5,100.00,14,5.2,286.8
2026-05-13T16:55:16,8.3,1210,7941,1,4,100.00,32,4.9,286.8
2026-05-13T16:55:21,10.8,1202,7941,0,4,100.00,24,5.1,286.8
2026-05-13T16:55:26,18.6,1208,7941,0,5,100.00,32,5.5,286.8
2026-05-13T16:55:32,10.0,1211,7941,0,5,100.00,22,5.1,286.8
2026-05-13T16:55:37,10.1,1203,7941,0,5,100.00,34,5.5,286.8
2026-05-13T16:55:42,8.1,1201,7941,0,5,100.00,38,4.7,286.8
2026-05-13T16:55:47,9.3,1204,7941,0,4,100.00,30,5.1,286.8
2026-05-13T16:55:53,8.4,1202,7941,0,5,100.00,24,5.2,286.8
2026-05-13T16:55:58,8.0,1201,7941,0,5,100.00,28,4.5,286.8
2026-05-13T16:56:03,10.4,1203,7941,0,4,100.00,26,5.5,286.8
2026-05-13T16:56:08,9.7,1205,7941,0,4,100.00,35,4.8,286.8
2026-05-13T16:56:14,8.7,1208,7941,0,5,100.00,29,5.5,286.8
2026-05-13T16:56:19,13.5,1198,7941,0,5,100.00,18,4.2,286.8
2026-05-13T16:56:24,11.2,1201,7941,2,3,100.00,39,4.9,286.8
2026-05-13T16:56:29,17.5,1206,7941,0,5,100.00,26,5.3,286.8
2026-05-13T16:56:35,10.4,1203,7941,1,3,100.00,38,5.2,286.8
2026-05-13T16:56:40,9.9,1209,7941,3,4,100.00,25,5.1,286.8
2026-05-13T16:56:45,15.1,1202,7941,0,5,100.00,36,5.6,286.8
2026-05-13T16:56:51,9.5,1205,7941,0,5,100.00,30,4.8,286.8
2026-05-13T16:56:56,7.3,1194,7941,0,4,100.00,27,4.2,286.8
2026-05-13T16:57:01,8.5,1199,7941,0,4,100.00,29,5.3,286.8
2026-05-13T16:57:06,11.3,1198,7941,0,5,100.00,30,7.0,286.8
2026-05-13T16:57:12,7.7,1202,7941,0,5,100.00,29,4.8,286.8
2026-05-13T16:57:17,10.4,1197,7941,1,4,100.00,29,4.3,286.8
2026-05-13T16:57:22,8.9,1200,7941,0,4,100.00,29,5.1,286.8
2026-05-13T16:57:27,11.1,1201,7941,0,4,100.00,38,4.8,286.8
2026-05-13T16:57:33,9.4,1203,7941,0,4,100.00,25,4.9,286.8
2026-05-13T16:57:38,11.1,1205,7941,0,4,100.00,24,4.9,286.8
2026-05-13T16:57:43,9.0,1204,7941,0,4,100.00,30,5.1,286.8
2026-05-13T16:57:48,9.8,1203,7941,0,5,100.00,35,5.5,286.8
2026-05-13T16:57:54,8.3,1208,7941,0,5,100.00,34,5.3,286.8
2026-05-13T16:57:59,9.2,1210,7941,0,4,100.00,30,5.2,286.8
2026-05-13T16:58:04,11.0,1207,7941,0,5,100.00,39,5.6,286.8
2026-05-13T16:58:09,9.2,1205,7941,0,5,100.00,24,5.7,286.8
2026-05-13T16:58:15,10.2,1200,7941,1,3,100.00,26,5.0,286.8
2026-05-13T16:58:20,12.3,1202,7941,0,4,100.00,25,5.5,286.8
2026-05-13T16:58:25,9.3,1211,7941,1,4,100.00,42,5.5,286.8
2026-05-13T16:58:30,16.1,1206,7941,0,5,100.00,20,5.1,286.8
2026-05-13T16:58:36,9.1,1204,7941,0,4,100.00,25,4.2,286.8
2026-05-13T16:58:41,8.4,1211,7941,0,4,100.00,21,4.9,286.8
2026-05-13T16:58:46,19.1,1220,7941,0,6,100.00,35,5.1,286.8
2026-05-13T16:58:51,9.9,1206,7941,0,6,100.00,21,4.7,286.8
2026-05-13T16:58:56,7.8,1203,7941,0,4,100.00,34,5.1,286.8
2026-05-13T16:59:02,9.4,1208,7941,0,4,100.00,31,5.9,286.8
2026-05-13T16:59:07,9.4,1197,7941,0,4,100.00,34,5.7,286.8
2026-05-13T16:59:12,14.0,1210,7941,0,5,100.00,22,4.9,286.8
2026-05-13T16:59:17,11.5,1211,7941,0,4,100.00,34,5.0,286.8
2026-05-13T16:59:23,12.3,1207,7941,0,4,100.00,26,4.9,286.8
2026-05-13T16:59:28,22.2,1220,7941,3,4,100.00,40,5.1,286.8
2026-05-13T16:59:33,35.9,1220,7941,0,9,100.00,25,4.9,286.8
2026-05-13T16:59:38,26.4,1226,7941,0,9,100.00,32,4.7,286.8
2026-05-13T16:59:44,10.4,1220,7941,3,4,100.00,32,4.8,286.8
2026-05-13T16:59:49,16.1,1219,7941,0,5,100.00,28,5.1,286.8
2026-05-13T16:59:54,8.9,1212,7941,0,4,100.00,29,5.3,286.8
2026-05-13T16:59:59,13.1,1219,7941,0,4,100.00,30,5.5,286.8
2026-05-13T17:00:05,14.8,1256,7941,4,2,100.00,29,10.3,286.8
2026-05-13T17:00:11,31.9,1245,7941,0,5,100.00,30,12.9,286.8
2026-05-13T17:00:16,42.0,1257,7941,6,5,100.00,38,7.8,286.8
2026-05-13T17:00:22,49.8,1263,7941,0,10,100.00,25,6.8,286.8
2026-05-13T17:00:27,20.3,1259,7941,1,6,100.00,42,6.8,286.8
2026-05-13T17:00:32,31.6,1254,7941,0,6,100.00,35,5.7,286.8
2026-05-13T17:00:38,24.8,1254,7941,0,5,100.00,32,5.7,286.8
2026-05-13T17:00:43,9.0,1251,7941,0,4,100.00,29,5.6,286.8
2026-05-13T17:00:48,20.8,1257,7941,3,4,100.00,35,4.8,286.8
2026-05-13T17:00:53,21.5,1258,7941,0,5,100.00,28,5.4,286.8
2026-05-13T17:00:59,16.2,1262,7941,0,5,100.00,28,5.4,286.8
2026-05-13T17:01:04,9.7,1252,7941,0,5,100.00,34,5.9,286.8
2026-05-13T17:01:09,9.8,1253,7941,0,5,100.00,25,6.6,286.8
2026-05-13T17:01:15,8.6,1255,7941,0,3,100.00,32,4.3,286.8
2026-05-13T17:01:20,20.7,1252,7941,1,4,100.00,20,5.0,286.8
2026-05-13T17:01:25,9.4,1265,7941,0,5,100.00,37,5.3,286.8
2026-05-13T17:01:30,18.0,1263,7941,0,5,100.00,23,5.2,286.8
2026-05-13T17:01:36,11.2,1257,7941,0,5,100.00,30,5.2,286.8
2026-05-13T17:01:41,9.2,1254,7941,0,4,100.00,22,4.9,286.8
2026-05-13T17:01:46,9.8,1249,7941,0,4,100.00,25,5.1,286.8
2026-05-13T17:01:51,9.2,1249,7941,0,4,100.00,32,5.2,286.8
2026-05-13T17:01:56,8.9,1248,7941,0,4,100.00,35,5.4,286.8
2026-05-13T17:02:02,10.0,1250,7941,0,4,100.00,26,6.3,286.8
2026-05-13T17:02:07,9.8,1251,7941,0,4,100.00,23,5.6,286.8
2026-05-13T17:02:12,9.3,1256,7941,0,5,100.00,22,5.2,286.8
2026-05-13T17:02:18,9.4,1243,7941,0,4,100.00,37,5.4,286.8
2026-05-13T17:02:23,13.6,1242,7941,0,4,100.00,34,5.8,286.8
2026-05-13T17:02:28,11.7,1241,7941,0,4,100.00,35,5.7,286.8
2026-05-13T17:02:33,18.4,1246,7941,0,5,100.00,30,5.8,286.8
2026-05-13T17:02:39,10.8,1232,7941,0,5,100.00,31,5.1,286.8
2026-05-13T17:02:44,8.5,1233,7941,0,5,100.00,33,4.8,286.8
2026-05-13T17:02:49,13.5,1238,7941,0,6,100.00,27,5.9,286.8
2026-05-13T17:02:55,9.5,1243,7941,0,6,100.00,44,5.8,286.8
2026-05-13T17:03:00,16.0,1241,7941,0,4,100.00,36,5.2,286.8
2026-05-13T17:03:05,10.5,1243,7941,0,4,100.00,30,7.1,286.8
2026-05-13T17:03:10,7.8,1241,7941,0,5,100.00,21,4.5,286.8
2026-05-13T17:03:16,9.0,1242,7941,0,5,100.00,39,4.9,286.8
2026-05-13T17:03:21,8.5,1243,7941,0,5,100.00,34,5.2,286.8
2026-05-13T17:03:26,13.1,1244,7941,2,4,100.00,41,5.5,286.8
2026-05-13T17:03:31,16.6,1243,7941,0,6,100.00,24,5.0,286.8
2026-05-13T17:03:37,11.0,1244,7941,0,5,100.00,35,5.0,286.8
2026-05-13T17:03:42,10.1,1243,7941,0,5,100.00,26,5.5,286.8
2026-05-13T17:03:47,8.7,1229,7941,0,4,100.00,28,5.1,286.8
2026-05-13T17:03:52,9.6,1237,7941,0,5,100.00,22,5.1,286.8
2026-05-13T17:03:58,9.2,1239,7941,0,5,100.00,38,5.7,286.8
2026-05-13T17:04:03,10.7,1232,7941,0,5,100.00,33,7.2,286.8
2026-05-13T17:04:08,8.5,1221,7941,0,5,100.00,22,4.8,286.8
2026-05-13T17:04:13,8.8,1208,7941,0,4,100.00,28,5.1,286.8
2026-05-13T17:04:19,9.5,1195,7941,0,4,100.00,37,5.8,286.8
2026-05-13T17:04:24,14.0,1190,7941,0,4,100.00,29,5.0,286.8
2026-05-13T17:04:29,10.2,1197,7941,0,4,100.00,23,5.2,286.8
2026-05-13T17:04:34,14.1,1199,7941,0,5,100.00,33,4.8,286.8
2026-05-13T17:04:40,10.9,1204,7941,0,5,100.00,27,5.4,286.8
2026-05-13T17:04:45,8.9,1197,7941,0,5,100.00,43,5.5,286.8
2026-05-13T17:04:50,11.2,1201,7941,0,5,100.00,20,5.1,286.8
2026-05-13T17:04:55,8.4,1199,7941,0,5,100.00,30,4.9,286.8
2026-05-13T17:05:01,10.7,1200,7941,0,4,100.00,38,5.5,286.8
2026-05-13T17:05:06,20.3,1209,7941,0,6,100.00,30,8.3,286.8
2026-05-13T17:05:11,9.1,1205,7941,0,5,100.00,27,5.8,286.8
2026-05-13T17:05:17,16.3,1200,7941,0,5,100.00,44,6.0,286.8
2026-05-13T17:05:22,8.0,1198,7941,0,5,100.00,22,5.0,286.8
2026-05-13T17:05:27,12.9,1210,7941,1,4,100.00,36,4.8,286.8
2026-05-13T17:05:32,12.7,1205,7941,1,5,100.00,19,5.2,286.8
2026-05-13T17:05:38,45.2,1206,7941,0,7,100.00,37,5.3,286.8
2026-05-13T17:05:43,12.5,1211,7941,0,7,100.00,24,5.0,286.8
2026-05-13T17:05:48,16.8,1203,7941,0,5,100.00,32,5.9,286.8
2026-05-13T17:05:53,14.1,1213,7941,0,5,100.00,32,5.3,286.8
2026-05-13T17:05:59,14.2,1208,7941,0,5,100.00,33,4.8,286.8
2026-05-13T17:06:04,10.7,1203,7941,0,5,100.00,32,7.3,286.8
2026-05-13T17:06:09,14.2,1208,7941,0,5,100.00,23,5.6,286.8
2026-05-13T17:06:15,22.1,1206,7941,0,6,100.00,33,5.5,286.8
2026-05-13T17:06:20,19.9,1221,7941,3,5,100.00,37,5.6,286.8
2026-05-13T17:06:25,32.0,1207,7941,0,5,100.00,34,5.3,286.8
2026-05-13T17:06:30,29.6,1213,7941,0,8,100.00,29,4.8,286.8
2026-05-13T17:06:36,42.7,1214,7941,0,8,100.00,37,5.5,286.8
2026-05-13T17:06:41,13.8,1211,7941,0,7,100.00,24,4.3,286.8
2026-05-13T17:06:46,17.7,1198,7941,0,5,100.00,36,5.0,286.8
2026-05-13T17:06:52,15.4,1199,7941,0,5,100.00,32,4.8,286.8
2026-05-13T17:06:57,7.4,1200,7941,0,5,100.00,32,4.5,286.8
2026-05-13T17:07:02,39.6,1204,7941,0,7,100.00,29,6.5,286.8
2026-05-13T17:07:07,11.2,1204,7941,0,7,100.00,27,6.8,286.8
2026-05-13T17:07:13,19.7,1209,7941,0,5,100.00,31,5.5,286.8
2026-05-13T17:07:18,9.3,1199,7941,0,5,100.00,38,5.0,286.8
2026-05-13T17:07:23,8.0,1203,7941,0,4,100.00,29,4.7,286.8
2026-05-13T17:07:28,8.0,1203,7941,0,6,100.00,33,4.6,286.8
2026-05-13T17:07:34,15.0,1205,7941,0,6,100.00,22,4.8,286.8
2026-05-13T17:07:39,18.1,1205,7941,0,6,100.00,43,4.6,286.8
2026-05-13T17:07:44,8.6,1204,7941,0,6,100.00,33,4.8,286.8
2026-05-13T17:07:49,8.7,1206,7941,0,4,100.00,37,4.9,286.9
2026-05-13T17:07:54,9.6,1197,7941,0,4,100.00,43,5.2,286.9
2026-05-13T17:08:00,8.8,1210,7941,0,6,100.00,29,5.1,286.9
2026-05-13T17:08:05,9.8,1199,7941,0,6,100.00,34,5.9,286.9
2026-05-13T17:08:10,7.5,1204,7941,0,5,100.00,27,4.3,286.9
2026-05-13T17:08:16,8.0,1204,7941,1,4,100.00,29,4.5,286.9
2026-05-13T17:08:21,8.2,1205,7941,0,5,100.00,31,5.1,286.9
2026-05-13T17:08:26,11.5,1198,7941,0,4,100.00,36,4.8,286.9
2026-05-13T17:08:31,10.2,1199,7941,0,5,100.00,23,4.7,286.9
2026-05-13T17:08:36,8.5,1199,7941,0,5,100.00,31,4.7,286.9
2026-05-13T17:08:42,16.5,1202,7941,0,6,100.00,29,5.1,286.9
2026-05-13T17:08:47,7.7,1208,7941,0,6,100.00,29,4.5,286.9
2026-05-13T17:08:52,13.9,1199,7941,0,5,100.00,32,4.5,286.9
2026-05-13T17:08:57,7.7,1201,7941,0,6,100.00,28,4.5,286.9
2026-05-13T17:09:03,10.1,1204,7941,1,5,100.00,32,7.5,286.9
2026-05-13T17:09:08,14.0,1193,7941,0,4,100.00,35,8.0,286.9
2026-05-13T17:09:13,7.4,1205,7941,0,3,100.00,21,4.7,286.9
2026-05-13T17:09:19,8.5,1201,7941,5,3,100.00,29,4.9,286.9
2026-05-13T17:09:24,17.2,1202,7941,0,6,100.00,38,4.8,286.9
2026-05-13T17:09:29,7.3,1202,7941,0,4,100.00,30,4.6,286.9
2026-05-13T17:09:34,11.2,1201,7941,0,4,100.00,27,4.9,286.9
2026-05-13T17:09:40,8.4,1204,7941,1,3,100.00,28,4.3,286.9
2026-05-13T17:09:45,13.2,1203,7941,0,6,100.00,31,4.9,286.9
2026-05-13T17:09:50,9.2,1202,7941,0,5,100.00,31,4.7,286.9
2026-05-13T17:09:55,8.2,1199,7941,0,5,100.00,30,4.7,286.9
2026-05-13T17:10:01,9.3,1212,7941,0,5,100.00,30,5.8,286.9
2026-05-13T17:10:06,13.9,1202,7941,0,5,100.00,30,11.7,286.9
2026-05-13T17:10:11,9.4,1205,7941,0,5,100.00,20,5.3,286.9
2026-05-13T17:10:17,11.2,1200,7941,0,4,100.00,37,5.9,286.9
2026-05-13T17:10:22,9.6,1200,7941,0,4,100.00,24,6.1,286.9
2026-05-13T17:10:27,11.1,1195,7941,0,5,100.00,25,5.2,286.9
2026-05-13T17:10:32,11.0,1193,7941,1,3,100.00,24,4.8,286.9
2026-05-13T17:10:38,11.2,1197,7941,0,4,100.00,28,5.0,286.9
2026-05-13T17:10:43,15.4,1197,7941,0,5,100.00,17,4.7,286.9
2026-05-13T17:10:48,10.7,1195,7941,0,5,100.00,30,5.3,286.9
2026-05-13T17:10:53,7.3,1202,7941,0,5,100.00,22,4.3,286.9
2026-05-13T17:10:59,10.5,1193,7941,0,4,100.00,45,4.5,286.9
2026-05-13T17:11:04,9.3,1195,7941,0,4,100.00,28,5.9,286.9
2026-05-13T17:11:09,11.8,1197,7941,0,5,100.00,30,4.8,286.9
2026-05-13T17:11:14,7.9,1196,7941,0,5,100.00,28,4.8,286.9
2026-05-13T17:11:20,7.6,1202,7941,0,5,100.00,35,4.3,286.9
2026-05-13T17:11:25,12.2,1202,7941,0,5,100.00,35,4.5,286.9
2026-05-13T17:11:30,27.8,1225,7941,1,10,100.00,28,5.1,286.9
2026-05-13T17:11:35,11.5,1222,7941,0,11,100.00,33,4.3,286.9
2026-05-13T17:11:41,12.7,1206,7941,0,4,100.00,23,4.5,286.9
2026-05-13T17:11:46,31.0,1209,7941,0,9,100.00,27,4.8,287.1
2026-05-13T17:11:51,12.0,1208,7941,0,9,100.00,26,5.1,287.1
2026-05-13T17:11:56,20.3,1206,7941,0,7,100.00,39,5.2,287.1
2026-05-13T17:12:02,11.5,1209,7941,3,6,100.00,22,5.8,287.1
2026-05-13T17:12:07,15.7,1209,7941,0,7,100.00,34,5.9,287.1
2026-05-13T17:12:12,7.7,1202,7941,0,5,100.00,32,4.7,287.1
2026-05-13T17:12:18,16.1,1198,7941,3,3,100.00,34,4.5,287.1
2026-05-13T17:12:23,9.6,1201,7941,0,5,100.00,30,4.9,287.1
2026-05-13T17:12:28,27.8,1211,7941,0,6,100.00,42,4.7,287.1
2026-05-13T17:12:33,22.7,1219,7941,0,6,100.00,37,4.5,287.1
2026-05-13T17:12:38,18.5,1208,7941,3,4,100.00,35,3.8,287.1
2026-05-13T17:12:44,24.2,1215,7941,0,5,100.00,34,3.8,287.1
2026-05-13T17:12:49,12.8,1209,7941,0,5,100.00,24,4.0,287.1
2026-05-13T17:12:54,7.5,1214,7941,0,6,100.00,43,4.5,287.1
2026-05-13T17:13:00,12.3,1210,7941,0,6,100.00,29,4.4,287.1
2026-05-13T17:13:05,16.1,1204,7941,0,5,100.00,36,5.4,287.1
2026-05-13T17:13:10,11.7,1204,7941,0,5,100.00,23,4.5,287.1
2026-05-13T17:13:15,13.9,1206,7941,0,5,100.00,38,4.6,287.1
2026-05-13T17:13:20,6.9,1197,7941,0,5,100.00,29,4.3,287.1
2026-05-13T17:13:26,34.7,1223,7941,0,9,100.00,37,4.5,287.1
2026-05-13T17:13:31,7.7,1219,7941,0,9,100.00,33,4.7,287.1
2026-05-13T17:13:36,15.2,1203,7941,0,5,100.00,43,4.0,287.1
2026-05-13T17:13:41,6.8,1208,7941,0,5,100.00,30,4.2,287.1
2026-05-13T17:13:47,16.4,1207,7941,0,5,100.00,38,4.2,287.1
2026-05-13T17:13:52,7.4,1211,7941,0,5,100.00,22,4.0,287.1
2026-05-13T17:13:57,7.0,1201,7941,0,4,100.00,28,3.8,287.1
2026-05-13T17:14:02,8.5,1206,7941,0,5,100.00,21,4.5,287.1
2026-05-13T17:14:08,8.4,1199,7941,0,5,100.00,27,4.5,287.1
2026-05-13T17:14:13,7.3,1201,7941,0,4,100.00,30,4.5,287.1
2026-05-13T17:14:18,8.0,1195,7941,0,3,100.00,29,4.2,287.1
2026-05-13T17:14:23,7.3,1201,7941,0,3,100.00,29,4.5,287.1
2026-05-13T17:14:28,7.4,1197,7941,0,4,100.00,27,4.3,287.1
2026-05-13T17:14:34,9.6,1206,7941,0,5,100.00,36,4.5,287.1
2026-05-13T17:14:39,12.3,1207,7941,0,5,100.00,24,4.2,287.1
2026-05-13T17:14:44,8.8,1212,7941,0,5,100.00,33,4.2,287.1
2026-05-13T17:14:49,11.1,1201,7941,0,5,100.00,29,4.3,287.1
2026-05-13T17:14:55,6.9,1194,7941,0,4,100.00,35,4.2,287.1
2026-05-13T17:15:00,7.1,1207,7941,0,5,100.00,26,4.3,287.1
2026-05-13T17:15:05,20.4,1200,7941,0,5,100.00,30,8.1,287.1
2026-05-13T17:15:10,8.3,1197,7941,0,4,100.00,27,5.0,287.1
2026-05-13T17:15:16,10.9,1192,7941,0,4,100.00,32,4.2,287.1
2026-05-13T17:15:21,7.3,1204,7941,0,4,100.00,24,4.5,287.1
2026-05-13T17:15:26,11.8,1201,7941,0,4,100.00,37,4.3,287.1
2026-05-13T17:15:31,6.9,1204,7941,0,4,100.00,25,4.5,287.1
2026-05-13T17:15:36,10.7,1201,7941,0,4,100.00,28,4.3,287.1
2026-05-13T17:15:42,6.6,1198,7941,0,4,100.00,20,4.1,287.1
2026-05-13T17:15:47,15.4,1205,7941,1,4,100.00,34,4.5,287.1
2026-05-13T17:15:52,9.8,1201,7941,0,5,100.00,21,4.5,287.1
2026-05-13T17:15:57,7.3,1198,7941,0,5,100.00,36,4.3,287.1
2026-05-13T17:16:03,9.5,1205,7941,0,5,100.00,20,4.7,287.1
2026-05-13T17:16:08,8.1,1195,7941,0,5,100.00,22,4.3,287.1
2026-05-13T17:16:13,7.9,1202,7941,0,4,100.00,33,4.9,287.1
2026-05-13T17:16:18,8.7,1201,7941,0,4,100.00,37,4.8,287.1
2026-05-13T17:16:23,7.4,1205,7941,0,4,100.00,25,4.7,287.1
2026-05-13T17:16:29,7.3,1203,7941,0,4,100.00,39,4.2,287.1
2026-05-13T17:16:34,7.2,1196,7941,0,5,100.00,29,4.3,287.1
2026-05-13T17:16:39,10.1,1201,7941,0,6,100.00,29,4.5,287.1
2026-05-13T17:16:44,12.4,1203,7941,0,6,100.00,29,4.2,287.1
2026-05-13T17:16:49,10.3,1208,7941,1,4,100.00,23,4.1,287.1
2026-05-13T17:16:55,7.6,1203,7941,0,5,100.00,27,4.2,287.1
2026-05-13T17:17:00,6.4,1206,7941,0,5,100.00,22,3.6,287.1
2026-05-13T17:17:05,7.5,1200,7941,0,5,100.00,27,4.3,287.1
2026-05-13T17:17:10,15.0,1212,7941,0,5,100.00,24,4.2,287.1
2026-05-13T17:17:16,7.5,1207,7941,0,5,100.00,37,4.5,287.1
2026-05-13T17:17:21,8.9,1212,7941,0,5,100.00,28,4.4,287.1
2026-05-13T17:17:26,7.1,1201,7941,0,5,100.00,33,4.2,287.1
2026-05-13T17:17:31,12.0,1205,7941,0,4,100.00,24,4.3,287.1
2026-05-13T17:17:36,7.4,1198,7941,0,4,100.00,34,4.5,287.1
2026-05-13T17:17:42,12.3,1198,7941,0,5,100.00,29,4.7,287.1
2026-05-13T17:17:47,22.9,1206,7941,0,5,100.00,36,4.7,287.1
2026-05-13T17:17:52,21.6,1212,7941,1,5,100.00,34,4.3,287.1
2026-05-13T17:17:57,16.1,1204,7941,0,6,100.00,38,5.0,287.1
2026-05-13T17:18:03,22.6,1214,7941,0,7,100.00,25,6.0,287.1
2026-05-13T17:18:08,12.9,1214,7941,0,7,100.00,35,4.6,287.1
2026-05-13T17:18:13,7.7,1202,7941,0,5,100.00,28,4.8,287.1
2026-05-13T17:18:18,15.7,1207,7941,3,3,100.00,37,4.5,287.1
2026-05-13T17:18:23,9.7,1205,7941,0,5,100.00,23,4.8,287.1
2026-05-13T17:18:29,12.5,1200,7941,0,5,100.00,39,4.8,287.1
2026-05-13T17:18:34,13.9,1198,7941,0,5,100.00,37,4.8,287.1
2026-05-13T17:18:39,27.1,1211,7941,0,6,100.00,27,4.4,287.1
2026-05-13T17:18:44,27.9,1211,7941,0,6,100.00,30,4.8,287.1
2026-05-13T17:18:50,33.8,1227,7941,4,7,100.00,31,4.9,287.1
2026-05-13T17:18:55,16.8,1216,7941,0,9,100.00,27,4.7,287.1
2026-05-13T17:19:00,12.5,1202,7941,0,5,100.00,33,4.7,287.1
2026-05-13T17:19:05,10.3,1206,7941,0,4,100.00,26,6.6,287.1
2026-05-13T17:19:11,15.4,1202,7941,0,5,100.00,25,5.2,287.1
2026-05-13T17:19:16,12.7,1210,7941,0,5,100.00,36,5.1,287.1
2026-05-13T17:19:21,22.2,1215,7941,0,8,100.00,25,4.9,287.1
2026-05-13T17:19:26,8.2,1213,7941,0,8,100.00,38,5.1,287.1
2026-05-13T17:19:32,17.1,1205,7941,0,5,100.00,26,4.2,287.1
2026-05-13T17:19:37,8.1,1205,7941,0,5,100.00,33,5.0,287.1
2026-05-13T17:19:42,7.7,1206,7941,0,5,100.00,25,4.8,287.1
2026-05-13T17:19:47,17.9,1203,7941,0,5,100.00,28,4.6,287.1
2026-05-13T17:19:53,7.8,1203,7941,0,5,100.00,28,4.5,287.1
2026-05-13T17:19:58,18.5,1204,7941,0,5,100.00,29,4.5,287.1
2026-05-13T17:20:03,11.1,1205,7941,0,5,100.00,28,9.7,287.1
2026-05-13T17:20:08,12.6,1201,7941,0,5,100.00,29,7.1,287.1
2026-05-13T17:20:14,8.8,1204,7941,0,5,100.00,26,5.5,287.1
2026-05-13T17:20:19,9.5,1197,7941,1,3,100.00,27,5.6,287.1
2026-05-13T17:20:24,9.5,1198,7941,0,4,100.00,24,5.1,287.1
2026-05-13T17:20:30,7.9,1202,7941,0,4,100.00,29,4.8,287.1
2026-05-13T17:20:35,7.6,1202,7941,0,4,100.00,30,4.6,287.1
2026-05-13T17:20:40,8.2,1201,7941,0,4,100.00,23,4.7,287.1
2026-05-13T17:20:45,12.5,1199,7941,0,4,100.00,32,4.7,287.1
2026-05-13T17:20:51,11.2,1210,7941,0,4,100.00,26,5.0,287.1
2026-05-13T17:20:56,12.1,1205,7941,0,4,100.00,37,4.9,287.1
2026-05-13T17:21:01,7.9,1207,7941,0,4,100.00,23,4.9,287.1
2026-05-13T17:21:07,9.5,1206,7941,0,5,100.00,30,6.5,287.1
2026-05-13T17:21:12,7.1,1203,7941,0,5,100.00,21,4.4,287.1
2026-05-13T17:21:17,10.7,1198,7941,0,4,100.00,25,4.7,287.1
2026-05-13T17:21:22,7.8,1198,7941,0,5,100.00,22,4.7,287.1
2026-05-13T17:21:27,7.7,1201,7941,0,5,100.00,32,4.7,287.1
2026-05-13T17:21:33,13.8,1210,7941,0,5,100.00,29,4.5,287.1
2026-05-13T17:21:38,7.7,1207,7941,1,4,100.00,37,4.7,287.1
2026-05-13T17:21:43,7.2,1210,7941,0,5,100.00,19,4.4,287.1
2026-05-13T17:21:48,11.3,1209,7941,0,5,100.00,32,4.5,287.1
2026-05-13T17:21:54,10.1,1209,7941,0,5,100.00,25,4.7,287.1
2026-05-13T17:21:59,10.1,1200,7941,0,4,100.00,33,4.1,287.1
2026-05-13T17:22:04,10.7,1204,7941,0,7,100.00,32,5.6,287.1
2026-05-13T17:22:09,8.2,1219,7941,0,7,100.00,27,4.0,287.1
2026-05-13T17:22:14,8.5,1205,7941,0,4,100.00,27,4.6,287.1
2026-05-13T17:22:20,7.7,1203,7941,0,4,100.00,28,4.7,287.1
2026-05-13T17:22:25,9.7,1197,7941,0,5,100.00,31,4.9,287.1
2026-05-13T17:22:30,7.8,1203,7941,0,5,100.00,20,4.5,287.1
2026-05-13T17:22:35,8.0,1196,7941,0,4,100.00,38,4.8,287.1
2026-05-13T17:22:41,8.3,1206,7941,0,5,100.00,28,5.0,287.1
2026-05-13T17:22:46,15.9,1199,7941,0,5,100.00,46,5.2,287.1
2026-05-13T17:22:51,14.1,1209,7941,0,5,100.00,30,4.8,287.1
2026-05-13T17:22:56,10.7,1206,7941,0,4,100.00,33,4.9,287.1
2026-05-13T17:23:02,11.1,1209,7941,0,5,100.00,33,5.5,287.1
2026-05-13T17:23:07,7.4,1206,7941,0,5,100.00,30,4.2,287.1
2026-05-13T17:23:12,7.0,1207,7941,0,4,100.00,33,4.4,287.1
2026-05-13T17:23:17,10.1,1207,7941,0,5,100.00,33,4.3,287.1
2026-05-13T17:23:23,6.8,1213,7941,0,5,100.00,28,4.0,287.1
2026-05-13T17:23:28,7.2,1205,7941,0,3,100.00,41,4.4,287.1
2026-05-13T17:23:33,16.3,1216,7941,0,6,100.00,28,4.2,287.1
2026-05-13T17:23:38,9.1,1211,7941,0,6,100.00,30,4.0,287.1
2026-05-13T17:23:43,7.1,1206,7941,0,5,100.00,28,4.3,287.1
2026-05-13T17:23:49,11.9,1209,7941,0,5,100.00,31,4.1,287.1
2026-05-13T17:23:54,14.2,1223,7941,7,3,100.00,30,4.3,287.1
2026-05-13T17:23:59,31.3,1234,7941,0,10,100.00,33,3.9,287.1
2026-05-13T17:24:04,30.2,1212,7941,0,6,100.00,42,4.9,287.1
2026-05-13T17:24:10,11.5,1214,7941,0,5,100.00,35,3.8,287.1
2026-05-13T17:24:15,12.2,1213,7941,0,5,100.00,33,4.5,287.1
2026-05-13T17:24:20,7.5,1214,7941,0,5,100.00,27,4.5,287.1
2026-05-13T17:24:25,17.2,1219,7941,0,5,100.00,33,4.3,287.1
2026-05-13T17:24:30,11.5,1212,7941,0,5,100.00,25,4.5,287.1
2026-05-13T17:24:36,7.2,1213,7941,0,5,100.00,29,4.5,287.1
2026-05-13T17:24:41,11.5,1213,7941,0,4,100.00,25,4.2,287.1
2026-05-13T17:24:46,16.0,1209,7941,0,6,100.00,37,4.2,287.1
2026-05-13T17:24:51,42.7,1218,7941,0,6,100.00,32,4.3,287.1
2026-05-13T17:24:57,18.1,1217,7941,0,6,100.00,34,4.2,287.1
2026-05-13T17:25:02,14.4,1206,7941,0,5,100.00,25,5.7,287.1
2026-05-13T17:25:07,20.7,1205,7941,0,5,100.00,30,8.1,287.1
2026-05-13T17:25:13,7.5,1212,7941,0,5,100.00,29,4.7,287.1
2026-05-13T17:25:18,7.7,1215,7941,0,5,100.00,31,4.7,287.1
2026-05-13T17:25:23,18.1,1211,7941,0,5,100.00,29,4.4,287.1
2026-05-13T17:25:28,11.3,1218,7941,0,5,100.00,30,4.2,287.1
2026-05-13T17:25:34,7.6,1210,7941,5,3,100.00,28,4.2,287.1
2026-05-13T17:25:39,15.4,1210,7941,0,5,100.00,26,4.4,287.1
2026-05-13T17:25:44,13.0,1213,7941,0,5,100.00,28,4.3,287.1
2026-05-13T17:25:49,7.6,1215,7941,0,5,100.00,24,4.3,287.1
2026-05-13T17:25:55,9.7,1215,7941,4,3,100.00,25,3.8,287.1
2026-05-13T17:26:00,16.6,1222,7941,0,5,100.00,25,4.4,287.1
2026-05-13T17:26:05,18.5,1204,7941,0,5,100.00,29,4.9,287.1
2026-05-13T17:26:10,7.4,1205,7941,0,5,100.00,27,4.7,287.1
2026-05-13T17:26:16,8.5,1207,7941,0,5,100.00,26,4.1,287.1
2026-05-13T17:26:21,7.5,1211,7941,0,4,100.00,20,4.3,287.1
2026-05-13T17:26:26,7.9,1208,7941,0,5,100.00,29,4.2,287.1
2026-05-13T17:26:31,7.0,1210,7941,0,5,100.00,19,4.2,287.1
2026-05-13T17:26:37,7.0,1203,7941,0,3,100.00,32,4.1,287.1
2026-05-13T17:26:42,6.7,1214,7941,0,5,100.00,18,4.0,287.1
2026-05-13T17:26:47,7.8,1204,7941,0,5,100.00,35,4.5,287.1
2026-05-13T17:26:52,11.7,1207,7941,1,4,100.00,26,4.2,287.1
2026-05-13T17:26:57,9.8,1213,7941,0,4,100.00,28,4.2,287.1
2026-05-13T17:27:03,10.1,1214,7941,0,5,100.00,27,4.6,287.1
2026-05-13T17:27:08,8.6,1209,7941,0,6,100.00,30,3.9,287.1
2026-05-13T17:27:13,6.0,1215,7941,0,6,100.00,26,3.4,287.1
2026-05-13T17:27:18,7.5,1201,7941,0,3,100.00,26,4.2,287.1
2026-05-13T17:27:23,9.5,1212,7941,0,5,100.00,34,4.3,287.1
2026-05-13T17:27:29,6.6,1207,7941,0,5,100.00,32,4.0,287.1
2026-05-13T17:27:34,7.1,1197,7941,0,3,100.00,30,4.3,287.1
2026-05-13T17:27:39,11.2,1211,7941,0,5,100.00,31,4.2,287.1
2026-05-13T17:27:44,8.7,1205,7941,0,5,100.00,38,4.2,287.1
2026-05-13T17:27:50,7.4,1203,7941,0,4,100.00,26,4.2,287.1
2026-05-13T17:27:55,7.0,1206,7941,0,4,100.00,34,4.0,287.1
2026-05-13T17:28:00,14.8,1201,7941,0,4,100.00,26,4.2,287.1
2026-05-13T17:28:05,10.0,1203,7941,2,3,100.00,41,4.9,287.1
2026-05-13T17:28:10,17.6,1207,7941,0,6,100.00,33,4.8,287.1
2026-05-13T17:28:16,7.2,1206,7941,0,6,100.00,29,4.2,287.1
2026-05-13T17:28:21,8.4,1200,7941,0,4,100.00,25,4.0,287.1
2026-05-13T17:28:26,7.8,1199,7941,0,4,100.00,43,3.9,287.1
2026-05-13T17:28:31,7.0,1199,7941,0,4,100.00,24,4.3,287.1
2026-05-13T17:28:37,7.2,1201,7941,0,5,100.00,39,4.2,287.1
2026-05-13T17:28:42,7.0,1208,7941,0,5,100.00,18,3.9,287.1
2026-05-13T17:28:47,8.2,1202,7941,0,4,100.00,34,4.3,287.1
2026-05-13T17:28:52,14.9,1207,7941,0,5,100.00,28,4.7,287.1
2026-05-13T17:28:57,11.7,1207,7941,0,5,100.00,28,4.7,287.1
2026-05-13T17:29:03,10.8,1207,7941,0,5,100.00,23,5.4,287.1
2026-05-13T17:29:08,8.8,1203,7941,0,4,100.00,36,5.1,287.1
2026-05-13T17:29:13,8.8,1210,7941,0,4,100.00,22,4.1,287.1
2026-05-13T17:29:18,7.7,1202,7941,0,4,100.00,30,4.5,287.1
2026-05-13T17:29:24,8.0,1200,7941,0,3,100.00,32,4.9,287.1
2026-05-13T17:29:29,13.7,1199,7941,0,5,100.00,27,5.0,287.1
2026-05-13T17:29:34,8.1,1199,7941,0,5,100.00,34,4.9,287.1
2026-05-13T17:29:39,16.8,1212,7941,0,6,100.00,28,4.8,287.1
2026-05-13T17:29:45,10.6,1206,7941,0,6,100.00,34,5.5,287.1
2026-05-13T17:29:50,12.6,1206,7941,0,5,100.00,27,4.5,287.1
2026-05-13T17:29:55,6.7,1200,7941,0,5,100.00,24,3.9,287.1
2026-05-13T17:30:00,21.1,1214,7941,2,4,100.00,17,4.8,287.1
2026-05-13T17:30:06,27.3,1209,7941,0,6,100.00,31,12.2,287.1
2026-05-13T17:30:11,43.6,1215,7941,4,6,100.00,33,6.8,287.1
2026-05-13T17:30:17,26.6,1211,7941,0,8,100.00,35,6.3,287.1
2026-05-13T17:30:22,23.7,1214,7941,0,7,100.00,26,5.5,287.1
2026-05-13T17:30:27,13.8,1211,7941,0,7,100.00,38,5.3,287.1
2026-05-13T17:30:32,17.1,1212,7941,0,5,100.00,25,4.2,287.1
2026-05-13T17:30:38,7.8,1204,7941,0,5,100.00,30,4.7,287.1
2026-05-13T17:30:43,7.9,1207,7941,0,5,100.00,28,4.8,287.1
2026-05-13T17:30:48,11.7,1199,7941,0,5,100.00,37,4.6,287.1
2026-05-13T17:30:53,45.9,1221,7941,0,11,100.00,25,4.8,287.1
2026-05-13T17:30:59,19.6,1225,7941,4,9,100.00,38,5.1,287.1
2026-05-13T17:31:04,26.1,1208,7941,0,7,100.00,33,4.5,287.1
2026-05-13T17:31:09,30.2,1214,7941,0,8,100.00,23,5.0,287.1
2026-05-13T17:31:14,19.6,1211,7941,0,8,100.00,39,4.8,287.1
2026-05-13T17:31:20,7.9,1214,7941,0,7,100.00,30,4.9,287.1
2026-05-13T17:31:25,7.4,1197,7941,0,3,100.00,31,4.3,287.1
2026-05-13T17:31:30,22.0,1217,7941,0,7,100.00,22,4.8,287.1
2026-05-13T17:31:35,7.9,1204,7941,0,7,100.00,29,4.9,287.1
2026-05-13T17:31:41,22.0,1214,7941,0,5,100.00,31,4.9,287.1
2026-05-13T17:31:46,15.6,1206,7941,0,5,100.00,34,5.1,287.1
2026-05-13T17:31:51,7.0,1207,7941,0,5,100.00,22,4.0,287.1
2026-05-13T17:31:56,8.5,1200,7941,0,4,100.00,32,4.5,287.1
2026-05-13T17:32:01,8.9,1201,7941,0,4,100.00,22,5.0,287.1
2026-05-13T17:32:07,20.5,1203,7941,0,7,100.00,28,4.8,287.1
2026-05-13T17:32:12,8.5,1208,7941,0,7,100.00,25,4.0,287.1
2026-05-13T17:32:17,16.6,1198,7941,0,5,100.00,32,4.8,287.1
2026-05-13T17:32:22,9.0,1208,7941,0,5,100.00,25,4.1,287.1
2026-05-13T17:32:28,8.0,1212,7941,0,5,100.00,37,4.7,287.1
2026-05-13T17:32:33,7.6,1211,7941,0,5,100.00,33,4.8,287.1
2026-05-13T17:32:38,8.4,1203,7941,0,4,100.00,36,4.8,287.1
2026-05-13T17:32:43,8.0,1206,7941,0,4,100.00,33,4.8,287.1
2026-05-13T17:32:49,7.7,1200,7941,0,3,100.00,24,4.6,287.1
2026-05-13T17:32:54,7.6,1201,7941,0,3,100.00,40,4.8,287.1
2026-05-13T17:32:59,12.2,1200,7941,0,5,100.00,29,4.9,287.1
2026-05-13T17:33:04,17.2,1204,7941,0,5,100.00,42,6.2,287.1
2026-05-13T17:33:09,7.4,1208,7941,0,6,100.00,24,4.5,287.1
2026-05-13T17:33:15,8.6,1200,7941,1,5,100.00,41,5.0,287.1
2026-05-13T17:33:20,11.5,1206,7941,0,6,100.00,25,4.7,287.1
2026-05-13T17:33:25,8.4,1203,7941,0,6,100.00,39,5.1,287.1
2026-05-13T17:33:30,11.8,1201,7941,1,4,100.00,29,4.5,287.1
2026-05-13T17:33:36,9.0,1199,7941,0,5,100.00,34,5.0,287.1
2026-05-13T17:33:41,14.2,1204,7941,0,5,100.00,27,4.6,287.1
2026-05-13T17:33:46,9.9,1201,7941,0,5,100.00,38,4.9,287.1
2026-05-13T17:33:51,7.5,1205,7941,0,5,100.00,23,4.5,287.1
2026-05-13T17:33:57,7.2,1200,7941,0,4,100.00,30,4.0,287.1
2026-05-13T17:34:02,6.4,1198,7941,0,4,100.00,21,3.8,287.1
2026-05-13T17:34:07,11.9,1202,7941,0,5,100.00,31,4.3,287.1
2026-05-13T17:34:12,7.6,1208,7941,0,5,100.00,21,3.5,287.1
2026-05-13T17:34:17,10.4,1206,7941,0,5,100.00,30,4.2,287.1
2026-05-13T17:34:23,8.9,1208,7941,0,5,100.00,27,4.5,287.1
2026-05-13T17:34:28,6.8,1201,7941,0,4,100.00,30,4.0,287.1
2026-05-13T17:34:33,7.2,1209,7941,0,5,100.00,34,4.4,287.1
2026-05-13T17:34:38,7.7,1199,7941,0,5,100.00,30,4.1,287.1
2026-05-13T17:34:44,6.7,1202,7941,0,4,100.00,22,3.9,287.1
2026-05-13T17:34:49,7.2,1194,7941,0,3,100.00,26,4.3,287.1
2026-05-13T17:34:54,7.1,1198,7941,0,3,100.00,32,4.2,287.1
2026-05-13T17:34:59,10.9,1196,7941,0,4,100.00,25,4.3,287.1
2026-05-13T17:35:04,33.3,1203,7941,0,8,100.00,29,8.0,287.1
2026-05-13T17:35:10,8.3,1208,7941,0,8,100.00,26,4.7,287.1
2026-05-13T17:35:15,7.0,1194,7941,0,4,100.00,34,4.2,287.1
2026-05-13T17:35:20,14.3,1199,7941,0,5,100.00,21,4.2,287.1
2026-05-13T17:35:25,7.7,1199,7941,0,5,100.00,42,4.7,287.1
2026-05-13T17:35:31,6.8,1205,7941,0,5,100.00,28,4.2,287.1
2026-05-13T17:35:36,12.8,1202,7941,0,5,100.00,26,4.1,287.1
2026-05-13T17:35:41,11.8,1213,7941,0,5,100.00,25,4.3,287.1
2026-05-13T17:35:46,8.6,1203,7941,0,4,100.00,30,4.2,287.1
2026-05-13T17:35:51,6.9,1198,7941,0,4,100.00,23,4.3,287.1
2026-05-13T17:35:57,7.1,1204,7941,0,5,100.00,34,4.4,287.1
2026-05-13T17:36:02,12.5,1211,7941,0,5,100.00,25,4.9,287.1
2026-05-13T17:36:07,16.6,1205,7941,0,6,100.00,41,4.2,287.1
2026-05-13T17:36:12,20.2,1215,7941,0,6,100.00,22,4.0,287.1
2026-05-13T17:36:18,21.2,1206,7941,0,6,100.00,27,4.2,287.1
2026-05-13T17:36:23,14.7,1210,7941,0,6,100.00,18,4.2,287.1
2026-05-13T17:36:28,8.1,1211,7941,4,3,100.00,36,4.3,287.1
2026-05-13T17:36:33,16.2,1214,7941,0,5,100.00,31,4.8,287.1
2026-05-13T17:36:39,6.5,1199,7941,0,4,100.00,27,3.8,287.1
2026-05-13T17:36:44,20.7,1203,7941,0,7,100.00,29,4.2,287.1
2026-05-13T17:36:49,7.1,1204,7941,0,6,100.00,28,4.3,287.1
2026-05-13T17:36:54,11.1,1201,7941,0,4,100.00,32,4.0,287.1
2026-05-13T17:36:59,15.2,1208,7941,0,6,100.00,25,3.8,287.1
2026-05-13T17:37:05,25.4,1209,7941,0,6,100.00,36,5.0,287.1
2026-05-13T17:37:10,19.5,1210,7941,0,5,100.00,25,4.2,287.1
2026-05-13T17:37:15,11.9,1202,7941,0,5,100.00,30,4.1,287.1
2026-05-13T17:37:20,32.8,1211,7941,0,7,100.00,28,4.0,287.1
2026-05-13T17:37:26,7.0,1211,7941,0,7,100.00,31,4.1,287.1
2026-05-13T17:37:31,6.8,1189,7941,0,3,100.00,26,4.2,287.1
2026-05-13T17:37:36,13.7,1206,7941,0,5,100.00,30,4.0,287.1
2026-05-13T17:37:41,7.0,1206,7941,0,5,100.00,27,4.3,287.1
2026-05-13T17:37:46,38.7,1227,7941,0,10,100.00,30,4.2,287.1
2026-05-13T17:37:52,12.8,1220,7941,0,10,100.00,29,4.2,287.1
2026-05-13T17:37:57,6.4,1196,7941,0,5,100.00,43,3.6,287.1
2026-05-13T17:38:02,7.7,1205,7941,0,3,100.00,22,4.4,287.1
2026-05-13T17:38:07,12.7,1212,7941,1,4,100.00,36,3.9,287.1
2026-05-13T17:38:12,9.0,1212,7941,0,5,100.00,29,3.6,287.1
2026-05-13T17:38:18,8.6,1198,7941,0,4,100.00,43,4.4,287.1
2026-05-13T17:38:23,17.4,1201,7941,0,5,100.00,32,4.5,287.1
2026-05-13T17:38:28,7.8,1202,7941,0,5,100.00,36,4.3,287.1
2026-05-13T17:38:33,8.0,1199,7941,0,4,100.00,19,4.0,287.1
2026-05-13T17:38:39,7.2,1199,7941,0,5,100.00,36,4.2,287.1
2026-05-13T17:38:44,7.7,1204,7941,0,5,100.00,29,4.7,287.1
2026-05-13T17:38:49,7.4,1200,7941,0,4,100.00,28,4.0,287.1
2026-05-13T17:38:54,6.9,1204,7941,0,4,100.00,29,4.2,287.1
2026-05-13T17:38:59,7.3,1199,7941,0,4,100.00,26,4.2,287.1
2026-05-13T17:39:05,14.0,1200,7941,1,3,100.00,29,7.5,287.1
2026-05-13T17:39:10,12.9,1204,7941,0,4,100.00,26,4.7,287.1
2026-05-13T17:39:15,7.6,1203,7941,0,4,100.00,33,3.9,287.1
2026-05-13T17:39:20,11.2,1217,7941,1,3,100.00,27,5.1,287.1
2026-05-13T17:39:26,13.1,1203,7941,0,5,100.00,32,4.2,287.1
2026-05-13T17:39:31,7.7,1199,7941,0,5,100.00,27,4.8,287.1
2026-05-13T17:39:36,8.5,1193,7941,1,3,100.00,33,4.8,287.1
2026-05-13T17:39:41,12.0,1197,7941,0,6,100.00,22,4.3,287.1
2026-05-13T17:39:47,12.6,1206,7941,0,6,100.00,39,4.8,287.1
2026-05-13T17:39:52,7.1,1198,7941,0,4,100.00,27,4.2,287.1
2026-05-13T17:39:57,12.4,1196,7941,0,5,100.00,33,4.9,287.1
2026-05-13T17:40:02,9.2,1207,7941,1,4,100.00,29,6.6,287.1
2026-05-13T17:40:08,12.0,1207,7941,0,4,100.00,24,8.1,287.1
2026-05-13T17:40:13,12.4,1201,7941,1,3,100.00,26,5.6,287.1
2026-05-13T17:40:18,12.6,1203,7941,0,5,100.00,27,5.3,287.1
2026-05-13T17:40:24,8.9,1202,7941,0,5,100.00,34,4.8,287.1
2026-05-13T17:40:29,11.5,1213,7941,0,5,100.00,29,4.5,287.1
2026-05-13T17:40:34,8.7,1200,7941,0,4,100.00,27,4.4,287.1
2026-05-13T17:40:39,7.9,1206,7941,0,4,100.00,27,4.7,287.1
2026-05-13T17:40:45,7.5,1200,7941,0,3,100.00,35,4.6,287.1
2026-05-13T17:40:50,8.2,1201,7941,0,4,100.00,20,4.5,287.1
2026-05-13T17:40:55,7.6,1196,7941,0,5,100.00,27,4.7,287.1
2026-05-13T17:41:00,7.9,1201,7941,0,5,100.00,21,4.4,287.1
2026-05-13T17:41:06,12.1,1205,7941,0,5,100.00,29,5.7,287.1
2026-05-13T17:41:11,13.0,1210,7941,0,5,100.00,31,5.1,287.1
2026-05-13T17:41:16,8.4,1204,7941,0,4,100.00,33,4.7,287.1
2026-05-13T17:41:21,10.4,1205,7941,0,4,100.00,30,5.1,287.1
2026-05-13T17:41:27,10.4,1207,7941,0,5,100.00,35,4.8,287.1
2026-05-13T17:41:32,7.4,1200,7941,0,5,100.00,24,4.7,287.1
2026-05-13T17:41:37,7.6,1197,7941,0,5,100.00,32,4.5,287.1
2026-05-13T17:41:42,12.3,1206,7941,0,5,100.00,23,4.5,287.1
2026-05-13T17:41:48,7.9,1205,7941,1,4,100.00,29,4.6,287.1
2026-05-13T17:41:53,12.2,1200,7941,0,4,100.00,31,4.7,287.1
2026-05-13T17:41:58,9.8,1198,7941,0,4,100.00,29,4.9,287.1
2026-05-13T17:42:03,8.9,1206,7941,0,4,100.00,21,6.9,287.1
2026-05-13T17:42:08,14.2,1201,7941,0,5,100.00,32,5.0,287.1
2026-05-13T17:42:14,11.0,1205,7941,0,5,100.00,36,4.8,287.1
2026-05-13T17:42:19,16.9,1207,7941,3,4,100.00,28,4.8,287.1
2026-05-13T17:42:24,22.0,1212,7941,3,3,100.00,34,4.9,287.1
2026-05-13T17:42:30,35.6,1208,7941,0,6,100.00,31,5.1,287.1
2026-05-13T17:42:35,18.4,1213,7941,0,6,100.00,44,4.7,287.1
2026-05-13T17:42:40,7.7,1210,7941,0,5,100.00,20,4.6,287.1
2026-05-13T17:42:45,7.7,1199,7941,0,4,100.00,32,4.7,287.1
2026-05-13T17:42:51,17.2,1216,7941,0,6,100.00,32,4.5,287.1
2026-05-13T17:42:56,7.7,1210,7941,0,6,100.00,38,4.7,287.1
2026-05-13T17:43:01,16.1,1204,7941,0,4,100.00,34,4.7,287.1
2026-05-13T17:43:06,12.1,1200,7941,0,4,100.00,32,4.8,287.1
2026-05-13T17:43:11,34.9,1211,7941,3,7,100.00,28,4.2,287.1
2026-05-13T17:43:17,23.1,1213,7941,0,8,100.00,38,4.8,287.1
2026-05-13T17:43:22,7.6,1197,7941,0,5,100.00,21,4.6,287.1
2026-05-13T17:43:27,14.6,1206,7941,0,5,100.00,39,4.8,287.1
2026-05-13T17:43:32,18.2,1204,7941,0,5,100.00,27,4.7,287.1
2026-05-13T17:43:38,7.9,1200,7941,0,4,100.00,33,4.7,287.1
2026-05-13T17:43:43,14.8,1206,7941,0,6,100.00,23,4.7,287.1
2026-05-13T17:43:48,12.1,1199,7941,0,6,100.00,33,4.6,287.1
2026-05-13T17:43:53,19.5,1206,7941,0,5,100.00,30,5.1,287.1
2026-05-13T17:43:59,20.8,1208,7941,0,9,100.00,36,4.5,287.1
2026-05-13T17:44:04,8.2,1209,7941,0,9,100.00,25,4.7,287.1
2026-05-13T17:44:09,7.7,1196,7941,0,5,100.00,23,4.7,287.1
2026-05-13T17:44:14,9.2,1201,7941,0,5,100.00,28,5.0,287.1
2026-05-13T17:44:20,17.5,1203,7941,1,4,100.00,24,5.2,287.1
2026-05-13T17:44:25,10.3,1200,7941,0,5,100.00,38,5.1,287.1
2026-05-13T17:44:30,9.5,1197,7941,4,3,100.00,29,5.7,287.1
2026-05-13T17:44:35,19.2,1205,7941,0,6,100.00,33,5.1,287.1
2026-05-13T17:44:41,9.3,1198,7941,0,5,100.00,25,5.8,287.1
2026-05-13T17:44:46,8.0,1200,7941,0,5,100.00,34,4.5,287.1
2026-05-13T17:44:51,9.3,1198,7941,0,4,100.00,29,5.2,287.1
2026-05-13T17:44:56,9.1,1201,7941,0,4,100.00,37,5.6,287.1
2026-05-13T17:45:02,10.1,1207,7941,0,5,100.00,25,7.2,287.1
2026-05-13T17:45:07,12.5,1190,7941,0,3,100.00,29,10.2,287.1
2026-05-13T17:45:13,13.3,1200,7941,0,5,100.00,26,5.3,287.1
2026-05-13T17:45:18,13.7,1205,7941,0,5,100.00,29,5.5,287.1
2026-05-13T17:45:23,9.2,1206,7941,0,5,100.00,28,5.1,287.1
2026-05-13T17:45:28,13.3,1198,7941,1,4,100.00,31,5.4,287.1
2026-05-13T17:45:34,9.2,1203,7941,1,5,100.00,33,5.2,287.1
2026-05-13T17:45:39,8.8,1203,7941,0,5,100.00,16,5.3,287.1
2026-05-13T17:45:44,11.2,1198,7941,0,4,100.00,26,5.1,287.1
2026-05-13T17:45:50,7.3,1198,7941,0,4,100.00,16,4.2,287.1
2026-05-13T17:45:55,18.4,1197,7941,0,5,100.00,37,5.5,287.1
2026-05-13T17:46:00,9.2,1204,7941,1,4,100.00,27,5.8,287.1
2026-05-13T17:46:05,12.6,1202,7941,0,5,100.00,31,6.3,287.1
2026-05-13T17:46:11,8.4,1209,7941,0,3,100.00,32,5.2,287.1
2026-05-13T17:46:16,9.8,1194,7941,0,4,100.00,22,5.5,287.1
2026-05-13T17:46:21,16.9,1206,7941,0,5,100.00,29,5.5,287.1
2026-05-13T17:46:26,9.3,1198,7941,0,5,100.00,32,4.5,287.1
2026-05-13T17:46:32,10.0,1207,7941,0,6,100.00,36,5.4,287.1
2026-05-13T17:46:37,12.0,1212,7941,1,5,100.00,33,5.1,287.1
2026-05-13T17:46:42,9.1,1214,7941,0,6,100.00,21,4.7,287.1
2026-05-13T17:46:47,8.3,1203,7941,0,4,100.00,35,5.0,287.1
2026-05-13T17:46:53,9.3,1201,7941,0,4,100.00,25,5.4,287.1
2026-05-13T17:46:58,10.4,1200,7941,0,5,100.00,31,5.9,287.1
2026-05-13T17:47:03,10.2,1203,7941,0,5,100.00,35,6.6,287.1
2026-05-13T17:47:09,9.9,1193,7941,0,4,100.00,38,6.0,287.1
2026-05-13T17:47:14,14.9,1209,7941,0,6,100.00,25,5.5,287.1
2026-05-13T17:47:19,18.6,1205,7941,0,7,100.00,23,4.9,287.1
2026-05-13T17:47:24,9.4,1204,7941,0,7,100.00,34,5.2,287.1
2026-05-13T17:47:30,10.7,1201,7941,1,4,100.00,20,4.5,287.1
2026-05-13T17:47:35,13.9,1200,7941,0,5,100.00,32,4.8,287.1
2026-05-13T17:47:40,8.2,1198,7941,0,4,100.00,29,4.9,287.1
2026-05-13T17:47:45,15.5,1202,7941,0,5,100.00,32,5.2,287.1
2026-05-13T17:47:51,8.2,1202,7941,0,5,100.00,31,5.2,287.1
2026-05-13T17:47:56,12.6,1198,7941,0,4,100.00,37,4.8,287.1
2026-05-13T17:48:01,8.4,1205,7941,1,3,100.00,26,5.3,287.1
2026-05-13T17:48:07,17.1,1197,7941,0,5,100.00,34,6.9,287.1
2026-05-13T17:48:12,7.8,1199,7941,0,5,100.00,22,4.7,287.1
2026-05-13T17:48:17,19.8,1209,7941,0,8,100.00,36,5.1,287.1
2026-05-13T17:48:22,25.7,1218,7941,0,9,100.00,25,5.0,287.1
2026-05-13T17:48:28,18.7,1220,7941,0,9,100.00,38,4.5,287.1
2026-05-13T17:48:33,31.8,1207,7941,0,5,100.00,36,5.1,287.1
2026-05-13T17:48:38,7.6,1199,7941,0,5,100.00,31,4.5,287.1
2026-05-13T17:48:44,30.4,1206,7941,0,5,100.00,29,5.0,287.1
2026-05-13T17:48:49,8.5,1205,7941,0,5,100.00,36,5.3,287.1
2026-05-13T17:48:54,16.5,1203,7941,0,5,100.00,29,4.2,287.1
2026-05-13T17:48:59,14.9,1203,7941,0,5,100.00,24,5.2,287.1
2026-05-13T17:49:05,17.0,1203,7941,0,5,100.00,35,6.9,287.1
2026-05-13T17:49:10,8.5,1202,7941,0,4,100.00,17,5.2,287.1
2026-05-13T17:49:15,34.6,1207,7941,0,6,100.00,42,5.5,287.1
2026-05-13T17:49:20,22.4,1214,7941,8,3,100.00,30,5.8,287.1
2026-05-13T17:49:26,37.1,1206,7941,0,8,100.00,27,5.7,287.1
2026-05-13T17:49:31,13.2,1215,7941,0,7,100.00,29,5.1,287.1
2026-05-13T17:49:36,23.5,1208,7941,0,5,100.00,30,5.3,287.1
2026-05-13T17:49:42,7.8,1206,7941,0,5,100.00,26,4.9,287.1
2026-05-13T17:49:47,16.9,1204,7941,0,5,100.00,26,5.1,287.1
2026-05-13T17:49:52,12.9,1211,7941,0,5,100.00,28,4.8,287.1
2026-05-13T17:49:57,8.4,1202,7941,5,3,100.00,28,5.1,287.1
2026-05-13T17:50:03,20.5,1203,7941,0,5,100.00,36,8.6,287.1
2026-05-13T17:50:08,35.3,1205,7941,0,8,100.00,38,10.0,287.1
2026-05-13T17:50:14,10.3,1208,7941,1,7,100.00,38,6.5,287.1
2026-05-13T17:50:19,10.9,1194,7941,0,3,100.00,26,5.7,287.1
2026-05-13T17:50:24,26.4,1203,7941,0,7,100.00,34,6.3,287.1
2026-05-13T17:50:30,9.9,1207,7941,0,7,100.00,26,5.3,287.1
2026-05-13T17:50:35,9.5,1200,7941,0,5,100.00,33,5.5,287.1
2026-05-13T17:50:40,10.1,1200,7941,0,5,100.00,31,5.1,287.1
2026-05-13T17:50:45,21.5,1210,7941,1,5,100.00,30,5.6,287.1
2026-05-13T17:50:51,8.9,1211,7941,0,6,100.00,30,5.0,287.1
2026-05-13T17:50:56,9.3,1197,7941,0,4,100.00,36,5.6,287.1
2026-05-13T17:51:01,10.3,1204,7941,0,5,100.00,31,6.4,287.1
2026-05-13T17:51:07,11.4,1202,7941,0,5,100.00,31,7.6,287.1
2026-05-13T17:51:12,7.4,1204,7941,0,4,100.00,25,4.7,287.1
2026-05-13T17:51:17,11.9,1196,7941,0,4,100.00,34,4.6,287.1
2026-05-13T17:51:22,9.5,1200,7941,0,4,100.00,24,4.7,287.1
2026-05-13T17:51:28,9.7,1211,7941,0,5,100.00,26,4.3,287.1
2026-05-13T17:51:33,10.4,1205,7941,0,5,100.00,25,4.7,287.1
2026-05-13T17:51:38,10.1,1197,7941,0,4,100.00,32,4.6,287.1
2026-05-13T17:51:43,7.5,1200,7941,0,5,100.00,23,4.5,287.1
2026-05-13T17:51:49,7.1,1201,7941,0,5,100.00,32,4.0,287.1
2026-05-13T17:51:54,10.2,1199,7941,0,4,100.00,33,4.8,287.1
2026-05-13T17:51:59,12.8,1208,7941,0,4,100.00,26,4.5,287.1
2026-05-13T17:52:04,8.2,1198,7941,0,5,100.00,36,4.9,287.1
2026-05-13T17:52:09,6.7,1198,7941,0,5,100.00,18,4.1,287.1
2026-05-13T17:52:15,11.8,1209,7941,0,5,100.00,30,4.5,287.1
2026-05-13T17:52:20,8.8,1209,7941,0,5,100.00,24,5.1,287.1
2026-05-13T17:52:25,7.2,1195,7941,0,4,100.00,30,4.4,287.1
2026-05-13T17:52:30,11.1,1204,7941,0,5,100.00,19,4.4,287.1
2026-05-13T17:52:36,12.1,1206,7941,0,5,100.00,33,4.8,287.1
2026-05-13T17:52:41,8.2,1210,7941,0,5,100.00,24,4.6,287.1
2026-05-13T17:52:46,13.1,1204,7941,2,3,100.00,41,5.0,287.1
2026-05-13T17:52:51,11.5,1208,7941,0,5,100.00,26,5.1,287.1
2026-05-13T17:52:57,7.9,1204,7941,0,3,100.00,38,4.7,287.1
2026-05-13T17:53:02,9.9,1198,7941,0,4,100.00,29,5.5,287.1
2026-05-13T17:53:07,7.4,1198,7941,0,5,100.00,34,4.5,287.1
2026-05-13T17:53:12,7.5,1204,7941,0,5,100.00,30,4.4,287.1
2026-05-13T17:53:18,8.8,1200,7941,0,5,100.00,41,4.7,287.1
2026-05-13T17:53:23,16.8,1203,7941,0,6,100.00,24,5.0,287.1
2026-05-13T17:53:28,8.3,1198,7941,0,6,100.00,35,4.8,287.1
2026-05-13T17:53:33,11.8,1206,7941,0,6,100.00,34,5.0,287.1
2026-05-13T17:53:38,14.4,1209,7941,0,7,100.00,34,4.9,287.1
2026-05-13T17:53:44,8.0,1213,7941,0,8,100.00,43,4.9,287.1
2026-05-13T17:53:49,8.8,1203,7941,0,4,100.00,34,5.4,287.1
2026-05-13T17:53:54,11.2,1199,7941,0,4,100.00,29,4.7,287.1
2026-05-13T17:53:59,11.5,1209,7941,0,4,100.00,31,4.0,287.1
2026-05-13T17:54:05,10.2,1206,7941,0,5,100.00,23,7.3,287.1
2026-05-13T17:54:10,8.2,1210,7941,0,5,100.00,31,5.3,287.1
2026-05-13T17:54:15,8.4,1203,7941,0,5,100.00,33,5.0,287.1
2026-05-13T17:54:21,19.5,1204,7941,0,6,100.00,27,5.2,287.1
2026-05-13T17:54:26,8.2,1206,7941,0,6,100.00,27,5.0,287.1
2026-05-13T17:54:31,10.9,1206,7941,0,4,100.00,32,4.5,287.1
2026-05-13T17:54:36,62.8,1233,7941,0,11,100.00,33,5.9,287.1
2026-05-13T17:54:42,26.6,1220,7941,0,11,100.00,28,5.0,287.1
2026-05-13T17:54:47,33.7,1204,7941,0,6,100.00,39,5.2,287.1
2026-05-13T17:54:52,13.2,1203,7941,0,6,100.00,26,4.1,287.1
2026-05-13T17:54:57,11.7,1195,7941,0,4,100.00,31,5.1,287.1
2026-05-13T17:55:03,27.1,1201,7941,0,7,100.00,26,6.7,287.1
2026-05-13T17:55:08,17.2,1206,7941,0,7,100.00,26,7.4,287.1
2026-05-13T17:55:14,7.0,1199,7941,0,4,100.00,31,4.2,287.1
2026-05-13T17:55:19,17.6,1206,7941,0,5,100.00,31,4.7,287.1
2026-05-13T17:55:24,31.2,1204,7941,0,5,100.00,40,4.1,287.1
2026-05-13T17:55:29,21.8,1209,7941,0,6,100.00,33,4.5,287.1
2026-05-13T17:55:35,14.2,1207,7941,0,6,100.00,30,4.2,287.1
2026-05-13T17:55:40,12.3,1202,7941,0,5,100.00,21,4.1,287.1
2026-05-13T17:55:45,14.3,1210,7941,0,5,100.00,38,4.2,287.1
2026-05-13T17:55:50,11.4,1202,7941,0,5,100.00,19,4.0,287.1
2026-05-13T17:55:55,14.5,1205,7941,0,5,100.00,35,4.3,287.1
2026-05-13T17:56:01,12.1,1204,7941,0,5,100.00,31,4.7,287.1
2026-05-13T17:56:06,8.2,1210,7941,0,5,100.00,35,4.9,287.1
2026-05-13T17:56:11,20.5,1206,7941,0,5,100.00,23,4.3,287.1
2026-05-13T17:56:16,11.4,1208,7941,1,4,100.00,32,4.5,287.1
2026-05-13T17:56:22,9.7,1200,7941,0,4,100.00,24,4.3,287.1
2026-05-13T17:56:27,7.3,1200,7941,0,3,100.00,31,4.3,287.1
2026-05-13T17:56:32,21.1,1206,7941,0,7,100.00,19,4.2,287.1
2026-05-13T17:56:37,12.7,1206,7941,0,7,100.00,40,4.9,287.1
2026-05-13T17:56:43,7.7,1213,7941,0,5,100.00,20,4.2,287.1
2026-05-13T17:56:48,8.1,1200,7941,0,4,100.00,33,4.3,287.1
2026-05-13T17:56:53,18.2,1205,7941,0,5,100.00,23,4.5,287.1
2026-05-13T17:56:58,7.5,1206,7941,0,5,100.00,27,4.5,287.1
2026-05-13T17:57:03,9.2,1202,7941,0,4,100.00,24,5.3,287.1
2026-05-13T17:57:09,7.6,1205,7941,0,4,100.00,33,4.5,287.1
2026-05-13T17:57:14,6.5,1199,7941,0,4,100.00,29,3.8,287.1
2026-05-13T17:57:19,7.6,1202,7941,0,3,100.00,27,4.5,287.1
2026-05-13T17:57:24,10.1,1198,7941,1,3,100.00,29,3.9,287.1
2026-05-13T17:57:30,9.9,1201,7941,0,4,100.00,18,4.2,287.1
2026-05-13T17:57:35,9.8,1202,7941,0,5,100.00,45,4.8,287.1
2026-05-13T17:57:40,9.1,1211,7941,1,4,100.00,27,4.5,287.1
2026-05-13T17:57:45,10.6,1198,7941,0,5,100.00,34,4.7,287.1
2026-05-13T17:57:50,7.7,1203,7941,0,5,100.00,30,4.8,287.1
2026-05-13T17:57:56,10.0,1202,7941,0,5,100.00,32,4.5,287.1
2026-05-13T17:58:01,7.7,1200,7941,0,5,100.00,30,4.8,287.1
2026-05-13T17:58:06,8.3,1199,7941,0,4,100.00,31,5.0,287.1
2026-05-13T17:58:11,12.3,1209,7941,0,5,100.00,35,4.8,287.1
2026-05-13T17:58:17,6.9,1203,7941,0,4,100.00,32,4.2,287.1
2026-05-13T17:58:22,10.5,1207,7941,0,6,100.00,26,5.1,287.1
2026-05-13T17:58:27,7.0,1203,7941,0,6,100.00,34,3.8,287.1
2026-05-13T17:58:32,10.0,1200,7941,0,5,100.00,24,4.3,287.1
2026-05-13T17:58:37,9.7,1201,7941,0,5,100.00,32,4.9,287.1
2026-05-13T17:58:43,7.5,1210,7941,0,5,100.00,33,4.0,287.1
2026-05-13T17:58:48,9.4,1203,7941,0,5,100.00,28,4.3,287.1
2026-05-13T17:58:53,7.8,1213,7941,0,5,100.00,28,4.2,287.1
2026-05-13T17:58:58,11.1,1205,7941,0,4,100.00,31,4.2,287.1
2026-05-13T17:59:04,8.3,1209,7941,0,5,100.00,36,5.5,287.1
2026-05-13T17:59:09,7.5,1196,7941,0,5,100.00,29,3.7,287.1
2026-05-13T17:59:14,7.8,1198,7941,0,5,100.00,36,4.9,287.1
2026-05-13T17:59:19,7.4,1195,7941,0,3,100.00,24,4.5,287.1
2026-05-13T17:59:24,8.2,1197,7941,0,5,100.00,27,4.5,287.1
2026-05-13T17:59:30,13.2,1202,7941,0,5,100.00,24,4.5,287.1
2026-05-13T17:59:35,9.7,1203,7941,0,5,100.00,39,4.4,287.1
2026-05-13T17:59:40,8.4,1202,7941,0,5,100.00,24,4.3,287.1
2026-05-13T17:59:45,9.0,1203,7941,1,4,100.00,27,4.6,287.1
2026-05-13T17:59:51,8.8,1202,7941,0,4,100.00,32,4.5,287.1
2026-05-13T17:59:56,7.6,1199,7941,0,4,100.00,26,4.5,287.1
2026-05-13T18:00:01,12.6,1199,7941,0,4,100.00,31,4.9,287.1
2026-05-13T18:00:07,14.1,1202,7941,0,5,100.00,32,13.6,287.1
2026-05-13T18:00:13,12.6,1209,7941,0,5,100.00,21,11.6,287.1
2026-05-13T18:00:18,17.3,1200,7941,0,5,100.00,38,6.9,287.1
2026-05-13T18:00:23,19.3,1212,7941,0,6,100.00,33,5.9,287.1
2026-05-13T18:00:29,9.2,1203,7941,0,6,100.00,30,5.6,287.1
2026-05-13T18:00:34,13.5,1200,7941,0,5,100.00,35,4.2,287.1
2026-05-13T18:00:39,18.3,1206,7941,0,5,100.00,33,4.6,287.1
2026-05-13T18:00:44,19.1,1214,7941,9,1,100.00,24,4.5,287.1
2026-05-13T18:00:50,32.3,1217,7941,0,9,100.00,31,5.2,287.1
2026-05-13T18:00:55,18.1,1203,7941,0,6,100.00,32,4.8,287.1
2026-05-13T18:01:00,16.2,1200,7941,0,5,100.00,25,4.5,287.1
2026-05-13T18:01:05,11.9,1207,7941,3,4,100.00,39,5.5,287.1
2026-05-13T18:01:11,16.0,1209,7941,0,6,100.00,25,5.0,287.1
2026-05-13T18:01:16,8.1,1203,7941,0,5,100.00,31,4.9,287.1
2026-05-13T18:01:21,17.1,1202,7941,0,4,100.00,33,5.0,287.1
2026-05-13T18:01:26,19.4,1205,7941,0,8,100.00,29,4.3,287.1
2026-05-13T18:01:32,27.6,1208,7941,0,8,100.00,27,4.7,287.1
2026-05-13T18:01:37,31.1,1208,7941,0,8,100.00,33,3.8,287.1
2026-05-13T18:01:42,13.7,1207,7941,0,8,100.00,27,4.7,287.1
2026-05-13T18:01:47,15.1,1207,7941,1,4,100.00,27,4.0,287.1
2026-05-13T18:01:53,11.9,1200,7941,0,5,100.00,23,4.1,287.1
2026-05-13T18:01:58,7.1,1202,7941,0,5,100.00,27,4.3,287.1
2026-05-13T18:02:03,24.4,1208,7941,0,7,100.00,19,5.1,287.1
2026-05-13T18:02:08,7.3,1206,7941,0,7,100.00,29,4.1,287.1
2026-05-13T18:02:14,5.9,1191,7941,0,3,100.00,24,3.4,287.1
2026-05-13T18:02:19,25.3,1222,7941,2,5,100.00,18,4.0,287.1
2026-05-13T18:02:24,8.3,1205,7941,0,7,100.00,23,3.8,287.1
2026-05-13T18:02:29,6.7,1197,7941,0,5,100.00,26,3.5,287.1
2026-05-13T18:02:35,6.5,1199,7941,0,4,100.00,27,3.8,287.1
2026-05-13T18:02:40,27.8,1219,7941,0,7,100.00,20,3.0,287.1
2026-05-13T18:02:45,6.9,1205,7941,0,7,100.00,23,3.5,287.1
2026-05-13T18:02:50,8.9,1203,7941,0,6,100.00,21,3.6,287.1
2026-05-13T18:02:56,6.8,1205,7941,0,6,100.00,31,3.3,287.1
2026-05-13T18:03:01,6.1,1196,7941,0,3,100.00,21,3.8,287.1
2026-05-13T18:03:06,9.7,1197,7941,0,5,100.00,22,5.0,287.1
2026-05-13T18:03:11,13.4,1205,7941,0,5,100.00,19,2.7,287.1
2026-05-13T18:03:17,5.9,1203,7941,0,5,100.00,24,3.2,287.1
2026-05-13T18:03:22,5.8,1194,7941,0,3,100.00,26,3.4,287.1
2026-05-13T18:03:27,4.9,1197,7941,0,4,100.00,22,2.5,287.1
2026-05-13T18:03:32,12.1,1203,7941,0,5,100.00,21,3.1,287.1
2026-05-13T18:03:38,5.2,1194,7941,1,4,100.00,18,2.2,287.1
2026-05-13T18:03:43,9.7,1127,7941,0,4,100.00,12,4.0,211.2
2026-05-13T18:03:48,6.6,1137,7941,0,4,100.00,25,2.9,219.3
2026-05-13T18:03:53,4.9,1139,7941,0,4,100.00,14,2.8,225.8
2026-05-13T18:03:58,7.3,1148,7941,0,4,100.00,14,2.2,233.8
2026-05-13T18:04:04,6.2,1146,7941,1,4,100.00,15,2.5,236.0
2026-05-13T18:04:09,6.2,1149,7941,0,4,100.00,13,2.1,236.0
2026-05-13T18:04:14,4.6,1144,7941,0,3,100.00,18,2.1,236.1
2026-05-13T18:04:19,4.3,1145,7941,0,3,100.00,11,2.2,236.3
2026-05-13T18:04:25,8.8,1145,7941,0,3,100.00,14,1.7,236.3
2026-05-13T18:04:30,4.3,1144,7941,0,4,100.00,11,1.8,236.4
2026-05-13T18:04:35,5.1,1142,7941,0,4,100.00,20,2.5,236.5
2026-05-13T18:04:40,5.8,1155,7941,0,4,100.00,12,1.8,236.6
2026-05-13T18:04:46,11.4,1143,7941,0,4,100.00,11,1.4,236.7
2026-05-13T18:04:51,4.9,1144,7941,0,3,100.00,8,1.8,238.0
2026-05-13T18:04:56,5.8,1142,7941,0,3,100.00,13,1.4,238.0
2026-05-13T18:05:01,4.4,1152,7941,0,3,100.00,9,1.7,238.0
2026-05-13T18:05:07,4.7,1148,7941,0,3,100.00,12,2.2,238.1
2026-05-13T18:05:12,10.3,1155,7941,0,5,100.00,5,1.1,238.2
2026-05-13T18:05:18,3.9,1150,7941,0,5,100.00,15,1.6,238.2
2026-05-13T18:05:23,3.6,1142,7941,0,3,100.00,6,0.9,238.2
2026-05-13T18:05:28,4.0,1146,7941,0,3,100.00,12,0.9,238.2
2026-05-13T18:05:33,2.4,1151,7941,0,3,100.00,5,0.7,238.2
2026-05-13T18:05:39,3.1,1148,7941,0,4,100.00,11,0.7,238.2
2026-05-13T18:05:44,5.2,1143,7941,1,3,100.00,9,0.6,238.2
2026-05-13T18:05:49,3.7,1147,7941,0,3,100.00,5,0.4,238.2
2026-05-13T18:05:54,2.2,1145,7941,0,3,100.00,8,0.2,238.2
2026-05-13T18:06:00,4.0,1143,7941,0,2,100.00,1,0.7,238.6
2026-05-13T18:06:05,2.2,1136,7941,0,2,100.00,6,0.1,238.6
2026-05-13T18:06:10,1.6,1133,7941,0,1,100.00,1,0.1,238.6
2026-05-13T18:06:15,1.9,1135,7941,0,1,100.00,6,0.1,238.6
2026-05-13T18:06:21,1.6,1141,7941,0,1,100.00,1,0.1,238.6
