timestamp,cpu_total_pct,mem_used_mb,mem_total_mb,pg_active,pg_idle,pg_cache_hit_ratio,pg_tps_delta,target_pid_cpu_pct,target_pid_mem_mb
2026-05-13T18:08:46,7.0,1152,7941,0,3,100.00,8,5.9,182.4
2026-05-13T18:08:51,17.9,1135,7941,0,3,100.00,8,1.1,190.4
2026-05-13T18:08:56,15.9,1122,7941,0,4,100.00,13,0.9,192.2
2026-05-13T18:09:01,20.5,1105,7941,0,4,100.00,10,2.0,166.3
2026-05-13T18:09:07,88.5,1115,7941,3,8,100.00,18,2.7,170.8
2026-05-13T18:09:12,33.1,1120,7941,0,11,100.00,11,1.2,174.2
2026-05-13T18:09:17,25.0,1128,7941,0,4,100.00,26,2.5,195.2
2026-05-13T18:09:23,17.8,1131,7941,0,4,100.00,11,2.0,205.5
2026-05-13T18:09:28,10.4,1133,7941,0,5,100.00,18,2.1,206.5
2026-05-13T18:09:33,20.3,1151,7941,0,5,100.00,16,2.7,227.0
2026-05-13T18:09:38,4.0,1149,7941,0,5,100.00,11,2.3,228.9
2026-05-13T18:09:44,9.3,1153,7941,0,5,100.00,12,2.3,231.5
2026-05-13T18:09:49,3.9,1139,7941,0,5,100.00,7,1.9,210.0
2026-05-13T18:09:54,3.9,1129,7941,0,4,100.00,13,2.1,210.1
2026-05-13T18:09:59,4.3,1130,7941,0,3,100.00,7,2.5,207.0
2026-05-13T18:10:05,6.6,1129,7941,0,3,100.00,11,5.4,207.2
2026-05-13T18:10:10,7.1,1128,7941,0,3,100.00,10,4.9,214.2
2026-05-13T18:10:15,6.3,1133,7941,0,3,100.00,16,3.4,214.2
2026-05-13T18:10:21,6.2,1131,7941,0,3,100.00,7,4.0,215.7
2026-05-13T18:10:26,6.2,1136,7941,0,3,100.00,15,3.5,215.8
2026-05-13T18:10:31,5.4,1145,7941,0,3,100.00,7,3.4,215.9
2026-05-13T18:10:36,5.9,1135,7941,0,3,100.00,18,3.6,216.0
2026-05-13T18:10:42,5.9,1138,7941,0,3,100.00,8,3.4,216.1
2026-05-13T18:10:47,6.2,1137,7941,0,4,100.00,18,3.9,216.6
2026-05-13T18:10:52,7.5,1142,7941,0,4,100.00,14,4.2,217.6
2026-05-13T18:10:57,8.9,1145,7941,0,4,100.00,19,4.3,218.0
2026-05-13T18:11:03,12.7,1143,7941,0,5,100.00,17,4.8,218.4
2026-05-13T18:11:08,15.7,1142,7941,0,5,100.00,18,3.9,218.4
2026-05-13T18:11:13,12.6,1141,7941,0,5,100.00,12,4.0,219.2
2026-05-13T18:11:18,10.4,1135,7941,0,4,100.00,23,4.5,219.5
2026-05-13T18:11:24,7.9,1140,7941,1,3,100.00,16,3.8,219.7
2026-05-13T18:11:29,12.3,1146,7941,0,5,100.00,18,4.5,220.2
2026-05-13T18:11:34,7.1,1148,7941,0,5,100.00,19,4.0,220.6
2026-05-13T18:11:39,6.7,1146,7941,0,4,100.00,8,3.8,220.9
2026-05-13T18:11:44,10.0,1141,7941,0,4,100.00,21,4.6,221.4
2026-05-13T18:11:50,7.1,1145,7941,0,4,100.00,15,4.8,221.7
2026-05-13T18:11:55,7.0,1150,7941,0,3,100.00,31,4.3,222.2
2026-05-13T18:12:00,7.3,1153,7941,0,3,100.00,16,5.0,223.3
2026-05-13T18:12:05,8.7,1148,7941,0,3,100.00,28,5.9,223.5
2026-05-13T18:12:11,7.5,1155,7941,0,4,100.00,17,5.1,223.8
2026-05-13T18:12:16,8.2,1146,7941,0,3,100.00,24,5.4,223.9
2026-05-13T18:12:21,7.8,1152,7941,0,3,100.00,22,5.1,224.3
2026-05-13T18:12:26,8.3,1144,7941,0,3,100.00,21,5.5,225.3
2026-05-13T18:12:32,7.5,1146,7941,0,3,100.00,21,5.1,227.6
2026-05-13T18:12:37,7.9,1147,7941,0,4,100.00,28,5.2,227.8
2026-05-13T18:12:42,8.0,1157,7941,0,4,100.00,25,5.0,227.8
2026-05-13T18:12:47,9.7,1155,7941,0,4,100.00,33,6.6,228.2
2026-05-13T18:12:53,8.3,1157,7941,0,3,100.00,20,5.5,228.3
2026-05-13T18:12:58,10.0,1151,7941,0,4,100.00,27,6.4,228.7
2026-05-13T18:13:03,12.9,1151,7941,0,5,100.00,27,7.3,228.9
2026-05-13T18:13:08,19.7,1157,7941,0,5,100.00,29,6.8,228.9
2026-05-13T18:13:14,17.7,1160,7941,1,4,100.00,26,6.9,228.9
2026-05-13T18:13:19,16.6,1155,7941,0,4,100.00,30,7.2,231.4
2026-05-13T18:13:24,10.8,1151,7941,0,4,100.00,28,6.2,231.5
2026-05-13T18:13:29,13.1,1167,7941,1,4,100.00,29,7.5,240.0
2026-05-13T18:13:35,13.9,1169,7941,0,5,100.00,36,7.1,239.9
2026-05-13T18:13:40,13.4,1169,7941,0,5,100.00,22,7.4,239.9
2026-05-13T18:13:45,14.5,1161,7941,0,4,100.00,33,7.3,239.9
2026-05-13T18:13:50,10.9,1167,7941,0,4,100.00,30,7.4,239.9
2026-05-13T18:13:56,10.7,1164,7941,0,5,100.00,30,7.2,239.9
2026-05-13T18:14:01,11.3,1171,7941,0,5,100.00,22,8.1,240.1
2026-05-13T18:14:06,10.4,1160,7941,0,4,100.00,36,7.0,240.2
2026-05-13T18:14:12,10.5,1166,7941,0,5,100.00,28,7.3,240.2
2026-05-13T18:14:17,9.6,1165,7941,0,5,100.00,43,6.3,240.3
2026-05-13T18:14:22,10.5,1165,7941,0,5,100.00,28,7.3,240.3
2026-05-13T18:14:27,10.5,1160,7941,0,4,100.00,39,7.1,240.4
2026-05-13T18:14:33,10.4,1164,7941,0,4,100.00,35,7.2,240.6
2026-05-13T18:14:38,9.7,1168,7941,0,4,100.00,32,6.5,240.6
2026-05-13T18:14:43,10.6,1168,7941,0,5,100.00,24,7.2,240.6
2026-05-13T18:14:48,10.5,1166,7941,0,5,100.00,29,6.9,240.7
2026-05-13T18:14:54,13.9,1164,7941,0,4,100.00,34,6.2,240.8
2026-05-13T18:14:59,9.6,1166,7941,3,4,100.00,29,6.3,240.8
2026-05-13T18:15:04,47.0,1183,7941,0,9,100.00,33,12.5,240.8
2026-05-13T18:15:10,70.6,1191,7941,5,6,100.00,43,10.2,240.9
2026-05-13T18:15:15,54.7,1189,7941,0,9,100.00,34,7.2,243.2
2026-05-13T18:15:20,30.4,1189,7941,0,9,100.00,29,5.9,243.2
2026-05-13T18:15:25,33.2,1187,7941,0,7,100.00,33,5.7,250.6
2026-05-13T18:15:31,26.3,1194,7941,0,6,100.00,39,5.9,265.7
2026-05-13T18:15:36,27.0,1212,7941,0,5,100.00,38,5.9,280.4
2026-05-13T18:15:41,21.0,1215,7941,0,5,100.00,32,5.6,280.4
2026-05-13T18:15:46,24.1,1216,7941,0,5,100.00,29,5.4,280.6
2026-05-13T18:15:52,17.3,1217,7941,0,5,100.00,22,6.0,280.7
2026-05-13T18:15:57,9.9,1206,7941,0,5,100.00,38,6.5,280.9
2026-05-13T18:16:02,9.7,1217,7941,0,5,100.00,28,6.5,280.9
2026-05-13T18:16:07,9.7,1211,7941,1,3,100.00,33,6.2,280.9
2026-05-13T18:16:13,9.4,1217,7941,0,4,100.00,23,6.5,281.0
2026-05-13T18:16:18,9.9,1205,7941,0,4,100.00,34,6.2,281.0
2026-05-13T18:16:23,9.8,1212,7941,0,4,100.00,24,6.8,281.1
2026-05-13T18:16:28,10.4,1208,7941,0,4,100.00,31,6.9,281.1
2026-05-13T18:16:34,8.6,1207,7941,0,4,100.00,33,5.8,281.2
2026-05-13T18:16:39,9.3,1207,7941,0,4,100.00,27,6.1,281.3
2026-05-13T18:16:44,9.1,1211,7941,0,3,100.00,29,5.5,281.3
2026-05-13T18:16:49,8.7,1208,7941,0,5,100.00,26,5.5,281.4
2026-05-13T18:16:55,9.2,1208,7941,0,5,100.00,27,6.0,281.4
2026-05-13T18:17:00,8.7,1208,7941,0,5,100.00,22,5.7,281.7
2026-05-13T18:17:05,12.7,1212,7941,0,5,100.00,44,6.9,281.7
2026-05-13T18:17:10,16.2,1218,7941,0,5,100.00,30,5.3,281.7
2026-05-13T18:17:16,21.6,1227,7941,2,4,100.00,29,5.9,290.4
2026-05-13T18:17:21,14.2,1239,7941,0,6,100.00,25,5.9,305.6
2026-05-13T18:17:26,14.3,1244,7941,0,4,100.00,35,6.7,320.8
2026-05-13T18:17:31,10.3,1262,7941,0,4,100.00,21,6.2,336.0
2026-05-13T18:17:37,15.2,1279,7941,0,5,100.00,23,7.4,349.3
2026-05-13T18:17:42,10.5,1289,7941,0,5,100.00,28,5.7,349.3
2026-05-13T18:17:47,10.2,1284,7941,0,4,100.00,33,6.8,349.3
2026-05-13T18:17:52,20.7,1288,7941,0,5,100.00,28,6.5,349.3
2026-05-13T18:17:58,11.7,1282,7941,0,5,100.00,39,7.3,349.4
2026-05-13T18:18:03,11.9,1284,7941,0,5,100.00,25,9.0,349.4
2026-05-13T18:18:08,11.3,1285,7941,0,5,100.00,28,7.5,349.4
2026-05-13T18:18:14,10.8,1286,7941,0,4,100.00,28,7.2,349.5
2026-05-13T18:18:19,9.8,1281,7941,0,5,100.00,31,6.3,349.5
2026-05-13T18:18:24,10.6,1276,7941,0,5,100.00,27,7.0,349.5
2026-05-13T18:18:29,10.1,1279,7941,0,4,100.00,21,6.7,349.5
2026-05-13T18:18:35,9.8,1280,7941,0,3,100.00,24,6.2,349.5
2026-05-13T18:18:40,9.3,1284,7941,0,4,100.00,25,6.0,349.7
2026-05-13T18:18:45,8.6,1277,7941,0,4,100.00,28,5.1,349.7
2026-05-13T18:18:50,8.6,1278,7941,0,3,100.00,24,5.5,349.9
2026-05-13T18:18:56,10.5,1281,7941,0,5,100.00,34,7.0,349.9
2026-05-13T18:19:01,10.1,1280,7941,0,5,100.00,36,6.9,349.9
2026-05-13T18:19:06,17.1,1275,7941,0,4,100.00,41,11.1,349.9
2026-05-13T18:19:12,17.9,1284,7941,0,6,100.00,23,6.7,349.9
2026-05-13T18:19:17,20.7,1284,7941,2,4,100.00,43,6.8,349.9
2026-05-13T18:19:22,22.3,1287,7941,1,5,100.00,33,7.0,349.9
2026-05-13T18:19:27,13.2,1286,7941,0,5,100.00,35,5.9,349.9
2026-05-13T18:19:33,10.9,1283,7941,0,4,100.00,30,6.6,349.9
2026-05-13T18:19:38,11.0,1282,7941,0,4,100.00,43,6.6,349.9
2026-05-13T18:19:43,21.4,1289,7941,0,8,100.00,24,6.4,349.9
2026-05-13T18:19:48,10.9,1293,7941,0,8,100.00,38,7.2,349.9
2026-05-13T18:19:54,9.6,1272,7941,0,3,100.00,32,6.3,349.9
2026-05-13T18:19:59,18.2,1286,7941,0,5,100.00,32,6.9,349.9
2026-05-13T18:20:04,14.3,1278,7941,0,5,100.00,28,12.2,349.9
2026-05-13T18:20:10,13.8,1287,7941,0,4,100.00,28,11.7,349.9
2026-05-13T18:20:15,13.7,1292,7941,0,5,100.00,36,10.1,349.9
2026-05-13T18:20:21,12.9,1287,7941,0,5,100.00,27,9.7,349.9
2026-05-13T18:20:26,12.3,1287,7941,0,5,100.00,22,8.3,349.9
2026-05-13T18:20:31,10.9,1283,7941,0,5,100.00,29,7.1,349.9
2026-05-13T18:20:37,11.5,1287,7941,0,5,100.00,35,7.8,352.3
2026-05-13T18:20:42,10.3,1293,7941,0,5,100.00,25,6.5,352.3
2026-05-13T18:20:47,10.1,1282,7941,0,5,100.00,28,6.7,352.3
2026-05-13T18:20:52,9.9,1281,7941,0,3,100.00,29,6.5,352.4
2026-05-13T18:20:58,19.9,1288,7941,0,6,100.00,31,6.7,352.4
2026-05-13T18:21:03,11.1,1286,7941,0,6,100.00,28,8.6,352.5
2026-05-13T18:21:08,27.5,1289,7941,3,4,100.00,27,7.5,352.5
2026-05-13T18:21:13,49.8,1298,7941,4,6,100.00,30,7.0,352.6
2026-05-13T18:21:19,51.4,1292,7941,9,3,100.00,33,7.0,352.6
2026-05-13T18:21:24,50.6,1289,7941,0,9,100.00,37,6.4,352.8
2026-05-13T18:21:29,51.3,1297,7941,7,5,100.00,29,6.9,352.9
2026-05-13T18:21:35,48.9,1285,7941,0,8,100.00,42,7.5,352.9
2026-05-13T18:21:40,23.6,1293,7941,0,8,100.00,30,7.0,352.9
2026-05-13T18:21:45,35.9,1282,7941,0,7,100.00,35,6.3,352.9
2026-05-13T18:21:51,10.4,1281,7941,0,7,100.00,27,6.9,352.9
2026-05-13T18:21:56,11.3,1277,7941,0,5,100.00,45,7.3,353.1
2026-05-13T18:22:01,31.2,1298,7941,0,8,100.00,30,7.6,353.3
2026-05-13T18:22:07,12.6,1287,7941,0,8,100.00,33,7.3,353.3
2026-05-13T18:22:12,10.4,1274,7941,0,5,100.00,31,7.2,353.3
2026-05-13T18:22:17,10.6,1274,7941,0,5,100.00,31,6.7,353.3
2026-05-13T18:22:23,11.2,1270,7941,0,3,100.00,28,7.1,353.3
2026-05-13T18:22:28,11.3,1267,7941,0,4,100.00,29,7.5,353.3
2026-05-13T18:22:33,10.4,1271,7941,0,4,100.00,27,6.9,353.4
2026-05-13T18:22:38,10.6,1266,7941,0,4,100.00,29,7.0,353.4
2026-05-13T18:22:44,9.2,1271,7941,0,3,100.00,32,5.5,353.4
2026-05-13T18:22:49,9.5,1274,7941,0,5,100.00,22,6.2,353.4
2026-05-13T18:22:54,9.0,1270,7941,0,5,100.00,31,5.9,353.4
2026-05-13T18:22:59,8.1,1263,7941,0,3,100.00,27,5.2,353.4
2026-05-13T18:23:05,10.5,1263,7941,0,4,100.00,25,7.0,353.4
2026-05-13T18:23:10,9.5,1272,7941,0,5,100.00,24,6.3,353.4
2026-05-13T18:23:15,25.9,1281,7941,0,5,100.00,36,6.5,353.4
2026-05-13T18:23:20,8.6,1281,7941,0,5,100.00,18,5.7,353.4
2026-05-13T18:23:26,20.1,1277,7941,0,5,100.00,30,6.9,353.4
2026-05-13T18:23:31,11.5,1273,7941,0,5,100.00,30,7.1,353.5
2026-05-13T18:23:36,18.6,1278,7941,0,6,100.00,29,6.2,353.5
2026-05-13T18:23:41,10.2,1283,7941,1,5,100.00,28,6.2,353.5
2026-05-13T18:23:46,13.1,1272,7941,0,4,100.00,35,5.8,353.5
2026-05-13T18:23:52,12.1,1272,7941,0,4,100.00,22,6.4,353.6
2026-05-13T18:23:57,10.7,1280,7941,0,4,100.00,40,7.1,353.6
2026-05-13T18:24:02,15.1,1282,7941,0,4,100.00,26,7.6,353.7
2026-05-13T18:24:08,10.5,1273,7941,0,4,100.00,36,6.6,353.9
2026-05-13T18:24:13,8.6,1278,7941,0,5,100.00,36,5.6,353.9
2026-05-13T18:24:18,9.7,1273,7941,0,5,100.00,34,6.4,353.9
2026-05-13T18:24:23,9.6,1273,7941,0,5,100.00,29,6.5,353.9
2026-05-13T18:24:29,8.8,1273,7941,0,5,100.00,28,5.9,353.9
2026-05-13T18:24:34,8.3,1279,7941,1,5,100.00,31,5.4,353.9
2026-05-13T18:24:39,8.7,1276,7941,0,5,100.00,24,5.9,353.9
2026-05-13T18:24:44,10.2,1267,7941,0,3,100.00,35,6.3,353.9
2026-05-13T18:24:49,8.9,1275,7941,0,3,100.00,25,5.8,353.9
2026-05-13T18:24:55,8.9,1277,7941,0,4,100.00,34,5.9,353.9
2026-05-13T18:25:00,9.3,1278,7941,0,4,100.00,32,6.3,353.9
2026-05-13T18:25:05,14.4,1275,7941,0,4,100.00,26,13.2,354.2
2026-05-13T18:25:10,9.1,1277,7941,0,4,100.00,29,5.9,354.2
2026-05-13T18:25:16,25.0,1276,7941,0,6,100.00,38,6.6,354.2
2026-05-13T18:25:21,9.3,1283,7941,0,6,100.00,26,5.8,354.5
2026-05-13T18:25:26,21.4,1275,7941,0,6,100.00,41,6.6,354.5
2026-05-13T18:25:31,11.4,1279,7941,0,6,100.00,29,5.9,354.5
2026-05-13T18:25:37,10.0,1273,7941,1,3,100.00,37,5.4,354.5
2026-05-13T18:25:42,15.3,1281,7941,0,4,100.00,29,6.5,354.5
2026-05-13T18:25:47,10.6,1278,7941,0,4,100.00,33,6.0,354.6
2026-05-13T18:25:52,17.6,1278,7941,0,4,100.00,29,5.8,354.7
2026-05-13T18:25:58,9.1,1277,7941,0,4,100.00,36,5.9,354.7
2026-05-13T18:26:03,18.6,1281,7941,0,4,100.00,26,6.9,354.7
2026-05-13T18:26:08,9.9,1276,7941,0,4,100.00,34,6.6,354.7
2026-05-13T18:26:13,9.9,1282,7941,0,5,100.00,26,6.3,354.8
2026-05-13T18:26:19,9.7,1280,7941,0,5,100.00,34,6.4,355.0
2026-05-13T18:26:24,8.8,1276,7941,0,3,100.00,23,5.9,355.0
2026-05-13T18:26:29,9.3,1277,7941,0,5,100.00,24,6.3,355.0
2026-05-13T18:26:34,9.5,1281,7941,0,5,100.00,28,6.2,355.0
2026-05-13T18:26:40,9.5,1274,7941,0,3,100.00,25,6.2,355.0
2026-05-13T18:26:45,10.1,1277,7941,0,5,100.00,35,6.3,355.0
2026-05-13T18:26:50,9.0,1281,7941,0,5,100.00,26,5.8,355.0
2026-05-13T18:26:55,8.9,1289,7941,0,5,100.00,29,5.9,355.0
2026-05-13T18:27:01,9.3,1292,7941,0,5,100.00,22,6.4,355.0
2026-05-13T18:27:06,24.5,1285,7941,0,5,100.00,37,7.1,355.0
2026-05-13T18:27:11,9.2,1280,7941,0,4,100.00,28,6.3,355.0
2026-05-13T18:27:16,42.0,1301,7941,11,3,100.00,40,7.1,355.0
2026-05-13T18:27:22,48.4,1314,7941,0,11,100.00,22,6.6,355.3
2026-05-13T18:27:27,22.8,1306,7941,0,11,100.00,41,5.4,355.3
2026-05-13T18:27:32,36.0,1297,7941,3,10,100.00,34,6.4,355.3
2026-05-13T18:27:38,27.6,1306,7941,0,11,100.00,28,6.5,355.3
2026-05-13T18:27:43,43.0,1293,7941,4,7,100.00,40,6.5,355.3
2026-05-13T18:27:48,31.0,1294,7941,1,8,100.00,35,7.1,355.3
2026-05-13T18:27:54,28.5,1286,7941,0,5,100.00,32,6.3,355.3
2026-05-13T18:27:59,9.7,1277,7941,0,5,100.00,27,6.6,355.4
2026-05-13T18:28:04,17.9,1287,7941,0,5,100.00,33,7.4,355.6
2026-05-13T18:28:09,17.8,1288,7941,0,5,100.00,22,6.1,355.6
2026-05-13T18:28:15,20.4,1294,7941,0,7,100.00,33,6.2,355.6
2026-05-13T18:28:20,9.8,1292,7941,0,7,100.00,28,6.5,355.7
2026-05-13T18:28:25,10.0,1274,7941,0,3,100.00,37,5.9,355.8
2026-05-13T18:28:31,8.3,1282,7941,0,3,100.00,33,5.2,355.8
2026-05-13T18:28:36,8.9,1269,7941,0,3,100.00,23,5.5,355.8
2026-05-13T18:28:41,8.5,1280,7941,0,3,100.00,18,5.5,355.8
2026-05-13T18:28:46,9.3,1279,7941,0,3,100.00,26,6.0,355.8
2026-05-13T18:28:51,9.1,1278,7941,0,5,100.00,24,6.0,355.8
2026-05-13T18:28:57,9.6,1283,7941,0,5,100.00,35,6.3,355.8
2026-05-13T18:29:02,10.3,1278,7941,0,4,100.00,17,7.2,356.0
2026-05-13T18:29:07,9.7,1272,7941,0,3,100.00,34,6.3,356.0
2026-05-13T18:29:12,10.1,1277,7941,0,3,100.00,31,6.7,356.0
2026-05-13T18:29:18,16.9,1279,7941,0,4,100.00,33,7.3,356.0
2026-05-13T18:29:23,23.9,1284,7941,0,4,100.00,33,7.3,356.0
2026-05-13T18:29:28,12.6,1284,7941,1,3,100.00,39,7.0,356.0
2026-05-13T18:29:34,18.7,1281,7941,1,4,100.00,24,7.0,356.0
2026-05-13T18:29:39,12.5,1276,7941,0,5,100.00,32,7.2,356.0
2026-05-13T18:29:44,15.0,1277,7941,0,4,100.00,35,7.0,356.0
2026-05-13T18:29:49,14.7,1288,7941,0,6,100.00,25,6.8,356.0
2026-05-13T18:29:55,15.7,1279,7941,0,6,100.00,35,6.9,356.0
2026-05-13T18:30:00,10.0,1271,7941,0,4,100.00,21,6.8,356.0
2026-05-13T18:30:05,17.1,1274,7941,0,4,100.00,34,14.7,356.0
2026-05-13T18:30:11,22.2,1276,7941,0,5,100.00,19,10.2,356.0
2026-05-13T18:30:16,13.4,1278,7941,0,5,100.00,39,8.2,356.0
2026-05-13T18:30:21,12.2,1278,7941,0,3,100.00,20,8.6,356.0
2026-05-13T18:30:27,13.0,1281,7941,0,3,100.00,35,8.6,356.0
2026-05-13T18:30:32,11.0,1287,7941,0,4,100.00,16,7.1,356.0
2026-05-13T18:30:37,11.2,1282,7941,0,4,100.00,28,7.2,356.0
2026-05-13T18:30:43,11.8,1283,7941,0,3,100.00,29,7.9,356.0
2026-05-13T18:30:48,11.2,1283,7941,0,3,100.00,27,7.4,356.0
2026-05-13T18:30:53,10.4,1280,7941,0,4,100.00,23,6.9,356.0
2026-05-13T18:30:58,10.7,1265,7941,0,4,100.00,33,6.9,356.0
2026-05-13T18:31:04,13.0,1272,7941,1,4,100.00,36,9.8,356.0
2026-05-13T18:31:09,12.2,1268,7941,0,3,100.00,23,8.3,356.0
2026-05-13T18:31:14,10.6,1275,7941,0,5,100.00,31,6.9,356.0
2026-05-13T18:31:20,20.4,1276,7941,0,5,100.00,26,7.0,356.0
2026-05-13T18:31:25,16.5,1277,7941,0,6,100.00,35,7.1,356.0
2026-05-13T18:31:30,15.7,1276,7941,0,6,100.00,26,7.0,356.0
2026-05-13T18:31:35,14.4,1270,7941,0,5,100.00,27,7.0,356.0
2026-05-13T18:31:41,12.5,1274,7941,1,4,100.00,29,6.5,356.0
2026-05-13T18:31:46,18.6,1270,7941,0,5,100.00,29,6.7,356.0
2026-05-13T18:31:51,12.4,1274,7941,0,5,100.00,26,6.3,356.0
2026-05-13T18:31:56,14.0,1276,7941,0,5,100.00,32,7.3,356.0
2026-05-13T18:32:02,19.0,1287,7941,0,8,100.00,32,8.2,356.0
2026-05-13T18:32:07,9.7,1285,7941,0,8,100.00,26,5.5,356.0
2026-05-13T18:32:12,12.3,1273,7941,0,5,100.00,18,6.3,356.0
2026-05-13T18:32:18,9.8,1270,7941,0,4,100.00,28,6.2,356.0
2026-05-13T18:32:23,10.9,1278,7941,0,4,100.00,26,6.7,356.0
2026-05-13T18:32:28,11.2,1276,7941,0,5,100.00,31,7.3,356.0
2026-05-13T18:32:33,10.1,1267,7941,0,3,100.00,29,6.9,356.0
2026-05-13T18:32:39,9.8,1266,7941,0,3,100.00,29,6.5,356.0
2026-05-13T18:32:44,11.3,1271,7941,0,3,100.00,36,7.1,356.0
2026-05-13T18:32:49,9.6,1270,7941,0,3,100.00,24,6.4,356.0
2026-05-13T18:32:54,10.5,1266,7941,0,3,100.00,37,6.8,356.0
2026-05-13T18:33:00,9.9,1267,7941,0,3,100.00,23,7.0,356.0
2026-05-13T18:33:05,12.5,1265,7941,0,3,100.00,29,8.9,356.0
2026-05-13T18:33:10,14.8,1277,7941,0,5,100.00,21,6.8,356.0
2026-05-13T18:33:16,9.9,1275,7941,0,5,100.00,34,6.2,356.0
2026-05-13T18:33:21,46.7,1284,7941,4,6,100.00,29,7.4,356.0
2026-05-13T18:33:26,32.0,1285,7941,0,8,100.00,33,7.1,356.0
2026-05-13T18:33:31,21.6,1283,7941,0,7,100.00,29,5.9,356.0
2026-05-13T18:33:37,24.9,1275,7941,0,5,100.00,34,6.7,356.0
2026-05-13T18:33:42,39.2,1282,7941,0,6,100.00,24,6.3,356.0
2026-05-13T18:33:47,47.7,1277,7941,0,7,100.00,39,7.0,356.0
2026-05-13T18:33:53,35.7,1295,7941,3,6,100.00,26,6.6,356.0
2026-05-13T18:33:58,34.6,1283,7941,0,6,100.00,36,6.9,356.0
2026-05-13T18:34:03,21.7,1284,7941,0,6,100.00,29,8.3,356.0
2026-05-13T18:34:08,15.8,1273,7941,0,5,100.00,41,6.7,356.0
2026-05-13T18:34:14,9.1,1279,7941,0,4,100.00,33,5.9,356.0
2026-05-13T18:34:19,28.5,1288,7941,1,6,100.00,27,6.3,356.0
2026-05-13T18:34:24,16.6,1286,7941,0,7,100.00,42,6.8,356.0
2026-05-13T18:34:29,9.9,1277,7941,0,6,100.00,30,6.6,356.1
2026-05-13T18:34:35,10.2,1270,7941,0,3,100.00,32,6.7,356.3
2026-05-13T18:34:40,10.3,1271,7941,0,4,100.00,30,7.0,356.3
2026-05-13T18:34:45,10.3,1273,7941,0,5,100.00,31,6.3,356.3
2026-05-13T18:34:50,10.2,1279,7941,0,5,100.00,31,6.8,356.3
2026-05-13T18:34:56,9.4,1279,7941,0,5,100.00,22,5.9,356.3
2026-05-13T18:35:01,10.5,1278,7941,0,4,100.00,34,7.2,356.3
2026-05-13T18:35:07,14.8,1275,7941,0,4,100.00,28,12.8,356.3
2026-05-13T18:35:12,10.0,1270,7941,0,4,100.00,25,6.5,356.3
2026-05-13T18:35:17,11.1,1272,7941,0,5,100.00,29,7.4,356.3
2026-05-13T18:35:22,13.6,1278,7941,0,5,100.00,32,6.8,356.3
2026-05-13T18:35:28,25.6,1276,7941,0,5,100.00,29,6.2,356.3
2026-05-13T18:35:33,12.4,1277,7941,1,4,100.00,16,6.6,356.3
2026-05-13T18:35:38,16.4,1275,7941,0,4,100.00,32,6.0,356.3
2026-05-13T18:35:43,13.9,1276,7941,0,6,100.00,28,6.5,356.3
2026-05-13T18:35:49,15.7,1275,7941,0,5,100.00,32,6.7,356.3
2026-05-13T18:35:54,14.9,1277,7941,0,5,100.00,32,7.1,356.3
2026-05-13T18:35:59,18.5,1272,7941,0,5,100.00,24,7.0,356.3
2026-05-13T18:36:05,15.6,1280,7941,0,5,100.00,32,9.8,356.3
2026-05-13T18:36:10,9.5,1283,7941,0,4,100.00,29,6.2,356.3
2026-05-13T18:36:15,10.3,1278,7941,0,4,100.00,32,6.2,356.3
2026-05-13T18:36:20,10.3,1277,7941,1,4,100.00,21,6.7,356.3
2026-05-13T18:36:26,17.6,1271,7941,0,5,100.00,33,7.0,356.3
2026-05-13T18:36:31,10.7,1275,7941,0,5,100.00,21,7.2,356.3
2026-05-13T18:36:36,9.9,1275,7941,0,5,100.00,30,6.4,356.3
2026-05-13T18:36:41,11.2,1279,7941,0,4,100.00,30,7.5,356.3
2026-05-13T18:36:47,9.2,1276,7941,0,4,100.00,27,5.9,356.3
2026-05-13T18:36:52,9.8,1270,7941,0,3,100.00,29,6.8,356.3
2026-05-13T18:36:57,10.7,1276,7941,0,3,100.00,37,6.7,356.3
2026-05-13T18:37:03,11.0,1275,7941,0,3,100.00,24,7.4,356.3
2026-05-13T18:37:08,10.7,1264,7941,0,3,100.00,29,7.0,356.3
2026-05-13T18:37:13,9.2,1267,7941,0,4,100.00,25,6.0,356.3
2026-05-13T18:37:18,10.3,1268,7941,0,4,100.00,26,6.6,356.3
2026-05-13T18:37:24,13.8,1277,7941,0,5,100.00,38,6.0,356.3
2026-05-13T18:37:29,19.8,1275,7941,0,5,100.00,26,7.1,356.3
2026-05-13T18:37:34,12.3,1272,7941,0,4,100.00,35,7.3,356.3
2026-05-13T18:37:39,15.5,1274,7941,0,4,100.00,20,6.6,356.3
2026-05-13T18:37:45,8.4,1272,7941,0,4,100.00,29,5.2,356.3
2026-05-13T18:37:50,14.3,1274,7941,0,4,100.00,25,5.8,356.3
2026-05-13T18:37:55,12.3,1274,7941,0,5,100.00,30,5.9,356.3
2026-05-13T18:38:00,12.4,1278,7941,0,5,100.00,25,6.0,356.3
2026-05-13T18:38:06,11.2,1269,7941,0,5,100.00,45,6.0,356.3
2026-05-13T18:38:11,8.4,1265,7941,0,5,100.00,19,5.9,356.3
2026-05-13T18:38:16,10.1,1268,7941,0,3,100.00,35,6.3,356.3
2026-05-13T18:38:21,8.4,1267,7941,0,3,100.00,20,5.5,356.3
2026-05-13T18:38:26,13.1,1267,7941,0,4,100.00,34,6.5,356.3
2026-05-13T18:38:32,8.6,1271,7941,0,4,100.00,29,5.7,356.3
2026-05-13T18:38:37,9.6,1265,7941,0,4,100.00,31,6.3,356.3
2026-05-13T18:38:42,9.4,1268,7941,0,3,100.00,33,5.9,356.3
2026-05-13T18:38:47,9.1,1267,7941,0,3,100.00,23,6.0,356.3
2026-05-13T18:38:53,9.1,1273,7941,0,3,100.00,28,5.9,356.3
2026-05-13T18:38:58,9.5,1268,7941,0,5,100.00,27,6.2,356.3
2026-05-13T18:39:03,12.0,1270,7941,0,5,100.00,27,10.9,356.3
2026-05-13T18:39:09,11.5,1265,7941,0,4,100.00,31,7.5,356.3
2026-05-13T18:39:14,12.2,1266,7941,0,4,100.00,38,5.3,356.3
2026-05-13T18:39:19,8.7,1266,7941,0,4,100.00,31,5.8,356.3
2026-05-13T18:39:24,25.9,1274,7941,0,8,100.00,26,6.3,356.3
2026-05-13T18:39:29,36.7,1283,7941,0,8,100.00,40,5.3,356.3
2026-05-13T18:39:35,13.8,1276,7941,9,1,100.00,29,6.3,356.3
2026-05-13T18:39:40,44.2,1297,7941,0,10,100.00,35,5.9,356.3
2026-05-13T18:39:45,27.0,1281,7941,0,8,100.00,36,6.2,356.3
2026-05-13T18:39:51,25.4,1276,7941,0,6,100.00,35,6.3,356.3
2026-05-13T18:39:56,44.2,1287,7941,0,8,100.00,35,5.7,356.3
2026-05-13T18:40:01,15.6,1292,7941,0,8,100.00,30,7.3,356.3
2026-05-13T18:40:07,85.8,1289,7941,10,4,100.00,37,11.8,356.3
2026-05-13T18:40:12,23.5,1291,7941,0,11,100.00,30,8.2,356.3
2026-05-13T18:40:18,19.7,1273,7941,0,5,100.00,41,7.7,356.3
2026-05-13T18:40:23,11.6,1273,7941,0,5,100.00,23,7.8,356.3
2026-05-13T18:40:28,25.1,1279,7941,0,7,100.00,33,7.0,356.3
2026-05-13T18:40:33,9.3,1280,7941,0,7,100.00,26,6.5,356.3
2026-05-13T18:40:39,9.6,1262,7941,0,4,100.00,28,6.3,356.3
2026-05-13T18:40:44,9.8,1271,7941,0,3,100.00,31,6.2,356.3
2026-05-13T18:40:49,9.5,1272,7941,0,4,100.00,29,6.5,356.3
2026-05-13T18:40:54,10.8,1268,7941,0,4,100.00,27,7.1,356.3
2026-05-13T18:41:00,8.8,1272,7941,0,5,100.00,30,5.9,356.3
2026-05-13T18:41:05,11.6,1271,7941,0,5,100.00,37,7.8,356.3
2026-05-13T18:41:10,8.6,1275,7941,0,5,100.00,25,5.4,356.3
2026-05-13T18:41:15,8.5,1264,7941,0,3,100.00,28,5.5,356.3
2026-05-13T18:41:21,8.6,1269,7941,0,5,100.00,25,5.8,356.3
2026-05-13T18:41:26,9.2,1268,7941,1,4,100.00,37,5.5,356.3
2026-05-13T18:41:31,16.8,1277,7941,0,5,100.00,29,6.3,356.3
2026-05-13T18:41:36,10.4,1271,7941,1,4,100.00,38,5.7,356.3
2026-05-13T18:41:42,11.4,1270,7941,0,4,100.00,31,5.2,356.3
2026-05-13T18:41:47,14.4,1271,7941,0,5,100.00,33,5.5,356.3
2026-05-13T18:41:52,11.2,1273,7941,0,5,100.00,27,6.3,356.3
2026-05-13T18:41:57,16.1,1269,7941,0,5,100.00,38,5.1,356.3
2026-05-13T18:42:02,9.9,1276,7941,0,5,100.00,21,6.4,356.3
2026-05-13T18:42:08,8.6,1276,7941,0,5,100.00,29,5.5,356.3
2026-05-13T18:42:13,11.9,1283,7941,0,5,100.00,22,4.7,356.3
2026-05-13T18:42:18,8.4,1277,7941,0,4,100.00,36,5.5,356.3
2026-05-13T18:42:23,8.1,1270,7941,1,3,100.00,31,5.2,356.3
2026-05-13T18:42:29,11.8,1271,7941,0,4,100.00,28,5.4,356.3
2026-05-13T18:42:34,8.5,1279,7941,0,4,100.00,38,5.7,356.3
2026-05-13T18:42:39,8.2,1275,7941,0,5,100.00,26,4.8,356.3
2026-05-13T18:42:44,8.5,1272,7941,0,5,100.00,25,5.3,356.3
2026-05-13T18:42:49,7.5,1267,7941,0,3,100.00,21,5.1,356.3
2026-05-13T18:42:55,8.4,1265,7941,0,3,100.00,33,5.5,356.3
2026-05-13T18:43:00,8.3,1268,7941,0,3,100.00,24,5.8,356.3
2026-05-13T18:43:05,10.2,1262,7941,0,4,100.00,31,6.8,356.3
2026-05-13T18:43:10,8.1,1265,7941,0,4,100.00,27,5.3,356.3
2026-05-13T18:43:16,8.1,1267,7941,0,4,100.00,31,5.1,356.3
2026-05-13T18:43:21,7.9,1274,7941,0,4,100.00,17,5.2,356.3
2026-05-13T18:43:26,8.9,1275,7941,0,5,100.00,38,5.8,356.3
2026-05-13T18:43:31,11.8,1274,7941,3,3,100.00,31,5.5,356.3
2026-05-13T18:43:36,12.1,1267,7941,0,5,100.00,29,5.0,356.3
2026-05-13T18:43:42,10.1,1274,7941,0,5,100.00,31,5.8,356.3
2026-05-13T18:43:47,12.8,1271,7941,0,4,100.00,29,5.1,356.3
2026-05-13T18:43:52,10.7,1265,7941,0,4,100.00,21,5.5,356.3
2026-05-13T18:43:57,16.7,1265,7941,0,4,100.00,34,5.5,356.3
2026-05-13T18:44:02,11.2,1268,7941,0,4,100.00,27,6.0,356.3
2026-05-13T18:44:08,9.2,1274,7941,0,4,100.00,29,5.5,356.3
2026-05-13T18:44:13,11.2,1274,7941,0,5,100.00,35,4.9,356.3
2026-05-13T18:44:18,11.3,1274,7941,0,5,100.00,35,5.5,356.3
2026-05-13T18:44:23,8.4,1276,7941,0,5,100.00,26,5.5,356.3
2026-05-13T18:44:29,11.0,1278,7941,0,5,100.00,41,5.7,356.3
2026-05-13T18:44:34,9.4,1277,7941,0,5,100.00,40,5.6,356.3
2026-05-13T18:44:39,9.1,1272,7941,0,5,100.00,20,5.7,356.3
2026-05-13T18:44:44,9.4,1268,7941,0,4,100.00,44,6.1,356.3
2026-05-13T18:44:49,8.4,1272,7941,0,5,100.00,26,5.3,356.3
2026-05-13T18:44:55,8.4,1272,7941,0,5,100.00,27,5.5,356.3
2026-05-13T18:45:00,8.3,1274,7941,0,4,100.00,30,5.5,356.3
2026-05-13T18:45:05,13.7,1269,7941,0,5,100.00,31,11.6,356.3
2026-05-13T18:45:10,8.9,1269,7941,0,5,100.00,27,5.9,356.3
2026-05-13T18:45:16,8.7,1274,7941,3,4,100.00,29,5.7,356.3
2026-05-13T18:45:21,12.7,1281,7941,0,4,100.00,23,5.2,356.3
2026-05-13T18:45:26,8.9,1268,7941,0,4,100.00,40,5.8,356.3
2026-05-13T18:45:31,19.4,1281,7941,5,5,100.00,24,5.1,356.3
2026-05-13T18:45:37,30.9,1285,7941,0,8,100.00,42,5.9,356.3
2026-05-13T18:45:42,13.1,1280,7941,0,8,100.00,36,5.0,356.3
2026-05-13T18:45:47,22.2,1276,7941,3,5,100.00,38,5.1,356.3
2026-05-13T18:45:52,33.5,1277,7941,0,5,100.00,32,6.0,356.3
2026-05-13T18:45:58,28.7,1280,7941,2,4,100.00,40,5.4,356.3
2026-05-13T18:46:03,37.0,1279,7941,0,8,100.00,27,6.2,356.3
2026-05-13T18:46:08,26.6,1280,7941,0,9,100.00,27,5.7,356.3
2026-05-13T18:46:13,19.0,1285,7941,4,7,100.00,36,5.2,356.3
2026-05-13T18:46:19,21.0,1281,7941,0,7,100.00,32,5.2,356.3
2026-05-13T18:46:24,8.5,1279,7941,0,7,100.00,36,5.5,356.3
2026-05-13T18:46:29,7.8,1278,7941,0,5,100.00,31,4.9,356.3
2026-05-13T18:46:34,20.1,1277,7941,0,5,100.00,34,5.8,356.3
2026-05-13T18:46:40,12.9,1279,7941,0,5,100.00,21,4.8,356.3
2026-05-13T18:46:45,7.9,1281,7941,0,5,100.00,34,4.9,356.3
2026-05-13T18:46:50,7.7,1270,7941,0,4,100.00,32,5.0,356.3
2026-05-13T18:46:55,7.8,1272,7941,0,4,100.00,29,4.9,356.3
2026-05-13T18:47:00,8.5,1276,7941,0,4,100.00,24,5.8,356.3
2026-05-13T18:47:06,9.2,1264,7941,0,3,100.00,26,6.2,356.3
2026-05-13T18:47:11,7.2,1268,7941,0,5,100.00,21,4.6,356.3
2026-05-13T18:47:16,7.7,1266,7941,0,5,100.00,31,4.8,356.3
2026-05-13T18:47:21,7.8,1274,7941,0,5,100.00,24,5.2,356.3
2026-05-13T18:47:26,8.7,1271,7941,0,3,100.00,31,5.1,356.3
2026-05-13T18:47:32,10.1,1276,7941,0,4,100.00,30,5.8,356.3
2026-05-13T18:47:37,14.4,1278,7941,0,4,100.00,36,5.1,356.3
2026-05-13T18:47:42,10.5,1277,7941,0,4,100.00,28,5.3,356.3
2026-05-13T18:47:47,15.5,1275,7941,0,5,100.00,30,5.2,356.3
2026-05-13T18:47:53,10.2,1275,7941,0,5,100.00,25,5.6,356.3
2026-05-13T18:47:58,14.8,1272,7941,0,5,100.00,39,5.1,356.3
2026-05-13T18:48:03,12.8,1276,7941,0,5,100.00,27,7.0,356.3
2026-05-13T18:48:08,9.7,1279,7941,0,5,100.00,35,5.8,356.3
2026-05-13T18:48:13,9.8,1280,7941,0,5,100.00,28,5.5,356.3
2026-05-13T18:48:19,17.2,1280,7941,1,6,100.00,29,5.1,356.3
2026-05-13T18:48:24,8.9,1281,7941,0,7,100.00,30,5.4,356.3
2026-05-13T18:48:29,7.2,1261,7941,0,3,100.00,25,4.8,356.3
2026-05-13T18:48:34,11.1,1270,7941,0,4,100.00,33,5.5,356.3
2026-05-13T18:48:39,8.4,1275,7941,0,4,100.00,22,5.3,356.3
2026-05-13T18:48:45,8.9,1270,7941,0,5,100.00,28,5.2,356.3
2026-05-13T18:48:50,8.5,1275,7941,0,5,100.00,32,5.5,356.3
2026-05-13T18:48:55,7.7,1268,7941,0,3,100.00,32,5.1,356.3
2026-05-13T18:49:00,8.2,1270,7941,0,4,100.00,24,5.2,356.3
2026-05-13T18:49:06,10.1,1270,7941,0,4,100.00,31,6.9,356.3
2026-05-13T18:49:11,8.2,1274,7941,0,4,100.00,27,5.6,356.3
2026-05-13T18:49:16,8.2,1272,7941,0,4,100.00,37,5.3,356.3
2026-05-13T18:49:21,7.8,1272,7941,0,3,100.00,24,5.1,356.3
2026-05-13T18:49:26,8.1,1264,7941,0,3,100.00,34,5.2,356.3
2026-05-13T18:49:32,8.4,1268,7941,0,3,100.00,37,5.5,356.3
2026-05-13T18:49:37,18.9,1273,7941,0,6,100.00,36,5.5,356.3
2026-05-13T18:49:42,8.6,1276,7941,0,6,100.00,28,4.8,356.3
2026-05-13T18:49:47,11.2,1274,7941,0,5,100.00,36,5.3,356.3
2026-05-13T18:49:53,9.6,1272,7941,0,5,100.00,28,4.6,356.3
2026-05-13T18:49:58,11.1,1268,7941,1,4,100.00,35,5.3,356.3
2026-05-13T18:50:03,15.9,1272,7941,0,5,100.00,24,8.9,356.3
2026-05-13T18:50:08,13.9,1266,7941,0,4,100.00,39,7.5,356.3
2026-05-13T18:50:14,11.2,1272,7941,0,4,100.00,34,6.0,356.3
2026-05-13T18:50:19,9.4,1270,7941,0,4,100.00,18,5.9,356.3
2026-05-13T18:50:24,13.0,1271,7941,0,4,100.00,34,5.3,356.3
2026-05-13T18:50:29,7.7,1268,7941,0,5,100.00,20,5.3,356.3
2026-05-13T18:50:35,8.5,1268,7941,1,4,100.00,33,4.8,356.3
2026-05-13T18:50:40,11.2,1267,7941,0,4,100.00,26,5.8,356.3
2026-05-13T18:50:45,10.1,1265,7941,0,5,100.00,26,6.0,356.3
2026-05-13T18:50:50,8.9,1277,7941,0,5,100.00,24,6.1,356.3
2026-05-13T18:50:55,9.0,1272,7941,0,3,100.00,36,6.0,356.3
2026-05-13T18:51:01,8.9,1270,7941,0,3,100.00,21,5.9,356.3
2026-05-13T18:51:06,11.3,1276,7941,0,4,100.00,25,8.8,356.3
2026-05-13T18:51:11,8.7,1273,7941,0,4,100.00,24,6.0,356.3
2026-05-13T18:51:16,8.1,1275,7941,0,3,100.00,22,5.1,356.3
2026-05-13T18:51:22,13.4,1284,7941,0,4,100.00,24,5.7,356.3
2026-05-13T18:51:27,8.7,1278,7941,0,4,100.00,31,5.7,356.3
2026-05-13T18:51:32,8.6,1278,7941,0,5,100.00,20,5.9,356.3
2026-05-13T18:51:37,34.5,1284,7941,0,6,100.00,36,5.9,356.3
2026-05-13T18:51:43,22.8,1278,7941,0,6,100.00,26,5.2,356.3
2026-05-13T18:51:48,9.5,1271,7941,0,5,100.00,33,6.5,356.3
2026-05-13T18:51:53,40.7,1283,7941,0,6,100.00,22,5.3,356.3
2026-05-13T18:51:58,19.7,1283,7941,0,6,100.00,39,6.2,356.3
2026-05-13T18:52:03,39.9,1284,7941,4,6,100.00,34,6.7,356.3
2026-05-13T18:52:09,22.9,1286,7941,0,8,100.00,37,5.5,356.3
2026-05-13T18:52:14,34.5,1287,7941,5,4,100.00,35,5.7,356.3
2026-05-13T18:52:19,20.3,1293,7941,0,8,100.00,22,5.1,356.3
2026-05-13T18:52:25,19.1,1281,7941,0,5,100.00,43,5.4,356.3
2026-05-13T18:52:30,15.9,1283,7941,0,5,100.00,23,5.7,356.3
2026-05-13T18:52:35,9.1,1276,7941,0,5,100.00,30,5.6,356.3
2026-05-13T18:52:40,15.4,1283,7941,0,5,100.00,25,5.7,356.3
2026-05-13T18:52:46,18.1,1272,7941,0,5,100.00,30,5.1,356.3
2026-05-13T18:52:51,8.0,1271,7941,0,5,100.00,22,5.2,356.3
2026-05-13T18:52:56,9.8,1280,7941,0,5,100.00,33,6.0,356.3
2026-05-13T18:53:01,11.4,1302,7941,0,5,100.00,28,5.9,356.3
2026-05-13T18:53:07,9.6,1286,7941,0,4,100.00,30,5.9,356.3
2026-05-13T18:53:12,7.6,1290,7941,0,4,100.00,25,5.0,356.3
2026-05-13T18:53:17,9.7,1290,7941,0,5,100.00,34,6.5,356.4
2026-05-13T18:53:22,8.7,1292,7941,0,5,100.00,29,5.7,356.4
2026-05-13T18:53:27,8.6,1280,7941,0,5,100.00,39,5.6,356.5
2026-05-13T18:53:33,8.4,1286,7941,0,5,100.00,27,5.7,356.5
2026-05-13T18:53:38,10.1,1282,7941,0,5,100.00,25,5.1,356.5
2026-05-13T18:53:43,16.6,1293,7941,0,4,100.00,35,5.9,356.5
2026-05-13T18:53:48,8.5,1274,7941,0,4,100.00,25,5.4,356.5
2026-05-13T18:53:54,9.6,1275,7941,1,3,100.00,29,5.5,356.5
2026-05-13T18:53:59,14.7,1278,7941,0,4,100.00,32,5.7,356.5
2026-05-13T18:54:04,30.0,1303,7941,1,10,100.00,34,9.0,361.7
2026-05-13T18:54:09,13.3,1304,7941,0,11,100.00,34,5.9,361.8
2026-05-13T18:54:15,9.6,1278,7941,0,4,100.00,36,6.0,361.8
2026-05-13T18:54:20,10.7,1282,7941,1,3,100.00,30,5.8,361.8
2026-05-13T18:54:25,10.4,1282,7941,1,3,100.00,38,6.7,361.8
2026-05-13T18:54:30,11.3,1278,7941,0,4,100.00,28,6.6,361.8
2026-05-13T18:54:35,12.4,1279,7941,0,4,100.00,38,6.2,361.8
2026-05-13T18:54:41,8.7,1280,7941,0,5,100.00,21,5.9,361.8
2026-05-13T18:54:46,13.8,1281,7941,0,5,100.00,27,5.9,361.8
2026-05-13T18:54:51,8.9,1285,7941,0,5,100.00,34,5.9,361.8
2026-05-13T18:54:56,10.0,1278,7941,0,4,100.00,41,7.0,361.8
2026-05-13T18:55:02,10.4,1277,7941,0,3,100.00,24,9.1,361.8
2026-05-13T18:55:07,12.9,1276,7941,0,3,100.00,37,10.2,361.8
2026-05-13T18:55:13,8.4,1293,7941,0,4,100.00,16,5.4,361.8
2026-05-13T18:55:18,9.3,1279,7941,0,4,100.00,36,6.0,361.8
2026-05-13T18:55:23,9.0,1282,7941,0,5,100.00,27,5.7,361.8
2026-05-13T18:55:28,7.9,1277,7941,0,5,100.00,26,5.0,361.8
2026-05-13T18:55:34,8.6,1279,7941,0,5,100.00,24,5.8,361.8
2026-05-13T18:55:39,8.3,1279,7941,0,5,100.00,29,5.3,361.8
2026-05-13T18:55:44,16.3,1276,7941,0,5,100.00,30,5.9,361.8
2026-05-13T18:55:49,18.5,1285,7941,0,5,100.00,36,5.9,361.8
2026-05-13T18:55:54,10.8,1280,7941,0,5,100.00,38,6.3,361.8
2026-05-13T18:56:00,13.2,1280,7941,1,4,100.00,27,7.4,361.8
2026-05-13T18:56:05,16.0,1282,7941,0,5,100.00,34,7.0,361.8
2026-05-13T18:56:10,15.0,1281,7941,0,5,100.00,21,5.9,361.8
2026-05-13T18:56:16,9.6,1279,7941,0,4,100.00,36,6.2,361.8
2026-05-13T18:56:21,10.6,1284,7941,0,4,100.00,28,5.8,361.8
2026-05-13T18:56:26,10.5,1277,7941,0,4,100.00,34,5.8,361.8
2026-05-13T18:56:31,9.2,1282,7941,0,5,100.00,23,6.1,361.8
2026-05-13T18:56:37,15.1,1282,7941,0,5,100.00,28,5.5,361.8
2026-05-13T18:56:42,8.3,1287,7941,0,5,100.00,29,5.7,361.8
2026-05-13T18:56:47,12.8,1279,7941,0,4,100.00,34,6.0,361.8
2026-05-13T18:56:52,9.2,1286,7941,0,4,100.00,20,5.8,361.8
2026-05-13T18:56:57,8.8,1280,7941,0,3,100.00,31,5.7,361.8
2026-05-13T18:57:03,10.0,1294,7941,0,5,100.00,18,6.8,361.8
2026-05-13T18:57:08,9.3,1281,7941,0,5,100.00,31,6.2,361.8
2026-05-13T18:57:13,10.1,1283,7941,0,4,100.00,35,6.8,361.8
2026-05-13T18:57:18,10.5,1282,7941,0,4,100.00,29,6.5,361.8
2026-05-13T18:57:24,10.1,1286,7941,0,5,100.00,33,6.8,361.8
2026-05-13T18:57:29,16.4,1292,7941,0,5,100.00,28,6.8,361.8
2026-05-13T18:57:34,10.6,1280,7941,0,5,100.00,31,7.0,361.8
2026-05-13T18:57:39,14.7,1286,7941,0,5,100.00,25,7.0,361.8
2026-05-13T18:57:45,27.5,1295,7941,0,5,100.00,28,7.0,361.8
2026-05-13T18:57:50,64.0,1311,7941,0,11,100.00,31,6.9,361.8
2026-05-13T18:57:55,17.3,1299,7941,0,11,100.00,34,7.1,361.8
2026-05-13T18:58:00,26.1,1287,7941,1,5,100.00,34,7.0,361.8
2026-05-13T18:58:06,36.8,1298,7941,5,5,100.00,43,8.1,361.9
2026-05-13T18:58:11,50.3,1301,7941,4,6,100.00,33,5.8,361.9
2026-05-13T18:58:17,35.3,1293,7941,0,8,100.00,26,6.3,361.9
2026-05-13T18:58:22,22.1,1303,7941,5,5,100.00,34,6.8,361.9
2026-05-13T18:58:27,32.7,1296,7941,0,7,100.00,32,7.1,361.9
2026-05-13T18:58:32,16.2,1290,7941,0,6,100.00,26,5.9,361.9
2026-05-13T18:58:38,10.1,1280,7941,0,5,100.00,26,6.7,361.9
2026-05-13T18:58:43,18.5,1290,7941,0,5,100.00,26,6.7,361.9
2026-05-13T18:58:48,21.8,1295,7941,0,5,100.00,35,5.9,361.9
2026-05-13T18:58:53,13.9,1291,7941,0,5,100.00,24,6.2,361.9
2026-05-13T18:58:59,9.7,1285,7941,0,5,100.00,25,6.4,361.9
2026-05-13T18:59:04,12.7,1279,7941,0,3,100.00,38,9.1,361.9
2026-05-13T18:59:09,9.8,1282,7941,0,3,100.00,22,6.8,361.9
2026-05-13T18:59:14,10.0,1281,7941,0,3,100.00,24,6.8,361.9
2026-05-13T18:59:20,10.0,1280,7941,0,3,100.00,36,6.8,361.9
2026-05-13T18:59:25,10.5,1280,7941,0,4,100.00,25,6.9,361.9
2026-05-13T18:59:30,10.1,1279,7941,0,4,100.00,32,7.0,361.9
2026-05-13T18:59:35,11.3,1285,7941,0,6,100.00,37,7.5,361.9
2026-05-13T18:59:41,10.3,1281,7941,0,6,100.00,33,6.5,361.9
2026-05-13T18:59:46,12.5,1282,7941,1,5,100.00,39,7.3,361.9
2026-05-13T18:59:51,18.2,1293,7941,0,6,100.00,23,6.0,362.0
2026-05-13T18:59:56,14.1,1284,7941,0,6,100.00,40,7.3,362.1
2026-05-13T19:00:02,11.0,1287,7941,1,5,100.00,23,8.4,362.1
2026-05-13T19:00:08,36.6,1322,7941,5,3,100.00,30,20.1,362.1
2026-05-13T19:00:14,59.9,1329,7941,1,10,100.00,39,17.3,362.1
2026-05-13T19:00:19,14.2,1323,7941,0,9,100.00,26,9.4,362.1
2026-05-13T19:00:24,13.6,1306,7941,0,4,100.00,39,8.2,362.1
2026-05-13T19:00:30,14.8,1306,7941,0,4,100.00,31,8.6,362.1
2026-05-13T19:00:35,14.7,1313,7941,0,5,100.00,25,7.0,362.2
2026-05-13T19:00:40,10.1,1319,7941,0,5,100.00,19,6.5,362.2
2026-05-13T19:00:46,18.7,1312,7941,0,5,100.00,27,6.2,362.2
2026-05-13T19:00:51,10.7,1309,7941,0,5,100.00,20,6.2,362.2
2026-05-13T19:00:56,10.0,1307,7941,0,4,100.00,27,5.9,362.2
2026-05-13T19:01:01,13.1,1320,7941,0,5,100.00,26,7.0,362.2
2026-05-13T19:01:07,10.9,1306,7941,0,5,100.00,34,7.0,362.2
2026-05-13T19:01:12,10.6,1310,7941,0,3,100.00,27,7.0,362.2
2026-05-13T19:01:17,10.4,1310,7941,0,3,100.00,29,7.0,362.2
2026-05-13T19:01:22,9.9,1311,7941,0,3,100.00,21,6.4,362.2
2026-05-13T19:01:28,9.9,1312,7941,0,5,100.00,27,6.6,362.2
2026-05-13T19:01:33,10.1,1317,7941,0,5,100.00,18,7.0,362.2
2026-05-13T19:01:38,9.9,1311,7941,0,3,100.00,30,6.3,362.2
2026-05-13T19:01:44,10.1,1310,7941,0,4,100.00,27,6.5,362.2
2026-05-13T19:01:49,12.7,1314,7941,0,5,100.00,26,7.1,362.2
2026-05-13T19:01:54,16.3,1318,7941,6,3,100.00,30,6.0,362.2
2026-05-13T19:01:59,24.8,1321,7941,0,7,100.00,30,6.8,362.2
2026-05-13T19:02:05,13.5,1312,7941,0,5,100.00,37,8.1,362.2
2026-05-13T19:02:10,9.2,1321,7941,1,4,100.00,27,5.9,362.3
2026-05-13T19:02:15,24.9,1320,7941,0,7,100.00,25,6.2,362.3
2026-05-13T19:02:20,9.9,1320,7941,1,6,100.00,26,5.7,362.3
2026-05-13T19:02:26,9.3,1311,7941,1,3,100.00,29,5.2,362.3
2026-05-13T19:02:31,11.5,1315,7941,0,4,100.00,31,6.0,362.3
2026-05-13T19:02:36,10.4,1309,7941,0,4,100.00,26,5.5,362.3
2026-05-13T19:02:41,7.6,1310,7941,0,4,100.00,22,5.0,362.3
2026-05-13T19:02:47,11.9,1309,7941,0,4,100.00,32,5.5,362.4
2026-05-13T19:02:52,8.3,1315,7941,0,4,100.00,23,5.0,362.4
2026-05-13T19:02:57,9.1,1324,7941,0,4,100.00,35,5.4,362.4
2026-05-13T19:03:02,13.8,1315,7941,0,4,100.00,19,7.2,362.4
2026-05-13T19:03:08,9.3,1314,7941,0,4,100.00,31,5.9,362.4
2026-05-13T19:03:13,8.3,1311,7941,0,5,100.00,30,5.3,362.4
2026-05-13T19:03:18,9.7,1314,7941,0,5,100.00,29,6.3,362.4
2026-05-13T19:03:23,9.0,1311,7941,0,5,100.00,29,5.7,362.4
2026-05-13T19:03:29,9.8,1315,7941,0,5,100.00,41,6.4,362.4
2026-05-13T19:03:34,8.6,1315,7941,0,5,100.00,39,5.7,362.4
2026-05-13T19:03:39,9.1,1321,7941,0,5,100.00,20,6.2,362.4
2026-05-13T19:03:44,23.1,1312,7941,0,6,100.00,37,6.3,362.4
2026-05-13T19:03:50,28.5,1330,7941,0,8,100.00,32,6.2,362.4
2026-05-13T19:03:55,9.4,1328,7941,0,8,100.00,34,6.2,362.4
2026-05-13T19:04:00,23.7,1325,7941,0,7,100.00,24,5.9,362.4
2026-05-13T19:04:05,50.3,1314,7941,0,10,100.00,37,7.0,362.4
2026-05-13T19:04:11,14.3,1300,7941,0,10,100.00,27,5.9,362.4
2026-05-13T19:04:16,54.7,1299,7941,4,5,100.00,49,5.3,362.4
2026-05-13T19:04:21,34.0,1303,7941,0,7,100.00,33,6.2,362.4
2026-05-13T19:04:26,25.3,1292,7941,0,7,100.00,39,5.9,362.4
2026-05-13T19:04:32,27.6,1297,7941,0,7,100.00,38,5.6,362.4
2026-05-13T19:04:37,22.2,1297,7941,0,7,100.00,40,7.2,362.4
2026-05-13T19:04:42,8.3,1300,7941,0,7,100.00,26,5.4,362.4
2026-05-13T19:04:47,9.7,1284,7941,0,4,100.00,41,6.0,362.4
2026-05-13T19:04:53,21.5,1280,7941,0,5,100.00,29,6.2,362.4
2026-05-13T19:04:58,14.1,1284,7941,0,5,100.00,28,6.0,362.4
2026-05-13T19:05:03,23.0,1284,7941,1,4,100.00,27,8.8,362.4
2026-05-13T19:05:09,11.5,1285,7941,0,5,100.00,33,6.8,362.4
2026-05-13T19:05:14,8.8,1285,7941,0,4,100.00,31,5.9,362.4
2026-05-13T19:05:19,9.6,1279,7941,0,4,100.00,28,6.0,362.4
2026-05-13T19:05:24,10.2,1273,7941,0,3,100.00,40,6.7,362.4
2026-05-13T19:05:30,9.4,1280,7941,0,4,100.00,20,6.5,362.4
2026-05-13T19:05:35,9.8,1287,7941,0,4,100.00,31,6.5,362.4
2026-05-13T19:05:40,8.8,1283,7941,0,3,100.00,20,5.9,362.4
2026-05-13T19:05:45,9.1,1284,7941,0,5,100.00,27,5.9,362.4
2026-05-13T19:05:51,8.3,1287,7941,1,4,100.00,31,5.3,362.4
2026-05-13T19:05:56,9.7,1287,7941,0,4,100.00,25,5.1,362.4
2026-05-13T19:06:01,16.7,1285,7941,1,4,100.00,24,6.7,362.4
2026-05-13T19:06:06,14.5,1282,7941,0,5,100.00,41,8.5,362.4
2026-05-13T19:06:12,8.4,1285,7941,0,5,100.00,32,5.5,362.4
2026-05-13T19:06:17,13.5,1286,7941,0,4,100.00,29,5.7,362.4
2026-05-13T19:06:22,18.2,1281,7941,0,5,100.00,27,5.9,362.4
2026-05-13T19:06:27,12.2,1283,7941,0,5,100.00,38,5.9,362.4
2026-05-13T19:06:33,11.5,1287,7941,0,5,100.00,25,6.2,362.4
2026-05-13T19:06:38,9.6,1277,7941,0,5,100.00,33,5.1,362.4
2026-05-13T19:06:43,8.9,1286,7941,0,5,100.00,29,5.9,362.4
2026-05-13T19:06:48,8.4,1275,7941,0,4,100.00,30,5.2,362.4
2026-05-13T19:06:54,11.5,1286,7941,0,4,100.00,20,5.5,362.4
2026-05-13T19:06:59,9.4,1282,7941,0,4,100.00,27,5.2,362.4
2026-05-13T19:07:04,11.6,1275,7941,0,4,100.00,29,7.5,362.4
2026-05-13T19:07:09,12.0,1285,7941,0,5,100.00,37,6.3,362.4
2026-05-13T19:07:14,8.7,1286,7941,0,5,100.00,35,5.6,362.4
2026-05-13T19:07:20,8.6,1292,7941,0,5,100.00,25,5.5,362.4
2026-05-13T19:07:25,9.2,1280,7941,0,3,100.00,32,5.8,362.4
2026-05-13T19:07:30,8.8,1280,7941,0,3,100.00,26,5.8,362.4
2026-05-13T19:07:35,9.1,1282,7941,0,4,100.00,30,5.9,362.4
2026-05-13T19:07:41,8.4,1285,7941,0,4,100.00,22,5.3,362.4
2026-05-13T19:07:46,8.9,1284,7941,0,5,100.00,27,5.8,362.4
2026-05-13T19:07:51,7.9,1287,7941,0,5,100.00,29,4.9,362.4
2026-05-13T19:07:56,11.1,1275,7941,0,4,100.00,29,5.5,362.4
2026-05-13T19:08:02,9.5,1280,7941,1,3,100.00,21,6.3,362.4
2026-05-13T19:08:07,18.7,1292,7941,0,5,100.00,28,6.3,362.4
2026-05-13T19:08:12,8.4,1287,7941,0,5,100.00,27,5.8,362.4
2026-05-13T19:08:17,10.8,1282,7941,0,5,100.00,31,5.7,362.4
2026-05-13T19:08:23,23.2,1286,7941,0,5,100.00,19,5.6,362.4
2026-05-13T19:08:28,11.1,1283,7941,0,5,100.00,35,6.2,362.4
2026-05-13T19:08:33,15.6,1285,7941,0,5,100.00,26,6.3,362.4
2026-05-13T19:08:38,11.8,1288,7941,0,5,100.00,41,6.6,362.4
2026-05-13T19:08:43,9.5,1283,7941,0,4,100.00,17,6.3,362.4
2026-05-13T19:08:49,10.7,1276,7941,0,4,100.00,32,7.2,362.4
2026-05-13T19:08:54,13.9,1280,7941,0,5,100.00,32,7.1,362.4
2026-05-13T19:08:59,10.3,1284,7941,0,5,100.00,19,6.7,362.4
2026-05-13T19:09:04,15.1,1284,7941,0,5,100.00,27,14.9,362.4
2026-05-13T19:09:10,26.0,1292,7941,1,6,100.00,31,9.7,362.4
2026-05-13T19:09:15,10.7,1291,7941,0,7,100.00,28,6.6,362.4
2026-05-13T19:09:21,9.2,1281,7941,0,3,100.00,36,6.0,362.4
2026-05-13T19:09:26,9.8,1279,7941,0,4,100.00,30,6.2,362.4
2026-05-13T19:09:31,9.8,1276,7941,0,4,100.00,30,6.6,362.4
2026-05-13T19:09:36,9.7,1278,7941,0,4,100.00,41,6.2,362.4
2026-05-13T19:09:42,9.5,1283,7941,0,4,100.00,28,6.5,362.4
2026-05-13T19:09:47,9.6,1279,7941,0,3,100.00,43,5.9,362.4
2026-05-13T19:09:52,8.8,1284,7941,0,5,100.00,24,6.0,362.4
2026-05-13T19:09:57,24.1,1285,7941,0,6,100.00,47,5.9,362.4
2026-05-13T19:10:03,18.1,1293,7941,4,4,100.00,27,10.1,362.4
2026-05-13T19:10:09,55.6,1300,7941,1,8,100.00,37,13.9,362.4
2026-05-13T19:10:14,14.1,1288,7941,0,7,100.00,26,8.1,362.4
2026-05-13T19:10:19,45.5,1295,7941,4,5,100.00,38,7.9,362.4
2026-05-13T19:10:25,66.7,1297,7941,0,7,100.00,39,8.8,362.4
2026-05-13T19:10:30,31.2,1297,7941,0,7,100.00,26,6.6,362.4
2026-05-13T19:10:35,60.7,1303,7941,0,11,100.00,29,7.6,362.4
2026-05-13T19:10:41,21.9,1307,7941,0,11,100.00,33,6.7,362.4
2026-05-13T19:10:46,10.7,1288,7941,1,4,100.00,37,6.8,362.4
2026-05-13T19:10:51,9.2,1280,7941,0,3,100.00,25,6.2,362.4
2026-05-13T19:10:56,17.3,1281,7941,0,5,100.00,28,6.4,362.4
2026-05-13T19:11:02,22.2,1282,7941,0,5,100.00,22,7.2,362.4
2026-05-13T19:11:07,15.9,1295,7941,0,5,100.00,32,6.9,362.4
2026-05-13T19:11:12,15.5,1283,7941,0,4,100.00,22,5.7,362.4
2026-05-13T19:11:18,10.7,1284,7941,0,4,100.00,29,7.1,362.4
2026-05-13T19:11:23,9.4,1276,7941,0,3,100.00,23,6.0,362.4
2026-05-13T19:11:28,10.4,1278,7941,0,3,100.00,27,6.7,362.4
2026-05-13T19:11:33,9.7,1286,7941,0,4,100.00,23,6.5,362.4
2026-05-13T19:11:39,9.9,1281,7941,0,4,100.00,32,6.3,362.4
2026-05-13T19:11:44,9.5,1286,7941,0,4,100.00,31,6.0,362.4
2026-05-13T19:11:49,9.9,1282,7941,0,4,100.00,31,6.3,362.4
2026-05-13T19:11:54,9.4,1280,7941,0,5,100.00,23,6.1,362.4
2026-05-13T19:12:00,11.3,1281,7941,0,5,100.00,27,6.3,362.4
2026-05-13T19:12:05,12.8,1276,7941,0,5,100.00,34,8.9,362.4
2026-05-13T19:12:10,18.5,1280,7941,0,5,100.00,30,6.2,362.4
2026-05-13T19:12:16,14.0,1287,7941,0,5,100.00,35,5.8,362.4
2026-05-13T19:12:21,11.4,1283,7941,0,5,100.00,25,6.0,362.4
2026-05-13T19:12:26,12.7,1279,7941,0,4,100.00,29,5.7,362.4
2026-05-13T19:12:31,9.5,1286,7941,0,4,100.00,22,5.5,362.4
2026-05-13T19:12:37,22.8,1282,7941,0,6,100.00,28,7.0,362.4
2026-05-13T19:12:42,12.5,1283,7941,0,6,100.00,26,6.3,362.4
2026-05-13T19:12:47,11.2,1282,7941,0,4,100.00,26,5.8,362.4
2026-05-13T19:12:52,10.1,1284,7941,0,5,100.00,28,6.8,362.4
2026-05-13T19:12:57,13.4,1276,7941,0,5,100.00,33,6.9,362.4
2026-05-13T19:13:03,12.0,1282,7941,0,4,100.00,25,8.5,362.4
2026-05-13T19:13:08,9.7,1280,7941,0,4,100.00,24,6.0,362.4
2026-05-13T19:13:13,11.6,1281,7941,0,5,100.00,22,7.0,362.4
2026-05-13T19:13:19,16.8,1278,7941,0,5,100.00,40,6.6,362.4
2026-05-13T19:13:24,10.7,1282,7941,0,5,100.00,36,7.1,362.4
2026-05-13T19:13:29,9.2,1286,7941,0,5,100.00,22,6.1,362.4
2026-05-13T19:13:34,9.2,1282,7941,0,5,100.00,31,6.3,362.4
2026-05-13T19:13:40,9.4,1278,7941,0,3,100.00,24,6.1,362.4
2026-05-13T19:13:45,9.7,1278,7941,0,3,100.00,33,6.3,362.4
2026-05-13T19:13:50,9.7,1273,7941,0,4,100.00,22,6.5,362.4
2026-05-13T19:13:55,9.9,1275,7941,0,5,100.00,31,6.5,362.4
2026-05-13T19:14:01,11.8,1283,7941,0,5,100.00,31,6.8,362.4
2026-05-13T19:14:06,11.8,1285,7941,0,5,100.00,27,7.8,362.4
2026-05-13T19:14:11,12.5,1273,7941,0,4,100.00,33,5.9,362.4
2026-05-13T19:14:16,15.3,1285,7941,0,6,100.00,33,6.2,362.4
2026-05-13T19:14:22,9.6,1291,7941,0,6,100.00,34,6.0,362.4
2026-05-13T19:14:27,13.2,1279,7941,0,4,100.00,37,5.7,362.4
2026-05-13T19:14:32,8.8,1284,7941,0,4,100.00,28,6.1,362.4
2026-05-13T19:14:37,19.7,1286,7941,0,5,100.00,42,6.8,362.4
2026-05-13T19:14:43,12.8,1281,7941,0,5,100.00,26,5.7,362.4
2026-05-13T19:14:48,8.9,1282,7941,0,5,100.00,40,5.3,362.4
2026-05-13T19:14:53,11.9,1286,7941,0,5,100.00,24,5.9,362.4
2026-05-13T19:14:58,12.0,1290,7941,0,5,100.00,28,5.6,362.4
2026-05-13T19:15:04,13.9,1286,7941,0,5,100.00,38,12.2,362.4
2026-05-13T19:15:09,11.7,1291,7941,0,5,100.00,32,8.2,362.4
2026-05-13T19:15:14,10.9,1271,7941,0,3,100.00,32,6.6,362.4
2026-05-13T19:15:20,9.9,1275,7941,0,5,100.00,36,6.6,362.4
2026-05-13T19:15:25,18.4,1281,7941,0,5,100.00,32,6.0,362.4
2026-05-13T19:15:30,9.0,1282,7941,0,5,100.00,30,6.0,362.4
2026-05-13T19:15:35,9.4,1284,7941,0,5,100.00,33,6.3,362.4
2026-05-13T19:15:41,9.4,1279,7941,2,1,100.00,26,6.2,362.4
2026-05-13T19:15:46,9.3,1281,7941,0,3,100.00,35,6.0,362.4
2026-05-13T19:15:51,8.6,1287,7941,0,3,100.00,27,5.8,362.4
2026-05-13T19:15:56,8.8,1288,7941,0,4,100.00,25,5.7,362.4
2026-05-13T19:16:01,22.7,1291,7941,0,6,100.00,25,7.1,362.4
2026-05-13T19:16:07,25.5,1283,7941,0,6,100.00,39,6.5,362.4
2026-05-13T19:16:12,20.4,1287,7941,0,5,100.00,23,6.1,362.4
2026-05-13T19:16:17,30.9,1292,7941,0,8,100.00,33,5.7,362.4
2026-05-13T19:16:23,15.4,1293,7941,0,8,100.00,30,6.0,362.4
2026-05-13T19:16:28,32.4,1288,7941,4,3,100.00,43,6.2,362.4
2026-05-13T19:16:33,25.7,1305,7941,0,7,100.00,31,5.6,362.4
2026-05-13T19:16:38,31.2,1291,7941,7,3,100.00,39,6.1,362.4
2026-05-13T19:16:44,47.5,1298,7941,0,8,100.00,34,5.5,362.4
2026-05-13T19:16:49,15.8,1289,7941,0,8,100.00,33,5.5,362.4
2026-05-13T19:16:54,15.5,1278,7941,0,5,100.00,32,5.9,362.4
2026-05-13T19:16:59,17.4,1284,7941,0,5,100.00,29,6.2,362.4
2026-05-13T19:17:05,15.0,1296,7941,7,3,100.00,33,7.0,362.4
2026-05-13T19:17:10,18.1,1300,7941,0,7,100.00,25,6.3,362.4
2026-05-13T19:17:15,15.3,1283,7941,0,5,100.00,36,6.2,362.4
2026-05-13T19:17:20,9.1,1290,7941,0,5,100.00,29,6.2,362.4
2026-05-13T19:17:26,19.3,1284,7941,0,5,100.00,31,5.8,362.4
2026-05-13T19:17:31,9.2,1289,7941,0,5,100.00,22,5.9,362.4
2026-05-13T19:17:36,8.4,1290,7941,0,5,100.00,30,5.3,362.4
2026-05-13T19:17:41,9.0,1292,7941,0,4,100.00,22,6.0,362.4
2026-05-13T19:17:47,9.0,1277,7941,0,4,100.00,29,5.9,362.4
2026-05-13T19:17:52,8.4,1285,7941,0,5,100.00,25,5.7,362.4
2026-05-13T19:17:57,9.2,1283,7941,0,5,100.00,30,6.0,362.4
2026-05-13T19:18:02,13.3,1288,7941,0,5,100.00,25,8.1,362.4
2026-05-13T19:18:08,10.3,1288,7941,0,4,100.00,34,6.8,362.4
2026-05-13T19:18:13,9.6,1291,7941,0,4,100.00,25,6.6,362.4
2026-05-13T19:18:18,19.6,1284,7941,0,5,100.00,37,6.2,362.4
2026-05-13T19:18:23,9.9,1291,7941,0,5,100.00,20,6.2,362.4
2026-05-13T19:18:28,11.7,1287,7941,0,5,100.00,33,5.9,362.4
2026-05-13T19:18:34,11.8,1288,7941,0,6,100.00,29,6.0,362.4
2026-05-13T19:18:39,13.6,1285,7941,1,5,100.00,22,5.5,362.4
2026-05-13T19:18:44,17.2,1280,7941,0,6,100.00,30,5.9,362.4
2026-05-13T19:18:49,10.2,1288,7941,0,6,100.00,24,5.5,362.4
2026-05-13T19:18:55,10.9,1279,7941,0,4,100.00,31,6.0,362.4
2026-05-13T19:19:00,11.1,1277,7941,1,3,100.00,30,5.9,362.4
2026-05-13T19:19:05,13.6,1280,7941,0,4,100.00,23,7.6,362.4
2026-05-13T19:19:10,10.2,1279,7941,0,4,100.00,35,6.4,362.4
2026-05-13T19:19:16,9.9,1290,7941,0,4,100.00,29,6.2,362.4
2026-05-13T19:19:21,9.0,1283,7941,0,4,100.00,29,5.8,362.4
2026-05-13T19:19:26,12.1,1285,7941,0,4,100.00,37,5.9,362.4
2026-05-13T19:19:31,9.5,1280,7941,0,4,100.00,28,6.5,362.4
2026-05-13T19:19:37,8.4,1286,7941,0,5,100.00,28,5.2,362.4
2026-05-13T19:19:42,8.1,1285,7941,0,5,100.00,24,5.2,362.4
2026-05-13T19:19:47,9.2,1285,7941,0,5,100.00,41,6.1,362.4
2026-05-13T19:19:52,8.6,1281,7941,0,5,100.00,32,5.9,362.4
2026-05-13T19:19:57,8.0,1277,7941,0,5,100.00,28,5.0,362.4
2026-05-13T19:20:03,11.1,1286,7941,0,4,100.00,28,9.6,362.4
2026-05-13T19:20:08,16.7,1286,7941,0,5,100.00,29,10.6,362.4
2026-05-13T19:20:14,11.2,1290,7941,0,5,100.00,34,7.4,362.4
2026-05-13T19:20:19,21.3,1295,7941,0,5,100.00,26,7.1,362.4
2026-05-13T19:20:24,11.6,1285,7941,0,5,100.00,30,7.5,362.4
2026-05-13T19:20:29,12.5,1285,7941,0,4,100.00,37,6.8,362.4
2026-05-13T19:20:35,12.8,1283,7941,0,4,100.00,32,6.3,362.4
2026-05-13T19:20:40,10.7,1284,7941,0,4,100.00,23,5.6,362.4
2026-05-13T19:20:45,15.0,1280,7941,0,5,100.00,32,6.0,362.4
2026-05-13T19:20:50,14.3,1286,7941,0,5,100.00,26,6.8,362.4
2026-05-13T19:20:56,8.5,1275,7941,1,3,100.00,36,5.3,362.4
2026-05-13T19:21:01,11.7,1282,7941,1,3,100.00,26,7.0,362.4
2026-05-13T19:21:06,16.1,1282,7941,0,5,100.00,26,7.7,362.4
2026-05-13T19:21:12,11.3,1282,7941,0,5,100.00,25,7.1,362.4
2026-05-13T19:21:17,9.8,1280,7941,0,4,100.00,34,6.3,362.4
2026-05-13T19:21:22,9.5,1287,7941,0,4,100.00,17,5.7,362.4
2026-05-13T19:21:27,11.4,1279,7941,0,4,100.00,30,5.5,362.4
2026-05-13T19:21:32,9.0,1287,7941,0,4,100.00,24,5.9,362.4
2026-05-13T19:21:38,9.3,1286,7941,1,3,100.00,27,6.2,362.4
2026-05-13T19:21:43,8.6,1281,7941,0,4,100.00,22,5.7,362.4
2026-05-13T19:21:48,9.9,1281,7941,0,4,100.00,33,6.6,362.4
2026-05-13T19:21:53,8.7,1284,7941,0,4,100.00,30,5.8,362.4
2026-05-13T19:21:59,8.6,1281,7941,0,4,100.00,28,5.4,362.4
2026-05-13T19:22:04,11.0,1278,7941,0,4,100.00,29,7.3,362.4
2026-05-13T19:22:09,27.5,1292,7941,0,7,100.00,28,6.2,362.4
2026-05-13T19:22:14,12.8,1294,7941,0,7,100.00,30,5.7,362.4
2026-05-13T19:22:20,28.2,1292,7941,0,6,100.00,34,5.9,362.4
2026-05-13T19:22:25,18.5,1298,7941,0,6,100.00,41,5.9,362.4
2026-05-13T19:22:30,23.8,1291,7941,0,5,100.00,24,5.1,362.4
2026-05-13T19:22:35,34.2,1299,7941,1,8,100.00,35,5.7,362.4
2026-05-13T19:22:41,25.4,1294,7941,0,9,100.00,28,5.5,362.4
2026-05-13T19:22:46,28.8,1289,7941,0,7,100.00,46,6.2,362.4
2026-05-13T19:22:51,37.6,1298,7941,0,10,100.00,34,5.7,362.4
2026-05-13T19:22:56,8.5,1307,7941,4,8,100.00,37,5.6,362.4
2026-05-13T19:23:02,15.5,1297,7941,0,7,100.00,38,6.8,362.4
2026-05-13T19:23:07,19.9,1286,7941,0,5,100.00,34,5.1,362.4
2026-05-13T19:23:12,7.9,1286,7941,0,5,100.00,23,5.4,362.4
2026-05-13T19:23:17,13.5,1286,7941,0,4,100.00,32,5.1,362.4
2026-05-13T19:23:22,13.7,1287,7941,0,6,100.00,36,5.5,362.4
2026-05-13T19:23:28,16.9,1293,7941,0,6,100.00,35,5.9,362.4
2026-05-13T19:23:33,8.9,1289,7941,0,5,100.00,23,5.9,362.4
2026-05-13T19:23:38,8.0,1287,7941,0,5,100.00,29,5.2,362.4
2026-05-13T19:23:43,7.8,1294,7941,0,5,100.00,24,5.3,362.4
2026-05-13T19:23:49,8.7,1285,7941,0,5,100.00,21,5.9,362.4
2026-05-13T19:23:54,7.9,1280,7941,0,3,100.00,37,5.0,362.4
2026-05-13T19:23:59,8.2,1282,7941,0,3,100.00,27,5.5,362.4
2026-05-13T19:24:04,10.1,1279,7941,0,5,100.00,21,6.8,362.4
2026-05-13T19:24:10,11.0,1284,7941,0,5,100.00,27,6.3,362.4
2026-05-13T19:24:15,9.2,1281,7941,0,4,100.00,37,6.1,362.4
2026-05-13T19:24:20,9.2,1284,7941,0,4,100.00,21,5.0,362.4
2026-05-13T19:24:25,9.9,1287,7941,0,5,100.00,40,6.4,362.4
2026-05-13T19:24:30,14.3,1287,7941,0,4,100.00,25,4.9,362.4
2026-05-13T19:24:36,9.7,1280,7941,0,4,100.00,33,5.7,362.4
2026-05-13T19:24:41,19.5,1281,7941,0,6,100.00,38,5.7,362.4
2026-05-13T19:24:46,13.4,1283,7941,1,5,100.00,38,5.1,362.4
2026-05-13T19:24:51,12.6,1283,7941,0,5,100.00,34,5.2,362.4
2026-05-13T19:24:57,11.0,1276,7941,0,4,100.00,35,6.1,362.4
2026-05-13T19:25:02,11.5,1288,7941,0,4,100.00,39,7.4,362.4
2026-05-13T19:25:07,14.8,1289,7941,0,5,100.00,27,8.5,362.4
2026-05-13T19:25:13,8.4,1288,7941,0,5,100.00,29,5.7,362.4
2026-05-13T19:25:18,9.3,1283,7941,0,5,100.00,31,5.2,362.4
2026-05-13T19:25:23,9.0,1287,7941,0,5,100.00,26,5.9,362.4
2026-05-13T19:25:28,9.1,1283,7941,0,4,100.00,37,5.5,362.4
2026-05-13T19:25:33,10.9,1284,7941,0,4,100.00,21,5.7,362.4
2026-05-13T19:25:39,8.7,1280,7941,0,4,100.00,28,6.0,362.4
2026-05-13T19:25:44,8.5,1278,7941,0,3,100.00,32,5.5,362.4
2026-05-13T19:25:49,8.4,1287,7941,0,5,100.00,29,5.7,362.4
2026-05-13T19:25:54,7.4,1292,7941,0,5,100.00,28,4.7,362.4
2026-05-13T19:26:00,8.1,1277,7941,0,3,100.00,30,5.4,362.4
2026-05-13T19:26:05,10.0,1277,7941,0,5,100.00,30,6.5,362.4
2026-05-13T19:26:10,10.0,1293,7941,0,5,100.00,26,5.7,362.4
2026-05-13T19:26:15,8.9,1282,7941,0,4,100.00,30,5.6,362.4
2026-05-13T19:26:21,10.2,1283,7941,0,4,100.00,25,5.4,362.4
2026-05-13T19:26:26,8.4,1284,7941,0,4,100.00,33,5.3,362.4
2026-05-13T19:26:31,27.2,1293,7941,0,6,100.00,25,5.1,362.4
2026-05-13T19:26:36,9.6,1293,7941,0,6,100.00,33,5.2,362.4
2026-05-13T19:26:41,12.1,1281,7941,0,5,100.00,29,5.8,362.4
2026-05-13T19:26:47,11.1,1287,7941,0,5,100.00,27,5.9,362.4
2026-05-13T19:26:52,12.9,1289,7941,1,4,100.00,28,5.2,362.4
2026-05-13T19:26:57,12.4,1291,7941,0,5,100.00,33,5.5,362.4
2026-05-13T19:27:02,12.5,1293,7941,0,5,100.00,21,7.0,362.4
2026-05-13T19:27:07,9.0,1280,7941,1,3,100.00,28,5.9,362.4
2026-05-13T19:27:13,12.4,1281,7941,0,4,100.00,33,6.5,362.4
2026-05-13T19:27:18,8.5,1282,7941,0,4,100.00,28,5.3,362.4
2026-05-13T19:27:23,9.2,1282,7941,0,3,100.00,21,5.8,362.4
2026-05-13T19:27:28,9.3,1286,7941,0,5,100.00,30,6.0,362.4
2026-05-13T19:27:34,11.4,1283,7941,1,4,100.00,38,5.6,362.4
2026-05-13T19:27:39,10.9,1288,7941,0,5,100.00,32,6.5,362.4
2026-05-13T19:27:44,9.3,1279,7941,0,4,100.00,31,5.9,362.4
2026-05-13T19:27:49,9.5,1280,7941,0,3,100.00,24,6.4,362.4
2026-05-13T19:27:55,9.6,1278,7941,0,3,100.00,28,6.3,362.4
2026-05-13T19:28:00,9.1,1278,7941,0,3,100.00,21,6.1,362.4
2026-05-13T19:28:05,10.7,1279,7941,0,3,100.00,24,6.7,362.4
2026-05-13T19:28:10,15.7,1286,7941,0,5,100.00,26,6.7,362.4
2026-05-13T19:28:16,19.3,1282,7941,0,6,100.00,38,6.5,362.4
2026-05-13T19:28:21,15.9,1292,7941,0,6,100.00,33,6.8,362.4
2026-05-13T19:28:26,19.9,1295,7941,0,5,100.00,37,5.5,362.4
2026-05-13T19:28:31,38.2,1308,7941,0,9,100.00,25,6.3,362.4
2026-05-13T19:28:37,33.1,1296,7941,0,9,100.00,44,7.0,362.4
2026-05-13T19:28:42,27.1,1291,7941,0,7,100.00,27,5.9,362.4
2026-05-13T19:28:47,28.9,1289,7941,0,6,100.00,31,7.0,362.4
2026-05-13T19:28:52,46.3,1299,7941,1,6,100.00,34,6.2,362.4
2026-05-13T19:28:58,22.1,1292,7941,0,7,100.00,30,6.0,362.4
2026-05-13T19:29:03,37.7,1288,7941,0,6,100.00,28,7.4,362.4
2026-05-13T19:29:08,9.6,1284,7941,0,6,100.00,34,6.0,362.4
2026-05-13T19:29:13,26.5,1296,7941,0,7,100.00,27,5.8,362.4
2026-05-13T19:29:19,8.6,1292,7941,1,6,100.00,29,5.3,362.4
2026-05-13T19:29:24,14.8,1286,7941,0,5,100.00,33,5.5,362.4
2026-05-13T19:29:29,8.7,1290,7941,0,5,100.00,26,5.8,362.4
2026-05-13T19:29:34,18.4,1296,7941,2,3,100.00,33,5.6,362.4
2026-05-13T19:29:40,12.1,1290,7941,0,5,100.00,33,6.2,362.4
2026-05-13T19:29:45,9.5,1287,7941,0,5,100.00,32,5.9,362.4
2026-05-13T19:29:50,11.2,1280,7941,0,4,100.00,33,7.8,362.4
2026-05-13T19:29:55,10.4,1280,7941,0,4,100.00,32,6.8,362.4
2026-05-13T19:30:01,10.0,1280,7941,0,3,100.00,33,7.0,362.4
2026-05-13T19:30:06,16.6,1279,7941,0,4,100.00,36,16.9,362.4
2026-05-13T19:30:12,16.1,1284,7941,0,5,100.00,32,10.2,362.4
2026-05-13T19:30:17,13.6,1283,7941,0,5,100.00,36,9.0,362.4
2026-05-13T19:30:23,12.6,1280,7941,0,4,100.00,21,8.5,362.4
2026-05-13T19:30:28,15.7,1285,7941,0,5,100.00,38,9.7,362.4
2026-05-13T19:30:33,21.8,1291,7941,0,6,100.00,24,7.6,362.4
2026-05-13T19:30:39,12.9,1286,7941,0,6,100.00,33,7.4,362.4
2026-05-13T19:30:44,16.2,1281,7941,0,5,100.00,35,7.1,362.4
2026-05-13T19:30:49,13.0,1284,7941,0,5,100.00,23,7.6,362.4
2026-05-13T19:30:54,18.2,1287,7941,0,5,100.00,32,8.5,362.4
2026-05-13T19:31:00,21.4,1285,7941,0,5,100.00,26,7.7,362.4
2026-05-13T19:31:05,23.0,1289,7941,0,5,100.00,33,9.0,362.4
2026-05-13T19:31:10,11.0,1290,7941,0,5,100.00,24,7.3,362.4
2026-05-13T19:31:16,19.5,1293,7941,0,5,100.00,34,7.2,362.4
2026-05-13T19:31:21,10.1,1294,7941,1,4,100.00,30,6.5,362.4
2026-05-13T19:31:26,10.8,1277,7941,0,4,100.00,30,6.8,362.4
2026-05-13T19:31:32,9.8,1284,7941,0,3,100.00,22,6.3,362.4
2026-05-13T19:31:37,11.4,1282,7941,0,4,100.00,32,6.8,362.4
2026-05-13T19:31:42,12.9,1287,7941,0,5,100.00,23,7.0,362.4
2026-05-13T19:31:47,10.4,1281,7941,0,5,100.00,30,6.8,362.4
2026-05-13T19:31:53,9.6,1284,7941,0,5,100.00,22,6.3,362.4
2026-05-13T19:31:58,10.8,1281,7941,0,5,100.00,28,7.1,362.4
2026-05-13T19:32:03,9.8,1285,7941,0,5,100.00,17,6.6,362.4
2026-05-13T19:32:08,11.0,1277,7941,0,4,100.00,28,7.2,362.4
2026-05-13T19:32:14,11.6,1280,7941,0,4,100.00,33,6.4,362.4
2026-05-13T19:32:19,11.5,1283,7941,0,5,100.00,29,7.6,362.4
2026-05-13T19:32:24,12.8,1281,7941,0,5,100.00,29,7.4,362.4
2026-05-13T19:32:30,10.7,1284,7941,0,5,100.00,23,7.1,362.4
2026-05-13T19:32:35,18.2,1286,7941,0,4,100.00,27,6.8,362.4
2026-05-13T19:32:40,18.2,1290,7941,0,5,100.00,26,8.1,362.4
2026-05-13T19:32:45,14.5,1292,7941,0,5,100.00,33,7.0,362.4
2026-05-13T19:32:51,11.8,1281,7941,0,4,100.00,26,7.2,362.4
2026-05-13T19:32:56,15.3,1282,7941,0,6,100.00,36,7.4,362.4
2026-05-13T19:33:01,21.3,1287,7941,0,6,100.00,27,8.0,362.4
2026-05-13T19:33:07,19.5,1279,7941,0,5,100.00,34,9.7,362.4
2026-05-13T19:33:12,9.4,1286,7941,0,5,100.00,26,6.1,362.4
2026-05-13T19:33:17,14.5,1276,7941,0,4,100.00,30,6.2,362.4
2026-05-13T19:33:23,9.8,1289,7941,0,4,100.00,25,6.2,362.4
2026-05-13T19:33:28,10.7,1281,7941,0,4,100.00,33,6.6,362.4
2026-05-13T19:33:33,10.1,1281,7941,0,5,100.00,22,6.6,362.4
2026-05-13T19:33:39,10.7,1286,7941,0,5,100.00,36,7.2,362.4
2026-05-13T19:33:44,14.5,1286,7941,0,5,100.00,35,7.5,362.4
2026-05-13T19:33:49,8.6,1290,7941,0,5,100.00,26,5.7,362.4
2026-05-13T19:33:54,9.7,1275,7941,0,3,100.00,29,6.6,362.4
2026-05-13T19:34:00,9.7,1283,7941,0,5,100.00,22,6.5,362.4
2026-05-13T19:34:05,10.8,1286,7941,0,5,100.00,30,7.3,362.4
2026-05-13T19:34:10,9.4,1274,7941,1,3,100.00,30,6.5,362.4
2026-05-13T19:34:15,17.4,1285,7941,0,5,100.00,23,6.9,362.4
2026-05-13T19:34:21,30.0,1308,7941,0,9,100.00,22,6.5,362.4
2026-05-13T19:34:26,16.2,1299,7941,0,9,100.00,37,6.9,362.4
2026-05-13T19:34:31,27.7,1287,7941,0,6,100.00,37,7.1,362.4
2026-05-13T19:34:37,28.9,1290,7941,6,3,100.00,38,6.4,362.4
2026-05-13T19:34:42,35.4,1294,7941,0,6,100.00,31,7.0,362.4
2026-05-13T19:34:47,37.9,1302,7941,0,11,100.00,38,6.9,362.4
2026-05-13T19:34:52,19.7,1303,7941,0,11,100.00,29,6.2,362.4
2026-05-13T19:34:58,31.7,1289,7941,0,5,100.00,46,7.7,362.4
2026-05-13T19:35:03,62.5,1310,7941,3,8,100.00,28,9.4,362.4
2026-05-13T19:35:09,51.3,1297,7941,0,11,100.00,41,11.0,362.4
2026-05-13T19:35:14,14.9,1281,7941,0,6,100.00,37,5.8,362.4
2026-05-13T19:35:19,17.8,1285,7941,0,5,100.00,21,6.1,362.4
2026-05-13T19:35:25,9.7,1286,7941,0,5,100.00,32,6.3,362.4
2026-05-13T19:35:30,13.9,1283,7941,0,4,100.00,23,5.4,362.4
2026-05-13T19:35:35,10.8,1278,7941,0,5,100.00,34,7.1,362.4
2026-05-13T19:35:40,9.4,1285,7941,0,5,100.00,29,6.4,362.4
2026-05-13T19:35:46,29.2,1292,7941,4,4,100.00,34,5.9,362.4
2026-05-13T19:35:51,16.4,1293,7941,0,7,100.00,23,6.5,362.4
2026-05-13T19:35:56,9.0,1290,7941,0,4,100.00,40,5.7,362.4
2026-05-13T19:36:01,10.2,1285,7941,0,5,100.00,25,7.4,362.4
2026-05-13T19:36:07,12.8,1287,7941,0,5,100.00,32,8.8,362.4
2026-05-13T19:36:12,8.4,1285,7941,0,3,100.00,28,5.5,362.4
2026-05-13T19:36:18,11.5,1286,7941,0,4,100.00,33,6.3,362.4
2026-05-13T19:36:23,9.7,1275,7941,0,4,100.00,26,6.3,362.4
2026-05-13T19:36:28,10.1,1282,7941,0,5,100.00,39,6.6,362.4
2026-05-13T19:36:33,9.9,1286,7941,0,5,100.00,21,6.8,362.4
2026-05-13T19:36:39,16.7,1283,7941,0,5,100.00,36,6.0,362.4
2026-05-13T19:36:44,11.8,1288,7941,0,5,100.00,29,6.2,362.4
2026-05-13T19:36:49,14.4,1284,7941,0,4,100.00,27,5.5,362.4
2026-05-13T19:36:54,10.9,1288,7941,0,5,100.00,30,6.5,362.4
2026-05-13T19:36:59,12.3,1288,7941,0,5,100.00,31,5.5,362.4
2026-05-13T19:37:05,14.8,1284,7941,0,6,100.00,32,8.1,362.4
2026-05-13T19:37:10,13.6,1292,7941,0,6,100.00,28,6.0,362.4
2026-05-13T19:37:15,10.3,1280,7941,0,4,100.00,27,5.0,362.4
2026-05-13T19:37:21,15.0,1284,7941,0,5,100.00,31,5.9,362.4
2026-05-13T19:37:26,8.4,1286,7941,0,5,100.00,30,5.6,362.4
2026-05-13T19:37:31,8.0,1287,7941,0,4,100.00,21,5.4,362.4
2026-05-13T19:37:36,9.9,1291,7941,0,5,100.00,36,5.9,362.4
2026-05-13T19:37:41,8.2,1294,7941,0,4,100.00,25,5.4,362.4
2026-05-13T19:37:47,9.0,1284,7941,0,5,100.00,26,5.5,362.4
2026-05-13T19:37:52,13.5,1282,7941,0,5,100.00,26,5.5,362.4
2026-05-13T19:37:57,9.1,1283,7941,0,5,100.00,32,6.1,362.4
2026-05-13T19:38:02,7.7,1289,7941,0,5,100.00,21,5.2,362.4
2026-05-13T19:38:08,8.6,1276,7941,0,3,100.00,35,5.5,362.4
2026-05-13T19:38:13,8.1,1283,7941,0,5,100.00,25,5.1,362.4
2026-05-13T19:38:18,13.7,1287,7941,0,5,100.00,35,5.9,362.4
2026-05-13T19:38:23,8.0,1280,7941,0,4,100.00,26,5.2,362.4
2026-05-13T19:38:28,9.3,1284,7941,0,5,100.00,39,5.9,362.4
2026-05-13T19:38:34,8.0,1288,7941,0,5,100.00,28,5.0,362.4
2026-05-13T19:38:39,17.2,1291,7941,0,6,100.00,24,5.5,362.4
2026-05-13T19:38:44,9.9,1284,7941,1,5,100.00,23,5.5,362.4
2026-05-13T19:38:49,8.7,1287,7941,0,5,100.00,22,5.1,362.4
2026-05-13T19:38:55,15.0,1286,7941,0,5,100.00,34,4.9,362.4
2026-05-13T19:39:00,10.1,1286,7941,0,5,100.00,25,5.4,362.4
2026-05-13T19:39:05,15.3,1282,7941,0,5,100.00,23,12.4,362.4
2026-05-13T19:39:10,18.0,1289,7941,0,5,100.00,30,6.2,362.4
2026-05-13T19:39:16,10.2,1290,7941,0,5,100.00,32,5.5,362.4
2026-05-13T19:39:21,10.2,1283,7941,0,4,100.00,23,5.7,362.4
2026-05-13T19:39:26,15.1,1288,7941,0,5,100.00,37,5.5,362.4
2026-05-13T19:39:31,8.5,1293,7941,0,5,100.00,29,5.9,362.4
2026-05-13T19:39:36,9.6,1280,7941,0,4,100.00,41,6.0,362.4
2026-05-13T19:39:42,8.2,1284,7941,0,4,100.00,29,5.5,362.4
2026-05-13T19:39:47,9.1,1288,7941,0,4,100.00,33,6.2,362.4
2026-05-13T19:39:52,9.4,1294,7941,0,5,100.00,29,5.9,362.4
2026-05-13T19:39:57,11.4,1287,7941,0,5,100.00,36,5.7,362.4
2026-05-13T19:40:03,10.4,1295,7941,0,5,100.00,26,9.4,362.4
2026-05-13T19:40:08,14.1,1286,7941,0,4,100.00,42,10.8,362.4
2026-05-13T19:40:13,10.4,1291,7941,0,5,100.00,27,6.7,362.4
2026-05-13T19:40:19,17.7,1288,7941,3,5,100.00,31,7.1,362.4
2026-05-13T19:40:24,17.8,1291,7941,0,6,100.00,33,6.1,362.4
2026-05-13T19:40:29,17.3,1289,7941,0,5,100.00,31,5.4,362.4
2026-05-13T19:40:35,9.1,1288,7941,0,3,100.00,31,5.9,362.4
2026-05-13T19:40:40,28.6,1292,7941,0,6,100.00,24,5.7,362.4
2026-05-13T19:40:45,34.9,1304,7941,0,8,100.00,35,5.3,362.4
2026-05-13T19:40:50,12.4,1305,7941,0,8,100.00,26,5.5,362.4
2026-05-13T19:40:55,33.0,1289,7941,0,7,100.00,39,5.3,362.4
2026-05-13T19:41:01,43.4,1305,7941,1,10,100.00,32,6.3,362.4
2026-05-13T19:41:06,26.7,1305,7941,0,11,100.00,34,6.8,362.4
2026-05-13T19:41:11,41.9,1305,7941,1,8,100.00,32,5.2,362.4
2026-05-13T19:41:16,13.7,1297,7941,0,9,100.00,27,5.7,362.5
2026-05-13T19:41:22,20.4,1287,7941,0,5,100.00,35,5.4,362.5
2026-05-13T19:41:27,24.5,1285,7941,0,5,100.00,37,5.2,362.5
2026-05-13T19:41:32,8.1,1291,7941,0,5,100.00,26,5.6,362.5
2026-05-13T19:41:37,13.0,1302,7941,0,5,100.00,29,5.0,362.5
2026-05-13T19:41:43,8.7,1286,7941,0,5,100.00,31,5.9,362.5
2026-05-13T19:41:48,8.4,1290,7941,0,5,100.00,38,5.5,362.5
2026-05-13T19:41:53,17.4,1297,7941,0,9,100.00,23,4.9,362.5
2026-05-13T19:41:58,15.2,1293,7941,0,9,100.00,29,5.5,362.5
2026-05-13T19:42:03,9.9,1285,7941,0,5,100.00,30,7.4,362.5
2026-05-13T19:42:09,8.5,1285,7941,0,4,100.00,27,5.3,362.5
2026-05-13T19:42:14,8.6,1275,7941,0,3,100.00,29,5.5,362.5
2026-05-13T19:42:19,8.1,1281,7941,0,3,100.00,26,5.3,362.5
2026-05-13T19:42:24,9.9,1288,7941,0,5,100.00,25,5.1,362.5
2026-05-13T19:42:30,7.9,1291,7941,0,5,100.00,21,5.2,362.5
2026-05-13T19:42:35,8.4,1285,7941,0,4,100.00,27,5.2,362.5
2026-05-13T19:42:40,9.6,1287,7941,0,5,100.00,28,6.2,362.5
2026-05-13T19:42:45,21.8,1286,7941,0,5,100.00,32,6.6,362.5
2026-05-13T19:42:50,10.8,1286,7941,0,5,100.00,33,6.2,362.5
2026-05-13T19:42:56,10.4,1284,7941,0,5,100.00,30,6.0,362.5
2026-05-13T19:43:01,10.0,1276,7941,0,4,100.00,23,6.9,362.5
2026-05-13T19:43:06,21.5,1283,7941,0,5,100.00,29,7.0,362.5
2026-05-13T19:43:11,10.8,1294,7941,2,3,100.00,24,6.2,362.5
2026-05-13T19:43:17,15.7,1286,7941,0,5,100.00,42,6.1,362.5
2026-05-13T19:43:22,12.1,1291,7941,1,4,100.00,27,6.2,362.5
2026-05-13T19:43:27,14.5,1286,7941,1,3,100.00,33,6.5,362.5
2026-05-13T19:43:32,9.7,1289,7941,0,5,100.00,22,5.9,362.5
2026-05-13T19:43:38,10.4,1284,7941,0,5,100.00,34,6.6,362.5
2026-05-13T19:43:43,8.8,1286,7941,0,4,100.00,22,6.0,362.5
2026-05-13T19:43:48,10.1,1275,7941,0,3,100.00,30,6.5,362.5
2026-05-13T19:43:53,8.7,1278,7941,0,3,100.00,28,5.6,362.5
2026-05-13T19:43:59,13.0,1281,7941,0,5,100.00,32,6.3,362.5
2026-05-13T19:44:04,10.2,1284,7941,0,5,100.00,35,7.2,362.5
2026-05-13T19:44:09,8.9,1282,7941,0,4,100.00,15,5.9,362.5
2026-05-13T19:44:14,9.2,1284,7941,0,5,100.00,30,6.0,362.5
2026-05-13T19:44:19,10.1,1287,7941,0,5,100.00,37,7.0,362.5
2026-05-13T19:44:25,9.2,1280,7941,0,4,100.00,29,5.9,362.5
2026-05-13T19:44:30,11.2,1285,7941,0,4,100.00,21,6.5,362.5
2026-05-13T19:44:35,9.7,1283,7941,0,4,100.00,32,6.0,362.5
2026-05-13T19:44:40,8.6,1288,7941,0,4,100.00,23,5.7,362.5
2026-05-13T19:44:46,18.8,1283,7941,0,5,100.00,37,6.5,362.5
2026-05-13T19:44:51,10.0,1283,7941,0,5,100.00,30,5.3,362.5
2026-05-13T19:44:56,10.9,1281,7941,0,5,100.00,33,5.5,362.5
2026-05-13T19:45:01,9.5,1282,7941,0,5,100.00,28,7.0,362.5
2026-05-13T19:45:07,29.3,1294,7941,0,9,100.00,30,14.0,362.5
2026-05-13T19:45:12,10.6,1295,7941,0,9,100.00,37,7.2,362.5
2026-05-13T19:45:18,14.3,1284,7941,0,5,100.00,32,5.8,362.5
2026-05-13T19:45:23,15.9,1294,7941,0,5,100.00,27,6.5,362.5
2026-05-13T19:45:28,12.5,1292,7941,0,5,100.00,37,5.8,362.5
2026-05-13T19:45:33,13.1,1285,7941,0,4,100.00,35,6.8,362.5
2026-05-13T19:45:39,10.5,1292,7941,0,5,100.00,33,6.5,362.5
2026-05-13T19:45:44,9.6,1288,7941,0,5,100.00,30,6.3,362.5
2026-05-13T19:45:49,10.2,1298,7941,0,5,100.00,18,6.7,362.5
2026-05-13T19:45:54,9.0,1293,7941,0,5,100.00,28,5.8,362.5
2026-05-13T19:46:00,12.3,1292,7941,0,5,100.00,22,5.9,362.5
2026-05-13T19:46:05,11.0,1291,7941,0,5,100.00,34,7.1,362.5
2026-05-13T19:46:10,9.1,1281,7941,0,3,100.00,19,6.3,362.5
2026-05-13T19:46:15,9.8,1281,7941,0,3,100.00,32,6.2,362.5
2026-05-13T19:46:21,9.6,1293,7941,0,4,100.00,28,6.3,362.5
2026-05-13T19:46:26,13.1,1291,7941,0,4,100.00,25,5.9,362.5
2026-05-13T19:46:31,13.6,1293,7941,0,4,100.00,30,6.2,362.5
2026-05-13T19:46:36,20.0,1295,7941,0,5,100.00,31,5.7,362.5
2026-05-13T19:46:42,13.3,1294,7941,0,5,100.00,16,6.5,362.5
2026-05-13T19:46:47,36.0,1307,7941,5,5,100.00,43,6.3,362.5
2026-05-13T19:46:52,31.4,1300,7941,0,7,100.00,28,5.7,362.5
2026-05-13T19:46:57,9.5,1296,7941,0,5,100.00,38,5.5,362.5
2026-05-13T19:47:03,25.0,1289,7941,0,5,100.00,29,6.1,362.5
2026-05-13T19:47:08,49.3,1312,7941,0,11,100.00,33,6.1,362.5
2026-05-13T19:47:13,9.5,1317,7941,0,11,100.00,28,6.9,362.5
2026-05-13T19:47:18,17.6,1303,7941,4,3,100.00,36,5.9,362.5
2026-05-13T19:47:24,19.6,1293,7941,0,5,100.00,32,5.8,362.5
2026-05-13T19:47:29,24.6,1305,7941,0,8,100.00,36,5.8,362.5
2026-05-13T19:47:34,8.3,1302,7941,0,8,100.00,34,5.3,362.5
2026-05-13T19:47:39,21.3,1300,7941,3,5,100.00,31,5.0,362.5
2026-05-13T19:47:45,11.0,1294,7941,0,6,100.00,33,4.9,362.5
2026-05-13T19:47:50,8.2,1288,7941,0,4,100.00,26,5.5,362.5
2026-05-13T19:47:55,7.8,1284,7941,0,4,100.00,25,4.8,362.5
2026-05-13T19:48:00,14.9,1301,7941,0,6,100.00,23,5.9,362.5
2026-05-13T19:48:05,18.5,1301,7941,0,6,100.00,36,6.8,362.5
2026-05-13T19:48:11,8.6,1298,7941,0,5,100.00,33,5.8,362.5
2026-05-13T19:48:16,8.4,1279,7941,0,3,100.00,30,5.3,362.5
2026-05-13T19:48:21,7.5,1288,7941,0,3,100.00,21,5.0,362.5
2026-05-13T19:48:26,8.3,1288,7941,0,4,100.00,27,5.4,362.5
2026-05-13T19:48:31,7.6,1288,7941,0,4,100.00,28,4.9,362.5
2026-05-13T19:48:37,10.2,1283,7941,0,4,100.00,31,5.7,362.5
2026-05-13T19:48:42,7.7,1287,7941,0,4,100.00,26,5.2,362.5
2026-05-13T19:48:47,10.8,1291,7941,1,3,100.00,34,6.0,362.5
2026-05-13T19:48:52,13.9,1295,7941,1,3,100.00,33,5.9,362.5
2026-05-13T19:48:58,9.8,1291,7941,0,4,100.00,31,5.4,362.5
2026-05-13T19:49:03,12.0,1286,7941,0,4,100.00,19,6.8,362.5
2026-05-13T19:49:08,10.5,1286,7941,0,4,100.00,30,5.6,362.5
2026-05-13T19:49:13,12.0,1291,7941,0,5,100.00,29,5.8,362.5
2026-05-13T19:49:18,9.1,1291,7941,0,5,100.00,38,5.9,362.5
2026-05-13T19:49:24,17.9,1297,7941,0,5,100.00,30,5.8,362.5
2026-05-13T19:49:29,15.0,1294,7941,0,5,100.00,25,5.5,362.5
2026-05-13T19:49:34,8.2,1292,7941,0,5,100.00,30,5.2,362.5
2026-05-13T19:49:39,11.5,1287,7941,0,4,100.00,33,5.9,362.5
2026-05-13T19:49:45,9.4,1288,7941,0,4,100.00,28,5.8,362.5
2026-05-13T19:49:50,9.7,1287,7941,0,4,100.00,25,6.8,362.5
2026-05-13T19:49:55,8.7,1295,7941,1,4,100.00,36,5.7,362.5
2026-05-13T19:50:00,8.3,1291,7941,0,5,100.00,21,5.6,362.5
2026-05-13T19:50:05,21.3,1291,7941,0,5,100.00,37,14.3,362.5
2026-05-13T19:50:11,10.8,1293,7941,0,5,100.00,33,7.2,362.5
2026-05-13T19:50:16,10.3,1292,7941,0,5,100.00,33,6.5,362.5
2026-05-13T19:50:21,9.9,1292,7941,0,5,100.00,32,6.6,362.5
2026-05-13T19:50:27,8.4,1295,7941,0,5,100.00,39,5.3,362.5
2026-05-13T19:50:32,8.1,1292,7941,0,5,100.00,23,5.3,362.5
2026-05-13T19:50:37,8.7,1298,7941,0,5,100.00,31,5.9,362.5
2026-05-13T19:50:42,9.6,1295,7941,0,4,100.00,26,5.4,362.5
2026-05-13T19:50:47,9.7,1285,7941,0,4,100.00,35,5.4,362.5
2026-05-13T19:50:53,15.0,1283,7941,0,6,100.00,30,5.9,362.5
2026-05-13T19:50:58,11.7,1288,7941,0,6,100.00,33,6.4,362.5
2026-05-13T19:51:03,9.9,1287,7941,0,4,100.00,31,6.7,362.5
2026-05-13T19:51:08,10.7,1282,7941,1,3,100.00,35,6.3,362.5
2026-05-13T19:51:14,14.9,1287,7941,0,5,100.00,31,5.7,362.5
2026-05-13T19:51:19,9.1,1289,7941,0,5,100.00,25,5.5,362.5
2026-05-13T19:51:24,10.8,1288,7941,0,4,100.00,34,5.9,362.5
2026-05-13T19:51:29,16.0,1287,7941,0,6,100.00,26,5.4,362.5
2026-05-13T19:51:35,9.9,1286,7941,0,6,100.00,36,5.0,362.5
2026-05-13T19:51:40,11.0,1280,7941,0,5,100.00,18,5.3,362.5
2026-05-13T19:51:45,8.6,1288,7941,0,5,100.00,32,5.1,362.5
2026-05-13T19:51:50,7.6,1296,7941,0,5,100.00,17,5.1,362.5
2026-05-13T19:51:55,8.0,1277,7941,0,3,100.00,35,5.1,362.5
2026-05-13T19:52:01,8.4,1285,7941,0,5,100.00,16,5.7,362.5
2026-05-13T19:52:06,12.3,1286,7941,0,5,100.00,38,5.4,362.5
2026-05-13T19:52:11,8.4,1282,7941,0,4,100.00,30,5.5,362.5
2026-05-13T19:52:16,8.5,1286,7941,0,4,100.00,39,5.2,362.5
2026-05-13T19:52:22,7.5,1286,7941,0,4,100.00,19,5.0,362.5
2026-05-13T19:52:27,8.2,1282,7941,0,3,100.00,31,5.3,362.5
2026-05-13T19:52:32,8.6,1285,7941,0,3,100.00,27,5.8,362.5
2026-05-13T19:52:37,12.2,1291,7941,0,5,100.00,30,5.2,362.5
2026-05-13T19:52:42,18.1,1301,7941,0,5,100.00,30,5.3,362.5
2026-05-13T19:52:48,20.9,1293,7941,0,5,100.00,35,4.9,362.5
2026-05-13T19:52:53,17.0,1292,7941,0,5,100.00,26,5.1,362.5
2026-05-13T19:52:58,51.3,1306,7941,0,11,100.00,37,5.3,362.5
2026-05-13T19:53:03,7.4,1302,7941,0,11,100.00,20,4.7,362.5
2026-05-13T19:53:08,17.4,1286,7941,0,5,100.00,36,5.3,362.5
2026-05-13T19:53:14,27.9,1292,7941,0,5,100.00,34,5.2,362.5
2026-05-13T19:53:19,19.7,1289,7941,0,5,100.00,25,5.8,362.5
2026-05-13T19:53:24,14.1,1284,7941,0,5,100.00,30,6.1,362.5
2026-05-13T19:53:29,32.9,1303,7941,0,7,100.00,37,5.5,362.5
2026-05-13T19:53:35,31.9,1302,7941,0,7,100.00,39,5.7,362.5
2026-05-13T19:53:40,15.4,1307,7941,1,6,100.00,24,5.7,362.5
2026-05-13T19:53:45,23.6,1296,7941,0,6,100.00,30,5.5,362.5
2026-05-13T19:53:50,9.1,1299,7941,0,6,100.00,24,6.2,362.5
2026-05-13T19:53:56,9.3,1283,7941,0,5,100.00,33,6.2,362.5
2026-05-13T19:54:01,9.2,1285,7941,0,4,100.00,34,6.1,362.5
2026-05-13T19:54:06,26.6,1292,7941,1,5,100.00,31,8.1,362.5
2026-05-13T19:54:11,13.9,1287,7941,0,6,100.00,31,5.5,362.5
2026-05-13T19:54:17,8.9,1287,7941,0,4,100.00,32,5.5,362.5
2026-05-13T19:54:22,8.9,1279,7941,0,3,100.00,26,5.9,362.5
2026-05-13T19:54:27,9.6,1285,7941,0,4,100.00,25,6.6,362.5
2026-05-13T19:54:32,9.0,1292,7941,0,4,100.00,26,6.2,362.5
2026-05-13T19:54:38,10.0,1284,7941,0,5,100.00,37,6.8,362.5
2026-05-13T19:54:43,11.1,1287,7941,0,5,100.00,32,6.2,362.5
2026-05-13T19:54:48,9.4,1286,7941,0,5,100.00,37,5.9,362.5
2026-05-13T19:54:53,10.9,1291,7941,0,5,100.00,26,6.0,362.5
2026-05-13T19:54:58,16.2,1293,7941,0,5,100.00,34,5.9,362.5
2026-05-13T19:55:04,12.6,1291,7941,0,4,100.00,32,10.9,362.5
2026-05-13T19:55:09,11.4,1290,7941,1,3,100.00,25,7.0,362.5
2026-05-13T19:55:14,11.9,1278,7941,0,4,100.00,29,5.8,362.5
2026-05-13T19:55:20,14.3,1290,7941,0,5,100.00,26,5.3,362.5
2026-05-13T19:55:25,10.0,1290,7941,0,5,100.00,33,6.2,362.5
2026-05-13T19:55:30,13.0,1280,7941,0,5,100.00,24,5.2,362.5
2026-05-13T19:55:35,15.1,1286,7941,0,5,100.00,43,6.8,362.5
2026-05-13T19:55:40,8.2,1286,7941,0,5,100.00,19,5.5,362.5
2026-05-13T19:55:46,13.9,1279,7941,0,5,100.00,37,6.3,362.5
2026-05-13T19:55:51,9.1,1289,7941,0,5,100.00,31,6.3,362.5
2026-05-13T19:55:56,9.8,1280,7941,0,4,100.00,29,6.6,362.5
2026-05-13T19:56:01,10.0,1284,7941,0,4,100.00,25,7.0,362.5
2026-05-13T19:56:07,9.8,1290,7941,0,5,100.00,27,6.5,362.5
2026-05-13T19:56:12,13.0,1288,7941,0,5,100.00,25,7.0,362.5
2026-05-13T19:56:17,9.1,1281,7941,0,5,100.00,32,5.7,362.5
2026-05-13T19:56:22,8.7,1290,7941,0,5,100.00,19,5.8,362.5
2026-05-13T19:56:28,8.3,1290,7941,0,4,100.00,30,5.3,362.5
2026-05-13T19:56:33,9.0,1285,7941,0,4,100.00,28,6.2,362.5
2026-05-13T19:56:38,8.3,1283,7941,0,3,100.00,36,5.2,362.5
2026-05-13T19:56:43,9.0,1283,7941,1,5,100.00,23,6.2,362.5
2026-05-13T19:56:49,11.4,1282,7941,0,6,100.00,32,5.9,362.5
2026-05-13T19:56:54,9.2,1280,7941,0,4,100.00,30,5.0,362.5
2026-05-13T19:56:59,17.5,1289,7941,0,4,100.00,30,5.7,362.5
2026-05-13T19:57:04,10.7,1289,7941,0,5,100.00,30,7.3,362.5
2026-05-13T19:57:09,8.6,1296,7941,0,5,100.00,23,5.9,362.5
2026-05-13T19:57:15,13.5,1282,7941,0,4,100.00,26,6.5,362.5
2026-05-13T19:57:20,12.5,1287,7941,0,5,100.00,33,6.0,362.5
2026-05-13T19:57:25,9.2,1282,7941,0,5,100.00,37,5.8,362.5
2026-05-13T19:57:30,13.3,1280,7941,2,3,100.00,31,5.5,362.5
2026-05-13T19:57:36,19.1,1290,7941,0,6,100.00,34,5.5,362.5
2026-05-13T19:57:41,8.3,1293,7941,0,6,100.00,19,5.5,362.5
2026-05-13T19:57:46,9.4,1283,7941,0,3,100.00,29,5.9,362.5
2026-05-13T19:57:51,14.7,1287,7941,0,4,100.00,25,5.1,362.5
2026-05-13T19:57:56,8.7,1285,7941,0,5,100.00,28,5.7,362.5
2026-05-13T19:58:02,9.0,1290,7941,0,5,100.00,31,5.9,362.5
2026-05-13T19:58:07,8.5,1288,7941,0,3,100.00,29,5.5,362.5
2026-05-13T19:58:12,12.0,1283,7941,0,5,100.00,24,6.0,362.5
2026-05-13T19:58:17,9.6,1280,7941,0,5,100.00,39,6.2,362.5
2026-05-13T19:58:23,9.3,1279,7941,0,3,100.00,22,6.1,362.5
2026-05-13T19:58:28,9.3,1280,7941,0,3,100.00,37,6.3,362.5
2026-05-13T19:58:33,9.7,1283,7941,0,3,100.00,30,6.7,362.5
2026-05-13T19:58:38,15.0,1284,7941,0,6,100.00,32,6.9,362.5
2026-05-13T19:58:44,9.3,1287,7941,0,6,100.00,30,6.3,362.5
2026-05-13T19:58:49,34.6,1301,7941,0,8,100.00,35,7.5,362.5
2026-05-13T19:58:54,17.8,1298,7941,0,8,100.00,27,5.7,362.5
2026-05-13T19:58:59,42.4,1297,7941,0,8,100.00,35,7.0,362.5
2026-05-13T19:59:05,38.4,1300,7941,0,8,100.00,34,7.3,362.5
2026-05-13T19:59:10,9.1,1298,7941,0,7,100.00,23,6.1,362.5
2026-05-13T19:59:15,31.3,1296,7941,0,7,100.00,43,7.1,362.5
2026-05-13T19:59:20,32.9,1295,7941,0,7,100.00,28,6.1,362.5
2026-05-13T19:59:26,10.1,1286,7941,0,5,100.00,27,6.5,362.5
2026-05-13T19:59:31,12.7,1286,7941,0,5,100.00,26,5.1,362.5
2026-05-13T19:59:36,27.2,1293,7941,0,5,100.00,38,6.0,362.5
2026-05-13T19:59:41,34.0,1291,7941,0,6,100.00,27,5.9,362.5
2026-05-13T19:59:47,9.0,1287,7941,0,6,100.00,38,6.0,362.5
2026-05-13T19:59:52,31.7,1296,7941,0,6,100.00,33,5.9,362.5
2026-05-13T19:59:57,9.4,1290,7941,0,6,100.00,30,6.3,362.5
2026-05-13T20:00:02,12.5,1284,7941,0,5,100.00,45,13.2,362.5
2026-05-13T20:00:08,18.4,1284,7941,0,5,100.00,30,20.1,362.5
2026-05-13T20:00:14,48.5,1298,7941,0,9,100.00,32,10.0,362.5
2026-05-13T20:00:19,12.9,1298,7941,0,9,100.00,34,8.4,362.5
2026-05-13T20:00:24,11.6,1285,7941,0,5,100.00,35,7.4,362.5
2026-05-13T20:00:29,9.8,1288,7941,0,5,100.00,28,6.5,362.5
2026-05-13T20:00:35,9.7,1286,7941,0,4,100.00,41,6.1,362.5
2026-05-13T20:00:40,8.7,1286,7941,0,4,100.00,19,5.8,362.5
2026-05-13T20:00:45,9.3,1288,7941,0,4,100.00,42,5.9,362.5
2026-05-13T20:00:50,11.8,1284,7941,0,4,100.00,23,6.6,362.5
2026-05-13T20:00:56,8.6,1283,7941,0,4,100.00,25,5.5,362.5
2026-05-13T20:01:01,18.6,1284,7941,0,4,100.00,30,5.9,362.5
2026-05-13T20:01:06,12.3,1278,7941,0,4,100.00,30,6.7,362.5
2026-05-13T20:01:11,10.9,1289,7941,0,4,100.00,26,6.5,362.5
2026-05-13T20:01:17,11.0,1288,7941,0,4,100.00,35,5.5,362.5
2026-05-13T20:01:22,12.1,1287,7941,0,5,100.00,24,5.4,362.5
2026-05-13T20:01:27,9.7,1289,7941,0,5,100.00,36,5.5,362.5
2026-05-13T20:01:32,11.1,1292,7941,0,5,100.00,25,6.1,362.5
2026-05-13T20:01:38,10.7,1285,7941,1,4,100.00,28,5.3,362.5
2026-05-13T20:01:43,14.6,1288,7941,0,4,100.00,26,5.5,362.5
2026-05-13T20:01:48,8.4,1288,7941,0,4,100.00,28,5.3,362.5
2026-05-13T20:01:53,8.2,1287,7941,0,4,100.00,30,5.3,362.5
2026-05-13T20:01:58,11.9,1282,7941,0,4,100.00,27,5.2,362.5
2026-05-13T20:02:04,8.6,1289,7941,0,4,100.00,29,5.5,362.5
2026-05-13T20:02:09,8.6,1288,7941,0,4,100.00,29,5.5,362.5
2026-05-13T20:02:14,9.4,1279,7941,0,3,100.00,35,6.0,362.5
2026-05-13T20:02:19,11.1,1286,7941,0,4,100.00,22,7.0,362.5
2026-05-13T20:02:25,13.0,1286,7941,0,4,100.00,30,6.6,362.5
2026-05-13T20:02:30,9.2,1290,7941,0,4,100.00,28,6.1,362.5
2026-05-13T20:02:35,10.2,1293,7941,0,4,100.00,35,6.6,362.5
2026-05-13T20:02:41,9.6,1291,7941,0,3,100.00,25,5.9,362.5
2026-05-13T20:02:46,9.6,1281,7941,0,3,100.00,21,5.8,362.5
2026-05-13T20:02:51,10.7,1288,7941,0,4,100.00,25,5.7,362.5
2026-05-13T20:02:56,9.1,1283,7941,0,5,100.00,29,5.8,362.5
2026-05-13T20:03:01,10.2,1288,7941,0,5,100.00,27,7.4,362.5
2026-05-13T20:03:07,17.3,1284,7941,0,5,100.00,31,7.2,362.5
2026-05-13T20:03:12,12.4,1284,7941,0,4,100.00,25,6.0,362.5
2026-05-13T20:03:18,11.6,1278,7941,0,4,100.00,23,6.1,362.5
2026-05-13T20:03:23,10.0,1295,7941,0,4,100.00,21,5.9,362.5
2026-05-13T20:03:28,15.4,1289,7941,0,6,100.00,29,6.2,362.5
2026-05-13T20:03:33,9.3,1294,7941,0,6,100.00,25,6.4,362.5
2026-05-13T20:03:38,15.4,1289,7941,2,3,100.00,33,6.3,362.5
2026-05-13T20:03:44,19.4,1294,7941,0,6,100.00,33,6.3,362.6
2026-05-13T20:03:49,11.3,1288,7941,0,5,100.00,26,6.2,362.6
2026-05-13T20:03:54,9.9,1284,7941,0,4,100.00,24,6.3,362.6
2026-05-13T20:03:59,12.1,1279,7941,1,3,100.00,21,5.5,362.6
2026-05-13T20:04:05,12.3,1282,7941,0,4,100.00,34,8.6,362.6
2026-05-13T20:04:10,9.3,1285,7941,0,4,100.00,28,6.3,362.6
2026-05-13T20:04:15,9.9,1282,7941,0,4,100.00,22,6.5,362.6
2026-05-13T20:04:21,9.6,1280,7941,0,3,100.00,25,6.3,362.6
2026-05-13T20:04:26,13.3,1281,7941,0,5,100.00,31,6.5,362.6
2026-05-13T20:04:31,8.7,1287,7941,0,5,100.00,25,5.8,362.6
2026-05-13T20:04:36,10.6,1282,7941,0,5,100.00,28,6.9,362.6
2026-05-13T20:04:42,10.2,1295,7941,0,5,100.00,30,7.1,362.6
2026-05-13T20:04:47,14.0,1281,7941,0,4,100.00,32,5.7,362.6
2026-05-13T20:04:52,20.5,1298,7941,0,5,100.00,29,6.7,362.6
2026-05-13T20:04:57,14.4,1290,7941,0,5,100.00,34,6.2,362.6
2026-05-13T20:05:02,20.9,1295,7941,3,4,100.00,36,11.2,362.6
2026-05-13T20:05:08,50.4,1309,7941,0,8,100.00,41,10.8,362.6
2026-05-13T20:05:14,37.5,1304,7941,0,9,100.00,40,7.3,362.6
2026-05-13T20:05:19,9.8,1305,7941,0,9,100.00,41,6.1,362.6
2026-05-13T20:05:24,39.7,1299,7941,0,7,100.00,36,6.2,362.6
2026-05-13T20:05:29,48.7,1314,7941,0,11,100.00,28,6.3,362.6
2026-05-13T20:05:35,10.1,1312,7941,0,11,100.00,31,6.3,362.6
2026-05-13T20:05:40,27.7,1298,7941,1,5,100.00,38,5.8,362.6
2026-05-13T20:05:45,38.1,1304,7941,0,8,100.00,36,7.0,362.6
2026-05-13T20:05:50,21.7,1302,7941,0,8,100.00,26,6.3,362.6
2026-05-13T20:05:56,8.9,1289,7941,0,5,100.00,30,5.7,362.6
2026-05-13T20:06:01,38.6,1304,7941,0,7,100.00,24,8.5,362.6
2026-05-13T20:06:07,12.6,1290,7941,0,7,100.00,38,9.5,362.6
2026-05-13T20:06:12,10.0,1294,7941,0,5,100.00,23,6.7,362.6
2026-05-13T20:06:17,11.4,1292,7941,0,5,100.00,30,7.6,362.6
2026-05-13T20:06:22,10.0,1283,7941,0,5,100.00,29,6.4,362.6
2026-05-13T20:06:28,32.1,1297,7941,0,7,100.00,41,7.2,362.6
2026-05-13T20:06:33,10.2,1293,7941,0,7,100.00,19,7.0,362.6
2026-05-13T20:06:38,9.4,1286,7941,0,5,100.00,28,6.0,362.6
2026-05-13T20:06:43,10.5,1296,7941,0,5,100.00,32,7.1,362.6
2026-05-13T20:06:49,10.3,1298,7941,0,5,100.00,35,6.3,362.6
2026-05-13T20:06:54,9.9,1287,7941,0,5,100.00,25,6.6,362.6
2026-05-13T20:06:59,9.2,1287,7941,0,4,100.00,27,6.0,362.6
2026-05-13T20:07:04,10.7,1288,7941,0,4,100.00,24,7.1,362.6
2026-05-13T20:07:10,21.2,1298,7941,0,6,100.00,32,6.5,362.6
2026-05-13T20:07:15,13.9,1293,7941,0,6,100.00,32,6.1,362.6
2026-05-13T20:07:20,9.1,1302,7941,0,5,100.00,22,6.0,362.6
2026-05-13T20:07:25,12.1,1295,7941,0,5,100.00,41,6.0,362.6
2026-05-13T20:07:31,16.2,1289,7941,1,4,100.00,35,7.0,362.6
2026-05-13T20:07:36,9.7,1287,7941,0,5,100.00,24,5.9,362.6
2026-05-13T20:07:41,9.2,1293,7941,0,3,100.00,29,5.7,362.6
2026-05-13T20:07:46,19.2,1290,7941,0,5,100.00,33,6.2,362.7
2026-05-13T20:07:52,12.4,1291,7941,0,5,100.00,31,6.2,362.7
2026-05-13T20:07:57,9.5,1283,7941,0,4,100.00,31,6.5,362.7
2026-05-13T20:08:02,15.3,1286,7941,1,4,100.00,26,7.0,362.7
2026-05-13T20:08:07,13.5,1282,7941,0,5,100.00,27,6.0,362.7
2026-05-13T20:08:13,9.0,1291,7941,0,4,100.00,34,6.2,362.7
2026-05-13T20:08:18,10.1,1288,7941,0,4,100.00,30,6.8,362.7
2026-05-13T20:08:23,9.5,1288,7941,0,4,100.00,21,6.2,362.7
2026-05-13T20:08:28,12.8,1291,7941,0,5,100.00,34,6.2,362.7
2026-05-13T20:08:34,8.8,1292,7941,0,5,100.00,24,5.7,362.7
2026-05-13T20:08:39,9.3,1282,7941,0,3,100.00,35,6.2,362.7
2026-05-13T20:08:44,8.5,1284,7941,0,4,100.00,28,5.3,362.7
2026-05-13T20:08:49,8.7,1286,7941,0,4,100.00,21,5.5,362.7
2026-05-13T20:08:54,9.3,1286,7941,0,4,100.00,38,6.2,362.7
2026-05-13T20:09:00,9.0,1284,7941,0,4,100.00,23,5.9,362.7
2026-05-13T20:09:05,13.5,1288,7941,0,4,100.00,18,11.6,362.7
2026-05-13T20:09:10,22.9,1293,7941,0,5,100.00,26,7.2,362.7
2026-05-13T20:09:16,8.9,1290,7941,0,5,100.00,34,5.5,362.7
2026-05-13T20:09:21,14.4,1291,7941,0,5,100.00,32,6.6,362.7
2026-05-13T20:09:26,13.4,1284,7941,0,5,100.00,33,5.8,362.7
2026-05-13T20:09:31,9.9,1287,7941,0,5,100.00,21,5.9,362.7
2026-05-13T20:09:37,12.9,1289,7941,0,4,100.00,30,5.5,362.7
2026-05-13T20:09:42,9.3,1290,7941,0,4,100.00,27,5.8,362.7
2026-05-13T20:09:47,14.3,1286,7941,0,4,100.00,26,6.2,362.7
2026-05-13T20:09:52,13.8,1292,7941,0,4,100.00,35,5.8,362.7
2026-05-13T20:09:57,9.3,1282,7941,0,4,100.00,28,6.2,362.7
2026-05-13T20:10:03,11.8,1289,7941,0,4,100.00,29,9.8,362.7
2026-05-13T20:10:08,26.2,1301,7941,0,6,100.00,29,13.7,362.7
2026-05-13T20:10:14,11.0,1307,7941,0,6,100.00,29,7.6,362.7
2026-05-13T20:10:19,11.1,1316,7941,0,5,100.00,34,7.0,362.7
2026-05-13T20:10:24,10.8,1304,7941,0,5,100.00,41,6.8,362.7
2026-05-13T20:10:30,9.6,1309,7941,0,4,100.00,32,6.1,362.7
2026-05-13T20:10:35,10.5,1308,7941,1,3,100.00,31,5.7,362.7
2026-05-13T20:10:40,10.5,1308,7941,0,4,100.00,26,6.2,362.7
2026-05-13T20:10:45,8.8,1302,7941,0,3,100.00,35,5.5,362.7
2026-05-13T20:10:50,14.1,1308,7941,0,5,100.00,28,6.2,362.7
2026-05-13T20:10:56,14.3,1318,7941,0,5,100.00,34,6.2,362.7
2026-05-13T20:11:01,9.1,1315,7941,0,4,100.00,28,6.0,362.7
2026-05-13T20:11:06,15.0,1310,7941,0,4,100.00,28,7.0,362.7
2026-05-13T20:11:11,21.8,1317,7941,3,5,100.00,30,6.2,362.7
2026-05-13T20:11:17,21.2,1325,7941,0,6,100.00,35,6.0,362.7
2026-05-13T20:11:22,31.8,1313,7941,0,5,100.00,32,6.0,362.7
2026-05-13T20:11:27,23.2,1313,7941,0,5,100.00,39,5.5,362.7
2026-05-13T20:11:32,18.5,1318,7941,4,3,100.00,30,5.5,362.7
2026-05-13T20:11:38,26.4,1308,7941,0,5,100.00,40,6.0,362.7
2026-05-13T20:11:43,8.5,1307,7941,0,5,100.00,20,5.8,362.7
2026-05-13T20:11:48,30.4,1319,7941,4,3,100.00,39,6.2,362.7
2026-05-13T20:11:54,30.0,1322,7941,0,6,100.00,31,5.9,362.7
2026-05-13T20:11:59,8.3,1314,7941,0,5,100.00,33,5.4,362.7
2026-05-13T20:12:04,25.0,1311,7941,0,5,100.00,35,8.2,362.7
2026-05-13T20:12:09,17.7,1321,7941,0,6,100.00,31,6.0,362.7
2026-05-13T20:12:14,20.3,1321,7941,0,5,100.00,31,5.6,362.7
2026-05-13T20:12:20,8.8,1319,7941,0,5,100.00,23,5.9,362.7
2026-05-13T20:12:25,10.1,1305,7941,0,3,100.00,32,6.7,362.7
2026-05-13T20:12:30,13.7,1314,7941,3,6,100.00,24,6.2,362.7
2026-05-13T20:12:36,16.6,1318,7941,0,8,100.00,30,7.5,362.7
2026-05-13T20:12:41,16.6,1321,7941,0,5,100.00,38,6.7,362.7
2026-05-13T20:12:46,9.5,1311,7941,0,5,100.00,28,5.9,362.7
2026-05-13T20:12:51,7.9,1292,7941,0,3,100.00,23,5.2,362.7
2026-05-13T20:12:56,8.7,1290,7941,0,3,100.00,26,5.7,362.7
2026-05-13T20:13:02,9.7,1299,7941,0,3,100.00,25,6.5,362.7
2026-05-13T20:13:07,10.3,1295,7941,0,5,100.00,26,6.6,362.7
2026-05-13T20:13:12,7.8,1294,7941,0,5,100.00,24,5.0,362.7
2026-05-13T20:13:18,21.3,1300,7941,0,5,100.00,28,5.8,362.7
2026-05-13T20:13:23,14.7,1302,7941,0,6,100.00,27,6.1,362.7
2026-05-13T20:13:28,12.3,1298,7941,0,6,100.00,32,5.8,362.7
2026-05-13T20:13:33,9.3,1298,7941,0,5,100.00,26,5.9,362.7
2026-05-13T20:13:39,15.5,1302,7941,0,5,100.00,36,6.4,362.7
2026-05-13T20:13:44,9.4,1304,7941,0,5,100.00,34,6.3,362.7
2026-05-13T20:13:49,20.7,1304,7941,0,6,100.00,25,6.0,362.7
2026-05-13T20:13:54,14.5,1308,7941,0,6,100.00,32,6.1,362.7
2026-05-13T20:14:00,8.6,1305,7941,0,5,100.00,22,5.8,362.7
2026-05-13T20:14:05,12.8,1295,7941,1,3,100.00,29,7.6,362.7
2026-05-13T20:14:10,9.4,1301,7941,0,4,100.00,29,5.8,362.7
2026-05-13T20:14:15,9.6,1302,7941,0,4,100.00,23,6.2,362.7
2026-05-13T20:14:21,15.0,1303,7941,0,4,100.00,20,6.8,362.7
2026-05-13T20:14:26,10.1,1292,7941,0,4,100.00,30,6.7,362.7
2026-05-13T20:14:31,9.1,1300,7941,0,5,100.00,30,6.0,362.7
2026-05-13T20:14:36,12.0,1299,7941,0,5,100.00,28,7.1,362.7
2026-05-13T20:14:42,10.7,1303,7941,0,5,100.00,27,7.4,362.7
2026-05-13T20:14:47,17.1,1303,7941,0,6,100.00,32,7.1,362.7
2026-05-13T20:14:52,9.4,1306,7941,0,6,100.00,28,6.6,362.7
2026-05-13T20:14:58,10.5,1296,7941,0,5,100.00,34,6.8,362.7
2026-05-13T20:15:03,13.0,1293,7941,0,5,100.00,28,11.7,362.7
2026-05-13T20:15:08,15.7,1293,7941,0,5,100.00,36,12.5,362.7
2026-05-13T20:15:14,10.2,1293,7941,0,5,100.00,30,6.7,362.7
2026-05-13T20:15:19,16.3,1290,7941,0,4,100.00,29,6.9,362.7
2026-05-13T20:15:24,16.3,1299,7941,0,6,100.00,33,7.0,362.7
2026-05-13T20:15:29,12.6,1290,7941,0,6,100.00,32,6.0,362.7
2026-05-13T20:15:35,9.8,1285,7941,0,4,100.00,26,5.7,362.7
2026-05-13T20:15:40,13.5,1286,7941,0,5,100.00,31,6.8,362.7
2026-05-13T20:15:45,10.3,1290,7941,0,5,100.00,27,6.9,362.7
2026-05-13T20:15:50,18.6,1294,7941,0,5,100.00,30,7.0,362.7
2026-05-13T20:15:56,16.0,1292,7941,0,5,100.00,37,6.6,362.7
2026-05-13T20:16:01,11.2,1291,7941,0,5,100.00,34,7.8,362.7
2026-05-13T20:16:06,14.5,1294,7941,0,4,100.00,29,8.1,362.7
2026-05-13T20:16:12,9.9,1287,7941,0,4,100.00,25,6.9,362.7
2026-05-13T20:16:17,11.6,1292,7941,0,4,100.00,28,7.6,362.7
2026-05-13T20:16:22,18.0,1289,7941,0,5,100.00,33,7.4,362.7
2026-05-13T20:16:27,11.9,1289,7941,0,5,100.00,34,8.1,362.7
2026-05-13T20:16:33,11.8,1287,7941,0,4,100.00,28,8.2,362.7
2026-05-13T20:16:38,11.6,1284,7941,0,5,100.00,35,6.8,362.7
2026-05-13T20:16:43,9.4,1292,7941,0,5,100.00,28,6.2,362.7
2026-05-13T20:16:48,13.6,1282,7941,0,4,100.00,33,5.9,362.7
2026-05-13T20:16:54,14.7,1286,7941,1,4,100.00,27,6.6,362.7
2026-05-13T20:16:59,9.5,1294,7941,0,5,100.00,29,6.5,362.7
2026-05-13T20:17:04,15.7,1292,7941,3,4,100.00,30,8.0,362.7
2026-05-13T20:17:10,11.6,1295,7941,0,4,100.00,22,6.2,362.7
2026-05-13T20:17:15,13.7,1296,7941,0,4,100.00,30,5.9,362.7
2026-05-13T20:17:20,34.1,1307,7941,5,7,100.00,29,6.3,362.7
2026-05-13T20:17:25,40.7,1290,7941,0,5,100.00,40,5.9,362.7
2026-05-13T20:17:31,23.6,1300,7941,7,3,100.00,25,7.0,362.7
2026-05-13T20:17:36,39.5,1299,7941,0,9,100.00,29,6.2,362.7
2026-05-13T20:17:41,28.8,1301,7941,0,9,100.00,34,6.2,362.7
2026-05-13T20:17:46,21.8,1299,7941,3,4,100.00,34,6.1,362.7
2026-05-13T20:17:52,39.6,1300,7941,0,6,100.00,29,5.8,362.7
2026-05-13T20:17:57,27.5,1292,7941,0,5,100.00,42,6.6,362.7
2026-05-13T20:18:02,10.8,1293,7941,0,5,100.00,20,7.6,362.7
2026-05-13T20:18:08,15.8,1295,7941,0,6,100.00,28,5.9,362.7
2026-05-13T20:18:13,18.4,1292,7941,0,6,100.00,25,5.7,362.7
2026-05-13T20:18:18,10.4,1288,7941,0,5,100.00,31,6.7,362.7
2026-05-13T20:18:23,9.1,1299,7941,0,5,100.00,27,5.9,362.7
2026-05-13T20:18:29,23.2,1290,7941,0,5,100.00,32,6.8,362.7
2026-05-13T20:18:34,10.3,1288,7941,0,5,100.00,32,6.7,362.7
2026-05-13T20:18:39,16.8,1295,7941,0,5,100.00,34,7.4,362.7
2026-05-13T20:18:44,10.0,1286,7941,0,5,100.00,38,6.5,362.7
2026-05-13T20:18:50,32.2,1306,7941,0,8,100.00,29,6.9,362.7
2026-05-13T20:18:55,9.0,1299,7941,0,8,100.00,23,5.8,362.7
2026-05-13T20:19:00,9.5,1298,7941,0,4,100.00,25,6.7,362.7
2026-05-13T20:19:05,12.8,1290,7941,0,3,100.00,37,9.1,362.7
2026-05-13T20:19:11,9.1,1305,7941,0,3,100.00,25,6.2,362.7
2026-05-13T20:19:16,9.1,1299,7941,0,5,100.00,26,5.9,362.7
2026-05-13T20:19:21,10.4,1296,7941,0,5,100.00,26,6.7,362.7
2026-05-13T20:19:26,18.4,1296,7941,0,5,100.00,39,6.3,362.7
2026-05-13T20:19:32,13.7,1294,7941,0,6,100.00,28,5.5,362.7
2026-05-13T20:19:37,10.9,1295,7941,0,6,100.00,34,5.2,362.7
2026-05-13T20:19:42,11.4,1290,7941,0,4,100.00,28,5.8,362.7
2026-05-13T20:19:47,10.2,1291,7941,0,5,100.00,41,6.3,362.7
2026-05-13T20:19:52,20.9,1294,7941,0,5,100.00,32,5.2,362.7
2026-05-13T20:19:58,12.3,1294,7941,0,5,100.00,41,5.8,362.7
2026-05-13T20:20:03,12.4,1287,7941,0,5,100.00,28,10.8,362.7
2026-05-13T20:20:09,13.6,1291,7941,0,5,100.00,38,10.0,362.7
2026-05-13T20:20:14,17.9,1285,7941,0,4,100.00,44,8.2,362.7
2026-05-13T20:20:19,12.6,1294,7941,0,4,100.00,26,8.6,362.7
2026-05-13T20:20:24,10.6,1291,7941,0,3,100.00,41,7.0,362.7
2026-05-13T20:20:30,12.7,1290,7941,0,4,100.00,25,6.2,362.7
2026-05-13T20:20:35,9.7,1286,7941,0,4,100.00,29,7.0,362.7
2026-05-13T20:20:40,9.5,1285,7941,0,3,100.00,34,6.1,362.7
2026-05-13T20:20:45,9.7,1287,7941,0,3,100.00,27,6.6,362.7
2026-05-13T20:20:51,12.3,1297,7941,0,6,100.00,23,6.1,362.7
2026-05-13T20:20:56,8.6,1297,7941,0,6,100.00,23,5.8,362.7
2026-05-13T20:21:01,10.0,1296,7941,0,4,100.00,28,7.1,362.7
2026-05-13T20:21:06,11.1,1291,7941,0,4,100.00,25,8.1,362.7
2026-05-13T20:21:12,9.2,1291,7941,0,3,100.00,32,6.5,362.7
2026-05-13T20:21:17,9.5,1287,7941,0,4,100.00,30,6.3,362.7
2026-05-13T20:21:22,10.6,1289,7941,0,5,100.00,32,6.5,362.7
2026-05-13T20:21:27,8.8,1290,7941,0,5,100.00,28,5.9,362.7
2026-05-13T20:21:33,32.2,1297,7941,0,6,100.00,31,6.6,362.7
2026-05-13T20:21:38,11.2,1292,7941,0,6,100.00,43,6.5,362.7
2026-05-13T20:21:43,12.7,1288,7941,0,4,100.00,29,6.2,362.7
2026-05-13T20:21:48,10.2,1287,7941,0,5,100.00,31,5.9,362.7
2026-05-13T20:21:53,12.0,1291,7941,0,5,100.00,29,6.6,362.7
2026-05-13T20:21:59,11.5,1292,7941,0,4,100.00,28,4.9,362.7
2026-05-13T20:22:04,14.1,1295,7941,0,4,100.00,26,6.8,362.7
2026-05-13T20:22:09,8.4,1298,7941,0,4,100.00,34,5.7,362.7
2026-05-13T20:22:14,8.8,1288,7941,0,4,100.00,26,5.0,362.7
2026-05-13T20:22:20,10.3,1288,7941,0,4,100.00,23,5.9,362.7
2026-05-13T20:22:25,8.9,1286,7941,0,4,100.00,25,5.5,362.7
2026-05-13T20:22:30,11.0,1284,7941,0,4,100.00,24,5.3,362.7
2026-05-13T20:22:35,8.5,1286,7941,0,4,100.00,32,5.5,362.7
2026-05-13T20:22:41,8.1,1289,7941,0,4,100.00,30,5.2,362.7
2026-05-13T20:22:46,10.0,1297,7941,0,4,100.00,32,6.1,362.7
2026-05-13T20:22:51,8.9,1296,7941,0,5,100.00,25,5.5,362.7
2026-05-13T20:22:56,20.4,1297,7941,0,5,100.00,30,5.1,362.7
2026-05-13T20:23:01,9.8,1300,7941,0,5,100.00,33,6.7,362.7
2026-05-13T20:23:07,8.9,1295,7941,0,5,100.00,24,5.7,362.7
2026-05-13T20:23:12,16.6,1298,7941,3,4,100.00,22,5.6,362.7
2026-05-13T20:23:17,13.4,1295,7941,0,5,100.00,35,6.2,362.7
2026-05-13T20:23:22,14.2,1301,7941,0,5,100.00,27,6.3,362.7
2026-05-13T20:23:28,19.3,1296,7941,0,5,100.00,29,6.0,362.7
2026-05-13T20:23:33,28.5,1298,7941,0,5,100.00,24,6.0,362.7
2026-05-13T20:23:38,59.1,1324,7941,0,9,100.00,28,6.2,362.7
2026-05-13T20:23:44,23.7,1319,7941,0,9,100.00,34,5.9,362.7
2026-05-13T20:23:49,24.5,1307,7941,0,8,100.00,37,5.7,362.7
2026-05-13T20:23:54,21.1,1302,7941,0,8,100.00,38,6.6,362.7
2026-05-13T20:23:59,17.2,1304,7941,4,3,100.00,37,5.5,362.7
2026-05-13T20:24:04,39.5,1302,7941,0,6,100.00,37,8.5,362.7
2026-05-13T20:24:10,8.0,1297,7941,1,4,100.00,22,5.2,362.7
2026-05-13T20:24:15,14.0,1294,7941,0,5,100.00,32,6.1,362.7
2026-05-13T20:24:20,19.8,1304,7941,0,6,100.00,30,5.5,362.7
2026-05-13T20:24:25,7.8,1304,7941,0,6,100.00,25,5.0,362.7
2026-05-13T20:24:31,15.8,1307,7941,0,6,100.00,23,5.2,362.7
2026-05-13T20:24:36,8.9,1293,7941,0,6,100.00,29,5.9,362.7
2026-05-13T20:24:41,8.4,1302,7941,0,5,100.00,27,5.5,362.7
2026-05-13T20:24:46,14.5,1298,7941,0,5,100.00,31,5.9,362.7
2026-05-13T20:24:52,8.7,1294,7941,0,5,100.00,32,5.9,362.7
2026-05-13T20:24:57,8.1,1285,7941,0,3,100.00,34,5.2,362.7
2026-05-13T20:25:02,17.1,1300,7941,0,4,100.00,35,7.8,362.7
2026-05-13T20:25:08,12.0,1296,7941,0,4,100.00,34,8.8,362.7
2026-05-13T20:25:13,9.2,1300,7941,0,4,100.00,28,6.2,362.7
2026-05-13T20:25:18,9.0,1294,7941,0,4,100.00,42,5.5,362.7
2026-05-13T20:25:23,9.7,1293,7941,0,4,100.00,26,6.0,362.7
2026-05-13T20:25:29,9.6,1295,7941,0,4,100.00,33,6.4,362.7
2026-05-13T20:25:34,9.7,1302,7941,1,3,100.00,39,5.7,362.7
2026-05-13T20:25:39,20.4,1304,7941,0,4,100.00,34,6.3,362.7
2026-05-13T20:25:44,12.2,1291,7941,0,4,100.00,30,5.1,362.7
2026-05-13T20:25:49,12.0,1297,7941,0,5,100.00,24,5.8,362.7
2026-05-13T20:25:55,11.5,1298,7941,0,5,100.00,31,5.9,362.7
2026-05-13T20:26:00,8.8,1293,7941,0,4,100.00,23,5.4,362.7
2026-05-13T20:26:05,17.4,1298,7941,0,5,100.00,34,6.5,362.7
2026-05-13T20:26:10,9.9,1305,7941,0,5,100.00,19,5.4,362.7
2026-05-13T20:26:16,9.2,1292,7941,0,5,100.00,32,5.9,362.7
2026-05-13T20:26:21,11.6,1298,7941,0,5,100.00,24,6.2,362.7
2026-05-13T20:26:26,8.7,1298,7941,0,4,100.00,33,5.7,362.7
2026-05-13T20:26:31,11.5,1294,7941,1,3,100.00,21,5.7,362.7
2026-05-13T20:26:37,8.9,1298,7941,0,4,100.00,29,5.9,362.7
2026-05-13T20:26:42,8.1,1299,7941,0,4,100.00,21,5.3,362.7
2026-05-13T20:26:47,10.8,1297,7941,0,4,100.00,40,6.2,362.7
2026-05-13T20:26:52,8.2,1289,7941,0,4,100.00,19,5.3,362.7
2026-05-13T20:26:57,9.4,1290,7941,0,4,100.00,35,6.2,362.7
2026-05-13T20:27:03,11.0,1287,7941,0,5,100.00,22,8.0,362.7
2026-05-13T20:27:08,9.3,1288,7941,0,5,100.00,28,5.7,362.7
2026-05-13T20:27:13,11.6,1286,7941,0,4,100.00,29,6.2,362.7
2026-05-13T20:27:19,9.1,1289,7941,0,4,100.00,36,5.5,362.7
2026-05-13T20:27:24,8.2,1284,7941,0,5,100.00,29,5.3,362.7
2026-05-13T20:27:29,9.9,1285,7941,0,5,100.00,32,6.1,362.7
2026-05-13T20:27:34,8.5,1282,7941,0,4,100.00,31,5.7,362.7
2026-05-13T20:27:39,12.2,1293,7941,1,4,100.00,30,6.2,362.7
2026-05-13T20:27:45,19.0,1293,7941,0,5,100.00,30,6.2,362.7
2026-05-13T20:27:50,13.3,1288,7941,0,5,100.00,28,5.6,362.7
2026-05-13T20:27:55,12.7,1288,7941,0,5,100.00,25,6.2,362.7
2026-05-13T20:28:00,10.5,1285,7941,0,5,100.00,21,6.0,362.7
2026-05-13T20:28:06,13.8,1291,7941,0,5,100.00,38,7.3,362.7
2026-05-13T20:28:11,12.4,1291,7941,0,5,100.00,27,5.8,362.7
2026-05-13T20:28:16,9.2,1295,7941,0,4,100.00,35,5.8,362.7
2026-05-13T20:28:21,13.4,1289,7941,0,5,100.00,32,6.2,362.7
2026-05-13T20:28:27,9.7,1283,7941,0,5,100.00,23,6.2,362.7
2026-05-13T20:28:32,9.0,1289,7941,0,5,100.00,26,6.2,362.7
2026-05-13T20:28:37,14.0,1282,7941,0,5,100.00,35,7.4,362.7
2026-05-13T20:28:42,9.8,1284,7941,0,5,100.00,29,7.1,362.7
2026-05-13T20:28:48,10.2,1275,7941,0,3,100.00,34,5.9,362.7
2026-05-13T20:28:53,10.8,1281,7941,0,4,100.00,28,7.0,362.7
2026-05-13T20:28:58,9.9,1288,7941,0,4,100.00,24,6.6,362.7
2026-05-13T20:29:03,12.1,1290,7941,0,5,100.00,27,8.8,362.7
2026-05-13T20:29:09,9.5,1287,7941,0,5,100.00,24,6.0,362.7
2026-05-13T20:29:14,15.0,1284,7941,0,4,100.00,44,6.5,362.7
2026-05-13T20:29:19,25.7,1293,7941,0,6,100.00,30,6.3,362.7
2026-05-13T20:29:24,9.2,1288,7941,0,6,100.00,31,5.8,362.7
2026-05-13T20:29:30,15.5,1285,7941,0,5,100.00,30,6.9,362.7
2026-05-13T20:29:35,21.6,1292,7941,0,6,100.00,37,7.2,362.7
2026-05-13T20:29:40,20.6,1295,7941,0,6,100.00,26,6.7,362.7
2026-05-13T20:29:45,42.9,1302,7941,8,5,100.00,38,6.7,362.7
2026-05-13T20:29:51,33.6,1308,7941,0,11,100.00,29,6.6,362.7
2026-05-13T20:29:56,36.6,1297,7941,3,6,100.00,41,7.0,362.7
2026-05-13T20:30:01,29.2,1294,7941,4,3,100.00,38,9.1,362.7
2026-05-13T20:30:07,53.4,1297,7941,3,6,100.00,47,15.0,362.7
2026-05-13T20:30:13,35.5,1290,7941,0,6,100.00,29,9.0,362.7
2026-05-13T20:30:18,12.1,1294,7941,4,3,100.00,39,7.8,362.7
2026-05-13T20:30:24,27.0,1292,7941,0,5,100.00,34,8.6,362.7
2026-05-13T20:30:29,16.2,1294,7941,0,5,100.00,22,7.0,362.7
2026-05-13T20:30:34,11.2,1284,7941,0,5,100.00,35,7.3,362.7
2026-05-13T20:30:40,27.1,1298,7941,2,5,100.00,29,6.7,362.7
2026-05-13T20:30:45,13.8,1298,7941,0,7,100.00,38,6.8,362.7
2026-05-13T20:30:50,11.1,1286,7941,0,4,100.00,25,7.0,362.7
2026-05-13T20:30:55,17.3,1283,7941,0,6,100.00,37,7.0,362.7
2026-05-13T20:31:01,11.5,1293,7941,0,6,100.00,23,8.2,362.7
2026-05-13T20:31:06,12.6,1280,7941,0,3,100.00,27,8.9,362.7
2026-05-13T20:31:12,11.5,1281,7941,0,3,100.00,25,7.7,362.7
2026-05-13T20:31:17,10.6,1285,7941,4,3,100.00,32,6.8,362.7
2026-05-13T20:31:22,35.8,1295,7941,0,7,100.00,31,8.3,362.7
2026-05-13T20:31:28,11.5,1294,7941,0,7,100.00,34,7.5,362.7
2026-05-13T20:31:33,13.4,1283,7941,1,3,100.00,33,8.3,362.7
2026-05-13T20:31:38,11.1,1285,7941,0,4,100.00,34,7.2,362.7
2026-05-13T20:31:43,23.0,1294,7941,5,3,100.00,33,7.5,362.7
2026-05-13T20:31:49,22.6,1292,7941,0,5,100.00,30,7.1,362.7
2026-05-13T20:31:54,11.5,1280,7941,0,4,100.00,36,6.9,362.7
2026-05-13T20:31:59,16.7,1283,7941,0,4,100.00,31,6.6,362.7
2026-05-13T20:32:05,15.3,1295,7941,0,8,100.00,28,10.3,362.7
2026-05-13T20:32:10,12.9,1301,7941,1,7,100.00,17,7.6,362.7
2026-05-13T20:32:16,29.6,1286,7941,0,7,100.00,42,9.5,362.7
2026-05-13T20:32:21,14.3,1297,7941,0,7,100.00,22,10.2,362.7
2026-05-13T20:32:26,17.3,1289,7941,0,6,100.00,34,7.6,362.7
2026-05-13T20:32:32,11.5,1291,7941,0,6,100.00,28,7.3,362.7
2026-05-13T20:32:37,10.3,1288,7941,0,5,100.00,25,6.7,362.7
2026-05-13T20:32:42,9.1,1288,7941,0,3,100.00,27,6.0,362.7
2026-05-13T20:32:47,13.5,1295,7941,0,6,100.00,25,6.1,362.7
2026-05-13T20:32:53,9.9,1293,7941,0,6,100.00,31,5.9,362.7
2026-05-13T20:32:58,9.4,1294,7941,0,5,100.00,33,6.2,362.7
2026-05-13T20:33:03,10.8,1283,7941,0,5,100.00,19,8.2,362.7
2026-05-13T20:33:08,9.5,1286,7941,0,5,100.00,28,6.4,362.7
2026-05-13T20:33:14,9.1,1284,7941,0,4,100.00,28,6.0,362.7
2026-05-13T20:33:19,9.6,1291,7941,1,4,100.00,40,6.5,362.7
2026-05-13T20:33:24,11.4,1299,7941,0,6,100.00,25,5.3,362.7
2026-05-13T20:33:29,9.2,1277,7941,0,3,100.00,32,6.6,362.7
2026-05-13T20:33:34,9.0,1287,7941,0,4,100.00,29,5.3,362.7
2026-05-13T20:33:40,8.4,1285,7941,0,4,100.00,29,5.5,362.7
2026-05-13T20:33:45,16.3,1285,7941,0,5,100.00,29,6.1,362.7
2026-05-13T20:33:50,9.6,1289,7941,0,5,100.00,26,6.2,362.7
2026-05-13T20:33:55,16.8,1283,7941,0,4,100.00,36,5.8,362.7
2026-05-13T20:34:01,16.2,1288,7941,0,5,100.00,26,5.8,362.7
2026-05-13T20:34:06,11.6,1282,7941,0,5,100.00,24,6.5,362.7
2026-05-13T20:34:11,8.9,1283,7941,0,4,100.00,22,5.7,362.7
2026-05-13T20:34:16,15.5,1284,7941,0,5,100.00,27,5.4,362.7
2026-05-13T20:34:22,8.6,1286,7941,0,5,100.00,21,5.8,362.7
2026-05-13T20:34:27,10.7,1289,7941,0,5,100.00,28,5.5,362.7
2026-05-13T20:34:32,9.1,1284,7941,0,5,100.00,30,5.9,362.7
2026-05-13T20:34:37,10.4,1292,7941,0,5,100.00,32,7.0,362.7
2026-05-13T20:34:43,8.4,1291,7941,0,4,100.00,34,5.5,362.7
2026-05-13T20:34:48,10.2,1290,7941,0,5,100.00,29,6.5,362.7
2026-05-13T20:34:53,12.2,1293,7941,0,5,100.00,32,6.1,362.7
2026-05-13T20:34:58,8.6,1290,7941,0,4,100.00,34,5.5,362.7
2026-05-13T20:35:03,14.2,1288,7941,0,4,100.00,33,11.8,362.7
2026-05-13T20:35:09,11.3,1285,7941,1,3,100.00,37,7.4,362.7
2026-05-13T20:35:14,9.2,1283,7941,0,4,100.00,33,5.8,362.7
2026-05-13T20:35:19,13.4,1291,7941,0,4,100.00,29,6.3,362.7
2026-05-13T20:35:25,23.0,1291,7941,0,5,100.00,28,5.8,362.7
2026-05-13T20:35:30,8.9,1291,7941,0,5,100.00,37,6.2,362.7
2026-05-13T20:35:35,13.6,1286,7941,0,4,100.00,35,5.4,362.7
2026-05-13T20:35:40,13.8,1295,7941,0,4,100.00,36,6.3,362.7
2026-05-13T20:35:45,8.6,1286,7941,0,4,100.00,38,5.4,362.7
2026-05-13T20:35:51,24.2,1293,7941,0,5,100.00,32,5.7,362.7
2026-05-13T20:35:56,38.8,1299,7941,0,5,100.00,38,5.3,362.7
2026-05-13T20:36:01,35.6,1305,7941,7,4,100.00,22,6.7,362.7
2026-05-13T20:36:07,47.7,1311,7941,0,11,100.00,39,7.6,362.7
2026-05-13T20:36:12,20.7,1319,7941,7,7,100.00,29,6.7,362.7
2026-05-13T20:36:17,24.9,1308,7941,0,8,100.00,31,6.0,362.7
2026-05-13T20:36:23,24.5,1316,7941,0,9,100.00,29,6.6,362.7
2026-05-13T20:36:28,14.7,1309,7941,0,5,100.00,34,5.3,362.7
2026-05-13T20:36:33,12.5,1293,7941,0,5,100.00,29,5.3,362.7
2026-05-13T20:36:38,13.3,1296,7941,0,5,100.00,24,5.2,362.7
2026-05-13T20:36:44,8.6,1290,7941,0,4,100.00,33,5.7,362.7
2026-05-13T20:36:49,9.7,1293,7941,0,6,100.00,22,5.8,362.7
2026-05-13T20:36:54,16.1,1290,7941,0,6,100.00,39,5.5,362.7
2026-05-13T20:36:59,8.3,1287,7941,0,5,100.00,23,5.4,362.7
2026-05-13T20:37:05,10.8,1286,7941,0,5,100.00,33,7.2,362.7
2026-05-13T20:37:10,18.9,1297,7941,0,6,100.00,28,6.2,362.7
2026-05-13T20:37:15,9.1,1298,7941,0,6,100.00,41,5.7,362.7
2026-05-13T20:37:20,9.3,1287,7941,0,5,100.00,28,6.3,362.7
2026-05-13T20:37:26,16.4,1298,7941,0,5,100.00,29,6.2,362.7
2026-05-13T20:37:31,8.2,1296,7941,0,5,100.00,28,5.3,362.7
2026-05-13T20:37:36,8.8,1281,7941,0,3,100.00,27,5.7,362.7
2026-05-13T20:37:41,9.0,1286,7941,0,5,100.00,26,5.7,362.7
2026-05-13T20:37:46,9.4,1296,7941,0,5,100.00,34,6.2,362.7
2026-05-13T20:37:52,11.1,1286,7941,0,5,100.00,32,6.0,362.7
2026-05-13T20:37:57,19.1,1284,7941,0,4,100.00,37,6.8,362.7
2026-05-13T20:38:02,11.8,1284,7941,0,5,100.00,20,6.2,362.7
2026-05-13T20:38:07,17.6,1284,7941,0,6,100.00,30,6.2,362.7
2026-05-13T20:38:13,10.2,1298,7941,0,6,100.00,21,6.9,362.7
2026-05-13T20:38:18,13.0,1289,7941,0,5,100.00,39,6.1,362.7
2026-05-13T20:38:23,13.7,1295,7941,0,5,100.00,22,5.6,362.7
2026-05-13T20:38:28,11.3,1287,7941,0,4,100.00,32,6.5,362.7
2026-05-13T20:38:34,9.9,1289,7941,1,6,100.00,30,6.5,362.7
2026-05-13T20:38:39,10.2,1293,7941,0,4,100.00,28,5.8,362.7
2026-05-13T20:38:44,9.2,1286,7941,0,4,100.00,28,5.9,362.7
2026-05-13T20:38:49,9.6,1285,7941,0,5,100.00,31,5.8,362.7
2026-05-13T20:38:55,13.7,1287,7941,0,5,100.00,34,7.1,362.7
2026-05-13T20:39:00,9.5,1284,7941,0,4,100.00,19,6.5,362.7
2026-05-13T20:39:05,15.0,1291,7941,0,4,100.00,25,13.1,362.7
2026-05-13T20:39:11,10.5,1285,7941,0,4,100.00,22,6.6,362.7
2026-05-13T20:39:16,9.4,1288,7941,0,4,100.00,30,6.0,362.7
2026-05-13T20:39:21,10.4,1283,7941,0,4,100.00,22,6.9,362.7
2026-05-13T20:39:27,10.1,1286,7941,0,4,100.00,28,6.5,362.7
2026-05-13T20:39:32,13.3,1289,7941,0,4,100.00,26,6.9,362.7
2026-05-13T20:39:37,11.3,1289,7941,0,3,100.00,37,7.4,362.7
2026-05-13T20:39:42,12.6,1292,7941,0,4,100.00,27,8.2,362.7
2026-05-13T20:39:48,10.5,1284,7941,0,5,100.00,37,6.6,362.7
2026-05-13T20:39:53,11.6,1288,7941,0,5,100.00,24,6.8,362.7
2026-05-13T20:39:58,18.3,1292,7941,0,6,100.00,28,6.2,362.7
2026-05-13T20:40:03,13.9,1297,7941,0,6,100.00,32,10.7,362.7
2026-05-13T20:40:09,28.9,1295,7941,1,5,100.00,32,13.1,362.7
2026-05-13T20:40:14,13.5,1288,7941,0,5,100.00,31,8.2,362.7
2026-05-13T20:40:20,13.9,1287,7941,0,4,100.00,34,9.8,362.7
2026-05-13T20:40:25,25.5,1290,7941,0,5,100.00,43,8.8,362.7
2026-05-13T20:40:30,10.2,1288,7941,0,4,100.00,26,7.0,362.7
2026-05-13T20:40:36,11.7,1281,7941,0,4,100.00,32,6.3,362.7
2026-05-13T20:40:41,12.0,1290,7941,0,5,100.00,25,7.6,362.7
2026-05-13T20:40:46,9.5,1293,7941,0,5,100.00,27,5.9,362.7
2026-05-13T20:40:51,10.5,1292,7941,1,4,100.00,28,7.0,362.7
2026-05-13T20:40:57,14.5,1288,7941,0,4,100.00,34,7.3,362.7
2026-05-13T20:41:02,11.6,1289,7941,0,3,100.00,24,8.3,362.7
2026-05-13T20:41:07,12.1,1288,7941,0,5,100.00,24,8.0,362.7
2026-05-13T20:41:12,11.4,1290,7941,0,5,100.00,37,7.5,362.7
2026-05-13T20:41:18,9.2,1289,7941,0,5,100.00,23,5.9,362.7
2026-05-13T20:41:23,20.6,1292,7941,2,4,100.00,20,7.0,362.7
2026-05-13T20:41:28,18.9,1289,7941,2,4,100.00,37,6.6,362.7
2026-05-13T20:41:34,17.0,1298,7941,0,6,100.00,27,6.6,362.7
2026-05-13T20:41:39,8.8,1291,7941,0,5,100.00,31,5.7,362.7
2026-05-13T20:41:44,16.9,1290,7941,0,5,100.00,35,6.5,362.7
2026-05-13T20:41:49,23.1,1296,7941,0,7,100.00,23,6.9,362.7
2026-05-13T20:41:55,11.9,1290,7941,0,5,100.00,35,7.8,362.7
2026-05-13T20:42:00,41.3,1313,7941,13,1,100.00,21,6.9,362.7
2026-05-13T20:42:05,100.0,1316,7941,12,2,100.00,26,8.1,362.7
2026-05-13T20:42:11,66.5,1322,7941,0,11,100.00,41,6.6,362.7
2026-05-13T20:42:16,26.3,1318,7941,0,9,100.00,45,7.2,362.7
2026-05-13T20:42:21,10.8,1297,7941,0,6,100.00,24,7.2,362.7
2026-05-13T20:42:27,66.5,1304,7941,0,9,100.00,32,7.1,362.7
2026-05-13T20:42:32,10.8,1297,7941,0,9,100.00,29,7.3,362.7
2026-05-13T20:42:37,17.3,1300,7941,0,7,100.00,35,6.6,362.7
2026-05-13T20:42:42,15.3,1306,7941,3,6,100.00,29,6.5,362.7
2026-05-13T20:42:48,14.4,1299,7941,0,5,100.00,36,6.6,362.7
2026-05-13T20:42:53,16.3,1300,7941,0,5,100.00,28,6.2,362.7
2026-05-13T20:42:58,9.8,1288,7941,0,5,100.00,23,6.2,362.7
2026-05-13T20:43:03,10.0,1280,7941,0,3,100.00,32,6.6,362.7
2026-05-13T20:43:09,15.3,1292,7941,0,6,100.00,32,6.6,362.7
2026-05-13T20:43:14,9.8,1291,7941,0,6,100.00,33,6.5,362.7
2026-05-13T20:43:19,9.6,1288,7941,0,3,100.00,27,6.2,362.7
2026-05-13T20:43:24,9.7,1283,7941,0,3,100.00,29,6.2,362.7
2026-05-13T20:43:30,9.6,1282,7941,0,3,100.00,26,6.6,362.7
2026-05-13T20:43:35,19.0,1301,7941,0,5,100.00,35,6.8,362.7
2026-05-13T20:43:40,10.1,1301,7941,0,4,100.00,27,6.9,362.7
2026-05-13T20:43:45,9.6,1286,7941,0,4,100.00,31,5.8,362.7
2026-05-13T20:43:51,8.4,1286,7941,0,4,100.00,25,5.5,362.7
2026-05-13T20:43:56,9.2,1290,7941,0,3,100.00,29,6.1,362.7
2026-05-13T20:44:01,8.4,1286,7941,0,3,100.00,14,5.5,362.7
2026-05-13T20:44:06,13.8,1286,7941,0,4,100.00,31,6.8,362.7
2026-05-13T20:44:12,22.9,1307,7941,1,7,100.00,23,5.9,362.7
2026-05-13T20:44:17,13.1,1293,7941,0,8,100.00,32,5.7,362.7
2026-05-13T20:44:22,8.2,1293,7941,0,4,100.00,26,5.4,362.7
2026-05-13T20:44:27,10.0,1283,7941,0,4,100.00,23,4.9,362.7
2026-05-13T20:44:33,14.9,1291,7941,0,5,100.00,22,5.5,362.7
2026-05-13T20:44:38,10.0,1285,7941,0,5,100.00,26,5.5,362.7
2026-05-13T20:44:43,8.7,1289,7941,0,4,100.00,33,5.6,362.7
2026-05-13T20:44:48,10.0,1287,7941,0,3,100.00,27,5.9,362.7
2026-05-13T20:44:53,8.2,1288,7941,0,5,100.00,23,5.3,362.7
2026-05-13T20:44:59,9.9,1291,7941,1,4,100.00,33,5.3,362.7
2026-05-13T20:45:04,16.7,1288,7941,0,5,100.00,41,14.4,362.7
2026-05-13T20:45:09,9.8,1288,7941,0,5,100.00,22,6.2,362.7
2026-05-13T20:45:15,9.6,1281,7941,0,3,100.00,33,6.0,362.7
2026-05-13T20:45:20,9.6,1293,7941,0,5,100.00,29,6.6,362.7
2026-05-13T20:45:25,9.9,1286,7941,0,5,100.00,38,6.5,362.7
2026-05-13T20:45:30,9.4,1285,7941,0,3,100.00,30,6.2,362.7
2026-05-13T20:45:35,13.1,1284,7941,0,4,100.00,38,6.9,362.7
2026-05-13T20:45:41,9.2,1284,7941,0,4,100.00,34,6.4,362.7
2026-05-13T20:45:46,10.3,1285,7941,0,4,100.00,32,6.4,362.7
2026-05-13T20:45:51,8.4,1288,7941,0,4,100.00,26,5.9,362.7
2026-05-13T20:45:56,9.6,1282,7941,0,3,100.00,35,6.5,362.7
2026-05-13T20:46:02,9.5,1288,7941,0,5,100.00,24,6.2,362.7
2026-05-13T20:46:07,11.3,1282,7941,0,5,100.00,33,6.4,362.7
2026-05-13T20:46:12,21.8,1295,7941,0,5,100.00,32,5.8,362.7
2026-05-13T20:46:17,16.9,1289,7941,0,5,100.00,23,5.8,362.7
2026-05-13T20:46:22,9.4,1291,7941,0,5,100.00,32,5.9,362.7
2026-05-13T20:46:28,9.8,1284,7941,2,3,100.00,32,5.8,362.7
2026-05-13T20:46:33,12.7,1294,7941,0,5,100.00,23,6.1,362.7
2026-05-13T20:46:38,13.1,1287,7941,0,6,100.00,33,7.0,362.7
2026-05-13T20:46:43,10.7,1294,7941,0,6,100.00,33,5.9,362.7
2026-05-13T20:46:49,9.5,1291,7941,0,5,100.00,28,5.8,362.7
2026-05-13T20:46:54,9.2,1295,7941,0,4,100.00,31,5.8,362.7
2026-05-13T20:46:59,8.8,1288,7941,0,4,100.00,22,5.8,362.7
2026-05-13T20:47:04,13.5,1294,7941,0,4,100.00,27,7.3,362.7
2026-05-13T20:47:10,9.3,1291,7941,1,3,100.00,29,5.9,362.7
2026-05-13T20:47:15,10.0,1285,7941,0,4,100.00,29,6.3,362.7
2026-05-13T20:47:20,9.2,1287,7941,0,3,100.00,26,6.0,362.7
2026-05-13T20:47:25,9.5,1283,7941,0,3,100.00,32,6.3,362.7
2026-05-13T20:47:31,14.5,1300,7941,0,5,100.00,19,5.9,362.7
2026-05-13T20:47:36,17.1,1284,7941,0,5,100.00,34,6.2,362.7
2026-05-13T20:47:41,12.7,1290,7941,0,5,100.00,25,5.8,362.7
2026-05-13T20:47:46,13.3,1291,7941,3,6,100.00,35,5.5,362.7
2026-05-13T20:47:52,13.4,1306,7941,0,8,100.00,24,5.8,362.7
2026-05-13T20:47:57,8.8,1279,7941,0,4,100.00,26,5.7,362.7
2026-05-13T20:48:02,10.7,1285,7941,0,5,100.00,21,7.7,362.7
2026-05-13T20:48:07,19.3,1296,7941,0,5,100.00,36,6.9,362.7
2026-05-13T20:48:13,65.7,1317,7941,5,6,100.00,30,7.0,362.7
2026-05-13T20:48:18,45.5,1311,7941,0,11,100.00,30,6.6,362.7
2026-05-13T20:48:23,20.5,1299,7941,0,8,100.00,34,6.2,362.7
2026-05-13T20:48:28,19.0,1292,7941,0,5,100.00,35,6.2,362.7
2026-05-13T20:48:34,16.0,1294,7941,4,3,100.00,29,6.2,362.7
2026-05-13T20:48:39,14.2,1289,7941,0,5,100.00,17,6.6,362.7
2026-05-13T20:48:44,19.9,1294,7941,4,3,100.00,41,6.3,362.7
2026-05-13T20:48:50,24.3,1299,7941,0,6,100.00,22,6.0,362.7
2026-05-13T20:48:55,15.2,1294,7941,0,5,100.00,37,6.3,362.7
2026-05-13T20:49:00,9.3,1285,7941,0,4,100.00,30,6.2,362.7
2026-05-13T20:49:05,23.8,1297,7941,0,5,100.00,33,9.2,362.7
2026-05-13T20:49:11,10.3,1301,7941,0,5,100.00,25,7.2,362.7
2026-05-13T20:49:16,15.9,1288,7941,0,5,100.00,37,6.8,362.7
2026-05-13T20:49:21,10.0,1292,7941,0,5,100.00,27,6.8,362.7
2026-05-13T20:49:26,8.9,1297,7941,0,5,100.00,29,5.5,362.7
2026-05-13T20:49:32,9.4,1289,7941,0,3,100.00,32,6.3,362.7
2026-05-13T20:49:37,8.7,1290,7941,4,1,100.00,29,5.6,362.7
2026-05-13T20:49:42,15.2,1295,7941,0,5,100.00,28,5.8,362.7
2026-05-13T20:49:47,9.1,1283,7941,0,4,100.00,31,5.5,362.7
2026-05-13T20:49:53,8.6,1287,7941,0,4,100.00,25,5.8,362.7
2026-05-13T20:49:58,9.0,1284,7941,0,3,100.00,31,6.0,362.7
2026-05-13T20:50:03,11.8,1291,7941,0,5,100.00,23,10.4,362.7
2026-05-13T20:50:09,14.2,1292,7941,0,5,100.00,38,10.0,362.7
2026-05-13T20:50:14,16.5,1292,7941,2,3,100.00,35,7.0,362.7
2026-05-13T20:50:19,29.9,1297,7941,0,7,100.00,29,8.1,362.7
2026-05-13T20:50:24,12.2,1286,7941,0,6,100.00,36,6.2,362.7
2026-05-13T20:50:30,12.5,1283,7941,0,5,100.00,30,6.1,362.7
2026-05-13T20:50:35,10.4,1289,7941,0,5,100.00,35,5.8,362.7
2026-05-13T20:50:40,10.2,1288,7941,0,4,100.00,26,5.4,362.7
2026-05-13T20:50:45,12.0,1292,7941,0,4,100.00,28,6.0,362.7
2026-05-13T20:50:51,10.6,1289,7941,0,4,100.00,30,5.5,362.7
2026-05-13T20:50:56,9.7,1290,7941,0,5,100.00,38,5.8,362.7
2026-05-13T20:51:01,9.3,1288,7941,0,4,100.00,34,6.2,362.7
2026-05-13T20:51:07,12.1,1293,7941,0,4,100.00,29,9.1,362.7
2026-05-13T20:51:12,11.5,1288,7941,0,4,100.00,27,5.6,362.7
2026-05-13T20:51:17,8.9,1282,7941,0,4,100.00,25,5.1,362.7
2026-05-13T20:51:22,9.9,1296,7941,0,7,100.00,34,6.8,362.7
2026-05-13T20:51:28,8.1,1295,7941,0,7,100.00,24,5.1,362.7
2026-05-13T20:51:33,8.6,1281,7941,0,3,100.00,32,5.9,362.7
2026-05-13T20:51:38,9.6,1282,7941,2,3,100.00,30,5.8,362.7
2026-05-13T20:51:43,13.7,1289,7941,0,5,100.00,23,6.0,362.7
2026-05-13T20:51:49,9.2,1285,7941,0,5,100.00,34,6.1,362.7
2026-05-13T20:51:54,9.8,1289,7941,0,5,100.00,36,5.9,362.7
2026-05-13T20:51:59,8.7,1290,7941,0,5,100.00,22,5.8,362.7
2026-05-13T20:52:04,10.0,1285,7941,0,3,100.00,27,6.5,362.7
2026-05-13T20:52:09,9.1,1284,7941,0,5,100.00,26,6.0,362.7
2026-05-13T20:52:15,11.4,1287,7941,0,5,100.00,31,5.9,362.7
2026-05-13T20:52:20,21.7,1297,7941,0,5,100.00,22,5.5,362.7
2026-05-13T20:52:25,9.8,1288,7941,0,5,100.00,29,5.4,362.7
2026-05-13T20:52:30,17.6,1294,7941,0,5,100.00,18,5.8,362.7
2026-05-13T20:52:36,12.3,1296,7941,0,5,100.00,34,5.8,362.7
2026-05-13T20:52:41,12.1,1296,7941,0,6,100.00,22,5.8,362.7
2026-05-13T20:52:46,8.6,1305,7941,0,6,100.00,32,5.5,362.7
2026-05-13T20:52:51,14.4,1302,7941,0,5,100.00,27,6.0,362.7
2026-05-13T20:52:57,9.6,1294,7941,0,5,100.00,42,5.3,362.7
2026-05-13T20:53:02,8.9,1294,7941,0,5,100.00,23,5.9,362.7
2026-05-13T20:53:07,9.6,1295,7941,0,5,100.00,29,6.4,362.7
2026-05-13T20:53:12,13.4,1290,7941,0,4,100.00,30,5.8,362.7
2026-05-13T20:53:18,11.0,1295,7941,0,4,100.00,28,6.9,362.7
2026-05-13T20:53:23,10.0,1292,7941,0,4,100.00,23,6.5,362.7
2026-05-13T20:53:28,9.4,1285,7941,0,3,100.00,35,5.9,362.7
2026-05-13T20:53:33,14.1,1299,7941,0,5,100.00,25,6.6,362.7
2026-05-13T20:53:39,9.4,1296,7941,0,5,100.00,30,6.2,362.7
2026-05-13T20:53:44,26.6,1308,7941,0,6,100.00,33,7.1,362.7
2026-05-13T20:53:49,10.5,1299,7941,0,6,100.00,33,6.9,362.7
2026-05-13T20:53:54,30.1,1304,7941,0,7,100.00,27,6.7,362.7
2026-05-13T20:54:00,9.3,1302,7941,0,7,100.00,28,6.4,362.7
2026-05-13T20:54:05,12.3,1296,7941,0,5,100.00,33,8.6,362.7
2026-05-13T20:54:10,20.1,1308,7941,2,4,100.00,30,7.0,362.7
2026-05-13T20:54:15,16.5,1300,7941,0,5,100.00,41,7.6,362.7
2026-05-13T20:54:21,85.8,1320,7941,13,1,100.00,24,7.6,362.7
2026-05-13T20:54:26,70.0,1316,7941,3,10,100.00,44,6.9,362.7
2026-05-13T20:54:31,23.2,1318,7941,0,11,100.00,19,6.8,362.7
2026-05-13T20:54:37,26.8,1296,7941,2,4,100.00,46,6.9,362.7
2026-05-13T20:54:42,33.6,1307,7941,0,7,100.00,32,6.7,362.7
2026-05-13T20:54:47,9.7,1300,7941,0,7,100.00,29,6.1,362.7
2026-05-13T20:54:52,19.3,1297,7941,0,6,100.00,29,6.5,362.7
2026-05-13T20:54:58,33.9,1304,7941,0,6,100.00,47,6.2,362.7
2026-05-13T20:55:03,11.2,1301,7941,1,5,100.00,23,9.4,362.7
2026-05-13T20:55:09,13.2,1298,7941,0,5,100.00,27,9.8,362.7
2026-05-13T20:55:14,20.0,1298,7941,1,5,100.00,36,6.5,362.7
2026-05-13T20:55:19,28.0,1308,7941,0,8,100.00,29,6.2,362.7
2026-05-13T20:55:24,9.1,1305,7941,0,8,100.00,35,5.5,362.7
2026-05-13T20:55:30,9.8,1298,7941,0,5,100.00,36,6.6,362.7
2026-05-13T20:55:35,9.0,1290,7941,0,5,100.00,39,5.7,362.7
2026-05-13T20:55:40,8.2,1296,7941,0,5,100.00,31,5.5,362.7
2026-05-13T20:55:45,11.9,1294,7941,4,3,100.00,32,5.8,362.7
2026-05-13T20:55:51,16.0,1297,7941,0,5,100.00,30,6.5,362.7
2026-05-13T20:55:56,10.0,1287,7941,0,4,100.00,34,6.1,362.7
2026-05-13T20:56:01,10.2,1294,7941,0,4,100.00,33,6.9,362.7
2026-05-13T20:56:07,11.0,1293,7941,0,5,100.00,30,7.3,362.7
2026-05-13T20:56:12,9.7,1298,7941,0,5,100.00,26,6.2,362.7
2026-05-13T20:56:17,11.0,1294,7941,1,4,100.00,28,7.3,362.7
2026-05-13T20:56:22,16.5,1297,7941,0,4,100.00,25,6.9,362.7
2026-05-13T20:56:28,21.7,1300,7941,0,6,100.00,28,6.6,362.7
2026-05-13T20:56:33,13.0,1300,7941,0,6,100.00,23,6.1,362.7
2026-05-13T20:56:38,12.4,1301,7941,0,5,100.00,39,6.5,362.7
2026-05-13T20:56:44,16.6,1301,7941,0,5,100.00,32,6.1,362.7
2026-05-13T20:56:49,9.9,1291,7941,0,5,100.00,36,6.1,362.7
2026-05-13T20:56:54,16.7,1294,7941,0,5,100.00,28,6.7,362.7
2026-05-13T20:56:59,10.9,1298,7941,1,4,100.00,29,6.2,362.7
2026-05-13T20:57:04,12.8,1293,7941,0,4,100.00,32,8.8,362.7
2026-05-13T20:57:10,11.0,1292,7941,0,4,100.00,29,7.6,362.7
2026-05-13T20:57:15,10.2,1292,7941,0,3,100.00,33,6.6,362.7
2026-05-13T20:57:20,12.9,1294,7941,1,3,100.00,24,6.4,362.7
2026-05-13T20:57:26,11.2,1291,7941,0,4,100.00,32,6.9,362.7
2026-05-13T20:57:31,10.9,1299,7941,0,4,100.00,22,7.6,362.7
2026-05-13T20:57:36,10.7,1291,7941,0,5,100.00,29,6.8,362.7
2026-05-13T20:57:41,10.3,1297,7941,0,5,100.00,28,6.9,362.7
2026-05-13T20:57:47,12.1,1295,7941,1,4,100.00,37,6.8,362.7
2026-05-13T20:57:52,10.6,1295,7941,0,5,100.00,30,6.5,362.7
2026-05-13T20:57:57,10.9,1295,7941,0,4,100.00,39,6.9,362.7
2026-05-13T20:58:02,11.2,1284,7941,0,4,100.00,17,7.7,362.7
2026-05-13T20:58:08,10.0,1287,7941,0,4,100.00,28,6.5,362.7
2026-05-13T20:58:13,8.8,1288,7941,0,4,100.00,23,5.7,362.7
2026-05-13T20:58:18,9.4,1287,7941,1,3,100.00,25,6.0,362.7
2026-05-13T20:58:23,15.4,1288,7941,0,4,100.00,26,6.1,362.7
2026-05-13T20:58:29,15.8,1291,7941,0,5,100.00,25,5.7,362.7
2026-05-13T20:58:34,14.8,1288,7941,0,5,100.00,40,6.3,362.7
2026-05-13T20:58:39,10.0,1285,7941,0,5,100.00,25,6.2,362.7
2026-05-13T20:58:44,13.0,1290,7941,0,5,100.00,32,6.4,362.7
2026-05-13T20:58:49,12.4,1291,7941,0,5,100.00,31,5.6,362.7
2026-05-13T20:58:55,12.3,1285,7941,0,4,100.00,32,6.2,362.7
2026-05-13T20:59:00,10.4,1296,7941,0,5,100.00,36,5.6,362.7
2026-05-13T20:59:05,11.2,1294,7941,0,5,100.00,25,6.5,362.7
2026-05-13T20:59:10,7.6,1287,7941,0,3,100.00,20,5.1,362.7
2026-05-13T20:59:16,9.2,1292,7941,0,4,100.00,33,6.1,362.7
2026-05-13T20:59:21,12.0,1300,7941,0,4,100.00,22,5.2,362.7
2026-05-13T20:59:26,9.0,1297,7941,0,4,100.00,37,6.0,362.7
2026-05-13T20:59:31,8.2,1285,7941,0,4,100.00,23,5.4,362.7
2026-05-13T20:59:37,12.5,1296,7941,0,4,100.00,23,5.2,362.7
2026-05-13T20:59:42,9.4,1292,7941,0,3,100.00,40,6.3,362.7
2026-05-13T20:59:47,17.7,1286,7941,0,5,100.00,30,5.9,362.7
2026-05-13T20:59:52,10.9,1295,7941,0,6,100.00,24,5.5,362.7
2026-05-13T20:59:57,8.2,1293,7941,0,6,100.00,30,5.3,362.7
2026-05-13T21:00:03,18.7,1289,7941,0,4,100.00,28,9.8,362.7
2026-05-13T21:00:08,18.9,1332,7941,0,4,100.00,30,17.7,362.7
2026-05-13T21:00:14,14.3,1329,7941,3,3,100.00,34,9.0,362.7
2026-05-13T21:00:19,24.2,1316,7941,4,3,100.00,31,8.0,362.7
2026-05-13T21:00:25,33.9,1339,7941,0,8,100.00,38,9.0,362.7
2026-05-13T21:00:30,36.3,1336,7941,0,6,100.00,33,7.0,362.7
2026-05-13T21:00:35,54.9,1336,7941,5,5,100.00,46,6.6,362.7
2026-05-13T21:00:41,21.2,1337,7941,6,6,100.00,35,6.1,362.7
2026-05-13T21:00:46,46.4,1340,7941,1,8,100.00,42,5.9,362.7
2026-05-13T21:00:51,11.1,1328,7941,0,7,100.00,30,6.3,362.7
2026-05-13T21:00:56,15.6,1323,7941,1,4,100.00,30,5.5,362.7
2026-05-13T21:01:02,14.7,1325,7941,9,1,100.00,25,6.6,362.7
2026-05-13T21:01:07,39.9,1324,7941,0,8,100.00,29,6.1,362.7
2026-05-13T21:01:12,8.4,1325,7941,0,7,100.00,29,5.5,362.7
2026-05-13T21:01:17,9.1,1312,7941,0,3,100.00,27,5.9,362.7
2026-05-13T21:01:23,17.4,1328,7941,0,5,100.00,30,6.6,362.7
2026-05-13T21:01:28,13.3,1327,7941,0,5,100.00,31,5.5,362.7
2026-05-13T21:01:33,8.9,1323,7941,0,4,100.00,21,6.0,362.7
2026-05-13T21:01:38,9.7,1320,7941,0,4,100.00,30,6.3,362.7
2026-05-13T21:01:44,8.9,1327,7941,0,4,100.00,32,5.9,362.7
2026-05-13T21:01:49,9.5,1319,7941,0,4,100.00,28,6.3,362.7
2026-05-13T21:01:54,16.9,1323,7941,0,5,100.00,31,6.1,362.7
2026-05-13T21:01:59,9.8,1323,7941,0,5,100.00,28,6.3,362.7
2026-05-13T21:02:05,11.3,1325,7941,0,5,100.00,26,6.8,362.7
2026-05-13T21:02:10,10.2,1328,7941,0,5,100.00,33,6.9,362.7
2026-05-13T21:02:15,9.1,1321,7941,0,5,100.00,37,5.9,362.7
2026-05-13T21:02:20,8.0,1323,7941,0,4,100.00,27,5.0,362.7
2026-05-13T21:02:26,18.2,1322,7941,0,4,100.00,34,5.0,362.7
2026-05-13T21:02:31,13.2,1322,7941,0,4,100.00,24,5.4,362.7
2026-05-13T21:02:36,11.4,1328,7941,0,5,100.00,27,5.1,362.7
2026-05-13T21:02:41,14.4,1327,7941,0,5,100.00,24,5.3,362.7
2026-05-13T21:02:47,10.3,1325,7941,0,5,100.00,39,5.1,362.7
2026-05-13T21:02:52,13.5,1335,7941,0,5,100.00,23,4.9,362.7
2026-05-13T21:02:57,8.7,1334,7941,0,5,100.00,32,5.7,362.7
2026-05-13T21:03:02,11.5,1324,7941,1,3,100.00,25,6.7,362.7
2026-05-13T21:03:08,12.4,1322,7941,0,4,100.00,30,5.3,362.7
2026-05-13T21:03:13,7.7,1331,7941,0,5,100.00,25,5.0,362.7
2026-05-13T21:03:18,8.6,1325,7941,0,5,100.00,25,5.7,362.7
2026-05-13T21:03:23,7.8,1326,7941,0,4,100.00,30,5.1,362.7
2026-05-13T21:03:28,15.1,1329,7941,0,5,100.00,24,5.5,362.7
2026-05-13T21:03:34,8.7,1326,7941,0,5,100.00,35,6.0,362.7
2026-05-13T21:03:39,8.8,1326,7941,0,5,100.00,19,5.8,362.7
2026-05-13T21:03:44,9.1,1317,7941,0,4,100.00,41,6.0,362.7
2026-05-13T21:03:49,8.7,1327,7941,0,4,100.00,29,5.7,362.7
2026-05-13T21:03:55,9.3,1319,7941,0,3,100.00,35,6.0,362.7
2026-05-13T21:04:00,13.8,1328,7941,0,5,100.00,29,5.8,362.7
2026-05-13T21:04:05,10.7,1306,7941,1,4,100.00,30,6.4,362.7
2026-05-13T21:04:10,8.0,1295,7941,0,4,100.00,27,5.4,362.7
2026-05-13T21:04:16,8.8,1288,7941,0,3,100.00,30,5.8,362.7
2026-05-13T21:04:21,8.3,1291,7941,0,3,100.00,20,5.5,362.7
2026-05-13T21:04:26,23.9,1294,7941,0,5,100.00,31,5.9,362.7
2026-05-13T21:04:31,10.4,1296,7941,0,5,100.00,29,5.6,362.7
2026-05-13T21:04:36,12.1,1295,7941,0,4,100.00,32,5.5,362.7
2026-05-13T21:04:42,14.8,1297,7941,0,5,100.00,30,5.7,362.7
2026-05-13T21:04:47,8.0,1295,7941,0,5,100.00,30,5.1,362.7
2026-05-13T21:04:52,14.3,1289,7941,0,4,100.00,27,5.5,362.7
2026-05-13T21:04:57,8.2,1289,7941,0,4,100.00,24,5.3,362.7
2026-05-13T21:05:03,11.3,1298,7941,0,5,100.00,26,10.2,362.7
2026-05-13T21:05:08,27.0,1294,7941,0,6,100.00,32,8.2,362.7
2026-05-13T21:05:13,8.6,1295,7941,0,6,100.00,27,5.5,362.7
2026-05-13T21:05:19,8.7,1286,7941,0,3,100.00,39,5.6,362.7
2026-05-13T21:05:24,8.6,1294,7941,0,5,100.00,32,5.5,362.7
2026-05-13T21:05:29,15.4,1291,7941,0,5,100.00,21,5.7,362.7
2026-05-13T21:05:34,8.4,1291,7941,0,5,100.00,32,5.3,362.7
2026-05-13T21:05:39,8.4,1286,7941,0,3,100.00,31,5.8,362.7
2026-05-13T21:05:45,9.1,1290,7941,0,4,100.00,37,5.8,362.7
2026-05-13T21:05:50,16.9,1294,7941,0,6,100.00,29,5.5,362.7
2026-05-13T21:05:55,12.9,1297,7941,0,6,100.00,38,5.8,362.7
2026-05-13T21:06:00,11.0,1290,7941,0,5,100.00,22,5.9,362.7
2026-05-13T21:06:06,15.1,1300,7941,0,7,100.00,29,7.2,362.7
2026-05-13T21:06:11,7.9,1293,7941,0,7,100.00,20,5.3,362.7
2026-05-13T21:06:16,14.5,1289,7941,0,4,100.00,29,5.5,362.7
2026-05-13T21:06:21,12.7,1289,7941,0,4,100.00,28,5.5,362.7
2026-05-13T21:06:27,19.4,1310,7941,0,7,100.00,26,5.1,362.7
2026-05-13T21:06:32,24.7,1303,7941,0,7,100.00,30,6.4,362.7
2026-05-13T21:06:37,19.6,1294,7941,0,6,100.00,39,4.9,362.7
2026-05-13T21:06:42,37.7,1306,7941,0,8,100.00,25,5.4,362.7
2026-05-13T21:06:47,31.0,1307,7941,0,8,100.00,36,5.9,362.7
2026-05-13T21:06:53,26.8,1309,7941,0,7,100.00,25,5.0,362.7
2026-05-13T21:06:58,12.7,1296,7941,0,7,100.00,33,5.1,362.7
2026-05-13T21:07:03,9.5,1287,7941,0,3,100.00,25,6.5,362.7
2026-05-13T21:07:08,24.5,1300,7941,0,7,100.00,37,5.8,362.7
2026-05-13T21:07:14,17.8,1304,7941,0,7,100.00,34,6.1,362.7
2026-05-13T21:07:19,10.1,1291,7941,0,5,100.00,27,5.9,362.7
2026-05-13T21:07:24,8.2,1282,7941,0,3,100.00,31,5.2,362.7
2026-05-13T21:07:29,17.2,1292,7941,0,5,100.00,27,5.5,362.7
2026-05-13T21:07:35,13.8,1292,7941,0,5,100.00,28,5.5,362.7
2026-05-13T21:07:40,7.5,1295,7941,0,5,100.00,21,4.8,362.7
2026-05-13T21:07:45,8.2,1284,7941,0,3,100.00,34,5.4,362.7
2026-05-13T21:07:50,7.8,1285,7941,0,4,100.00,20,4.9,362.7
2026-05-13T21:07:56,9.4,1288,7941,0,5,100.00,33,6.3,362.7
2026-05-13T21:08:01,18.0,1289,7941,0,5,100.00,27,5.0,362.7
2026-05-13T21:08:06,10.6,1290,7941,0,5,100.00,26,6.7,362.7
2026-05-13T21:08:11,7.5,1287,7941,0,4,100.00,25,4.9,362.7
2026-05-13T21:08:16,8.2,1281,7941,0,4,100.00,24,5.5,362.7
2026-05-13T21:08:22,8.4,1287,7941,0,4,100.00,24,5.5,362.7
2026-05-13T21:08:27,10.2,1285,7941,0,4,100.00,38,5.9,362.7
2026-05-13T21:08:32,17.5,1296,7941,0,4,100.00,35,5.9,362.7
2026-05-13T21:08:37,12.6,1289,7941,0,4,100.00,30,5.9,362.7
2026-05-13T21:08:43,12.6,1298,7941,0,4,100.00,25,5.7,362.7
2026-05-13T21:08:48,11.1,1285,7941,1,3,100.00,33,5.3,362.7
2026-05-13T21:08:53,14.3,1291,7941,1,5,100.00,22,5.5,362.7
2026-05-13T21:08:58,9.3,1299,7941,0,6,100.00,34,5.1,362.7
2026-05-13T21:09:03,12.1,1290,7941,0,4,100.00,28,10.7,362.7
2026-05-13T21:09:09,17.2,1282,7941,1,4,100.00,27,8.2,362.7
2026-05-13T21:09:14,13.4,1288,7941,0,5,100.00,26,5.2,362.7
2026-05-13T21:09:19,8.2,1292,7941,0,5,100.00,24,5.5,362.7
2026-05-13T21:09:25,8.6,1284,7941,0,3,100.00,24,5.6,362.7
2026-05-13T21:09:30,14.1,1293,7941,0,5,100.00,26,5.1,362.7
2026-05-13T21:09:35,9.2,1292,7941,0,5,100.00,34,5.5,362.7
2026-05-13T21:09:40,7.6,1288,7941,0,4,100.00,25,5.3,362.7
2026-05-13T21:09:45,8.3,1282,7941,0,3,100.00,32,5.6,362.7
2026-05-13T21:09:51,8.7,1286,7941,0,3,100.00,27,6.1,362.7
2026-05-13T21:09:56,9.1,1288,7941,0,3,100.00,26,6.3,362.7
2026-05-13T21:10:01,10.2,1291,7941,0,4,100.00,30,8.1,362.7
2026-05-13T21:10:07,22.4,1283,7941,0,5,100.00,35,16.4,362.7
2026-05-13T21:10:12,12.1,1293,7941,0,5,100.00,33,7.8,362.7
2026-05-13T21:10:17,11.4,1289,7941,0,5,100.00,36,7.2,362.7
2026-05-13T21:10:23,11.7,1294,7941,0,5,100.00,31,7.9,362.7
2026-05-13T21:10:28,11.0,1291,7941,0,5,100.00,30,6.2,362.7
2026-05-13T21:10:33,9.4,1291,7941,0,5,100.00,30,6.0,362.7
2026-05-13T21:10:39,14.4,1294,7941,0,5,100.00,33,5.8,362.7
2026-05-13T21:10:44,16.3,1294,7941,0,5,100.00,34,5.9,362.7
2026-05-13T21:10:49,13.2,1287,7941,0,4,100.00,27,6.3,362.7
2026-05-13T21:10:54,12.9,1287,7941,0,4,100.00,34,5.3,362.7
2026-05-13T21:11:00,11.7,1292,7941,0,4,100.00,35,6.3,362.7
2026-05-13T21:11:05,10.2,1282,7941,0,4,100.00,25,6.7,362.7
2026-05-13T21:11:10,10.5,1290,7941,0,4,100.00,39,7.3,362.7
2026-05-13T21:11:15,15.2,1290,7941,0,5,100.00,25,5.9,362.7
2026-05-13T21:11:20,10.4,1300,7941,0,5,100.00,34,5.5,362.7
2026-05-13T21:11:26,9.0,1291,7941,0,5,100.00,31,5.9,362.7
2026-05-13T21:11:31,14.5,1295,7941,0,5,100.00,33,5.9,362.7
2026-05-13T21:11:36,8.5,1293,7941,0,5,100.00,33,5.1,362.7
2026-05-13T21:11:41,8.1,1281,7941,0,4,100.00,20,5.4,362.7
2026-05-13T21:11:47,8.6,1287,7941,0,5,100.00,33,5.5,362.7
2026-05-13T21:11:52,7.1,1292,7941,0,5,100.00,19,4.7,362.7
2026-05-13T21:11:57,17.0,1299,7941,3,4,100.00,36,5.1,362.7
2026-05-13T21:12:02,14.3,1291,7941,0,4,100.00,23,7.2,362.7
2026-05-13T21:12:08,9.0,1286,7941,0,3,100.00,26,6.0,362.7
2026-05-13T21:12:13,27.6,1305,7941,0,6,100.00,22,6.9,362.7
2026-05-13T21:12:18,9.7,1307,7941,0,6,100.00,39,6.4,362.7
2026-05-13T21:12:23,13.8,1299,7941,0,5,100.00,23,5.5,362.7
2026-05-13T21:12:28,14.3,1281,7941,0,4,100.00,32,6.4,362.7
2026-05-13T21:12:34,8.5,1286,7941,0,5,100.00,30,5.8,362.7
2026-05-13T21:12:39,28.6,1293,7941,0,6,100.00,27,5.3,362.7
2026-05-13T21:12:44,26.0,1296,7941,8,2,100.00,39,5.8,362.7
2026-05-13T21:12:50,48.9,1303,7941,0,9,100.00,25,5.8,362.7
2026-05-13T21:12:55,24.1,1299,7941,0,7,100.00,38,5.5,362.7
2026-05-13T21:13:00,21.0,1298,7941,0,7,100.00,25,5.6,362.7
2026-05-13T21:13:05,15.3,1295,7941,0,5,100.00,34,6.9,362.7
2026-05-13T21:13:10,8.5,1298,7941,0,4,100.00,22,5.9,362.7
2026-05-13T21:13:16,12.7,1294,7941,7,1,100.00,29,5.7,362.7
2026-05-13T21:13:21,35.9,1300,7941,3,7,100.00,34,5.0,362.7
2026-05-13T21:13:26,22.8,1290,7941,0,6,100.00,36,6.3,362.7
2026-05-13T21:13:31,10.6,1290,7941,4,3,100.00,30,5.9,362.7
2026-05-13T21:13:37,29.1,1307,7941,0,10,100.00,29,6.4,362.7
2026-05-13T21:13:42,9.6,1306,7941,0,10,100.00,34,6.6,362.7
2026-05-13T21:13:47,10.3,1293,7941,0,4,100.00,37,6.6,362.7
2026-05-13T21:13:53,9.5,1301,7941,0,4,100.00,20,6.5,362.7
2026-05-13T21:13:58,9.2,1296,7941,0,4,100.00,43,5.8,362.7
2026-05-13T21:14:03,9.4,1288,7941,0,4,100.00,21,6.3,362.7
2026-05-13T21:14:08,10.1,1285,7941,0,5,100.00,28,6.7,362.7
2026-05-13T21:14:13,19.1,1291,7941,0,6,100.00,34,6.3,362.7
2026-05-13T21:14:19,8.6,1288,7941,0,6,100.00,28,5.5,362.7
2026-05-13T21:14:24,9.0,1287,7941,0,5,100.00,38,5.5,362.7
2026-05-13T21:14:29,9.7,1284,7941,0,4,100.00,30,6.6,362.7
2026-05-13T21:14:34,9.1,1289,7941,0,4,100.00,33,5.9,362.7
2026-05-13T21:14:40,16.3,1286,7941,0,4,100.00,31,6.5,362.7
2026-05-13T21:14:45,12.8,1290,7941,1,4,100.00,33,5.6,362.7
2026-05-13T21:14:50,17.0,1298,7941,0,5,100.00,29,5.9,362.7
2026-05-13T21:14:55,10.2,1291,7941,0,5,100.00,29,5.9,362.7
2026-05-13T21:15:01,15.7,1284,7941,0,4,100.00,24,6.9,362.7
2026-05-13T21:15:06,15.4,1285,7941,0,5,100.00,28,11.6,362.7
2026-05-13T21:15:11,9.4,1287,7941,0,5,100.00,24,6.2,362.7
2026-05-13T21:15:16,10.3,1280,7941,0,4,100.00,36,6.9,362.7
2026-05-13T21:15:22,10.8,1287,7941,1,3,100.00,33,7.0,362.7
2026-05-13T21:15:27,14.3,1288,7941,0,5,100.00,35,6.3,362.7
2026-05-13T21:15:32,9.7,1292,7941,0,5,100.00,32,6.5,362.7
2026-05-13T21:15:37,16.6,1286,7941,0,5,100.00,39,6.2,362.7
2026-05-13T21:15:43,8.5,1287,7941,0,5,100.00,25,5.9,362.7
2026-05-13T21:15:48,9.0,1287,7941,0,5,100.00,33,6.0,362.7
2026-05-13T21:15:53,8.1,1289,7941,0,5,100.00,29,5.3,362.7
2026-05-13T21:15:58,9.2,1283,7941,0,4,100.00,40,5.9,362.7
2026-05-13T21:16:03,10.2,1278,7941,0,3,100.00,32,6.8,362.7
2026-05-13T21:16:09,8.7,1278,7941,0,3,100.00,30,5.6,362.7
2026-05-13T21:16:14,9.4,1283,7941,0,4,100.00,27,6.1,362.7
2026-05-13T21:16:19,12.0,1283,7941,0,4,100.00,19,5.8,362.7
2026-05-13T21:16:24,9.5,1286,7941,0,4,100.00,44,6.3,362.7
2026-05-13T21:16:30,9.1,1280,7941,0,4,100.00,22,6.2,362.7
2026-05-13T21:16:35,10.3,1289,7941,0,4,100.00,31,6.7,362.7
2026-05-13T21:16:40,16.2,1291,7941,0,4,100.00,29,6.5,362.7
2026-05-13T21:16:45,9.8,1292,7941,1,3,100.00,34,5.8,362.7
2026-05-13T21:16:51,18.5,1289,7941,0,5,100.00,30,7.0,362.7
2026-05-13T21:16:56,12.4,1287,7941,0,5,100.00,38,5.6,362.7
2026-05-13T21:17:01,12.4,1287,7941,0,4,100.00,24,5.9,362.7
2026-05-13T21:17:06,14.1,1286,7941,0,4,100.00,37,6.4,362.7
2026-05-13T21:17:12,9.6,1290,7941,0,4,100.00,23,6.2,362.7
2026-05-13T21:17:17,9.9,1286,7941,0,4,100.00,26,6.3,362.7
2026-05-13T21:17:22,10.9,1290,7941,0,5,100.00,34,7.0,362.7
2026-05-13T21:17:27,15.2,1289,7941,0,5,100.00,36,6.5,362.7
2026-05-13T21:17:33,9.6,1288,7941,0,5,100.00,27,6.7,362.7
2026-05-13T21:17:38,13.0,1291,7941,0,5,100.00,31,6.0,362.7
2026-05-13T21:17:43,9.6,1297,7941,0,5,100.00,22,6.5,362.7
2026-05-13T21:17:48,9.9,1291,7941,0,5,100.00,30,6.6,362.7
2026-05-13T21:17:54,9.1,1283,7941,0,3,100.00,31,6.1,362.7
2026-05-13T21:17:59,10.3,1292,7941,0,4,100.00,26,6.7,362.7
2026-05-13T21:18:04,33.2,1294,7941,0,6,100.00,29,8.8,362.7
2026-05-13T21:18:09,10.0,1293,7941,0,6,100.00,23,6.9,362.7
2026-05-13T21:18:15,9.2,1287,7941,0,4,100.00,29,5.8,362.7
2026-05-13T21:18:20,25.5,1298,7941,0,7,100.00,24,6.9,362.7
2026-05-13T21:18:25,14.0,1297,7941,0,7,100.00,24,6.5,362.7
2026-05-13T21:18:30,16.3,1298,7941,5,5,100.00,26,7.1,362.7
2026-05-13T21:18:36,17.8,1296,7941,0,7,100.00,27,7.6,362.7
2026-05-13T21:18:41,16.8,1293,7941,5,2,100.00,26,7.2,362.7
2026-05-13T21:18:46,29.6,1306,7941,7,2,100.00,35,6.7,362.7
2026-05-13T21:18:52,60.3,1309,7941,1,9,100.00,34,7.9,362.7
2026-05-13T21:18:57,34.3,1321,7941,4,8,100.00,39,7.0,362.7
2026-05-13T21:19:03,28.7,1308,7941,0,9,100.00,25,9.1,362.7
2026-05-13T21:19:08,33.4,1299,7941,0,7,100.00,33,8.1,362.7
2026-05-13T21:19:13,30.3,1298,7941,0,7,100.00,30,7.0,362.7
2026-05-13T21:19:18,10.0,1298,7941,0,6,100.00,39,6.3,362.7
2026-05-13T21:19:24,14.9,1290,7941,0,5,100.00,30,6.3,362.7
2026-05-13T21:19:29,28.5,1295,7941,0,5,100.00,31,6.2,362.7
2026-05-13T21:19:34,10.9,1287,7941,0,5,100.00,26,7.1,362.7
2026-05-13T21:19:39,30.8,1294,7941,0,7,100.00,27,7.2,362.7
2026-05-13T21:19:45,10.9,1291,7941,0,7,100.00,28,7.5,362.7
2026-05-13T21:19:50,10.1,1288,7941,0,5,100.00,26,6.6,362.7
2026-05-13T21:19:55,9.7,1290,7941,0,5,100.00,36,6.5,362.7
2026-05-13T21:20:00,9.5,1297,7941,0,5,100.00,22,6.7,362.7
2026-05-13T21:20:06,16.7,1288,7941,0,5,100.00,32,15.9,362.7
2026-05-13T21:20:11,12.0,1291,7941,0,5,100.00,29,8.3,362.7
2026-05-13T21:20:16,14.4,1293,7941,0,5,100.00,34,10.2,362.7
2026-05-13T21:20:22,35.4,1297,7941,0,7,100.00,35,8.8,362.7
2026-05-13T21:20:27,12.5,1296,7941,0,7,100.00,34,8.3,362.7
2026-05-13T21:20:33,10.9,1285,7941,0,5,100.00,33,6.9,362.7
2026-05-13T21:20:38,11.9,1288,7941,0,5,100.00,24,8.0,362.7
2026-05-13T21:20:43,12.0,1295,7941,0,4,100.00,30,6.9,362.7
2026-05-13T21:20:48,20.4,1296,7941,1,5,100.00,35,9.0,362.7
2026-05-13T21:20:54,18.3,1290,7941,1,6,100.00,35,7.2,362.7
2026-05-13T21:20:59,14.2,1289,7941,0,4,100.00,38,7.2,362.7
2026-05-13T21:21:04,16.4,1294,7941,0,5,100.00,39,10.6,362.7
2026-05-13T21:21:10,12.7,1289,7941,0,5,100.00,24,7.3,362.7
2026-05-13T21:21:15,13.2,1283,7941,0,4,100.00,33,6.9,362.7
2026-05-13T21:21:20,9.9,1287,7941,0,4,100.00,29,6.3,362.7
2026-05-13T21:21:25,10.0,1283,7941,0,3,100.00,35,6.3,362.7
2026-05-13T21:21:31,11.8,1295,7941,0,6,100.00,28,6.2,362.7
2026-05-13T21:21:36,16.6,1300,7941,0,6,100.00,24,5.8,362.7
2026-05-13T21:21:41,13.2,1289,7941,0,5,100.00,25,6.8,362.7
2026-05-13T21:21:46,11.8,1289,7941,0,4,100.00,44,7.4,362.7
2026-05-13T21:21:52,9.1,1292,7941,0,4,100.00,24,5.9,362.7
2026-05-13T21:21:57,11.1,1289,7941,0,4,100.00,37,7.3,362.7
2026-05-13T21:22:02,11.3,1296,7941,0,5,100.00,27,8.2,362.7
2026-05-13T21:22:07,11.2,1295,7941,0,5,100.00,31,7.3,362.7
2026-05-13T21:22:13,9.1,1287,7941,0,4,100.00,37,6.0,362.7
2026-05-13T21:22:18,9.4,1285,7941,0,4,100.00,22,6.0,362.7
2026-05-13T21:22:23,13.2,1296,7941,0,4,100.00,23,6.8,362.7
2026-05-13T21:22:28,9.7,1297,7941,0,5,100.00,27,6.6,362.7
2026-05-13T21:22:34,9.7,1298,7941,0,5,100.00,35,6.5,362.7
2026-05-13T21:22:39,9.6,1288,7941,0,5,100.00,29,6.2,362.7
2026-05-13T21:22:44,9.4,1293,7941,0,5,100.00,39,6.1,362.7
2026-05-13T21:22:49,17.2,1302,7941,0,5,100.00,28,7.2,362.7
2026-05-13T21:22:55,18.0,1300,7941,0,5,100.00,36,5.8,362.7
2026-05-13T21:23:00,13.7,1294,7941,0,5,100.00,28,6.5,362.7
2026-05-13T21:23:05,12.2,1292,7941,0,5,100.00,33,7.3,362.7
2026-05-13T21:23:10,14.7,1293,7941,0,5,100.00,32,6.0,362.7
2026-05-13T21:23:16,10.3,1294,7941,0,5,100.00,31,6.2,362.7
2026-05-13T21:23:21,10.9,1291,7941,0,4,100.00,26,6.2,362.7
2026-05-13T21:23:26,9.6,1296,7941,0,5,100.00,32,6.5,362.7
2026-05-13T21:23:31,11.3,1297,7941,0,5,100.00,28,5.9,362.7
2026-05-13T21:23:36,12.8,1298,7941,0,5,100.00,22,6.3,362.7
2026-05-13T21:23:42,14.6,1295,7941,0,5,100.00,24,5.4,362.7
2026-05-13T21:23:47,9.5,1300,7941,0,5,100.00,25,5.7,362.7
2026-05-13T21:23:52,10.0,1289,7941,0,4,100.00,22,6.2,362.7
2026-05-13T21:23:57,9.2,1297,7941,0,4,100.00,27,6.0,362.7
2026-05-13T21:24:03,10.9,1290,7941,0,5,100.00,16,8.0,362.7
2026-05-13T21:24:08,24.4,1286,7941,0,5,100.00,37,6.3,362.7
2026-05-13T21:24:13,7.8,1291,7941,0,5,100.00,19,5.1,362.7
2026-05-13T21:24:18,8.2,1280,7941,0,3,100.00,36,5.3,362.7
2026-05-13T21:24:24,8.2,1292,7941,0,5,100.00,17,5.5,362.7
2026-05-13T21:24:29,20.5,1301,7941,0,8,100.00,31,5.5,362.7
2026-05-13T21:24:34,8.7,1293,7941,0,8,100.00,34,5.8,362.7
2026-05-13T21:24:39,21.0,1289,7941,0,5,100.00,30,5.4,362.7
2026-05-13T21:24:44,8.5,1285,7941,0,5,100.00,25,5.7,362.7
2026-05-13T21:24:50,14.1,1302,7941,0,4,100.00,30,6.3,362.7
2026-05-13T21:24:55,32.7,1303,7941,9,3,100.00,31,5.5,362.7
2026-05-13T21:25:00,46.2,1300,7941,0,10,100.00,27,5.9,362.7
2026-05-13T21:25:05,44.1,1305,7941,0,9,100.00,40,11.7,362.7
2026-05-13T21:25:11,35.6,1309,7941,1,8,100.00,34,6.7,362.7
2026-05-13T21:25:16,16.5,1294,7941,0,5,100.00,39,5.5,362.7
2026-05-13T21:25:21,14.5,1296,7941,0,5,100.00,27,5.5,362.7
2026-05-13T21:25:26,8.9,1286,7941,0,5,100.00,32,5.7,362.7
2026-05-13T21:25:32,17.3,1293,7941,1,4,100.00,37,5.4,362.7
2026-05-13T21:25:37,23.6,1296,7941,1,5,100.00,32,5.9,362.7
2026-05-13T21:25:42,8.4,1292,7941,0,6,100.00,25,5.7,362.7
2026-05-13T21:25:47,16.5,1290,7941,0,5,100.00,39,5.9,362.7
2026-05-13T21:25:53,8.0,1292,7941,0,5,100.00,35,5.1,362.7
2026-05-13T21:25:58,13.7,1289,7941,0,4,100.00,38,6.0,362.7
2026-05-13T21:26:03,9.7,1297,7941,0,4,100.00,39,6.4,362.7
2026-05-13T21:26:08,8.9,1287,7941,0,5,100.00,30,5.8,362.7
2026-05-13T21:26:14,9.0,1293,7941,0,5,100.00,24,6.2,362.7
2026-05-13T21:26:19,9.8,1280,7941,0,4,100.00,37,6.3,362.7
2026-05-13T21:26:24,9.8,1287,7941,0,3,100.00,34,6.6,362.7
2026-05-13T21:26:29,16.2,1284,7941,0,5,100.00,20,6.3,362.7
2026-05-13T21:26:34,8.3,1290,7941,0,5,100.00,32,5.5,362.7
2026-05-13T21:26:40,8.1,1290,7941,0,5,100.00,37,5.2,362.7
2026-05-13T21:26:45,8.0,1286,7941,0,5,100.00,32,5.1,362.7
2026-05-13T21:26:50,8.7,1282,7941,0,3,100.00,27,5.5,362.7
2026-05-13T21:26:55,14.3,1290,7941,0,5,100.00,31,5.9,362.7
2026-05-13T21:27:01,16.1,1290,7941,0,5,100.00,28,5.7,362.7
2026-05-13T21:27:06,12.7,1291,7941,0,5,100.00,30,6.3,362.7
2026-05-13T21:27:11,9.8,1292,7941,0,5,100.00,25,4.9,362.7
2026-05-13T21:27:16,10.6,1284,7941,0,4,100.00,29,5.7,362.7
2026-05-13T21:27:21,9.6,1293,7941,0,4,100.00,22,4.8,362.7
2026-05-13T21:27:27,8.1,1296,7941,0,4,100.00,26,5.4,362.7
2026-05-13T21:27:32,8.5,1297,7941,0,5,100.00,22,5.1,362.7
2026-05-13T21:27:37,14.9,1288,7941,0,5,100.00,25,4.7,362.7
2026-05-13T21:27:42,8.1,1296,7941,0,5,100.00,22,6.0,362.7
2026-05-13T21:27:47,11.1,1282,7941,1,3,100.00,34,5.5,362.7
2026-05-13T21:27:53,8.7,1295,7941,0,5,100.00,20,5.1,362.7
2026-05-13T21:27:58,8.9,1299,7941,0,5,100.00,29,5.5,362.7
2026-05-13T21:28:03,8.4,1286,7941,0,3,100.00,23,5.7,362.7
2026-05-13T21:28:08,8.4,1285,7941,0,5,100.00,32,5.7,362.7
2026-05-13T21:28:14,8.5,1300,7941,0,5,100.00,23,4.9,362.7
2026-05-13T21:28:19,8.6,1291,7941,0,4,100.00,28,5.5,362.7
2026-05-13T21:28:24,8.2,1285,7941,0,4,100.00,36,5.2,362.7
2026-05-13T21:28:29,8.3,1293,7941,0,3,100.00,23,5.5,362.7
2026-05-13T21:28:34,10.5,1294,7941,0,4,100.00,26,5.0,362.7
2026-05-13T21:28:40,8.1,1297,7941,0,4,100.00,26,5.2,362.7
2026-05-13T21:28:45,7.8,1283,7941,0,3,100.00,28,4.8,362.7
2026-05-13T21:28:50,8.0,1294,7941,0,5,100.00,24,5.0,362.7
2026-05-13T21:28:55,9.2,1292,7941,0,5,100.00,35,5.6,362.7
2026-05-13T21:29:01,23.7,1302,7941,0,5,100.00,30,5.9,362.7
2026-05-13T21:29:06,15.0,1298,7941,0,5,100.00,28,5.6,362.7
2026-05-13T21:29:11,9.7,1302,7941,0,5,100.00,22,4.9,362.7
2026-05-13T21:29:16,8.9,1295,7941,1,4,100.00,28,5.5,362.7
2026-05-13T21:29:21,9.9,1293,7941,0,4,100.00,21,5.0,362.7
2026-05-13T21:29:27,9.7,1299,7941,0,4,100.00,36,5.2,362.7
2026-05-13T21:29:32,7.5,1298,7941,0,4,100.00,22,4.9,362.7
2026-05-13T21:29:37,9.0,1294,7941,0,3,100.00,25,5.4,362.7
2026-05-13T21:29:42,15.1,1306,7941,0,5,100.00,22,4.9,362.7
2026-05-13T21:29:48,8.2,1289,7941,0,5,100.00,26,5.3,362.7
2026-05-13T21:29:53,10.6,1294,7941,0,4,100.00,32,4.9,362.7
2026-05-13T21:29:58,8.3,1300,7941,0,5,100.00,35,4.9,362.7
2026-05-13T21:30:03,11.3,1297,7941,0,5,100.00,31,10.3,362.7
2026-05-13T21:30:09,13.7,1282,7941,0,3,100.00,29,11.1,362.7
2026-05-13T21:30:14,30.8,1303,7941,2,4,100.00,36,7.8,362.7
2026-05-13T21:30:19,24.8,1310,7941,0,6,100.00,25,6.7,362.7
2026-05-13T21:30:25,9.8,1290,7941,0,5,100.00,39,6.5,362.7
2026-05-13T21:30:30,22.2,1308,7941,0,8,100.00,33,5.3,362.7
2026-05-13T21:30:35,8.6,1302,7941,0,8,100.00,44,5.8,362.7
2026-05-13T21:30:40,10.2,1293,7941,0,4,100.00,31,5.0,362.7
2026-05-13T21:30:46,17.9,1301,7941,0,7,100.00,39,5.3,362.7
2026-05-13T21:30:51,8.3,1304,7941,0,7,100.00,25,5.3,362.7
2026-05-13T21:30:56,8.5,1286,7941,4,2,100.00,43,5.5,362.7
2026-05-13T21:31:01,47.1,1317,7941,11,1,100.00,25,5.3,362.7
2026-05-13T21:31:07,64.6,1320,7941,0,11,100.00,45,5.9,362.7
2026-05-13T21:31:12,18.6,1321,7941,0,11,100.00,30,4.9,362.7
2026-05-13T21:31:17,24.8,1304,7941,0,7,100.00,35,6.0,362.7
2026-05-13T21:31:22,21.3,1308,7941,0,7,100.00,23,5.0,362.7
2026-05-13T21:31:27,8.3,1299,7941,0,5,100.00,36,5.6,362.7
2026-05-13T21:31:33,13.7,1296,7941,0,5,100.00,22,5.0,362.7
2026-05-13T21:31:38,17.6,1298,7941,0,5,100.00,41,5.2,362.7
2026-05-13T21:31:43,21.4,1306,7941,0,5,100.00,24,4.9,362.7
2026-05-13T21:31:48,12.9,1300,7941,0,5,100.00,26,4.6,362.7
2026-05-13T21:31:54,19.3,1296,7941,0,7,100.00,31,5.7,362.7
2026-05-13T21:31:59,13.0,1303,7941,0,7,100.00,36,5.5,362.7
2026-05-13T21:32:04,8.4,1290,7941,0,5,100.00,30,5.2,362.7
2026-05-13T21:32:09,7.5,1288,7941,0,3,100.00,28,5.0,362.7
2026-05-13T21:32:14,8.6,1303,7941,0,5,100.00,33,5.6,362.7
2026-05-13T21:32:20,8.8,1296,7941,0,5,100.00,27,5.8,362.7
2026-05-13T21:32:25,8.3,1293,7941,0,4,100.00,28,5.4,362.7
2026-05-13T21:32:30,8.2,1289,7941,0,3,100.00,24,5.5,362.7
2026-05-13T21:32:35,8.7,1289,7941,0,3,100.00,33,5.4,362.7
2026-05-13T21:32:41,8.2,1292,7941,0,3,100.00,24,5.7,362.7
2026-05-13T21:32:46,15.0,1298,7941,0,5,100.00,35,5.2,362.7
2026-05-13T21:32:51,7.9,1301,7941,0,5,100.00,22,5.2,362.7
2026-05-13T21:32:56,8.4,1289,7941,0,4,100.00,32,5.4,362.7
2026-05-13T21:33:01,12.5,1289,7941,0,4,100.00,24,6.6,362.7
2026-05-13T21:33:07,16.3,1296,7941,1,3,100.00,42,5.9,362.7
2026-05-13T21:33:12,14.6,1301,7941,0,6,100.00,19,5.5,362.7
2026-05-13T21:33:17,10.8,1301,7941,0,5,100.00,45,5.6,362.7
2026-05-13T21:33:22,10.1,1296,7941,0,5,100.00,29,5.0,362.7
2026-05-13T21:33:28,7.8,1288,7941,0,5,100.00,30,4.9,362.7
2026-05-13T21:33:33,9.9,1288,7941,0,5,100.00,23,5.0,362.7
2026-05-13T21:33:38,8.2,1298,7941,0,5,100.00,26,4.8,362.7
2026-05-13T21:33:43,8.7,1295,7941,0,3,100.00,32,5.7,362.7
2026-05-13T21:33:48,13.4,1289,7941,0,4,100.00,29,5.6,362.7
2026-05-13T21:33:54,7.7,1291,7941,1,4,100.00,28,5.1,362.7
2026-05-13T21:33:59,11.0,1286,7941,0,4,100.00,23,5.1,362.7
2026-05-13T21:34:04,9.3,1295,7941,0,4,100.00,24,5.3,362.7
2026-05-13T21:34:09,7.7,1292,7941,0,4,100.00,29,5.2,362.7
2026-05-13T21:34:15,8.3,1284,7941,0,4,100.00,28,5.6,362.7
2026-05-13T21:34:20,7.8,1290,7941,0,3,100.00,21,4.9,362.7
2026-05-13T21:34:25,8.3,1285,7941,0,5,100.00,26,5.2,362.7
2026-05-13T21:34:30,8.0,1290,7941,0,5,100.00,31,5.5,362.7
2026-05-13T21:34:35,8.4,1284,7941,0,5,100.00,26,5.0,362.7
2026-05-13T21:34:41,7.5,1284,7941,0,3,100.00,29,4.8,362.7
2026-05-13T21:34:46,9.2,1283,7941,1,3,100.00,36,5.6,362.7
2026-05-13T21:34:51,10.5,1288,7941,0,4,100.00,26,5.1,362.7
2026-05-13T21:34:56,8.1,1286,7941,0,4,100.00,26,5.5,362.7
2026-05-13T21:35:01,11.5,1293,7941,0,5,100.00,32,6.8,362.7
2026-05-13T21:35:07,15.4,1296,7941,0,5,100.00,38,9.8,362.7
2026-05-13T21:35:12,27.0,1302,7941,0,7,100.00,35,5.9,362.7
2026-05-13T21:35:18,12.2,1293,7941,0,6,100.00,32,5.1,362.7
2026-05-13T21:35:23,9.5,1293,7941,0,5,100.00,27,5.9,362.7
2026-05-13T21:35:28,10.8,1294,7941,0,5,100.00,25,5.7,362.7
2026-05-13T21:35:33,8.2,1297,7941,0,4,100.00,26,5.2,362.7
2026-05-13T21:35:39,11.9,1296,7941,0,5,100.00,34,5.1,362.7
2026-05-13T21:35:44,8.1,1299,7941,0,5,100.00,39,5.3,362.7
2026-05-13T21:35:49,11.4,1283,7941,0,4,100.00,30,5.5,362.7
2026-05-13T21:35:54,9.3,1293,7941,0,5,100.00,31,4.9,362.7
2026-05-13T21:35:59,10.5,1288,7941,0,5,100.00,30,5.1,362.7
2026-05-13T21:36:05,9.7,1280,7941,0,4,100.00,34,6.2,362.7
2026-05-13T21:36:10,8.7,1287,7941,0,4,100.00,32,5.3,362.7
2026-05-13T21:36:15,8.5,1287,7941,0,4,100.00,30,5.5,362.7
2026-05-13T21:36:20,12.8,1295,7941,0,5,100.00,28,5.4,362.7
2026-05-13T21:36:26,17.2,1291,7941,0,6,100.00,38,5.7,362.7
2026-05-13T21:36:31,7.8,1294,7941,0,6,100.00,27,5.1,362.7
2026-05-13T21:36:36,13.6,1291,7941,0,5,100.00,38,5.7,362.7
2026-05-13T21:36:41,7.2,1290,7941,0,5,100.00,19,4.7,362.7
2026-05-13T21:36:46,17.4,1300,7941,0,6,100.00,36,5.8,362.7
2026-05-13T21:36:52,12.0,1295,7941,0,6,100.00,27,6.5,362.7
2026-05-13T21:36:57,12.3,1291,7941,0,4,100.00,36,5.2,362.7
2026-05-13T21:37:02,17.7,1291,7941,2,4,100.00,31,6.0,362.7
2026-05-13T21:37:07,16.6,1290,7941,0,5,100.00,36,6.0,362.7
2026-05-13T21:37:13,42.6,1301,7941,3,5,100.00,30,5.7,362.7
2026-05-13T21:37:18,26.9,1295,7941,0,7,100.00,32,5.9,362.7
2026-05-13T21:37:23,13.3,1297,7941,0,5,100.00,21,6.0,362.7
2026-05-13T21:37:28,24.3,1299,7941,0,5,100.00,43,5.7,362.7
2026-05-13T21:37:34,8.9,1295,7941,0,5,100.00,21,6.1,362.7
2026-05-13T21:37:39,20.1,1295,7941,0,7,100.00,31,5.2,362.7
2026-05-13T21:37:44,18.9,1294,7941,0,7,100.00,32,5.9,362.7
2026-05-13T21:37:49,9.1,1293,7941,0,5,100.00,33,6.2,362.7
2026-05-13T21:37:54,30.9,1305,7941,0,10,100.00,30,6.0,362.7
2026-05-13T21:38:00,9.0,1304,7941,0,10,100.00,31,6.0,362.7
2026-05-13T21:38:05,20.7,1290,7941,0,5,100.00,38,7.4,362.7
2026-05-13T21:38:10,14.2,1298,7941,0,4,100.00,23,5.4,362.7
2026-05-13T21:38:16,9.5,1292,7941,0,5,100.00,35,6.3,362.7
2026-05-13T21:38:21,9.7,1289,7941,0,5,100.00,30,6.6,362.7
2026-05-13T21:38:26,9.4,1294,7941,0,5,100.00,33,6.2,362.7
2026-05-13T21:38:31,8.2,1293,7941,0,4,100.00,25,5.2,362.7
2026-05-13T21:38:36,9.6,1294,7941,0,4,100.00,26,5.9,362.7
2026-05-13T21:38:42,9.0,1288,7941,0,4,100.00,23,6.2,362.7
2026-05-13T21:38:47,10.1,1285,7941,0,4,100.00,37,6.5,362.7
2026-05-13T21:38:52,16.7,1295,7941,0,6,100.00,24,6.2,362.7
2026-05-13T21:38:57,8.3,1297,7941,0,6,100.00,28,5.3,362.7
2026-05-13T21:39:03,10.9,1295,7941,1,4,100.00,28,8.9,362.7
2026-05-13T21:39:08,19.5,1294,7941,1,4,100.00,35,11.8,362.7
2026-05-13T21:39:13,14.6,1294,7941,0,5,100.00,26,6.0,362.7
2026-05-13T21:39:19,18.6,1289,7941,0,5,100.00,31,5.9,362.7
2026-05-13T21:39:24,9.7,1291,7941,0,5,100.00,28,6.2,362.7
2026-05-13T21:39:29,12.2,1288,7941,0,5,100.00,25,6.6,362.7
2026-05-13T21:39:34,9.1,1284,7941,0,5,100.00,26,6.2,362.7
2026-05-13T21:39:40,10.9,1293,7941,0,4,100.00,18,6.3,362.7
2026-05-13T21:39:45,10.0,1287,7941,0,4,100.00,32,6.2,362.7
2026-05-13T21:39:50,9.1,1286,7941,0,4,100.00,24,6.0,362.7
2026-05-13T21:39:55,13.5,1291,7941,0,5,100.00,31,5.9,362.7
2026-05-13T21:40:01,9.3,1290,7941,0,5,100.00,30,6.6,362.7
2026-05-13T21:40:06,28.8,1289,7941,0,5,100.00,35,14.0,362.7
2026-05-13T21:40:11,13.1,1297,7941,0,5,100.00,26,7.4,362.7
2026-05-13T21:40:16,12.2,1294,7941,0,5,100.00,38,8.0,362.7
2026-05-13T21:40:22,11.9,1292,7941,0,5,100.00,28,7.8,362.7
2026-05-13T21:40:27,9.4,1294,7941,0,4,100.00,35,5.9,362.7
2026-05-13T21:40:32,9.2,1291,7941,0,4,100.00,24,6.2,362.7
2026-05-13T21:40:38,9.4,1295,7941,0,5,100.00,35,5.5,362.7
2026-05-13T21:40:43,8.0,1298,7941,0,5,100.00,23,5.3,362.7
2026-05-13T21:40:48,9.8,1291,7941,0,4,100.00,38,6.4,362.7
2026-05-13T21:40:53,11.9,1293,7941,0,4,100.00,24,6.1,362.7
2026-05-13T21:40:59,9.2,1283,7941,0,4,100.00,31,5.7,362.7
2026-05-13T21:41:04,11.3,1289,7941,1,4,100.00,35,7.8,362.7
2026-05-13T21:41:09,15.0,1292,7941,0,5,100.00,30,7.1,362.7
2026-05-13T21:41:14,12.0,1295,7941,0,5,100.00,39,6.5,362.7
2026-05-13T21:41:20,28.2,1295,7941,0,5,100.00,26,6.7,362.7
2026-05-13T21:41:25,12.2,1292,7941,0,5,100.00,30,6.0,362.7
2026-05-13T21:41:30,11.6,1291,7941,0,5,100.00,25,6.2,362.7
2026-05-13T21:41:35,9.6,1290,7941,0,4,100.00,35,6.3,362.7
2026-05-13T21:41:41,10.2,1291,7941,0,4,100.00,25,5.9,362.7
2026-05-13T21:41:46,10.0,1292,7941,0,5,100.00,29,6.3,362.7
2026-05-13T21:41:51,9.0,1290,7941,0,5,100.00,22,6.2,362.7
2026-05-13T21:41:56,16.8,1287,7941,0,5,100.00,37,5.9,362.7
2026-05-13T21:42:01,9.9,1297,7941,0,5,100.00,24,7.2,362.7
2026-05-13T21:42:07,20.7,1287,7941,0,6,100.00,32,7.2,362.7
2026-05-13T21:42:12,8.0,1291,7941,0,6,100.00,32,5.1,362.7
2026-05-13T21:42:17,9.4,1293,7941,0,5,100.00,40,5.9,362.7
2026-05-13T21:42:23,13.0,1301,7941,0,5,100.00,28,5.5,362.7
2026-05-13T21:42:28,12.7,1298,7941,0,4,100.00,33,5.3,362.7
2026-05-13T21:42:33,12.6,1296,7941,0,4,100.00,19,5.6,362.7
2026-05-13T21:42:38,9.2,1303,7941,3,4,100.00,24,5.2,362.7
2026-05-13T21:42:43,12.9,1305,7941,0,5,100.00,32,5.8,362.7
2026-05-13T21:42:49,18.4,1292,7941,0,5,100.00,28,5.7,362.7
2026-05-13T21:42:54,16.2,1288,7941,0,5,100.00,25,4.8,362.7
2026-05-13T21:42:59,9.3,1288,7941,0,5,100.00,29,6.3,362.7
2026-05-13T21:43:04,16.5,1296,7941,0,5,100.00,34,7.3,362.7
2026-05-13T21:43:10,19.6,1293,7941,0,5,100.00,27,5.9,362.7
2026-05-13T21:43:15,25.1,1302,7941,0,5,100.00,29,5.3,362.7
2026-05-13T21:43:20,27.7,1302,7941,4,3,100.00,25,6.0,362.7
2026-05-13T21:43:25,41.7,1311,7941,4,7,100.00,42,6.2,362.7
2026-05-13T21:43:31,27.5,1317,7941,0,9,100.00,27,5.6,362.7
2026-05-13T21:43:36,15.4,1294,7941,0,5,100.00,33,5.3,362.7
2026-05-13T21:43:41,15.5,1303,7941,0,5,100.00,27,5.8,362.7
2026-05-13T21:43:46,19.0,1304,7941,0,5,100.00,35,6.3,362.7
2026-05-13T21:43:52,8.2,1294,7941,0,4,100.00,28,5.5,362.7
2026-05-13T21:43:57,9.3,1285,7941,0,4,100.00,37,6.2,362.7
2026-05-13T21:44:02,24.3,1301,7941,0,6,100.00,25,6.6,362.7
2026-05-13T21:44:07,22.2,1299,7941,1,5,100.00,44,6.1,362.7
2026-05-13T21:44:13,11.8,1297,7941,0,5,100.00,38,6.5,362.7
2026-05-13T21:44:18,15.2,1301,7941,0,5,100.00,41,6.3,362.7
2026-05-13T21:44:23,9.0,1295,7941,0,5,100.00,30,5.8,362.7
2026-05-13T21:44:28,9.2,1288,7941,0,5,100.00,32,6.2,362.7
2026-05-13T21:44:34,8.8,1288,7941,0,5,100.00,24,5.7,362.7
2026-05-13T21:44:39,8.7,1284,7941,0,4,100.00,26,5.9,362.8
2026-05-13T21:44:44,9.7,1282,7941,0,4,100.00,35,5.4,362.8
2026-05-13T21:44:49,9.4,1283,7941,0,4,100.00,27,6.0,362.8
2026-05-13T21:44:55,9.4,1294,7941,0,5,100.00,33,5.8,362.8
2026-05-13T21:45:00,15.8,1295,7941,0,5,100.00,24,6.1,362.8
2026-05-13T21:45:05,14.4,1296,7941,0,6,100.00,30,12.0,362.8
2026-05-13T21:45:11,14.3,1293,7941,0,6,100.00,25,8.1,362.8
2026-05-13T21:45:16,12.6,1284,7941,0,4,100.00,27,6.3,362.8
2026-05-13T21:45:21,9.7,1292,7941,4,2,100.00,27,5.8,362.8
2026-05-13T21:45:26,19.5,1289,7941,0,6,100.00,35,5.7,362.8
2026-05-13T21:45:32,13.5,1283,7941,0,4,100.00,26,6.6,362.8
2026-05-13T21:45:37,12.0,1285,7941,0,4,100.00,43,5.9,362.8
2026-05-13T21:45:42,9.8,1291,7941,0,4,100.00,24,5.7,362.8
2026-05-13T21:45:47,9.5,1287,7941,0,4,100.00,41,5.9,362.8
2026-05-13T21:45:52,8.3,1289,7941,0,5,100.00,23,5.5,362.8
2026-05-13T21:45:58,8.3,1286,7941,0,5,100.00,36,5.5,362.8
2026-05-13T21:46:03,11.5,1290,7941,0,5,100.00,30,5.6,362.8
2026-05-13T21:46:08,10.8,1294,7941,1,4,100.00,46,6.8,362.8
2026-05-13T21:46:13,13.5,1296,7941,0,5,100.00,33,6.1,362.8
2026-05-13T21:46:19,8.6,1283,7941,0,4,100.00,30,5.0,362.8
2026-05-13T21:46:24,8.2,1292,7941,0,5,100.00,33,5.5,362.8
2026-05-13T21:46:29,7.7,1286,7941,0,4,100.00,20,4.8,362.8
2026-05-13T21:46:34,8.4,1286,7941,0,4,100.00,35,5.4,362.8
2026-05-13T21:46:39,7.6,1292,7941,0,5,100.00,21,5.1,362.8
2026-05-13T21:46:45,8.6,1289,7941,0,4,100.00,27,5.1,362.8
2026-05-13T21:46:50,8.4,1287,7941,0,4,100.00,21,5.5,362.8
2026-05-13T21:46:55,8.3,1283,7941,0,4,100.00,27,4.9,362.8
2026-05-13T21:47:00,11.1,1288,7941,0,5,100.00,31,5.7,362.8
2026-05-13T21:47:05,9.1,1294,7941,0,5,100.00,32,6.0,362.8
2026-05-13T21:47:11,9.4,1287,7941,0,4,100.00,27,4.8,362.8
2026-05-13T21:47:16,10.0,1287,7941,2,2,100.00,38,5.5,362.8
2026-05-13T21:47:21,9.7,1289,7941,0,5,100.00,27,4.9,362.8
2026-05-13T21:47:26,15.0,1301,7941,0,5,100.00,37,5.1,362.8
2026-05-13T21:47:32,13.2,1298,7941,0,5,100.00,18,5.5,362.8
2026-05-13T21:47:37,9.3,1288,7941,0,5,100.00,33,5.8,362.8
2026-05-13T21:47:42,10.5,1292,7941,0,4,100.00,24,5.3,362.8
2026-05-13T21:47:47,10.6,1293,7941,0,4,100.00,27,5.3,362.8
2026-05-13T21:47:52,9.1,1292,7941,0,4,100.00,28,6.2,362.8
2026-05-13T21:47:58,8.7,1289,7941,0,5,100.00,35,5.8,362.8
2026-05-13T21:48:03,9.7,1289,7941,0,5,100.00,24,7.0,362.8
2026-05-13T21:48:08,12.0,1291,7941,0,4,100.00,27,5.5,362.8
2026-05-13T21:48:13,11.7,1295,7941,0,5,100.00,25,6.0,362.8
2026-05-13T21:48:19,10.0,1292,7941,0,5,100.00,33,5.4,362.8
2026-05-13T21:48:24,9.2,1288,7941,0,5,100.00,33,5.8,362.8
2026-05-13T21:48:29,13.0,1290,7941,0,5,100.00,26,5.6,362.8
2026-05-13T21:48:34,12.5,1293,7941,0,4,100.00,26,5.8,362.8
2026-05-13T21:48:39,11.9,1289,7941,0,4,100.00,19,5.5,362.8
2026-05-13T21:48:45,8.6,1291,7941,0,4,100.00,33,5.8,362.8
2026-05-13T21:48:50,15.0,1294,7941,3,4,100.00,21,5.3,362.8
2026-05-13T21:48:55,11.5,1292,7941,0,5,100.00,29,5.0,362.8
2026-05-13T21:49:00,8.8,1287,7941,0,4,100.00,19,6.1,362.8
2026-05-13T21:49:06,19.9,1289,7941,0,5,100.00,26,8.1,362.8
2026-05-13T21:49:11,14.1,1297,7941,4,3,100.00,31,5.6,362.8
2026-05-13T21:49:16,12.7,1302,7941,0,5,100.00,22,5.3,362.8
2026-05-13T21:49:21,41.3,1318,7941,0,8,100.00,30,5.7,362.8
2026-05-13T21:49:27,19.5,1315,7941,0,8,100.00,35,5.4,362.8
2026-05-13T21:49:32,38.6,1304,7941,0,7,100.00,32,5.4,362.8
2026-05-13T21:49:37,30.6,1301,7941,0,7,100.00,37,5.9,362.8
2026-05-13T21:49:42,28.7,1306,7941,0,7,100.00,26,5.1,362.8
2026-05-13T21:49:47,13.7,1298,7941,0,7,100.00,31,5.2,362.8
2026-05-13T21:49:53,16.3,1285,7941,0,5,100.00,30,4.7,362.8
2026-05-13T21:49:58,7.6,1291,7941,0,4,100.00,33,4.9,362.8
2026-05-13T21:50:03,11.0,1292,7941,0,5,100.00,26,9.7,362.8
2026-05-13T21:50:09,12.7,1292,7941,0,5,100.00,32,9.4,362.8
2026-05-13T21:50:14,48.3,1314,7941,0,11,100.00,27,7.7,362.8
2026-05-13T21:50:19,28.7,1309,7941,0,11,100.00,27,7.0,362.8
2026-05-13T21:50:24,24.2,1294,7941,0,6,100.00,39,7.5,362.8
2026-05-13T21:50:30,8.5,1294,7941,0,6,100.00,29,5.3,362.8
2026-05-13T21:50:35,7.7,1289,7941,0,5,100.00,27,4.9,362.8
2026-05-13T21:50:40,8.4,1292,7941,0,4,100.00,27,5.7,362.8
2026-05-13T21:50:45,8.2,1285,7941,0,3,100.00,40,5.0,362.8
2026-05-13T21:50:51,8.2,1289,7941,0,4,100.00,24,5.0,362.8
2026-05-13T21:50:56,8.2,1291,7941,0,5,100.00,37,5.0,362.8
2026-05-13T21:51:01,7.9,1290,7941,0,5,100.00,21,5.2,362.8
2026-05-13T21:51:06,19.7,1300,7941,0,5,100.00,42,6.2,362.8
2026-05-13T21:51:12,7.7,1298,7941,0,5,100.00,38,5.1,362.8
2026-05-13T21:51:17,9.9,1292,7941,0,5,100.00,36,4.9,362.8
2026-05-13T21:51:22,9.4,1294,7941,0,5,100.00,24,5.3,362.8
2026-05-13T21:51:27,11.2,1291,7941,0,4,100.00,31,4.7,362.8
2026-05-13T21:51:32,15.6,1298,7941,0,4,100.00,27,5.5,362.8
2026-05-13T21:51:38,11.3,1300,7941,0,5,100.00,38,5.1,362.8
2026-05-13T21:51:43,7.9,1302,7941,0,5,100.00,20,5.1,362.8
2026-05-13T21:51:48,12.1,1288,7941,0,5,100.00,37,5.1,362.8
2026-05-13T21:51:53,8.5,1296,7941,0,5,100.00,31,5.1,362.8
2026-05-13T21:51:58,8.2,1295,7941,0,5,100.00,30,5.3,362.8
2026-05-13T21:52:04,8.5,1289,7941,0,4,100.00,35,5.6,362.8
2026-05-13T21:52:09,7.8,1291,7941,0,4,100.00,28,5.1,362.8
2026-05-13T21:52:14,8.8,1283,7941,0,4,100.00,29,5.6,362.8
2026-05-13T21:52:19,16.1,1292,7941,0,5,100.00,22,5.5,362.8
2026-05-13T21:52:25,15.8,1297,7941,0,5,100.00,29,5.9,362.8
2026-05-13T21:52:30,8.8,1292,7941,0,5,100.00,27,5.9,362.8
2026-05-13T21:52:35,8.4,1285,7941,0,5,100.00,26,5.5,362.8
2026-05-13T21:52:40,8.3,1289,7941,0,5,100.00,25,5.7,362.8
2026-05-13T21:52:45,8.9,1295,7941,0,5,100.00,30,5.9,362.8
2026-05-13T21:52:51,8.9,1291,7941,0,4,100.00,21,5.9,362.8
2026-05-13T21:52:56,9.6,1291,7941,0,4,100.00,37,5.5,362.8
2026-05-13T21:53:01,8.8,1287,7941,0,4,100.00,29,6.0,362.8
2026-05-13T21:53:06,9.7,1294,7941,1,3,100.00,27,5.5,362.8
2026-05-13T21:53:12,10.9,1302,7941,0,4,100.00,26,5.6,362.8
2026-05-13T21:53:17,9.5,1287,7941,1,3,100.00,37,6.1,362.8
2026-05-13T21:53:22,10.9,1295,7941,0,5,100.00,26,5.5,362.8
2026-05-13T21:53:27,11.0,1297,7941,0,4,100.00,31,5.5,362.8
2026-05-13T21:53:32,15.4,1293,7941,1,3,100.00,30,6.2,362.8
2026-05-13T21:53:38,26.2,1296,7941,1,5,100.00,37,6.2,362.8
2026-05-13T21:53:43,8.6,1295,7941,0,6,100.00,21,5.2,362.8
2026-05-13T21:53:48,9.6,1288,7941,0,5,100.00,35,5.8,362.8
2026-05-13T21:53:53,17.3,1301,7941,0,8,100.00,29,6.2,362.8
2026-05-13T21:53:59,9.4,1291,7941,0,8,100.00,31,6.2,362.8
2026-05-13T21:54:04,11.1,1286,7941,0,4,100.00,30,8.0,362.8
2026-05-13T21:54:09,9.4,1288,7941,0,3,100.00,27,6.7,362.8
2026-05-13T21:54:14,9.0,1280,7941,0,3,100.00,33,5.9,362.8
2026-05-13T21:54:20,11.8,1289,7941,0,4,100.00,24,6.3,362.8
2026-05-13T21:54:25,11.6,1285,7941,2,3,100.00,30,5.5,362.8
2026-05-13T21:54:30,14.1,1288,7941,0,5,100.00,31,5.9,362.8
2026-05-13T21:54:35,13.0,1291,7941,0,5,100.00,24,5.8,362.8
2026-05-13T21:54:40,12.9,1290,7941,0,4,100.00,24,6.1,362.8
2026-05-13T21:54:46,13.8,1287,7941,0,4,100.00,34,6.6,362.8
2026-05-13T21:54:51,9.6,1289,7941,0,4,100.00,25,6.5,362.8
2026-05-13T21:54:56,14.2,1291,7941,0,4,100.00,28,5.2,362.8
2026-05-13T21:55:01,14.7,1292,7941,0,5,100.00,30,7.1,362.8
2026-05-13T21:55:07,14.7,1294,7941,0,7,100.00,30,12.3,362.8
2026-05-13T21:55:12,12.9,1286,7941,0,4,100.00,36,6.5,362.8
2026-05-13T21:55:18,15.3,1290,7941,0,4,100.00,29,5.8,362.8
2026-05-13T21:55:23,20.6,1289,7941,0,5,100.00,27,5.4,362.8
2026-05-13T21:55:28,31.7,1300,7941,2,6,100.00,39,6.3,362.8
2026-05-13T21:55:33,28.1,1307,7941,0,7,100.00,34,5.7,362.8
2026-05-13T21:55:39,32.9,1317,7941,13,1,100.00,37,6.0,362.8
2026-05-13T21:55:44,72.7,1313,7941,0,11,100.00,32,5.8,362.8
2026-05-13T21:55:49,26.0,1314,7941,0,11,100.00,43,5.4,362.8
2026-05-13T21:55:54,33.0,1303,7941,1,7,100.00,60,5.5,362.8
2026-05-13T21:56:00,20.8,1297,7941,0,8,100.00,32,5.8,362.8
2026-05-13T21:56:05,11.4,1289,7941,0,6,100.00,26,7.4,362.8
2026-05-13T21:56:10,8.7,1292,7941,0,5,100.00,33,5.9,362.8
2026-05-13T21:56:15,9.1,1285,7941,0,5,100.00,29,5.6,362.8
2026-05-13T21:56:21,16.2,1293,7941,0,5,100.00,29,5.8,362.8
2026-05-13T21:56:26,13.5,1299,7941,0,5,100.00,34,5.5,362.8
2026-05-13T21:56:31,21.7,1301,7941,0,7,100.00,28,5.9,362.8
2026-05-13T21:56:36,9.3,1294,7941,0,6,100.00,33,5.9,362.8
2026-05-13T21:56:42,8.6,1284,7941,0,3,100.00,20,5.3,362.8
2026-05-13T21:56:47,9.4,1283,7941,0,4,100.00,27,5.9,362.8
2026-05-13T21:56:52,8.9,1290,7941,0,4,100.00,19,5.7,362.8
2026-05-13T21:56:57,9.9,1291,7941,0,5,100.00,35,5.9,362.8
2026-05-13T21:57:03,10.8,1291,7941,0,5,100.00,22,7.4,362.8
2026-05-13T21:57:08,10.1,1287,7941,0,4,100.00,30,6.5,362.8
2026-05-13T21:57:13,15.6,1288,7941,0,4,100.00,22,5.5,362.8
2026-05-13T21:57:18,9.3,1288,7941,0,4,100.00,32,6.0,362.8
2026-05-13T21:57:23,10.2,1289,7941,0,4,100.00,24,5.3,362.8
2026-05-13T21:57:29,11.1,1296,7941,0,4,100.00,25,5.5,362.8
2026-05-13T21:57:34,10.5,1293,7941,0,4,100.00,32,5.9,362.8
2026-05-13T21:57:39,8.5,1292,7941,0,4,100.00,25,5.2,362.8
2026-05-13T21:57:44,22.7,1296,7941,1,6,100.00,27,6.0,362.8
2026-05-13T21:57:50,23.5,1303,7941,0,7,100.00,25,5.7,362.8
2026-05-13T21:57:55,11.6,1297,7941,0,6,100.00,25,5.1,362.8
2026-05-13T21:58:00,12.4,1295,7941,0,4,100.00,27,6.0,362.8
2026-05-13T21:58:05,10.7,1289,7941,0,4,100.00,28,6.2,362.8
2026-05-13T21:58:11,8.9,1292,7941,0,4,100.00,31,6.1,362.8
2026-05-13T21:58:16,9.4,1292,7941,0,4,100.00,31,6.4,362.8
2026-05-13T21:58:21,11.8,1296,7941,0,4,100.00,25,5.9,362.8
2026-05-13T21:58:26,8.1,1294,7941,0,4,100.00,31,5.2,362.8
2026-05-13T21:58:31,12.4,1292,7941,0,4,100.00,18,5.9,362.8
2026-05-13T21:58:37,11.2,1293,7941,0,4,100.00,34,5.5,362.8
2026-05-13T21:58:42,10.7,1289,7941,0,4,100.00,27,5.8,362.8
2026-05-13T21:58:47,10.9,1284,7941,0,3,100.00,36,5.2,362.8
2026-05-13T21:58:52,10.8,1282,7941,0,3,100.00,24,5.7,362.8
2026-05-13T21:58:58,11.2,1283,7941,0,3,100.00,36,5.3,362.8
2026-05-13T21:59:03,10.2,1282,7941,0,3,100.00,21,6.2,362.8
2026-05-13T21:59:08,8.6,1290,7941,0,5,100.00,34,5.3,362.8
2026-05-13T21:59:13,15.4,1294,7941,0,6,100.00,20,6.2,362.8
2026-05-13T21:59:18,10.2,1296,7941,0,6,100.00,31,6.6,362.8
2026-05-13T21:59:24,13.1,1299,7941,0,5,100.00,44,7.0,362.8
2026-05-13T21:59:29,13.8,1289,7941,0,5,100.00,31,5.9,362.8
2026-05-13T21:59:34,12.9,1295,7941,0,5,100.00,27,6.0,362.8
2026-05-13T21:59:39,9.4,1293,7941,0,4,100.00,21,5.9,362.8
2026-05-13T21:59:45,13.6,1296,7941,0,5,100.00,31,5.6,362.8
2026-05-13T21:59:50,16.9,1293,7941,0,5,100.00,26,5.8,362.8
2026-05-13T21:59:55,10.2,1287,7941,0,4,100.00,33,6.0,362.8
2026-05-13T22:00:00,13.3,1293,7941,3,1,100.00,31,5.9,362.8
2026-05-13T22:00:06,26.1,1296,7941,0,9,100.00,36,17.2,362.8
2026-05-13T22:00:12,16.5,1294,7941,0,5,100.00,22,15.3,362.8
2026-05-13T22:00:17,13.3,1284,7941,0,4,100.00,38,9.3,362.8
2026-05-13T22:00:23,17.3,1288,7941,0,5,100.00,26,8.8,362.8
2026-05-13T22:00:28,11.3,1289,7941,0,5,100.00,33,7.3,362.8
2026-05-13T22:00:33,13.1,1294,7941,0,5,100.00,30,6.2,362.8
2026-05-13T22:00:38,15.7,1286,7941,0,5,100.00,45,6.0,362.8
2026-05-13T22:00:44,13.9,1295,7941,0,5,100.00,30,6.3,362.8
2026-05-13T22:00:49,9.0,1290,7941,0,5,100.00,28,5.6,362.8
2026-05-13T22:00:54,9.4,1291,7941,0,4,100.00,25,5.9,362.8
2026-05-13T22:00:59,14.5,1293,7941,0,5,100.00,36,6.2,362.8
2026-05-13T22:01:05,11.9,1287,7941,0,5,100.00,33,8.0,362.8
2026-05-13T22:01:10,18.6,1288,7941,0,4,100.00,34,6.2,362.8
2026-05-13T22:01:15,20.5,1295,7941,0,6,100.00,33,6.3,362.8
2026-05-13T22:01:20,13.1,1300,7941,0,6,100.00,30,5.7,362.8
2026-05-13T22:01:26,16.0,1298,7941,0,5,100.00,39,5.7,362.8
2026-05-13T22:01:31,17.8,1297,7941,0,5,100.00,35,5.5,362.8
2026-05-13T22:01:36,22.9,1311,7941,0,11,100.00,38,6.4,362.8
2026-05-13T22:01:41,26.0,1314,7941,0,11,100.00,22,5.9,362.8
2026-05-13T22:01:46,13.9,1301,7941,0,9,100.00,29,5.4,362.8
2026-05-13T22:01:52,44.0,1315,7941,0,9,100.00,24,7.0,364.8
2026-05-13T22:01:57,24.0,1308,7941,3,7,100.00,48,6.4,364.8
2026-05-13T22:02:02,43.9,1310,7941,3,6,100.00,35,7.6,365.0
2026-05-13T22:02:08,23.4,1312,7941,0,8,100.00,35,7.4,365.0
2026-05-13T22:02:13,13.9,1301,7941,0,5,100.00,34,5.9,365.0
2026-05-13T22:02:18,10.3,1300,7941,0,5,100.00,35,6.7,365.0
2026-05-13T22:02:23,9.1,1298,7941,0,3,100.00,23,5.9,365.0
2026-05-13T22:02:29,27.3,1304,7941,0,9,100.00,35,6.9,365.0
2026-05-13T22:02:34,29.2,1305,7941,0,9,100.00,32,5.7,365.0
2026-05-13T22:02:39,15.0,1297,7941,1,5,100.00,29,6.2,365.0
2026-05-13T22:02:44,9.3,1293,7941,0,5,100.00,24,5.7,365.0
2026-05-13T22:02:50,8.5,1286,7941,0,4,100.00,28,5.5,365.0
2026-05-13T22:02:55,9.3,1296,7941,0,5,100.00,32,5.6,365.0
2026-05-13T22:03:00,9.7,1305,7941,0,5,100.00,34,6.0,365.0
2026-05-13T22:03:05,12.2,1300,7941,0,5,100.00,26,8.6,365.1
2026-05-13T22:03:11,9.3,1297,7941,0,4,100.00,30,5.9,365.1
2026-05-13T22:03:16,16.4,1295,7941,0,5,100.00,32,5.7,365.1
2026-05-13T22:03:21,7.9,1303,7941,0,5,100.00,19,5.0,365.1
2026-05-13T22:03:26,9.6,1290,7941,0,4,100.00,35,4.9,365.1
2026-05-13T22:03:32,8.7,1291,7941,0,4,100.00,26,5.3,365.1
2026-05-13T22:03:37,11.6,1294,7941,0,4,100.00,32,5.8,365.1
2026-05-13T22:03:42,10.1,1302,7941,0,5,100.00,23,5.0,365.1
2026-05-13T22:03:47,10.8,1301,7941,0,5,100.00,45,6.0,365.1
2026-05-13T22:03:53,11.6,1294,7941,0,5,100.00,18,6.4,365.1
2026-05-13T22:03:58,14.5,1299,7941,0,5,100.00,34,6.0,365.1
2026-05-13T22:04:03,15.7,1299,7941,0,5,100.00,36,8.6,365.1
2026-05-13T22:04:08,16.2,1295,7941,0,5,100.00,38,6.5,365.1
2026-05-13T22:04:14,10.5,1294,7941,0,5,100.00,33,6.6,365.1
2026-05-13T22:04:19,9.7,1294,7941,0,4,100.00,27,6.4,365.1
2026-05-13T22:04:24,8.7,1295,7941,0,4,100.00,34,5.5,365.1
2026-05-13T22:04:29,13.2,1298,7941,2,3,100.00,25,5.7,365.1
2026-05-13T22:04:35,16.4,1292,7941,0,5,100.00,27,6.8,365.1
2026-05-13T22:04:40,14.2,1298,7941,0,5,100.00,24,5.8,365.1
2026-05-13T22:04:45,8.9,1297,7941,0,5,100.00,30,5.9,365.1
2026-05-13T22:04:50,8.7,1297,7941,0,4,100.00,30,5.7,365.1
2026-05-13T22:04:55,9.2,1294,7941,0,4,100.00,29,5.8,365.1
2026-05-13T22:05:01,8.8,1300,7941,0,5,100.00,25,6.0,365.1
2026-05-13T22:05:06,13.9,1297,7941,0,5,100.00,26,10.1,365.1
2026-05-13T22:05:11,8.4,1290,7941,0,3,100.00,20,5.5,365.1
2026-05-13T22:05:17,10.7,1288,7941,1,3,100.00,35,5.9,365.1
2026-05-13T22:05:22,9.7,1294,7941,0,4,100.00,26,5.3,365.1
2026-05-13T22:05:27,8.8,1306,7941,0,6,100.00,32,6.0,365.1
2026-05-13T22:05:32,12.5,1304,7941,0,6,100.00,33,5.8,365.1
2026-05-13T22:05:38,9.3,1286,7941,0,4,100.00,29,5.6,365.1
2026-05-13T22:05:43,18.5,1300,7941,0,5,100.00,30,5.9,365.1
2026-05-13T22:05:48,9.9,1295,7941,0,5,100.00,28,5.5,365.1
2026-05-13T22:05:53,10.6,1290,7941,1,3,100.00,32,6.3,365.1
2026-05-13T22:05:58,16.4,1301,7941,0,4,100.00,33,6.2,365.1
2026-05-13T22:06:04,15.4,1308,7941,0,4,100.00,38,8.3,365.1
2026-05-13T22:06:09,12.2,1292,7941,0,4,100.00,29,5.9,365.1
2026-05-13T22:06:14,9.6,1294,7941,0,4,100.00,42,5.5,365.1
2026-05-13T22:06:19,9.0,1298,7941,0,4,100.00,24,6.0,365.1
2026-05-13T22:06:25,8.9,1299,7941,0,4,100.00,39,5.7,365.1
2026-05-13T22:06:30,8.3,1293,7941,0,4,100.00,23,5.5,365.1
2026-05-13T22:06:35,18.8,1297,7941,0,6,100.00,35,6.2,365.1
2026-05-13T22:06:40,16.0,1304,7941,1,5,100.00,30,6.1,365.1
2026-05-13T22:06:46,12.7,1296,7941,5,3,100.00,32,5.9,365.1
2026-05-13T22:06:51,20.6,1297,7941,0,6,100.00,30,5.9,365.1
2026-05-13T22:06:56,8.9,1294,7941,0,5,100.00,26,5.5,365.1
2026-05-13T22:07:01,8.8,1301,7941,0,5,100.00,30,5.9,365.1
2026-05-13T22:07:07,14.7,1298,7941,0,5,100.00,30,6.1,365.1
2026-05-13T22:07:12,8.5,1298,7941,0,5,100.00,23,5.5,365.1
2026-05-13T22:07:17,18.0,1299,7941,0,4,100.00,34,6.0,365.1
2026-05-13T22:07:22,11.4,1297,7941,0,5,100.00,24,5.8,365.1
2026-05-13T22:07:27,12.8,1302,7941,0,5,100.00,27,5.8,365.1
2026-05-13T22:07:33,14.7,1297,7941,0,7,100.00,22,5.3,365.1
2026-05-13T22:07:38,18.1,1307,7941,0,7,100.00,36,5.3,365.1
2026-05-13T22:07:43,26.0,1296,7941,5,2,100.00,22,5.6,365.1
2026-05-13T22:07:48,19.3,1303,7941,0,7,100.00,41,5.4,365.1
2026-05-13T22:07:54,8.3,1302,7941,0,7,100.00,24,5.2,365.1
2026-05-13T22:07:59,40.4,1320,7941,0,10,100.00,35,5.7,365.1
2026-05-13T22:08:04,27.5,1303,7941,0,10,100.00,33,7.0,365.1
2026-05-13T22:08:09,26.2,1300,7941,0,5,100.00,39,5.9,365.1
2026-05-13T22:08:15,13.9,1306,7941,0,5,100.00,29,5.9,365.1
2026-05-13T22:08:20,8.9,1307,7941,0,5,100.00,30,5.8,365.1
2026-05-13T22:08:25,9.2,1299,7941,0,4,100.00,28,6.0,365.1
2026-05-13T22:08:30,8.2,1289,7941,0,3,100.00,25,5.4,365.1
2026-05-13T22:08:36,17.3,1294,7941,0,6,100.00,25,6.0,365.1
2026-05-13T22:08:41,14.9,1306,7941,0,6,100.00,24,5.9,365.1
2026-05-13T22:08:46,23.0,1300,7941,0,5,100.00,39,5.9,365.1
2026-05-13T22:08:51,9.0,1295,7941,0,5,100.00,26,6.1,365.1
2026-05-13T22:08:57,9.3,1293,7941,0,3,100.00,34,6.0,365.1
2026-05-13T22:09:02,11.2,1290,7941,0,4,100.00,21,8.8,365.1
2026-05-13T22:09:07,15.1,1288,7941,0,5,100.00,33,13.4,365.1
2026-05-13T22:09:13,9.8,1294,7941,0,5,100.00,32,6.0,365.1
2026-05-13T22:09:18,9.3,1298,7941,0,5,100.00,31,5.9,365.1
2026-05-13T22:09:23,22.8,1304,7941,0,7,100.00,27,5.5,365.1
2026-05-13T22:09:28,8.3,1300,7941,0,7,100.00,31,5.1,365.1
2026-05-13T22:09:34,11.8,1292,7941,0,5,100.00,27,6.2,365.1
2026-05-13T22:09:39,8.4,1294,7941,0,5,100.00,20,5.5,365.1
2026-05-13T22:09:44,10.8,1295,7941,0,5,100.00,33,5.9,365.1
2026-05-13T22:09:49,12.5,1293,7941,1,4,100.00,35,6.1,365.1
2026-05-13T22:09:55,9.3,1296,7941,0,5,100.00,31,5.5,365.1
2026-05-13T22:10:00,10.1,1298,7941,0,4,100.00,20,5.2,365.1
2026-05-13T22:10:05,27.2,1300,7941,1,4,100.00,33,12.8,365.1
2026-05-13T22:10:10,15.9,1291,7941,0,5,100.00,29,7.2,365.1
2026-05-13T22:10:16,10.9,1292,7941,0,5,100.00,24,6.5,365.1
2026-05-13T22:10:21,10.1,1303,7941,0,5,100.00,24,6.9,365.1
2026-05-13T22:10:26,9.0,1299,7941,0,5,100.00,39,5.8,365.1
2026-05-13T22:10:31,7.3,1297,7941,0,5,100.00,23,4.8,365.1
2026-05-13T22:10:37,8.5,1290,7941,0,3,100.00,40,5.5,365.1
2026-05-13T22:10:42,10.9,1290,7941,0,4,100.00,26,4.8,365.1
2026-05-13T22:10:47,9.6,1293,7941,0,4,100.00,29,5.2,365.1
2026-05-13T22:10:52,11.3,1297,7941,0,4,100.00,28,5.4,365.1
2026-05-13T22:10:57,8.1,1290,7941,0,4,100.00,31,5.2,365.1
2026-05-13T22:11:03,9.2,1292,7941,0,4,100.00,25,6.2,365.1
2026-05-13T22:11:08,8.0,1297,7941,0,6,100.00,33,5.0,365.1
2026-05-13T22:11:13,8.8,1295,7941,0,6,100.00,23,5.5,365.1
2026-05-13T22:11:18,8.9,1296,7941,0,5,100.00,43,5.6,365.1
2026-05-13T22:11:23,12.9,1296,7941,0,4,100.00,27,5.0,365.1
2026-05-13T22:11:29,8.5,1293,7941,0,4,100.00,33,5.7,365.1
2026-05-13T22:11:34,8.9,1283,7941,0,3,100.00,35,6.2,365.1
2026-05-13T22:11:39,12.1,1296,7941,0,5,100.00,27,5.7,365.1
2026-05-13T22:11:44,10.3,1294,7941,0,5,100.00,37,5.3,365.1
2026-05-13T22:11:50,8.4,1292,7941,0,5,100.00,20,5.2,365.1
2026-05-13T22:11:55,12.4,1296,7941,0,5,100.00,32,5.1,365.1
2026-05-13T22:12:00,9.3,1297,7941,0,5,100.00,21,5.2,365.1
2026-05-13T22:12:05,15.6,1295,7941,0,4,100.00,38,7.0,365.1
2026-05-13T22:12:10,14.0,1293,7941,1,4,100.00,26,5.3,365.1
2026-05-13T22:12:16,10.0,1296,7941,0,5,100.00,25,5.1,365.1
2026-05-13T22:12:21,8.3,1288,7941,0,3,100.00,31,5.7,365.1
2026-05-13T22:12:26,8.0,1292,7941,0,3,100.00,30,5.3,365.1
2026-05-13T22:12:31,8.1,1295,7941,0,3,100.00,27,5.8,365.1
2026-05-13T22:12:36,8.0,1295,7941,0,3,100.00,28,5.3,365.1
2026-05-13T22:12:42,11.6,1302,7941,0,6,100.00,24,5.8,365.1
2026-05-13T22:12:47,12.4,1297,7941,1,5,100.00,33,5.3,365.1
2026-05-13T22:12:52,17.5,1310,7941,0,6,100.00,27,4.9,365.1
2026-05-13T22:12:57,11.4,1296,7941,0,4,100.00,31,5.5,365.1
2026-05-13T22:13:02,9.8,1302,7941,0,5,100.00,18,7.0,365.1
2026-05-13T22:13:08,9.1,1292,7941,0,5,100.00,31,5.9,365.1
2026-05-13T22:13:13,12.3,1296,7941,0,5,100.00,21,5.0,365.1
2026-05-13T22:13:18,8.7,1294,7941,0,5,100.00,35,5.7,365.1
2026-05-13T22:13:23,19.3,1302,7941,0,5,100.00,21,5.5,365.1
2026-05-13T22:13:29,10.9,1301,7941,0,4,100.00,35,4.8,365.1
2026-05-13T22:13:34,7.1,1310,7941,0,5,100.00,23,4.5,365.1
2026-05-13T22:13:39,18.6,1310,7941,0,5,100.00,28,5.5,365.1
2026-05-13T22:13:44,18.1,1306,7941,0,5,100.00,32,5.2,365.1
2026-05-13T22:13:49,12.8,1310,7941,0,5,100.00,27,5.7,365.1
2026-05-13T22:13:55,24.2,1304,7941,0,5,100.00,37,4.9,365.1
2026-05-13T22:14:00,7.3,1304,7941,0,5,100.00,21,5.1,365.1
2026-05-13T22:14:05,19.5,1295,7941,0,5,100.00,31,5.1,365.1
2026-05-13T22:14:10,56.7,1321,7941,12,2,100.00,30,5.5,365.1
2026-05-13T22:14:16,41.3,1310,7941,0,11,100.00,31,4.9,365.1
2026-05-13T22:14:21,12.9,1310,7941,0,7,100.00,35,5.1,365.1
2026-05-13T22:14:26,7.6,1307,7941,0,6,100.00,30,4.8,365.1
2026-05-13T22:14:31,7.5,1305,7941,0,6,100.00,17,5.3,365.1
2026-05-13T22:14:36,7.1,1304,7941,0,5,100.00,32,4.7,365.1
2026-05-13T22:14:42,7.4,1302,7941,0,5,100.00,27,5.0,365.1
2026-05-13T22:14:47,19.6,1302,7941,0,6,100.00,25,4.5,365.1
2026-05-13T22:14:52,12.9,1298,7941,0,6,100.00,23,4.4,365.1
2026-05-13T22:14:57,14.1,1306,7941,0,6,100.00,27,4.2,365.1
2026-05-13T22:15:02,8.0,1295,7941,0,5,100.00,19,6.2,365.1
2026-05-13T22:15:08,9.5,1292,7941,0,3,100.00,23,6.6,365.1
2026-05-13T22:15:13,6.8,1293,7941,0,4,100.00,16,3.8,365.1
2026-05-13T22:15:18,6.0,1291,7941,0,4,100.00,25,3.5,365.1
2026-05-13T22:15:24,6.5,1295,7941,0,4,100.00,22,4.2,365.1
2026-05-13T22:15:29,6.5,1295,7941,0,5,100.00,18,4.1,365.1
2026-05-13T22:15:34,6.2,1289,7941,4,3,100.00,27,3.8,365.1
2026-05-13T22:15:39,12.8,1287,7941,1,4,100.00,20,3.3,365.1
2026-05-13T22:15:44,8.1,1290,7941,0,4,100.00,26,3.9,365.1
2026-05-13T22:15:50,6.6,1291,7941,0,4,100.00,15,3.8,365.1
2026-05-13T22:15:55,12.9,1292,7941,0,5,100.00,28,3.8,365.1
2026-05-13T22:16:00,5.8,1289,7941,0,5,100.00,18,3.6,365.1
2026-05-13T22:16:05,7.9,1284,7941,0,4,100.00,15,3.8,365.1
2026-05-13T22:16:11,5.4,1288,7941,0,4,100.00,15,3.5,365.1
2026-05-13T22:16:16,11.9,1288,7941,1,3,100.00,31,3.5,365.1
2026-05-13T22:16:21,9.3,1291,7941,0,4,100.00,16,2.6,365.1
2026-05-13T22:16:26,7.2,1286,7941,0,4,100.00,20,3.1,365.1
2026-05-13T22:16:31,4.8,1291,7941,0,4,100.00,7,3.1,365.1
2026-05-13T22:16:37,5.2,1282,7941,0,3,100.00,26,3.1,365.1
2026-05-13T22:16:42,4.4,1290,7941,0,3,100.00,12,2.3,365.1
2026-05-13T22:16:47,5.4,1289,7941,0,3,100.00,16,2.7,365.1
2026-05-13T22:16:52,4.6,1285,7941,0,3,100.00,8,2.5,365.1
2026-05-13T22:16:57,13.6,1290,7941,0,5,100.00,15,2.1,365.1
2026-05-13T22:17:03,6.4,1129,7941,0,5,100.00,8,3.2,200.3
2026-05-13T22:17:08,5.0,1127,7941,0,3,100.00,14,2.9,208.3
2026-05-13T22:17:13,4.9,1132,7941,0,3,100.00,9,3.1,209.9
2026-05-13T22:17:18,4.8,1137,7941,0,4,100.00,17,2.6,222.0
2026-05-13T22:17:24,4.6,1147,7941,0,4,100.00,9,2.6,224.3
2026-05-13T22:17:29,4.5,1136,7941,0,3,100.00,16,2.5,224.3
2026-05-13T22:17:34,4.3,1145,7941,0,3,100.00,14,2.4,224.6
2026-05-13T22:17:39,3.7,1141,7941,0,3,100.00,8,1.8,224.6
2026-05-13T22:17:44,8.0,1108,7941,0,4,100.00,10,2.2,196.6
2026-05-13T22:17:50,4.4,1121,7941,0,4,100.00,6,1.9,202.0
2026-05-13T22:17:55,7.7,1116,7941,0,3,100.00,13,1.5,206.8
2026-05-13T22:18:00,3.9,1125,7941,0,3,100.00,4,1.7,208.2
2026-05-13T22:18:05,3.4,1136,7941,0,3,100.00,10,1.2,214.7
2026-05-13T22:18:11,7.0,1145,7941,0,4,100.00,3,0.9,220.9
2026-05-13T22:18:16,3.1,1143,7941,0,4,100.00,12,1.0,221.0
2026-05-13T22:18:21,2.2,1127,7941,0,3,100.00,3,0.5,221.1
2026-05-13T22:18:26,3.1,1135,7941,3,2,100.00,9,0.5,222.3
2026-05-13T22:18:32,10.5,1139,7941,0,3,100.00,4,0.5,222.4
2026-05-13T22:18:37,3.0,1146,7941,0,3,100.00,8,1.0,223.5
2026-05-13T22:18:42,4.6,1136,7941,0,3,100.00,1,0.2,223.5
2026-05-13T22:18:47,1.8,1139,7941,0,2,100.00,6,0.1,223.5
2026-05-13T22:18:52,2.0,1134,7941,0,1,100.00,1,0.1,223.5
2026-05-13T22:18:58,1.8,1137,7941,0,1,100.00,6,0.1,223.5
2026-05-13T22:19:03,1.6,1133,7941,0,1,100.00,1,0.1,223.5
2026-05-13T22:19:08,2.3,1132,7941,0,1,100.00,6,0.1,223.5
2026-05-13T22:19:13,1.5,1134,7941,0,1,100.00,1,0.1,223.5
2026-05-13T22:19:19,1.7,1128,7941,0,1,100.00,6,0.1,223.5
2026-05-13T22:19:24,2.0,1130,7941,0,1,100.00,7,0.1,223.5
2026-05-13T22:19:29,1.5,1134,7941,0,1,100.00,1,0.1,223.5
2026-05-13T22:19:34,4.3,1154,7941,0,1,100.00,6,0.1,223.5
2026-05-13T22:19:40,1.7,1138,7941,0,1,100.00,1,0.1,223.5
